timestamp_utc,tripId,codTren,codLinea,retrasoMin,codEstAct,codEstSig,horaLlegadaSigEst,codEstDest,codEstOrig,porAvanc,latitud,longitud,nucleo,accesible,via,nextVia
2026-05-21T00:01:32Z,1038J20941C5,20941,C5,0,35606,35607,2026-05-22T01:00:00,35607,35002,S,40.32875,-3.8636916,10,False,2,2
2026-05-21T00:06:15Z,1038J20941C5,20941,C5,0,35606,35607,2026-05-22T01:00:00,35607,35002,S,40.32875,-3.8636916,10,False,2,2
2026-05-21T00:11:05Z,1038J20941C5,20941,C5,0,35606,35607,2026-05-22T01:00:00,35607,35002,S,40.32875,-3.8636916,10,False,2,2
2026-05-21T00:16:07Z,1038J20941C5,20941,C5,0,35606,35607,2026-05-22T01:00:00,35607,35002,S,40.32875,-3.8636916,10,False,2,2
2026-05-21T00:21:16Z,1038J20941C5,20941,C5,0,35606,35607,2026-05-22T01:00:00,35607,35002,S,40.32875,-3.8636916,10,False,2,2
2026-05-21T00:26:03Z,1038J20941C5,20941,C5,0,35606,35607,2026-05-22T01:00:00,35607,35002,S,40.32875,-3.8636916,10,False,2,2
2026-05-21T00:31:13Z,1038J20941C5,20941,C5,0,35606,35607,2026-05-22T01:00:00,35607,35002,S,40.32875,-3.8636916,10,False,2,2
2026-05-21T00:36:02Z,1038J20941C5,20941,C5,0,35606,35607,2026-05-22T01:00:00,35607,35002,S,40.32875,-3.8636916,10,False,2,2
2026-05-21T00:41:05Z,1038J20941C5,20941,C5,0,35606,35607,2026-05-22T01:00:00,35607,35002,S,40.32875,-3.8636916,10,False,2,2
2026-05-21T00:46:10Z,1038J20941C5,20941,C5,0,35606,35607,2026-05-22T01:00:00,35607,35002,S,40.32875,-3.8636916,10,False,2,2
2026-05-21T00:51:10Z,1038J20941C5,20941,C5,0,35606,35607,2026-05-22T01:00:00,35607,35002,S,40.32875,-3.8636916,10,False,2,2
2026-05-21T00:56:14Z,1038J20941C5,20941,C5,0,35606,35607,2026-05-22T01:00:00,35607,35002,S,40.32875,-3.8636916,10,False,2,2
2026-05-21T01:01:23Z,1038J20941C5,20941,C5,0,35606,35607,2026-05-22T01:00:00,35607,35002,S,40.32875,-3.8636916,10,False,2,2
2026-05-21T01:06:02Z,1038J20941C5,20941,C5,0,35606,35607,2026-05-22T01:00:00,35607,35002,S,40.32875,-3.8636916,10,False,2,2
2026-05-21T01:11:08Z,1038J20941C5,20941,C5,0,35606,35607,2026-05-22T01:00:00,35607,35002,S,40.32875,-3.8636916,10,False,2,2
2026-05-21T01:16:06Z,1038J20941C5,20941,C5,0,35606,35607,2026-05-22T01:00:00,35607,35002,S,40.32875,-3.8636916,10,False,2,2
2026-05-21T01:21:11Z,1038J20941C5,20941,C5,0,35606,35607,2026-05-22T01:00:00,35607,35002,S,40.32875,-3.8636916,10,False,2,2
2026-05-21T01:26:01Z,1038J20941C5,20941,C5,0,35606,35607,2026-05-22T01:00:00,35607,35002,S,40.32875,-3.8636916,10,False,2,2
2026-05-21T01:31:17Z,1038J20941C5,20941,C5,0,35606,35607,2026-05-22T01:00:00,35607,35002,S,40.32875,-3.8636916,10,False,2,2
2026-05-21T01:36:06Z,1038J20941C5,20941,C5,0,35606,35607,2026-05-22T01:00:00,35607,35002,S,40.32875,-3.8636916,10,False,2,2
2026-05-21T01:41:05Z,1038J20941C5,20941,C5,0,35606,35607,2026-05-22T01:00:00,35607,35002,S,40.32875,-3.8636916,10,False,2,2
2026-05-21T01:46:20Z,1038J20941C5,20941,C5,0,35606,35607,2026-05-22T01:00:00,35607,35002,S,40.32875,-3.8636916,10,False,2,2
2026-05-21T01:51:16Z,1038J20941C5,20941,C5,0,35606,35607,2026-05-22T01:00:00,35607,35002,S,40.32875,-3.8636916,10,False,2,2
2026-05-21T01:56:07Z,1038J20941C5,20941,C5,0,35606,35607,2026-05-22T01:00:00,35607,35002,S,40.32875,-3.8636916,10,False,2,2
2026-05-21T02:01:38Z,1038J20941C5,20941,C5,0,35606,35607,2026-05-22T01:00:00,35607,35002,S,40.32875,-3.8636916,10,False,2,2
2026-05-21T02:06:15Z,1038J20941C5,20941,C5,0,35606,35607,2026-05-22T01:00:00,35607,35002,S,40.32875,-3.8636916,10,False,2,2
2026-05-21T02:11:07Z,1038J20604C8b,20604,C8b,0,12006,12005,2026-05-21T07:03:00,70200,12006,E,40.737614,-4.0662985,10,False,2,1
2026-05-21T02:11:07Z,1038J21106C10,21106,C10,0,10200,10104,2026-05-21T06:48:00,17000,10200,E,40.62599,-4.0081153,10,False,4,2
2026-05-21T02:11:07Z,1038J20602C8b,20602,C8b,0,12006,12005,2026-05-21T06:33:00,70200,12006,E,40.737614,-4.0662985,10,False,2,1
2026-05-21T02:11:07Z,1038J21100C10,21100,C10,0,10200,10104,2026-05-21T05:34:00,17000,10200,E,40.62599,-4.0081153,10,False,4,2
2026-05-21T02:11:07Z,1038J20600C8b,20600,C8b,0,12006,12005,2026-05-21T06:03:00,70200,12006,E,40.737614,-4.0662985,10,True,2,1
2026-05-21T02:16:04Z,1038J20604C8b,20604,C8b,0,12006,12005,2026-05-21T07:03:00,70200,12006,,40.737614,-4.0662985,10,False,2,1
2026-05-21T02:16:04Z,1038J21106C10,21106,C10,0,10200,10104,2026-05-21T06:48:00,17000,10200,E,40.62599,-4.0081153,10,False,4,2
2026-05-21T02:16:04Z,1038J21100C10,21100,C10,0,10200,10104,2026-05-21T05:34:00,17000,10200,E,40.62599,-4.0081153,10,False,4,2
2026-05-21T02:16:04Z,1038J20602C8b,20602,C8b,0,12006,12005,2026-05-21T06:33:00,70200,12006,E,40.737614,-4.0662985,10,False,2,1
2026-05-21T02:16:04Z,1038J20600C8b,20600,C8b,0,12006,12005,2026-05-21T06:03:00,70200,12006,E,40.737614,-4.0662985,10,True,2,1
2026-05-21T02:21:05Z,1038J20604C8b,20604,C8b,0,12006,12005,2026-05-21T07:03:00,70200,12006,E,40.737614,-4.0662985,10,False,2,1
2026-05-21T02:21:05Z,1038J21106C10,21106,C10,0,10200,10104,2026-05-21T06:48:00,17000,10200,E,40.62599,-4.0081153,10,False,4,2
2026-05-21T02:21:05Z,1038J20602C8b,20602,C8b,0,12006,12005,2026-05-21T06:33:00,70200,12006,E,40.737614,-4.0662985,10,False,2,1
2026-05-21T02:21:05Z,1038J21100C10,21100,C10,0,10200,10104,2026-05-21T05:34:00,17000,10200,E,40.62599,-4.0081153,10,False,4,2
2026-05-21T02:21:05Z,1038J20600C8b,20600,C8b,0,12006,12005,2026-05-21T06:03:00,70200,12006,E,40.737614,-4.0662985,10,True,2,1
2026-05-21T02:26:07Z,1038J20604C8b,20604,C8b,0,12006,12005,2026-05-21T07:03:00,70200,12006,E,40.737614,-4.0662985,10,False,2,1
2026-05-21T02:26:07Z,1038J20602C8b,20602,C8b,0,12006,12005,2026-05-21T06:33:00,70200,12006,E,40.737614,-4.0662985,10,False,2,1
2026-05-21T02:26:07Z,1038J21106C10,21106,C10,0,10200,10104,2026-05-21T06:48:00,17000,10200,E,40.62599,-4.0081153,10,False,4,2
2026-05-21T02:26:07Z,1038J20203C4a,20203,C4a,0,18000,18101,2026-05-21T04:57:00,19003,18000,E,40.40654,-3.6895106,10,False,6,1
2026-05-21T02:26:07Z,1038J20600C8b,20600,C8b,0,12006,12005,2026-05-21T06:03:00,70200,12006,E,40.737614,-4.0662985,10,True,2,1
2026-05-21T02:26:07Z,1038J21100C10,21100,C10,0,10200,10104,2026-05-21T05:34:00,17000,10200,E,40.62599,-4.0081153,10,False,4,2
2026-05-21T02:31:20Z,1038J19502C5,19502,C5,0,35607,35606,2026-05-21T05:01:00,35012,35607,E,40.330883,-3.8823783,10,False,2,1
2026-05-21T02:31:20Z,1038J21601C2,21601,C2,0,70200,70105,2026-05-21T05:05:00,12006,70200,E,40.644257,-3.1823237,10,False,1,1
2026-05-21T02:31:20Z,1038J20203C4a,20203,C4a,0,18000,18101,2026-05-21T04:57:00,19003,18000,E,40.40654,-3.6895106,10,False,6,1
2026-05-21T02:31:20Z,1038J21500C2,21500,C2,0,17000,18002,2026-05-21T05:04:00,70200,17000,E,40.47097,-3.68245,10,False,12,2
2026-05-21T02:36:11Z,1038J21703C2,21703,C2,0,70103,70111,2026-05-21T05:08:00,10203,70103,E,40.489193,-3.3662832,10,False,5,1
2026-05-21T02:36:11Z,1038J20403C4b,20403,C4b,0,17000,17001,2026-05-21T05:10:00,17005,17000,E,40.471325,-3.6833096,10,False,5,1
2026-05-21T02:36:11Z,1038J19502C5,19502,C5,0,35607,35606,2026-05-21T05:01:00,35012,35607,E,40.330883,-3.8823783,10,False,2,1
2026-05-21T02:36:11Z,1038J21601C2,21601,C2,0,70200,70105,2026-05-21T05:05:00,12006,70200,E,40.644257,-3.1823237,10,False,1,1
2026-05-21T02:36:11Z,1038J20203C4a,20203,C4a,0,18000,18101,2026-05-21T04:57:00,19003,18000,E,40.40654,-3.6895106,10,False,6,1
2026-05-21T02:36:11Z,1038J21500C2,21500,C2,0,17000,18002,2026-05-21T05:04:00,70200,17000,E,40.47097,-3.68245,10,False,12,2
2026-05-21T02:41:14Z,1038J21703C2,21703,C2,0,70103,70111,2026-05-21T05:08:00,10203,70103,E,40.489193,-3.3662832,10,False,5,1
2026-05-21T02:41:14Z,1038J20403C4b,20403,C4b,0,17000,17001,2026-05-21T05:10:00,17005,17000,E,40.471325,-3.6833096,10,False,5,1
2026-05-21T02:41:14Z,1038J19502C5,19502,C5,0,35607,35606,2026-05-21T05:01:00,35012,35607,E,40.330883,-3.8823783,10,False,2,1
2026-05-21T02:41:14Z,1038J21700C7,21700,C7,0,17000,18002,2026-05-21T05:14:00,18000,17000,E,40.47113,-3.6828332,10,False,7,2
2026-05-21T02:41:14Z,1038J20203C4a,20203,C4a,0,18000,18101,2026-05-21T04:57:00,19003,18000,E,40.40654,-3.6895106,10,True,6,1
2026-05-21T02:41:14Z,1038J21601C2,21601,C2,0,70200,70105,2026-05-21T05:05:00,12006,70200,E,40.644257,-3.1823237,10,False,1,1
2026-05-21T02:41:14Z,1038J21500C2,21500,C2,0,17000,18002,2026-05-21T05:04:00,70200,17000,E,40.47097,-3.68245,10,False,12,2
2026-05-21T02:46:15Z,6038J26500C3,26500,C3,0,13200,13200,2026-05-21T05:00:00,13100,13200,A,43.260048,-2.928512,60,False,,
2026-05-21T02:46:15Z,6038J26501C3,26501,C3,0,13100,13100,2026-05-21T05:01:00,13200,13100,A,42.99472,-3.0158784,60,False,4,4
2026-05-21T02:46:15Z,6138J32769C1,32769,C1,0,11400,11400,2026-05-21T05:00:00,11600,11400,A,43.086685,-2.3198454,61,False,4,4
2026-05-21T02:46:15Z,1038J19503C5,19503,C5,0,35012,35002,2026-05-21T05:16:00,35607,35012,E,40.25559,-3.8284667,10,False,1,1
2026-05-21T02:46:15Z,1038J20203C4a,20203,C4a,0,18000,18101,2026-05-21T04:57:00,19003,18000,E,40.40654,-3.6895106,10,True,6,1
2026-05-21T02:46:15Z,1038J19799C1,19799,C1,0,18000,18001,2026-05-21T05:18:00,98305,18000,E,40.470993,-3.6825814,10,False,1,1
2026-05-21T02:46:15Z,1038J20403C4b,20403,C4b,0,17000,17001,2026-05-21T05:10:00,17005,17000,E,40.471325,-3.6833096,10,False,5,1
2026-05-21T02:46:15Z,1038J21703C2,21703,C2,0,70103,70111,2026-05-21T05:08:00,10203,70103,E,40.489193,-3.3662832,10,False,5,1
2026-05-21T02:46:15Z,1038J21501C2,21501,C2,0,70200,70105,2026-05-21T05:24:00,10203,70200,E,40.644257,-3.1823237,10,False,1,1
2026-05-21T02:46:15Z,1038J21500C2,21500,C2,0,17000,18002,2026-05-21T05:04:00,70200,17000,E,40.47097,-3.68245,10,False,12,2
2026-05-21T02:46:15Z,1038J21700C7,21700,C7,0,17000,18002,2026-05-21T05:14:00,18000,17000,E,40.47113,-3.6828332,10,False,7,2
2026-05-21T02:46:15Z,1038J19502C5,19502,C5,0,35607,35606,2026-05-21T05:01:00,35012,35607,E,40.330883,-3.8823783,10,False,2,1
2026-05-21T02:46:15Z,1038J21601C2,21601,C2,0,70200,70105,2026-05-21T05:05:00,12006,70200,E,40.644257,-3.1823237,10,False,1,1
2026-05-21T02:46:15Z,1038J78002C3,78002,C3,0,17000,18002,2026-05-21T05:16:00,60200,17000,E,40.471382,-3.6834786,10,False,2,8
2026-05-21T02:46:15Z,1038J19504C5,19504,C5,0,35607,35606,2026-05-21T05:16:00,35012,35607,E,40.330883,-3.8823783,10,False,2,1
2026-05-21T02:51:16Z,5138J77502R4,77502,R4,1,78706,78707,2026-05-21T04:54:00,71600,78700,E,41.49266,2.1475983,50,False,2,2
2026-05-21T02:51:16Z,5138J78280R2,78280,R2,3,71701,71701,2026-05-21T04:53:46,79104,71700,A,41.27745,1.9777229,50,True,2,2
2026-05-21T02:51:16Z,6038J26500C3,26500,C3,0,13200,13200,2026-05-21T05:00:00,13100,13200,A,43.260048,-2.928512,60,False,,
2026-05-21T02:51:16Z,6038J26501C3,26501,C3,0,13100,13100,2026-05-21T05:01:00,13200,13100,A,42.99472,-3.0158784,60,False,4,4
2026-05-21T02:51:16Z,6038J26100C1,26100,C1,0,13405,13405,2026-05-21T05:05:00,13200,13405,A,43.328575,-3.0296164,60,False,1,1
2026-05-21T02:51:16Z,6138J32770C1,32770,C1,0,11516,11516,2026-05-21T05:04:00,11400,11516,A,43.316006,-1.8993949,61,False,2,2
2026-05-21T02:51:16Z,6138J32769C1,32769,C1,0,11400,11400,2026-05-21T05:00:00,11600,11400,A,43.086685,-2.3198454,61,False,4,4
2026-05-21T02:51:16Z,1038J21703C2,21703,C2,0,70103,70111,2026-05-21T05:08:00,10203,70103,E,40.489193,-3.3662832,10,False,5,1
2026-05-21T02:51:16Z,1038J19503C5,19503,C5,0,35012,35002,2026-05-21T05:16:00,35607,35012,E,40.25559,-3.8284667,10,False,1,1
2026-05-21T02:51:16Z,1038J21700C7,21700,C7,0,17000,18002,2026-05-21T05:14:00,18000,17000,E,40.47113,-3.6828332,10,False,7,2
2026-05-21T02:51:16Z,1038J19505C5,19505,C5,0,35012,35002,2026-05-21T05:25:00,35607,35012,E,40.25559,-3.8284667,10,False,1,1
2026-05-21T02:51:16Z,1038J20203C4a,20203,C4a,0,18000,18101,2026-05-21T04:57:00,19003,18000,E,40.40654,-3.6895106,10,True,6,1
2026-05-21T02:51:16Z,1038J21601C2,21601,C2,-1,70200,70105,2026-05-21T05:04:00,12006,70200,E,40.644257,-3.1823237,10,False,1,1
2026-05-21T02:51:16Z,1038J19799C1,19799,C1,0,18000,18001,2026-05-21T05:18:00,98305,18000,E,40.470993,-3.6825814,10,False,1,1
2026-05-21T02:51:16Z,1038J78002C3,78002,C3,0,17000,18002,2026-05-21T05:16:00,60200,17000,E,40.471382,-3.6834786,10,False,2,8
2026-05-21T02:51:16Z,1038J20403C4b,20403,C4b,0,17000,17001,2026-05-21T05:10:00,17005,17000,E,40.471325,-3.6833096,10,False,5,1
2026-05-21T02:51:16Z,1038J19504C5,19504,C5,0,35607,35606,2026-05-21T05:16:00,35012,35607,E,40.330883,-3.8823783,10,False,2,1
2026-05-21T02:51:16Z,1038J21501C2,21501,C2,0,70200,70105,2026-05-21T05:24:00,10203,70200,E,40.644257,-3.1823237,10,False,1,1
2026-05-21T02:51:16Z,1038J21500C2,21500,C2,0,17000,18002,2026-05-21T05:04:00,70200,17000,E,40.47097,-3.68245,10,False,12,2
2026-05-21T02:51:16Z,1038J19502C5,19502,C5,0,35607,35606,2026-05-21T05:01:00,35012,35607,E,40.330883,-3.8823783,10,False,2,1
2026-05-21T02:56:00Z,3038J23500C1,23500,C1,0,51003,51003,2026-05-21T05:08:00,51203,51003,A,37.392567,-5.9749837,30,False,9,9
2026-05-21T02:56:00Z,5138J77502R4,77502,R4,4,78707,78707,2026-05-21T04:56:31,71600,78700,A,41.481228,2.1669743,50,False,2,2
2026-05-21T02:56:00Z,5138J78280R2,78280,R2,4,71701,71703,2026-05-21T05:03:06,79104,71700,7.0,41.27745,1.9777229,50,True,2,2
2026-05-21T02:56:00Z,6038J26100C1,26100,C1,0,13405,13405,2026-05-21T05:05:00,13200,13405,A,43.328575,-3.0296164,60,False,1,1
2026-05-21T02:56:00Z,6038J26000C2,26000,C2,0,13506,13506,2026-05-21T05:10:00,13200,13506,A,43.321514,-3.1123157,60,False,1,1
2026-05-21T02:56:00Z,6038J26001C2,26001,C2,0,13200,13200,2026-05-21T05:10:00,13506,13200,A,43.260166,-2.9285789,60,False,,
2026-05-21T02:56:00Z,6038J26501C3,26501,C3,0,13100,13100,2026-05-21T05:01:00,13200,13100,A,42.99472,-3.0158784,60,False,4,4
2026-05-21T02:56:00Z,6038J26500C3,26500,C3,0,13200,13200,2026-05-21T05:00:00,13100,13200,A,43.260048,-2.928512,60,False,,
2026-05-21T02:56:00Z,6138J32770C1,32770,C1,0,11516,11516,2026-05-21T05:04:00,11400,11516,A,43.316006,-1.8993949,61,False,2,2
2026-05-21T02:56:00Z,6138J32769C1,32769,C1,0,11400,11400,2026-05-21T05:00:00,11600,11400,A,43.086685,-2.3198454,61,False,4,4
2026-05-21T02:56:00Z,2038J22101C1,22101,C1,0,15218,15211,2026-05-21T05:20:00,15410,15218,E,43.3588,-5.8573804,20,False,1,1
2026-05-21T02:56:00Z,1038J19799C1,19799,C1,0,18000,18001,2026-05-21T05:18:00,98305,18000,E,40.470993,-3.6825814,10,False,1,1
2026-05-21T02:56:00Z,1038J21703C2,21703,C2,0,70103,70111,2026-05-21T05:08:00,10203,70103,E,40.489193,-3.3662832,10,False,5,1
2026-05-21T02:56:00Z,1038J19503C5,19503,C5,0,35012,35002,2026-05-21T05:16:00,35607,35012,E,40.25559,-3.8284667,10,False,1,1
2026-05-21T02:56:00Z,1038J21700C7,21700,C7,0,17000,18002,2026-05-21T05:14:00,18000,17000,E,40.47113,-3.6828332,10,False,7,2
2026-05-21T02:56:00Z,1038J19505C5,19505,C5,0,35012,35002,2026-05-21T05:25:00,35607,35012,E,40.25559,-3.8284667,10,False,1,1
2026-05-21T02:56:00Z,1038J21601C2,21601,C2,-1,70200,70105,2026-05-21T05:04:00,12006,70200,E,40.644257,-3.1823237,10,False,1,1
2026-05-21T02:56:00Z,1038J20203C4a,20203,C4a,0,18000,18101,2026-05-21T04:57:00,19003,18000,E,40.40654,-3.6895106,10,True,6,1
2026-05-21T02:56:00Z,1038J78002C3,78002,C3,0,17000,18002,2026-05-21T05:16:00,60200,17000,E,40.471382,-3.6834786,10,False,2,8
2026-05-21T02:56:00Z,1038J20403C4b,20403,C4b,0,17000,17001,2026-05-21T05:10:00,17005,17000,E,40.471325,-3.6833096,10,False,5,1
2026-05-21T02:56:00Z,1038J19504C5,19504,C5,0,35607,35606,2026-05-21T05:16:00,35012,35607,E,40.330883,-3.8823783,10,False,2,1
2026-05-21T02:56:00Z,1038J21501C2,21501,C2,0,70200,70105,2026-05-21T05:24:00,10203,70200,E,40.644257,-3.1823237,10,False,1,1
2026-05-21T02:56:00Z,1038J21500C2,21500,C2,0,17000,18002,2026-05-21T05:04:00,70200,17000,E,40.47097,-3.68245,10,False,12,2
2026-05-21T02:56:00Z,1038J20405C4b,20405,C4b,0,18000,18101,2026-05-21T05:27:00,17005,18000,E,40.40654,-3.6895106,10,True,6,1
2026-05-21T02:56:00Z,1038J19502C5,19502,C5,0,35607,35606,2026-05-21T05:01:00,35012,35607,E,40.330883,-3.8823783,10,False,2,1
2026-05-21T03:01:32Z,3038J23500C1,23500,C1,0,51003,51003,2026-05-21T05:08:00,51203,51003,A,37.392567,-5.9749837,30,False,9,9
2026-05-21T03:01:32Z,4038J24101C2,24101,C2,0,64100,64100,2026-05-21T05:10:00,64006,64100,A,38.992313,-0.5246103,40,False,1,1
2026-05-21T03:01:32Z,5138J78280R2,78280,R2,5,71703,71703,2026-05-21T05:03:43,79104,71700,A,41.27745,1.9777229,50,True,2,2
2026-05-21T03:01:32Z,5138J25602R1,25602,R1,0,79602,79602,2026-05-21T05:03:38,72305,79603,A,41.601646,2.6246321,50,True,,
2026-05-21T03:01:32Z,6038J26100C1,26100,C1,0,13405,13405,2026-05-21T05:05:00,13200,13405,A,43.328575,-3.0296164,60,False,1,1
2026-05-21T03:01:32Z,6038J26000C2,26000,C2,0,13506,13506,2026-05-21T05:10:00,13200,13506,A,43.321514,-3.1123157,60,False,1,1
2026-05-21T03:01:32Z,6038J26001C2,26001,C2,0,13200,13200,2026-05-21T05:10:00,13506,13200,A,43.260166,-2.9285789,60,False,,
2026-05-21T03:01:32Z,6038J26500C3,26500,C3,1,13200,13120,2026-05-21T05:03:14,13100,13200,8.0,43.25956,-2.9293618,60,False,,2
2026-05-21T03:01:32Z,6138J32770C1,32770,C1,0,11516,11516,2026-05-21T05:04:00,11400,11516,A,43.316006,-1.8993949,61,False,2,2
2026-05-21T03:01:32Z,6238J71150C2,71150,C2,0,14223,14223,2026-05-21T05:15:00,05637,14223,A,43.45811,-3.8111749,62,True,2AM,2AM
2026-05-21T03:01:32Z,2038J70400C5,70400,C5,0,05443,05441,2026-05-21T05:30:00,15410,05443,E,43.250706,-5.5648093,20,False,1,1
2026-05-21T03:01:32Z,2038J22101C1,22101,C1,0,15218,15211,2026-05-21T05:20:00,15410,15218,E,43.3588,-5.8573804,20,False,1,1
2026-05-21T03:01:32Z,1038J19799C1,19799,C1,0,18000,18001,2026-05-21T05:18:00,98305,18000,E,40.470993,-3.6825814,10,False,1,1
2026-05-21T03:01:32Z,1038J21703C2,21703,C2,0,70103,70111,2026-05-21T05:08:00,10203,70103,E,40.489193,-3.3662832,10,False,5,1
2026-05-21T03:01:32Z,1038J19509C5,19509,C5,0,35012,35002,2026-05-21T05:33:00,35607,35012,E,40.25559,-3.8284667,10,False,1,1
2026-05-21T03:01:32Z,1038J21603C2,21603,C2,0,70200,70105,2026-05-21T05:34:00,12006,70200,E,40.644257,-3.1823237,10,False,1,1
2026-05-21T03:01:32Z,1038J19504C5,19504,C5,0,35607,35606,2026-05-21T05:16:00,35012,35607,E,40.330883,-3.8823783,10,False,2,1
2026-05-21T03:01:32Z,1038J21701C2,21701,C2,0,18000,18001,2026-05-21T05:32:00,17000,18000,E,40.40667,-3.689395,10,False,2,1
2026-05-21T03:01:32Z,1038J19503C5,19503,C5,0,35012,35002,2026-05-21T05:16:00,35607,35012,E,40.25559,-3.8284667,10,False,1,1
2026-05-21T03:01:32Z,1038J21700C7,21700,C7,0,17000,18002,2026-05-21T05:14:00,18000,17000,E,40.47113,-3.6828332,10,False,7,2
2026-05-21T03:01:32Z,1038J19505C5,19505,C5,0,35012,35002,2026-05-21T05:25:00,35607,35012,E,40.25559,-3.8284667,10,False,1,1
2026-05-21T03:01:32Z,1038J21601C2,21601,C2,2,70200,70105,2026-05-21T05:07:00,12006,70200,30.0,40.619133,-3.2070966,10,False,1,1
2026-05-21T03:01:32Z,1038J20203C4a,20203,C4a,4,18101,18002,2026-05-21T05:06:00,19003,18000,8.0,40.419323,-3.701876,10,True,1,6
2026-05-21T03:01:32Z,1038J78002C3,78002,C3,0,17000,18002,2026-05-21T05:16:00,60200,17000,E,40.471382,-3.6834786,10,False,2,8
2026-05-21T03:01:32Z,1038J20204C4,20204,C4,0,17000,18002,2026-05-21T05:30:00,37012,17000,E,40.471325,-3.6833096,10,False,2,8
2026-05-21T03:01:32Z,1038J78004C3,78004,C3,0,17000,18002,2026-05-21T05:33:00,60200,17000,E,40.471382,-3.6834786,10,False,2,8
2026-05-21T03:01:32Z,1038J20702C5,20702,C5,0,35607,35606,2026-05-21T05:30:00,35002,35607,E,40.330883,-3.8823783,10,False,2,1
2026-05-21T03:01:32Z,1038J20405C4b,20405,C4b,0,18000,18101,2026-05-21T05:27:00,17005,18000,E,40.40654,-3.6895106,10,True,6,1
2026-05-21T03:01:32Z,1038J21501C2,21501,C2,0,70200,70105,2026-05-21T05:24:00,10203,70200,E,40.644257,-3.1823237,10,False,1,1
2026-05-21T03:01:32Z,1038J20403C4b,20403,C4b,0,17000,17001,2026-05-21T05:10:00,17005,17000,E,40.471325,-3.6833096,10,False,5,1
2026-05-21T03:01:32Z,1038J21500C2,21500,C2,1,17000,18002,2026-05-21T05:05:00,70200,17000,10.0,40.468346,-3.6831613,10,False,12,2
2026-05-21T03:01:32Z,1038J19502C5,19502,C5,0,35606,35606,2026-05-21T05:01:00,35012,35607,A,40.32875,-3.8636916,10,False,1,1
2026-05-21T03:01:32Z,1038J21100C10,21100,C10,0,10200,10104,2026-05-21T05:34:00,17000,10200,E,40.62599,-4.0081153,10,False,4,2
2026-05-21T03:06:08Z,3038J23501C1,23501,C1,0,51003,51003,2026-05-21T05:20:00,50600,51003,A,37.392567,-5.9749837,30,False,8,8
2026-05-21T03:06:08Z,3038J23500C1,23500,C1,0,51003,51003,2026-05-21T05:08:00,51203,51003,A,37.392567,-5.9749837,30,False,9,9
2026-05-21T03:06:08Z,3238J23303C1,23303,C1,0,54517,54517,2026-05-21T05:20:00,54516,54517,A,36.715366,-4.4266005,32,False,1,1
2026-05-21T03:06:08Z,4038J24101C2,24101,C2,0,64100,64100,2026-05-21T05:10:00,64006,64100,A,38.992313,-0.5246103,40,False,1,1
2026-05-21T03:06:08Z,5138J28400R2N,28400,R2N,2,79007,79007,2026-05-21T05:06:13,72400,79100,A,41.54973,2.2454193,50,True,2,2
2026-05-21T03:06:08Z,5138J78280R2,78280,R2,4,71704,71704,2026-05-21T05:07:40,79104,71700,A,41.27745,1.9777229,50,True,2,2
2026-05-21T03:06:08Z,6038J26101C1,26101,C1,0,13200,13200,2026-05-21T05:21:00,13405,13200,A,43.260048,-2.928513,60,False,,
2026-05-21T03:06:08Z,6038J26000C2,26000,C2,0,13506,13506,2026-05-21T05:10:00,13200,13506,A,43.321514,-3.1123157,60,False,1,1
2026-05-21T03:06:08Z,6038J26502C3,26502,C3,0,13200,13200,2026-05-21T05:20:00,13100,13200,A,43.260048,-2.928512,60,False,,
2026-05-21T03:06:08Z,6038J26001C2,26001,C2,0,13200,13200,2026-05-21T05:10:00,13506,13200,A,43.260166,-2.9285789,60,False,,
2026-05-21T03:06:08Z,6238J71150C2,71150,C2,0,14223,14223,2026-05-21T05:15:00,05637,14223,A,43.45811,-3.8111749,62,True,2AM,2AM
2026-05-21T03:06:08Z,2038J22101C1,22101,C1,0,15218,15211,2026-05-21T05:20:00,15410,15218,E,43.3588,-5.8573804,20,False,1,1
2026-05-21T03:06:08Z,2038J70400C5,70400,C5,0,05443,05441,2026-05-21T05:30:00,15410,05443,E,43.250706,-5.5648093,20,False,1,1
2026-05-21T03:06:08Z,1038J20702C5,20702,C5,0,35607,35606,2026-05-21T05:30:00,35002,35607,E,40.330883,-3.8823783,10,False,2,1
2026-05-21T03:06:08Z,1038J21700C7,21700,C7,0,17000,18002,2026-05-21T05:14:00,18000,17000,E,40.47113,-3.6828332,10,False,7,2
2026-05-21T03:06:08Z,1038J78002C3,78002,C3,0,17000,18002,2026-05-21T05:16:00,60200,17000,E,40.471382,-3.6834786,10,False,2,8
2026-05-21T03:06:08Z,1038J21603C2,21603,C2,0,70200,70105,2026-05-21T05:34:00,12006,70200,E,40.644257,-3.1823237,10,False,1,1
2026-05-21T03:06:08Z,1038J78004C3,78004,C3,0,17000,18002,2026-05-21T05:33:00,60200,17000,E,40.471382,-3.6834786,10,False,2,8
2026-05-21T03:06:08Z,1038J21601C2,21601,C2,1,70105,70105,2026-05-21T05:06:00,12006,70200,A,40.56094,-3.2652874,10,False,1,1
2026-05-21T03:06:08Z,1038J19509C5,19509,C5,0,35012,35002,2026-05-21T05:33:00,35607,35012,E,40.25559,-3.8284667,10,False,1,1
2026-05-21T03:06:08Z,1038J19504C5,19504,C5,0,35607,35606,2026-05-21T05:16:00,35012,35607,E,40.330883,-3.8823783,10,False,2,1
2026-05-21T03:06:08Z,1038J19503C5,19503,C5,0,35012,35002,2026-05-21T05:16:00,35607,35012,E,40.25559,-3.8284667,10,False,1,1
2026-05-21T03:06:08Z,1038J19505C5,19505,C5,0,35012,35002,2026-05-21T05:25:00,35607,35012,E,40.25559,-3.8284667,10,False,1,1
2026-05-21T03:06:08Z,1038J19799C1,19799,C1,0,18000,18001,2026-05-21T05:18:00,98305,18000,E,40.470993,-3.6825814,10,False,1,1
2026-05-21T03:06:08Z,1038J21501C2,21501,C2,0,70200,70105,2026-05-21T05:24:00,10203,70200,E,40.644257,-3.1823237,10,False,1,1
2026-05-21T03:06:08Z,1038J21500C2,21500,C2,1,18002,18001,2026-05-21T05:09:00,70200,17000,E,40.44655,-3.691473,10,False,2,2
2026-05-21T03:06:08Z,1038J19502C5,19502,C5,0,35605,35605,2026-05-21T05:06:00,35012,35607,A,40.3503,-3.8317595,10,False,1,1
2026-05-21T03:06:08Z,1038J21100C10,21100,C10,0,10200,10104,2026-05-21T05:34:00,17000,10200,E,40.62599,-4.0081153,10,False,4,2
2026-05-21T03:06:08Z,1038J21703C2,21703,C2,0,70103,70111,2026-05-21T05:08:00,10203,70103,E,40.489193,-3.3662832,10,False,5,1
2026-05-21T03:06:08Z,1038J21504C2,21504,C2,0,18002,18001,2026-05-21T05:36:00,70200,18002,E,40.44655,-3.691473,10,False,2,2
2026-05-21T03:06:08Z,1038J21503C2,21503,C2,0,70200,70105,2026-05-21T05:43:00,17000,70200,E,40.644257,-3.1823237,10,False,1,1
2026-05-21T03:06:08Z,1038J21701C2,21701,C2,0,18000,18001,2026-05-21T05:32:00,17000,18000,E,40.40667,-3.689395,10,False,2,1
2026-05-21T03:06:08Z,1038J20203C4a,20203,C4a,2,18002,17000,2026-05-21T05:11:00,19003,18000,17.0,40.451115,-3.6911938,10,True,6,3
2026-05-21T03:06:08Z,1038J20405C4b,20405,C4b,0,18000,18101,2026-05-21T05:27:00,17005,18000,E,40.40654,-3.6895106,10,True,6,1
2026-05-21T03:06:08Z,1038J20403C4b,20403,C4b,0,17000,17001,2026-05-21T05:10:00,17005,17000,E,40.471325,-3.6833096,10,False,5,1
2026-05-21T03:06:08Z,1038J20204C4,20204,C4,0,17000,18002,2026-05-21T05:30:00,37012,17000,E,40.471325,-3.6833096,10,False,2,8
2026-05-21T03:11:07Z,3038J23500C1,23500,C1,0,51100,51100,2026-05-21T05:11:36,51203,51003,A,37.377792,-5.9795485,30,False,2,2
2026-05-21T03:11:07Z,3038J23501C1,23501,C1,0,51003,51003,2026-05-21T05:20:00,50600,51003,A,37.392567,-5.9749837,30,False,8,8
2026-05-21T03:11:07Z,3238J23303C1,23303,C1,0,54517,54517,2026-05-21T05:20:00,54516,54517,A,36.715366,-4.4266005,32,False,1,1
2026-05-21T03:11:07Z,5138J28400R2N,28400,R2N,4,79006,79006,2026-05-21T05:11:08,72400,79100,A,41.533474,2.2177799,50,True,2,2
2026-05-21T03:11:07Z,5138J77402R4,77402,R4,0,71600,71600,2026-05-21T05:25:00,78600,71600,A,41.186302,1.5250856,50,False,,
2026-05-21T03:11:07Z,5138J78280R2,78280,R2,5,71705,71705,2026-05-21T05:12:27,79104,71700,A,41.27877,1.9793723,50,True,2,2
2026-05-21T03:11:07Z,6038J26101C1,26101,C1,0,13200,13200,2026-05-21T05:21:00,13405,13200,A,43.260048,-2.928513,60,False,,
2026-05-21T03:11:07Z,6038J26502C3,26502,C3,0,13200,13200,2026-05-21T05:20:00,13100,13200,A,43.260048,-2.928512,60,False,,
2026-05-21T03:11:07Z,6038J26001C2,26001,C2,1,13200,13205,2026-05-21T05:12:07,13506,13200,S,43.260166,-2.9285789,60,False,,1
2026-05-21T03:11:07Z,6238J71100C2,71100,C2,0,14223,14223,2026-05-21T05:22:00,05623,14223,A,43.45811,-3.8111749,62,True,7AM,7AM
2026-05-21T03:11:07Z,6238J71150C2,71150,C2,0,14223,14223,2026-05-21T05:15:00,05637,14223,A,43.45811,-3.8111749,62,True,2AM,2AM
2026-05-21T03:11:07Z,1038J19799C1,19799,C1,0,18000,18001,2026-05-21T05:18:00,98305,18000,E,40.470993,-3.6825814,10,False,1,1
2026-05-21T03:11:07Z,1038J20702C5,20702,C5,0,35607,35606,2026-05-21T05:30:00,35002,35607,E,40.330883,-3.8823783,10,False,2,1
2026-05-21T03:11:07Z,1038J20405C4b,20405,C4b,0,18000,18101,2026-05-21T05:27:00,17005,18000,E,40.40654,-3.6895106,10,True,6,1
2026-05-21T03:11:07Z,1038J20403C4b,20403,C4b,5,17000,17001,2026-05-21T05:15:00,17005,17000,E,40.471325,-3.6833096,10,True,5,1
2026-05-21T03:11:07Z,1038J20205C4a,20205,C4a,2,37011,37002,2026-05-21T05:12:00,19003,37012,E,40.288372,-3.7373493,10,True,1,1
2026-05-21T03:11:07Z,1038J20204C4,20204,C4,0,17000,18002,2026-05-21T05:30:00,37012,17000,E,40.471325,-3.6833096,10,False,2,8
2026-05-21T03:11:07Z,1038J21700C7,21700,C7,1,17000,18002,2026-05-21T05:15:00,18000,17000,1.0,40.470875,-3.6829407,10,False,7,2
2026-05-21T03:11:07Z,1038J21603C2,21603,C2,0,70200,70105,2026-05-21T05:34:00,12006,70200,E,40.644257,-3.1823237,10,False,1,1
2026-05-21T03:11:07Z,1038J78002C3,78002,C3,0,17000,18002,2026-05-21T05:16:00,60200,17000,E,40.471382,-3.6834786,10,False,2,8
2026-05-21T03:11:07Z,1038J21601C2,21601,C2,1,70104,70107,2026-05-21T05:14:00,12006,70200,E,40.53455,-3.2985828,10,False,1,1
2026-05-21T03:11:07Z,1038J78004C3,78004,C3,0,17000,18002,2026-05-21T05:33:00,60200,17000,E,40.471382,-3.6834786,10,False,2,8
2026-05-21T03:11:07Z,1038J19508C5,19508,C5,0,35607,35606,2026-05-21T05:42:00,35012,35607,E,40.330883,-3.8823783,10,False,2,1
2026-05-21T03:11:07Z,1038J19509C5,19509,C5,0,35012,35002,2026-05-21T05:33:00,35607,35012,E,40.25559,-3.8284667,10,False,1,1
2026-05-21T03:11:07Z,1038J19504C5,19504,C5,0,35607,35606,2026-05-21T05:16:00,35012,35607,E,40.330883,-3.8823783,10,False,2,1
2026-05-21T03:11:07Z,1038J19503C5,19503,C5,0,35012,35002,2026-05-21T05:16:00,35607,35012,E,40.25559,-3.8284667,10,False,1,1
2026-05-21T03:11:07Z,1038J19505C5,19505,C5,0,35012,35002,2026-05-21T05:25:00,35607,35012,E,40.25559,-3.8284667,10,False,1,1
2026-05-21T03:11:07Z,1038J19513C5,19513,C5,0,35012,35002,2026-05-21T05:41:00,35607,35012,E,40.25559,-3.8284667,10,False,1,1
2026-05-21T03:11:07Z,1038J21303C10,21303,C10,0,10000,18005,2026-05-21T05:42:00,17000,10000,E,40.421413,-3.7190256,10,False,1,1
2026-05-21T03:11:07Z,1038J21501C2,21501,C2,0,70200,70105,2026-05-21T05:24:00,10203,70200,E,40.644257,-3.1823237,10,False,1,1
2026-05-21T03:11:07Z,1038J20203C4a,20203,C4a,3,17000,17001,2026-05-21T05:15:00,19003,18000,1.0,40.471634,-3.6831834,10,True,3,1
2026-05-21T03:11:07Z,1038J21500C2,21500,C2,3,18001,18000,2026-05-21T05:17:00,70200,17000,S,40.42352,-3.6912522,10,False,2,3
2026-05-21T03:11:07Z,1038J19502C5,19502,C5,0,35604,35603,2026-05-21T05:12:00,35012,35607,68.0,40.37167,-3.8000178,10,False,1,1
2026-05-21T03:11:07Z,1038J21100C10,21100,C10,0,10200,10104,2026-05-21T05:34:00,17000,10200,E,40.62599,-4.0081153,10,False,4,2
2026-05-21T03:11:07Z,1038J21506C2,21506,C2,0,17000,18002,2026-05-21T05:44:00,70200,17000,E,40.47097,-3.68245,10,False,12,2
2026-05-21T03:11:07Z,1038J21703C2,21703,C2,3,70111,70112,2026-05-21T05:15:00,10203,70103,1.0,40.480186,-3.3934255,10,False,1,1
2026-05-21T03:11:07Z,1038J21504C2,21504,C2,0,18002,18001,2026-05-21T05:36:00,70200,18002,E,40.44655,-3.691473,10,False,2,2
2026-05-21T03:11:07Z,1038J21503C2,21503,C2,0,70200,70105,2026-05-21T05:43:00,17000,70200,E,40.644257,-3.1823237,10,False,1,1
2026-05-21T03:11:07Z,1038J21701C2,21701,C2,0,18000,18001,2026-05-21T05:32:00,17000,18000,E,40.40667,-3.689395,10,False,2,1
2026-05-21T03:16:13Z,3038J23501C1,23501,C1,0,51003,51003,2026-05-21T05:20:00,50600,51003,A,37.392567,-5.9749837,30,False,8,8
2026-05-21T03:16:13Z,3238J23303C1,23303,C1,0,54517,54517,2026-05-21T05:20:00,54516,54517,A,36.715366,-4.4266005,32,False,1,1
2026-05-21T03:16:13Z,5138J78280R2,78280,R2,5,71706,71706,2026-05-21T05:16:06,79104,71700,A,41.30321,2.0106592,50,True,2,2
2026-05-21T03:16:13Z,5138J25702R1,25702,R1,2,79408,79408,2026-05-21T05:16:29,72305,79500,A,41.47896,2.3195477,50,True,2,2
2026-05-21T03:16:13Z,6038J26101C1,26101,C1,0,13200,13200,2026-05-21T05:21:00,13405,13200,A,43.260048,-2.928513,60,False,,
2026-05-21T03:16:13Z,6038J26502C3,26502,C3,0,13200,13200,2026-05-21T05:20:00,13100,13200,A,43.260048,-2.928512,60,False,,
2026-05-21T03:16:13Z,6038J71501C4,71501,C4,0,05485,05485,2026-05-21T05:30:00,05451,05485,A,43.19011,-3.1974015,60,False,1,1
2026-05-21T03:16:13Z,6038J26503C3,26503,C3,0,13100,13100,2026-05-21T05:31:00,13200,13100,A,42.99472,-3.0158784,60,False,2,2
2026-05-21T03:16:13Z,6038J26600C3,26600,C3,0,13200,13200,2026-05-21T05:30:00,13106,13200,A,43.260048,-2.928512,60,False,,
2026-05-21T03:16:13Z,6238J71100C2,71100,C2,0,14223,14223,2026-05-21T05:22:00,05623,14223,A,43.45811,-3.8111749,62,True,7AM,7AM
2026-05-21T03:16:13Z,6238J71102C2,71102,C2,0,14223,14223,2026-05-21T05:30:00,05623,14223,A,43.45811,-3.8111749,62,True,7AM,7AM
2026-05-21T03:16:13Z,4138J24701C1,24701,C1,0,60911,62109,2026-05-21T05:54:00,61200,60911,E,38.34553,-0.49576503,41,False,1,1
2026-05-21T03:16:13Z,1038J19799C1,19799,C1,0,18000,18001,2026-05-21T05:18:00,98305,18000,E,40.470993,-3.6825814,10,False,1,1
2026-05-21T03:16:13Z,1038J20702C5,20702,C5,0,35607,35606,2026-05-21T05:30:00,35002,35607,E,40.330883,-3.8823783,10,False,2,1
2026-05-21T03:16:13Z,1038J21000C8a,21000,C8a,0,10203,10202,2026-05-21T05:50:00,70200,10203,E,40.58532,-4.1321955,10,False,3,2
2026-05-21T03:16:13Z,1038J21701C2,21701,C2,0,18000,18001,2026-05-21T05:32:00,17000,18000,E,40.40667,-3.689395,10,False,2,1
2026-05-21T03:16:13Z,1038J21700C7,21700,C7,1,18002,18001,2026-05-21T05:19:00,18000,17000,E,40.44655,-3.691473,10,False,2,2
2026-05-21T03:16:13Z,1038J21603C2,21603,C2,0,70200,70105,2026-05-21T05:34:00,12006,70200,E,40.644257,-3.1823237,10,False,1,1
2026-05-21T03:16:13Z,1038J78004C3,78004,C3,0,17000,18002,2026-05-21T05:33:00,60200,17000,E,40.471382,-3.6834786,10,False,2,8
2026-05-21T03:16:13Z,1038J20207C4a,20207,C4a,0,18000,18101,2026-05-21T05:47:00,19003,18000,E,40.40654,-3.6895106,10,False,6,1
2026-05-21T03:16:13Z,1038J20405C4b,20405,C4b,0,18000,18101,2026-05-21T05:27:00,17005,18000,E,40.40654,-3.6895106,10,True,6,1
2026-05-21T03:16:13Z,1038J19508C5,19508,C5,0,35607,35606,2026-05-21T05:42:00,35012,35607,E,40.330883,-3.8823783,10,False,2,1
2026-05-21T03:16:13Z,1038J20403C4b,20403,C4b,5,17001,17001,2026-05-21T05:15:00,17005,17000,A,40.501648,-3.6821797,10,True,1,1
2026-05-21T03:16:13Z,1038J19509C5,19509,C5,0,35012,35002,2026-05-21T05:33:00,35607,35012,E,40.25559,-3.8284667,10,False,1,1
2026-05-21T03:16:13Z,1038J20205C4a,20205,C4a,3,37010,37001,2026-05-21T05:19:00,19003,37012,E,40.323135,-3.7273622,10,True,1,1
2026-05-21T03:16:13Z,1038J19504C5,19504,C5,0,35606,35606,2026-05-21T05:16:00,35012,35607,A,40.32875,-3.8636916,10,False,1,1
2026-05-21T03:16:13Z,1038J20402C4b,20402,C4b,0,17005,17004,2026-05-21T05:48:00,37012,17005,E,40.644844,-3.7762609,10,False,3,3
2026-05-21T03:16:13Z,1038J19503C5,19503,C5,0,35002,35010,2026-05-21T05:17:00,35607,35012,E,40.283237,-3.7991464,10,False,1,1
2026-05-21T03:16:13Z,1038J20204C4,20204,C4,0,17000,18002,2026-05-21T05:30:00,37012,17000,E,40.471325,-3.6833096,10,False,2,8
2026-05-21T03:16:13Z,1038J19505C5,19505,C5,0,35012,35002,2026-05-21T05:25:00,35607,35012,E,40.25559,-3.8284667,10,False,1,1
2026-05-21T03:16:13Z,1038J19513C5,19513,C5,0,35012,35002,2026-05-21T05:41:00,35607,35012,E,40.25559,-3.8284667,10,False,1,1
2026-05-21T03:16:13Z,1038J21601C2,21601,C2,1,70107,70103,2026-05-21T05:21:00,12006,70200,E,40.50538,-3.3352833,10,False,1,5
2026-05-21T03:16:13Z,1038J21501C2,21501,C2,0,70200,70105,2026-05-21T05:24:00,10203,70200,E,40.644257,-3.1823237,10,False,1,1
2026-05-21T03:16:13Z,1038J21303C10,21303,C10,-2,10000,18005,2026-05-21T05:40:00,17000,10000,E,40.421413,-3.7190256,10,False,1,1
2026-05-21T03:16:13Z,1038J20203C4a,20203,C4a,3,17000,17001,2026-05-21T05:15:00,19003,18000,S,40.471325,-3.6833096,10,True,3,1
2026-05-21T03:16:13Z,1038J21500C2,21500,C2,2,18000,70002,2026-05-21T05:19:00,70200,17000,27.0,40.40154,-3.6817253,10,False,3,2
2026-05-21T03:16:13Z,1038J20212C4a,20212,C4a,0,19003,19002,2026-05-21T05:44:00,37012,19003,E,40.546417,-3.6351175,10,False,2,2
2026-05-21T03:16:13Z,1038J19502C5,19502,C5,0,35601,35601,2026-05-21T05:16:00,35012,35607,A,40.38357,-3.7686734,10,False,1,1
2026-05-21T03:16:13Z,1038J21100C10,21100,C10,0,10200,10104,2026-05-21T05:34:00,17000,10200,E,40.62599,-4.0081153,10,False,4,2
2026-05-21T03:16:13Z,1038J21506C2,21506,C2,0,17000,18002,2026-05-21T05:44:00,70200,17000,E,40.47097,-3.68245,10,False,12,2
2026-05-21T03:16:13Z,1038J21703C2,21703,C2,3,70112,70102,2026-05-21T05:18:00,10203,70103,36.0,40.46,-3.455036,10,False,1,1
2026-05-21T03:16:13Z,1038J21504C2,21504,C2,0,18002,18001,2026-05-21T05:36:00,70200,18002,E,40.44655,-3.691473,10,False,2,2
2026-05-21T03:16:13Z,1038J21503C2,21503,C2,0,70200,70105,2026-05-21T05:43:00,17000,70200,E,40.644257,-3.1823237,10,False,1,1
2026-05-21T03:21:05Z,4038J24001C2,24001,C2,0,65000,65000,2026-05-21T05:35:00,64006,65000,A,39.466305,-0.37739235,40,False,7,7
2026-05-21T03:21:05Z,4038J24000C2,24000,C2,0,64006,64006,2026-05-21T05:30:00,65000,64006,A,38.96917,-0.5866923,40,False,3,3
2026-05-21T03:21:05Z,5138J25602R1,25602,R1,0,79500,79500,2026-05-21T05:22:27,72305,79603,A,41.53325,2.4456325,50,True,2,2
2026-05-21T03:21:05Z,5138J77600R4,77600,R4,0,72305,71801,2026-05-21T05:27:18,78600,72209,E,41.36431,2.1008937,50,False,1,9
2026-05-21T03:21:05Z,5138J77200R2S,15046,R2S,2,71601,71601,2026-05-21T05:21:28,79400,71600,A,41.189453,1.5750299,50,False,2,2
2026-05-21T03:21:05Z,5138J77502R4,77502,R4,4,78805,71801,2026-05-21T05:25:29,71600,78700,E,41.387875,2.1697214,50,False,2,8
2026-05-21T03:21:05Z,5138J78280R2,78280,R2,7,71707,71707,2026-05-21T05:24:43,79104,71700,A,41.330997,2.0893226,50,True,4,4
2026-05-21T03:21:05Z,5138J28557R2N,28557,R2N,2,71708,71707,2026-05-21T05:26:02,72400,79400,1.0,41.35447,2.1156564,50,True,1,
2026-05-21T03:21:05Z,6038J26500C3,26500,C3,0,13110,13110,2026-05-21T05:23:59,13100,13200,A,43.17912,-2.9028738,60,False,2,2
2026-05-21T03:21:05Z,6038J26600C3,26600,C3,0,13200,13200,2026-05-21T05:30:00,13106,13200,A,43.260048,-2.928512,60,False,,
2026-05-21T03:21:05Z,6038J26503C3,26503,C3,0,13100,13100,2026-05-21T05:31:00,13200,13100,A,42.99472,-3.0158784,60,False,2,2
2026-05-21T03:21:05Z,6038J26000C2,26000,C2,0,13507,13503,2026-05-21T05:23:06,13200,13506,E,43.307487,-3.0410612,60,False,1,1
2026-05-21T03:21:05Z,6038J26003C2,26003,C2,0,13200,13200,2026-05-21T05:32:00,13506,13200,A,43.260166,-2.9285789,60,False,,
2026-05-21T03:21:05Z,6038J26002C2,26002,C2,0,13506,13506,2026-05-21T05:32:00,13200,13506,A,43.321514,-3.1123157,60,False,3,3
2026-05-21T03:21:05Z,6038J71501C4,71501,C4,0,05485,05485,2026-05-21T05:30:00,05451,05485,A,43.19011,-3.1974015,60,False,1,1
2026-05-21T03:21:05Z,6038J26100C1,26100,C1,2,13303,13303,2026-05-21T05:21:41,13200,13405,A,43.26418,-2.9553094,60,False,2,2
2026-05-21T03:21:05Z,6138J32769C1,32769,C1,0,11407,11407,2026-05-21T05:22:19,11600,11400,A,43.085815,-2.1409454,61,False,1,1
2026-05-21T03:21:05Z,6238J71100C2,71100,C2,0,14223,14223,2026-05-21T05:22:00,05623,14223,A,43.45811,-3.8111749,62,True,7AM,7AM
2026-05-21T03:21:05Z,6238J71102C2,71102,C2,0,14223,14223,2026-05-21T05:30:00,05623,14223,A,43.45811,-3.8111749,62,True,7AM,7AM
2026-05-21T03:21:05Z,4138J24701C1,24701,C1,0,60911,62109,2026-05-21T05:54:00,61200,60911,E,38.34553,-0.49576503,41,False,1,1
2026-05-21T03:21:05Z,1038J20703C5,20703,C5,0,35002,35010,2026-05-21T05:48:00,35607,35002,E,40.283237,-3.7991464,10,False,1,1
2026-05-21T03:21:05Z,1038J20702C5,20702,C5,0,35607,35606,2026-05-21T05:30:00,35002,35607,E,40.330883,-3.8823783,10,False,2,1
2026-05-21T03:21:05Z,1038J19515C5,19515,C5,0,35012,35002,2026-05-21T05:53:00,35607,35012,E,40.25559,-3.8284667,10,False,1,1
2026-05-21T03:21:05Z,1038J21000C8a,21000,C8a,0,10203,10202,2026-05-21T05:50:00,70200,10203,E,40.58532,-4.1321955,10,False,3,2
2026-05-21T03:21:05Z,1038J21603C2,21603,C2,0,70200,70105,2026-05-21T05:34:00,12006,70200,E,40.644257,-3.1823237,10,False,1,1
2026-05-21T03:21:05Z,1038J21800C7,21800,C7,0,17000,18002,2026-05-21T05:53:00,70103,17000,E,40.47113,-3.6828332,10,False,7,2
2026-05-21T03:21:05Z,1038J78002C3,78002,C3,8,17000,18002,2026-05-21T05:24:00,60200,17000,27.0,40.46411,-3.6845198,10,False,2,8
2026-05-21T03:21:05Z,1038J78004C3,78004,C3,0,17000,18002,2026-05-21T05:33:00,60200,17000,E,40.471382,-3.6834786,10,False,2,8
2026-05-21T03:21:05Z,1038J19508C5,19508,C5,0,35607,35606,2026-05-21T05:42:00,35012,35607,E,40.330883,-3.8823783,10,False,2,1
2026-05-21T03:21:05Z,1038J19509C5,19509,C5,0,35012,35002,2026-05-21T05:33:00,35607,35012,E,40.25559,-3.8284667,10,False,1,1
2026-05-21T03:21:05Z,1038J21601C2,21601,C2,2,70103,70111,2026-05-21T05:23:00,12006,70200,4.0,40.48884,-3.3673491,10,False,5,1
2026-05-21T03:21:05Z,1038J19504C5,19504,C5,0,35605,35605,2026-05-21T05:21:00,35012,35607,A,40.3503,-3.8317595,10,False,1,1
2026-05-21T03:21:05Z,1038J19503C5,19503,C5,0,35001,35001,2026-05-21T05:22:00,35607,35012,A,40.328766,-3.7714624,10,False,1,1
2026-05-21T03:21:05Z,1038J19800C1,19800,C1,0,17000,98003,2026-05-21T05:54:00,98305,17000,E,40.47102,-3.6825693,10,False,12,2
2026-05-21T03:21:05Z,1038J19505C5,19505,C5,0,35012,35002,2026-05-21T05:25:00,35607,35012,E,40.25559,-3.8284667,10,False,1,1
2026-05-21T03:21:05Z,1038J20203C4a,20203,C4a,7,17001,17009,2026-05-21T05:25:00,19003,18000,E,40.501648,-3.6821797,10,True,1,1
2026-05-21T03:21:05Z,1038J19510C5,19510,C5,0,35607,35606,2026-05-21T05:53:00,35012,35607,E,40.330883,-3.8823783,10,False,2,1
2026-05-21T03:21:05Z,1038J19513C5,19513,C5,0,35012,35002,2026-05-21T05:41:00,35607,35012,E,40.25559,-3.8284667,10,False,1,1
2026-05-21T03:21:05Z,1038J19799C1,19799,C1,2,18001,18002,2026-05-21T05:24:00,98305,18000,E,40.470993,-3.6825814,10,False,1,3
2026-05-21T03:21:05Z,1038J20208C4,20208,C4,0,17000,18002,2026-05-21T05:52:00,37012,17000,E,40.471325,-3.6833096,10,False,2,8
2026-05-21T03:21:05Z,1038J21303C10,21303,C10,-2,10000,18005,2026-05-21T05:40:00,17000,10000,E,40.421413,-3.7190256,10,False,1,1
2026-05-21T03:21:05Z,1038J20207C4a,20207,C4a,0,18000,18101,2026-05-21T05:47:00,19003,18000,E,40.40654,-3.6895106,10,False,6,1
2026-05-21T03:21:05Z,1038J20405C4b,20405,C4b,0,18000,18101,2026-05-21T05:27:00,17005,18000,E,40.40654,-3.6895106,10,True,6,1
2026-05-21T03:21:05Z,1038J20403C4b,20403,C4b,6,17009,17009,2026-05-21T05:21:00,17005,17000,A,40.54373,-3.7003317,10,True,1,1
2026-05-21T03:21:05Z,1038J20205C4a,20205,C4a,1,60100,60100,2026-05-21T05:21:00,19003,37012,A,40.352676,-3.684073,10,True,2,2
2026-05-21T03:21:05Z,1038J20402C4b,20402,C4b,0,17005,17004,2026-05-21T05:48:00,37012,17005,E,40.644844,-3.7762609,10,False,3,3
2026-05-21T03:21:05Z,1038J20204C4,20204,C4,0,17000,18002,2026-05-21T05:30:00,37012,17000,E,40.471325,-3.6833096,10,False,2,8
2026-05-21T03:21:05Z,1038J21500C2,21500,C2,2,70002,70003,2026-05-21T05:22:00,70200,17000,54.0,40.37774,-3.6621125,10,False,2,2
2026-05-21T03:21:05Z,1038J20212C4a,20212,C4a,0,19003,19002,2026-05-21T05:44:00,37012,19003,E,40.546417,-3.6351175,10,False,2,2
2026-05-21T03:21:05Z,1038J19502C5,19502,C5,0,35608,35608,2026-05-21T05:20:00,35012,35607,A,40.3989,-3.7442265,10,False,1,1
2026-05-21T03:21:05Z,1038J21100C10,21100,C10,0,10200,10104,2026-05-21T05:34:00,17000,10200,E,40.62599,-4.0081153,10,False,4,2
2026-05-21T03:21:05Z,1038J21506C2,21506,C2,0,17000,18002,2026-05-21T05:44:00,70200,17000,E,40.47097,-3.68245,10,False,12,2
2026-05-21T03:21:05Z,1038J21703C2,21703,C2,1,70101,70108,2026-05-21T05:25:00,10203,70103,E,40.44277,-3.5339844,10,False,1,1
2026-05-21T03:21:05Z,1038J21504C2,21504,C2,0,18002,18001,2026-05-21T05:36:00,70200,18002,E,40.44655,-3.691473,10,False,2,2
2026-05-21T03:21:05Z,1038J21503C2,21503,C2,0,70200,70105,2026-05-21T05:43:00,17000,70200,E,40.644257,-3.1823237,10,False,1,1
2026-05-21T03:21:05Z,1038J21701C2,21701,C2,0,18000,18001,2026-05-21T05:32:00,17000,18000,E,40.40667,-3.689395,10,False,2,1
2026-05-21T03:26:02Z,3238J23303C1,23303,C1,0,54501,54503,2026-05-21T05:28:58,54516,54517,E,36.70121,-4.454409,32,False,1,1
2026-05-21T03:26:02Z,4038J24301C6,24301,C6,0,65300,65300,2026-05-21T05:40:00,65000,65300,A,39.988213,-0.052072257,40,False,2,2
2026-05-21T03:26:02Z,4038J24000C2,24000,C2,0,64006,64006,2026-05-21T05:30:00,65000,64006,A,38.96917,-0.5866923,40,False,3,3
2026-05-21T03:26:02Z,4038J24001C2,24001,C2,0,65000,65000,2026-05-21T05:35:00,64006,65000,A,39.466305,-0.37739235,40,False,7,7
2026-05-21T03:26:02Z,5138J33520RL4,15620,RL4,6,78403,78403,2026-05-21T05:26:38,78600,78400,A,41.631935,0.89677364,50,False,1,1
2026-05-21T03:26:02Z,5138J28557R2N,28557,R2N,1,71707,71707,2026-05-21T05:25:02,72400,79400,A,41.3306,2.0894625,50,True,1,1
2026-05-21T03:26:02Z,5138J25604R1,25604,R1,0,79602,79602,2026-05-21T05:27:58,72305,79603,A,41.601646,2.6246321,50,True,1,1
2026-05-21T03:26:02Z,5138J77200R2S,15046,R2S,3,71602,71602,2026-05-21T05:25:22,79400,71600,A,41.19241,1.6064517,50,False,2,2
2026-05-21T03:26:02Z,5138J77600R4,77600,R4,-1,71801,71801,2026-05-21T05:25:58,78600,72209,A,41.379536,2.1411612,50,False,9,9
2026-05-21T03:26:02Z,5138J78280R2,78280,R2,6,71707,71708,2026-05-21T05:29:12,79104,71700,E,41.330997,2.0893226,50,True,4,2
2026-05-21T03:26:02Z,5138J77502R4,77502,R4,4,71801,72305,2026-05-21T05:32:40,71600,78700,E,41.379536,2.1411612,50,False,8,4
2026-05-21T03:26:02Z,5138J25702R1,25702,R1,2,79404,79403,2026-05-21T05:29:04,72305,79500,E,41.445705,2.2490852,50,True,2,2
2026-05-21T03:26:02Z,5138J28400R2N,28400,R2N,7,79004,79004,2026-05-21T05:26:40,72400,79100,A,41.43613,2.1936417,50,True,2,2
2026-05-21T03:26:02Z,5138J77400R4,77400,R4,3,72204,72205,2026-05-21T05:30:19,78600,71600,E,41.344524,1.7035463,50,False,2,2
2026-05-21T03:26:02Z,5138J77602R4,77602,R4,1,72210,72211,2026-05-21T05:33:03,78600,72209,8.0,41.47065,1.9707164,50,False,2,2
2026-05-21T03:26:02Z,6038J26002C2,26002,C2,0,13506,13506,2026-05-21T05:32:00,13200,13506,A,43.321514,-3.1123157,60,False,3,3
2026-05-21T03:26:02Z,6038J26501C3,26501,C3,2,13106,13107,2026-05-21T05:29:22,13200,13100,E,43.14222,-2.960543,60,False,1,1
2026-05-21T03:26:02Z,6038J26503C3,26503,C3,0,13100,13100,2026-05-21T05:31:00,13200,13100,A,42.99472,-3.0158784,60,False,2,2
2026-05-21T03:26:02Z,6038J26102C1,26102,C1,0,13405,13405,2026-05-21T05:37:00,13200,13405,A,43.328575,-3.0296164,60,False,2,2
2026-05-21T03:26:02Z,6038J26003C2,26003,C2,0,13200,13200,2026-05-21T05:32:00,13506,13200,A,43.260166,-2.9285789,60,False,,
2026-05-21T03:26:02Z,6038J71501C4,71501,C4,0,05485,05485,2026-05-21T05:30:00,05451,05485,A,43.19011,-3.1974015,60,False,1,1
2026-05-21T03:26:02Z,6038J26600C3,26600,C3,0,13200,13200,2026-05-21T05:30:00,13106,13200,A,43.260048,-2.928512,60,False,,
2026-05-21T03:26:02Z,6238J71102C2,71102,C2,0,14223,14223,2026-05-21T05:30:00,05623,14223,A,43.45811,-3.8111749,62,True,7AM,7AM
2026-05-21T03:26:02Z,2038J22000C1,22000,C1,0,15211,15218,2026-05-21T05:57:00,15122,15211,E,43.36655,-5.854991,20,False,2,2
2026-05-21T03:26:02Z,2038J70400C5,70400,C5,0,05443,05441,2026-05-21T05:30:00,15410,05443,E,43.250706,-5.5648093,20,False,1,1
2026-05-21T03:26:02Z,2038J22200C2,22200,C2,0,15211,15218,2026-05-21T05:47:00,16011,15211,E,43.366478,-5.855087,20,False,2,2
2026-05-21T03:26:02Z,2038J70501C7,70501,C7,0,05311,05308,2026-05-21T05:51:00,15211,05311,E,43.34864,-5.9676714,20,False,1,1
2026-05-21T03:26:02Z,2038J80851C6,80851,C6,0,05509,05511,2026-05-21T05:47:00,05534,05509,E,43.3823,-5.7026434,20,False,1,1
2026-05-21T03:26:02Z,2038J70900C8,70900,C8,0,05373,05375,2026-05-21T05:43:00,05389,05373,E,43.21386,-5.784103,20,False,2,2
2026-05-21T03:26:02Z,2038J22103C1,22103,C1,0,15218,15211,2026-05-21T05:45:00,15410,15218,E,43.3588,-5.8573804,20,False,1,1
2026-05-21T03:26:02Z,2038J22303C3,22303,C3,0,15218,15211,2026-05-21T05:55:00,16405,15218,E,43.3588,-5.8573804,20,False,1,1
2026-05-21T03:26:02Z,4138J24701C1,24701,C1,0,60911,62109,2026-05-21T05:54:00,61200,60911,E,38.34553,-0.49576503,41,False,1,1
2026-05-21T03:26:02Z,1038J20702C5,20702,C5,0,35607,35606,2026-05-21T05:30:00,35002,35607,E,40.330883,-3.8823783,10,False,2,1
2026-05-21T03:26:02Z,1038J21503C2,21503,C2,-1,70200,70105,2026-05-21T05:42:00,17000,70200,E,40.644257,-3.1823237,10,False,1,1
2026-05-21T03:26:02Z,1038J19515C5,19515,C5,0,35012,35002,2026-05-21T05:53:00,35607,35012,E,40.25559,-3.8284667,10,False,1,1
2026-05-21T03:26:02Z,1038J19521C5,19521,C5,0,35012,35002,2026-05-21T05:59:00,35607,35012,E,40.25559,-3.8284667,10,False,1,1
2026-05-21T03:26:02Z,1038J21000C8a,21000,C8a,0,10203,10202,2026-05-21T05:50:00,70200,10203,E,40.58532,-4.1321955,10,False,3,2
2026-05-21T03:26:02Z,1038J21605C2,21605,C2,0,70200,70105,2026-05-21T06:03:00,12006,70200,E,40.644257,-3.1823237,10,True,1,1
2026-05-21T03:26:02Z,1038J21603C2,21603,C2,0,70200,70105,2026-05-21T05:34:00,12006,70200,E,40.644257,-3.1823237,10,False,1,1
2026-05-21T03:26:02Z,1038J21800C7,21800,C7,0,17000,18002,2026-05-21T05:53:00,70103,17000,E,40.47113,-3.6828332,10,False,7,2
2026-05-21T03:26:02Z,1038J78002C3,78002,C3,9,18002,18101,2026-05-21T05:29:00,60200,17000,19.0,40.44037,-3.6926649,10,False,8,2
2026-05-21T03:26:02Z,1038J21601C2,21601,C2,0,70112,70112,2026-05-21T05:26:00,12006,70200,A,40.464172,-3.4414766,10,False,1,1
2026-05-21T03:26:02Z,1038J78004C3,78004,C3,0,17000,18002,2026-05-21T05:33:00,60200,17000,E,40.471382,-3.6834786,10,False,2,8
2026-05-21T03:26:02Z,1038J20208C4,20208,C4,0,17000,18002,2026-05-21T05:52:00,37012,17000,E,40.471325,-3.6833096,10,False,2,8
2026-05-21T03:26:02Z,1038J78003C3,78003,C3,4,60105,60105,2026-05-21T05:25:00,17000,60200,A,40.159317,-3.6098835,10,False,1,1
2026-05-21T03:26:02Z,1038J20207C4a,20207,C4a,0,18000,18101,2026-05-21T05:47:00,19003,18000,E,40.40654,-3.6895106,10,False,6,1
2026-05-21T03:26:02Z,1038J19508C5,19508,C5,0,35607,35606,2026-05-21T05:42:00,35012,35607,E,40.330883,-3.8823783,10,False,2,1
2026-05-21T03:26:02Z,1038J19509C5,19509,C5,0,35012,35002,2026-05-21T05:33:00,35607,35012,E,40.25559,-3.8284667,10,False,1,1
2026-05-21T03:26:02Z,1038J20405C4b,20405,C4b,0,18000,18101,2026-05-21T05:27:00,17005,18000,38.0,40.410645,-3.695547,10,True,6,1
2026-05-21T03:26:02Z,1038J20403C4b,20403,C4b,7,17003,17004,2026-05-21T05:29:00,17005,17000,E,40.558834,-3.7141593,10,False,1,2
2026-05-21T03:26:02Z,1038J20402C4b,20402,C4b,0,17005,17004,2026-05-21T05:48:00,37012,17005,E,40.644844,-3.7762609,10,False,3,3
2026-05-21T03:26:02Z,1038J20204C4,20204,C4,0,17000,18002,2026-05-21T05:30:00,37012,17000,E,40.471325,-3.6833096,10,False,2,8
2026-05-21T03:26:02Z,1038J19504C5,19504,C5,0,35604,35603,2026-05-21T05:27:00,35012,35607,58.0,40.36966,-3.802602,10,False,1,1
2026-05-21T03:26:02Z,1038J19503C5,19503,C5,0,35009,37001,2026-05-21T05:28:00,35607,35012,E,40.34086,-3.7482634,10,False,1,4
2026-05-21T03:26:02Z,1038J19800C1,19800,C1,0,17000,98003,2026-05-21T05:54:00,98305,17000,E,40.47102,-3.6825693,10,False,12,2
2026-05-21T03:26:02Z,1038J19505C5,19505,C5,0,35012,35002,2026-05-21T05:25:00,35607,35012,E,40.25559,-3.8284667,10,False,1,1
2026-05-21T03:26:02Z,1038J20203C4a,20203,C4a,7,17009,17009,2026-05-21T05:25:00,19003,18000,A,40.54373,-3.7003317,10,True,1,1
2026-05-21T03:26:02Z,1038J19510C5,19510,C5,0,35607,35606,2026-05-21T05:53:00,35012,35607,E,40.330883,-3.8823783,10,False,2,1
2026-05-21T03:26:02Z,1038J21501C2,21501,C2,1,70105,70105,2026-05-21T05:25:00,10203,70200,A,40.56094,-3.2652874,10,False,1,1
2026-05-21T03:26:02Z,1038J19513C5,19513,C5,0,35012,35002,2026-05-21T05:41:00,35607,35012,E,40.25559,-3.8284667,10,False,1,1
2026-05-21T03:26:02Z,1038J21303C10,21303,C10,-2,10000,18005,2026-05-21T05:40:00,17000,10000,E,40.421413,-3.7190256,10,False,1,1
2026-05-21T03:26:02Z,1038J20212C4a,20212,C4a,0,19003,19002,2026-05-21T05:44:00,37012,19003,E,40.546417,-3.6351175,10,False,2,2
2026-05-21T03:26:02Z,1038J19502C5,19502,C5,0,35609,18000,2026-05-21T05:29:00,35012,35607,E,40.405067,-3.7026901,10,False,1,10
2026-05-21T03:26:02Z,1038J21100C10,21100,C10,0,10200,10104,2026-05-21T05:34:00,17000,10200,E,40.62599,-4.0081153,10,False,4,2
2026-05-21T03:26:02Z,1038J21506C2,21506,C2,0,17000,18002,2026-05-21T05:44:00,70200,17000,E,40.47097,-3.68245,10,False,12,2
2026-05-21T03:26:02Z,1038J21703C2,21703,C2,1,70108,70100,2026-05-21T05:29:00,10203,70103,E,40.423397,-3.561349,10,False,1,1
2026-05-21T03:26:02Z,1038J21504C2,21504,C2,0,18002,18001,2026-05-21T05:36:00,70200,18002,E,40.44655,-3.691473,10,False,2,2
2026-05-21T03:26:02Z,1038J21701C2,21701,C2,0,18000,18001,2026-05-21T05:32:00,17000,18000,E,40.40667,-3.689395,10,False,2,1
2026-05-21T03:26:02Z,1038J19799C1,19799,C1,3,18002,17000,2026-05-21T05:33:00,98305,18000,S,40.470993,-3.6825814,10,False,3,12
2026-05-21T03:26:02Z,1038J20703C5,20703,C5,0,35002,35010,2026-05-21T05:48:00,35607,35002,E,40.283237,-3.7991464,10,False,1,1
2026-05-21T03:31:11Z,3038J23101C3,23101,C3,0,51003,51003,2026-05-21T05:45:00,40115,51003,A,37.392567,-5.9749827,30,False,,
2026-05-21T03:31:11Z,3038J23501C1,23501,C1,1,50703,50703,2026-05-21T05:32:03,50600,51003,A,37.479904,-5.9399505,30,False,1,1
2026-05-21T03:31:11Z,3238J23151C2,23151,C2,0,54517,54517,2026-05-21T05:44:00,54405,54517,A,36.715366,-4.4266005,32,False,,
2026-05-21T03:31:11Z,4038J24301C6,24301,C6,0,65300,65300,2026-05-21T05:40:00,65000,65300,A,39.988213,-0.052072257,40,False,2,2
2026-05-21T03:31:11Z,4038J24001C2,24001,C2,0,65000,65000,2026-05-21T05:35:00,64006,65000,A,39.466305,-0.37739235,40,False,7,7
2026-05-21T03:31:11Z,5138J28400R2N,28400,R2N,7,79009,79009,2026-05-21T05:31:43,72400,79100,A,41.409042,2.1873875,50,True,1,1
2026-05-21T03:31:11Z,5138J77400R4,77400,R4,2,72206,72206,2026-05-21T05:33:30,78600,71600,A,41.39581,1.7681432,50,False,2,2
2026-05-21T03:31:11Z,5138J25604R1,25604,R1,0,79601,79601,2026-05-21T05:33:22,72305,79603,A,41.586533,2.5813315,50,True,1,1
2026-05-21T03:31:11Z,5138J78288R2,78288,R2,16,71701,71701,2026-05-21T05:36:06,79200,71700,A,41.27745,1.9777229,50,True,2,2
2026-05-21T03:31:11Z,5138J77600R4,77600,R4,-1,78805,78805,2026-05-21T05:31:11,78600,72209,A,41.387875,2.1697214,50,False,1,1
2026-05-21T03:31:11Z,5138J77200R2S,15046,R2S,3,71604,71604,2026-05-21T05:31:30,79400,71600,A,41.20413,1.6760199,50,False,2,2
2026-05-21T03:31:11Z,5138J77502R4,77502,R4,1,72305,72303,2026-05-21T05:34:20,71600,78700,E,41.36431,2.1008937,50,False,4,1
2026-05-21T03:31:11Z,6038J26103C1,26103,C1,0,13200,13200,2026-05-21T05:43:00,13405,13200,A,43.260048,-2.928513,60,False,,
2026-05-21T03:31:11Z,6038J26102C1,26102,C1,0,13405,13405,2026-05-21T05:37:00,13200,13405,A,43.328575,-3.0296164,60,False,2,2
2026-05-21T03:31:11Z,6038J26003C2,26003,C2,0,13200,13200,2026-05-21T05:32:00,13506,13200,A,43.260166,-2.9285789,60,False,,
2026-05-21T03:31:11Z,6038J26002C2,26002,C2,0,13506,13506,2026-05-21T05:32:00,13200,13506,A,43.321514,-3.1123157,60,False,3,3
2026-05-21T03:31:11Z,6138J32770C1,32770,C1,0,11508,11508,2026-05-21T05:32:32,11400,11516,A,43.27241,-1.9637448,61,False,2,2
2026-05-21T03:31:11Z,6238J71152C2,71152,C2,0,14223,14223,2026-05-21T05:45:00,05637,14223,A,43.45811,-3.8111749,62,True,1AM,1AM
2026-05-21T03:31:11Z,2038J22000C1,22000,C1,0,15211,15218,2026-05-21T05:57:00,15122,15211,E,43.36655,-5.854991,20,False,2,2
2026-05-21T03:31:11Z,2038J22200C2,22200,C2,0,15211,15218,2026-05-21T05:47:00,16011,15211,E,43.366478,-5.855087,20,False,2,2
2026-05-21T03:31:11Z,2038J22101C1,22101,C1,0,15300,15301,2026-05-21T05:33:00,15410,15218,E,43.442394,-5.815779,20,False,3,1
2026-05-21T03:31:11Z,2038J80851C6,80851,C6,0,05509,05511,2026-05-21T05:47:00,05534,05509,E,43.3823,-5.7026434,20,False,1,1
2026-05-21T03:31:11Z,2038J70900C8,70900,C8,0,05373,05375,2026-05-21T05:43:00,05389,05373,E,43.21386,-5.784103,20,False,2,2
2026-05-21T03:31:11Z,2038J70500C7,70500,C7,0,05302,05303,2026-05-21T05:31:00,05311,15211,E,43.363846,-5.8833566,20,False,2,2
2026-05-21T03:31:11Z,2038J70501C7,70501,C7,0,05311,05308,2026-05-21T05:51:00,15211,05311,E,43.34864,-5.9676714,20,False,1,1
2026-05-21T03:31:11Z,2038J22103C1,22103,C1,0,15218,15211,2026-05-21T05:45:00,15410,15218,E,43.3588,-5.8573804,20,False,1,1
2026-05-21T03:31:11Z,2038J22303C3,22303,C3,0,15218,15211,2026-05-21T05:55:00,16405,15218,E,43.3588,-5.8573804,20,False,1,1
2026-05-21T03:31:11Z,4138J24701C1,24701,C1,0,60911,62109,2026-05-21T05:54:00,61200,60911,E,38.34553,-0.49576503,41,False,1,1
2026-05-21T03:31:11Z,1038J20702C5,20702,C5,0,35606,35606,2026-05-21T05:30:00,35002,35607,A,40.32875,-3.8636916,10,False,1,1
2026-05-21T03:31:11Z,1038J19515C5,19515,C5,0,35012,35002,2026-05-21T05:53:00,35607,35012,E,40.25559,-3.8284667,10,False,1,1
2026-05-21T03:31:11Z,1038J19521C5,19521,C5,0,35012,35002,2026-05-21T05:59:00,35607,35012,E,40.25559,-3.8284667,10,False,1,1
2026-05-21T03:31:11Z,1038J21001C8a,21001,C8a,0,17000,97201,2026-05-21T06:03:00,10203,17000,E,40.47113,-3.6828332,10,False,11,1
2026-05-21T03:31:11Z,1038J21000C8a,21000,C8a,0,10203,10202,2026-05-21T05:50:00,70200,10203,E,40.58532,-4.1321955,10,False,3,2
2026-05-21T03:31:11Z,1038J21605C2,21605,C2,0,70200,70105,2026-05-21T06:03:00,12006,70200,E,40.644257,-3.1823237,10,True,1,1
2026-05-21T03:31:11Z,1038J21800C7,21800,C7,0,17000,18002,2026-05-21T05:53:00,70103,17000,E,40.47113,-3.6828332,10,False,7,2
2026-05-21T03:31:11Z,1038J78004C3,78004,C3,2,17000,18002,2026-05-21T05:35:00,60200,17000,2.0,40.470863,-3.6836684,10,True,2,8
2026-05-21T03:31:11Z,1038J21601C2,21601,C2,2,70102,70101,2026-05-21T05:36:00,12006,70200,E,40.454636,-3.4796963,10,False,1,1
2026-05-21T03:31:11Z,1038J78003C3,78003,C3,5,60104,60103,2026-05-21T05:36:00,17000,60200,E,40.196156,-3.6648214,10,False,1,1
2026-05-21T03:31:11Z,1038J19800C1,19800,C1,0,17000,98003,2026-05-21T05:54:00,98305,17000,E,40.47102,-3.6825693,10,False,12,2
2026-05-21T03:31:11Z,1038J78006C3,78006,C3,0,17000,18002,2026-05-21T06:01:00,60200,17000,E,40.471382,-3.6834786,10,False,2,8
2026-05-21T03:31:11Z,1038J19803C1,19803,C1,0,98305,98304,2026-05-21T05:59:00,17000,98305,E,40.4924,-3.593483,10,False,2,1
2026-05-21T03:31:11Z,1038J19527C5,19527,C5,0,35012,35002,2026-05-21T06:05:00,35607,35012,E,40.25559,-3.8284667,10,False,1,1
2026-05-21T03:31:11Z,1038J19508C5,19508,C5,0,35607,35606,2026-05-21T05:42:00,35012,35607,E,40.330883,-3.8823783,10,False,2,1
2026-05-21T03:31:11Z,1038J20207C4a,20207,C4a,0,18000,18101,2026-05-21T05:47:00,19003,18000,E,40.40654,-3.6895106,10,False,6,1
2026-05-21T03:31:11Z,1038J19509C5,19509,C5,0,35012,35002,2026-05-21T05:33:00,35607,35012,E,40.25559,-3.8284667,10,False,1,1
2026-05-21T03:31:11Z,1038J20405C4b,20405,C4b,0,18002,17000,2026-05-21T05:39:00,17005,18000,E,40.4466,-3.6920877,10,True,6,5
2026-05-21T03:31:11Z,1038J19504C5,19504,C5,0,35602,35601,2026-05-21T05:31:00,35012,35607,S,40.381268,-3.7802126,10,False,1,1
2026-05-21T03:31:11Z,1038J20403C4b,20403,C4b,8,17004,17005,2026-05-21T05:39:00,17005,17000,12.0,40.61069,-3.7206216,10,False,2,3
2026-05-21T03:31:11Z,1038J20205C4a,20205,C4a,2,18000,18101,2026-05-21T05:33:00,19003,37012,E,40.40654,-3.6895106,10,True,6,1
2026-05-21T03:31:11Z,1038J20600C8b,20600,C8b,0,12006,12005,2026-05-21T06:03:00,70200,12006,E,40.737614,-4.0662985,10,True,2,1
2026-05-21T03:31:11Z,1038J20402C4b,20402,C4b,0,17005,17004,2026-05-21T05:48:00,37012,17005,E,40.644844,-3.7762609,10,False,3,3
2026-05-21T03:31:11Z,1038J20204C4,20204,C4,0,18002,18002,2026-05-21T05:30:00,37012,17000,A,40.4466,-3.6920877,10,True,8,8
2026-05-21T03:31:11Z,1038J20203C4a,20203,C4a,7,19002,19002,2026-05-21T05:31:00,19003,18000,A,40.54745,-3.6543186,10,True,1,1
2026-05-21T03:31:11Z,1038J20202C4,20202,C4,0,60100,37001,2026-05-21T05:34:00,37012,18000,E,40.352676,-3.684073,10,True,1,2
2026-05-21T03:31:11Z,1038J20409C4b,20409,C4b,0,18000,18101,2026-05-21T05:59:00,17005,18000,E,40.40654,-3.6895106,10,True,6,1
2026-05-21T03:31:11Z,1038J19503C5,19503,C5,0,37001,35704,2026-05-21T05:31:00,35607,35012,S,40.34132,-3.7123663,10,False,4,1
2026-05-21T03:31:11Z,1038J20407C4b,20407,C4b,2,37002,37010,2026-05-21T05:33:00,17005,37012,E,40.309868,-3.733689,10,True,1,1
2026-05-21T03:31:11Z,1038J20208C4,20208,C4,0,17000,18002,2026-05-21T05:52:00,37012,17000,E,40.471325,-3.6833096,10,False,2,8
2026-05-21T03:31:11Z,1038J19505C5,19505,C5,0,35002,35010,2026-05-21T05:26:00,35607,35012,E,40.283237,-3.7991464,10,False,1,1
2026-05-21T03:31:11Z,1038J21501C2,21501,C2,2,70104,70107,2026-05-21T05:34:00,10203,70200,E,40.53455,-3.2985828,10,False,1,1
2026-05-21T03:31:11Z,1038J19510C5,19510,C5,0,35607,35606,2026-05-21T05:53:00,35012,35607,E,40.330883,-3.8823783,10,False,2,1
2026-05-21T03:31:11Z,1038J21303C10,21303,C10,-2,10000,18005,2026-05-21T05:40:00,17000,10000,E,40.421413,-3.7190256,10,False,1,1
2026-05-21T03:31:11Z,1038J19513C5,19513,C5,0,35012,35002,2026-05-21T05:41:00,35607,35012,E,40.25559,-3.8284667,10,False,1,1
2026-05-21T03:31:11Z,1038J19512C5,19512,C5,0,35607,35606,2026-05-21T06:01:00,35012,35607,E,40.330883,-3.8823783,10,False,2,1
2026-05-21T03:31:11Z,1038J20703C5,20703,C5,0,35002,35010,2026-05-21T05:48:00,35607,35002,E,40.283237,-3.7991464,10,False,1,1
2026-05-21T03:31:11Z,1038J21500C2,21500,C2,3,70100,70108,2026-05-21T05:34:00,70200,17000,3.0,40.401688,-3.594714,10,False,2,2
2026-05-21T03:31:11Z,1038J20212C4a,20212,C4a,0,19003,19002,2026-05-21T05:44:00,37012,19003,E,40.546417,-3.6351175,10,False,2,2
2026-05-21T03:31:11Z,1038J19502C5,19502,C5,0,18003,35702,2026-05-21T05:33:00,35012,35607,E,40.39592,-3.6779969,10,False,2,2
2026-05-21T03:31:11Z,1038J20211C4a,20211,C4a,0,37002,37010,2026-05-21T06:02:00,19003,37002,E,40.309868,-3.733689,10,False,1,1
2026-05-21T03:31:11Z,1038J21100C10,21100,C10,0,10200,10104,2026-05-21T05:34:00,17000,10200,E,40.62599,-4.0081153,10,False,4,2
2026-05-21T03:31:11Z,1038J21508C2,21508,C2,0,17000,18002,2026-05-21T06:00:00,70200,17000,E,40.47097,-3.68245,10,False,12,2
2026-05-21T03:31:11Z,1038J21506C2,21506,C2,0,17000,18002,2026-05-21T05:44:00,70200,17000,E,40.47097,-3.68245,10,False,12,2
2026-05-21T03:31:11Z,1038J21703C2,21703,C2,2,70100,70109,2026-05-21T05:33:00,10203,70103,36.0,40.39726,-3.6018014,10,False,1,1
2026-05-21T03:31:11Z,1038J21504C2,21504,C2,0,18002,18001,2026-05-21T05:36:00,70200,18002,E,40.44655,-3.691473,10,False,2,2
2026-05-21T03:31:11Z,1038J21701C2,21701,C2,1,18000,18001,2026-05-21T05:33:00,17000,18000,E,40.40667,-3.689395,10,False,2,1
2026-05-21T03:31:11Z,1038J21503C2,21503,C2,-1,70200,70105,2026-05-21T05:42:00,17000,70200,E,40.644257,-3.1823237,10,False,1,1
2026-05-21T03:36:06Z,3038J23101C3,23101,C3,0,51003,51003,2026-05-21T05:45:00,40115,51003,A,37.392567,-5.9749827,30,False,8,8
2026-05-21T03:36:06Z,3038J23500C1,23500,C1,3,51200,51200,2026-05-21T05:39:32,51203,51003,A,37.18487,-5.7904587,30,False,2,2
2026-05-21T03:36:06Z,3238J23151C2,23151,C2,0,54517,54517,2026-05-21T05:44:00,54405,54517,A,36.715366,-4.4266005,32,False,,
2026-05-21T03:36:06Z,4038J24301C6,24301,C6,0,65300,65300,2026-05-21T05:40:00,65000,65300,A,39.988213,-0.052072257,40,False,2,2
2026-05-21T03:36:06Z,4038J76201C1,76201,C1,0,65000,65000,2026-05-21T05:48:00,69110,65000,A,39.46634,-0.37753645,40,False,6,6
2026-05-21T03:36:06Z,4038J24380C6,24380,C6,0,65000,65000,2026-05-21T05:50:00,65312,65000,A,39.465065,-0.37811995,40,False,1,1
2026-05-21T03:36:06Z,4038J24000C2,24000,C2,1,64100,64100,2026-05-21T05:36:35,65000,64006,A,38.992313,-0.5246103,40,False,2,2
2026-05-21T03:36:06Z,5138J25604R1,25604,R1,1,79600,79600,2026-05-21T05:36:37,72305,79603,A,41.577496,2.549442,50,True,2,2
2026-05-21T03:36:06Z,5138J77400R4,77400,R4,2,72207,72207,2026-05-21T05:37:48,78600,71600,A,41.41933,1.7952268,50,False,2,2
2026-05-21T03:36:06Z,5138J25702R1,25702,R1,1,79009,79009,2026-05-21T05:36:40,72305,79500,A,41.408962,2.187447,50,True,3,3
2026-05-21T03:36:06Z,5138J77504R4,77504,R4,1,78802,78802,2026-05-21T05:36:13,71600,78700,A,41.430275,2.1831505,50,False,2,2
2026-05-21T03:36:06Z,5138J77200R2S,15046,R2S,5,71700,71700,2026-05-21T05:39:13,79400,71600,A,41.219913,1.7308453,50,False,3,3
2026-05-21T03:36:06Z,5138J78280R2,78280,R2,6,71801,71802,2026-05-21T05:40:00,79104,71700,E,41.37951,2.1412168,50,True,13,
2026-05-21T03:36:06Z,5138J25602R1,25602,R1,1,79408,79408,2026-05-21T05:36:47,72305,79603,A,41.47896,2.3195477,50,True,2,2
2026-05-21T03:36:06Z,5138J78288R2,78288,R2,15,71701,71703,2026-05-21T05:44:02,79200,71700,0.0,41.27745,1.9777229,50,True,2,2
2026-05-21T03:36:06Z,6038J26102C1,26102,C1,0,13405,13405,2026-05-21T05:37:00,13200,13405,A,43.328575,-3.0296164,60,False,2,2
2026-05-21T03:36:06Z,6038J26504C3,26504,C3,0,13200,13200,2026-05-21T05:50:00,13100,13200,A,43.260048,-2.928512,60,False,,
2026-05-21T03:36:06Z,6038J26103C1,26103,C1,0,13200,13200,2026-05-21T05:43:00,13405,13200,A,43.260048,-2.928513,60,False,,
2026-05-21T03:36:06Z,6138J32770C1,32770,C1,2,11508,11507,2026-05-21T05:38:39,11400,11516,E,43.27241,-1.9637448,61,False,2,
2026-05-21T03:36:06Z,6138J32769C1,32769,C1,0,11500,11501,2026-05-21T05:38:06,11600,11400,E,43.1356,-2.079181,61,False,,
2026-05-21T03:36:06Z,6238J71351C3,71351,C3,0,14223,14223,2026-05-21T05:50:00,05671,14223,A,43.45811,-3.8111749,62,True,9AM,9AM
2026-05-21T03:36:06Z,6238J71152C2,71152,C2,0,14223,14223,2026-05-21T05:45:00,05637,14223,A,43.45811,-3.8111749,62,True,1AM,1AM
2026-05-21T03:36:06Z,2038J22200C2,22200,C2,0,15211,15218,2026-05-21T05:47:00,16011,15211,E,43.366478,-5.855087,20,False,2,2
2026-05-21T03:36:06Z,2038J70500C7,70500,C7,0,05304,05306,2026-05-21T05:40:00,05311,15211,22.0,43.3548,-5.927741,20,False,2,2
2026-05-21T03:36:06Z,2038J70501C7,70501,C7,0,05311,05308,2026-05-21T05:51:00,15211,05311,E,43.34864,-5.9676714,20,False,1,1
2026-05-21T03:36:06Z,2038J80851C6,80851,C6,0,05509,05511,2026-05-21T05:47:00,05534,05509,E,43.3823,-5.7026434,20,False,1,1
2026-05-21T03:36:06Z,2038J70900C8,70900,C8,0,05373,05375,2026-05-21T05:43:00,05389,05373,E,43.21386,-5.784103,20,False,2,2
2026-05-21T03:36:06Z,2038J22103C1,22103,C1,0,15218,15211,2026-05-21T05:45:00,15410,15218,E,43.3588,-5.8573804,20,False,1,1
2026-05-21T03:36:06Z,2038J22303C3,22303,C3,0,15218,15211,2026-05-21T05:55:00,16405,15218,E,43.3588,-5.8573804,20,False,1,1
2026-05-21T03:36:06Z,2038J70400C5,70400,C5,0,05439,05437,2026-05-21T05:36:00,15410,05443,E,43.270874,-5.590411,20,False,1,1
2026-05-21T03:36:06Z,2038J22000C1,22000,C1,0,15211,15218,2026-05-21T05:57:00,15122,15211,E,43.36655,-5.854991,20,False,2,2
2026-05-21T03:36:06Z,4138J24701C1,24701,C1,0,60911,62109,2026-05-21T05:54:00,61200,60911,E,38.34553,-0.49576503,41,False,1,1
2026-05-21T03:36:06Z,4138J84900C2,84900,C2,0,06006,06005,2026-05-21T06:14:00,61200,06006,E,37.672035,-1.6961039,41,False,1,1
2026-05-21T03:36:06Z,1038J78006C3,78006,C3,0,17000,18002,2026-05-21T06:01:00,60200,17000,E,40.471382,-3.6834786,10,False,2,8
2026-05-21T03:36:06Z,1038J21000C8a,21000,C8a,0,10203,10202,2026-05-21T05:50:00,70200,10203,E,40.58532,-4.1321955,10,False,3,2
2026-05-21T03:36:06Z,1038J21800C7,21800,C7,0,17000,18002,2026-05-21T05:53:00,70103,17000,E,40.47113,-3.6828332,10,False,7,2
2026-05-21T03:36:06Z,1038J21510C2,21510,C2,0,17000,18002,2026-05-21T06:09:00,70200,17000,E,40.47097,-3.68245,10,False,12,2
2026-05-21T03:36:06Z,1038J20202C4,20202,C4,0,37010,37010,2026-05-21T05:37:00,37012,18000,A,40.323135,-3.7273622,10,True,2,2
2026-05-21T03:36:06Z,1038J19799C1,19799,C1,1,98003,98003,2026-05-21T05:35:00,98305,18000,A,40.484917,-3.6630294,10,False,2,2
2026-05-21T03:36:06Z,1038J20704C5,20704,C5,0,35607,35606,2026-05-21T06:07:00,35002,35607,E,40.330883,-3.8823783,10,False,2,1
2026-05-21T03:36:06Z,1038J20209C4a,20209,C4a,0,37011,37011,2026-05-21T05:37:00,19003,37012,A,40.288372,-3.7373493,10,True,1,1
2026-05-21T03:36:06Z,1038J20208C4,20208,C4,0,17000,18002,2026-05-21T05:52:00,37012,17000,E,40.471325,-3.6833096,10,False,2,8
2026-05-21T03:36:06Z,1038J21500C2,21500,C2,0,70101,70101,2026-05-21T05:35:00,70200,17000,A,40.44277,-3.5339844,10,False,2,2
2026-05-21T03:36:06Z,1038J21100C10,21100,C10,1,10104,10103,2026-05-21T05:40:00,17000,10200,E,40.60039,-3.98222,10,False,2,2
2026-05-21T03:36:06Z,1038J20207C4a,20207,C4a,0,18000,18101,2026-05-21T05:47:00,19003,18000,E,40.40654,-3.6895106,10,False,6,1
2026-05-21T03:36:06Z,1038J21508C2,21508,C2,0,17000,18002,2026-05-21T06:00:00,70200,17000,E,40.47097,-3.68245,10,False,12,2
2026-05-21T03:36:06Z,1038J20206C4,20206,C4,0,37001,37010,2026-05-21T06:08:00,37012,37001,E,40.34132,-3.7123663,10,False,2,2
2026-05-21T03:36:06Z,1038J21506C2,21506,C2,0,17000,18002,2026-05-21T05:44:00,70200,17000,E,40.47097,-3.68245,10,False,12,2
2026-05-21T03:36:06Z,1038J20205C4a,20205,C4a,4,18101,18002,2026-05-21T05:41:00,19003,37012,2.0,40.417603,-3.7028458,10,True,1,6
2026-05-21T03:36:06Z,1038J20600C8b,20600,C8b,0,12006,12005,2026-05-21T06:03:00,70200,12006,E,40.737614,-4.0662985,10,True,2,1
2026-05-21T03:36:06Z,1038J21503C2,21503,C2,1,70200,70105,2026-05-21T05:44:00,17000,70200,1.0,40.643414,-3.1831472,10,True,1,1
2026-05-21T03:36:06Z,1038J20204C4,20204,C4,1,18101,18000,2026-05-21T05:41:00,37012,17000,E,40.417023,-3.7031636,10,True,2,7
2026-05-21T03:36:06Z,1038J21809C7,21809,C7,0,70103,70111,2026-05-21T06:04:00,10000,70103,E,40.4889,-3.3666708,10,False,5,1
2026-05-21T03:36:06Z,1038J21501C2,21501,C2,4,70107,70103,2026-05-21T05:43:00,10203,70200,S,40.50538,-3.3352833,10,False,1,5
2026-05-21T03:36:06Z,1038J78004C3,78004,C3,3,18002,18101,2026-05-21T05:40:00,60200,17000,2.0,40.445946,-3.6921484,10,True,8,2
2026-05-21T03:36:06Z,1038J78003C3,78003,C3,5,60103,60102,2026-05-21T05:41:00,17000,60200,E,40.242844,-3.7038615,10,True,1,1
2026-05-21T03:36:06Z,1038J21303C10,21303,C10,0,10000,18005,2026-05-21T05:42:00,17000,10000,E,40.421413,-3.7190256,10,False,1,1
2026-05-21T03:36:06Z,1038J20212C4a,20212,C4a,0,19003,19002,2026-05-21T05:44:00,37012,19003,E,40.546417,-3.6351175,10,True,2,2
2026-05-21T03:36:06Z,1038J35973C2,35973,C2,0,70102,70102,2026-05-21T05:36:00,17000,70103,A,40.454636,-3.4796963,10,False,5,5
2026-05-21T03:36:06Z,1038J19502C5,19502,C5,0,35703,35703,2026-05-21T05:35:00,35012,35607,A,40.367134,-3.7043796,10,False,2,2
2026-05-21T03:36:06Z,1038J19800C1,19800,C1,0,17000,98003,2026-05-21T05:54:00,98305,17000,E,40.47102,-3.6825693,10,False,12,2
2026-05-21T03:36:06Z,1038J19803C1,19803,C1,0,98305,98304,2026-05-21T05:59:00,17000,98305,E,40.4924,-3.593483,10,False,2,1
2026-05-21T03:36:06Z,1038J20211C4a,20211,C4a,0,37002,37010,2026-05-21T06:02:00,19003,37002,E,40.309868,-3.733689,10,False,1,1
2026-05-21T03:36:06Z,1038J19527C5,19527,C5,0,35012,35002,2026-05-21T06:05:00,35607,35012,E,40.25559,-3.8284667,10,False,1,1
2026-05-21T03:36:06Z,1038J19531C5,19531,C5,0,35012,35002,2026-05-21T06:10:00,35607,35012,E,40.25559,-3.8284667,10,False,1,1
2026-05-21T03:36:06Z,1038J20216C4a,20216,C4a,0,19003,19002,2026-05-21T06:07:00,37012,19003,E,40.546417,-3.6351175,10,False,2,2
2026-05-21T03:36:06Z,1038J20409C4b,20409,C4b,0,18000,18101,2026-05-21T05:59:00,17005,18000,E,40.40654,-3.6895106,10,True,6,1
2026-05-21T03:36:06Z,1038J21701C2,21701,C2,0,18002,18002,2026-05-21T05:36:00,17000,18000,A,40.44655,-3.691473,10,False,1,1
2026-05-21T03:36:06Z,1038J19508C5,19508,C5,0,35607,35606,2026-05-21T05:42:00,35012,35607,E,40.330883,-3.8823783,10,False,2,1
2026-05-21T03:36:06Z,1038J19509C5,19509,C5,0,35002,35010,2026-05-21T05:34:00,35607,35012,E,40.283237,-3.7991464,10,False,1,1
2026-05-21T03:36:06Z,1038J19504C5,19504,C5,0,35608,35608,2026-05-21T05:35:00,35012,35607,A,40.3989,-3.7442265,10,False,1,1
2026-05-21T03:36:06Z,1038J19503C5,19503,C5,0,35702,18003,2026-05-21T05:39:00,35607,35012,E,40.3791,-3.6987777,10,False,1,1
2026-05-21T03:36:06Z,1038J19505C5,19505,C5,0,35001,35001,2026-05-21T05:31:00,35607,35012,A,40.328766,-3.7714624,10,False,1,1
2026-05-21T03:36:06Z,1038J20407C4b,20407,C4b,4,37010,37001,2026-05-21T05:39:00,17005,37012,27.0,40.329456,-3.7243283,10,True,1,1
2026-05-21T03:36:06Z,1038J19510C5,19510,C5,0,35607,35606,2026-05-21T05:53:00,35012,35607,E,40.330883,-3.8823783,10,False,2,1
2026-05-21T03:36:06Z,1038J19513C5,19513,C5,0,35012,35002,2026-05-21T05:41:00,35607,35012,E,40.25559,-3.8284667,10,False,1,1
2026-05-21T03:36:06Z,1038J20406C4b,20406,C4b,0,17005,17004,2026-05-21T06:11:00,37012,17005,E,40.644844,-3.7762609,10,False,3,3
2026-05-21T03:36:06Z,1038J19512C5,19512,C5,0,35607,35606,2026-05-21T06:01:00,35012,35607,E,40.330883,-3.8823783,10,False,2,1
2026-05-21T03:36:06Z,1038J19515C5,19515,C5,0,35012,35002,2026-05-21T05:53:00,35607,35012,E,40.25559,-3.8284667,10,False,1,1
2026-05-21T03:36:06Z,1038J20405C4b,20405,C4b,0,17000,17001,2026-05-21T05:43:00,17005,18000,E,40.471325,-3.6833096,10,True,5,1
2026-05-21T03:36:06Z,1038J21001C8a,21001,C8a,0,17000,97201,2026-05-21T06:03:00,10203,17000,E,40.47113,-3.6828332,10,False,11,1
2026-05-21T03:36:06Z,1038J20703C5,20703,C5,0,35002,35010,2026-05-21T05:48:00,35607,35002,E,40.283237,-3.7991464,10,False,1,1
2026-05-21T03:36:06Z,1038J20702C5,20702,C5,0,35605,35605,2026-05-21T05:35:00,35002,35607,A,40.3503,-3.8317595,10,False,1,1
2026-05-21T03:36:06Z,1038J19521C5,19521,C5,0,35012,35002,2026-05-21T05:59:00,35607,35012,E,40.25559,-3.8284667,10,False,1,1
2026-05-21T03:36:06Z,1038J21200C10,21200,C10,0,17000,18002,2026-05-21T06:06:00,10200,17000,E,40.470848,-3.682503,10,False,8,4
2026-05-21T03:36:06Z,1038J21605C2,21605,C2,0,70200,70105,2026-05-21T06:03:00,12006,70200,E,40.644257,-3.1823237,10,True,1,1
2026-05-21T03:36:06Z,1038J21603C2,21603,C2,1,70105,70104,2026-05-21T05:39:00,12006,70200,E,40.56094,-3.2652874,10,False,1,1
2026-05-21T03:36:06Z,1038J20403C4b,20403,C4b,8,17004,17005,2026-05-21T05:39:00,17005,17000,67.0,40.649635,-3.742363,10,False,2,3
2026-05-21T03:36:06Z,1038J20402C4b,20402,C4b,0,17005,17004,2026-05-21T05:48:00,37012,17005,E,40.644844,-3.7762609,10,False,3,3
2026-05-21T03:36:06Z,1038J21601C2,21601,C2,1,70101,70108,2026-05-21T05:39:00,12006,70200,E,40.44277,-3.5339844,10,False,1,1
2026-05-21T03:36:06Z,1038J35975C2,35975,C2,0,70200,70105,2026-05-21T06:11:00,17000,70200,E,40.644257,-3.1823237,10,False,1,1
2026-05-21T03:41:06Z,3038J23501C1,23501,C1,1,50702,50702,2026-05-21T05:41:56,50600,51003,A,37.54619,-5.8666563,30,False,1,1
2026-05-21T03:41:06Z,3038J23601C4,23601,C4,0,51003,51003,2026-05-21T05:54:00,51003,51003,A,37.392212,-5.9746737,30,False,8,8
2026-05-21T03:41:06Z,3038J23101C3,23101,C3,0,51003,51003,2026-05-21T05:45:00,40115,51003,A,37.392567,-5.9749827,30,False,8,8
2026-05-21T03:41:06Z,3038J23502C1,23502,C1,0,51003,51003,2026-05-21T05:55:00,51200,51003,A,37.392567,-5.9749837,30,False,9,9
2026-05-21T03:41:06Z,3238J23151C2,23151,C2,0,54517,54517,2026-05-21T05:44:00,54405,54517,A,36.715366,-4.4266005,32,False,1,1
2026-05-21T03:41:06Z,3238J23305C1,23305,C1,0,54517,54517,2026-05-21T05:55:00,54516,54517,A,36.715366,-4.4266005,32,False,1,1
2026-05-21T03:41:06Z,4038J76201C1,76201,C1,0,65000,65000,2026-05-21T05:48:00,69110,65000,A,39.46634,-0.37753645,40,False,6,6
2026-05-21T03:41:06Z,4038J24380C6,24380,C6,0,65000,65000,2026-05-21T05:50:00,65312,65000,A,39.465065,-0.37811995,40,False,1,1
2026-05-21T03:41:06Z,5138J28402R2N,28402,R2N,3,79006,79011,2026-05-21T05:44:27,72400,79100,E,41.533474,2.2177799,50,True,2,2
2026-05-21T03:41:06Z,5138J77201R2S,77201,R2S,-1,71801,71801,2026-05-21T05:41:23,71600,79400,A,41.379513,2.1412146,50,False,,
2026-05-21T03:41:06Z,5138J25604R1,25604,R1,0,79501,79501,2026-05-21T05:41:39,72305,79603,A,41.55539,2.4983492,50,True,2,2
2026-05-21T03:41:06Z,5138J28404R2N,28404,R2N,1,79103,79103,2026-05-21T05:41:30,72400,79104,A,41.671745,2.4542186,50,True,2,2
2026-05-21T03:41:06Z,5138J78288R2,78288,R2,15,71703,71703,2026-05-21T05:44:22,79200,71700,A,41.27745,1.9777229,50,True,2,2
2026-05-21T03:41:06Z,5138J77200R2S,15046,R2S,7,71700,71701,2026-05-21T05:47:53,79400,71600,E,41.219913,1.7308453,50,False,3,
2026-05-21T03:41:06Z,5138J25602R1,25602,R1,0,79406,79406,2026-05-21T05:41:06,72305,79603,A,41.468693,2.2867389,50,True,2,2
2026-05-21T03:41:06Z,6038J26504C3,26504,C3,0,13200,13200,2026-05-21T05:50:00,13100,13200,A,43.260048,-2.928512,60,False,,
2026-05-21T03:41:06Z,6038J26000C2,26000,C2,0,13303,13303,2026-05-21T05:41:17,13200,13506,A,43.26418,-2.9553094,60,False,2,2
2026-05-21T03:41:06Z,6038J26103C1,26103,C1,0,13200,13200,2026-05-21T05:43:00,13405,13200,A,43.260048,-2.928513,60,False,,
2026-05-21T03:41:06Z,6038J26005C2,26005,C2,0,13200,13200,2026-05-21T05:54:00,13506,13200,A,43.260166,-2.9285789,60,False,,
2026-05-21T03:41:06Z,6038J26502C3,26502,C3,-1,13110,13110,2026-05-21T05:43:18,13100,13200,A,43.17912,-2.9028738,60,False,2,2
2026-05-21T03:41:06Z,6038J26004C2,26004,C2,0,13506,13506,2026-05-21T05:54:00,13200,13506,A,43.321514,-3.1123157,60,False,1,1
2026-05-21T03:41:06Z,6238J71351C3,71351,C3,0,14223,14223,2026-05-21T05:50:00,05671,14223,A,43.45811,-3.8111749,62,True,9AM,9AM
2026-05-21T03:41:06Z,6238J71152C2,71152,C2,0,14223,14223,2026-05-21T05:45:00,05637,14223,A,43.45811,-3.8111749,62,True,1AM,1AM
2026-05-21T03:41:06Z,2038J70502C7,70502,C7,0,05325,05327,2026-05-21T06:18:00,05329,05325,E,43.490948,-6.1104946,20,False,4,2
2026-05-21T03:41:06Z,2038J22000C1,22000,C1,0,15211,15218,2026-05-21T05:57:00,15122,15211,E,43.36655,-5.854991,20,False,2,2
2026-05-21T03:41:06Z,2038J22200C2,22200,C2,0,15211,15218,2026-05-21T05:47:00,16011,15211,E,43.366478,-5.855087,20,False,2,2
2026-05-21T03:41:06Z,2038J70400C5,70400,C5,0,05436,05435,2026-05-21T05:40:00,15410,05443,E,43.27836,-5.615333,20,False,1,1
2026-05-21T03:41:06Z,2038J70501C7,70501,C7,0,05311,05308,2026-05-21T05:51:00,15211,05311,E,43.34864,-5.9676714,20,False,1,1
2026-05-21T03:41:06Z,2038J22101C1,22101,C1,0,15302,15302,2026-05-21T05:38:00,15410,15218,A,43.505,-5.7819037,20,False,1,1
2026-05-21T03:41:06Z,2038J70500C7,70500,C7,0,05306,05308,2026-05-21T05:42:00,05311,15211,E,43.368706,-5.9585757,20,False,2,2
2026-05-21T03:41:06Z,2038J22004C1,22004,C1,0,15410,15401,2026-05-21T06:14:00,15118,15410,E,43.537712,-5.676047,20,False,2,2
2026-05-21T03:41:06Z,2038J80851C6,80851,C6,0,05509,05511,2026-05-21T05:47:00,05534,05509,E,43.3823,-5.7026434,20,False,1,1
2026-05-21T03:41:06Z,2038J22103C1,22103,C1,0,15218,15211,2026-05-21T05:45:00,15410,15218,E,43.3588,-5.8573804,20,False,1,1
2026-05-21T03:41:06Z,2038J70900C8,70900,C8,0,05373,05375,2026-05-21T05:43:00,05389,05373,E,43.21386,-5.784103,20,False,2,2
2026-05-21T03:41:06Z,2038J22303C3,22303,C3,0,15218,15211,2026-05-21T05:55:00,16405,15218,E,43.3588,-5.8573804,20,False,1,1
2026-05-21T03:41:06Z,4138J84900C2,84900,C2,0,06006,06005,2026-05-21T06:14:00,61200,06006,E,37.672035,-1.6961039,41,False,1,1
2026-05-21T03:41:06Z,4138J24701C1,24701,C1,0,60911,62109,2026-05-21T05:54:00,61200,60911,E,38.34553,-0.49576503,41,False,1,1
2026-05-21T03:41:06Z,1038J78003C3,78003,C3,5,60102,60109,2026-05-21T05:43:00,17000,60200,E,40.305756,-3.707588,10,False,1,1
2026-05-21T03:41:06Z,1038J21804C7,21804,C7,0,10000,10001,2026-05-21T06:13:00,70103,10000,E,40.42163,-3.7193205,10,False,2,2
2026-05-21T03:41:06Z,1038J78006C3,78006,C3,0,17000,18002,2026-05-21T06:01:00,60200,17000,E,40.471382,-3.6834786,10,False,2,8
2026-05-21T03:41:06Z,1038J21800C7,21800,C7,0,17000,18002,2026-05-21T05:53:00,70103,17000,E,40.47113,-3.6828332,10,False,7,2
2026-05-21T03:41:06Z,1038J78005C3,78005,C3,0,60105,60105,2026-05-21T05:41:00,17000,60200,A,40.159317,-3.6098835,10,False,1,1
2026-05-21T03:41:06Z,1038J20202C4,20202,C4,0,37002,37011,2026-05-21T05:43:00,37012,18000,E,40.309868,-3.733689,10,True,2,2
2026-05-21T03:41:06Z,1038J20209C4a,20209,C4a,0,37002,37010,2026-05-21T05:42:00,19003,37012,E,40.309868,-3.733689,10,True,1,1
2026-05-21T03:41:06Z,1038J21512C2,21512,C2,0,17000,18002,2026-05-21T06:14:00,70200,17000,E,40.47097,-3.68245,10,False,12,2
2026-05-21T03:41:06Z,1038J20208C4,20208,C4,0,17000,18002,2026-05-21T05:52:00,37012,17000,E,40.471325,-3.6833096,10,False,2,8
2026-05-21T03:41:06Z,1038J21510C2,21510,C2,0,17000,18002,2026-05-21T06:09:00,70200,17000,E,40.47097,-3.68245,10,False,12,2
2026-05-21T03:41:06Z,1038J20207C4a,20207,C4a,0,18000,18101,2026-05-21T05:47:00,19003,18000,E,40.40654,-3.6895106,10,False,6,1
2026-05-21T03:41:06Z,1038J21500C2,21500,C2,1,70102,70112,2026-05-21T05:45:00,70200,17000,E,40.454636,-3.4796963,10,False,2,2
2026-05-21T03:41:06Z,1038J20206C4,20206,C4,0,37001,37010,2026-05-21T06:08:00,37012,37001,E,40.34132,-3.7123663,10,False,2,2
2026-05-21T03:41:06Z,1038J21100C10,21100,C10,0,10103,10101,2026-05-21T05:44:00,17000,10200,E,40.574413,-3.9567041,10,False,2,2
2026-05-21T03:41:06Z,1038J21508C2,21508,C2,0,17000,18002,2026-05-21T06:00:00,70200,17000,E,40.47097,-3.68245,10,False,12,2
2026-05-21T03:41:06Z,1038J20205C4a,20205,C4a,3,18002,17000,2026-05-21T05:47:00,19003,37012,1.0,40.44688,-3.6920621,10,True,6,3
2026-05-21T03:41:06Z,1038J21506C2,21506,C2,1,17000,18002,2026-05-21T05:45:00,70200,17000,2.0,40.470467,-3.6826591,10,False,12,2
2026-05-21T03:41:06Z,1038J20600C8b,20600,C8b,0,12006,12005,2026-05-21T06:03:00,70200,12006,E,40.737614,-4.0662985,10,True,2,1
2026-05-21T03:41:06Z,1038J21809C7,21809,C7,0,70103,70111,2026-05-21T06:04:00,10000,70103,E,40.4889,-3.3666708,10,False,5,1
2026-05-21T03:41:06Z,1038J21807C7,21807,C7,0,18000,18001,2026-05-21T06:10:00,10000,18000,E,40.40667,-3.6893938,10,False,2,1
2026-05-21T03:41:06Z,1038J21501C2,21501,C2,0,70111,70111,2026-05-21T05:41:00,10203,70200,A,40.480347,-3.39294,10,False,1,1
2026-05-21T03:41:06Z,1038J21104C10,21104,C10,0,10200,10104,2026-05-21T06:14:00,17000,10200,E,40.62599,-4.0081153,10,False,4,2
2026-05-21T03:41:06Z,1038J21504C2,21504,C2,7,18002,18001,2026-05-21T05:43:00,70200,18002,52.0,40.434734,-3.6887083,10,True,2,2
2026-05-21T03:41:06Z,1038J21303C10,21303,C10,0,18005,18005,2026-05-21T05:42:00,17000,10000,A,40.40282,-3.7112896,10,False,1,1
2026-05-21T03:41:06Z,1038J20212C4a,20212,C4a,0,19003,19002,2026-05-21T05:44:00,37012,19003,E,40.546417,-3.6351175,10,True,2,2
2026-05-21T03:41:06Z,1038J19502C5,19502,C5,0,37001,37001,2026-05-21T05:40:00,35012,35607,A,40.34132,-3.7123663,10,False,6,6
2026-05-21T03:41:06Z,1038J20211C4a,20211,C4a,0,37002,37010,2026-05-21T06:02:00,19003,37002,E,40.309868,-3.733689,10,False,1,1
2026-05-21T03:41:06Z,1038J21703C2,21703,C2,3,70003,70002,2026-05-21T05:42:00,10203,70103,E,40.37616,-3.6561291,10,False,1,1
2026-05-21T03:41:06Z,1038J20216C4a,20216,C4a,0,19003,19002,2026-05-21T06:07:00,37012,19003,E,40.546417,-3.6351175,10,False,2,2
2026-05-21T03:41:06Z,1038J21503C2,21503,C2,1,70200,70105,2026-05-21T05:44:00,17000,70200,63.0,40.591476,-3.234329,10,True,1,1
2026-05-21T03:41:06Z,1038J19508C5,19508,C5,0,35607,35606,2026-05-21T05:42:00,35012,35607,55.0,40.330345,-3.8713667,10,False,2,1
2026-05-21T03:41:06Z,1038J19509C5,19509,C5,0,35001,35001,2026-05-21T05:39:00,35607,35012,A,40.328766,-3.7714624,10,False,1,1
2026-05-21T03:41:06Z,1038J19504C5,19504,C5,0,35609,18000,2026-05-21T05:44:00,35012,35607,E,40.405067,-3.7026901,10,False,1,10
2026-05-21T03:41:06Z,1038J78002C3,78002,C3,7,60100,60107,2026-05-21T05:42:00,60200,17000,55.0,40.347034,-3.6838474,10,True,3,2
2026-05-21T03:41:06Z,1038J19503C5,19503,C5,0,18003,18000,2026-05-21T05:43:00,35607,35012,37.0,40.399914,-3.681846,10,False,1,9
2026-05-21T03:41:06Z,1038J78004C3,78004,C3,2,18101,18000,2026-05-21T05:45:00,60200,17000,22.0,40.41386,-3.702614,10,True,2,7
2026-05-21T03:41:06Z,1038J19505C5,19505,C5,0,35009,37001,2026-05-21T05:37:00,35607,35012,E,40.34086,-3.7482634,10,False,1,4
2026-05-21T03:41:06Z,1038J19510C5,19510,C5,0,35607,35606,2026-05-21T05:53:00,35012,35607,E,40.330883,-3.8823783,10,False,2,1
2026-05-21T03:41:06Z,1038J35973C2,35973,C2,3,70102,70101,2026-05-21T05:45:00,17000,70103,35.0,40.4505,-3.4987016,10,False,5,3
2026-05-21T03:41:06Z,1038J19513C5,19513,C5,0,35012,35002,2026-05-21T05:41:00,35607,35012,S,40.25559,-3.8284667,10,False,1,1
2026-05-21T03:41:06Z,1038J19512C5,19512,C5,0,35607,35606,2026-05-21T06:01:00,35012,35607,E,40.330883,-3.8823783,10,False,2,1
2026-05-21T03:41:06Z,1038J19800C1,19800,C1,0,17000,98003,2026-05-21T05:54:00,98305,17000,E,40.47102,-3.6825693,10,False,12,2
2026-05-21T03:41:06Z,1038J19515C5,19515,C5,0,35012,35002,2026-05-21T05:53:00,35607,35012,E,40.25559,-3.8284667,10,False,1,1
2026-05-21T03:41:06Z,1038J19803C1,19803,C1,0,98305,98304,2026-05-21T05:59:00,17000,98305,E,40.4924,-3.593483,10,False,2,1
2026-05-21T03:41:06Z,1038J21001C8a,21001,C8a,0,17000,97201,2026-05-21T06:03:00,10203,17000,E,40.47113,-3.6828332,10,False,11,1
2026-05-21T03:41:06Z,1038J19527C5,19527,C5,0,35012,35002,2026-05-21T06:05:00,35607,35012,E,40.25559,-3.8284667,10,False,1,1
2026-05-21T03:41:06Z,1038J19531C5,19531,C5,0,35012,35002,2026-05-21T06:10:00,35607,35012,E,40.25559,-3.8284667,10,False,1,1
2026-05-21T03:41:06Z,1038J21000C8a,21000,C8a,0,10203,10202,2026-05-21T05:50:00,70200,10203,E,40.58532,-4.1321955,10,False,3,2
2026-05-21T03:41:06Z,1038J20409C4b,20409,C4b,0,18000,18101,2026-05-21T05:59:00,17005,18000,E,40.40654,-3.6895106,10,True,6,1
2026-05-21T03:41:06Z,1038J20706C5,20706,C5,0,35607,35606,2026-05-21T06:12:00,35002,35607,E,40.330883,-3.8823783,10,False,2,1
2026-05-21T03:41:06Z,1038J20704C5,20704,C5,0,35607,35606,2026-05-21T06:07:00,35002,35607,E,40.330883,-3.8823783,10,False,2,1
2026-05-21T03:41:06Z,1038J20703C5,20703,C5,0,35002,35010,2026-05-21T05:48:00,35607,35002,E,40.283237,-3.7991464,10,False,1,1
2026-05-21T03:41:06Z,1038J20702C5,20702,C5,0,35604,35603,2026-05-21T05:41:00,35002,35607,E,40.356674,-3.8156087,10,False,1,1
2026-05-21T03:41:06Z,1038J20406C4b,20406,C4b,0,17005,17004,2026-05-21T06:11:00,37012,17005,E,40.644844,-3.7762609,10,False,3,3
2026-05-21T03:41:06Z,1038J19521C5,19521,C5,0,35012,35002,2026-05-21T05:59:00,35607,35012,E,40.25559,-3.8284667,10,False,1,1
2026-05-21T03:41:06Z,1038J21200C10,21200,C10,0,17000,18002,2026-05-21T06:06:00,10200,17000,E,40.470848,-3.682503,10,False,8,4
2026-05-21T03:41:06Z,1038J21605C2,21605,C2,0,70200,70105,2026-05-21T06:03:00,12006,70200,E,40.644257,-3.1823237,10,True,1,1
2026-05-21T03:41:06Z,1038J20405C4b,20405,C4b,0,17000,17001,2026-05-21T05:43:00,17005,18000,52.0,40.486618,-3.676935,10,True,5,1
2026-05-21T03:41:06Z,1038J21603C2,21603,C2,3,70104,70107,2026-05-21T05:45:00,12006,70200,2.0,40.533966,-3.299317,10,False,1,1
2026-05-21T03:41:06Z,1038J20402C4b,20402,C4b,0,17005,17004,2026-05-21T05:48:00,37012,17005,E,40.644844,-3.7762609,10,True,3,3
2026-05-21T03:41:06Z,1038J21601C2,21601,C2,2,70108,70100,2026-05-21T05:44:00,12006,70200,27.0,40.416843,-3.5701935,10,False,1,1
2026-05-21T03:41:06Z,1038J35975C2,35975,C2,0,70200,70105,2026-05-21T06:11:00,17000,70200,E,40.644257,-3.1823237,10,False,1,1
2026-05-21T03:46:07Z,3038J23501C1,23501,C1,0,50701,50701,2026-05-21T05:46:35,50600,51003,A,37.574757,-5.8031654,30,False,1,1
2026-05-21T03:46:07Z,3038J23505C1,23505,C1,0,51200,51200,2026-05-21T06:00:00,50600,51200,A,37.18487,-5.7904587,30,False,3,3
2026-05-21T03:46:07Z,3038J23502C1,23502,C1,0,51003,51003,2026-05-21T05:55:00,51200,51003,A,37.392567,-5.9749837,30,False,9,9
2026-05-21T03:46:07Z,3038J23601C4,23601,C4,0,51003,51003,2026-05-21T05:54:00,51003,51003,A,37.392212,-5.9746737,30,False,8,8
2026-05-21T03:46:07Z,3238J23305C1,23305,C1,0,54517,54517,2026-05-21T05:55:00,54516,54517,A,36.715366,-4.4266005,32,False,1,1
2026-05-21T03:46:07Z,3238J23303C1,23303,C1,3,54519,54519,2026-05-21T05:46:57,54516,54517,A,36.613625,-4.509399,32,False,1,1
2026-05-21T03:46:07Z,4038J76600C3,76600,C3,0,66206,66206,2026-05-21T06:00:00,65002,66206,A,39.427246,-0.7875172,40,False,1,1
2026-05-21T03:46:07Z,4038J24380C6,24380,C6,0,65000,65000,2026-05-21T05:50:00,65312,65000,A,39.465065,-0.37811995,40,False,1,1
2026-05-21T03:46:07Z,4038J76201C1,76201,C1,0,65000,65000,2026-05-21T05:48:00,69110,65000,A,39.46634,-0.37753645,40,False,6,6
2026-05-21T03:46:07Z,5138J28404R2N,28404,R2N,2,79102,79102,2026-05-21T05:47:24,72400,79104,A,41.637882,2.4045222,50,True,2,2
2026-05-21T03:46:07Z,5138J28400R2N,28400,R2N,8,71801,71708,2026-05-21T05:52:52,72400,79100,E,41.37954,2.1411655,50,True,11,
2026-05-21T03:46:07Z,5138J25604R1,25604,R1,0,79500,79500,2026-05-21T05:46:11,72305,79603,A,41.53325,2.4456325,50,True,2,2
2026-05-21T03:46:07Z,5138J77400R4,77400,R4,4,72208,72208,2026-05-21T05:46:47,78600,71600,A,41.44866,1.865482,50,False,2,2
2026-05-21T03:46:07Z,5138J25702R1,25702,R1,-1,71801,71801,2026-05-21T05:46:42,72305,79500,A,41.379536,2.1411612,50,True,,
2026-05-21T03:46:07Z,5138J77508R4,77508,R4,0,78700,78700,2026-05-21T06:00:00,71600,78700,A,41.56993,2.0143688,50,False,,
2026-05-21T03:46:07Z,5138J78288R2,78288,R2,14,71704,71704,2026-05-21T05:47:40,79200,71700,A,41.27745,1.9777229,50,True,2,2
2026-05-21T03:46:07Z,5138J78280R2,78280,R2,7,79009,79004,2026-05-21T05:50:12,79104,71700,E,41.409042,2.1873875,50,True,2,1
2026-05-21T03:46:07Z,5138J25602R1,25602,R1,1,79404,79404,2026-05-21T05:46:04,72305,79603,A,41.445705,2.2490852,50,True,2,2
2026-05-21T03:46:07Z,5138J33520RL4,15620,RL4,4,78408,78500,2026-05-21T05:56:46,78600,78400,E,41.650364,1.1389741,50,False,1,2
2026-05-21T03:46:07Z,6038J26504C3,26504,C3,0,13200,13200,2026-05-21T05:50:00,13100,13200,A,43.260048,-2.928512,60,False,,
2026-05-21T03:46:07Z,6038J26602C3,26602,C3,0,13200,13200,2026-05-21T06:00:00,13106,13200,A,43.260048,-2.928512,60,False,,
2026-05-21T03:46:07Z,6038J26004C2,26004,C2,0,13506,13506,2026-05-21T05:54:00,13200,13506,A,43.321514,-3.1123157,60,False,1,1
2026-05-21T03:46:07Z,6038J71503C4,71503,C4,0,05485,05485,2026-05-21T05:58:00,05451,05485,A,43.19011,-3.1974015,60,False,1,1
2026-05-21T03:46:07Z,6038J71500C4,71500,C4,0,05451,05451,2026-05-21T06:00:00,05485,05451,A,43.25962,-2.9268775,60,False,4,4
2026-05-21T03:46:07Z,6038J26104C1,26104,C1,0,13405,13405,2026-05-21T05:59:00,13200,13405,A,43.328575,-3.0296164,60,False,1,1
2026-05-21T03:46:07Z,6038J26005C2,26005,C2,0,13200,13200,2026-05-21T05:54:00,13506,13200,A,43.260166,-2.9285789,60,False,,
2026-05-21T03:46:07Z,6038J26000C2,26000,C2,0,13206,13205,2026-05-21T05:48:11,13200,13506,E,43.254475,-2.94373,60,False,2,2
2026-05-21T03:46:07Z,6038J26102C1,26102,C1,1,13400,13400,2026-05-21T05:46:10,13200,13405,A,43.300285,-2.9842513,60,False,2,2
2026-05-21T03:46:07Z,6038J26002C2,26002,C2,1,13503,13502,2026-05-21T05:48:02,13200,13506,E,43.301556,-3.0287716,60,False,1,1
2026-05-21T03:46:07Z,6238J71351C3,71351,C3,0,14223,14223,2026-05-21T05:50:00,05671,14223,A,43.45811,-3.8111749,62,True,9AM,9AM
2026-05-21T03:46:07Z,6238J71104C2,71104,C2,0,14223,14223,2026-05-21T05:58:00,05623,14223,A,43.45811,-3.8111749,62,True,2AM,2AM
2026-05-21T03:46:07Z,2038J22000C1,22000,C1,0,15211,15218,2026-05-21T05:57:00,15122,15211,E,43.36655,-5.854991,20,False,2,2
2026-05-21T03:46:07Z,2038J22002C1,22002,C1,0,15211,15218,2026-05-21T06:17:00,15122,15211,E,43.36655,-5.854991,20,False,2,2
2026-05-21T03:46:07Z,2038J22101C1,22101,C1,0,15400,15400,2026-05-21T05:45:00,15410,15218,A,43.541653,-5.722776,20,False,1,1
2026-05-21T03:46:07Z,2038J70400C5,70400,C5,0,05432,05431,2026-05-21T05:47:00,15410,05443,E,43.289085,-5.6529665,20,False,1,1
2026-05-21T03:46:07Z,2038J70201C4,70201,C4,0,05211,05210,2026-05-21T06:17:00,15410,05211,E,43.58464,-5.772605,20,False,1,1
2026-05-21T03:46:07Z,2038J22303C3,22303,C3,0,15218,15211,2026-05-21T05:55:00,16405,15218,E,43.3588,-5.8573804,20,False,1,1
2026-05-21T03:46:07Z,2038J70900C8,70900,C8,0,05377,05379,2026-05-21T05:56:00,05389,05373,E,43.17608,-5.754903,20,False,2,3
2026-05-21T03:46:07Z,2038J70502C7,70502,C7,0,05325,05327,2026-05-21T06:18:00,05329,05325,E,43.490948,-6.1104946,20,False,4,2
2026-05-21T03:46:07Z,2038J22004C1,22004,C1,0,15410,15401,2026-05-21T06:14:00,15118,15410,E,43.537712,-5.676047,20,False,2,2
2026-05-21T03:46:07Z,2038J70501C7,70501,C7,0,05311,05308,2026-05-21T05:51:00,15211,05311,E,43.34864,-5.9676714,20,False,1,1
2026-05-21T03:46:07Z,2038J70500C7,70500,C7,0,05311,05311,2026-05-21T05:45:00,05311,15211,A,43.34864,-5.9676714,20,False,1,1
2026-05-21T03:46:07Z,2038J22103C1,22103,C1,0,15217,15217,2026-05-21T05:48:00,15410,15218,A,43.38812,-5.8272715,20,False,1,1
2026-05-21T03:46:07Z,4138J84900C2,84900,C2,0,06006,06005,2026-05-21T06:14:00,61200,06006,E,37.672035,-1.6961039,41,False,1,1
2026-05-21T03:46:07Z,1038J21804C7,21804,C7,0,10000,10001,2026-05-21T06:13:00,70103,10000,E,40.42163,-3.7193205,10,False,2,2
2026-05-21T03:46:07Z,1038J21800C7,21800,C7,0,17000,18002,2026-05-21T05:53:00,70103,17000,E,40.47113,-3.6828332,10,False,7,2
2026-05-21T03:46:07Z,1038J20709C5,20709,C5,0,35002,35010,2026-05-21T06:16:00,35607,35002,E,40.283237,-3.7991464,10,False,1,1
2026-05-21T03:46:07Z,1038J20209C4a,20209,C4a,0,37001,60100,2026-05-21T05:50:00,19003,37012,E,40.34132,-3.7123663,10,True,1,2
2026-05-21T03:46:07Z,1038J20208C4,20208,C4,0,17000,18002,2026-05-21T05:52:00,37012,17000,E,40.471325,-3.6833096,10,False,2,8
2026-05-21T03:46:07Z,1038J21500C2,21500,C2,2,70112,70111,2026-05-21T05:50:00,70200,17000,2.0,40.464493,-3.4405057,10,False,2,2
2026-05-21T03:46:07Z,1038J21100C10,21100,C10,1,10101,10100,2026-05-21T05:49:00,17000,10200,E,40.552284,-3.8969665,10,False,2,4
2026-05-21T03:46:07Z,1038J21508C2,21508,C2,0,17000,18002,2026-05-21T06:00:00,70200,17000,E,40.47097,-3.68245,10,False,12,2
2026-05-21T03:46:07Z,1038J21506C2,21506,C2,1,18002,18001,2026-05-21T05:49:00,70200,17000,E,40.44655,-3.691473,10,False,2,2
2026-05-21T03:46:07Z,1038J21505C2,21505,C2,0,70200,70105,2026-05-21T06:20:00,17000,70200,E,40.644257,-3.1823237,10,True,1,1
2026-05-21T03:46:07Z,1038J21504C2,21504,C2,4,18000,18000,2026-05-21T05:45:00,70200,18002,A,40.40667,-3.689395,10,True,3,3
2026-05-21T03:46:07Z,1038J20207C4a,20207,C4a,1,18000,18101,2026-05-21T05:48:00,19003,18000,5.0,40.407196,-3.6902275,10,True,6,1
2026-05-21T03:46:07Z,1038J20206C4,20206,C4,0,37001,37010,2026-05-21T06:08:00,37012,37001,E,40.34132,-3.7123663,10,False,2,2
2026-05-21T03:46:07Z,1038J20601C8b,20601,C8b,0,17000,97201,2026-05-21T06:17:00,12006,17000,E,40.47113,-3.6828332,10,False,11,1
2026-05-21T03:46:07Z,1038J20205C4a,20205,C4a,0,17000,17001,2026-05-21T05:48:00,19003,37012,E,40.471325,-3.6833096,10,True,3,1
2026-05-21T03:46:07Z,1038J20600C8b,20600,C8b,0,12006,12005,2026-05-21T06:03:00,70200,12006,E,40.737614,-4.0662985,10,True,2,1
2026-05-21T03:46:07Z,1038J20204C4,20204,C4,0,60100,60100,2026-05-21T05:47:00,37012,17000,A,40.352676,-3.684073,10,True,1,1
2026-05-21T03:46:07Z,1038J21503C2,21503,C2,2,70105,70104,2026-05-21T05:49:00,17000,70200,27.0,40.553814,-3.274277,10,False,1,1
2026-05-21T03:46:07Z,1038J21809C7,21809,C7,0,70103,70111,2026-05-21T06:04:00,10000,70103,E,40.4889,-3.3666708,10,False,5,1
2026-05-21T03:46:07Z,1038J78002C3,78002,C3,6,60101,60109,2026-05-21T05:46:00,60200,17000,E,40.331753,-3.6989367,10,False,2,2
2026-05-21T03:46:07Z,1038J21807C7,21807,C7,0,18000,18001,2026-05-21T06:10:00,10000,18000,E,40.40667,-3.6893938,10,False,2,1
2026-05-21T03:46:07Z,1038J21501C2,21501,C2,0,70112,70112,2026-05-21T05:45:00,10203,70200,A,40.464172,-3.4414766,10,False,1,1
2026-05-21T03:46:07Z,1038J78003C3,78003,C3,5,60101,60107,2026-05-21T05:49:00,17000,60200,E,40.331753,-3.6989367,10,False,1,1
2026-05-21T03:46:07Z,1038J21104C10,21104,C10,0,10200,10104,2026-05-21T06:14:00,17000,10200,E,40.62599,-4.0081153,10,False,4,2
2026-05-21T03:46:07Z,1038J78006C3,78006,C3,0,17000,18002,2026-05-21T06:01:00,60200,17000,E,40.471382,-3.6834786,10,False,2,8
2026-05-21T03:46:07Z,1038J21303C10,21303,C10,0,18004,18003,2026-05-21T05:47:00,17000,10000,E,40.40042,-3.6927843,10,False,1,1
2026-05-21T03:46:07Z,1038J78005C3,78005,C3,3,60105,60104,2026-05-21T05:49:00,17000,60200,42.0,40.176807,-3.6318119,10,False,1,1
2026-05-21T03:46:07Z,1038J20212C4a,20212,C4a,2,19002,19001,2026-05-21T05:49:00,37012,19003,3.0,40.54773,-3.6551883,10,False,2,2
2026-05-21T03:46:07Z,1038J78008C3,78008,C3,0,17000,18002,2026-05-21T06:16:00,60200,17000,E,40.471382,-3.6834786,10,False,2,8
2026-05-21T03:46:07Z,1038J19502C5,19502,C5,0,35001,35001,2026-05-21T05:46:00,35012,35607,A,40.328766,-3.7714624,10,False,2,2
2026-05-21T03:46:07Z,1038J21512C2,21512,C2,0,17000,18002,2026-05-21T06:14:00,70200,17000,E,40.47097,-3.68245,10,False,12,2
2026-05-21T03:46:07Z,1038J21510C2,21510,C2,0,17000,18002,2026-05-21T06:09:00,70200,17000,E,40.47097,-3.68245,10,False,12,2
2026-05-21T03:46:07Z,1038J20211C4a,20211,C4a,0,37002,37010,2026-05-21T06:02:00,19003,37002,E,40.309868,-3.733689,10,False,1,1
2026-05-21T03:46:07Z,1038J21703C2,21703,C2,0,18000,18000,2026-05-21T05:46:00,10203,70103,A,40.40667,-3.689395,10,False,2,2
2026-05-21T03:46:07Z,1038J20216C4a,20216,C4a,0,19003,19002,2026-05-21T06:07:00,37012,19003,E,40.546417,-3.6351175,10,False,2,2
2026-05-21T03:46:07Z,1038J19508C5,19508,C5,0,35610,35610,2026-05-21T05:45:00,35012,35607,A,40.34195,-3.8423326,10,False,1,1
2026-05-21T03:46:07Z,1038J19509C5,19509,C5,0,35009,37001,2026-05-21T05:45:00,35607,35012,E,40.34086,-3.7482634,10,False,1,4
2026-05-21T03:46:07Z,1038J19504C5,19504,C5,0,18003,35702,2026-05-21T05:49:00,35012,35607,E,40.39592,-3.6779969,10,False,2,2
2026-05-21T03:46:07Z,1038J19799C1,19799,C1,6,98304,98305,2026-05-21T05:51:00,98305,18000,2.0,40.48191,-3.615676,10,False,2,1
2026-05-21T03:46:07Z,1038J20706C5,20706,C5,0,35607,35606,2026-05-21T06:12:00,35002,35607,E,40.330883,-3.8823783,10,False,2,1
2026-05-21T03:46:07Z,1038J19503C5,19503,C5,0,35609,35608,2026-05-21T05:49:00,35607,35012,E,40.405067,-3.7026901,10,False,2,2
2026-05-21T03:46:07Z,1038J19800C1,19800,C1,0,17000,98003,2026-05-21T05:54:00,98305,17000,E,40.47102,-3.6825693,10,False,12,2
2026-05-21T03:46:07Z,1038J19803C1,19803,C1,0,98305,98304,2026-05-21T05:59:00,17000,98305,E,40.4924,-3.593483,10,False,2,1
2026-05-21T03:46:07Z,1038J19527C5,19527,C5,0,35012,35002,2026-05-21T06:05:00,35607,35012,E,40.25559,-3.8284667,10,False,1,1
2026-05-21T03:46:07Z,1038J19533C5,19533,C5,0,35012,35002,2026-05-21T06:20:00,35607,35012,E,40.25559,-3.8284667,10,False,1,1
2026-05-21T03:46:07Z,1038J19505C5,19505,C5,0,37001,35704,2026-05-21T05:40:00,35607,35012,S,40.34132,-3.7123663,10,False,4,1
2026-05-21T03:46:07Z,1038J19531C5,19531,C5,0,35012,35002,2026-05-21T06:10:00,35607,35012,E,40.25559,-3.8284667,10,False,1,1
2026-05-21T03:46:07Z,1038J19510C5,19510,C5,0,35607,35606,2026-05-21T05:53:00,35012,35607,E,40.330883,-3.8823783,10,False,2,1
2026-05-21T03:46:07Z,1038J20409C4b,20409,C4b,0,18000,18101,2026-05-21T05:59:00,17005,18000,E,40.40654,-3.6895106,10,True,6,1
2026-05-21T03:46:07Z,1038J19513C5,19513,C5,0,35010,35010,2026-05-21T05:42:00,35607,35012,A,40.29673,-3.7924793,10,False,1,1
2026-05-21T03:46:07Z,1038J20406C4b,20406,C4b,0,17005,17004,2026-05-21T06:11:00,37012,17005,E,40.644844,-3.7762609,10,False,3,3
2026-05-21T03:46:07Z,1038J19512C5,19512,C5,0,35607,35606,2026-05-21T06:01:00,35012,35607,E,40.330883,-3.8823783,10,False,2,1
2026-05-21T03:46:07Z,1038J19518C5,19518,C5,0,35607,35606,2026-05-21T06:17:00,35012,35607,E,40.330883,-3.8823783,10,False,2,1
2026-05-21T03:46:07Z,1038J19515C5,19515,C5,0,35012,35002,2026-05-21T05:53:00,35607,35012,E,40.25559,-3.8284667,10,False,1,1
2026-05-21T03:46:07Z,1038J21001C8a,21001,C8a,0,17000,97201,2026-05-21T06:03:00,10203,17000,E,40.47113,-3.6828332,10,False,11,1
2026-05-21T03:46:07Z,1038J21000C8a,21000,C8a,0,10203,10202,2026-05-21T05:50:00,70200,10203,E,40.58532,-4.1321955,10,False,3,2
2026-05-21T03:46:07Z,1038J20704C5,20704,C5,0,35607,35606,2026-05-21T06:07:00,35002,35607,E,40.330883,-3.8823783,10,False,2,1
2026-05-21T03:46:07Z,1038J20703C5,20703,C5,0,35002,35010,2026-05-21T05:48:00,35607,35002,E,40.283237,-3.7991464,10,False,1,1
2026-05-21T03:46:07Z,1038J20702C5,20702,C5,0,35601,35601,2026-05-21T05:45:00,35002,35607,A,40.38357,-3.7686734,10,False,1,1
2026-05-21T03:46:07Z,1038J19521C5,19521,C5,0,35012,35002,2026-05-21T05:59:00,35607,35012,E,40.25559,-3.8284667,10,False,1,1
2026-05-21T03:46:07Z,1038J20405C4b,20405,C4b,1,17001,17009,2026-05-21T05:49:00,17005,18000,E,40.25559,-3.8284667,10,True,1,1
2026-05-21T03:46:07Z,1038J21200C10,21200,C10,0,17000,18002,2026-05-21T06:06:00,10200,17000,E,40.470848,-3.682503,10,False,8,4
2026-05-21T03:46:07Z,1038J21605C2,21605,C2,0,70200,70105,2026-05-21T06:03:00,12006,70200,E,40.644257,-3.1823237,10,True,1,1
2026-05-21T03:46:07Z,1038J20402C4b,20402,C4b,2,17005,17004,2026-05-21T05:50:00,37012,17005,35.0,40.648834,-3.7402823,10,True,3,3
2026-05-21T03:46:07Z,1038J21603C2,21603,C2,3,70107,70103,2026-05-21T05:52:00,12006,70200,1.0,40.505154,-3.3355575,10,False,1,5
2026-05-21T03:46:07Z,1038J21601C2,21601,C2,1,70109,70005,2026-05-21T05:48:00,12006,70200,E,40.38707,-3.6090817,10,False,1,1
2026-05-21T03:46:07Z,1038J35975C2,35975,C2,0,70200,70105,2026-05-21T06:11:00,17000,70200,E,40.644257,-3.1823237,10,False,1,1
2026-05-21T03:46:07Z,1038J35973C2,35973,C2,3,70101,98003,2026-05-21T05:58:00,17000,70103,8.0,40.43416,-3.5529332,10,False,3,1
2026-05-21T03:46:07Z,1038J19805C1,19805,C1,0,98305,98304,2026-05-21T06:14:00,17000,98305,E,40.4924,-3.593483,10,False,2,1
2026-05-21T03:51:06Z,3038J23500C1,23500,C1,0,51202,51202,2026-05-21T05:51:47,51203,51003,A,37.018406,-5.9459043,30,False,2,2
2026-05-21T03:51:06Z,3038J23601C4,23601,C4,0,51003,51003,2026-05-21T05:54:00,51003,51003,A,37.392212,-5.9746737,30,False,8,8
2026-05-21T03:51:06Z,3038J23505C1,23505,C1,0,51200,51200,2026-05-21T06:00:00,50600,51200,A,37.18487,-5.7904587,30,False,3,3
2026-05-21T03:51:06Z,3038J23701C5,23701,C5,0,43005,43005,2026-05-21T06:05:00,51103,43005,A,37.35694,-6.208262,30,False,3,3
2026-05-21T03:51:06Z,3038J23502C1,23502,C1,0,51003,51003,2026-05-21T05:55:00,51200,51003,A,37.392567,-5.9749837,30,False,9,9
2026-05-21T03:51:06Z,3238J23151C2,23151,C2,0,54412,54412,2026-05-21T05:52:37,54405,54517,A,36.698467,-4.4782205,32,False,,
2026-05-21T03:51:06Z,3238J23303C1,23303,C1,3,54511,54511,2026-05-21T05:51:54,54516,54517,A,36.59906,-4.536344,32,False,2,2
2026-05-21T03:51:06Z,3238J23305C1,23305,C1,0,54517,54517,2026-05-21T05:55:00,54516,54517,A,36.715366,-4.4266005,32,False,1,1
2026-05-21T03:51:06Z,4038J76600C3,76600,C3,0,66206,66206,2026-05-21T06:00:00,65002,66206,A,39.427246,-0.7875172,40,False,1,1
2026-05-21T03:51:06Z,4038J76654C3,76654,C3,0,65000,65000,2026-05-21T06:05:00,66200,65000,A,39.466278,-0.37721187,40,False,3,3
2026-05-21T03:51:06Z,5138J28404R2N,28404,R2N,2,79101,79101,2026-05-21T05:51:04,72400,79104,A,41.636314,2.3562145,50,True,2,2
2026-05-21T03:51:06Z,5138J28400R2N,28400,R2N,7,71708,71708,2026-05-21T05:52:00,72400,79100,A,41.35488,2.1156967,50,True,,
2026-05-21T03:51:06Z,5138J25604R1,25604,R1,1,79412,79412,2026-05-21T05:51:53,72305,79603,A,41.50672,2.4016483,50,True,2,2
2026-05-21T03:51:06Z,5138J78288R2,78288,R2,15,71705,71705,2026-05-21T05:51:40,79200,71700,A,41.27877,1.9793723,50,True,2,2
2026-05-21T03:51:06Z,5138J77600R4,77600,R4,1,78800,78800,2026-05-21T05:51:18,78600,72209,A,41.470253,2.1794534,50,False,6,6
2026-05-21T03:51:06Z,5138J77502R4,77502,R4,11,72301,72300,2026-05-21T05:57:40,71600,78700,E,41.38308,2.0479817,50,False,1,1
2026-05-21T03:51:06Z,5138J77702R4,77702,R4,2,78802,78802,2026-05-21T05:51:50,72209,78800,A,41.430275,2.1831505,50,True,2,2
2026-05-21T03:51:06Z,5138J77504R4,77504,R4,0,71801,72305,2026-05-21T05:58:36,71600,78700,E,41.379536,2.1411612,50,False,7,4
2026-05-21T03:51:06Z,6038J26105C1,26105,C1,0,13200,13200,2026-05-21T06:05:00,13405,13200,A,43.260048,-2.928513,60,False,,
2026-05-21T03:51:06Z,6038J26005C2,26005,C2,0,13200,13200,2026-05-21T05:54:00,13506,13200,A,43.260166,-2.9285789,60,False,,
2026-05-21T03:51:06Z,6038J26600C3,26600,C3,-1,13110,13110,2026-05-21T05:53:19,13106,13200,A,43.17912,-2.9028738,60,False,2,2
2026-05-21T03:51:06Z,6038J26004C2,26004,C2,0,13506,13506,2026-05-21T05:54:00,13200,13506,A,43.321514,-3.1123157,60,False,1,1
2026-05-21T03:51:06Z,6038J26102C1,26102,C1,1,13304,13304,2026-05-21T05:51:15,13200,13405,A,43.27778,-2.972136,60,False,2,2
2026-05-21T03:51:06Z,6038J71503C4,71503,C4,0,05485,05485,2026-05-21T05:58:00,05451,05485,A,43.19011,-3.1974015,60,False,1,1
2026-05-21T03:51:06Z,6038J71500C4,71500,C4,0,05451,05451,2026-05-21T06:00:00,05485,05451,A,43.25962,-2.9268775,60,False,4,4
2026-05-21T03:51:06Z,6038J26002C2,26002,C2,0,13501,13400,2026-05-21T05:56:08,13200,13506,E,43.304123,-3.010197,60,False,1,2
2026-05-21T03:51:06Z,6038J26104C1,26104,C1,0,13405,13405,2026-05-21T05:59:00,13200,13405,A,43.328575,-3.0296164,60,False,1,1
2026-05-21T03:51:06Z,6038J26602C3,26602,C3,0,13200,13200,2026-05-21T06:00:00,13106,13200,A,43.260048,-2.928512,60,False,,
2026-05-21T03:51:06Z,6138J32769C1,32769,C1,0,11505,11506,2026-05-21T05:55:17,11600,11400,E,43.2221,-2.015703,61,False,1,
2026-05-21T03:51:06Z,6238J71104C2,71104,C2,0,14223,14223,2026-05-21T05:58:00,05623,14223,A,43.45811,-3.8111749,62,True,2AM,2AM
2026-05-21T03:51:06Z,2038J22000C1,22000,C1,0,15211,15218,2026-05-21T05:57:00,15122,15211,E,43.36655,-5.854991,20,False,2,2
2026-05-21T03:51:06Z,2038J22002C1,22002,C1,0,15211,15218,2026-05-21T06:17:00,15122,15211,E,43.36655,-5.854991,20,False,2,2
2026-05-21T03:51:06Z,2038J22200C2,22200,C2,0,15210,15209,2026-05-21T05:53:00,16011,15211,37.0,43.322723,-5.8765864,20,False,2,2
2026-05-21T03:51:06Z,2038J22101C1,22101,C1,0,15401,15410,2026-05-21T05:53:00,15410,15218,E,43.535202,-5.6971354,20,False,1,1
2026-05-21T03:51:06Z,2038J70502C7,70502,C7,0,05325,05327,2026-05-21T06:18:00,05329,05325,E,43.490948,-6.1104946,20,False,4,2
2026-05-21T03:51:06Z,2038J22202C2,22202,C2,0,15211,15218,2026-05-21T06:23:00,16011,15211,E,43.366478,-5.855087,20,False,2,2
2026-05-21T03:51:06Z,2038J70750C6,70750,C6,0,05507,05505,2026-05-21T05:56:00,15211,05513,E,43.381004,-5.7487216,20,False,2,2
2026-05-21T03:51:06Z,2038J70900C8,70900,C8,0,05377,05379,2026-05-21T05:56:00,05389,05373,E,43.17608,-5.754903,20,False,2,3
2026-05-21T03:51:06Z,2038J70400C5,70400,C5,0,05427,05426,2026-05-21T05:54:00,15410,05443,E,43.296936,-5.6802325,20,False,1,1
2026-05-21T03:51:06Z,2038J70201C4,70201,C4,0,05211,05210,2026-05-21T06:17:00,15410,05211,E,43.537712,-5.676047,20,False,1,1
2026-05-21T03:51:06Z,2038J22004C1,22004,C1,0,15410,15401,2026-05-21T06:14:00,15118,15410,E,43.537712,-5.676047,20,False,2,2
2026-05-21T03:51:06Z,2038J70501C7,70501,C7,0,05308,05306,2026-05-21T05:53:00,15211,05311,E,43.356472,-5.9650364,20,False,1,1
2026-05-21T03:51:06Z,2038J22303C3,22303,C3,0,15218,15211,2026-05-21T05:55:00,16405,15218,E,43.3588,-5.8573804,20,False,1,1
2026-05-21T03:51:06Z,4138J24701C1,24701,C1,0,62109,62109,2026-05-21T05:54:00,61200,60911,A,38.329018,-0.5086223,41,False,1,1
2026-05-21T03:51:06Z,4138J84900C2,84900,C2,0,06006,06005,2026-05-21T06:14:00,61200,06006,E,37.672035,-1.6961039,41,False,1,1
2026-05-21T03:51:06Z,1038J21001C8a,21001,C8a,0,17000,97201,2026-05-21T06:03:00,10203,17000,E,40.47113,-3.6828332,10,False,11,1
2026-05-21T03:51:06Z,1038J21104C10,21104,C10,0,10200,10104,2026-05-21T06:14:00,17000,10200,E,40.62599,-4.0081153,10,False,4,2
2026-05-21T03:51:06Z,1038J20411C4b,20411,C4b,0,37011,37002,2026-05-21T05:53:00,17005,37012,E,40.288372,-3.7373493,10,True,1,1
2026-05-21T03:51:06Z,1038J21000C8a,21000,C8a,2,10203,10202,2026-05-21T05:52:00,70200,10203,82.0,40.607265,-4.063473,10,False,3,2
2026-05-21T03:51:06Z,1038J21500C2,21500,C2,3,70111,70103,2026-05-21T05:57:00,70200,17000,S,40.480347,-3.39294,10,False,2,1
2026-05-21T03:51:06Z,1038J21804C7,21804,C7,0,10000,10001,2026-05-21T06:13:00,70103,10000,E,40.42163,-3.7193205,10,False,2,2
2026-05-21T03:51:06Z,1038J21802C7,21802,C7,0,17000,18002,2026-05-21T06:24:00,70103,17000,E,40.47113,-3.6828332,10,False,7,2
2026-05-21T03:51:06Z,1038J21100C10,21100,C10,2,10100,10005,2026-05-21T05:53:00,17000,10200,37.0,40.512093,-3.8766038,10,False,4,1
2026-05-21T03:51:06Z,1038J21508C2,21508,C2,0,17000,18002,2026-05-21T06:00:00,70200,17000,E,40.47097,-3.68245,10,False,12,2
2026-05-21T03:51:06Z,1038J21800C7,21800,C7,0,17000,18002,2026-05-21T05:53:00,70103,17000,52.0,40.4589,-3.688676,10,False,7,2
2026-05-21T03:51:06Z,1038J20710C5,20710,C5,0,35607,35606,2026-05-21T06:22:00,35002,35607,E,40.330883,-3.8823783,10,False,2,1
2026-05-21T03:51:06Z,1038J20709C5,20709,C5,0,35002,35010,2026-05-21T06:16:00,35607,35002,E,40.283237,-3.7991464,10,False,1,1
2026-05-21T03:51:06Z,1038J20208C4,20208,C4,0,18002,18002,2026-05-21T05:52:00,37012,17000,A,40.4466,-3.6920877,10,True,8,8
2026-05-21T03:51:06Z,1038J20207C4a,20207,C4a,0,18002,18002,2026-05-21T05:52:00,19003,18000,A,40.4466,-3.6920877,10,True,6,6
2026-05-21T03:51:06Z,1038J20206C4,20206,C4,0,37001,37010,2026-05-21T06:08:00,37012,37001,E,40.34132,-3.7123663,10,False,2,2
2026-05-21T03:51:06Z,1038J20601C8b,20601,C8b,0,17000,97201,2026-05-21T06:17:00,12006,17000,E,40.47113,-3.6828332,10,False,11,1
2026-05-21T03:51:06Z,1038J20205C4a,20205,C4a,3,17001,17009,2026-05-21T05:56:00,19003,37012,E,40.501648,-3.6821797,10,True,1,1
2026-05-21T03:51:06Z,1038J21506C2,21506,C2,3,18001,18000,2026-05-21T05:57:00,70200,17000,S,40.42352,-3.6912522,10,False,2,3
2026-05-21T03:51:06Z,1038J21505C2,21505,C2,0,70200,70105,2026-05-21T06:20:00,17000,70200,E,40.644257,-3.1823237,10,True,1,1
2026-05-21T03:51:06Z,1038J20600C8b,20600,C8b,0,12006,12005,2026-05-21T06:03:00,70200,12006,E,40.737614,-4.0662985,10,True,2,1
2026-05-21T03:51:06Z,1038J21504C2,21504,C2,5,70002,70002,2026-05-21T05:51:00,70200,18002,A,40.381775,-3.6681283,10,True,2,2
2026-05-21T03:51:06Z,1038J20204C4,20204,C4,0,37001,37010,2026-05-21T05:54:00,37012,17000,E,40.34132,-3.7123663,10,True,2,2
2026-05-21T03:51:06Z,1038J21503C2,21503,C2,0,70107,70103,2026-05-21T05:58:00,17000,70200,E,40.50538,-3.3352833,10,False,1,5
2026-05-21T03:51:06Z,1038J21809C7,21809,C7,0,70103,70111,2026-05-21T06:04:00,10000,70103,E,40.4889,-3.3666708,10,False,5,1
2026-05-21T03:51:06Z,1038J21807C7,21807,C7,0,18000,18001,2026-05-21T06:10:00,10000,18000,E,40.40667,-3.6893938,10,False,2,1
2026-05-21T03:51:06Z,1038J21501C2,21501,C2,2,70102,70101,2026-05-21T05:55:00,10203,70200,E,40.454636,-3.4796963,10,False,1,1
2026-05-21T03:51:06Z,1038J21303C10,21303,C10,0,18000,18000,2026-05-21T05:53:00,17000,10000,A,40.406666,-3.6893957,10,False,1,1
2026-05-21T03:51:06Z,1038J20212C4a,20212,C4a,1,17009,17009,2026-05-21T05:51:00,37012,19003,A,40.54373,-3.7003317,10,True,2,2
2026-05-21T03:51:06Z,1038J19502C5,19502,C5,0,35010,35010,2026-05-21T05:51:00,35012,35607,A,40.29673,-3.7924793,10,False,2,2
2026-05-21T03:51:06Z,1038J20211C4a,20211,C4a,0,37002,37010,2026-05-21T06:02:00,19003,37002,E,40.309868,-3.733689,10,False,1,1
2026-05-21T03:51:06Z,1038J20210C4,20210,C4,0,37001,37010,2026-05-21T06:22:00,37012,37001,E,40.34132,-3.7123663,10,False,2,2
2026-05-21T03:51:06Z,1038J20218C4a,20218,C4a,0,19003,19002,2026-05-21T06:20:00,37012,19003,E,40.546417,-3.6351175,10,False,2,2
2026-05-21T03:51:06Z,1038J78002C3,78002,C3,10,60109,60102,2026-05-21T05:53:00,60200,17000,37.0,40.313812,-3.7088888,10,True,2,2
2026-05-21T03:51:06Z,1038J21703C2,21703,C2,2,18001,18001,2026-05-21T05:50:00,10203,70103,A,40.42352,-3.6912522,10,False,1,1
2026-05-21T03:51:06Z,1038J78004C3,78004,C3,0,60107,60107,2026-05-21T05:52:00,60200,17000,A,40.342415,-3.6838048,10,False,2,2
2026-05-21T03:51:06Z,1038J20216C4a,20216,C4a,0,19003,19002,2026-05-21T06:07:00,37012,19003,E,40.546417,-3.6351175,10,True,2,2
2026-05-21T03:51:06Z,1038J21304C10,21304,C10,0,17000,18002,2026-05-21T06:21:00,10100,17000,E,40.470848,-3.682503,10,False,8,4
2026-05-21T03:51:06Z,1038J78006C3,78006,C3,0,17000,18002,2026-05-21T06:01:00,60200,17000,E,40.471382,-3.6834786,10,False,2,8
2026-05-21T03:51:06Z,1038J19508C5,19508,C5,0,35605,35604,2026-05-21T05:50:00,35012,35607,S,40.3503,-3.8317595,10,False,1,1
2026-05-21T03:51:06Z,1038J78005C3,78005,C3,3,60104,60103,2026-05-21T05:54:00,17000,60200,42.0,40.215622,-3.682048,10,False,1,1
2026-05-21T03:51:06Z,1038J78008C3,78008,C3,0,17000,18002,2026-05-21T06:16:00,60200,17000,E,40.471382,-3.6834786,10,False,2,8
2026-05-21T03:51:06Z,1038J21512C2,21512,C2,0,17000,18002,2026-05-21T06:14:00,70200,17000,E,40.47097,-3.68245,10,False,12,2
2026-05-21T03:51:06Z,1038J21510C2,21510,C2,0,17000,18002,2026-05-21T06:09:00,70200,17000,E,40.47097,-3.68245,10,False,12,2
2026-05-21T03:51:06Z,1038J20706C5,20706,C5,0,35607,35606,2026-05-21T06:12:00,35002,35607,E,40.330883,-3.8823783,10,False,2,1
2026-05-21T03:51:06Z,1038J19802C1,19802,C1,0,17000,98003,2026-05-21T06:24:00,98305,17000,E,40.47102,-3.6825693,10,False,12,2
2026-05-21T03:51:06Z,1038J19527C5,19527,C5,0,35012,35002,2026-05-21T06:05:00,35607,35012,E,40.25559,-3.8284667,10,False,1,1
2026-05-21T03:51:06Z,1038J19509C5,19509,C5,0,37001,35704,2026-05-21T05:48:00,35607,35012,S,40.34132,-3.7123663,10,False,4,1
2026-05-21T03:51:06Z,1038J19533C5,19533,C5,0,35012,35002,2026-05-21T06:20:00,35607,35012,E,40.25559,-3.8284667,10,False,1,1
2026-05-21T03:51:06Z,1038J19504C5,19504,C5,0,35703,35703,2026-05-21T05:51:00,35012,35607,A,40.367134,-3.7043796,10,False,2,2
2026-05-21T03:51:06Z,1038J19531C5,19531,C5,0,35012,35002,2026-05-21T06:10:00,35607,35012,E,40.25559,-3.8284667,10,False,1,1
2026-05-21T03:51:06Z,1038J20409C4b,20409,C4b,0,18000,18101,2026-05-21T05:59:00,17005,18000,E,40.40654,-3.6895106,10,True,6,1
2026-05-21T03:51:06Z,1038J20408C4b,20408,C4b,0,17005,17004,2026-05-21T06:24:00,37012,17005,E,40.644844,-3.7762609,10,False,3,3
2026-05-21T03:51:06Z,1038J19503C5,19503,C5,0,35608,35600,2026-05-21T05:52:00,35607,35012,70.0,40.392857,-3.7583165,10,False,2,2
2026-05-21T03:51:06Z,1038J19505C5,19505,C5,0,35702,35702,2026-05-21T05:44:00,35607,35012,A,40.3791,-3.6987777,10,False,1,1
2026-05-21T03:51:06Z,1038J20407C4b,20407,C4b,3,18000,18101,2026-05-21T05:53:00,17005,37012,5.0,40.407196,-3.6902275,10,True,6,1
2026-05-21T03:51:06Z,1038J19510C5,19510,C5,0,35607,35606,2026-05-21T05:53:00,35012,35607,E,40.330883,-3.8823783,10,False,2,1
2026-05-21T03:51:06Z,1038J19513C5,19513,C5,0,35001,35009,2026-05-21T05:50:00,35607,35012,E,40.328766,-3.7714624,10,False,1,1
2026-05-21T03:51:06Z,1038J20406C4b,20406,C4b,0,17005,17004,2026-05-21T06:11:00,37012,17005,E,40.644844,-3.7762609,10,True,3,3
2026-05-21T03:51:06Z,1038J19512C5,19512,C5,0,35607,35606,2026-05-21T06:01:00,35012,35607,E,40.330883,-3.8823783,10,False,2,1
2026-05-21T03:51:06Z,1038J19518C5,19518,C5,0,35607,35606,2026-05-21T06:17:00,35012,35607,E,40.330883,-3.8823783,10,False,2,1
2026-05-21T03:51:06Z,1038J20405C4b,20405,C4b,0,17003,17004,2026-05-21T05:55:00,17005,18000,E,40.558834,-3.7141593,10,False,1,2
2026-05-21T03:51:06Z,1038J19515C5,19515,C5,0,35002,35002,2026-05-21T05:53:00,35607,35012,A,40.283237,-3.7991464,10,False,1,1
2026-05-21T03:51:06Z,1038J20402C4b,20402,C4b,3,17004,17003,2026-05-21T05:55:00,37012,17005,E,40.59852,-3.7158544,10,False,3,2
2026-05-21T03:51:06Z,1038J20704C5,20704,C5,0,35607,35606,2026-05-21T06:07:00,35002,35607,E,40.330883,-3.8823783,10,False,2,1
2026-05-21T03:51:06Z,1038J19537C5,19537,C5,0,35012,35002,2026-05-21T06:25:00,35607,35012,E,40.25559,-3.8284667,10,False,1,1
2026-05-21T03:51:06Z,1038J20703C5,20703,C5,0,35010,35011,2026-05-21T05:50:00,35607,35002,S,40.29673,-3.7924793,10,False,1,1
2026-05-21T03:51:06Z,1038J20702C5,20702,C5,0,35600,35608,2026-05-21T05:49:00,35002,35607,S,40.386257,-3.7610443,10,False,1,1
2026-05-21T03:51:06Z,1038J19521C5,19521,C5,0,35012,35002,2026-05-21T05:59:00,35607,35012,E,40.25559,-3.8284667,10,False,1,1
2026-05-21T03:51:06Z,1038J21200C10,21200,C10,0,17000,18002,2026-05-21T06:06:00,10200,17000,E,40.470848,-3.682503,10,False,8,4
2026-05-21T03:51:06Z,1038J21605C2,21605,C2,0,70200,70105,2026-05-21T06:03:00,12006,70200,E,40.644257,-3.1823237,10,True,1,1
2026-05-21T03:51:06Z,1038J21603C2,21603,C2,0,70111,70112,2026-05-21T05:55:00,12006,70200,E,40.480347,-3.39294,10,False,1,1
2026-05-21T03:51:06Z,1038J21601C2,21601,C2,0,70003,70003,2026-05-21T05:51:00,12006,70200,A,40.37616,-3.6561291,10,False,1,1
2026-05-21T03:51:06Z,1038J35975C2,35975,C2,0,70200,70105,2026-05-21T06:11:00,17000,70200,E,40.644257,-3.1823237,10,False,1,1
2026-05-21T03:51:06Z,1038J35973C2,35973,C2,3,70101,98003,2026-05-21T05:58:00,17000,70103,47.0,40.37946,-3.6358829,10,False,3,1
2026-05-21T03:51:06Z,1038J19805C1,19805,C1,0,98305,98304,2026-05-21T06:14:00,17000,98305,E,40.4924,-3.593483,10,False,2,1
2026-05-21T03:51:06Z,1038J19803C1,19803,C1,0,98305,98304,2026-05-21T05:59:00,17000,98305,E,40.4924,-3.593483,10,False,2,1
2026-05-21T03:56:08Z,3038J23701C5,23701,C5,0,43005,43005,2026-05-21T06:05:00,51103,43005,A,37.35694,-6.208262,30,False,3,3
2026-05-21T03:56:08Z,3038J23505C1,23505,C1,0,51200,51200,2026-05-21T06:00:00,50600,51200,A,37.18487,-5.7904587,30,False,3,3
2026-05-21T03:56:08Z,3038J23504C1,23504,C1,0,50700,50700,2026-05-21T06:10:00,51200,50700,A,37.58964,-5.7261076,30,False,4,4
2026-05-21T03:56:08Z,3238J23302C1,23302,C1,0,54516,54516,2026-05-21T06:10:00,54517,54516,A,36.541843,-4.6237864,32,False,1,1
2026-05-21T03:56:08Z,3238J23151C2,23151,C2,-1,54410,54410,2026-05-21T05:57:12,54405,54517,A,36.705082,-4.545475,32,False,,
2026-05-21T03:56:08Z,4038J76654C3,76654,C3,0,65000,65000,2026-05-21T06:05:00,66200,65000,A,39.466278,-0.37721187,40,False,3,3
2026-05-21T03:56:08Z,4038J76200C1,76200,C1,1,69104,69104,2026-05-21T05:57:54,65000,69110,A,39.177853,-0.26344925,40,False,1,1
2026-05-21T03:56:08Z,4038J24000C2,24000,C2,2,64104,64104,2026-05-21T05:57:20,65000,64006,A,39.153164,-0.4508683,40,False,2,2
2026-05-21T03:56:08Z,4038J24107C2,24107,C2,0,64100,64100,2026-05-21T06:07:00,64006,64100,A,38.992313,-0.5246103,40,False,1,1
2026-05-21T03:56:08Z,4038J76600C3,76600,C3,0,66206,66206,2026-05-21T06:00:00,65002,66206,A,39.427246,-0.7875172,40,False,1,1
2026-05-21T03:56:08Z,5138J28402R2N,28402,R2N,7,79004,79004,2026-05-21T05:57:05,72400,79100,A,41.43613,2.1936417,50,True,2,2
2026-05-21T03:56:08Z,5138J77202R2S,15060,R2S,3,71700,71700,2026-05-21T05:58:35,79400,71600,A,41.219913,1.7308453,50,False,3,3
2026-05-21T03:56:08Z,5138J77504R4,77504,R4,-2,72305,72305,2026-05-21T05:57:24,71600,78700,A,41.36431,2.1008937,50,False,4,4
2026-05-21T03:56:08Z,5138J78201R2S,78201,R2S,0,71801,71801,2026-05-21T05:56:41,71703,79400,A,41.379513,2.1412146,50,True,,
2026-05-21T03:56:08Z,5138J33520RL4,15620,RL4,4,78500,78500,2026-05-21T05:56:31,78600,78400,A,41.673756,1.2747123,50,False,2,2
2026-05-21T03:56:08Z,6038J26105C1,26105,C1,0,13200,13200,2026-05-21T06:05:00,13405,13200,A,43.260048,-2.928513,60,False,,
2026-05-21T03:56:08Z,6038J26501C3,26501,C3,2,13114,13114,2026-05-21T05:56:32,13200,13100,A,43.24241,-2.9163692,60,False,1,1
2026-05-21T03:56:08Z,6038J26003C2,26003,C2,2,13503,13507,2026-05-21T05:58:02,13506,13200,E,43.301556,-3.0287716,60,False,1,1
2026-05-21T03:56:08Z,6038J26002C2,26002,C2,0,13400,13400,2026-05-21T05:56:14,13200,13506,A,43.300213,-2.9843163,60,False,2,2
2026-05-21T03:56:08Z,6038J71503C4,71503,C4,0,05485,05485,2026-05-21T05:58:00,05451,05485,A,43.19011,-3.1974015,60,False,1,1
2026-05-21T03:56:08Z,6038J71500C4,71500,C4,0,05451,05451,2026-05-21T06:00:00,05485,05451,A,43.25962,-2.9268775,60,False,4,4
2026-05-21T03:56:08Z,6038J26104C1,26104,C1,0,13405,13405,2026-05-21T05:59:00,13200,13405,A,43.328575,-3.0296164,60,False,1,1
2026-05-21T03:56:08Z,6038J26602C3,26602,C3,0,13200,13200,2026-05-21T06:00:00,13106,13200,A,43.260048,-2.928512,60,False,,
2026-05-21T03:56:08Z,6138J32701C1,32701,C1,0,11305,11305,2026-05-21T06:08:00,11600,11305,A,43.019,-2.3344853,61,False,,
2026-05-21T03:56:08Z,6138J32700C1,32700,C1,0,11508,11508,2026-05-21T05:58:47,11305,11600,A,43.27241,-1.9637448,61,False,2,2
2026-05-21T03:56:08Z,6238J35902C1,26902,C1,0,14223,14223,2026-05-21T06:11:00,14210,14223,A,43.45939,-3.811848,62,True,,
2026-05-21T03:56:08Z,6238J71103C2,71103,C2,0,05623,05623,2026-05-21T06:07:00,14223,05623,A,43.358776,-4.087748,62,True,1,1
2026-05-21T03:56:08Z,6238J71104C2,71104,C2,0,14223,14223,2026-05-21T05:58:00,05623,14223,A,43.45811,-3.8111749,62,True,2AM,2AM
2026-05-21T03:56:08Z,2038J70201C4,70201,C4,0,05211,05210,2026-05-21T06:17:00,15410,05211,E,43.58464,-5.772605,20,False,1,1
2026-05-21T03:56:08Z,2038J22000C1,22000,C1,0,15218,15218,2026-05-21T05:57:00,15122,15211,A,43.3588,-5.8573804,20,False,2,2
2026-05-21T03:56:08Z,2038J22002C1,22002,C1,0,15211,15218,2026-05-21T06:17:00,15122,15211,E,43.36655,-5.854991,20,False,2,2
2026-05-21T03:56:08Z,2038J22200C2,22200,C2,0,15208,16001,2026-05-21T06:01:00,16011,15211,E,43.306328,-5.855887,20,False,2,1
2026-05-21T03:56:08Z,2038J22202C2,22202,C2,0,15211,15218,2026-05-21T06:23:00,16011,15211,E,43.366478,-5.855087,20,False,2,2
2026-05-21T03:56:08Z,2038J22004C1,22004,C1,0,15410,15401,2026-05-21T06:14:00,15118,15410,E,43.537712,-5.676047,20,False,2,2
2026-05-21T03:56:08Z,2038J70502C7,70502,C7,0,05325,05327,2026-05-21T06:18:00,05329,05325,E,43.490948,-6.1104946,20,False,4,2
2026-05-21T03:56:08Z,2038J70750C6,70750,C6,0,05505,05504,2026-05-21T05:59:00,15211,05513,E,43.37962,-5.792306,20,False,2,2
2026-05-21T03:56:08Z,2038J22103C1,22103,C1,0,15300,15301,2026-05-21T05:58:00,15410,15218,E,43.442394,-5.815779,20,False,3,1
2026-05-21T03:56:08Z,2038J22303C3,22303,C3,0,15211,15217,2026-05-21T05:58:00,16405,15218,E,43.36655,-5.854991,20,False,1,1
2026-05-21T03:56:08Z,2038J70400C5,70400,C5,0,05426,05421,2026-05-21T05:59:00,15410,05443,E,43.305458,-5.6888385,20,False,1,1
2026-05-21T03:56:08Z,2038J70900C8,70900,C8,0,05379,05381,2026-05-21T05:59:00,05389,05373,E,43.17064,-5.7420583,20,False,3,2
2026-05-21T03:56:08Z,2038J22305C3,22305,C3,0,15218,15211,2026-05-21T06:30:00,16405,15218,E,43.3588,-5.8573804,20,False,1,1
2026-05-21T03:56:08Z,2038J70501C7,70501,C7,0,05306,05304,2026-05-21T06:01:00,15211,05311,E,43.368706,-5.9585757,20,False,1,1
2026-05-21T03:56:08Z,4138J24701C1,24701,C1,0,62109,62104,2026-05-21T06:06:00,61200,60911,E,38.329018,-0.5086223,41,False,1,1
2026-05-21T03:56:08Z,4138J84900C2,84900,C2,0,06006,06005,2026-05-21T06:14:00,61200,06006,E,37.672035,-1.6961039,41,False,1,1
2026-05-21T03:56:08Z,4538J71601C1,71601,C1,0,05951,05952,2026-05-21T06:27:00,05977,05951,E,37.603638,-0.97674686,45,False,1,2
2026-05-21T03:56:08Z,1038J20411C4b,20411,C4b,1,37002,37010,2026-05-21T05:56:00,17005,37012,E,40.309868,-3.733689,10,False,1,1
2026-05-21T03:56:08Z,1038J21500C2,21500,C2,0,70107,70107,2026-05-21T05:56:00,70200,17000,A,40.50538,-3.3352833,10,False,2,2
2026-05-21T03:56:08Z,1038J21001C8a,21001,C8a,0,17000,97201,2026-05-21T06:03:00,10203,17000,E,40.47113,-3.6828332,10,False,11,1
2026-05-21T03:56:08Z,1038J21000C8a,21000,C8a,2,10201,10200,2026-05-21T06:01:00,70200,10203,E,40.61781,-4.031033,10,False,2,2
2026-05-21T03:56:08Z,1038J21804C7,21804,C7,0,10000,10001,2026-05-21T06:13:00,70103,10000,E,40.42163,-3.7193205,10,False,2,2
2026-05-21T03:56:08Z,1038J21802C7,21802,C7,0,17000,18002,2026-05-21T06:24:00,70103,17000,E,40.47113,-3.6828332,10,False,7,2
2026-05-21T03:56:08Z,1038J21100C10,21100,C10,4,10005,10007,2026-05-21T05:58:00,17000,10200,37.0,40.48668,-3.8601747,10,False,1,1
2026-05-21T03:56:08Z,1038J21509C2,21509,C2,0,70200,70105,2026-05-21T06:33:00,10203,70200,E,40.644257,-3.1823237,10,False,1,1
2026-05-21T03:56:08Z,1038J21508C2,21508,C2,0,17000,18002,2026-05-21T06:00:00,70200,17000,E,40.47097,-3.68245,10,False,12,2
2026-05-21T03:56:08Z,1038J21800C7,21800,C7,2,18002,18001,2026-05-21T05:59:00,70103,17000,27.0,40.440037,-3.6915457,10,False,2,2
2026-05-21T03:56:08Z,1038J20710C5,20710,C5,0,35607,35606,2026-05-21T06:22:00,35002,35607,E,40.330883,-3.8823783,10,False,2,1
2026-05-21T03:56:08Z,1038J20709C5,20709,C5,0,35002,35010,2026-05-21T06:16:00,35607,35002,E,40.283237,-3.7991464,10,False,1,1
2026-05-21T03:56:08Z,1038J21506C2,21506,C2,2,18000,70002,2026-05-21T05:59:00,70200,17000,27.0,40.40154,-3.6817253,10,False,3,2
2026-05-21T03:56:08Z,1038J20208C4,20208,C4,0,18101,18000,2026-05-21T06:02:00,37012,17000,E,40.417023,-3.7031636,10,True,2,7
2026-05-21T03:56:08Z,1038J21505C2,21505,C2,0,70200,70105,2026-05-21T06:20:00,17000,70200,E,40.644257,-3.1823237,10,True,1,1
2026-05-21T03:56:08Z,1038J20207C4a,20207,C4a,0,17000,17000,2026-05-21T05:59:00,19003,18000,A,40.471325,-3.6833096,10,True,3,3
2026-05-21T03:56:08Z,1038J20206C4,20206,C4,0,37001,37010,2026-05-21T06:08:00,37012,37001,E,40.34132,-3.7123663,10,False,2,2
2026-05-21T03:56:08Z,1038J20601C8b,20601,C8b,0,17000,97201,2026-05-21T06:17:00,12006,17000,E,40.47113,-3.6828332,10,False,11,1
2026-05-21T03:56:08Z,1038J20205C4a,20205,C4a,3,17009,19001,2026-05-21T05:59:00,19003,37012,E,40.54373,-3.7003317,10,True,1,1
2026-05-21T03:56:08Z,1038J20600C8b,20600,C8b,0,12006,12005,2026-05-21T06:03:00,70200,12006,E,40.737614,-4.0662985,10,True,2,1
2026-05-21T03:56:08Z,1038J20204C4,20204,C4,0,37002,37011,2026-05-21T06:00:00,37012,17000,E,40.309868,-3.733689,10,True,2,2
2026-05-21T03:56:08Z,1038J21809C7,21809,C7,0,70103,70111,2026-05-21T06:04:00,10000,70103,E,40.4889,-3.3666708,10,False,5,1
2026-05-21T03:56:08Z,1038J21504C2,21504,C2,8,70003,70005,2026-05-21T05:59:00,70200,18002,S,40.37616,-3.6561291,10,True,2,2
2026-05-21T03:56:08Z,1038J21807C7,21807,C7,0,18000,18001,2026-05-21T06:10:00,10000,18000,E,40.40667,-3.6893938,10,False,2,1
2026-05-21T03:56:08Z,1038J21503C2,21503,C2,0,70103,70111,2026-05-21T06:00:00,17000,70200,E,40.489193,-3.3662832,10,False,5,1
2026-05-21T03:56:08Z,1038J21501C2,21501,C2,2,70101,70108,2026-05-21T05:59:00,10203,70200,E,40.44277,-3.5339844,10,False,1,1
2026-05-21T03:56:08Z,1038J21104C10,21104,C10,0,10200,10104,2026-05-21T06:14:00,17000,10200,E,40.62599,-4.0081153,10,False,4,2
2026-05-21T03:56:08Z,1038J21303C10,21303,C10,1,18001,18002,2026-05-21T06:00:00,17000,10000,E,40.42352,-3.6912522,10,False,1,1
2026-05-21T03:56:08Z,1038J20212C4a,20212,C4a,0,17001,17001,2026-05-21T05:56:00,37012,19003,A,40.501648,-3.6821797,10,True,2,2
2026-05-21T03:56:08Z,1038J19502C5,19502,C5,0,35002,35012,2026-05-21T05:58:00,35012,35607,E,40.283237,-3.7991464,10,False,2,1
2026-05-21T03:56:08Z,1038J20211C4a,20211,C4a,0,37002,37010,2026-05-21T06:02:00,19003,37002,E,40.309868,-3.733689,10,False,1,1
2026-05-21T03:56:08Z,1038J20210C4,20210,C4,0,37001,37010,2026-05-21T06:22:00,37012,37001,E,40.34132,-3.7123663,10,False,2,2
2026-05-21T03:56:08Z,1038J20218C4a,20218,C4a,0,19003,19002,2026-05-21T06:20:00,37012,19003,E,40.546417,-3.6351175,10,False,2,2
2026-05-21T03:56:08Z,1038J21703C2,21703,C2,3,18002,18002,2026-05-21T05:55:00,10203,70103,A,40.44655,-3.691473,10,False,1,1
2026-05-21T03:56:08Z,1038J20216C4a,20216,C4a,-1,19003,19002,2026-05-21T06:06:00,37012,19003,E,40.546417,-3.6351175,10,True,2,2
2026-05-21T03:56:08Z,1038J78002C3,78002,C3,10,60102,60103,2026-05-21T05:59:00,60200,17000,51.0,40.27383,-3.70479,10,False,2,2
2026-05-21T03:56:08Z,1038J21304C10,21304,C10,0,17000,18002,2026-05-21T06:21:00,10100,17000,E,40.470848,-3.682503,10,False,8,4
2026-05-21T03:56:08Z,1038J19508C5,19508,C5,0,35602,35602,2026-05-21T05:55:00,35012,35607,A,40.381268,-3.7802126,10,False,1,1
2026-05-21T03:56:08Z,1038J19509C5,19509,C5,0,35702,18003,2026-05-21T05:56:00,35607,35012,E,40.3791,-3.6987777,10,False,1,1
2026-05-21T03:56:08Z,1038J19504C5,19504,C5,0,37001,37001,2026-05-21T05:56:00,35012,35607,A,40.34132,-3.7123663,10,False,6,6
2026-05-21T03:56:08Z,1038J78004C3,78004,C3,2,60107,60101,2026-05-21T05:57:00,60200,17000,70.0,40.33277,-3.6926675,10,False,2,2
2026-05-21T03:56:08Z,1038J78006C3,78006,C3,0,17000,18002,2026-05-21T06:01:00,60200,17000,E,40.471382,-3.6834786,10,False,2,8
2026-05-21T03:56:08Z,1038J19503C5,19503,C5,0,35601,35602,2026-05-21T05:56:00,35607,35012,S,40.38357,-3.7686734,10,False,2,2
2026-05-21T03:56:08Z,1038J78005C3,78005,C3,4,60103,60102,2026-05-21T06:00:00,17000,60200,22.0,40.256756,-3.704248,10,True,1,1
2026-05-21T03:56:08Z,1038J78008C3,78008,C3,0,17000,18002,2026-05-21T06:16:00,60200,17000,E,40.471382,-3.6834786,10,False,2,8
2026-05-21T03:56:08Z,1038J19505C5,19505,C5,0,18003,18000,2026-05-21T05:52:00,35607,35012,S,40.39592,-3.6779969,10,False,1,9
2026-05-21T03:56:08Z,1038J19510C5,19510,C5,0,35610,35610,2026-05-21T05:56:00,35012,35607,A,40.34195,-3.8423326,10,False,1,1
2026-05-21T03:56:08Z,1038J78007C3,78007,C3,3,60105,60105,2026-05-21T05:56:00,17000,60200,A,40.159317,-3.6098835,10,False,1,1
2026-05-21T03:56:08Z,1038J21512C2,21512,C2,0,17000,18002,2026-05-21T06:14:00,70200,17000,E,40.47097,-3.68245,10,False,12,2
2026-05-21T03:56:08Z,1038J21510C2,21510,C2,0,17000,18002,2026-05-21T06:09:00,70200,17000,E,40.47097,-3.68245,10,False,12,2
2026-05-21T03:56:08Z,1038J20706C5,20706,C5,0,35607,35606,2026-05-21T06:12:00,35002,35607,E,40.330883,-3.8823783,10,False,2,1
2026-05-21T03:56:08Z,1038J20704C5,20704,C5,0,35607,35606,2026-05-21T06:07:00,35002,35607,E,40.330883,-3.8823783,10,False,2,1
2026-05-21T03:56:08Z,1038J19802C1,19802,C1,0,17000,98003,2026-05-21T06:24:00,98305,17000,E,40.47102,-3.6825693,10,False,12,2
2026-05-21T03:56:08Z,1038J19527C5,19527,C5,0,35012,35002,2026-05-21T06:05:00,35607,35012,E,40.25559,-3.8284667,10,False,1,1
2026-05-21T03:56:08Z,1038J19533C5,19533,C5,0,35012,35002,2026-05-21T06:20:00,35607,35012,E,40.25559,-3.8284667,10,False,1,1
2026-05-21T03:56:08Z,1038J19513C5,19513,C5,0,35009,37001,2026-05-21T05:53:00,35607,35012,S,40.34086,-3.7482634,10,False,1,4
2026-05-21T03:56:08Z,1038J19531C5,19531,C5,0,35012,35002,2026-05-21T06:10:00,35607,35012,E,40.25559,-3.8284667,10,False,1,1
2026-05-21T03:56:08Z,1038J19512C5,19512,C5,0,35607,35606,2026-05-21T06:01:00,35012,35607,E,40.330883,-3.8823783,10,False,2,1
2026-05-21T03:56:08Z,1038J20409C4b,20409,C4b,0,18000,18101,2026-05-21T05:59:00,17005,18000,E,40.40654,-3.6895106,10,True,6,1
2026-05-21T03:56:08Z,1038J19518C5,19518,C5,0,35607,35606,2026-05-21T06:17:00,35012,35607,E,40.330883,-3.8823783,10,False,2,1
2026-05-21T03:56:08Z,1038J20408C4b,20408,C4b,0,17005,17004,2026-05-21T06:24:00,37012,17005,E,40.644844,-3.7762609,10,False,3,3
2026-05-21T03:56:08Z,1038J19515C5,19515,C5,0,35011,35011,2026-05-21T05:56:00,35607,35012,A,40.312492,-3.78335,10,False,1,1
2026-05-21T03:56:08Z,1038J21002C8a,21002,C8a,0,10203,10202,2026-05-21T06:28:00,70103,10203,E,40.58532,-4.1321955,10,False,3,2
2026-05-21T03:56:08Z,1038J20407C4b,20407,C4b,0,18002,17000,2026-05-21T06:03:00,17005,37012,E,40.4466,-3.6920877,10,True,6,5
2026-05-21T03:56:08Z,1038J20703C5,20703,C5,0,35009,37001,2026-05-21T05:59:00,35607,35002,E,40.34086,-3.7482634,10,False,1,4
2026-05-21T03:56:08Z,1038J20406C4b,20406,C4b,0,17005,17004,2026-05-21T06:11:00,37012,17005,E,40.644844,-3.7762609,10,True,3,3
2026-05-21T03:56:08Z,1038J20702C5,20702,C5,0,35608,35609,2026-05-21T05:54:00,35002,35607,S,40.3989,-3.7442265,10,False,1,1
2026-05-21T03:56:08Z,1038J20405C4b,20405,C4b,1,17004,17005,2026-05-21T06:05:00,17005,18000,1.0,40.599403,-3.7165282,10,False,2,3
2026-05-21T03:56:08Z,1038J19522C5,19522,C5,0,35607,35606,2026-05-21T06:27:00,35012,35607,E,40.330883,-3.8823783,10,False,2,1
2026-05-21T03:56:08Z,1038J20402C4b,20402,C4b,2,17003,17009,2026-05-21T05:58:00,37012,17005,E,40.558834,-3.7141593,10,False,2,2
2026-05-21T03:56:08Z,1038J19521C5,19521,C5,0,35002,35002,2026-05-21T05:59:00,35607,35012,A,40.283237,-3.7991464,10,False,1,1
2026-05-21T03:56:08Z,1038J21200C10,21200,C10,0,17000,18002,2026-05-21T06:06:00,10200,17000,E,40.470848,-3.682503,10,False,8,4
2026-05-21T03:56:08Z,1038J19537C5,19537,C5,0,35012,35002,2026-05-21T06:25:00,35607,35012,E,40.25559,-3.8284667,10,False,1,1
2026-05-21T03:56:08Z,1038J21603C2,21603,C2,0,70112,70102,2026-05-21T05:58:00,12006,70200,E,40.464172,-3.4414766,10,False,1,1
2026-05-21T03:56:08Z,1038J19539C5,19539,C5,0,35012,35002,2026-05-21T06:30:00,35607,35012,E,40.25559,-3.8284667,10,False,1,1
2026-05-21T03:56:08Z,1038J21601C2,21601,C2,2,70002,18000,2026-05-21T06:02:00,12006,70200,1.0,40.382023,-3.6683698,10,False,1,2
2026-05-21T03:56:08Z,1038J35975C2,35975,C2,0,70200,70105,2026-05-21T06:11:00,17000,70200,E,40.644257,-3.1823237,10,False,1,1
2026-05-21T03:56:08Z,1038J35973C2,35973,C2,3,70101,98003,2026-05-21T05:58:00,17000,70103,85.0,40.4354,-3.6889937,10,False,3,1
2026-05-21T03:56:08Z,1038J19805C1,19805,C1,0,98305,98304,2026-05-21T06:14:00,17000,98305,E,40.4924,-3.593483,10,False,2,1
2026-05-21T03:56:08Z,1038J19800C1,19800,C1,2,98003,98304,2026-05-21T06:02:00,98305,17000,E,40.484917,-3.6630294,10,True,2,2
2026-05-21T03:56:08Z,1038J19803C1,19803,C1,0,98305,98304,2026-05-21T05:59:00,17000,98305,E,40.4924,-3.593483,10,True,2,1
2026-05-21T04:01:32Z,3038J23701C5,23701,C5,0,43005,43005,2026-05-21T06:05:00,51103,43005,A,37.35694,-6.208262,30,False,3,3
2026-05-21T04:01:32Z,3038J23801C5,23801,C5,0,51003,51003,2026-05-21T06:12:00,43005,51003,A,37.392567,-5.9749837,30,False,9,9
2026-05-21T04:01:32Z,3038J23506C1,23506,C1,0,50600,50600,2026-05-21T06:15:00,51200,50600,A,37.661293,-5.5310225,30,False,6,6
2026-05-21T04:01:32Z,3038J23504C1,23504,C1,0,50700,50700,2026-05-21T06:10:00,51200,50700,A,37.58964,-5.7261076,30,False,4,4
2026-05-21T04:01:32Z,3238J23303C1,23303,C1,3,54514,54514,2026-05-21T06:02:09,54516,54517,A,36.564964,-4.6067243,32,False,1,1
2026-05-21T04:01:32Z,3238J23302C1,23302,C1,0,54516,54516,2026-05-21T06:10:00,54517,54516,A,36.541843,-4.6237864,32,False,1,1
2026-05-21T04:01:32Z,4038J76203C1,76203,C1,0,65000,65000,2026-05-21T06:15:00,69110,65000,A,39.46634,-0.37753645,40,False,4,4
2026-05-21T04:01:32Z,4038J76654C3,76654,C3,0,65000,65000,2026-05-21T06:05:00,66200,65000,A,39.466278,-0.37721187,40,False,3,3
2026-05-21T04:01:32Z,4038J24000C2,24000,C2,2,64105,64105,2026-05-21T06:03:24,65000,64006,A,39.19323,-0.4412666,40,False,2,2
2026-05-21T04:01:32Z,4038J76202C1,76202,C1,0,69110,69110,2026-05-21T06:02:00,65000,69110,A,38.970314,-0.18001339,40,False,2,2
2026-05-21T04:01:32Z,4038J24300C6,24300,C6,1,65000,65002,2026-05-21T06:08:14,65300,65000,7.0,39.46279,-0.37874785,40,False,1,
2026-05-21T04:01:32Z,4038J24107C2,24107,C2,0,64100,64100,2026-05-21T06:07:00,64006,64100,A,38.992313,-0.5246103,40,False,1,1
2026-05-21T04:01:32Z,5138J78288R2,78288,R2,15,71707,71707,2026-05-21T06:03:14,79200,71700,A,41.330997,2.0893226,50,True,,
2026-05-21T04:01:32Z,5138J28404R2N,28404,R2N,2,79100,79007,2026-05-21T06:06:06,72400,79104,13.0,41.590267,2.2900772,50,True,2,2
2026-05-21T04:01:32Z,5138J28402R2N,28402,R2N,7,79009,79009,2026-05-21T06:01:30,72400,79100,A,41.409042,2.1873875,50,True,1,1
2026-05-21T04:01:32Z,5138J77200R2S,15046,R2S,9,71703,71704,2026-05-21T06:05:27,79400,71600,E,41.254333,1.9026438,50,False,2,
2026-05-21T04:01:32Z,5138J78280R2,78280,R2,9,79011,79006,2026-05-21T06:05:40,79104,71700,E,41.510384,2.1998255,50,True,1,1
2026-05-21T04:01:32Z,5138J28556R2N,28556,R2N,3,71801,71802,2026-05-21T06:05:47,79400,72400,E,41.37954,2.1411655,50,True,13,
2026-05-21T04:01:32Z,5138J28400R2N,28400,R2N,11,71707,72400,2026-05-21T06:07:25,72400,79100,6.0,41.329197,2.0854213,50,True,3,1
2026-05-21T04:01:32Z,5138J77402R4,77402,R4,1,72206,72206,2026-05-21T06:02:31,78600,71600,A,41.39581,1.7681432,50,False,2,2
2026-05-21T04:01:32Z,5138J77600R4,77600,R4,0,78705,78705,2026-05-21T06:02:58,78600,72209,A,41.513508,2.1183457,50,False,1,1
2026-05-21T04:01:32Z,5138J25601R1,25601,R1,1,78805,78804,2026-05-21T06:04:14,79200,72305,18.0,41.3886,2.1716876,50,False,1,1
2026-05-21T04:01:32Z,5138J77502R4,77502,R4,10,72211,72211,2026-05-21T06:01:11,71600,78700,A,41.43529,2.0024726,50,False,1,1
2026-05-21T04:01:32Z,5138J77506R4,77506,R4,0,78801,78801,2026-05-21T06:02:26,71600,78700,A,41.46098,2.1810303,50,True,2,2
2026-05-21T04:01:32Z,5138J77508R4,77508,R4,2,78700,78710,2026-05-21T06:04:38,71600,78700,5.0,41.56981,2.015632,50,False,1,2
2026-05-21T04:01:32Z,6038J26006C2,26006,C2,0,13506,13506,2026-05-21T06:16:00,13200,13506,A,43.321514,-3.1123157,60,False,1,1
2026-05-21T04:01:32Z,6038J26105C1,26105,C1,0,13200,13200,2026-05-21T06:05:00,13405,13200,A,43.260048,-2.928513,60,False,,
2026-05-21T04:01:32Z,6038J26504C3,26504,C3,2,13113,13113,2026-05-21T06:02:04,13100,13200,A,43.236897,-2.889748,60,False,2,2
2026-05-21T04:01:32Z,6038J26003C2,26003,C2,2,13504,13508,2026-05-21T06:05:53,13506,13200,E,43.31141,-3.0604117,60,False,3,1
2026-05-21T04:01:32Z,6038J26505C3,26505,C3,0,13100,13100,2026-05-21T06:12:00,13200,13100,A,42.99472,-3.0158784,60,False,2,2
2026-05-21T04:01:32Z,6038J26007C2,26007,C2,0,13200,13200,2026-05-21T06:16:00,13506,13200,A,43.260166,-2.9285789,60,False,,
2026-05-21T04:01:32Z,6038J26601C3,26601,C3,0,13106,13106,2026-05-21T06:13:00,13200,13106,A,43.14222,-2.960543,60,False,4,4
2026-05-21T04:01:32Z,6038J26502C3,26502,C3,-1,13103,13103,2026-05-21T06:03:06,13100,13200,A,43.0935,-2.9995618,60,False,2,2
2026-05-21T04:01:32Z,6038J71500C4,71500,C4,1,05451,13206,2026-05-21T06:04:15,05485,05451,17.0,43.25794,-2.9294195,60,False,4,2AM
2026-05-21T04:01:32Z,6138J32701C1,32701,C1,0,11305,11305,2026-05-21T06:08:00,11600,11305,A,43.019,-2.3344853,61,False,,
2026-05-21T04:01:32Z,6138J32700C1,32700,C1,1,11508,11507,2026-05-21T06:03:57,11305,11600,E,43.27241,-1.9637448,61,False,2,
2026-05-21T04:01:32Z,6238J71102C2,71102,C2,1,05621,05623,2026-05-21T06:06:51,05623,14223,E,43.35116,-4.0512547,62,True,1,1
2026-05-21T04:01:32Z,6238J35902C1,26902,C1,0,14223,14223,2026-05-21T06:11:00,14210,14223,A,43.45939,-3.811848,62,True,,
2026-05-21T04:01:32Z,6238J71301C3,71301,C3,0,14223,14223,2026-05-21T06:15:00,05665,14223,A,43.45811,-3.8111749,62,True,9AM,9AM
2026-05-21T04:01:32Z,6238J71103C2,71103,C2,0,05623,05623,2026-05-21T06:07:00,14223,05623,A,43.358776,-4.087748,62,True,1,1
2026-05-21T04:01:32Z,2038J70901C8,70901,C8,0,05389,05387,2026-05-21T06:35:00,05361,05389,E,43.124065,-5.5663133,20,False,1,1
2026-05-21T04:01:32Z,2038J70202C4,70202,C4,0,05211,05213,2026-05-21T06:33:00,16403,05211,E,43.58464,-5.772605,20,False,3,1
2026-05-21T04:01:32Z,2038J70900C8,70900,C8,0,05381,05380,2026-05-21T06:02:00,05389,05373,E,43.16655,-5.7221513,20,False,2,2
2026-05-21T04:01:32Z,2038J22305C3,22305,C3,0,15218,15211,2026-05-21T06:30:00,16405,15218,E,43.3588,-5.8573804,20,False,1,1
2026-05-21T04:01:32Z,2038J70501C7,70501,C7,0,05304,05303,2026-05-21T06:04:00,15211,05311,E,43.355263,-5.917775,20,False,1,1
2026-05-21T04:01:32Z,2038J70400C5,70400,C5,0,05421,05420,2026-05-21T06:01:00,15410,05443,S,43.328182,-5.6431284,20,False,1,1
2026-05-21T04:01:32Z,2038J22202C2,22202,C2,0,15211,15218,2026-05-21T06:23:00,16011,15211,E,43.366478,-5.855087,20,False,2,2
2026-05-21T04:01:32Z,2038J22004C1,22004,C1,0,15410,15401,2026-05-21T06:14:00,15118,15410,E,43.537712,-5.676047,20,False,2,2
2026-05-21T04:01:32Z,2038J70201C4,70201,C4,0,05211,05210,2026-05-21T06:17:00,15410,05211,E,43.58464,-5.772605,20,False,1,1
2026-05-21T04:01:32Z,2038J22303C3,22303,C3,0,15217,15212,2026-05-21T06:01:00,16405,15218,E,43.38812,-5.8272715,20,False,1,1
2026-05-21T04:01:32Z,2038J22000C1,22000,C1,0,15209,15208,2026-05-21T06:05:00,15122,15211,E,43.313263,-5.8692784,20,False,2,2
2026-05-21T04:01:32Z,2038J70502C7,70502,C7,0,05325,05327,2026-05-21T06:18:00,05329,05325,E,43.490948,-6.1104946,20,False,4,2
2026-05-21T04:01:32Z,2038J22002C1,22002,C1,0,15211,15218,2026-05-21T06:17:00,15122,15211,E,43.36655,-5.854991,20,False,2,2
2026-05-21T04:01:32Z,2038J22200C2,22200,C2,0,16001,16002,2026-05-21T06:05:00,16011,15211,E,43.31723,-5.812611,20,False,1,1
2026-05-21T04:01:32Z,2038J22201C2,22201,C2,0,16011,16010,2026-05-21T06:32:00,16403,16011,E,43.28714,-5.6448464,20,False,1,1
2026-05-21T04:01:32Z,4138J24703C1,24703,C1,0,60911,62109,2026-05-21T06:39:00,61200,60911,E,38.34553,-0.49576503,41,False,1,1
2026-05-21T04:01:32Z,4138J84900C2,84900,C2,0,06006,06005,2026-05-21T06:14:00,61200,06006,E,37.672035,-1.6961039,41,False,1,1
2026-05-21T04:01:32Z,4138J24700C1,24700,C1,0,62001,62002,2026-05-21T06:07:00,60911,61200,E,38.04477,-0.9994249,41,False,4,4
2026-05-21T04:01:32Z,4138J24701C1,24701,C1,0,62109,62104,2026-05-21T06:06:00,61200,60911,64.0,38.297016,-0.55001146,41,False,1,1
2026-05-21T04:01:32Z,4538J71601C1,71601,C1,0,05951,05952,2026-05-21T06:27:00,05977,05951,E,37.603638,-0.97674686,45,False,1,2
2026-05-21T04:01:32Z,1038J21100C10,21100,C10,2,10010,10002,2026-05-21T06:04:00,17000,10200,E,40.46547,-3.8076725,10,False,1,1
2026-05-21T04:01:32Z,1038J19541C5,19541,C5,0,35012,35002,2026-05-21T06:35:00,35607,35012,E,40.25559,-3.8284667,10,False,1,1
2026-05-21T04:01:32Z,1038J21000C8a,21000,C8a,0,10104,10104,2026-05-21T06:02:00,70200,10203,A,40.60039,-3.98222,10,False,2,2
2026-05-21T04:01:32Z,1038J21509C2,21509,C2,0,70200,70105,2026-05-21T06:33:00,10203,70200,E,40.644257,-3.1823237,10,False,1,1
2026-05-21T04:01:32Z,1038J21508C2,21508,C2,1,18002,18001,2026-05-21T06:05:00,70200,17000,E,40.44655,-3.691473,10,False,2,2
2026-05-21T04:01:32Z,1038J21804C7,21804,C7,0,10000,10001,2026-05-21T06:13:00,70103,10000,E,40.42163,-3.7193205,10,False,2,2
2026-05-21T04:01:32Z,1038J20417C4b,20417,C4b,0,37002,37010,2026-05-21T06:30:00,17005,37002,E,40.309868,-3.733689,10,False,1,1
2026-05-21T04:01:32Z,1038J20714C5,20714,C5,0,35607,35606,2026-05-21T06:32:00,35002,35607,E,40.330883,-3.8823783,10,False,2,1
2026-05-21T04:01:32Z,1038J21506C2,21506,C2,1,70003,70005,2026-05-21T06:04:00,70200,17000,E,40.37616,-3.6561291,10,False,2,2
2026-05-21T04:01:32Z,1038J21505C2,21505,C2,0,70200,70105,2026-05-21T06:20:00,17000,70200,E,40.644257,-3.1823237,10,True,1,1
2026-05-21T04:01:32Z,1038J21802C7,21802,C7,0,17000,18002,2026-05-21T06:24:00,70103,17000,E,40.47113,-3.6828332,10,False,7,2
2026-05-21T04:01:32Z,1038J21800C7,21800,C7,0,18000,18000,2026-05-21T06:03:00,70103,17000,A,40.40667,-3.6893938,10,False,3,3
2026-05-21T04:01:32Z,1038J20710C5,20710,C5,0,35607,35606,2026-05-21T06:22:00,35002,35607,E,40.330883,-3.8823783,10,False,2,1
2026-05-21T04:01:32Z,1038J20709C5,20709,C5,0,35002,35010,2026-05-21T06:16:00,35607,35002,E,40.283237,-3.7991464,10,False,1,1
2026-05-21T04:01:32Z,1038J21504C2,21504,C2,8,70109,70100,2026-05-21T06:04:00,70200,18002,26.0,40.39123,-3.6061237,10,False,2,2
2026-05-21T04:01:32Z,1038J21503C2,21503,C2,1,70111,70112,2026-05-21T06:05:00,17000,70200,E,40.480347,-3.39294,10,False,1,1
2026-05-21T04:01:32Z,1038J20209C4a,20209,C4a,2,18000,18101,2026-05-21T06:03:00,19003,37012,39.0,40.410725,-3.6957254,10,True,6,1
2026-05-21T04:01:32Z,1038J78002C3,78002,C3,12,60103,60104,2026-05-21T06:06:00,60200,17000,15.0,40.23463,-3.7003148,10,True,2,2
2026-05-21T04:01:32Z,1038J20207C4a,20207,C4a,2,17000,17001,2026-05-21T06:04:00,19003,18000,44.0,40.484013,-3.6769981,10,True,3,1
2026-05-21T04:01:32Z,1038J78004C3,78004,C3,3,60109,60102,2026-05-21T06:03:00,60200,17000,E,40.318535,-3.7097142,10,True,2,2
2026-05-21T04:01:32Z,1038J78003C3,78003,C3,0,18000,18101,2026-05-21T06:05:00,17000,60200,E,40.40654,-3.6895106,10,True,5,1
2026-05-21T04:01:32Z,1038J20602C8b,20602,C8b,0,12006,12005,2026-05-21T06:33:00,70200,12006,E,40.737614,-4.0662985,10,False,2,1
2026-05-21T04:01:32Z,1038J78006C3,78006,C3,0,18002,18101,2026-05-21T06:05:00,60200,17000,E,40.4466,-3.6920877,10,True,8,2
2026-05-21T04:01:32Z,1038J20206C4,20206,C4,0,37001,37010,2026-05-21T06:08:00,37012,37001,E,40.34132,-3.7123663,10,False,2,2
2026-05-21T04:01:32Z,1038J21811C7,21811,C7,0,70103,70111,2026-05-21T06:32:00,10000,70103,E,40.4889,-3.3666708,10,False,5,1
2026-05-21T04:01:32Z,1038J20601C8b,20601,C8b,0,17000,97201,2026-05-21T06:17:00,12006,17000,E,40.47113,-3.6828332,10,False,11,1
2026-05-21T04:01:32Z,1038J20205C4a,20205,C4a,3,19002,19002,2026-05-21T06:02:00,19003,37012,A,40.54745,-3.6543186,10,True,1,1
2026-05-21T04:01:32Z,1038J78005C3,78005,C3,5,60102,60109,2026-05-21T06:03:00,17000,60200,39.0,40.310753,-3.7083392,10,False,1,1
2026-05-21T04:01:32Z,1038J78008C3,78008,C3,0,17000,18002,2026-05-21T06:16:00,60200,17000,E,40.471382,-3.6834786,10,False,2,8
2026-05-21T04:01:32Z,1038J78007C3,78007,C3,3,60104,60104,2026-05-21T06:01:00,17000,60200,A,40.196156,-3.6648214,10,False,1,1
2026-05-21T04:01:32Z,1038J21512C2,21512,C2,0,17000,18002,2026-05-21T06:14:00,70200,17000,E,40.47097,-3.68245,10,False,12,2
2026-05-21T04:01:32Z,1038J21510C2,21510,C2,0,17000,18002,2026-05-21T06:09:00,70200,17000,E,40.47097,-3.68245,10,False,12,2
2026-05-21T04:01:32Z,1038J20706C5,20706,C5,0,35607,35606,2026-05-21T06:12:00,35002,35607,E,40.330883,-3.8823783,10,False,2,1
2026-05-21T04:01:32Z,1038J20600C8b,20600,C8b,2,12006,12005,2026-05-21T06:05:00,70200,12006,19.0,40.734276,-4.0567055,10,True,2,1
2026-05-21T04:01:32Z,1038J20704C5,20704,C5,0,35607,35606,2026-05-21T06:07:00,35002,35607,E,40.330883,-3.8823783,10,False,2,1
2026-05-21T04:01:32Z,1038J21809C7,21809,C7,0,70103,70111,2026-05-21T06:04:00,10000,70103,E,40.4889,-3.3666708,10,False,5,1
2026-05-21T04:01:32Z,1038J21807C7,21807,C7,0,18000,18001,2026-05-21T06:10:00,10000,18000,E,40.40667,-3.6893938,10,False,2,1
2026-05-21T04:01:32Z,1038J20703C5,20703,C5,0,37001,35704,2026-05-21T06:02:00,35607,35002,92.0,40.34915,-3.7042377,10,False,4,1
2026-05-21T04:01:32Z,1038J21501C2,21501,C2,3,70108,70100,2026-05-21T06:04:00,10203,70200,44.0,40.413193,-3.5761664,10,False,1,1
2026-05-21T04:01:32Z,1038J21104C10,21104,C10,-1,10200,10104,2026-05-21T06:13:00,17000,10200,E,40.62599,-4.0081153,10,False,4,2
2026-05-21T04:01:32Z,1038J20411C4b,20411,C4b,2,37001,60100,2026-05-21T06:05:00,17005,37012,E,40.34132,-3.7123663,10,False,1,2
2026-05-21T04:01:32Z,1038J21500C2,21500,C2,1,70104,70105,2026-05-21T06:06:00,70200,17000,E,40.53455,-3.2985828,10,False,2,2
2026-05-21T04:01:32Z,1038J20702C5,20702,C5,0,18000,18003,2026-05-21T06:00:00,35002,35607,S,40.406326,-3.6896772,10,False,10,2
2026-05-21T04:01:32Z,1038J20410C4b,20410,C4b,0,17005,17004,2026-05-21T06:36:00,37012,17005,E,40.644844,-3.7762609,10,False,3,3
2026-05-21T04:01:32Z,1038J21514C2,21514,C2,0,17000,18002,2026-05-21T06:32:00,70200,17000,E,40.47097,-3.68245,10,False,12,2
2026-05-21T04:01:32Z,1038J19533C5,19533,C5,0,35012,35002,2026-05-21T06:20:00,35607,35012,E,40.25559,-3.8284667,10,False,1,1
2026-05-21T04:01:32Z,1038J20212C4a,20212,C4a,0,17000,17000,2026-05-21T06:02:00,37012,19003,A,40.471325,-3.6833096,10,True,2,2
2026-05-21T04:01:32Z,1038J19531C5,19531,C5,0,35012,35002,2026-05-21T06:10:00,35607,35012,E,40.25559,-3.8284667,10,False,1,1
2026-05-21T04:01:32Z,1038J20211C4a,20211,C4a,0,37002,37010,2026-05-21T06:02:00,19003,37002,E,40.309868,-3.733689,10,True,1,1
2026-05-21T04:01:32Z,1038J20210C4,20210,C4,0,37001,37010,2026-05-21T06:22:00,37012,37001,E,40.34132,-3.7123663,10,False,2,2
2026-05-21T04:01:32Z,1038J20218C4a,20218,C4a,0,19003,19002,2026-05-21T06:20:00,37012,19003,E,40.546417,-3.6351175,10,False,2,2
2026-05-21T04:01:32Z,1038J21703C2,21703,C2,1,17000,17000,2026-05-21T06:00:00,10203,70103,A,40.47097,-3.68245,10,False,10,10
2026-05-21T04:01:32Z,1038J20216C4a,20216,C4a,-1,19003,19002,2026-05-21T06:06:00,37012,19003,E,40.546417,-3.6351175,10,True,2,2
2026-05-21T04:01:32Z,1038J21304C10,21304,C10,0,17000,18002,2026-05-21T06:21:00,10100,17000,E,40.470848,-3.682503,10,False,8,4
2026-05-21T04:01:32Z,1038J20409C4b,20409,C4b,3,18101,18002,2026-05-21T06:07:00,17005,18000,S,40.417023,-3.7031636,10,True,1,6
2026-05-21T04:01:32Z,1038J20408C4b,20408,C4b,0,17005,17004,2026-05-21T06:24:00,37012,17005,E,40.644844,-3.7762609,10,False,3,3
2026-05-21T04:01:32Z,1038J20407C4b,20407,C4b,0,17000,17001,2026-05-21T06:07:00,17005,37012,E,40.471325,-3.6833096,10,True,5,1
2026-05-21T04:01:32Z,1038J20406C4b,20406,C4b,0,17005,17004,2026-05-21T06:11:00,37012,17005,E,40.644844,-3.7762609,10,True,3,3
2026-05-21T04:01:32Z,1038J20405C4b,20405,C4b,0,17005,17005,2026-05-21T06:04:00,17005,18000,A,40.644844,-3.7762609,10,True,3,3
2026-05-21T04:01:32Z,1038J78010C3,78010,C3,0,17000,18002,2026-05-21T06:33:00,60200,17000,E,40.471382,-3.6834786,10,False,2,8
2026-05-21T04:01:32Z,1038J20402C4b,20402,C4b,0,17001,17001,2026-05-21T06:02:00,37012,17005,A,40.501648,-3.6821797,10,True,2,2
2026-05-21T04:01:32Z,1038J19508C5,19508,C5,0,35601,35600,2026-05-21T05:58:00,35012,35607,S,40.38357,-3.7686734,10,False,1,1
2026-05-21T04:01:32Z,1038J19537C5,19537,C5,0,35012,35002,2026-05-21T06:25:00,35607,35012,E,40.25559,-3.8284667,10,False,1,1
2026-05-21T04:01:32Z,1038J19509C5,19509,C5,0,18000,18000,2026-05-21T06:00:00,35607,35012,A,40.406326,-3.6896772,10,False,9,9
2026-05-21T04:01:32Z,1038J19504C5,19504,C5,0,35001,35001,2026-05-21T06:02:00,35012,35607,A,40.328766,-3.7714624,10,False,2,2
2026-05-21T04:01:32Z,1038J19539C5,19539,C5,0,35012,35002,2026-05-21T06:30:00,35607,35012,E,40.25559,-3.8284667,10,False,1,1
2026-05-21T04:01:32Z,1038J19503C5,19503,C5,0,35604,35605,2026-05-21T06:02:00,35607,35012,E,40.356674,-3.8156087,10,False,2,2
2026-05-21T04:01:32Z,1038J19522C5,19522,C5,0,35607,35606,2026-05-21T06:27:00,35012,35607,E,40.330883,-3.8823783,10,False,2,1
2026-05-21T04:01:32Z,1038J19505C5,19505,C5,0,35609,35608,2026-05-21T05:58:00,35607,35012,E,40.405067,-3.7026901,10,False,2,2
2026-05-21T04:01:32Z,1038J19521C5,19521,C5,0,35011,35011,2026-05-21T06:02:00,35607,35012,A,40.312492,-3.78335,10,False,1,1
2026-05-21T04:01:32Z,1038J19510C5,19510,C5,0,35604,35604,2026-05-21T06:01:00,35012,35607,A,40.356674,-3.8156087,10,False,1,1
2026-05-21T04:01:32Z,1038J21200C10,21200,C10,0,17000,18002,2026-05-21T06:06:00,10200,17000,E,40.470848,-3.682503,10,False,8,4
2026-05-21T04:01:32Z,1038J19513C5,19513,C5,0,35703,35702,2026-05-21T06:00:00,35607,35012,E,40.367134,-3.7043796,10,False,1,1
2026-05-21T04:01:32Z,1038J19512C5,19512,C5,0,35606,35606,2026-05-21T06:01:00,35012,35607,A,40.32875,-3.8636916,10,False,1,1
2026-05-21T04:01:32Z,1038J19518C5,19518,C5,0,35607,35606,2026-05-21T06:17:00,35012,35607,E,40.330883,-3.8823783,10,False,2,1
2026-05-21T04:01:32Z,1038J19515C5,19515,C5,0,35009,37001,2026-05-21T06:05:00,35607,35012,E,40.34086,-3.7482634,10,False,1,4
2026-05-21T04:01:32Z,1038J21002C8a,21002,C8a,0,10203,10202,2026-05-21T06:28:00,70103,10203,E,40.58532,-4.1321955,10,False,3,2
2026-05-21T04:01:32Z,1038J21605C2,21605,C2,2,70200,70105,2026-05-21T06:05:00,12006,70200,59.0,40.59483,-3.2310278,10,True,1,1
2026-05-21T04:01:32Z,1038J21603C2,21603,C2,2,70102,70101,2026-05-21T06:05:00,12006,70200,35.0,40.4505,-3.4987016,10,False,1,1
2026-05-21T04:01:32Z,1038J21601C2,21601,C2,0,18001,18001,2026-05-21T06:02:00,12006,70200,A,40.42352,-3.6912522,10,False,1,1
2026-05-21T04:01:32Z,1038J35975C2,35975,C2,0,70200,70105,2026-05-21T06:11:00,17000,70200,E,40.644257,-3.1823237,10,False,1,1
2026-05-21T04:01:32Z,1038J19805C1,19805,C1,0,98305,98304,2026-05-21T06:14:00,17000,98305,E,40.4924,-3.593483,10,False,2,1
2026-05-21T04:01:32Z,1038J19807C1,19807,C1,0,98305,98304,2026-05-21T06:29:00,17000,98305,E,40.4924,-3.593483,10,False,2,1
2026-05-21T04:01:32Z,1038J19803C1,19803,C1,2,98304,98003,2026-05-21T06:07:00,17000,98305,E,40.481907,-3.616286,10,False,1,1
2026-05-21T04:01:32Z,1038J19802C1,19802,C1,0,17000,98003,2026-05-21T06:24:00,98305,17000,E,40.47102,-3.6825693,10,False,12,2
2026-05-21T04:01:32Z,1038J19527C5,19527,C5,0,35012,35002,2026-05-21T06:05:00,35607,35012,E,40.25559,-3.8284667,10,False,1,1
