timestamp_utc,tripId,codTren,codLinea,retrasoMin,codEstAct,codEstSig,horaLlegadaSigEst,codEstDest,codEstOrig,porAvanc,latitud,longitud,nucleo,accesible,via,nextVia
2026-10-03T00:00:04Z,3073V23578C1,23578,C1,-1442,51003,51003,2026-10-03T00:39:50,51003,50600,A,37.392567,-5.9749837,30,False,,
2026-10-03T00:00:04Z,3073V23743C5,23743,C5,-1442,51003,51003,2026-10-03T00:38:38,51003,43005,A,37.392567,-5.9749837,30,False,9,9
2026-10-03T00:00:04Z,3073V23841C5,23841,C5,-1,43004,43005,2026-10-03T00:03:15,43005,51113,E,37.381527,-6.193782,30,False,,3
2026-10-03T00:00:04Z,3073V23581C1,23581,C1,1,51103,51111,2026-10-03T00:04:00,51003,51200,18.0,37.289146,-5.935499,30,False,1,1
2026-10-03T00:00:04Z,3173V23455T1,23455,T1,2,51451,51450,2026-10-03T00:01:00,51450,51405,A,36.40869,-6.1343336,31,False,1,1
2026-10-03T00:00:04Z,3173V23456T1,23456,T1,-1433,51405,51405,2026-10-03T00:01:00,51405,51450,A,36.529045,-6.2877955,31,False,5,5
2026-10-03T00:00:04Z,3273V23400C1,23400,C1,2,54503,54501,2026-10-03T00:00:36,54517,54516,E,36.69222,-4.48376,32,False,,2
2026-10-03T00:00:04Z,3273V23402C1,23402,C1,2,54512,54511,2026-10-03T00:03:41,54517,54516,A,36.59906,-4.536344,32,False,2,1
2026-10-03T00:00:04Z,3273V23405C1,23405,C1,3,54519,54510,2026-10-03T00:00:08,54516,54517,88.0,36.610325,-4.514658,32,False,,1
2026-10-03T00:00:04Z,4073V24270C1,24270,C1,34,64202,64203,2026-10-03T00:00:53,65000,69110,67.0,39.417984,-0.3931324,40,False,,2
2026-10-03T00:00:04Z,4073V24366C6,24366,C6,22,65208,65209,2026-10-03T00:03:05,65300,65000,20.0,39.93293,-0.09658491,40,False,4,
2026-10-03T00:00:04Z,4073V24099C2,24099,C2,50,64103,64102,2026-10-03T00:03:37,64100,65000,A,39.083164,-0.46941403,40,False,1,1
2026-10-03T00:00:04Z,4073V24281C1,24281,C1,36,69104,69105,2026-10-03T00:08:25,69110,65000,5.0,39.177853,-0.26344925,40,False,2,1
2026-10-03T00:00:04Z,5173V25795R1,25795,R1,-1,79403,79404,2026-10-03T00:03:17,79500,72305,A,41.445705,2.2490852,50,True,,1
2026-10-03T00:00:04Z,5173V77468R4,77468,R4,-1432,78700,78700,2026-10-03T00:28:19,78700,71600,A,41.56993,2.0143688,50,True,,
2026-10-03T00:00:04Z,5173V77768R4,77768,R4,2,72305,72303,2026-10-03T00:01:40,72209,78700,E,41.36431,2.1008937,50,True,,
2026-10-03T00:00:04Z,5173V25567R2S,25567,R2S,-1434,71600,71600,2026-10-03T00:17:35,71600,79400,A,41.18592,1.5248429,50,False,,
2026-10-03T00:00:04Z,5173V28393R2S,28393,R2S,7,79400,71802,2026-10-03T00:05:41,71700,79400,42.0,41.397396,2.1879463,50,False,,
2026-10-03T00:00:04Z,5173V15023R15,15023,R15,44,71500,71401,2026-10-03T00:05:41,71400,79400,27.0,41.110836,1.2259281,50,False,,
2026-10-03T00:00:04Z,5173V77766R4,77766,R4,4,72210,72209,2026-10-03T00:04:28,72209,78600,23.0,41.476357,1.9582051,50,True,,
2026-10-03T00:00:04Z,5173V28490R2,28490,R2,0,71705,71704,2026-10-03T00:02:21,71700,79104,18.0,41.278534,1.9790753,50,True,,
2026-10-03T00:00:04Z,5173V77464R4,77464,R4,2,78600,78600,2026-10-02T23:59:04,78600,71600,E,41.72026,1.826487,50,True,4,4
2026-10-03T00:00:04Z,5173V25693R1,25693,R1,-1438,79606,79606,2026-10-03T00:23:31,79606,72305,A,41.673496,2.769029,50,True,,
2026-10-03T00:00:04Z,6073V71550C4,71550,C4,6,05481,05483,2026-10-03T00:01:44,05485,05451,E,43.20345,-3.1704924,60,False,,1
2026-10-03T00:00:04Z,6073V35681C3,35681,C3,0,13114,13119,2026-10-03T00:00:14,13200,13100,E,43.24241,-2.9163692,60,False,,1
2026-10-03T00:00:04Z,6073V71553C4,71553,C4,12,05457,05455,2026-10-02T23:59:24,05451,05485,S,43.27407,-2.9740336,60,False,,1
2026-10-03T00:00:04Z,6173V35654C1,35654,C1,3,11408,11407,2026-10-03T00:05:45,11400,11508,E,43.093952,-2.1255136,61,False,,2
2026-10-03T00:00:04Z,6273V26949C1,26949,C1,3,14230,14223,2026-10-03T00:01:45,14223,14202,E,43.45403,-3.8277466,62,False,,1
2026-10-03T00:00:04Z,6273V71185C2,71185,C2,1,05605,05604,2026-10-03T00:01:42,14223,05637,55.0,43.4471,-3.8755975,62,False,,2
2026-10-03T00:00:04Z,2073V70237C4,70237,C4,-1435,15410,15410,2026-10-03T00:00:00,15410,16403,A,43.537647,-5.67596,20,False,12,12
2026-10-03T00:00:04Z,2073V22132C1,22132,C1,3,15212,15217,2026-10-03T00:02:00,15218,15410,A,43.38812,-5.8272715,20,False,2,2
2026-10-03T00:00:04Z,2073V22139C1,22139,C1,3,15203,15206,2026-10-03T00:04:00,15211,15122,A,43.27709,-5.812221,20,False,1,1
2026-10-03T00:00:04Z,2073V22358C3,22358,C3,-1434,15218,15218,2026-10-03T00:07:00,15218,16405,S,43.3588,-5.8573804,20,False,2,2
2026-10-03T00:00:04Z,4173V24722C1,24722,C1,31,62103,62104,2026-10-03T00:08:00,60911,78800,E,38.272114,-0.69527435,41,False,1,1
2026-10-03T00:00:04Z,4173V84931C2,84931,C2,87,61200,06002,2026-10-03T00:34:00,06006,61200,E,37.97462,-1.1315287,41,False,1,2
2026-10-03T00:00:04Z,4173V24723C1,24723,C1,-1419,61200,61200,2026-10-03T00:19:00,61200,60911,S,37.974686,-1.131078,41,False,1,1
2026-10-03T00:05:37Z,3073V23578C1,23578,C1,-1442,51003,51003,2026-10-03T00:39:50,51003,50600,A,37.392567,-5.9749837,30,False,,
2026-10-03T00:05:37Z,3073V23743C5,23743,C5,-1442,51003,51003,2026-10-03T00:38:38,51003,43005,A,37.392567,-5.9749837,30,False,9,9
2026-10-03T00:05:37Z,3073V23841C5,23841,C5,-1,43004,43005,2026-10-03T00:03:15,43005,51113,E,37.381527,-6.193782,30,False,,3
2026-10-03T00:05:37Z,3073V23581C1,23581,C1,1,51103,51111,2026-10-03T00:04:00,51003,51200,18.0,37.289146,-5.935499,30,False,1,1
2026-10-03T00:05:37Z,3173V23455T1,23455,T1,2,51451,51450,2026-10-03T00:01:00,51450,51405,A,36.40869,-6.1343336,31,False,1,1
2026-10-03T00:05:37Z,3173V23456T1,23456,T1,-1433,51405,51405,2026-10-03T00:01:00,51405,51450,A,36.529045,-6.2877955,31,False,5,5
2026-10-03T00:05:37Z,3273V23400C1,23400,C1,2,54503,54501,2026-10-03T00:00:36,54517,54516,E,36.69222,-4.48376,32,False,,2
2026-10-03T00:05:37Z,3273V23402C1,23402,C1,2,54512,54511,2026-10-03T00:03:41,54517,54516,A,36.59906,-4.536344,32,False,2,1
2026-10-03T00:05:37Z,3273V23405C1,23405,C1,3,54519,54510,2026-10-03T00:00:08,54516,54517,88.0,36.610325,-4.514658,32,False,,1
2026-10-03T00:05:37Z,4073V24270C1,24270,C1,34,64202,64203,2026-10-03T00:00:53,65000,69110,67.0,39.417984,-0.3931324,40,False,,2
2026-10-03T00:05:37Z,4073V24366C6,24366,C6,22,65208,65209,2026-10-03T00:03:05,65300,65000,20.0,39.93293,-0.09658491,40,False,4,
2026-10-03T00:05:37Z,4073V24099C2,24099,C2,50,64103,64102,2026-10-03T00:03:37,64100,65000,A,39.083164,-0.46941403,40,False,1,1
2026-10-03T00:05:37Z,4073V24281C1,24281,C1,36,69104,69105,2026-10-03T00:08:25,69110,65000,5.0,39.177853,-0.26344925,40,False,2,1
2026-10-03T00:05:37Z,5173V25795R1,25795,R1,-1,79403,79404,2026-10-03T00:03:17,79500,72305,A,41.445705,2.2490852,50,True,,1
2026-10-03T00:05:37Z,5173V77468R4,77468,R4,-1432,78700,78700,2026-10-03T00:28:19,78700,71600,A,41.56993,2.0143688,50,True,,
2026-10-03T00:05:37Z,5173V77768R4,77768,R4,2,72305,72303,2026-10-03T00:01:40,72209,78700,E,41.36431,2.1008937,50,True,,
2026-10-03T00:05:37Z,5173V25567R2S,25567,R2S,-1434,71600,71600,2026-10-03T00:17:35,71600,79400,A,41.18592,1.5248429,50,False,,
2026-10-03T00:05:37Z,5173V28393R2S,28393,R2S,7,79400,71802,2026-10-03T00:05:41,71700,79400,42.0,41.397396,2.1879463,50,False,,
2026-10-03T00:05:37Z,5173V15023R15,15023,R15,44,71500,71401,2026-10-03T00:05:41,71400,79400,27.0,41.110836,1.2259281,50,False,,
2026-10-03T00:05:37Z,5173V77766R4,77766,R4,4,72210,72209,2026-10-03T00:04:28,72209,78600,23.0,41.476357,1.9582051,50,True,,
2026-10-03T00:05:37Z,5173V28490R2,28490,R2,0,71705,71704,2026-10-03T00:02:21,71700,79104,18.0,41.278534,1.9790753,50,True,,
2026-10-03T00:05:37Z,5173V77464R4,77464,R4,2,78600,78600,2026-10-02T23:59:04,78600,71600,E,41.72026,1.826487,50,True,4,4
2026-10-03T00:05:37Z,5173V25693R1,25693,R1,-1438,79606,79606,2026-10-03T00:23:31,79606,72305,A,41.673496,2.769029,50,True,,
2026-10-03T00:05:37Z,6073V71550C4,71550,C4,6,05481,05483,2026-10-03T00:01:44,05485,05451,E,43.20345,-3.1704924,60,False,,1
2026-10-03T00:05:37Z,6073V35681C3,35681,C3,0,13114,13119,2026-10-03T00:00:14,13200,13100,E,43.24241,-2.9163692,60,False,,1
2026-10-03T00:05:37Z,6073V71553C4,71553,C4,12,05457,05455,2026-10-02T23:59:24,05451,05485,S,43.27407,-2.9740336,60,False,,1
2026-10-03T00:05:37Z,6173V35654C1,35654,C1,3,11408,11407,2026-10-03T00:05:45,11400,11508,E,43.093952,-2.1255136,61,False,,2
2026-10-03T00:05:37Z,6273V26949C1,26949,C1,3,14230,14223,2026-10-03T00:01:45,14223,14202,E,43.45403,-3.8277466,62,False,,1
2026-10-03T00:05:37Z,6273V71185C2,71185,C2,1,05605,05604,2026-10-03T00:01:42,14223,05637,55.0,43.4471,-3.8755975,62,False,,2
2026-10-03T00:05:37Z,2073V70237C4,70237,C4,-1435,15410,15410,2026-10-03T00:00:00,15410,16403,A,43.537647,-5.67596,20,False,12,12
2026-10-03T00:05:37Z,2073V22132C1,22132,C1,3,15212,15217,2026-10-03T00:02:00,15218,15410,A,43.38812,-5.8272715,20,False,2,2
2026-10-03T00:05:37Z,2073V22139C1,22139,C1,3,15203,15206,2026-10-03T00:04:00,15211,15122,A,43.27709,-5.812221,20,False,1,1
2026-10-03T00:05:37Z,2073V22358C3,22358,C3,-1434,15218,15218,2026-10-03T00:07:00,15218,16405,S,43.3588,-5.8573804,20,False,2,2
2026-10-03T00:05:37Z,4173V24722C1,24722,C1,31,62103,62104,2026-10-03T00:08:00,60911,78800,E,38.272114,-0.69527435,41,False,1,1
2026-10-03T00:05:37Z,4173V84931C2,84931,C2,87,61200,06002,2026-10-03T00:34:00,06006,61200,E,37.97462,-1.1315287,41,False,1,2
2026-10-03T00:05:37Z,4173V24723C1,24723,C1,-1419,61200,61200,2026-10-03T00:19:00,61200,60911,S,37.974686,-1.131078,41,False,1,1
2026-10-03T00:15:07Z,3073V23578C1,23578,C1,-1442,51003,51003,2026-10-03T00:39:50,51003,50600,A,37.392567,-5.9749837,30,False,,
2026-10-03T00:15:07Z,3073V23743C5,23743,C5,-1442,51003,51003,2026-10-03T00:38:38,51003,43005,A,37.392567,-5.9749837,30,False,9,9
2026-10-03T00:15:07Z,3073V23841C5,23841,C5,-1,43004,43005,2026-10-03T00:03:15,43005,51113,E,37.381527,-6.193782,30,False,,3
2026-10-03T00:15:07Z,3073V23581C1,23581,C1,1,51103,51111,2026-10-03T00:04:00,51003,51200,18.0,37.289146,-5.935499,30,False,1,1
2026-10-03T00:15:07Z,3173V23455T1,23455,T1,2,51451,51450,2026-10-03T00:01:00,51450,51405,A,36.40869,-6.1343336,31,False,1,1
2026-10-03T00:15:07Z,3173V23456T1,23456,T1,-1433,51405,51405,2026-10-03T00:01:00,51405,51450,A,36.529045,-6.2877955,31,False,5,5
2026-10-03T00:15:07Z,3273V23400C1,23400,C1,2,54503,54501,2026-10-03T00:00:36,54517,54516,E,36.69222,-4.48376,32,False,,2
2026-10-03T00:15:07Z,3273V23402C1,23402,C1,2,54512,54511,2026-10-03T00:03:41,54517,54516,A,36.59906,-4.536344,32,False,2,1
2026-10-03T00:15:07Z,3273V23405C1,23405,C1,3,54519,54510,2026-10-03T00:00:08,54516,54517,88.0,36.610325,-4.514658,32,False,,1
2026-10-03T00:15:07Z,4073V24270C1,24270,C1,34,64202,64203,2026-10-03T00:00:53,65000,69110,67.0,39.417984,-0.3931324,40,False,,2
2026-10-03T00:15:07Z,4073V24366C6,24366,C6,22,65208,65209,2026-10-03T00:03:05,65300,65000,20.0,39.93293,-0.09658491,40,False,4,
2026-10-03T00:15:07Z,4073V24099C2,24099,C2,50,64103,64102,2026-10-03T00:03:37,64100,65000,A,39.083164,-0.46941403,40,False,1,1
2026-10-03T00:15:07Z,4073V24281C1,24281,C1,36,69104,69105,2026-10-03T00:08:25,69110,65000,5.0,39.177853,-0.26344925,40,False,2,1
2026-10-03T00:15:07Z,5173V25795R1,25795,R1,-1,79403,79404,2026-10-03T00:03:17,79500,72305,A,41.445705,2.2490852,50,True,,1
2026-10-03T00:15:07Z,5173V77468R4,77468,R4,-1432,78700,78700,2026-10-03T00:28:19,78700,71600,A,41.56993,2.0143688,50,True,,
2026-10-03T00:15:07Z,5173V77768R4,77768,R4,2,72305,72303,2026-10-03T00:01:40,72209,78700,E,41.36431,2.1008937,50,True,,
2026-10-03T00:15:07Z,5173V25567R2S,25567,R2S,-1434,71600,71600,2026-10-03T00:17:35,71600,79400,A,41.18592,1.5248429,50,False,,
2026-10-03T00:15:07Z,5173V28393R2S,28393,R2S,7,79400,71802,2026-10-03T00:05:41,71700,79400,42.0,41.397396,2.1879463,50,False,,
2026-10-03T00:15:07Z,5173V15023R15,15023,R15,44,71500,71401,2026-10-03T00:05:41,71400,79400,27.0,41.110836,1.2259281,50,False,,
2026-10-03T00:15:07Z,5173V77766R4,77766,R4,4,72210,72209,2026-10-03T00:04:28,72209,78600,23.0,41.476357,1.9582051,50,True,,
2026-10-03T00:15:07Z,5173V28490R2,28490,R2,0,71705,71704,2026-10-03T00:02:21,71700,79104,18.0,41.278534,1.9790753,50,True,,
2026-10-03T00:15:07Z,5173V77464R4,77464,R4,2,78600,78600,2026-10-02T23:59:04,78600,71600,E,41.72026,1.826487,50,True,4,4
2026-10-03T00:15:07Z,5173V25693R1,25693,R1,-1438,79606,79606,2026-10-03T00:23:31,79606,72305,A,41.673496,2.769029,50,True,,
2026-10-03T00:15:07Z,6073V71550C4,71550,C4,6,05481,05483,2026-10-03T00:01:44,05485,05451,E,43.20345,-3.1704924,60,False,,1
2026-10-03T00:15:07Z,6073V35681C3,35681,C3,0,13114,13119,2026-10-03T00:00:14,13200,13100,E,43.24241,-2.9163692,60,False,,1
2026-10-03T00:15:07Z,6073V71553C4,71553,C4,12,05457,05455,2026-10-02T23:59:24,05451,05485,S,43.27407,-2.9740336,60,False,,1
2026-10-03T00:15:07Z,6173V35654C1,35654,C1,3,11408,11407,2026-10-03T00:05:45,11400,11508,E,43.093952,-2.1255136,61,False,,2
2026-10-03T00:15:07Z,6273V26949C1,26949,C1,3,14230,14223,2026-10-03T00:01:45,14223,14202,E,43.45403,-3.8277466,62,False,,1
2026-10-03T00:15:07Z,6273V71185C2,71185,C2,1,05605,05604,2026-10-03T00:01:42,14223,05637,55.0,43.4471,-3.8755975,62,False,,2
2026-10-03T00:15:07Z,2073V70237C4,70237,C4,-1435,15410,15410,2026-10-03T00:00:00,15410,16403,A,43.537647,-5.67596,20,False,12,12
2026-10-03T00:15:07Z,2073V22132C1,22132,C1,3,15212,15217,2026-10-03T00:02:00,15218,15410,A,43.38812,-5.8272715,20,False,2,2
2026-10-03T00:15:07Z,2073V22139C1,22139,C1,3,15203,15206,2026-10-03T00:04:00,15211,15122,A,43.27709,-5.812221,20,False,1,1
2026-10-03T00:15:07Z,2073V22358C3,22358,C3,-1434,15218,15218,2026-10-03T00:07:00,15218,16405,S,43.3588,-5.8573804,20,False,2,2
2026-10-03T00:15:07Z,4173V24722C1,24722,C1,31,62103,62104,2026-10-03T00:08:00,60911,78800,E,38.272114,-0.69527435,41,False,1,1
2026-10-03T00:15:07Z,4173V84931C2,84931,C2,87,61200,06002,2026-10-03T00:34:00,06006,61200,E,37.97462,-1.1315287,41,False,1,2
2026-10-03T00:15:07Z,4173V24723C1,24723,C1,-1419,61200,61200,2026-10-03T00:19:00,61200,60911,S,37.974686,-1.131078,41,False,1,1
2026-10-03T00:20:09Z,3073V23578C1,23578,C1,-1442,51003,51003,2026-10-03T00:39:50,51003,50600,A,37.392567,-5.9749837,30,False,,
2026-10-03T00:20:09Z,3073V23743C5,23743,C5,-1442,51003,51003,2026-10-03T00:38:38,51003,43005,A,37.392567,-5.9749837,30,False,9,9
2026-10-03T00:20:09Z,3073V23841C5,23841,C5,-1,43004,43005,2026-10-03T00:03:15,43005,51113,E,37.381527,-6.193782,30,False,,3
2026-10-03T00:20:09Z,3073V23581C1,23581,C1,1,51103,51111,2026-10-03T00:04:00,51003,51200,18.0,37.289146,-5.935499,30,False,1,1
2026-10-03T00:20:09Z,3173V23455T1,23455,T1,2,51451,51450,2026-10-03T00:01:00,51450,51405,A,36.40869,-6.1343336,31,False,1,1
2026-10-03T00:20:09Z,3173V23456T1,23456,T1,-1433,51405,51405,2026-10-03T00:01:00,51405,51450,A,36.529045,-6.2877955,31,False,5,5
2026-10-03T00:20:09Z,3273V23400C1,23400,C1,2,54503,54501,2026-10-03T00:00:36,54517,54516,E,36.69222,-4.48376,32,False,,2
2026-10-03T00:20:09Z,3273V23402C1,23402,C1,2,54512,54511,2026-10-03T00:03:41,54517,54516,A,36.59906,-4.536344,32,False,2,1
2026-10-03T00:20:09Z,3273V23405C1,23405,C1,3,54519,54510,2026-10-03T00:00:08,54516,54517,88.0,36.610325,-4.514658,32,False,,1
2026-10-03T00:20:09Z,4073V24270C1,24270,C1,34,64202,64203,2026-10-03T00:00:53,65000,69110,67.0,39.417984,-0.3931324,40,False,,2
2026-10-03T00:20:09Z,4073V24366C6,24366,C6,22,65208,65209,2026-10-03T00:03:05,65300,65000,20.0,39.93293,-0.09658491,40,False,4,
2026-10-03T00:20:09Z,4073V24099C2,24099,C2,50,64103,64102,2026-10-03T00:03:37,64100,65000,A,39.083164,-0.46941403,40,False,1,1
2026-10-03T00:20:09Z,4073V24281C1,24281,C1,36,69104,69105,2026-10-03T00:08:25,69110,65000,5.0,39.177853,-0.26344925,40,False,2,1
2026-10-03T00:20:09Z,5173V25795R1,25795,R1,-1,79403,79404,2026-10-03T00:03:17,79500,72305,A,41.445705,2.2490852,50,True,,1
2026-10-03T00:20:09Z,5173V77468R4,77468,R4,-1432,78700,78700,2026-10-03T00:28:19,78700,71600,A,41.56993,2.0143688,50,True,,
2026-10-03T00:20:09Z,5173V77768R4,77768,R4,2,72305,72303,2026-10-03T00:01:40,72209,78700,E,41.36431,2.1008937,50,True,,
2026-10-03T00:20:09Z,5173V25567R2S,25567,R2S,-1434,71600,71600,2026-10-03T00:17:35,71600,79400,A,41.18592,1.5248429,50,False,,
2026-10-03T00:20:09Z,5173V28393R2S,28393,R2S,7,79400,71802,2026-10-03T00:05:41,71700,79400,42.0,41.397396,2.1879463,50,False,,
2026-10-03T00:20:09Z,5173V15023R15,15023,R15,44,71500,71401,2026-10-03T00:05:41,71400,79400,27.0,41.110836,1.2259281,50,False,,
2026-10-03T00:20:09Z,5173V77766R4,77766,R4,4,72210,72209,2026-10-03T00:04:28,72209,78600,23.0,41.476357,1.9582051,50,True,,
2026-10-03T00:20:09Z,5173V28490R2,28490,R2,0,71705,71704,2026-10-03T00:02:21,71700,79104,18.0,41.278534,1.9790753,50,True,,
2026-10-03T00:20:09Z,5173V77464R4,77464,R4,2,78600,78600,2026-10-02T23:59:04,78600,71600,E,41.72026,1.826487,50,True,4,4
2026-10-03T00:20:09Z,5173V25693R1,25693,R1,-1438,79606,79606,2026-10-03T00:23:31,79606,72305,A,41.673496,2.769029,50,True,,
2026-10-03T00:20:09Z,6073V71550C4,71550,C4,6,05481,05483,2026-10-03T00:01:44,05485,05451,E,43.20345,-3.1704924,60,False,,1
2026-10-03T00:20:09Z,6073V35681C3,35681,C3,0,13114,13119,2026-10-03T00:00:14,13200,13100,E,43.24241,-2.9163692,60,False,,1
2026-10-03T00:20:09Z,6073V71553C4,71553,C4,12,05457,05455,2026-10-02T23:59:24,05451,05485,S,43.27407,-2.9740336,60,False,,1
2026-10-03T00:20:09Z,6173V35654C1,35654,C1,3,11408,11407,2026-10-03T00:05:45,11400,11508,E,43.093952,-2.1255136,61,False,,2
2026-10-03T00:20:09Z,6273V26949C1,26949,C1,3,14230,14223,2026-10-03T00:01:45,14223,14202,E,43.45403,-3.8277466,62,False,,1
2026-10-03T00:20:09Z,6273V71185C2,71185,C2,1,05605,05604,2026-10-03T00:01:42,14223,05637,55.0,43.4471,-3.8755975,62,False,,2
2026-10-03T00:20:09Z,2073V70237C4,70237,C4,-1435,15410,15410,2026-10-03T00:00:00,15410,16403,A,43.537647,-5.67596,20,False,12,12
2026-10-03T00:20:09Z,2073V22132C1,22132,C1,3,15212,15217,2026-10-03T00:02:00,15218,15410,A,43.38812,-5.8272715,20,False,2,2
2026-10-03T00:20:09Z,2073V22139C1,22139,C1,3,15203,15206,2026-10-03T00:04:00,15211,15122,A,43.27709,-5.812221,20,False,1,1
2026-10-03T00:20:09Z,2073V22358C3,22358,C3,-1434,15218,15218,2026-10-03T00:07:00,15218,16405,S,43.3588,-5.8573804,20,False,2,2
2026-10-03T00:20:09Z,4173V24722C1,24722,C1,31,62103,62104,2026-10-03T00:08:00,60911,78800,E,38.272114,-0.69527435,41,False,1,1
2026-10-03T00:20:09Z,4173V84931C2,84931,C2,87,61200,06002,2026-10-03T00:34:00,06006,61200,E,37.97462,-1.1315287,41,False,1,2
2026-10-03T00:20:09Z,4173V24723C1,24723,C1,-1419,61200,61200,2026-10-03T00:19:00,61200,60911,S,37.974686,-1.131078,41,False,1,1
2026-10-03T00:25:05Z,3073V23578C1,23578,C1,-1442,51003,51003,2026-10-03T00:39:50,51003,50600,A,37.392567,-5.9749837,30,False,,
2026-10-03T00:25:05Z,3073V23743C5,23743,C5,-1442,51003,51003,2026-10-03T00:38:38,51003,43005,A,37.392567,-5.9749837,30,False,9,9
2026-10-03T00:25:05Z,3073V23841C5,23841,C5,-1,43004,43005,2026-10-03T00:03:15,43005,51113,E,37.381527,-6.193782,30,False,,3
2026-10-03T00:25:05Z,3073V23581C1,23581,C1,1,51103,51111,2026-10-03T00:04:00,51003,51200,18.0,37.289146,-5.935499,30,False,1,1
2026-10-03T00:25:05Z,3173V23455T1,23455,T1,2,51451,51450,2026-10-03T00:01:00,51450,51405,A,36.40869,-6.1343336,31,False,1,1
2026-10-03T00:25:05Z,3173V23456T1,23456,T1,-1433,51405,51405,2026-10-03T00:01:00,51405,51450,A,36.529045,-6.2877955,31,False,5,5
2026-10-03T00:25:05Z,3273V23400C1,23400,C1,2,54503,54501,2026-10-03T00:00:36,54517,54516,E,36.69222,-4.48376,32,False,,2
2026-10-03T00:25:05Z,3273V23402C1,23402,C1,2,54512,54511,2026-10-03T00:03:41,54517,54516,A,36.59906,-4.536344,32,False,2,1
2026-10-03T00:25:05Z,3273V23405C1,23405,C1,3,54519,54510,2026-10-03T00:00:08,54516,54517,88.0,36.610325,-4.514658,32,False,,1
2026-10-03T00:25:05Z,4073V24270C1,24270,C1,34,64202,64203,2026-10-03T00:00:53,65000,69110,67.0,39.417984,-0.3931324,40,False,,2
2026-10-03T00:25:05Z,4073V24366C6,24366,C6,22,65208,65209,2026-10-03T00:03:05,65300,65000,20.0,39.93293,-0.09658491,40,False,4,
2026-10-03T00:25:05Z,4073V24099C2,24099,C2,50,64103,64102,2026-10-03T00:03:37,64100,65000,A,39.083164,-0.46941403,40,False,1,1
2026-10-03T00:25:05Z,4073V24281C1,24281,C1,36,69104,69105,2026-10-03T00:08:25,69110,65000,5.0,39.177853,-0.26344925,40,False,2,1
2026-10-03T00:25:05Z,5173V25795R1,25795,R1,-1,79403,79404,2026-10-03T00:03:17,79500,72305,A,41.445705,2.2490852,50,True,,1
2026-10-03T00:25:05Z,5173V77468R4,77468,R4,-1432,78700,78700,2026-10-03T00:28:19,78700,71600,A,41.56993,2.0143688,50,True,,
2026-10-03T00:25:05Z,5173V77768R4,77768,R4,2,72305,72303,2026-10-03T00:01:40,72209,78700,E,41.36431,2.1008937,50,True,,
2026-10-03T00:25:05Z,5173V25567R2S,25567,R2S,-1434,71600,71600,2026-10-03T00:17:35,71600,79400,A,41.18592,1.5248429,50,False,,
2026-10-03T00:25:05Z,5173V28393R2S,28393,R2S,7,79400,71802,2026-10-03T00:05:41,71700,79400,42.0,41.397396,2.1879463,50,False,,
2026-10-03T00:25:05Z,5173V15023R15,15023,R15,44,71500,71401,2026-10-03T00:05:41,71400,79400,27.0,41.110836,1.2259281,50,False,,
2026-10-03T00:25:05Z,5173V77766R4,77766,R4,4,72210,72209,2026-10-03T00:04:28,72209,78600,23.0,41.476357,1.9582051,50,True,,
2026-10-03T00:25:05Z,5173V28490R2,28490,R2,0,71705,71704,2026-10-03T00:02:21,71700,79104,18.0,41.278534,1.9790753,50,True,,
2026-10-03T00:25:05Z,5173V77464R4,77464,R4,2,78600,78600,2026-10-02T23:59:04,78600,71600,E,41.72026,1.826487,50,True,4,4
2026-10-03T00:25:05Z,5173V25693R1,25693,R1,-1438,79606,79606,2026-10-03T00:23:31,79606,72305,A,41.673496,2.769029,50,True,,
2026-10-03T00:25:05Z,6073V71550C4,71550,C4,6,05481,05483,2026-10-03T00:01:44,05485,05451,E,43.20345,-3.1704924,60,False,,1
2026-10-03T00:25:05Z,6073V35681C3,35681,C3,0,13114,13119,2026-10-03T00:00:14,13200,13100,E,43.24241,-2.9163692,60,False,,1
2026-10-03T00:25:05Z,6073V71553C4,71553,C4,12,05457,05455,2026-10-02T23:59:24,05451,05485,S,43.27407,-2.9740336,60,False,,1
2026-10-03T00:25:05Z,6173V35654C1,35654,C1,3,11408,11407,2026-10-03T00:05:45,11400,11508,E,43.093952,-2.1255136,61,False,,2
2026-10-03T00:25:05Z,6273V26949C1,26949,C1,3,14230,14223,2026-10-03T00:01:45,14223,14202,E,43.45403,-3.8277466,62,False,,1
2026-10-03T00:25:05Z,6273V71185C2,71185,C2,1,05605,05604,2026-10-03T00:01:42,14223,05637,55.0,43.4471,-3.8755975,62,False,,2
2026-10-03T00:25:05Z,2073V70237C4,70237,C4,-1435,15410,15410,2026-10-03T00:00:00,15410,16403,A,43.537647,-5.67596,20,False,12,12
2026-10-03T00:25:05Z,2073V22132C1,22132,C1,3,15212,15217,2026-10-03T00:02:00,15218,15410,A,43.38812,-5.8272715,20,False,2,2
2026-10-03T00:25:05Z,2073V22139C1,22139,C1,3,15203,15206,2026-10-03T00:04:00,15211,15122,A,43.27709,-5.812221,20,False,1,1
2026-10-03T00:25:05Z,2073V22358C3,22358,C3,-1434,15218,15218,2026-10-03T00:07:00,15218,16405,S,43.3588,-5.8573804,20,False,2,2
2026-10-03T00:25:05Z,4173V24722C1,24722,C1,31,62103,62104,2026-10-03T00:08:00,60911,78800,E,38.272114,-0.69527435,41,False,1,1
2026-10-03T00:25:05Z,4173V84931C2,84931,C2,87,61200,06002,2026-10-03T00:34:00,06006,61200,E,37.97462,-1.1315287,41,False,1,2
2026-10-03T00:25:05Z,4173V24723C1,24723,C1,-1419,61200,61200,2026-10-03T00:19:00,61200,60911,S,37.974686,-1.131078,41,False,1,1
2026-10-03T00:30:29Z,3073V23578C1,23578,C1,-1442,51003,51003,2026-10-03T00:39:50,51003,50600,A,37.392567,-5.9749837,30,False,,
2026-10-03T00:30:29Z,3073V23743C5,23743,C5,-1442,51003,51003,2026-10-03T00:38:38,51003,43005,A,37.392567,-5.9749837,30,False,9,9
2026-10-03T00:30:29Z,3073V23841C5,23841,C5,-1,43004,43005,2026-10-03T00:03:15,43005,51113,E,37.381527,-6.193782,30,False,,3
2026-10-03T00:30:29Z,3073V23581C1,23581,C1,1,51103,51111,2026-10-03T00:04:00,51003,51200,18.0,37.289146,-5.935499,30,False,1,1
2026-10-03T00:30:29Z,3173V23455T1,23455,T1,2,51451,51450,2026-10-03T00:01:00,51450,51405,A,36.40869,-6.1343336,31,False,1,1
2026-10-03T00:30:29Z,3173V23456T1,23456,T1,-1433,51405,51405,2026-10-03T00:01:00,51405,51450,A,36.529045,-6.2877955,31,False,5,5
2026-10-03T00:30:29Z,3273V23400C1,23400,C1,2,54503,54501,2026-10-03T00:00:36,54517,54516,E,36.69222,-4.48376,32,False,,2
2026-10-03T00:30:29Z,3273V23402C1,23402,C1,2,54512,54511,2026-10-03T00:03:41,54517,54516,A,36.59906,-4.536344,32,False,2,1
2026-10-03T00:30:29Z,3273V23405C1,23405,C1,3,54519,54510,2026-10-03T00:00:08,54516,54517,88.0,36.610325,-4.514658,32,False,,1
2026-10-03T00:30:29Z,4073V24270C1,24270,C1,34,64202,64203,2026-10-03T00:00:53,65000,69110,67.0,39.417984,-0.3931324,40,False,,2
2026-10-03T00:30:29Z,4073V24366C6,24366,C6,22,65208,65209,2026-10-03T00:03:05,65300,65000,20.0,39.93293,-0.09658491,40,False,4,
2026-10-03T00:30:29Z,4073V24099C2,24099,C2,50,64103,64102,2026-10-03T00:03:37,64100,65000,A,39.083164,-0.46941403,40,False,1,1
2026-10-03T00:30:29Z,4073V24281C1,24281,C1,36,69104,69105,2026-10-03T00:08:25,69110,65000,5.0,39.177853,-0.26344925,40,False,2,1
2026-10-03T00:30:29Z,5173V25795R1,25795,R1,-1,79403,79404,2026-10-03T00:03:17,79500,72305,A,41.445705,2.2490852,50,True,,1
2026-10-03T00:30:29Z,5173V77468R4,77468,R4,-1432,78700,78700,2026-10-03T00:28:19,78700,71600,A,41.56993,2.0143688,50,True,,
2026-10-03T00:30:29Z,5173V77768R4,77768,R4,2,72305,72303,2026-10-03T00:01:40,72209,78700,E,41.36431,2.1008937,50,True,,
2026-10-03T00:30:29Z,5173V25567R2S,25567,R2S,-1434,71600,71600,2026-10-03T00:17:35,71600,79400,A,41.18592,1.5248429,50,False,,
2026-10-03T00:30:29Z,5173V28393R2S,28393,R2S,7,79400,71802,2026-10-03T00:05:41,71700,79400,42.0,41.397396,2.1879463,50,False,,
2026-10-03T00:30:29Z,5173V15023R15,15023,R15,44,71500,71401,2026-10-03T00:05:41,71400,79400,27.0,41.110836,1.2259281,50,False,,
2026-10-03T00:30:29Z,5173V77766R4,77766,R4,4,72210,72209,2026-10-03T00:04:28,72209,78600,23.0,41.476357,1.9582051,50,True,,
2026-10-03T00:30:29Z,5173V28490R2,28490,R2,0,71705,71704,2026-10-03T00:02:21,71700,79104,18.0,41.278534,1.9790753,50,True,,
2026-10-03T00:30:29Z,5173V77464R4,77464,R4,2,78600,78600,2026-10-02T23:59:04,78600,71600,E,41.72026,1.826487,50,True,4,4
2026-10-03T00:30:29Z,5173V25693R1,25693,R1,-1438,79606,79606,2026-10-03T00:23:31,79606,72305,A,41.673496,2.769029,50,True,,
2026-10-03T00:30:29Z,6073V71550C4,71550,C4,6,05481,05483,2026-10-03T00:01:44,05485,05451,E,43.20345,-3.1704924,60,False,,1
2026-10-03T00:30:29Z,6073V35681C3,35681,C3,0,13114,13119,2026-10-03T00:00:14,13200,13100,E,43.24241,-2.9163692,60,False,,1
2026-10-03T00:30:29Z,6073V71553C4,71553,C4,12,05457,05455,2026-10-02T23:59:24,05451,05485,S,43.27407,-2.9740336,60,False,,1
2026-10-03T00:30:29Z,6173V35654C1,35654,C1,3,11408,11407,2026-10-03T00:05:45,11400,11508,E,43.093952,-2.1255136,61,False,,2
2026-10-03T00:30:29Z,6273V26949C1,26949,C1,3,14230,14223,2026-10-03T00:01:45,14223,14202,E,43.45403,-3.8277466,62,False,,1
2026-10-03T00:30:29Z,6273V71185C2,71185,C2,1,05605,05604,2026-10-03T00:01:42,14223,05637,55.0,43.4471,-3.8755975,62,False,,2
2026-10-03T00:30:29Z,2073V70237C4,70237,C4,-1435,15410,15410,2026-10-03T00:00:00,15410,16403,A,43.537647,-5.67596,20,False,12,12
2026-10-03T00:30:29Z,2073V22132C1,22132,C1,3,15212,15217,2026-10-03T00:02:00,15218,15410,A,43.38812,-5.8272715,20,False,2,2
2026-10-03T00:30:29Z,2073V22139C1,22139,C1,3,15203,15206,2026-10-03T00:04:00,15211,15122,A,43.27709,-5.812221,20,False,1,1
2026-10-03T00:30:29Z,2073V22358C3,22358,C3,-1434,15218,15218,2026-10-03T00:07:00,15218,16405,S,43.3588,-5.8573804,20,False,2,2
2026-10-03T00:30:29Z,4173V24722C1,24722,C1,31,62103,62104,2026-10-03T00:08:00,60911,78800,E,38.272114,-0.69527435,41,False,1,1
2026-10-03T00:30:29Z,4173V84931C2,84931,C2,87,61200,06002,2026-10-03T00:34:00,06006,61200,E,37.97462,-1.1315287,41,False,1,2
2026-10-03T00:30:29Z,4173V24723C1,24723,C1,-1419,61200,61200,2026-10-03T00:19:00,61200,60911,S,37.974686,-1.131078,41,False,1,1
2026-10-03T00:36:01Z,3073V23578C1,23578,C1,-1442,51003,51003,2026-10-03T00:39:50,51003,50600,A,37.392567,-5.9749837,30,False,,
2026-10-03T00:36:01Z,3073V23743C5,23743,C5,-1442,51003,51003,2026-10-03T00:38:38,51003,43005,A,37.392567,-5.9749837,30,False,9,9
2026-10-03T00:36:01Z,3073V23841C5,23841,C5,-1,43004,43005,2026-10-03T00:03:15,43005,51113,E,37.381527,-6.193782,30,False,,3
2026-10-03T00:36:01Z,3073V23581C1,23581,C1,1,51103,51111,2026-10-03T00:04:00,51003,51200,18.0,37.289146,-5.935499,30,False,1,1
2026-10-03T00:36:01Z,3173V23455T1,23455,T1,2,51451,51450,2026-10-03T00:01:00,51450,51405,A,36.40869,-6.1343336,31,False,1,1
2026-10-03T00:36:01Z,3173V23456T1,23456,T1,-1433,51405,51405,2026-10-03T00:01:00,51405,51450,A,36.529045,-6.2877955,31,False,5,5
2026-10-03T00:36:01Z,3273V23400C1,23400,C1,2,54503,54501,2026-10-03T00:00:36,54517,54516,E,36.69222,-4.48376,32,False,,2
2026-10-03T00:36:01Z,3273V23402C1,23402,C1,2,54512,54511,2026-10-03T00:03:41,54517,54516,A,36.59906,-4.536344,32,False,2,1
2026-10-03T00:36:01Z,3273V23405C1,23405,C1,3,54519,54510,2026-10-03T00:00:08,54516,54517,88.0,36.610325,-4.514658,32,False,,1
2026-10-03T00:36:01Z,4073V24270C1,24270,C1,34,64202,64203,2026-10-03T00:00:53,65000,69110,67.0,39.417984,-0.3931324,40,False,,2
2026-10-03T00:36:01Z,4073V24366C6,24366,C6,22,65208,65209,2026-10-03T00:03:05,65300,65000,20.0,39.93293,-0.09658491,40,False,4,
2026-10-03T00:36:01Z,4073V24099C2,24099,C2,50,64103,64102,2026-10-03T00:03:37,64100,65000,A,39.083164,-0.46941403,40,False,1,1
2026-10-03T00:36:01Z,4073V24281C1,24281,C1,36,69104,69105,2026-10-03T00:08:25,69110,65000,5.0,39.177853,-0.26344925,40,False,2,1
2026-10-03T00:36:01Z,5173V25795R1,25795,R1,-1,79403,79404,2026-10-03T00:03:17,79500,72305,A,41.445705,2.2490852,50,True,,1
2026-10-03T00:36:01Z,5173V77468R4,77468,R4,-1432,78700,78700,2026-10-03T00:28:19,78700,71600,A,41.56993,2.0143688,50,True,,
2026-10-03T00:36:01Z,5173V77768R4,77768,R4,2,72305,72303,2026-10-03T00:01:40,72209,78700,E,41.36431,2.1008937,50,True,,
2026-10-03T00:36:01Z,5173V25567R2S,25567,R2S,-1434,71600,71600,2026-10-03T00:17:35,71600,79400,A,41.18592,1.5248429,50,False,,
2026-10-03T00:36:01Z,5173V28393R2S,28393,R2S,7,79400,71802,2026-10-03T00:05:41,71700,79400,42.0,41.397396,2.1879463,50,False,,
2026-10-03T00:36:01Z,5173V15023R15,15023,R15,44,71500,71401,2026-10-03T00:05:41,71400,79400,27.0,41.110836,1.2259281,50,False,,
2026-10-03T00:36:01Z,5173V77766R4,77766,R4,4,72210,72209,2026-10-03T00:04:28,72209,78600,23.0,41.476357,1.9582051,50,True,,
2026-10-03T00:36:01Z,5173V28490R2,28490,R2,0,71705,71704,2026-10-03T00:02:21,71700,79104,18.0,41.278534,1.9790753,50,True,,
2026-10-03T00:36:01Z,5173V77464R4,77464,R4,2,78600,78600,2026-10-02T23:59:04,78600,71600,E,41.72026,1.826487,50,True,4,4
2026-10-03T00:36:01Z,5173V25693R1,25693,R1,-1438,79606,79606,2026-10-03T00:23:31,79606,72305,A,41.673496,2.769029,50,True,,
2026-10-03T00:36:01Z,6073V71550C4,71550,C4,6,05481,05483,2026-10-03T00:01:44,05485,05451,E,43.20345,-3.1704924,60,False,,1
2026-10-03T00:36:01Z,6073V35681C3,35681,C3,0,13114,13119,2026-10-03T00:00:14,13200,13100,E,43.24241,-2.9163692,60,False,,1
2026-10-03T00:36:01Z,6073V71553C4,71553,C4,12,05457,05455,2026-10-02T23:59:24,05451,05485,S,43.27407,-2.9740336,60,False,,1
2026-10-03T00:36:01Z,6173V35654C1,35654,C1,3,11408,11407,2026-10-03T00:05:45,11400,11508,E,43.093952,-2.1255136,61,False,,2
2026-10-03T00:36:01Z,6273V26949C1,26949,C1,3,14230,14223,2026-10-03T00:01:45,14223,14202,E,43.45403,-3.8277466,62,False,,1
2026-10-03T00:36:01Z,6273V71185C2,71185,C2,1,05605,05604,2026-10-03T00:01:42,14223,05637,55.0,43.4471,-3.8755975,62,False,,2
2026-10-03T00:36:01Z,2073V70237C4,70237,C4,-1435,15410,15410,2026-10-03T00:00:00,15410,16403,A,43.537647,-5.67596,20,False,12,12
2026-10-03T00:36:01Z,2073V22132C1,22132,C1,3,15212,15217,2026-10-03T00:02:00,15218,15410,A,43.38812,-5.8272715,20,False,2,2
2026-10-03T00:36:01Z,2073V22139C1,22139,C1,3,15203,15206,2026-10-03T00:04:00,15211,15122,A,43.27709,-5.812221,20,False,1,1
2026-10-03T00:36:01Z,2073V22358C3,22358,C3,-1434,15218,15218,2026-10-03T00:07:00,15218,16405,S,43.3588,-5.8573804,20,False,2,2
2026-10-03T00:36:01Z,4173V24722C1,24722,C1,31,62103,62104,2026-10-03T00:08:00,60911,78800,E,38.272114,-0.69527435,41,False,1,1
2026-10-03T00:36:01Z,4173V84931C2,84931,C2,87,61200,06002,2026-10-03T00:34:00,06006,61200,E,37.97462,-1.1315287,41,False,1,2
2026-10-03T00:36:01Z,4173V24723C1,24723,C1,-1419,61200,61200,2026-10-03T00:19:00,61200,60911,S,37.974686,-1.131078,41,False,1,1
2026-10-03T00:45:00Z,3073V23578C1,23578,C1,-1442,51003,51003,2026-10-03T00:39:50,51003,50600,A,37.392567,-5.9749837,30,False,,
2026-10-03T00:45:00Z,3073V23743C5,23743,C5,-1442,51003,51003,2026-10-03T00:38:38,51003,43005,A,37.392567,-5.9749837,30,False,9,9
2026-10-03T00:45:00Z,3073V23841C5,23841,C5,-1,43004,43005,2026-10-03T00:03:15,43005,51113,E,37.381527,-6.193782,30,False,,3
2026-10-03T00:45:00Z,3073V23581C1,23581,C1,1,51103,51111,2026-10-03T00:04:00,51003,51200,18.0,37.289146,-5.935499,30,False,1,1
2026-10-03T00:45:00Z,3173V23455T1,23455,T1,2,51451,51450,2026-10-03T00:01:00,51450,51405,A,36.40869,-6.1343336,31,False,1,1
2026-10-03T00:45:00Z,3173V23456T1,23456,T1,-1433,51405,51405,2026-10-03T00:01:00,51405,51450,A,36.529045,-6.2877955,31,False,5,5
2026-10-03T00:45:00Z,3273V23400C1,23400,C1,2,54503,54501,2026-10-03T00:00:36,54517,54516,E,36.69222,-4.48376,32,False,,2
2026-10-03T00:45:00Z,3273V23402C1,23402,C1,2,54512,54511,2026-10-03T00:03:41,54517,54516,A,36.59906,-4.536344,32,False,2,1
2026-10-03T00:45:00Z,3273V23405C1,23405,C1,3,54519,54510,2026-10-03T00:00:08,54516,54517,88.0,36.610325,-4.514658,32,False,,1
2026-10-03T00:45:00Z,4073V24270C1,24270,C1,34,64202,64203,2026-10-03T00:00:53,65000,69110,67.0,39.417984,-0.3931324,40,False,,2
2026-10-03T00:45:00Z,4073V24366C6,24366,C6,22,65208,65209,2026-10-03T00:03:05,65300,65000,20.0,39.93293,-0.09658491,40,False,4,
2026-10-03T00:45:00Z,4073V24099C2,24099,C2,50,64103,64102,2026-10-03T00:03:37,64100,65000,A,39.083164,-0.46941403,40,False,1,1
2026-10-03T00:45:00Z,4073V24281C1,24281,C1,36,69104,69105,2026-10-03T00:08:25,69110,65000,5.0,39.177853,-0.26344925,40,False,2,1
2026-10-03T00:45:00Z,5173V25795R1,25795,R1,-1,79403,79404,2026-10-03T00:03:17,79500,72305,A,41.445705,2.2490852,50,True,,1
2026-10-03T00:45:00Z,5173V77468R4,77468,R4,-1432,78700,78700,2026-10-03T00:28:19,78700,71600,A,41.56993,2.0143688,50,True,,
2026-10-03T00:45:00Z,5173V77768R4,77768,R4,2,72305,72303,2026-10-03T00:01:40,72209,78700,E,41.36431,2.1008937,50,True,,
2026-10-03T00:45:00Z,5173V25567R2S,25567,R2S,-1434,71600,71600,2026-10-03T00:17:35,71600,79400,A,41.18592,1.5248429,50,False,,
2026-10-03T00:45:00Z,5173V28393R2S,28393,R2S,7,79400,71802,2026-10-03T00:05:41,71700,79400,42.0,41.397396,2.1879463,50,False,,
2026-10-03T00:45:00Z,5173V15023R15,15023,R15,44,71500,71401,2026-10-03T00:05:41,71400,79400,27.0,41.110836,1.2259281,50,False,,
2026-10-03T00:45:00Z,5173V77766R4,77766,R4,4,72210,72209,2026-10-03T00:04:28,72209,78600,23.0,41.476357,1.9582051,50,True,,
2026-10-03T00:45:00Z,5173V28490R2,28490,R2,0,71705,71704,2026-10-03T00:02:21,71700,79104,18.0,41.278534,1.9790753,50,True,,
2026-10-03T00:45:00Z,5173V77464R4,77464,R4,2,78600,78600,2026-10-02T23:59:04,78600,71600,E,41.72026,1.826487,50,True,4,4
2026-10-03T00:45:00Z,5173V25693R1,25693,R1,-1438,79606,79606,2026-10-03T00:23:31,79606,72305,A,41.673496,2.769029,50,True,,
2026-10-03T00:45:00Z,6073V71550C4,71550,C4,6,05481,05483,2026-10-03T00:01:44,05485,05451,E,43.20345,-3.1704924,60,False,,1
2026-10-03T00:45:00Z,6073V35681C3,35681,C3,0,13114,13119,2026-10-03T00:00:14,13200,13100,E,43.24241,-2.9163692,60,False,,1
2026-10-03T00:45:00Z,6073V71553C4,71553,C4,12,05457,05455,2026-10-02T23:59:24,05451,05485,S,43.27407,-2.9740336,60,False,,1
2026-10-03T00:45:00Z,6173V35654C1,35654,C1,3,11408,11407,2026-10-03T00:05:45,11400,11508,E,43.093952,-2.1255136,61,False,,2
2026-10-03T00:45:00Z,6273V26949C1,26949,C1,3,14230,14223,2026-10-03T00:01:45,14223,14202,E,43.45403,-3.8277466,62,False,,1
2026-10-03T00:45:00Z,6273V71185C2,71185,C2,1,05605,05604,2026-10-03T00:01:42,14223,05637,55.0,43.4471,-3.8755975,62,False,,2
2026-10-03T00:45:00Z,2073V70237C4,70237,C4,-1435,15410,15410,2026-10-03T00:00:00,15410,16403,A,43.537647,-5.67596,20,False,12,12
2026-10-03T00:45:00Z,2073V22132C1,22132,C1,3,15212,15217,2026-10-03T00:02:00,15218,15410,A,43.38812,-5.8272715,20,False,2,2
2026-10-03T00:45:00Z,2073V22139C1,22139,C1,3,15203,15206,2026-10-03T00:04:00,15211,15122,A,43.27709,-5.812221,20,False,1,1
2026-10-03T00:45:00Z,2073V22358C3,22358,C3,-1434,15218,15218,2026-10-03T00:07:00,15218,16405,S,43.3588,-5.8573804,20,False,2,2
2026-10-03T00:45:00Z,4173V24722C1,24722,C1,31,62103,62104,2026-10-03T00:08:00,60911,78800,E,38.272114,-0.69527435,41,False,1,1
2026-10-03T00:45:00Z,4173V84931C2,84931,C2,87,61200,06002,2026-10-03T00:34:00,06006,61200,E,37.97462,-1.1315287,41,False,1,2
2026-10-03T00:45:00Z,4173V24723C1,24723,C1,-1419,61200,61200,2026-10-03T00:19:00,61200,60911,S,37.974686,-1.131078,41,False,1,1
2026-10-03T00:50:07Z,3073V23578C1,23578,C1,-1442,51003,51003,2026-10-03T00:39:50,51003,50600,A,37.392567,-5.9749837,30,False,,
2026-10-03T00:50:07Z,3073V23743C5,23743,C5,-1442,51003,51003,2026-10-03T00:38:38,51003,43005,A,37.392567,-5.9749837,30,False,9,9
2026-10-03T00:50:07Z,3073V23841C5,23841,C5,-1,43004,43005,2026-10-03T00:03:15,43005,51113,E,37.381527,-6.193782,30,False,,3
2026-10-03T00:50:07Z,3073V23581C1,23581,C1,1,51103,51111,2026-10-03T00:04:00,51003,51200,18.0,37.289146,-5.935499,30,False,1,1
2026-10-03T00:50:07Z,3173V23455T1,23455,T1,2,51451,51450,2026-10-03T00:01:00,51450,51405,A,36.40869,-6.1343336,31,False,1,1
2026-10-03T00:50:07Z,3173V23456T1,23456,T1,-1433,51405,51405,2026-10-03T00:01:00,51405,51450,A,36.529045,-6.2877955,31,False,5,5
2026-10-03T00:50:07Z,3273V23400C1,23400,C1,2,54503,54501,2026-10-03T00:00:36,54517,54516,E,36.69222,-4.48376,32,False,,2
2026-10-03T00:50:07Z,3273V23402C1,23402,C1,2,54512,54511,2026-10-03T00:03:41,54517,54516,A,36.59906,-4.536344,32,False,2,1
2026-10-03T00:50:07Z,3273V23405C1,23405,C1,3,54519,54510,2026-10-03T00:00:08,54516,54517,88.0,36.610325,-4.514658,32,False,,1
2026-10-03T00:50:07Z,4073V24270C1,24270,C1,34,64202,64203,2026-10-03T00:00:53,65000,69110,67.0,39.417984,-0.3931324,40,False,,2
2026-10-03T00:50:07Z,4073V24366C6,24366,C6,22,65208,65209,2026-10-03T00:03:05,65300,65000,20.0,39.93293,-0.09658491,40,False,4,
2026-10-03T00:50:07Z,4073V24099C2,24099,C2,50,64103,64102,2026-10-03T00:03:37,64100,65000,A,39.083164,-0.46941403,40,False,1,1
2026-10-03T00:50:07Z,4073V24281C1,24281,C1,36,69104,69105,2026-10-03T00:08:25,69110,65000,5.0,39.177853,-0.26344925,40,False,2,1
2026-10-03T00:50:07Z,5173V25795R1,25795,R1,-1,79403,79404,2026-10-03T00:03:17,79500,72305,A,41.445705,2.2490852,50,True,,1
2026-10-03T00:50:07Z,5173V77468R4,77468,R4,-1432,78700,78700,2026-10-03T00:28:19,78700,71600,A,41.56993,2.0143688,50,True,,
2026-10-03T00:50:07Z,5173V77768R4,77768,R4,2,72305,72303,2026-10-03T00:01:40,72209,78700,E,41.36431,2.1008937,50,True,,
2026-10-03T00:50:07Z,5173V25567R2S,25567,R2S,-1434,71600,71600,2026-10-03T00:17:35,71600,79400,A,41.18592,1.5248429,50,False,,
2026-10-03T00:50:07Z,5173V28393R2S,28393,R2S,7,79400,71802,2026-10-03T00:05:41,71700,79400,42.0,41.397396,2.1879463,50,False,,
2026-10-03T00:50:07Z,5173V15023R15,15023,R15,44,71500,71401,2026-10-03T00:05:41,71400,79400,27.0,41.110836,1.2259281,50,False,,
2026-10-03T00:50:07Z,5173V77766R4,77766,R4,4,72210,72209,2026-10-03T00:04:28,72209,78600,23.0,41.476357,1.9582051,50,True,,
2026-10-03T00:50:07Z,5173V28490R2,28490,R2,0,71705,71704,2026-10-03T00:02:21,71700,79104,18.0,41.278534,1.9790753,50,True,,
2026-10-03T00:50:07Z,5173V77464R4,77464,R4,2,78600,78600,2026-10-02T23:59:04,78600,71600,E,41.72026,1.826487,50,True,4,4
2026-10-03T00:50:07Z,5173V25693R1,25693,R1,-1438,79606,79606,2026-10-03T00:23:31,79606,72305,A,41.673496,2.769029,50,True,,
2026-10-03T00:50:07Z,6073V71550C4,71550,C4,6,05481,05483,2026-10-03T00:01:44,05485,05451,E,43.20345,-3.1704924,60,False,,1
2026-10-03T00:50:07Z,6073V35681C3,35681,C3,0,13114,13119,2026-10-03T00:00:14,13200,13100,E,43.24241,-2.9163692,60,False,,1
2026-10-03T00:50:07Z,6073V71553C4,71553,C4,12,05457,05455,2026-10-02T23:59:24,05451,05485,S,43.27407,-2.9740336,60,False,,1
2026-10-03T00:50:07Z,6173V35654C1,35654,C1,3,11408,11407,2026-10-03T00:05:45,11400,11508,E,43.093952,-2.1255136,61,False,,2
2026-10-03T00:50:07Z,6273V26949C1,26949,C1,3,14230,14223,2026-10-03T00:01:45,14223,14202,E,43.45403,-3.8277466,62,False,,1
2026-10-03T00:50:07Z,6273V71185C2,71185,C2,1,05605,05604,2026-10-03T00:01:42,14223,05637,55.0,43.4471,-3.8755975,62,False,,2
2026-10-03T00:50:07Z,2073V70237C4,70237,C4,-1435,15410,15410,2026-10-03T00:00:00,15410,16403,A,43.537647,-5.67596,20,False,12,12
2026-10-03T00:50:07Z,2073V22132C1,22132,C1,3,15212,15217,2026-10-03T00:02:00,15218,15410,A,43.38812,-5.8272715,20,False,2,2
2026-10-03T00:50:07Z,2073V22139C1,22139,C1,3,15203,15206,2026-10-03T00:04:00,15211,15122,A,43.27709,-5.812221,20,False,1,1
2026-10-03T00:50:07Z,2073V22358C3,22358,C3,-1434,15218,15218,2026-10-03T00:07:00,15218,16405,S,43.3588,-5.8573804,20,False,2,2
2026-10-03T00:50:07Z,4173V24722C1,24722,C1,31,62103,62104,2026-10-03T00:08:00,60911,78800,E,38.272114,-0.69527435,41,False,1,1
2026-10-03T00:50:07Z,4173V84931C2,84931,C2,87,61200,06002,2026-10-03T00:34:00,06006,61200,E,37.97462,-1.1315287,41,False,1,2
2026-10-03T00:50:07Z,4173V24723C1,24723,C1,-1419,61200,61200,2026-10-03T00:19:00,61200,60911,S,37.974686,-1.131078,41,False,1,1
2026-10-03T00:55:02Z,3073V23578C1,23578,C1,-1442,51003,51003,2026-10-03T00:39:50,51003,50600,A,37.392567,-5.9749837,30,False,,
2026-10-03T00:55:02Z,3073V23743C5,23743,C5,-1442,51003,51003,2026-10-03T00:38:38,51003,43005,A,37.392567,-5.9749837,30,False,9,9
2026-10-03T00:55:02Z,3073V23841C5,23841,C5,-1,43004,43005,2026-10-03T00:03:15,43005,51113,E,37.381527,-6.193782,30,False,,3
2026-10-03T00:55:02Z,3073V23581C1,23581,C1,1,51103,51111,2026-10-03T00:04:00,51003,51200,18.0,37.289146,-5.935499,30,False,1,1
2026-10-03T00:55:02Z,3173V23455T1,23455,T1,2,51451,51450,2026-10-03T00:01:00,51450,51405,A,36.40869,-6.1343336,31,False,1,1
2026-10-03T00:55:02Z,3173V23456T1,23456,T1,-1433,51405,51405,2026-10-03T00:01:00,51405,51450,A,36.529045,-6.2877955,31,False,5,5
2026-10-03T00:55:02Z,3273V23400C1,23400,C1,2,54503,54501,2026-10-03T00:00:36,54517,54516,E,36.69222,-4.48376,32,False,,2
2026-10-03T00:55:02Z,3273V23402C1,23402,C1,2,54512,54511,2026-10-03T00:03:41,54517,54516,A,36.59906,-4.536344,32,False,2,1
2026-10-03T00:55:02Z,3273V23405C1,23405,C1,3,54519,54510,2026-10-03T00:00:08,54516,54517,88.0,36.610325,-4.514658,32,False,,1
2026-10-03T00:55:02Z,4073V24270C1,24270,C1,34,64202,64203,2026-10-03T00:00:53,65000,69110,67.0,39.417984,-0.3931324,40,False,,2
2026-10-03T00:55:02Z,4073V24366C6,24366,C6,22,65208,65209,2026-10-03T00:03:05,65300,65000,20.0,39.93293,-0.09658491,40,False,4,
2026-10-03T00:55:02Z,4073V24099C2,24099,C2,50,64103,64102,2026-10-03T00:03:37,64100,65000,A,39.083164,-0.46941403,40,False,1,1
2026-10-03T00:55:02Z,4073V24281C1,24281,C1,36,69104,69105,2026-10-03T00:08:25,69110,65000,5.0,39.177853,-0.26344925,40,False,2,1
2026-10-03T00:55:02Z,5173V25795R1,25795,R1,-1,79403,79404,2026-10-03T00:03:17,79500,72305,A,41.445705,2.2490852,50,True,,1
2026-10-03T00:55:02Z,5173V77468R4,77468,R4,-1432,78700,78700,2026-10-03T00:28:19,78700,71600,A,41.56993,2.0143688,50,True,,
2026-10-03T00:55:02Z,5173V77768R4,77768,R4,2,72305,72303,2026-10-03T00:01:40,72209,78700,E,41.36431,2.1008937,50,True,,
2026-10-03T00:55:02Z,5173V25567R2S,25567,R2S,-1434,71600,71600,2026-10-03T00:17:35,71600,79400,A,41.18592,1.5248429,50,False,,
2026-10-03T00:55:02Z,5173V28393R2S,28393,R2S,7,79400,71802,2026-10-03T00:05:41,71700,79400,42.0,41.397396,2.1879463,50,False,,
2026-10-03T00:55:02Z,5173V15023R15,15023,R15,44,71500,71401,2026-10-03T00:05:41,71400,79400,27.0,41.110836,1.2259281,50,False,,
2026-10-03T00:55:02Z,5173V77766R4,77766,R4,4,72210,72209,2026-10-03T00:04:28,72209,78600,23.0,41.476357,1.9582051,50,True,,
2026-10-03T00:55:02Z,5173V28490R2,28490,R2,0,71705,71704,2026-10-03T00:02:21,71700,79104,18.0,41.278534,1.9790753,50,True,,
2026-10-03T00:55:02Z,5173V77464R4,77464,R4,2,78600,78600,2026-10-02T23:59:04,78600,71600,E,41.72026,1.826487,50,True,4,4
2026-10-03T00:55:02Z,5173V25693R1,25693,R1,-1438,79606,79606,2026-10-03T00:23:31,79606,72305,A,41.673496,2.769029,50,True,,
2026-10-03T00:55:02Z,6073V71550C4,71550,C4,6,05481,05483,2026-10-03T00:01:44,05485,05451,E,43.20345,-3.1704924,60,False,,1
2026-10-03T00:55:02Z,6073V35681C3,35681,C3,0,13114,13119,2026-10-03T00:00:14,13200,13100,E,43.24241,-2.9163692,60,False,,1
2026-10-03T00:55:02Z,6073V71553C4,71553,C4,12,05457,05455,2026-10-02T23:59:24,05451,05485,S,43.27407,-2.9740336,60,False,,1
2026-10-03T00:55:02Z,6173V35654C1,35654,C1,3,11408,11407,2026-10-03T00:05:45,11400,11508,E,43.093952,-2.1255136,61,False,,2
2026-10-03T00:55:02Z,6273V26949C1,26949,C1,3,14230,14223,2026-10-03T00:01:45,14223,14202,E,43.45403,-3.8277466,62,False,,1
2026-10-03T00:55:02Z,6273V71185C2,71185,C2,1,05605,05604,2026-10-03T00:01:42,14223,05637,55.0,43.4471,-3.8755975,62,False,,2
2026-10-03T00:55:02Z,2073V70237C4,70237,C4,-1435,15410,15410,2026-10-03T00:00:00,15410,16403,A,43.537647,-5.67596,20,False,12,12
2026-10-03T00:55:02Z,2073V22132C1,22132,C1,3,15212,15217,2026-10-03T00:02:00,15218,15410,A,43.38812,-5.8272715,20,False,2,2
2026-10-03T00:55:02Z,2073V22139C1,22139,C1,3,15203,15206,2026-10-03T00:04:00,15211,15122,A,43.27709,-5.812221,20,False,1,1
2026-10-03T00:55:02Z,2073V22358C3,22358,C3,-1434,15218,15218,2026-10-03T00:07:00,15218,16405,S,43.3588,-5.8573804,20,False,2,2
2026-10-03T00:55:02Z,4173V24722C1,24722,C1,31,62103,62104,2026-10-03T00:08:00,60911,78800,E,38.272114,-0.69527435,41,False,1,1
2026-10-03T00:55:02Z,4173V84931C2,84931,C2,87,61200,06002,2026-10-03T00:34:00,06006,61200,E,37.97462,-1.1315287,41,False,1,2
2026-10-03T00:55:02Z,4173V24723C1,24723,C1,-1419,61200,61200,2026-10-03T00:19:00,61200,60911,S,37.974686,-1.131078,41,False,1,1
2026-10-03T00:59:55Z,3073V23578C1,23578,C1,-1442,51003,51003,2026-10-03T00:39:50,51003,50600,A,37.392567,-5.9749837,30,False,,
2026-10-03T00:59:55Z,3073V23743C5,23743,C5,-1442,51003,51003,2026-10-03T00:38:38,51003,43005,A,37.392567,-5.9749837,30,False,9,9
2026-10-03T00:59:55Z,3073V23841C5,23841,C5,-1,43004,43005,2026-10-03T00:03:15,43005,51113,E,37.381527,-6.193782,30,False,,3
2026-10-03T00:59:55Z,3073V23581C1,23581,C1,1,51103,51111,2026-10-03T00:04:00,51003,51200,18.0,37.289146,-5.935499,30,False,1,1
2026-10-03T00:59:55Z,3173V23455T1,23455,T1,2,51451,51450,2026-10-03T00:01:00,51450,51405,A,36.40869,-6.1343336,31,False,1,1
2026-10-03T00:59:55Z,3173V23456T1,23456,T1,-1433,51405,51405,2026-10-03T00:01:00,51405,51450,A,36.529045,-6.2877955,31,False,5,5
2026-10-03T00:59:55Z,3273V23400C1,23400,C1,2,54503,54501,2026-10-03T00:00:36,54517,54516,E,36.69222,-4.48376,32,False,,2
2026-10-03T00:59:55Z,3273V23402C1,23402,C1,2,54512,54511,2026-10-03T00:03:41,54517,54516,A,36.59906,-4.536344,32,False,2,1
2026-10-03T00:59:55Z,3273V23405C1,23405,C1,3,54519,54510,2026-10-03T00:00:08,54516,54517,88.0,36.610325,-4.514658,32,False,,1
2026-10-03T00:59:55Z,4073V24270C1,24270,C1,34,64202,64203,2026-10-03T00:00:53,65000,69110,67.0,39.417984,-0.3931324,40,False,,2
2026-10-03T00:59:55Z,4073V24366C6,24366,C6,22,65208,65209,2026-10-03T00:03:05,65300,65000,20.0,39.93293,-0.09658491,40,False,4,
2026-10-03T00:59:55Z,4073V24099C2,24099,C2,50,64103,64102,2026-10-03T00:03:37,64100,65000,A,39.083164,-0.46941403,40,False,1,1
2026-10-03T00:59:55Z,4073V24281C1,24281,C1,36,69104,69105,2026-10-03T00:08:25,69110,65000,5.0,39.177853,-0.26344925,40,False,2,1
2026-10-03T00:59:55Z,5173V25795R1,25795,R1,-1,79403,79404,2026-10-03T00:03:17,79500,72305,A,41.445705,2.2490852,50,True,,1
2026-10-03T00:59:55Z,5173V77468R4,77468,R4,-1432,78700,78700,2026-10-03T00:28:19,78700,71600,A,41.56993,2.0143688,50,True,,
2026-10-03T00:59:55Z,5173V77768R4,77768,R4,2,72305,72303,2026-10-03T00:01:40,72209,78700,E,41.36431,2.1008937,50,True,,
2026-10-03T00:59:55Z,5173V25567R2S,25567,R2S,-1434,71600,71600,2026-10-03T00:17:35,71600,79400,A,41.18592,1.5248429,50,False,,
2026-10-03T00:59:55Z,5173V28393R2S,28393,R2S,7,79400,71802,2026-10-03T00:05:41,71700,79400,42.0,41.397396,2.1879463,50,False,,
2026-10-03T00:59:55Z,5173V15023R15,15023,R15,44,71500,71401,2026-10-03T00:05:41,71400,79400,27.0,41.110836,1.2259281,50,False,,
2026-10-03T00:59:55Z,5173V77766R4,77766,R4,4,72210,72209,2026-10-03T00:04:28,72209,78600,23.0,41.476357,1.9582051,50,True,,
2026-10-03T00:59:55Z,5173V28490R2,28490,R2,0,71705,71704,2026-10-03T00:02:21,71700,79104,18.0,41.278534,1.9790753,50,True,,
2026-10-03T00:59:55Z,5173V77464R4,77464,R4,2,78600,78600,2026-10-02T23:59:04,78600,71600,E,41.72026,1.826487,50,True,4,4
2026-10-03T00:59:55Z,5173V25693R1,25693,R1,-1438,79606,79606,2026-10-03T00:23:31,79606,72305,A,41.673496,2.769029,50,True,,
2026-10-03T00:59:55Z,6073V71550C4,71550,C4,6,05481,05483,2026-10-03T00:01:44,05485,05451,E,43.20345,-3.1704924,60,False,,1
2026-10-03T00:59:55Z,6073V35681C3,35681,C3,0,13114,13119,2026-10-03T00:00:14,13200,13100,E,43.24241,-2.9163692,60,False,,1
2026-10-03T00:59:55Z,6073V71553C4,71553,C4,12,05457,05455,2026-10-02T23:59:24,05451,05485,S,43.27407,-2.9740336,60,False,,1
2026-10-03T00:59:55Z,6173V35654C1,35654,C1,3,11408,11407,2026-10-03T00:05:45,11400,11508,E,43.093952,-2.1255136,61,False,,2
2026-10-03T00:59:55Z,6273V26949C1,26949,C1,3,14230,14223,2026-10-03T00:01:45,14223,14202,E,43.45403,-3.8277466,62,False,,1
2026-10-03T00:59:55Z,6273V71185C2,71185,C2,1,05605,05604,2026-10-03T00:01:42,14223,05637,55.0,43.4471,-3.8755975,62,False,,2
2026-10-03T00:59:55Z,2073V70237C4,70237,C4,-1435,15410,15410,2026-10-03T00:00:00,15410,16403,A,43.537647,-5.67596,20,False,12,12
2026-10-03T00:59:55Z,2073V22132C1,22132,C1,3,15212,15217,2026-10-03T00:02:00,15218,15410,A,43.38812,-5.8272715,20,False,2,2
2026-10-03T00:59:55Z,2073V22139C1,22139,C1,3,15203,15206,2026-10-03T00:04:00,15211,15122,A,43.27709,-5.812221,20,False,1,1
2026-10-03T00:59:55Z,2073V22358C3,22358,C3,-1434,15218,15218,2026-10-03T00:07:00,15218,16405,S,43.3588,-5.8573804,20,False,2,2
2026-10-03T00:59:55Z,4173V24722C1,24722,C1,31,62103,62104,2026-10-03T00:08:00,60911,78800,E,38.272114,-0.69527435,41,False,1,1
2026-10-03T00:59:55Z,4173V84931C2,84931,C2,87,61200,06002,2026-10-03T00:34:00,06006,61200,E,37.97462,-1.1315287,41,False,1,2
2026-10-03T00:59:55Z,4173V24723C1,24723,C1,-1419,61200,61200,2026-10-03T00:19:00,61200,60911,S,37.974686,-1.131078,41,False,1,1
2026-10-03T01:05:30Z,3073V23578C1,23578,C1,-1442,51003,51003,2026-10-03T00:39:50,51003,50600,A,37.392567,-5.9749837,30,False,,
2026-10-03T01:05:30Z,3073V23743C5,23743,C5,-1442,51003,51003,2026-10-03T00:38:38,51003,43005,A,37.392567,-5.9749837,30,False,9,9
2026-10-03T01:05:30Z,3073V23841C5,23841,C5,-1,43004,43005,2026-10-03T00:03:15,43005,51113,E,37.381527,-6.193782,30,False,,3
2026-10-03T01:05:30Z,3073V23581C1,23581,C1,1,51103,51111,2026-10-03T00:04:00,51003,51200,18.0,37.289146,-5.935499,30,False,1,1
2026-10-03T01:05:30Z,3173V23455T1,23455,T1,2,51451,51450,2026-10-03T00:01:00,51450,51405,A,36.40869,-6.1343336,31,False,1,1
2026-10-03T01:05:30Z,3173V23456T1,23456,T1,-1433,51405,51405,2026-10-03T00:01:00,51405,51450,A,36.529045,-6.2877955,31,False,5,5
2026-10-03T01:05:30Z,3273V23400C1,23400,C1,2,54503,54501,2026-10-03T00:00:36,54517,54516,E,36.69222,-4.48376,32,False,,2
2026-10-03T01:05:30Z,3273V23402C1,23402,C1,2,54512,54511,2026-10-03T00:03:41,54517,54516,A,36.59906,-4.536344,32,False,2,1
2026-10-03T01:05:30Z,3273V23405C1,23405,C1,3,54519,54510,2026-10-03T00:00:08,54516,54517,88.0,36.610325,-4.514658,32,False,,1
2026-10-03T01:05:30Z,4073V24270C1,24270,C1,34,64202,64203,2026-10-03T00:00:53,65000,69110,67.0,39.417984,-0.3931324,40,False,,2
2026-10-03T01:05:30Z,4073V24366C6,24366,C6,22,65208,65209,2026-10-03T00:03:05,65300,65000,20.0,39.93293,-0.09658491,40,False,4,
2026-10-03T01:05:30Z,4073V24099C2,24099,C2,50,64103,64102,2026-10-03T00:03:37,64100,65000,A,39.083164,-0.46941403,40,False,1,1
2026-10-03T01:05:30Z,4073V24281C1,24281,C1,36,69104,69105,2026-10-03T00:08:25,69110,65000,5.0,39.177853,-0.26344925,40,False,2,1
2026-10-03T01:05:30Z,5173V25795R1,25795,R1,-1,79403,79404,2026-10-03T00:03:17,79500,72305,A,41.445705,2.2490852,50,True,,1
2026-10-03T01:05:30Z,5173V77468R4,77468,R4,-1432,78700,78700,2026-10-03T00:28:19,78700,71600,A,41.56993,2.0143688,50,True,,
2026-10-03T01:05:30Z,5173V77768R4,77768,R4,2,72305,72303,2026-10-03T00:01:40,72209,78700,E,41.36431,2.1008937,50,True,,
2026-10-03T01:05:30Z,5173V25567R2S,25567,R2S,-1434,71600,71600,2026-10-03T00:17:35,71600,79400,A,41.18592,1.5248429,50,False,,
2026-10-03T01:05:30Z,5173V28393R2S,28393,R2S,7,79400,71802,2026-10-03T00:05:41,71700,79400,42.0,41.397396,2.1879463,50,False,,
2026-10-03T01:05:30Z,5173V15023R15,15023,R15,44,71500,71401,2026-10-03T00:05:41,71400,79400,27.0,41.110836,1.2259281,50,False,,
2026-10-03T01:05:30Z,5173V77766R4,77766,R4,4,72210,72209,2026-10-03T00:04:28,72209,78600,23.0,41.476357,1.9582051,50,True,,
2026-10-03T01:05:30Z,5173V28490R2,28490,R2,0,71705,71704,2026-10-03T00:02:21,71700,79104,18.0,41.278534,1.9790753,50,True,,
2026-10-03T01:05:30Z,5173V77464R4,77464,R4,2,78600,78600,2026-10-02T23:59:04,78600,71600,E,41.72026,1.826487,50,True,4,4
2026-10-03T01:05:30Z,5173V25693R1,25693,R1,-1438,79606,79606,2026-10-03T00:23:31,79606,72305,A,41.673496,2.769029,50,True,,
2026-10-03T01:05:30Z,6073V71550C4,71550,C4,6,05481,05483,2026-10-03T00:01:44,05485,05451,E,43.20345,-3.1704924,60,False,,1
2026-10-03T01:05:30Z,6073V35681C3,35681,C3,0,13114,13119,2026-10-03T00:00:14,13200,13100,E,43.24241,-2.9163692,60,False,,1
2026-10-03T01:05:30Z,6073V71553C4,71553,C4,12,05457,05455,2026-10-02T23:59:24,05451,05485,S,43.27407,-2.9740336,60,False,,1
2026-10-03T01:05:30Z,6173V35654C1,35654,C1,3,11408,11407,2026-10-03T00:05:45,11400,11508,E,43.093952,-2.1255136,61,False,,2
2026-10-03T01:05:30Z,6273V26949C1,26949,C1,3,14230,14223,2026-10-03T00:01:45,14223,14202,E,43.45403,-3.8277466,62,False,,1
2026-10-03T01:05:30Z,6273V71185C2,71185,C2,1,05605,05604,2026-10-03T00:01:42,14223,05637,55.0,43.4471,-3.8755975,62,False,,2
2026-10-03T01:05:30Z,2073V70237C4,70237,C4,-1435,15410,15410,2026-10-03T00:00:00,15410,16403,A,43.537647,-5.67596,20,False,12,12
2026-10-03T01:05:30Z,2073V22132C1,22132,C1,3,15212,15217,2026-10-03T00:02:00,15218,15410,A,43.38812,-5.8272715,20,False,2,2
2026-10-03T01:05:30Z,2073V22139C1,22139,C1,3,15203,15206,2026-10-03T00:04:00,15211,15122,A,43.27709,-5.812221,20,False,1,1
2026-10-03T01:05:30Z,2073V22358C3,22358,C3,-1434,15218,15218,2026-10-03T00:07:00,15218,16405,S,43.3588,-5.8573804,20,False,2,2
2026-10-03T01:05:30Z,4173V24722C1,24722,C1,31,62103,62104,2026-10-03T00:08:00,60911,78800,E,38.272114,-0.69527435,41,False,1,1
2026-10-03T01:05:30Z,4173V84931C2,84931,C2,87,61200,06002,2026-10-03T00:34:00,06006,61200,E,37.97462,-1.1315287,41,False,1,2
2026-10-03T01:05:30Z,4173V24723C1,24723,C1,-1419,61200,61200,2026-10-03T00:19:00,61200,60911,S,37.974686,-1.131078,41,False,1,1
2026-10-03T01:15:44Z,3073V23578C1,23578,C1,-1442,51003,51003,2026-10-03T00:39:50,51003,50600,A,37.392567,-5.9749837,30,False,,
2026-10-03T01:15:44Z,3073V23743C5,23743,C5,-1442,51003,51003,2026-10-03T00:38:38,51003,43005,A,37.392567,-5.9749837,30,False,9,9
2026-10-03T01:15:44Z,3073V23841C5,23841,C5,-1,43004,43005,2026-10-03T00:03:15,43005,51113,E,37.381527,-6.193782,30,False,,3
2026-10-03T01:15:44Z,3073V23581C1,23581,C1,1,51103,51111,2026-10-03T00:04:00,51003,51200,18.0,37.289146,-5.935499,30,False,1,1
2026-10-03T01:15:44Z,3173V23455T1,23455,T1,2,51451,51450,2026-10-03T00:01:00,51450,51405,A,36.40869,-6.1343336,31,False,1,1
2026-10-03T01:15:44Z,3173V23456T1,23456,T1,-1433,51405,51405,2026-10-03T00:01:00,51405,51450,A,36.529045,-6.2877955,31,False,5,5
2026-10-03T01:15:44Z,3273V23400C1,23400,C1,2,54503,54501,2026-10-03T00:00:36,54517,54516,E,36.69222,-4.48376,32,False,,2
2026-10-03T01:15:44Z,3273V23402C1,23402,C1,2,54512,54511,2026-10-03T00:03:41,54517,54516,A,36.59906,-4.536344,32,False,2,1
2026-10-03T01:15:44Z,3273V23405C1,23405,C1,3,54519,54510,2026-10-03T00:00:08,54516,54517,88.0,36.610325,-4.514658,32,False,,1
2026-10-03T01:15:44Z,4073V24270C1,24270,C1,34,64202,64203,2026-10-03T00:00:53,65000,69110,67.0,39.417984,-0.3931324,40,False,,2
2026-10-03T01:15:44Z,4073V24366C6,24366,C6,22,65208,65209,2026-10-03T00:03:05,65300,65000,20.0,39.93293,-0.09658491,40,False,4,
2026-10-03T01:15:44Z,4073V24099C2,24099,C2,50,64103,64102,2026-10-03T00:03:37,64100,65000,A,39.083164,-0.46941403,40,False,1,1
2026-10-03T01:15:44Z,4073V24281C1,24281,C1,36,69104,69105,2026-10-03T00:08:25,69110,65000,5.0,39.177853,-0.26344925,40,False,2,1
2026-10-03T01:15:44Z,5173V25795R1,25795,R1,-1,79403,79404,2026-10-03T00:03:17,79500,72305,A,41.445705,2.2490852,50,True,,1
2026-10-03T01:15:44Z,5173V77468R4,77468,R4,-1432,78700,78700,2026-10-03T00:28:19,78700,71600,A,41.56993,2.0143688,50,True,,
2026-10-03T01:15:44Z,5173V77768R4,77768,R4,2,72305,72303,2026-10-03T00:01:40,72209,78700,E,41.36431,2.1008937,50,True,,
2026-10-03T01:15:44Z,5173V25567R2S,25567,R2S,-1434,71600,71600,2026-10-03T00:17:35,71600,79400,A,41.18592,1.5248429,50,False,,
2026-10-03T01:15:44Z,5173V28393R2S,28393,R2S,7,79400,71802,2026-10-03T00:05:41,71700,79400,42.0,41.397396,2.1879463,50,False,,
2026-10-03T01:15:44Z,5173V15023R15,15023,R15,44,71500,71401,2026-10-03T00:05:41,71400,79400,27.0,41.110836,1.2259281,50,False,,
2026-10-03T01:15:44Z,5173V77766R4,77766,R4,4,72210,72209,2026-10-03T00:04:28,72209,78600,23.0,41.476357,1.9582051,50,True,,
2026-10-03T01:15:44Z,5173V28490R2,28490,R2,0,71705,71704,2026-10-03T00:02:21,71700,79104,18.0,41.278534,1.9790753,50,True,,
2026-10-03T01:15:44Z,5173V77464R4,77464,R4,2,78600,78600,2026-10-02T23:59:04,78600,71600,E,41.72026,1.826487,50,True,4,4
2026-10-03T01:15:44Z,5173V25693R1,25693,R1,-1438,79606,79606,2026-10-03T00:23:31,79606,72305,A,41.673496,2.769029,50,True,,
2026-10-03T01:15:44Z,6073V71550C4,71550,C4,6,05481,05483,2026-10-03T00:01:44,05485,05451,E,43.20345,-3.1704924,60,False,,1
2026-10-03T01:15:44Z,6073V35681C3,35681,C3,0,13114,13119,2026-10-03T00:00:14,13200,13100,E,43.24241,-2.9163692,60,False,,1
2026-10-03T01:15:44Z,6073V71553C4,71553,C4,12,05457,05455,2026-10-02T23:59:24,05451,05485,S,43.27407,-2.9740336,60,False,,1
2026-10-03T01:15:44Z,6173V35654C1,35654,C1,3,11408,11407,2026-10-03T00:05:45,11400,11508,E,43.093952,-2.1255136,61,False,,2
2026-10-03T01:15:44Z,6273V26949C1,26949,C1,3,14230,14223,2026-10-03T00:01:45,14223,14202,E,43.45403,-3.8277466,62,False,,1
2026-10-03T01:15:44Z,6273V71185C2,71185,C2,1,05605,05604,2026-10-03T00:01:42,14223,05637,55.0,43.4471,-3.8755975,62,False,,2
2026-10-03T01:15:44Z,2073V70237C4,70237,C4,-1435,15410,15410,2026-10-03T00:00:00,15410,16403,A,43.537647,-5.67596,20,False,12,12
2026-10-03T01:15:44Z,2073V22132C1,22132,C1,3,15212,15217,2026-10-03T00:02:00,15218,15410,A,43.38812,-5.8272715,20,False,2,2
2026-10-03T01:15:44Z,2073V22139C1,22139,C1,3,15203,15206,2026-10-03T00:04:00,15211,15122,A,43.27709,-5.812221,20,False,1,1
2026-10-03T01:15:44Z,2073V22358C3,22358,C3,-1434,15218,15218,2026-10-03T00:07:00,15218,16405,S,43.3588,-5.8573804,20,False,2,2
2026-10-03T01:15:44Z,4173V24722C1,24722,C1,31,62103,62104,2026-10-03T00:08:00,60911,78800,E,38.272114,-0.69527435,41,False,1,1
2026-10-03T01:15:44Z,4173V84931C2,84931,C2,87,61200,06002,2026-10-03T00:34:00,06006,61200,E,37.97462,-1.1315287,41,False,1,2
2026-10-03T01:15:44Z,4173V24723C1,24723,C1,-1419,61200,61200,2026-10-03T00:19:00,61200,60911,S,37.974686,-1.131078,41,False,1,1
2026-10-03T01:24:59Z,3073V23578C1,23578,C1,-1442,51003,51003,2026-10-03T00:39:50,51003,50600,A,37.392567,-5.9749837,30,False,,
2026-10-03T01:24:59Z,3073V23743C5,23743,C5,-1442,51003,51003,2026-10-03T00:38:38,51003,43005,A,37.392567,-5.9749837,30,False,9,9
2026-10-03T01:24:59Z,3073V23841C5,23841,C5,-1,43004,43005,2026-10-03T00:03:15,43005,51113,E,37.381527,-6.193782,30,False,,3
2026-10-03T01:24:59Z,3073V23581C1,23581,C1,1,51103,51111,2026-10-03T00:04:00,51003,51200,18.0,37.289146,-5.935499,30,False,1,1
2026-10-03T01:24:59Z,3173V23455T1,23455,T1,2,51451,51450,2026-10-03T00:01:00,51450,51405,A,36.40869,-6.1343336,31,False,1,1
2026-10-03T01:24:59Z,3173V23456T1,23456,T1,-1433,51405,51405,2026-10-03T00:01:00,51405,51450,A,36.529045,-6.2877955,31,False,5,5
2026-10-03T01:24:59Z,3273V23400C1,23400,C1,2,54503,54501,2026-10-03T00:00:36,54517,54516,E,36.69222,-4.48376,32,False,,2
2026-10-03T01:24:59Z,3273V23402C1,23402,C1,2,54512,54511,2026-10-03T00:03:41,54517,54516,A,36.59906,-4.536344,32,False,2,1
2026-10-03T01:24:59Z,3273V23405C1,23405,C1,3,54519,54510,2026-10-03T00:00:08,54516,54517,88.0,36.610325,-4.514658,32,False,,1
2026-10-03T01:24:59Z,4073V24270C1,24270,C1,34,64202,64203,2026-10-03T00:00:53,65000,69110,67.0,39.417984,-0.3931324,40,False,,2
2026-10-03T01:24:59Z,4073V24366C6,24366,C6,22,65208,65209,2026-10-03T00:03:05,65300,65000,20.0,39.93293,-0.09658491,40,False,4,
2026-10-03T01:24:59Z,4073V24099C2,24099,C2,50,64103,64102,2026-10-03T00:03:37,64100,65000,A,39.083164,-0.46941403,40,False,1,1
2026-10-03T01:24:59Z,4073V24281C1,24281,C1,36,69104,69105,2026-10-03T00:08:25,69110,65000,5.0,39.177853,-0.26344925,40,False,2,1
2026-10-03T01:24:59Z,5173V25795R1,25795,R1,-1,79403,79404,2026-10-03T00:03:17,79500,72305,A,41.445705,2.2490852,50,True,,1
2026-10-03T01:24:59Z,5173V77468R4,77468,R4,-1432,78700,78700,2026-10-03T00:28:19,78700,71600,A,41.56993,2.0143688,50,True,,
2026-10-03T01:24:59Z,5173V77768R4,77768,R4,2,72305,72303,2026-10-03T00:01:40,72209,78700,E,41.36431,2.1008937,50,True,,
2026-10-03T01:24:59Z,5173V25567R2S,25567,R2S,-1434,71600,71600,2026-10-03T00:17:35,71600,79400,A,41.18592,1.5248429,50,False,,
2026-10-03T01:24:59Z,5173V28393R2S,28393,R2S,7,79400,71802,2026-10-03T00:05:41,71700,79400,42.0,41.397396,2.1879463,50,False,,
2026-10-03T01:24:59Z,5173V15023R15,15023,R15,44,71500,71401,2026-10-03T00:05:41,71400,79400,27.0,41.110836,1.2259281,50,False,,
2026-10-03T01:24:59Z,5173V77766R4,77766,R4,4,72210,72209,2026-10-03T00:04:28,72209,78600,23.0,41.476357,1.9582051,50,True,,
2026-10-03T01:24:59Z,5173V28490R2,28490,R2,0,71705,71704,2026-10-03T00:02:21,71700,79104,18.0,41.278534,1.9790753,50,True,,
2026-10-03T01:24:59Z,5173V77464R4,77464,R4,2,78600,78600,2026-10-02T23:59:04,78600,71600,E,41.72026,1.826487,50,True,4,4
2026-10-03T01:24:59Z,5173V25693R1,25693,R1,-1438,79606,79606,2026-10-03T00:23:31,79606,72305,A,41.673496,2.769029,50,True,,
2026-10-03T01:24:59Z,6073V71550C4,71550,C4,6,05481,05483,2026-10-03T00:01:44,05485,05451,E,43.20345,-3.1704924,60,False,,1
2026-10-03T01:24:59Z,6073V35681C3,35681,C3,0,13114,13119,2026-10-03T00:00:14,13200,13100,E,43.24241,-2.9163692,60,False,,1
2026-10-03T01:24:59Z,6073V71553C4,71553,C4,12,05457,05455,2026-10-02T23:59:24,05451,05485,S,43.27407,-2.9740336,60,False,,1
2026-10-03T01:24:59Z,6173V35654C1,35654,C1,3,11408,11407,2026-10-03T00:05:45,11400,11508,E,43.093952,-2.1255136,61,False,,2
2026-10-03T01:24:59Z,6273V26949C1,26949,C1,3,14230,14223,2026-10-03T00:01:45,14223,14202,E,43.45403,-3.8277466,62,False,,1
2026-10-03T01:24:59Z,6273V71185C2,71185,C2,1,05605,05604,2026-10-03T00:01:42,14223,05637,55.0,43.4471,-3.8755975,62,False,,2
2026-10-03T01:24:59Z,2073V70237C4,70237,C4,-1435,15410,15410,2026-10-03T00:00:00,15410,16403,A,43.537647,-5.67596,20,False,12,12
2026-10-03T01:24:59Z,2073V22132C1,22132,C1,3,15212,15217,2026-10-03T00:02:00,15218,15410,A,43.38812,-5.8272715,20,False,2,2
2026-10-03T01:24:59Z,2073V22139C1,22139,C1,3,15203,15206,2026-10-03T00:04:00,15211,15122,A,43.27709,-5.812221,20,False,1,1
2026-10-03T01:24:59Z,2073V22358C3,22358,C3,-1434,15218,15218,2026-10-03T00:07:00,15218,16405,S,43.3588,-5.8573804,20,False,2,2
2026-10-03T01:24:59Z,4173V24722C1,24722,C1,31,62103,62104,2026-10-03T00:08:00,60911,78800,E,38.272114,-0.69527435,41,False,1,1
2026-10-03T01:24:59Z,4173V84931C2,84931,C2,87,61200,06002,2026-10-03T00:34:00,06006,61200,E,37.97462,-1.1315287,41,False,1,2
2026-10-03T01:24:59Z,4173V24723C1,24723,C1,-1419,61200,61200,2026-10-03T00:19:00,61200,60911,S,37.974686,-1.131078,41,False,1,1
2026-10-03T01:29:53Z,3073V23578C1,23578,C1,-1442,51003,51003,2026-10-03T00:39:50,51003,50600,A,37.392567,-5.9749837,30,False,,
2026-10-03T01:29:53Z,3073V23743C5,23743,C5,-1442,51003,51003,2026-10-03T00:38:38,51003,43005,A,37.392567,-5.9749837,30,False,9,9
2026-10-03T01:29:53Z,3073V23841C5,23841,C5,-1,43004,43005,2026-10-03T00:03:15,43005,51113,E,37.381527,-6.193782,30,False,,3
2026-10-03T01:29:53Z,3073V23581C1,23581,C1,1,51103,51111,2026-10-03T00:04:00,51003,51200,18.0,37.289146,-5.935499,30,False,1,1
2026-10-03T01:29:53Z,3173V23455T1,23455,T1,2,51451,51450,2026-10-03T00:01:00,51450,51405,A,36.40869,-6.1343336,31,False,1,1
2026-10-03T01:29:53Z,3173V23456T1,23456,T1,-1433,51405,51405,2026-10-03T00:01:00,51405,51450,A,36.529045,-6.2877955,31,False,5,5
2026-10-03T01:29:53Z,3273V23400C1,23400,C1,2,54503,54501,2026-10-03T00:00:36,54517,54516,E,36.69222,-4.48376,32,False,,2
2026-10-03T01:29:53Z,3273V23402C1,23402,C1,2,54512,54511,2026-10-03T00:03:41,54517,54516,A,36.59906,-4.536344,32,False,2,1
2026-10-03T01:29:53Z,3273V23405C1,23405,C1,3,54519,54510,2026-10-03T00:00:08,54516,54517,88.0,36.610325,-4.514658,32,False,,1
2026-10-03T01:29:53Z,4073V24270C1,24270,C1,34,64202,64203,2026-10-03T00:00:53,65000,69110,67.0,39.417984,-0.3931324,40,False,,2
2026-10-03T01:29:53Z,4073V24366C6,24366,C6,22,65208,65209,2026-10-03T00:03:05,65300,65000,20.0,39.93293,-0.09658491,40,False,4,
2026-10-03T01:29:53Z,4073V24099C2,24099,C2,50,64103,64102,2026-10-03T00:03:37,64100,65000,A,39.083164,-0.46941403,40,False,1,1
2026-10-03T01:29:53Z,4073V24281C1,24281,C1,36,69104,69105,2026-10-03T00:08:25,69110,65000,5.0,39.177853,-0.26344925,40,False,2,1
2026-10-03T01:29:53Z,5173V25795R1,25795,R1,-1,79403,79404,2026-10-03T00:03:17,79500,72305,A,41.445705,2.2490852,50,True,,1
2026-10-03T01:29:53Z,5173V77468R4,77468,R4,-1432,78700,78700,2026-10-03T00:28:19,78700,71600,A,41.56993,2.0143688,50,True,,
2026-10-03T01:29:53Z,5173V77768R4,77768,R4,2,72305,72303,2026-10-03T00:01:40,72209,78700,E,41.36431,2.1008937,50,True,,
2026-10-03T01:29:53Z,5173V25567R2S,25567,R2S,-1434,71600,71600,2026-10-03T00:17:35,71600,79400,A,41.18592,1.5248429,50,False,,
2026-10-03T01:29:53Z,5173V28393R2S,28393,R2S,7,79400,71802,2026-10-03T00:05:41,71700,79400,42.0,41.397396,2.1879463,50,False,,
2026-10-03T01:29:53Z,5173V15023R15,15023,R15,44,71500,71401,2026-10-03T00:05:41,71400,79400,27.0,41.110836,1.2259281,50,False,,
2026-10-03T01:29:53Z,5173V77766R4,77766,R4,4,72210,72209,2026-10-03T00:04:28,72209,78600,23.0,41.476357,1.9582051,50,True,,
2026-10-03T01:29:53Z,5173V28490R2,28490,R2,0,71705,71704,2026-10-03T00:02:21,71700,79104,18.0,41.278534,1.9790753,50,True,,
2026-10-03T01:29:53Z,5173V77464R4,77464,R4,2,78600,78600,2026-10-02T23:59:04,78600,71600,E,41.72026,1.826487,50,True,4,4
2026-10-03T01:29:53Z,5173V25693R1,25693,R1,-1438,79606,79606,2026-10-03T00:23:31,79606,72305,A,41.673496,2.769029,50,True,,
2026-10-03T01:29:53Z,6073V71550C4,71550,C4,6,05481,05483,2026-10-03T00:01:44,05485,05451,E,43.20345,-3.1704924,60,False,,1
2026-10-03T01:29:53Z,6073V35681C3,35681,C3,0,13114,13119,2026-10-03T00:00:14,13200,13100,E,43.24241,-2.9163692,60,False,,1
2026-10-03T01:29:53Z,6073V71553C4,71553,C4,12,05457,05455,2026-10-02T23:59:24,05451,05485,S,43.27407,-2.9740336,60,False,,1
2026-10-03T01:29:53Z,6173V35654C1,35654,C1,3,11408,11407,2026-10-03T00:05:45,11400,11508,E,43.093952,-2.1255136,61,False,,2
2026-10-03T01:29:53Z,6273V26949C1,26949,C1,3,14230,14223,2026-10-03T00:01:45,14223,14202,E,43.45403,-3.8277466,62,False,,1
2026-10-03T01:29:53Z,6273V71185C2,71185,C2,1,05605,05604,2026-10-03T00:01:42,14223,05637,55.0,43.4471,-3.8755975,62,False,,2
2026-10-03T01:29:53Z,2073V70237C4,70237,C4,-1435,15410,15410,2026-10-03T00:00:00,15410,16403,A,43.537647,-5.67596,20,False,12,12
2026-10-03T01:29:53Z,2073V22132C1,22132,C1,3,15212,15217,2026-10-03T00:02:00,15218,15410,A,43.38812,-5.8272715,20,False,2,2
2026-10-03T01:29:53Z,2073V22139C1,22139,C1,3,15203,15206,2026-10-03T00:04:00,15211,15122,A,43.27709,-5.812221,20,False,1,1
2026-10-03T01:29:53Z,2073V22358C3,22358,C3,-1434,15218,15218,2026-10-03T00:07:00,15218,16405,S,43.3588,-5.8573804,20,False,2,2
2026-10-03T01:29:53Z,4173V24722C1,24722,C1,31,62103,62104,2026-10-03T00:08:00,60911,78800,E,38.272114,-0.69527435,41,False,1,1
2026-10-03T01:29:53Z,4173V84931C2,84931,C2,87,61200,06002,2026-10-03T00:34:00,06006,61200,E,37.97462,-1.1315287,41,False,1,2
2026-10-03T01:29:53Z,4173V24723C1,24723,C1,-1419,61200,61200,2026-10-03T00:19:00,61200,60911,S,37.974686,-1.131078,41,False,1,1
2026-10-03T01:35:17Z,3073V23578C1,23578,C1,-1442,51003,51003,2026-10-03T00:39:50,51003,50600,A,37.392567,-5.9749837,30,False,,
2026-10-03T01:35:17Z,3073V23743C5,23743,C5,-1442,51003,51003,2026-10-03T00:38:38,51003,43005,A,37.392567,-5.9749837,30,False,9,9
2026-10-03T01:35:17Z,3073V23841C5,23841,C5,-1,43004,43005,2026-10-03T00:03:15,43005,51113,E,37.381527,-6.193782,30,False,,3
2026-10-03T01:35:17Z,3073V23581C1,23581,C1,1,51103,51111,2026-10-03T00:04:00,51003,51200,18.0,37.289146,-5.935499,30,False,1,1
2026-10-03T01:35:17Z,3173V23455T1,23455,T1,2,51451,51450,2026-10-03T00:01:00,51450,51405,A,36.40869,-6.1343336,31,False,1,1
2026-10-03T01:35:17Z,3173V23456T1,23456,T1,-1433,51405,51405,2026-10-03T00:01:00,51405,51450,A,36.529045,-6.2877955,31,False,5,5
2026-10-03T01:35:17Z,3273V23400C1,23400,C1,2,54503,54501,2026-10-03T00:00:36,54517,54516,E,36.69222,-4.48376,32,False,,2
2026-10-03T01:35:17Z,3273V23402C1,23402,C1,2,54512,54511,2026-10-03T00:03:41,54517,54516,A,36.59906,-4.536344,32,False,2,1
2026-10-03T01:35:17Z,3273V23405C1,23405,C1,3,54519,54510,2026-10-03T00:00:08,54516,54517,88.0,36.610325,-4.514658,32,False,,1
2026-10-03T01:35:17Z,4073V24270C1,24270,C1,34,64202,64203,2026-10-03T00:00:53,65000,69110,67.0,39.417984,-0.3931324,40,False,,2
2026-10-03T01:35:17Z,4073V24366C6,24366,C6,22,65208,65209,2026-10-03T00:03:05,65300,65000,20.0,39.93293,-0.09658491,40,False,4,
2026-10-03T01:35:17Z,4073V24099C2,24099,C2,50,64103,64102,2026-10-03T00:03:37,64100,65000,A,39.083164,-0.46941403,40,False,1,1
2026-10-03T01:35:17Z,4073V24281C1,24281,C1,36,69104,69105,2026-10-03T00:08:25,69110,65000,5.0,39.177853,-0.26344925,40,False,2,1
2026-10-03T01:35:17Z,5173V25795R1,25795,R1,-1,79403,79404,2026-10-03T00:03:17,79500,72305,A,41.445705,2.2490852,50,True,,1
2026-10-03T01:35:17Z,5173V77468R4,77468,R4,-1432,78700,78700,2026-10-03T00:28:19,78700,71600,A,41.56993,2.0143688,50,True,,
2026-10-03T01:35:17Z,5173V77768R4,77768,R4,2,72305,72303,2026-10-03T00:01:40,72209,78700,E,41.36431,2.1008937,50,True,,
2026-10-03T01:35:17Z,5173V25567R2S,25567,R2S,-1434,71600,71600,2026-10-03T00:17:35,71600,79400,A,41.18592,1.5248429,50,False,,
2026-10-03T01:35:17Z,5173V28393R2S,28393,R2S,7,79400,71802,2026-10-03T00:05:41,71700,79400,42.0,41.397396,2.1879463,50,False,,
2026-10-03T01:35:17Z,5173V15023R15,15023,R15,44,71500,71401,2026-10-03T00:05:41,71400,79400,27.0,41.110836,1.2259281,50,False,,
2026-10-03T01:35:17Z,5173V77766R4,77766,R4,4,72210,72209,2026-10-03T00:04:28,72209,78600,23.0,41.476357,1.9582051,50,True,,
2026-10-03T01:35:17Z,5173V28490R2,28490,R2,0,71705,71704,2026-10-03T00:02:21,71700,79104,18.0,41.278534,1.9790753,50,True,,
2026-10-03T01:35:17Z,5173V77464R4,77464,R4,2,78600,78600,2026-10-02T23:59:04,78600,71600,E,41.72026,1.826487,50,True,4,4
2026-10-03T01:35:17Z,5173V25693R1,25693,R1,-1438,79606,79606,2026-10-03T00:23:31,79606,72305,A,41.673496,2.769029,50,True,,
2026-10-03T01:35:17Z,6073V71550C4,71550,C4,6,05481,05483,2026-10-03T00:01:44,05485,05451,E,43.20345,-3.1704924,60,False,,1
2026-10-03T01:35:17Z,6073V35681C3,35681,C3,0,13114,13119,2026-10-03T00:00:14,13200,13100,E,43.24241,-2.9163692,60,False,,1
2026-10-03T01:35:17Z,6073V71553C4,71553,C4,12,05457,05455,2026-10-02T23:59:24,05451,05485,S,43.27407,-2.9740336,60,False,,1
2026-10-03T01:35:17Z,6173V35654C1,35654,C1,3,11408,11407,2026-10-03T00:05:45,11400,11508,E,43.093952,-2.1255136,61,False,,2
2026-10-03T01:35:17Z,6273V26949C1,26949,C1,3,14230,14223,2026-10-03T00:01:45,14223,14202,E,43.45403,-3.8277466,62,False,,1
2026-10-03T01:35:17Z,6273V71185C2,71185,C2,1,05605,05604,2026-10-03T00:01:42,14223,05637,55.0,43.4471,-3.8755975,62,False,,2
2026-10-03T01:35:17Z,2073V70237C4,70237,C4,-1435,15410,15410,2026-10-03T00:00:00,15410,16403,A,43.537647,-5.67596,20,False,12,12
2026-10-03T01:35:17Z,2073V22132C1,22132,C1,3,15212,15217,2026-10-03T00:02:00,15218,15410,A,43.38812,-5.8272715,20,False,2,2
2026-10-03T01:35:17Z,2073V22139C1,22139,C1,3,15203,15206,2026-10-03T00:04:00,15211,15122,A,43.27709,-5.812221,20,False,1,1
2026-10-03T01:35:17Z,2073V22358C3,22358,C3,-1434,15218,15218,2026-10-03T00:07:00,15218,16405,S,43.3588,-5.8573804,20,False,2,2
2026-10-03T01:35:17Z,4173V24722C1,24722,C1,31,62103,62104,2026-10-03T00:08:00,60911,78800,E,38.272114,-0.69527435,41,False,1,1
2026-10-03T01:35:17Z,4173V84931C2,84931,C2,87,61200,06002,2026-10-03T00:34:00,06006,61200,E,37.97462,-1.1315287,41,False,1,2
2026-10-03T01:35:17Z,4173V24723C1,24723,C1,-1419,61200,61200,2026-10-03T00:19:00,61200,60911,S,37.974686,-1.131078,41,False,1,1
2026-10-03T01:40:40Z,3073V23578C1,23578,C1,-1442,51003,51003,2026-10-03T00:39:50,51003,50600,A,37.392567,-5.9749837,30,False,,
2026-10-03T01:40:40Z,3073V23743C5,23743,C5,-1442,51003,51003,2026-10-03T00:38:38,51003,43005,A,37.392567,-5.9749837,30,False,9,9
2026-10-03T01:40:40Z,3073V23841C5,23841,C5,-1,43004,43005,2026-10-03T00:03:15,43005,51113,E,37.381527,-6.193782,30,False,,3
2026-10-03T01:40:40Z,3073V23581C1,23581,C1,1,51103,51111,2026-10-03T00:04:00,51003,51200,18.0,37.289146,-5.935499,30,False,1,1
2026-10-03T01:40:40Z,3173V23455T1,23455,T1,2,51451,51450,2026-10-03T00:01:00,51450,51405,A,36.40869,-6.1343336,31,False,1,1
2026-10-03T01:40:40Z,3173V23456T1,23456,T1,-1433,51405,51405,2026-10-03T00:01:00,51405,51450,A,36.529045,-6.2877955,31,False,5,5
2026-10-03T01:40:40Z,3273V23400C1,23400,C1,2,54503,54501,2026-10-03T00:00:36,54517,54516,E,36.69222,-4.48376,32,False,,2
2026-10-03T01:40:40Z,3273V23402C1,23402,C1,2,54512,54511,2026-10-03T00:03:41,54517,54516,A,36.59906,-4.536344,32,False,2,1
2026-10-03T01:40:40Z,3273V23405C1,23405,C1,3,54519,54510,2026-10-03T00:00:08,54516,54517,88.0,36.610325,-4.514658,32,False,,1
2026-10-03T01:40:40Z,4073V24270C1,24270,C1,34,64202,64203,2026-10-03T00:00:53,65000,69110,67.0,39.417984,-0.3931324,40,False,,2
2026-10-03T01:40:40Z,4073V24366C6,24366,C6,22,65208,65209,2026-10-03T00:03:05,65300,65000,20.0,39.93293,-0.09658491,40,False,4,
2026-10-03T01:40:40Z,4073V24099C2,24099,C2,50,64103,64102,2026-10-03T00:03:37,64100,65000,A,39.083164,-0.46941403,40,False,1,1
2026-10-03T01:40:40Z,4073V24281C1,24281,C1,36,69104,69105,2026-10-03T00:08:25,69110,65000,5.0,39.177853,-0.26344925,40,False,2,1
2026-10-03T01:40:40Z,5173V25795R1,25795,R1,-1,79403,79404,2026-10-03T00:03:17,79500,72305,A,41.445705,2.2490852,50,True,,1
2026-10-03T01:40:40Z,5173V77468R4,77468,R4,-1432,78700,78700,2026-10-03T00:28:19,78700,71600,A,41.56993,2.0143688,50,True,,
2026-10-03T01:40:40Z,5173V77768R4,77768,R4,2,72305,72303,2026-10-03T00:01:40,72209,78700,E,41.36431,2.1008937,50,True,,
2026-10-03T01:40:40Z,5173V25567R2S,25567,R2S,-1434,71600,71600,2026-10-03T00:17:35,71600,79400,A,41.18592,1.5248429,50,False,,
2026-10-03T01:40:40Z,5173V28393R2S,28393,R2S,7,79400,71802,2026-10-03T00:05:41,71700,79400,42.0,41.397396,2.1879463,50,False,,
2026-10-03T01:40:40Z,5173V15023R15,15023,R15,44,71500,71401,2026-10-03T00:05:41,71400,79400,27.0,41.110836,1.2259281,50,False,,
2026-10-03T01:40:40Z,5173V77766R4,77766,R4,4,72210,72209,2026-10-03T00:04:28,72209,78600,23.0,41.476357,1.9582051,50,True,,
2026-10-03T01:40:40Z,5173V28490R2,28490,R2,0,71705,71704,2026-10-03T00:02:21,71700,79104,18.0,41.278534,1.9790753,50,True,,
2026-10-03T01:40:40Z,5173V77464R4,77464,R4,2,78600,78600,2026-10-02T23:59:04,78600,71600,E,41.72026,1.826487,50,True,4,4
2026-10-03T01:40:40Z,5173V25693R1,25693,R1,-1438,79606,79606,2026-10-03T00:23:31,79606,72305,A,41.673496,2.769029,50,True,,
2026-10-03T01:40:40Z,6073V71550C4,71550,C4,6,05481,05483,2026-10-03T00:01:44,05485,05451,E,43.20345,-3.1704924,60,False,,1
2026-10-03T01:40:40Z,6073V35681C3,35681,C3,0,13114,13119,2026-10-03T00:00:14,13200,13100,E,43.24241,-2.9163692,60,False,,1
2026-10-03T01:40:40Z,6073V71553C4,71553,C4,12,05457,05455,2026-10-02T23:59:24,05451,05485,S,43.27407,-2.9740336,60,False,,1
2026-10-03T01:40:40Z,6173V35654C1,35654,C1,3,11408,11407,2026-10-03T00:05:45,11400,11508,E,43.093952,-2.1255136,61,False,,2
2026-10-03T01:40:40Z,6273V26949C1,26949,C1,3,14230,14223,2026-10-03T00:01:45,14223,14202,E,43.45403,-3.8277466,62,False,,1
2026-10-03T01:40:40Z,6273V71185C2,71185,C2,1,05605,05604,2026-10-03T00:01:42,14223,05637,55.0,43.4471,-3.8755975,62,False,,2
2026-10-03T01:40:40Z,2073V70237C4,70237,C4,-1435,15410,15410,2026-10-03T00:00:00,15410,16403,A,43.537647,-5.67596,20,False,12,12
2026-10-03T01:40:40Z,2073V22132C1,22132,C1,3,15212,15217,2026-10-03T00:02:00,15218,15410,A,43.38812,-5.8272715,20,False,2,2
2026-10-03T01:40:40Z,2073V22139C1,22139,C1,3,15203,15206,2026-10-03T00:04:00,15211,15122,A,43.27709,-5.812221,20,False,1,1
2026-10-03T01:40:40Z,2073V22358C3,22358,C3,-1434,15218,15218,2026-10-03T00:07:00,15218,16405,S,43.3588,-5.8573804,20,False,2,2
2026-10-03T01:40:40Z,4173V24722C1,24722,C1,31,62103,62104,2026-10-03T00:08:00,60911,78800,E,38.272114,-0.69527435,41,False,1,1
2026-10-03T01:40:40Z,4173V84931C2,84931,C2,87,61200,06002,2026-10-03T00:34:00,06006,61200,E,37.97462,-1.1315287,41,False,1,2
2026-10-03T01:40:40Z,4173V24723C1,24723,C1,-1419,61200,61200,2026-10-03T00:19:00,61200,60911,S,37.974686,-1.131078,41,False,1,1
2026-10-03T01:50:01Z,3073V23578C1,23578,C1,-1442,51003,51003,2026-10-03T00:39:50,51003,50600,A,37.392567,-5.9749837,30,False,,
2026-10-03T01:50:01Z,3073V23743C5,23743,C5,-1442,51003,51003,2026-10-03T00:38:38,51003,43005,A,37.392567,-5.9749837,30,False,9,9
2026-10-03T01:50:01Z,3073V23841C5,23841,C5,-1,43004,43005,2026-10-03T00:03:15,43005,51113,E,37.381527,-6.193782,30,False,,3
2026-10-03T01:50:01Z,3073V23581C1,23581,C1,1,51103,51111,2026-10-03T00:04:00,51003,51200,18.0,37.289146,-5.935499,30,False,1,1
2026-10-03T01:50:01Z,3173V23455T1,23455,T1,2,51451,51450,2026-10-03T00:01:00,51450,51405,A,36.40869,-6.1343336,31,False,1,1
2026-10-03T01:50:01Z,3173V23456T1,23456,T1,-1433,51405,51405,2026-10-03T00:01:00,51405,51450,A,36.529045,-6.2877955,31,False,5,5
2026-10-03T01:50:01Z,3273V23400C1,23400,C1,2,54503,54501,2026-10-03T00:00:36,54517,54516,E,36.69222,-4.48376,32,False,,2
2026-10-03T01:50:01Z,3273V23402C1,23402,C1,2,54512,54511,2026-10-03T00:03:41,54517,54516,A,36.59906,-4.536344,32,False,2,1
2026-10-03T01:50:01Z,3273V23405C1,23405,C1,3,54519,54510,2026-10-03T00:00:08,54516,54517,88.0,36.610325,-4.514658,32,False,,1
2026-10-03T01:50:01Z,4073V24270C1,24270,C1,34,64202,64203,2026-10-03T00:00:53,65000,69110,67.0,39.417984,-0.3931324,40,False,,2
2026-10-03T01:50:01Z,4073V24366C6,24366,C6,22,65208,65209,2026-10-03T00:03:05,65300,65000,20.0,39.93293,-0.09658491,40,False,4,
2026-10-03T01:50:01Z,4073V24099C2,24099,C2,50,64103,64102,2026-10-03T00:03:37,64100,65000,A,39.083164,-0.46941403,40,False,1,1
2026-10-03T01:50:01Z,4073V24281C1,24281,C1,36,69104,69105,2026-10-03T00:08:25,69110,65000,5.0,39.177853,-0.26344925,40,False,2,1
2026-10-03T01:50:01Z,5173V25795R1,25795,R1,-1,79403,79404,2026-10-03T00:03:17,79500,72305,A,41.445705,2.2490852,50,True,,1
2026-10-03T01:50:01Z,5173V77468R4,77468,R4,-1432,78700,78700,2026-10-03T00:28:19,78700,71600,A,41.56993,2.0143688,50,True,,
2026-10-03T01:50:01Z,5173V77768R4,77768,R4,2,72305,72303,2026-10-03T00:01:40,72209,78700,E,41.36431,2.1008937,50,True,,
2026-10-03T01:50:01Z,5173V25567R2S,25567,R2S,-1434,71600,71600,2026-10-03T00:17:35,71600,79400,A,41.18592,1.5248429,50,False,,
2026-10-03T01:50:01Z,5173V28393R2S,28393,R2S,7,79400,71802,2026-10-03T00:05:41,71700,79400,42.0,41.397396,2.1879463,50,False,,
2026-10-03T01:50:01Z,5173V15023R15,15023,R15,44,71500,71401,2026-10-03T00:05:41,71400,79400,27.0,41.110836,1.2259281,50,False,,
2026-10-03T01:50:01Z,5173V77766R4,77766,R4,4,72210,72209,2026-10-03T00:04:28,72209,78600,23.0,41.476357,1.9582051,50,True,,
2026-10-03T01:50:01Z,5173V28490R2,28490,R2,0,71705,71704,2026-10-03T00:02:21,71700,79104,18.0,41.278534,1.9790753,50,True,,
2026-10-03T01:50:01Z,5173V77464R4,77464,R4,2,78600,78600,2026-10-02T23:59:04,78600,71600,E,41.72026,1.826487,50,True,4,4
2026-10-03T01:50:01Z,5173V25693R1,25693,R1,-1438,79606,79606,2026-10-03T00:23:31,79606,72305,A,41.673496,2.769029,50,True,,
2026-10-03T01:50:01Z,6073V71550C4,71550,C4,6,05481,05483,2026-10-03T00:01:44,05485,05451,E,43.20345,-3.1704924,60,False,,1
2026-10-03T01:50:01Z,6073V35681C3,35681,C3,0,13114,13119,2026-10-03T00:00:14,13200,13100,E,43.24241,-2.9163692,60,False,,1
2026-10-03T01:50:01Z,6073V71553C4,71553,C4,12,05457,05455,2026-10-02T23:59:24,05451,05485,S,43.27407,-2.9740336,60,False,,1
2026-10-03T01:50:01Z,6173V35654C1,35654,C1,3,11408,11407,2026-10-03T00:05:45,11400,11508,E,43.093952,-2.1255136,61,False,,2
2026-10-03T01:50:01Z,6273V26949C1,26949,C1,3,14230,14223,2026-10-03T00:01:45,14223,14202,E,43.45403,-3.8277466,62,False,,1
2026-10-03T01:50:01Z,6273V71185C2,71185,C2,1,05605,05604,2026-10-03T00:01:42,14223,05637,55.0,43.4471,-3.8755975,62,False,,2
2026-10-03T01:50:01Z,2073V70237C4,70237,C4,-1435,15410,15410,2026-10-03T00:00:00,15410,16403,A,43.537647,-5.67596,20,False,12,12
2026-10-03T01:50:01Z,2073V22132C1,22132,C1,3,15212,15217,2026-10-03T00:02:00,15218,15410,A,43.38812,-5.8272715,20,False,2,2
2026-10-03T01:50:01Z,2073V22139C1,22139,C1,3,15203,15206,2026-10-03T00:04:00,15211,15122,A,43.27709,-5.812221,20,False,1,1
2026-10-03T01:50:01Z,2073V22358C3,22358,C3,-1434,15218,15218,2026-10-03T00:07:00,15218,16405,S,43.3588,-5.8573804,20,False,2,2
2026-10-03T01:50:01Z,4173V24722C1,24722,C1,31,62103,62104,2026-10-03T00:08:00,60911,78800,E,38.272114,-0.69527435,41,False,1,1
2026-10-03T01:50:01Z,4173V84931C2,84931,C2,87,61200,06002,2026-10-03T00:34:00,06006,61200,E,37.97462,-1.1315287,41,False,1,2
2026-10-03T01:50:01Z,4173V24723C1,24723,C1,-1419,61200,61200,2026-10-03T00:19:00,61200,60911,S,37.974686,-1.131078,41,False,1,1
2026-10-03T01:55:58Z,3073V23578C1,23578,C1,-1442,51003,51003,2026-10-03T00:39:50,51003,50600,A,37.392567,-5.9749837,30,False,,
2026-10-03T01:55:58Z,3073V23743C5,23743,C5,-1442,51003,51003,2026-10-03T00:38:38,51003,43005,A,37.392567,-5.9749837,30,False,9,9
2026-10-03T01:55:58Z,3073V23841C5,23841,C5,-1,43004,43005,2026-10-03T00:03:15,43005,51113,E,37.381527,-6.193782,30,False,,3
2026-10-03T01:55:58Z,3073V23581C1,23581,C1,1,51103,51111,2026-10-03T00:04:00,51003,51200,18.0,37.289146,-5.935499,30,False,1,1
2026-10-03T01:55:58Z,3173V23455T1,23455,T1,2,51451,51450,2026-10-03T00:01:00,51450,51405,A,36.40869,-6.1343336,31,False,1,1
2026-10-03T01:55:58Z,3173V23456T1,23456,T1,-1433,51405,51405,2026-10-03T00:01:00,51405,51450,A,36.529045,-6.2877955,31,False,5,5
2026-10-03T01:55:58Z,3273V23400C1,23400,C1,2,54503,54501,2026-10-03T00:00:36,54517,54516,E,36.69222,-4.48376,32,False,,2
2026-10-03T01:55:58Z,3273V23402C1,23402,C1,2,54512,54511,2026-10-03T00:03:41,54517,54516,A,36.59906,-4.536344,32,False,2,1
2026-10-03T01:55:58Z,3273V23405C1,23405,C1,3,54519,54510,2026-10-03T00:00:08,54516,54517,88.0,36.610325,-4.514658,32,False,,1
2026-10-03T01:55:58Z,4073V24270C1,24270,C1,34,64202,64203,2026-10-03T00:00:53,65000,69110,67.0,39.417984,-0.3931324,40,False,,2
2026-10-03T01:55:58Z,4073V24366C6,24366,C6,22,65208,65209,2026-10-03T00:03:05,65300,65000,20.0,39.93293,-0.09658491,40,False,4,
2026-10-03T01:55:58Z,4073V24099C2,24099,C2,50,64103,64102,2026-10-03T00:03:37,64100,65000,A,39.083164,-0.46941403,40,False,1,1
2026-10-03T01:55:58Z,4073V24281C1,24281,C1,36,69104,69105,2026-10-03T00:08:25,69110,65000,5.0,39.177853,-0.26344925,40,False,2,1
2026-10-03T01:55:58Z,5173V25795R1,25795,R1,-1,79403,79404,2026-10-03T00:03:17,79500,72305,A,41.445705,2.2490852,50,True,,1
2026-10-03T01:55:58Z,5173V77468R4,77468,R4,-1432,78700,78700,2026-10-03T00:28:19,78700,71600,A,41.56993,2.0143688,50,True,,
2026-10-03T01:55:58Z,5173V77768R4,77768,R4,2,72305,72303,2026-10-03T00:01:40,72209,78700,E,41.36431,2.1008937,50,True,,
2026-10-03T01:55:58Z,5173V25567R2S,25567,R2S,-1434,71600,71600,2026-10-03T00:17:35,71600,79400,A,41.18592,1.5248429,50,False,,
2026-10-03T01:55:58Z,5173V28393R2S,28393,R2S,7,79400,71802,2026-10-03T00:05:41,71700,79400,42.0,41.397396,2.1879463,50,False,,
2026-10-03T01:55:58Z,5173V15023R15,15023,R15,44,71500,71401,2026-10-03T00:05:41,71400,79400,27.0,41.110836,1.2259281,50,False,,
2026-10-03T01:55:58Z,5173V77766R4,77766,R4,4,72210,72209,2026-10-03T00:04:28,72209,78600,23.0,41.476357,1.9582051,50,True,,
2026-10-03T01:55:58Z,5173V28490R2,28490,R2,0,71705,71704,2026-10-03T00:02:21,71700,79104,18.0,41.278534,1.9790753,50,True,,
2026-10-03T01:55:58Z,5173V77464R4,77464,R4,2,78600,78600,2026-10-02T23:59:04,78600,71600,E,41.72026,1.826487,50,True,4,4
2026-10-03T01:55:58Z,5173V25693R1,25693,R1,-1438,79606,79606,2026-10-03T00:23:31,79606,72305,A,41.673496,2.769029,50,True,,
2026-10-03T01:55:58Z,6073V71550C4,71550,C4,6,05481,05483,2026-10-03T00:01:44,05485,05451,E,43.20345,-3.1704924,60,False,,1
2026-10-03T01:55:58Z,6073V35681C3,35681,C3,0,13114,13119,2026-10-03T00:00:14,13200,13100,E,43.24241,-2.9163692,60,False,,1
2026-10-03T01:55:58Z,6073V71553C4,71553,C4,12,05457,05455,2026-10-02T23:59:24,05451,05485,S,43.27407,-2.9740336,60,False,,1
2026-10-03T01:55:58Z,6173V35654C1,35654,C1,3,11408,11407,2026-10-03T00:05:45,11400,11508,E,43.093952,-2.1255136,61,False,,2
2026-10-03T01:55:58Z,6273V26949C1,26949,C1,3,14230,14223,2026-10-03T00:01:45,14223,14202,E,43.45403,-3.8277466,62,False,,1
2026-10-03T01:55:58Z,6273V71185C2,71185,C2,1,05605,05604,2026-10-03T00:01:42,14223,05637,55.0,43.4471,-3.8755975,62,False,,2
2026-10-03T01:55:58Z,2073V70237C4,70237,C4,-1435,15410,15410,2026-10-03T00:00:00,15410,16403,A,43.537647,-5.67596,20,False,12,12
2026-10-03T01:55:58Z,2073V22132C1,22132,C1,3,15212,15217,2026-10-03T00:02:00,15218,15410,A,43.38812,-5.8272715,20,False,2,2
2026-10-03T01:55:58Z,2073V22139C1,22139,C1,3,15203,15206,2026-10-03T00:04:00,15211,15122,A,43.27709,-5.812221,20,False,1,1
2026-10-03T01:55:58Z,2073V22358C3,22358,C3,-1434,15218,15218,2026-10-03T00:07:00,15218,16405,S,43.3588,-5.8573804,20,False,2,2
2026-10-03T01:55:58Z,4173V24722C1,24722,C1,31,62103,62104,2026-10-03T00:08:00,60911,78800,E,38.272114,-0.69527435,41,False,1,1
2026-10-03T01:55:58Z,4173V84931C2,84931,C2,87,61200,06002,2026-10-03T00:34:00,06006,61200,E,37.97462,-1.1315287,41,False,1,2
2026-10-03T01:55:58Z,4173V24723C1,24723,C1,-1419,61200,61200,2026-10-03T00:19:00,61200,60911,S,37.974686,-1.131078,41,False,1,1
2026-10-03T02:05:35Z,3073V23578C1,23578,C1,-1442,51003,51003,2026-10-03T00:39:50,51003,50600,A,37.392567,-5.9749837,30,False,,
2026-10-03T02:05:35Z,3073V23743C5,23743,C5,-1442,51003,51003,2026-10-03T00:38:38,51003,43005,A,37.392567,-5.9749837,30,False,9,9
2026-10-03T02:05:35Z,3073V23841C5,23841,C5,-1,43004,43005,2026-10-03T00:03:15,43005,51113,E,37.381527,-6.193782,30,False,,3
2026-10-03T02:05:35Z,3073V23581C1,23581,C1,1,51103,51111,2026-10-03T00:04:00,51003,51200,18.0,37.289146,-5.935499,30,False,1,1
2026-10-03T02:05:35Z,3173V23455T1,23455,T1,2,51451,51450,2026-10-03T00:01:00,51450,51405,A,36.40869,-6.1343336,31,False,1,1
2026-10-03T02:05:35Z,3173V23456T1,23456,T1,-1433,51405,51405,2026-10-03T00:01:00,51405,51450,A,36.529045,-6.2877955,31,False,5,5
2026-10-03T02:05:35Z,3273V23400C1,23400,C1,2,54503,54501,2026-10-03T00:00:36,54517,54516,E,36.69222,-4.48376,32,False,,2
2026-10-03T02:05:35Z,3273V23402C1,23402,C1,2,54512,54511,2026-10-03T00:03:41,54517,54516,A,36.59906,-4.536344,32,False,2,1
2026-10-03T02:05:35Z,3273V23405C1,23405,C1,3,54519,54510,2026-10-03T00:00:08,54516,54517,88.0,36.610325,-4.514658,32,False,,1
2026-10-03T02:05:35Z,4073V24270C1,24270,C1,34,64202,64203,2026-10-03T00:00:53,65000,69110,67.0,39.417984,-0.3931324,40,False,,2
2026-10-03T02:05:35Z,4073V24366C6,24366,C6,22,65208,65209,2026-10-03T00:03:05,65300,65000,20.0,39.93293,-0.09658491,40,False,4,
2026-10-03T02:05:35Z,4073V24099C2,24099,C2,50,64103,64102,2026-10-03T00:03:37,64100,65000,A,39.083164,-0.46941403,40,False,1,1
2026-10-03T02:05:35Z,4073V24281C1,24281,C1,36,69104,69105,2026-10-03T00:08:25,69110,65000,5.0,39.177853,-0.26344925,40,False,2,1
2026-10-03T02:05:35Z,5173V25795R1,25795,R1,-1,79403,79404,2026-10-03T00:03:17,79500,72305,A,41.445705,2.2490852,50,True,,1
2026-10-03T02:05:35Z,5173V77468R4,77468,R4,-1432,78700,78700,2026-10-03T00:28:19,78700,71600,A,41.56993,2.0143688,50,True,,
2026-10-03T02:05:35Z,5173V77768R4,77768,R4,2,72305,72303,2026-10-03T00:01:40,72209,78700,E,41.36431,2.1008937,50,True,,
2026-10-03T02:05:35Z,5173V25567R2S,25567,R2S,-1434,71600,71600,2026-10-03T00:17:35,71600,79400,A,41.18592,1.5248429,50,False,,
2026-10-03T02:05:35Z,5173V28393R2S,28393,R2S,7,79400,71802,2026-10-03T00:05:41,71700,79400,42.0,41.397396,2.1879463,50,False,,
2026-10-03T02:05:35Z,5173V15023R15,15023,R15,44,71500,71401,2026-10-03T00:05:41,71400,79400,27.0,41.110836,1.2259281,50,False,,
2026-10-03T02:05:35Z,5173V77766R4,77766,R4,4,72210,72209,2026-10-03T00:04:28,72209,78600,23.0,41.476357,1.9582051,50,True,,
2026-10-03T02:05:35Z,5173V28490R2,28490,R2,0,71705,71704,2026-10-03T00:02:21,71700,79104,18.0,41.278534,1.9790753,50,True,,
2026-10-03T02:05:35Z,5173V77464R4,77464,R4,2,78600,78600,2026-10-02T23:59:04,78600,71600,E,41.72026,1.826487,50,True,4,4
2026-10-03T02:05:35Z,5173V25693R1,25693,R1,-1438,79606,79606,2026-10-03T00:23:31,79606,72305,A,41.673496,2.769029,50,True,,
2026-10-03T02:05:35Z,6073V71550C4,71550,C4,6,05481,05483,2026-10-03T00:01:44,05485,05451,E,43.20345,-3.1704924,60,False,,1
2026-10-03T02:05:35Z,6073V35681C3,35681,C3,0,13114,13119,2026-10-03T00:00:14,13200,13100,E,43.24241,-2.9163692,60,False,,1
2026-10-03T02:05:35Z,6073V71553C4,71553,C4,12,05457,05455,2026-10-02T23:59:24,05451,05485,S,43.27407,-2.9740336,60,False,,1
2026-10-03T02:05:35Z,6173V35654C1,35654,C1,3,11408,11407,2026-10-03T00:05:45,11400,11508,E,43.093952,-2.1255136,61,False,,2
2026-10-03T02:05:35Z,6273V26949C1,26949,C1,3,14230,14223,2026-10-03T00:01:45,14223,14202,E,43.45403,-3.8277466,62,False,,1
2026-10-03T02:05:35Z,6273V71185C2,71185,C2,1,05605,05604,2026-10-03T00:01:42,14223,05637,55.0,43.4471,-3.8755975,62,False,,2
2026-10-03T02:05:35Z,2073V70237C4,70237,C4,-1435,15410,15410,2026-10-03T00:00:00,15410,16403,A,43.537647,-5.67596,20,False,12,12
2026-10-03T02:05:35Z,2073V22132C1,22132,C1,3,15212,15217,2026-10-03T00:02:00,15218,15410,A,43.38812,-5.8272715,20,False,2,2
2026-10-03T02:05:35Z,2073V22139C1,22139,C1,3,15203,15206,2026-10-03T00:04:00,15211,15122,A,43.27709,-5.812221,20,False,1,1
2026-10-03T02:05:35Z,2073V22358C3,22358,C3,-1434,15218,15218,2026-10-03T00:07:00,15218,16405,S,43.3588,-5.8573804,20,False,2,2
2026-10-03T02:05:35Z,4173V24722C1,24722,C1,31,62103,62104,2026-10-03T00:08:00,60911,78800,E,38.272114,-0.69527435,41,False,1,1
2026-10-03T02:05:35Z,4173V84931C2,84931,C2,87,61200,06002,2026-10-03T00:34:00,06006,61200,E,37.97462,-1.1315287,41,False,1,2
2026-10-03T02:05:35Z,4173V24723C1,24723,C1,-1419,61200,61200,2026-10-03T00:19:00,61200,60911,S,37.974686,-1.131078,41,False,1,1
2026-10-03T02:14:57Z,3073V23578C1,23578,C1,-1442,51003,51003,2026-10-03T00:39:50,51003,50600,A,37.392567,-5.9749837,30,False,,
2026-10-03T02:14:57Z,3073V23743C5,23743,C5,-1442,51003,51003,2026-10-03T00:38:38,51003,43005,A,37.392567,-5.9749837,30,False,9,9
2026-10-03T02:14:57Z,3073V23841C5,23841,C5,-1,43004,43005,2026-10-03T00:03:15,43005,51113,E,37.381527,-6.193782,30,False,,3
2026-10-03T02:14:57Z,3073V23581C1,23581,C1,1,51103,51111,2026-10-03T00:04:00,51003,51200,18.0,37.289146,-5.935499,30,False,1,1
2026-10-03T02:14:57Z,3173V23455T1,23455,T1,2,51451,51450,2026-10-03T00:01:00,51450,51405,A,36.40869,-6.1343336,31,False,1,1
2026-10-03T02:14:57Z,3173V23456T1,23456,T1,-1433,51405,51405,2026-10-03T00:01:00,51405,51450,A,36.529045,-6.2877955,31,False,5,5
2026-10-03T02:14:57Z,3273V23400C1,23400,C1,2,54503,54501,2026-10-03T00:00:36,54517,54516,E,36.69222,-4.48376,32,False,,2
2026-10-03T02:14:57Z,3273V23402C1,23402,C1,2,54512,54511,2026-10-03T00:03:41,54517,54516,A,36.59906,-4.536344,32,False,2,1
2026-10-03T02:14:57Z,3273V23405C1,23405,C1,3,54519,54510,2026-10-03T00:00:08,54516,54517,88.0,36.610325,-4.514658,32,False,,1
2026-10-03T02:14:57Z,4073V24270C1,24270,C1,34,64202,64203,2026-10-03T00:00:53,65000,69110,67.0,39.417984,-0.3931324,40,False,,2
2026-10-03T02:14:57Z,4073V24366C6,24366,C6,22,65208,65209,2026-10-03T00:03:05,65300,65000,20.0,39.93293,-0.09658491,40,False,4,
2026-10-03T02:14:57Z,4073V24099C2,24099,C2,50,64103,64102,2026-10-03T00:03:37,64100,65000,A,39.083164,-0.46941403,40,False,1,1
2026-10-03T02:14:57Z,4073V24281C1,24281,C1,36,69104,69105,2026-10-03T00:08:25,69110,65000,5.0,39.177853,-0.26344925,40,False,2,1
2026-10-03T02:14:57Z,5173V25795R1,25795,R1,-1,79403,79404,2026-10-03T00:03:17,79500,72305,A,41.445705,2.2490852,50,True,,1
2026-10-03T02:14:57Z,5173V77468R4,77468,R4,-1432,78700,78700,2026-10-03T00:28:19,78700,71600,A,41.56993,2.0143688,50,True,,
2026-10-03T02:14:57Z,5173V77768R4,77768,R4,2,72305,72303,2026-10-03T00:01:40,72209,78700,E,41.36431,2.1008937,50,True,,
2026-10-03T02:14:57Z,5173V25567R2S,25567,R2S,-1434,71600,71600,2026-10-03T00:17:35,71600,79400,A,41.18592,1.5248429,50,False,,
2026-10-03T02:14:57Z,5173V28393R2S,28393,R2S,7,79400,71802,2026-10-03T00:05:41,71700,79400,42.0,41.397396,2.1879463,50,False,,
2026-10-03T02:14:57Z,5173V15023R15,15023,R15,44,71500,71401,2026-10-03T00:05:41,71400,79400,27.0,41.110836,1.2259281,50,False,,
2026-10-03T02:14:57Z,5173V77766R4,77766,R4,4,72210,72209,2026-10-03T00:04:28,72209,78600,23.0,41.476357,1.9582051,50,True,,
2026-10-03T02:14:57Z,5173V28490R2,28490,R2,0,71705,71704,2026-10-03T00:02:21,71700,79104,18.0,41.278534,1.9790753,50,True,,
2026-10-03T02:14:57Z,5173V77464R4,77464,R4,2,78600,78600,2026-10-02T23:59:04,78600,71600,E,41.72026,1.826487,50,True,4,4
2026-10-03T02:14:57Z,5173V25693R1,25693,R1,-1438,79606,79606,2026-10-03T00:23:31,79606,72305,A,41.673496,2.769029,50,True,,
2026-10-03T02:14:57Z,6073V71550C4,71550,C4,6,05481,05483,2026-10-03T00:01:44,05485,05451,E,43.20345,-3.1704924,60,False,,1
2026-10-03T02:14:57Z,6073V35681C3,35681,C3,0,13114,13119,2026-10-03T00:00:14,13200,13100,E,43.24241,-2.9163692,60,False,,1
2026-10-03T02:14:57Z,6073V71553C4,71553,C4,12,05457,05455,2026-10-02T23:59:24,05451,05485,S,43.27407,-2.9740336,60,False,,1
2026-10-03T02:14:57Z,6173V35654C1,35654,C1,3,11408,11407,2026-10-03T00:05:45,11400,11508,E,43.093952,-2.1255136,61,False,,2
2026-10-03T02:14:57Z,6273V26949C1,26949,C1,3,14230,14223,2026-10-03T00:01:45,14223,14202,E,43.45403,-3.8277466,62,False,,1
2026-10-03T02:14:57Z,6273V71185C2,71185,C2,1,05605,05604,2026-10-03T00:01:42,14223,05637,55.0,43.4471,-3.8755975,62,False,,2
2026-10-03T02:14:57Z,2073V70237C4,70237,C4,-1435,15410,15410,2026-10-03T00:00:00,15410,16403,A,43.537647,-5.67596,20,False,12,12
2026-10-03T02:14:57Z,2073V22132C1,22132,C1,3,15212,15217,2026-10-03T00:02:00,15218,15410,A,43.38812,-5.8272715,20,False,2,2
2026-10-03T02:14:57Z,2073V22139C1,22139,C1,3,15203,15206,2026-10-03T00:04:00,15211,15122,A,43.27709,-5.812221,20,False,1,1
2026-10-03T02:14:57Z,2073V22358C3,22358,C3,-1434,15218,15218,2026-10-03T00:07:00,15218,16405,S,43.3588,-5.8573804,20,False,2,2
2026-10-03T02:14:57Z,4173V24722C1,24722,C1,31,62103,62104,2026-10-03T00:08:00,60911,78800,E,38.272114,-0.69527435,41,False,1,1
2026-10-03T02:14:57Z,4173V84931C2,84931,C2,87,61200,06002,2026-10-03T00:34:00,06006,61200,E,37.97462,-1.1315287,41,False,1,2
2026-10-03T02:14:57Z,4173V24723C1,24723,C1,-1419,61200,61200,2026-10-03T00:19:00,61200,60911,S,37.974686,-1.131078,41,False,1,1
2026-10-03T02:19:59Z,3073V23578C1,23578,C1,-1442,51003,51003,2026-10-03T00:39:50,51003,50600,A,37.392567,-5.9749837,30,False,,
2026-10-03T02:19:59Z,3073V23743C5,23743,C5,-1442,51003,51003,2026-10-03T00:38:38,51003,43005,A,37.392567,-5.9749837,30,False,9,9
2026-10-03T02:19:59Z,3073V23841C5,23841,C5,-1,43004,43005,2026-10-03T00:03:15,43005,51113,E,37.381527,-6.193782,30,False,,3
2026-10-03T02:19:59Z,3073V23581C1,23581,C1,1,51103,51111,2026-10-03T00:04:00,51003,51200,18.0,37.289146,-5.935499,30,False,1,1
2026-10-03T02:19:59Z,3173V23455T1,23455,T1,2,51451,51450,2026-10-03T00:01:00,51450,51405,A,36.40869,-6.1343336,31,False,1,1
2026-10-03T02:19:59Z,3173V23456T1,23456,T1,-1433,51405,51405,2026-10-03T00:01:00,51405,51450,A,36.529045,-6.2877955,31,False,5,5
2026-10-03T02:19:59Z,3273V23400C1,23400,C1,2,54503,54501,2026-10-03T00:00:36,54517,54516,E,36.69222,-4.48376,32,False,,2
2026-10-03T02:19:59Z,3273V23402C1,23402,C1,2,54512,54511,2026-10-03T00:03:41,54517,54516,A,36.59906,-4.536344,32,False,2,1
2026-10-03T02:19:59Z,3273V23405C1,23405,C1,3,54519,54510,2026-10-03T00:00:08,54516,54517,88.0,36.610325,-4.514658,32,False,,1
2026-10-03T02:19:59Z,4073V24270C1,24270,C1,34,64202,64203,2026-10-03T00:00:53,65000,69110,67.0,39.417984,-0.3931324,40,False,,2
2026-10-03T02:19:59Z,4073V24366C6,24366,C6,22,65208,65209,2026-10-03T00:03:05,65300,65000,20.0,39.93293,-0.09658491,40,False,4,
2026-10-03T02:19:59Z,4073V24099C2,24099,C2,50,64103,64102,2026-10-03T00:03:37,64100,65000,A,39.083164,-0.46941403,40,False,1,1
2026-10-03T02:19:59Z,4073V24281C1,24281,C1,36,69104,69105,2026-10-03T00:08:25,69110,65000,5.0,39.177853,-0.26344925,40,False,2,1
2026-10-03T02:19:59Z,5173V25795R1,25795,R1,-1,79403,79404,2026-10-03T00:03:17,79500,72305,A,41.445705,2.2490852,50,True,,1
2026-10-03T02:19:59Z,5173V77468R4,77468,R4,-1432,78700,78700,2026-10-03T00:28:19,78700,71600,A,41.56993,2.0143688,50,True,,
2026-10-03T02:19:59Z,5173V77768R4,77768,R4,2,72305,72303,2026-10-03T00:01:40,72209,78700,E,41.36431,2.1008937,50,True,,
2026-10-03T02:19:59Z,5173V25567R2S,25567,R2S,-1434,71600,71600,2026-10-03T00:17:35,71600,79400,A,41.18592,1.5248429,50,False,,
2026-10-03T02:19:59Z,5173V28393R2S,28393,R2S,7,79400,71802,2026-10-03T00:05:41,71700,79400,42.0,41.397396,2.1879463,50,False,,
2026-10-03T02:19:59Z,5173V15023R15,15023,R15,44,71500,71401,2026-10-03T00:05:41,71400,79400,27.0,41.110836,1.2259281,50,False,,
2026-10-03T02:19:59Z,5173V77766R4,77766,R4,4,72210,72209,2026-10-03T00:04:28,72209,78600,23.0,41.476357,1.9582051,50,True,,
2026-10-03T02:19:59Z,5173V28490R2,28490,R2,0,71705,71704,2026-10-03T00:02:21,71700,79104,18.0,41.278534,1.9790753,50,True,,
2026-10-03T02:19:59Z,5173V77464R4,77464,R4,2,78600,78600,2026-10-02T23:59:04,78600,71600,E,41.72026,1.826487,50,True,4,4
2026-10-03T02:19:59Z,5173V25693R1,25693,R1,-1438,79606,79606,2026-10-03T00:23:31,79606,72305,A,41.673496,2.769029,50,True,,
2026-10-03T02:19:59Z,6073V71550C4,71550,C4,6,05481,05483,2026-10-03T00:01:44,05485,05451,E,43.20345,-3.1704924,60,False,,1
2026-10-03T02:19:59Z,6073V35681C3,35681,C3,0,13114,13119,2026-10-03T00:00:14,13200,13100,E,43.24241,-2.9163692,60,False,,1
2026-10-03T02:19:59Z,6073V71553C4,71553,C4,12,05457,05455,2026-10-02T23:59:24,05451,05485,S,43.27407,-2.9740336,60,False,,1
2026-10-03T02:19:59Z,6173V35654C1,35654,C1,3,11408,11407,2026-10-03T00:05:45,11400,11508,E,43.093952,-2.1255136,61,False,,2
2026-10-03T02:19:59Z,6273V26949C1,26949,C1,3,14230,14223,2026-10-03T00:01:45,14223,14202,E,43.45403,-3.8277466,62,False,,1
2026-10-03T02:19:59Z,6273V71185C2,71185,C2,1,05605,05604,2026-10-03T00:01:42,14223,05637,55.0,43.4471,-3.8755975,62,False,,2
2026-10-03T02:19:59Z,2073V70237C4,70237,C4,-1435,15410,15410,2026-10-03T00:00:00,15410,16403,A,43.537647,-5.67596,20,False,12,12
2026-10-03T02:19:59Z,2073V22132C1,22132,C1,3,15212,15217,2026-10-03T00:02:00,15218,15410,A,43.38812,-5.8272715,20,False,2,2
2026-10-03T02:19:59Z,2073V22139C1,22139,C1,3,15203,15206,2026-10-03T00:04:00,15211,15122,A,43.27709,-5.812221,20,False,1,1
2026-10-03T02:19:59Z,2073V22358C3,22358,C3,-1434,15218,15218,2026-10-03T00:07:00,15218,16405,S,43.3588,-5.8573804,20,False,2,2
2026-10-03T02:19:59Z,4173V24722C1,24722,C1,31,62103,62104,2026-10-03T00:08:00,60911,78800,E,38.272114,-0.69527435,41,False,1,1
2026-10-03T02:19:59Z,4173V84931C2,84931,C2,87,61200,06002,2026-10-03T00:34:00,06006,61200,E,37.97462,-1.1315287,41,False,1,2
2026-10-03T02:19:59Z,4173V24723C1,24723,C1,-1419,61200,61200,2026-10-03T00:19:00,61200,60911,S,37.974686,-1.131078,41,False,1,1
2026-10-03T02:25:48Z,3073V23578C1,23578,C1,-1442,51003,51003,2026-10-03T00:39:50,51003,50600,A,37.392567,-5.9749837,30,False,,
2026-10-03T02:25:48Z,3073V23743C5,23743,C5,-1442,51003,51003,2026-10-03T00:38:38,51003,43005,A,37.392567,-5.9749837,30,False,9,9
2026-10-03T02:25:48Z,3073V23841C5,23841,C5,-1,43004,43005,2026-10-03T00:03:15,43005,51113,E,37.381527,-6.193782,30,False,,3
2026-10-03T02:25:48Z,3073V23581C1,23581,C1,1,51103,51111,2026-10-03T00:04:00,51003,51200,18.0,37.289146,-5.935499,30,False,1,1
2026-10-03T02:25:48Z,3173V23455T1,23455,T1,2,51451,51450,2026-10-03T00:01:00,51450,51405,A,36.40869,-6.1343336,31,False,1,1
2026-10-03T02:25:48Z,3173V23456T1,23456,T1,-1433,51405,51405,2026-10-03T00:01:00,51405,51450,A,36.529045,-6.2877955,31,False,5,5
2026-10-03T02:25:48Z,3273V23400C1,23400,C1,2,54503,54501,2026-10-03T00:00:36,54517,54516,E,36.69222,-4.48376,32,False,,2
2026-10-03T02:25:48Z,3273V23402C1,23402,C1,2,54512,54511,2026-10-03T00:03:41,54517,54516,A,36.59906,-4.536344,32,False,2,1
2026-10-03T02:25:48Z,3273V23405C1,23405,C1,3,54519,54510,2026-10-03T00:00:08,54516,54517,88.0,36.610325,-4.514658,32,False,,1
2026-10-03T02:25:48Z,4073V24270C1,24270,C1,34,64202,64203,2026-10-03T00:00:53,65000,69110,67.0,39.417984,-0.3931324,40,False,,2
2026-10-03T02:25:48Z,4073V24366C6,24366,C6,22,65208,65209,2026-10-03T00:03:05,65300,65000,20.0,39.93293,-0.09658491,40,False,4,
2026-10-03T02:25:48Z,4073V24099C2,24099,C2,50,64103,64102,2026-10-03T00:03:37,64100,65000,A,39.083164,-0.46941403,40,False,1,1
2026-10-03T02:25:48Z,4073V24281C1,24281,C1,36,69104,69105,2026-10-03T00:08:25,69110,65000,5.0,39.177853,-0.26344925,40,False,2,1
2026-10-03T02:25:48Z,5173V25795R1,25795,R1,-1,79403,79404,2026-10-03T00:03:17,79500,72305,A,41.445705,2.2490852,50,True,,1
2026-10-03T02:25:48Z,5173V77468R4,77468,R4,-1432,78700,78700,2026-10-03T00:28:19,78700,71600,A,41.56993,2.0143688,50,True,,
2026-10-03T02:25:48Z,5173V77768R4,77768,R4,2,72305,72303,2026-10-03T00:01:40,72209,78700,E,41.36431,2.1008937,50,True,,
2026-10-03T02:25:48Z,5173V25567R2S,25567,R2S,-1434,71600,71600,2026-10-03T00:17:35,71600,79400,A,41.18592,1.5248429,50,False,,
2026-10-03T02:25:48Z,5173V28393R2S,28393,R2S,7,79400,71802,2026-10-03T00:05:41,71700,79400,42.0,41.397396,2.1879463,50,False,,
2026-10-03T02:25:48Z,5173V15023R15,15023,R15,44,71500,71401,2026-10-03T00:05:41,71400,79400,27.0,41.110836,1.2259281,50,False,,
2026-10-03T02:25:48Z,5173V77766R4,77766,R4,4,72210,72209,2026-10-03T00:04:28,72209,78600,23.0,41.476357,1.9582051,50,True,,
2026-10-03T02:25:48Z,5173V28490R2,28490,R2,0,71705,71704,2026-10-03T00:02:21,71700,79104,18.0,41.278534,1.9790753,50,True,,
2026-10-03T02:25:48Z,5173V77464R4,77464,R4,2,78600,78600,2026-10-02T23:59:04,78600,71600,E,41.72026,1.826487,50,True,4,4
2026-10-03T02:25:48Z,5173V25693R1,25693,R1,-1438,79606,79606,2026-10-03T00:23:31,79606,72305,A,41.673496,2.769029,50,True,,
2026-10-03T02:25:48Z,6073V71550C4,71550,C4,6,05481,05483,2026-10-03T00:01:44,05485,05451,E,43.20345,-3.1704924,60,False,,1
2026-10-03T02:25:48Z,6073V35681C3,35681,C3,0,13114,13119,2026-10-03T00:00:14,13200,13100,E,43.24241,-2.9163692,60,False,,1
2026-10-03T02:25:48Z,6073V71553C4,71553,C4,12,05457,05455,2026-10-02T23:59:24,05451,05485,S,43.27407,-2.9740336,60,False,,1
2026-10-03T02:25:48Z,6173V35654C1,35654,C1,3,11408,11407,2026-10-03T00:05:45,11400,11508,E,43.093952,-2.1255136,61,False,,2
2026-10-03T02:25:48Z,6273V26949C1,26949,C1,3,14230,14223,2026-10-03T00:01:45,14223,14202,E,43.45403,-3.8277466,62,False,,1
2026-10-03T02:25:48Z,6273V71185C2,71185,C2,1,05605,05604,2026-10-03T00:01:42,14223,05637,55.0,43.4471,-3.8755975,62,False,,2
2026-10-03T02:25:48Z,2073V70237C4,70237,C4,-1435,15410,15410,2026-10-03T00:00:00,15410,16403,A,43.537647,-5.67596,20,False,12,12
2026-10-03T02:25:48Z,2073V22132C1,22132,C1,3,15212,15217,2026-10-03T00:02:00,15218,15410,A,43.38812,-5.8272715,20,False,2,2
2026-10-03T02:25:48Z,2073V22139C1,22139,C1,3,15203,15206,2026-10-03T00:04:00,15211,15122,A,43.27709,-5.812221,20,False,1,1
2026-10-03T02:25:48Z,2073V22358C3,22358,C3,-1434,15218,15218,2026-10-03T00:07:00,15218,16405,S,43.3588,-5.8573804,20,False,2,2
2026-10-03T02:25:48Z,4173V24722C1,24722,C1,31,62103,62104,2026-10-03T00:08:00,60911,78800,E,38.272114,-0.69527435,41,False,1,1
2026-10-03T02:25:48Z,4173V84931C2,84931,C2,87,61200,06002,2026-10-03T00:34:00,06006,61200,E,37.97462,-1.1315287,41,False,1,2
2026-10-03T02:25:48Z,4173V24723C1,24723,C1,-1419,61200,61200,2026-10-03T00:19:00,61200,60911,S,37.974686,-1.131078,41,False,1,1
2026-10-03T02:36:01Z,3073V23578C1,23578,C1,-1442,51003,51003,2026-10-03T00:39:50,51003,50600,A,37.392567,-5.9749837,30,False,,
2026-10-03T02:36:01Z,3073V23743C5,23743,C5,-1442,51003,51003,2026-10-03T00:38:38,51003,43005,A,37.392567,-5.9749837,30,False,9,9
2026-10-03T02:36:01Z,3073V23841C5,23841,C5,-1,43004,43005,2026-10-03T00:03:15,43005,51113,E,37.381527,-6.193782,30,False,,3
2026-10-03T02:36:01Z,3073V23581C1,23581,C1,1,51103,51111,2026-10-03T00:04:00,51003,51200,18.0,37.289146,-5.935499,30,False,1,1
2026-10-03T02:36:01Z,3173V23455T1,23455,T1,2,51451,51450,2026-10-03T00:01:00,51450,51405,A,36.40869,-6.1343336,31,False,1,1
2026-10-03T02:36:01Z,3173V23456T1,23456,T1,-1433,51405,51405,2026-10-03T00:01:00,51405,51450,A,36.529045,-6.2877955,31,False,5,5
2026-10-03T02:36:01Z,3273V23400C1,23400,C1,2,54503,54501,2026-10-03T00:00:36,54517,54516,E,36.69222,-4.48376,32,False,,2
2026-10-03T02:36:01Z,3273V23402C1,23402,C1,2,54512,54511,2026-10-03T00:03:41,54517,54516,A,36.59906,-4.536344,32,False,2,1
2026-10-03T02:36:01Z,3273V23405C1,23405,C1,3,54519,54510,2026-10-03T00:00:08,54516,54517,88.0,36.610325,-4.514658,32,False,,1
2026-10-03T02:36:01Z,4073V24270C1,24270,C1,34,64202,64203,2026-10-03T00:00:53,65000,69110,67.0,39.417984,-0.3931324,40,False,,2
2026-10-03T02:36:01Z,4073V24366C6,24366,C6,22,65208,65209,2026-10-03T00:03:05,65300,65000,20.0,39.93293,-0.09658491,40,False,4,
2026-10-03T02:36:01Z,4073V24099C2,24099,C2,50,64103,64102,2026-10-03T00:03:37,64100,65000,A,39.083164,-0.46941403,40,False,1,1
2026-10-03T02:36:01Z,4073V24281C1,24281,C1,36,69104,69105,2026-10-03T00:08:25,69110,65000,5.0,39.177853,-0.26344925,40,False,2,1
2026-10-03T02:36:01Z,5173V25795R1,25795,R1,-1,79403,79404,2026-10-03T00:03:17,79500,72305,A,41.445705,2.2490852,50,True,,1
2026-10-03T02:36:01Z,5173V77468R4,77468,R4,-1432,78700,78700,2026-10-03T00:28:19,78700,71600,A,41.56993,2.0143688,50,True,,
2026-10-03T02:36:01Z,5173V77768R4,77768,R4,2,72305,72303,2026-10-03T00:01:40,72209,78700,E,41.36431,2.1008937,50,True,,
2026-10-03T02:36:01Z,5173V25567R2S,25567,R2S,-1434,71600,71600,2026-10-03T00:17:35,71600,79400,A,41.18592,1.5248429,50,False,,
2026-10-03T02:36:01Z,5173V28393R2S,28393,R2S,7,79400,71802,2026-10-03T00:05:41,71700,79400,42.0,41.397396,2.1879463,50,False,,
2026-10-03T02:36:01Z,5173V15023R15,15023,R15,44,71500,71401,2026-10-03T00:05:41,71400,79400,27.0,41.110836,1.2259281,50,False,,
2026-10-03T02:36:01Z,5173V77766R4,77766,R4,4,72210,72209,2026-10-03T00:04:28,72209,78600,23.0,41.476357,1.9582051,50,True,,
2026-10-03T02:36:01Z,5173V28490R2,28490,R2,0,71705,71704,2026-10-03T00:02:21,71700,79104,18.0,41.278534,1.9790753,50,True,,
2026-10-03T02:36:01Z,5173V77464R4,77464,R4,2,78600,78600,2026-10-02T23:59:04,78600,71600,E,41.72026,1.826487,50,True,4,4
2026-10-03T02:36:01Z,5173V25693R1,25693,R1,-1438,79606,79606,2026-10-03T00:23:31,79606,72305,A,41.673496,2.769029,50,True,,
2026-10-03T02:36:01Z,6073V71550C4,71550,C4,6,05481,05483,2026-10-03T00:01:44,05485,05451,E,43.20345,-3.1704924,60,False,,1
2026-10-03T02:36:01Z,6073V35681C3,35681,C3,0,13114,13119,2026-10-03T00:00:14,13200,13100,E,43.24241,-2.9163692,60,False,,1
2026-10-03T02:36:01Z,6073V71553C4,71553,C4,12,05457,05455,2026-10-02T23:59:24,05451,05485,S,43.27407,-2.9740336,60,False,,1
2026-10-03T02:36:01Z,6173V35654C1,35654,C1,3,11408,11407,2026-10-03T00:05:45,11400,11508,E,43.093952,-2.1255136,61,False,,2
2026-10-03T02:36:01Z,6273V26949C1,26949,C1,3,14230,14223,2026-10-03T00:01:45,14223,14202,E,43.45403,-3.8277466,62,False,,1
2026-10-03T02:36:01Z,6273V71185C2,71185,C2,1,05605,05604,2026-10-03T00:01:42,14223,05637,55.0,43.4471,-3.8755975,62,False,,2
2026-10-03T02:36:01Z,2073V70237C4,70237,C4,-1435,15410,15410,2026-10-03T00:00:00,15410,16403,A,43.537647,-5.67596,20,False,12,12
2026-10-03T02:36:01Z,2073V22132C1,22132,C1,3,15212,15217,2026-10-03T00:02:00,15218,15410,A,43.38812,-5.8272715,20,False,2,2
2026-10-03T02:36:01Z,2073V22139C1,22139,C1,3,15203,15206,2026-10-03T00:04:00,15211,15122,A,43.27709,-5.812221,20,False,1,1
2026-10-03T02:36:01Z,2073V22358C3,22358,C3,-1434,15218,15218,2026-10-03T00:07:00,15218,16405,S,43.3588,-5.8573804,20,False,2,2
2026-10-03T02:36:01Z,4173V24722C1,24722,C1,31,62103,62104,2026-10-03T00:08:00,60911,78800,E,38.272114,-0.69527435,41,False,1,1
2026-10-03T02:36:01Z,4173V84931C2,84931,C2,87,61200,06002,2026-10-03T00:34:00,06006,61200,E,37.97462,-1.1315287,41,False,1,2
2026-10-03T02:36:01Z,4173V24723C1,24723,C1,-1419,61200,61200,2026-10-03T00:19:00,61200,60911,S,37.974686,-1.131078,41,False,1,1
2026-10-03T02:45:03Z,3073V23578C1,23578,C1,-1442,51003,51003,2026-10-03T00:39:50,51003,50600,A,37.392567,-5.9749837,30,False,,
2026-10-03T02:45:03Z,3073V23743C5,23743,C5,-1442,51003,51003,2026-10-03T00:38:38,51003,43005,A,37.392567,-5.9749837,30,False,9,9
2026-10-03T02:45:03Z,3073V23841C5,23841,C5,-1,43004,43005,2026-10-03T00:03:15,43005,51113,E,37.381527,-6.193782,30,False,,3
2026-10-03T02:45:03Z,3073V23581C1,23581,C1,1,51103,51111,2026-10-03T00:04:00,51003,51200,18.0,37.289146,-5.935499,30,False,1,1
2026-10-03T02:45:03Z,3173V23455T1,23455,T1,2,51451,51450,2026-10-03T00:01:00,51450,51405,A,36.40869,-6.1343336,31,False,1,1
2026-10-03T02:45:03Z,3173V23456T1,23456,T1,-1433,51405,51405,2026-10-03T00:01:00,51405,51450,A,36.529045,-6.2877955,31,False,5,5
2026-10-03T02:45:03Z,3273V23400C1,23400,C1,2,54503,54501,2026-10-03T00:00:36,54517,54516,E,36.69222,-4.48376,32,False,,2
2026-10-03T02:45:03Z,3273V23402C1,23402,C1,2,54512,54511,2026-10-03T00:03:41,54517,54516,A,36.59906,-4.536344,32,False,2,1
2026-10-03T02:45:03Z,3273V23405C1,23405,C1,3,54519,54510,2026-10-03T00:00:08,54516,54517,88.0,36.610325,-4.514658,32,False,,1
2026-10-03T02:45:03Z,4073V24270C1,24270,C1,34,64202,64203,2026-10-03T00:00:53,65000,69110,67.0,39.417984,-0.3931324,40,False,,2
2026-10-03T02:45:03Z,4073V24366C6,24366,C6,22,65208,65209,2026-10-03T00:03:05,65300,65000,20.0,39.93293,-0.09658491,40,False,4,
2026-10-03T02:45:03Z,4073V24099C2,24099,C2,50,64103,64102,2026-10-03T00:03:37,64100,65000,A,39.083164,-0.46941403,40,False,1,1
2026-10-03T02:45:03Z,4073V24281C1,24281,C1,36,69104,69105,2026-10-03T00:08:25,69110,65000,5.0,39.177853,-0.26344925,40,False,2,1
2026-10-03T02:45:03Z,5173V25795R1,25795,R1,-1,79403,79404,2026-10-03T00:03:17,79500,72305,A,41.445705,2.2490852,50,True,,1
2026-10-03T02:45:03Z,5173V77468R4,77468,R4,-1432,78700,78700,2026-10-03T00:28:19,78700,71600,A,41.56993,2.0143688,50,True,,
2026-10-03T02:45:03Z,5173V77768R4,77768,R4,2,72305,72303,2026-10-03T00:01:40,72209,78700,E,41.36431,2.1008937,50,True,,
2026-10-03T02:45:03Z,5173V25567R2S,25567,R2S,-1434,71600,71600,2026-10-03T00:17:35,71600,79400,A,41.18592,1.5248429,50,False,,
2026-10-03T02:45:03Z,5173V28393R2S,28393,R2S,7,79400,71802,2026-10-03T00:05:41,71700,79400,42.0,41.397396,2.1879463,50,False,,
2026-10-03T02:45:03Z,5173V15023R15,15023,R15,44,71500,71401,2026-10-03T00:05:41,71400,79400,27.0,41.110836,1.2259281,50,False,,
2026-10-03T02:45:03Z,5173V77766R4,77766,R4,4,72210,72209,2026-10-03T00:04:28,72209,78600,23.0,41.476357,1.9582051,50,True,,
2026-10-03T02:45:03Z,5173V28490R2,28490,R2,0,71705,71704,2026-10-03T00:02:21,71700,79104,18.0,41.278534,1.9790753,50,True,,
2026-10-03T02:45:03Z,5173V77464R4,77464,R4,2,78600,78600,2026-10-02T23:59:04,78600,71600,E,41.72026,1.826487,50,True,4,4
2026-10-03T02:45:03Z,5173V25693R1,25693,R1,-1438,79606,79606,2026-10-03T00:23:31,79606,72305,A,41.673496,2.769029,50,True,,
2026-10-03T02:45:03Z,6073V71550C4,71550,C4,6,05481,05483,2026-10-03T00:01:44,05485,05451,E,43.20345,-3.1704924,60,False,,1
2026-10-03T02:45:03Z,6073V35681C3,35681,C3,0,13114,13119,2026-10-03T00:00:14,13200,13100,E,43.24241,-2.9163692,60,False,,1
2026-10-03T02:45:03Z,6073V71553C4,71553,C4,12,05457,05455,2026-10-02T23:59:24,05451,05485,S,43.27407,-2.9740336,60,False,,1
2026-10-03T02:45:03Z,6173V35654C1,35654,C1,3,11408,11407,2026-10-03T00:05:45,11400,11508,E,43.093952,-2.1255136,61,False,,2
2026-10-03T02:45:03Z,6273V26949C1,26949,C1,3,14230,14223,2026-10-03T00:01:45,14223,14202,E,43.45403,-3.8277466,62,False,,1
2026-10-03T02:45:03Z,6273V71185C2,71185,C2,1,05605,05604,2026-10-03T00:01:42,14223,05637,55.0,43.4471,-3.8755975,62,False,,2
2026-10-03T02:45:03Z,2073V70237C4,70237,C4,-1435,15410,15410,2026-10-03T00:00:00,15410,16403,A,43.537647,-5.67596,20,False,12,12
2026-10-03T02:45:03Z,2073V22132C1,22132,C1,3,15212,15217,2026-10-03T00:02:00,15218,15410,A,43.38812,-5.8272715,20,False,2,2
2026-10-03T02:45:03Z,2073V22139C1,22139,C1,3,15203,15206,2026-10-03T00:04:00,15211,15122,A,43.27709,-5.812221,20,False,1,1
2026-10-03T02:45:03Z,2073V22358C3,22358,C3,-1434,15218,15218,2026-10-03T00:07:00,15218,16405,S,43.3588,-5.8573804,20,False,2,2
2026-10-03T02:45:03Z,4173V24722C1,24722,C1,31,62103,62104,2026-10-03T00:08:00,60911,78800,E,38.272114,-0.69527435,41,False,1,1
2026-10-03T02:45:03Z,4173V84931C2,84931,C2,87,61200,06002,2026-10-03T00:34:00,06006,61200,E,37.97462,-1.1315287,41,False,1,2
2026-10-03T02:45:03Z,4173V24723C1,24723,C1,-1419,61200,61200,2026-10-03T00:19:00,61200,60911,S,37.974686,-1.131078,41,False,1,1
2026-10-03T02:51:19Z,3073V23578C1,23578,C1,-1442,51003,51003,2026-10-03T00:39:50,51003,50600,A,37.392567,-5.9749837,30,False,,
2026-10-03T02:51:19Z,3073V23743C5,23743,C5,-1442,51003,51003,2026-10-03T00:38:38,51003,43005,A,37.392567,-5.9749837,30,False,9,9
2026-10-03T02:51:19Z,3073V23841C5,23841,C5,-1,43004,43005,2026-10-03T00:03:15,43005,51113,E,37.381527,-6.193782,30,False,,3
2026-10-03T02:51:19Z,3073V23581C1,23581,C1,1,51103,51111,2026-10-03T00:04:00,51003,51200,18.0,37.289146,-5.935499,30,False,1,1
2026-10-03T02:51:19Z,3173V23455T1,23455,T1,2,51451,51450,2026-10-03T00:01:00,51450,51405,A,36.40869,-6.1343336,31,False,1,1
2026-10-03T02:51:19Z,3173V23456T1,23456,T1,-1433,51405,51405,2026-10-03T00:01:00,51405,51450,A,36.529045,-6.2877955,31,False,5,5
2026-10-03T02:51:19Z,3273V23400C1,23400,C1,2,54503,54501,2026-10-03T00:00:36,54517,54516,E,36.69222,-4.48376,32,False,,2
2026-10-03T02:51:19Z,3273V23402C1,23402,C1,2,54512,54511,2026-10-03T00:03:41,54517,54516,A,36.59906,-4.536344,32,False,2,1
2026-10-03T02:51:19Z,3273V23405C1,23405,C1,3,54519,54510,2026-10-03T00:00:08,54516,54517,88.0,36.610325,-4.514658,32,False,,1
2026-10-03T02:51:19Z,4073V24270C1,24270,C1,34,64202,64203,2026-10-03T00:00:53,65000,69110,67.0,39.417984,-0.3931324,40,False,,2
2026-10-03T02:51:19Z,4073V24366C6,24366,C6,22,65208,65209,2026-10-03T00:03:05,65300,65000,20.0,39.93293,-0.09658491,40,False,4,
2026-10-03T02:51:19Z,4073V24099C2,24099,C2,50,64103,64102,2026-10-03T00:03:37,64100,65000,A,39.083164,-0.46941403,40,False,1,1
2026-10-03T02:51:19Z,4073V24281C1,24281,C1,36,69104,69105,2026-10-03T00:08:25,69110,65000,5.0,39.177853,-0.26344925,40,False,2,1
2026-10-03T02:51:19Z,5173V25795R1,25795,R1,-1,79403,79404,2026-10-03T00:03:17,79500,72305,A,41.445705,2.2490852,50,True,,1
2026-10-03T02:51:19Z,5173V77468R4,77468,R4,-1432,78700,78700,2026-10-03T00:28:19,78700,71600,A,41.56993,2.0143688,50,True,,
2026-10-03T02:51:19Z,5173V77768R4,77768,R4,2,72305,72303,2026-10-03T00:01:40,72209,78700,E,41.36431,2.1008937,50,True,,
2026-10-03T02:51:19Z,5173V25567R2S,25567,R2S,-1434,71600,71600,2026-10-03T00:17:35,71600,79400,A,41.18592,1.5248429,50,False,,
2026-10-03T02:51:19Z,5173V28393R2S,28393,R2S,7,79400,71802,2026-10-03T00:05:41,71700,79400,42.0,41.397396,2.1879463,50,False,,
2026-10-03T02:51:19Z,5173V15023R15,15023,R15,44,71500,71401,2026-10-03T00:05:41,71400,79400,27.0,41.110836,1.2259281,50,False,,
2026-10-03T02:51:19Z,5173V77766R4,77766,R4,4,72210,72209,2026-10-03T00:04:28,72209,78600,23.0,41.476357,1.9582051,50,True,,
2026-10-03T02:51:19Z,5173V28490R2,28490,R2,0,71705,71704,2026-10-03T00:02:21,71700,79104,18.0,41.278534,1.9790753,50,True,,
2026-10-03T02:51:19Z,5173V77464R4,77464,R4,2,78600,78600,2026-10-02T23:59:04,78600,71600,E,41.72026,1.826487,50,True,4,4
2026-10-03T02:51:19Z,5173V25693R1,25693,R1,-1438,79606,79606,2026-10-03T00:23:31,79606,72305,A,41.673496,2.769029,50,True,,
2026-10-03T02:51:19Z,6073V71550C4,71550,C4,6,05481,05483,2026-10-03T00:01:44,05485,05451,E,43.20345,-3.1704924,60,False,,1
2026-10-03T02:51:19Z,6073V35681C3,35681,C3,0,13114,13119,2026-10-03T00:00:14,13200,13100,E,43.24241,-2.9163692,60,False,,1
2026-10-03T02:51:19Z,6073V71553C4,71553,C4,12,05457,05455,2026-10-02T23:59:24,05451,05485,S,43.27407,-2.9740336,60,False,,1
2026-10-03T02:51:19Z,6173V35654C1,35654,C1,3,11408,11407,2026-10-03T00:05:45,11400,11508,E,43.093952,-2.1255136,61,False,,2
2026-10-03T02:51:19Z,6273V26949C1,26949,C1,3,14230,14223,2026-10-03T00:01:45,14223,14202,E,43.45403,-3.8277466,62,False,,1
2026-10-03T02:51:19Z,6273V71185C2,71185,C2,1,05605,05604,2026-10-03T00:01:42,14223,05637,55.0,43.4471,-3.8755975,62,False,,2
2026-10-03T02:51:19Z,2073V70237C4,70237,C4,-1435,15410,15410,2026-10-03T00:00:00,15410,16403,A,43.537647,-5.67596,20,False,12,12
2026-10-03T02:51:19Z,2073V22132C1,22132,C1,3,15212,15217,2026-10-03T00:02:00,15218,15410,A,43.38812,-5.8272715,20,False,2,2
2026-10-03T02:51:19Z,2073V22139C1,22139,C1,3,15203,15206,2026-10-03T00:04:00,15211,15122,A,43.27709,-5.812221,20,False,1,1
2026-10-03T02:51:19Z,2073V22358C3,22358,C3,-1434,15218,15218,2026-10-03T00:07:00,15218,16405,S,43.3588,-5.8573804,20,False,2,2
2026-10-03T02:51:19Z,4173V24722C1,24722,C1,31,62103,62104,2026-10-03T00:08:00,60911,78800,E,38.272114,-0.69527435,41,False,1,1
2026-10-03T02:51:19Z,4173V84931C2,84931,C2,87,61200,06002,2026-10-03T00:34:00,06006,61200,E,37.97462,-1.1315287,41,False,1,2
2026-10-03T02:51:19Z,4173V24723C1,24723,C1,-1419,61200,61200,2026-10-03T00:19:00,61200,60911,S,37.974686,-1.131078,41,False,1,1
2026-10-03T02:59:52Z,3073V23578C1,23578,C1,-1442,51003,51003,2026-10-03T00:39:50,51003,50600,A,37.392567,-5.9749837,30,False,,
2026-10-03T02:59:52Z,3073V23743C5,23743,C5,-1442,51003,51003,2026-10-03T00:38:38,51003,43005,A,37.392567,-5.9749837,30,False,9,9
2026-10-03T02:59:52Z,3073V23841C5,23841,C5,-1,43004,43005,2026-10-03T00:03:15,43005,51113,E,37.381527,-6.193782,30,False,,3
2026-10-03T02:59:52Z,3073V23581C1,23581,C1,1,51103,51111,2026-10-03T00:04:00,51003,51200,18.0,37.289146,-5.935499,30,False,1,1
2026-10-03T02:59:52Z,3173V23455T1,23455,T1,2,51451,51450,2026-10-03T00:01:00,51450,51405,A,36.40869,-6.1343336,31,False,1,1
2026-10-03T02:59:52Z,3173V23456T1,23456,T1,-1433,51405,51405,2026-10-03T00:01:00,51405,51450,A,36.529045,-6.2877955,31,False,5,5
2026-10-03T02:59:52Z,3273V23400C1,23400,C1,2,54503,54501,2026-10-03T00:00:36,54517,54516,E,36.69222,-4.48376,32,False,,2
2026-10-03T02:59:52Z,3273V23402C1,23402,C1,2,54512,54511,2026-10-03T00:03:41,54517,54516,A,36.59906,-4.536344,32,False,2,1
2026-10-03T02:59:52Z,3273V23405C1,23405,C1,3,54519,54510,2026-10-03T00:00:08,54516,54517,88.0,36.610325,-4.514658,32,False,,1
2026-10-03T02:59:52Z,4073V24270C1,24270,C1,34,64202,64203,2026-10-03T00:00:53,65000,69110,67.0,39.417984,-0.3931324,40,False,,2
2026-10-03T02:59:52Z,4073V24366C6,24366,C6,22,65208,65209,2026-10-03T00:03:05,65300,65000,20.0,39.93293,-0.09658491,40,False,4,
2026-10-03T02:59:52Z,4073V24099C2,24099,C2,50,64103,64102,2026-10-03T00:03:37,64100,65000,A,39.083164,-0.46941403,40,False,1,1
2026-10-03T02:59:52Z,4073V24281C1,24281,C1,36,69104,69105,2026-10-03T00:08:25,69110,65000,5.0,39.177853,-0.26344925,40,False,2,1
2026-10-03T02:59:52Z,5173V25795R1,25795,R1,-1,79403,79404,2026-10-03T00:03:17,79500,72305,A,41.445705,2.2490852,50,True,,1
2026-10-03T02:59:52Z,5173V77468R4,77468,R4,-1432,78700,78700,2026-10-03T00:28:19,78700,71600,A,41.56993,2.0143688,50,True,,
2026-10-03T02:59:52Z,5173V77768R4,77768,R4,2,72305,72303,2026-10-03T00:01:40,72209,78700,E,41.36431,2.1008937,50,True,,
2026-10-03T02:59:52Z,5173V25567R2S,25567,R2S,-1434,71600,71600,2026-10-03T00:17:35,71600,79400,A,41.18592,1.5248429,50,False,,
2026-10-03T02:59:52Z,5173V28393R2S,28393,R2S,7,79400,71802,2026-10-03T00:05:41,71700,79400,42.0,41.397396,2.1879463,50,False,,
2026-10-03T02:59:52Z,5173V15023R15,15023,R15,44,71500,71401,2026-10-03T00:05:41,71400,79400,27.0,41.110836,1.2259281,50,False,,
2026-10-03T02:59:52Z,5173V77766R4,77766,R4,4,72210,72209,2026-10-03T00:04:28,72209,78600,23.0,41.476357,1.9582051,50,True,,
2026-10-03T02:59:52Z,5173V28490R2,28490,R2,0,71705,71704,2026-10-03T00:02:21,71700,79104,18.0,41.278534,1.9790753,50,True,,
2026-10-03T02:59:52Z,5173V77464R4,77464,R4,2,78600,78600,2026-10-02T23:59:04,78600,71600,E,41.72026,1.826487,50,True,4,4
2026-10-03T02:59:52Z,5173V25693R1,25693,R1,-1438,79606,79606,2026-10-03T00:23:31,79606,72305,A,41.673496,2.769029,50,True,,
2026-10-03T02:59:52Z,6073V71550C4,71550,C4,6,05481,05483,2026-10-03T00:01:44,05485,05451,E,43.20345,-3.1704924,60,False,,1
2026-10-03T02:59:52Z,6073V35681C3,35681,C3,0,13114,13119,2026-10-03T00:00:14,13200,13100,E,43.24241,-2.9163692,60,False,,1
2026-10-03T02:59:52Z,6073V71553C4,71553,C4,12,05457,05455,2026-10-02T23:59:24,05451,05485,S,43.27407,-2.9740336,60,False,,1
2026-10-03T02:59:52Z,6173V35654C1,35654,C1,3,11408,11407,2026-10-03T00:05:45,11400,11508,E,43.093952,-2.1255136,61,False,,2
2026-10-03T02:59:52Z,6273V26949C1,26949,C1,3,14230,14223,2026-10-03T00:01:45,14223,14202,E,43.45403,-3.8277466,62,False,,1
2026-10-03T02:59:52Z,6273V71185C2,71185,C2,1,05605,05604,2026-10-03T00:01:42,14223,05637,55.0,43.4471,-3.8755975,62,False,,2
2026-10-03T02:59:52Z,2073V70237C4,70237,C4,-1435,15410,15410,2026-10-03T00:00:00,15410,16403,A,43.537647,-5.67596,20,False,12,12
2026-10-03T02:59:52Z,2073V22132C1,22132,C1,3,15212,15217,2026-10-03T00:02:00,15218,15410,A,43.38812,-5.8272715,20,False,2,2
2026-10-03T02:59:52Z,2073V22139C1,22139,C1,3,15203,15206,2026-10-03T00:04:00,15211,15122,A,43.27709,-5.812221,20,False,1,1
2026-10-03T02:59:52Z,2073V22358C3,22358,C3,-1434,15218,15218,2026-10-03T00:07:00,15218,16405,S,43.3588,-5.8573804,20,False,2,2
2026-10-03T02:59:52Z,4173V24722C1,24722,C1,31,62103,62104,2026-10-03T00:08:00,60911,78800,E,38.272114,-0.69527435,41,False,1,1
2026-10-03T02:59:52Z,4173V84931C2,84931,C2,87,61200,06002,2026-10-03T00:34:00,06006,61200,E,37.97462,-1.1315287,41,False,1,2
2026-10-03T02:59:52Z,4173V24723C1,24723,C1,-1419,61200,61200,2026-10-03T00:19:00,61200,60911,S,37.974686,-1.131078,41,False,1,1
2026-10-03T03:05:31Z,3073V23578C1,23578,C1,-1442,51003,51003,2026-10-03T00:39:50,51003,50600,A,37.392567,-5.9749837,30,False,,
2026-10-03T03:05:31Z,3073V23743C5,23743,C5,-1442,51003,51003,2026-10-03T00:38:38,51003,43005,A,37.392567,-5.9749837,30,False,9,9
2026-10-03T03:05:31Z,3073V23841C5,23841,C5,-1,43004,43005,2026-10-03T00:03:15,43005,51113,E,37.381527,-6.193782,30,False,,3
2026-10-03T03:05:31Z,3073V23581C1,23581,C1,1,51103,51111,2026-10-03T00:04:00,51003,51200,18.0,37.289146,-5.935499,30,False,1,1
2026-10-03T03:05:31Z,3173V23455T1,23455,T1,2,51451,51450,2026-10-03T00:01:00,51450,51405,A,36.40869,-6.1343336,31,False,1,1
2026-10-03T03:05:31Z,3173V23456T1,23456,T1,-1433,51405,51405,2026-10-03T00:01:00,51405,51450,A,36.529045,-6.2877955,31,False,5,5
2026-10-03T03:05:31Z,3273V23400C1,23400,C1,2,54503,54501,2026-10-03T00:00:36,54517,54516,E,36.69222,-4.48376,32,False,,2
2026-10-03T03:05:31Z,3273V23402C1,23402,C1,2,54512,54511,2026-10-03T00:03:41,54517,54516,A,36.59906,-4.536344,32,False,2,1
2026-10-03T03:05:31Z,3273V23405C1,23405,C1,3,54519,54510,2026-10-03T00:00:08,54516,54517,88.0,36.610325,-4.514658,32,False,,1
2026-10-03T03:05:31Z,4073V24270C1,24270,C1,34,64202,64203,2026-10-03T00:00:53,65000,69110,67.0,39.417984,-0.3931324,40,False,,2
2026-10-03T03:05:31Z,4073V24366C6,24366,C6,22,65208,65209,2026-10-03T00:03:05,65300,65000,20.0,39.93293,-0.09658491,40,False,4,
2026-10-03T03:05:31Z,4073V24099C2,24099,C2,50,64103,64102,2026-10-03T00:03:37,64100,65000,A,39.083164,-0.46941403,40,False,1,1
2026-10-03T03:05:31Z,4073V24281C1,24281,C1,36,69104,69105,2026-10-03T00:08:25,69110,65000,5.0,39.177853,-0.26344925,40,False,2,1
2026-10-03T03:05:31Z,5173V25795R1,25795,R1,-1,79403,79404,2026-10-03T00:03:17,79500,72305,A,41.445705,2.2490852,50,True,,1
2026-10-03T03:05:31Z,5173V77468R4,77468,R4,-1432,78700,78700,2026-10-03T00:28:19,78700,71600,A,41.56993,2.0143688,50,True,,
2026-10-03T03:05:31Z,5173V77768R4,77768,R4,2,72305,72303,2026-10-03T00:01:40,72209,78700,E,41.36431,2.1008937,50,True,,
2026-10-03T03:05:31Z,5173V25567R2S,25567,R2S,-1434,71600,71600,2026-10-03T00:17:35,71600,79400,A,41.18592,1.5248429,50,False,,
2026-10-03T03:05:31Z,5173V28393R2S,28393,R2S,7,79400,71802,2026-10-03T00:05:41,71700,79400,42.0,41.397396,2.1879463,50,False,,
2026-10-03T03:05:31Z,5173V15023R15,15023,R15,44,71500,71401,2026-10-03T00:05:41,71400,79400,27.0,41.110836,1.2259281,50,False,,
2026-10-03T03:05:31Z,5173V77766R4,77766,R4,4,72210,72209,2026-10-03T00:04:28,72209,78600,23.0,41.476357,1.9582051,50,True,,
2026-10-03T03:05:31Z,5173V28490R2,28490,R2,0,71705,71704,2026-10-03T00:02:21,71700,79104,18.0,41.278534,1.9790753,50,True,,
2026-10-03T03:05:31Z,5173V77464R4,77464,R4,2,78600,78600,2026-10-02T23:59:04,78600,71600,E,41.72026,1.826487,50,True,4,4
2026-10-03T03:05:31Z,5173V25693R1,25693,R1,-1438,79606,79606,2026-10-03T00:23:31,79606,72305,A,41.673496,2.769029,50,True,,
2026-10-03T03:05:31Z,6073V71550C4,71550,C4,6,05481,05483,2026-10-03T00:01:44,05485,05451,E,43.20345,-3.1704924,60,False,,1
2026-10-03T03:05:31Z,6073V35681C3,35681,C3,0,13114,13119,2026-10-03T00:00:14,13200,13100,E,43.24241,-2.9163692,60,False,,1
2026-10-03T03:05:31Z,6073V71553C4,71553,C4,12,05457,05455,2026-10-02T23:59:24,05451,05485,S,43.27407,-2.9740336,60,False,,1
2026-10-03T03:05:31Z,6173V35654C1,35654,C1,3,11408,11407,2026-10-03T00:05:45,11400,11508,E,43.093952,-2.1255136,61,False,,2
2026-10-03T03:05:31Z,6273V26949C1,26949,C1,3,14230,14223,2026-10-03T00:01:45,14223,14202,E,43.45403,-3.8277466,62,False,,1
2026-10-03T03:05:31Z,6273V71185C2,71185,C2,1,05605,05604,2026-10-03T00:01:42,14223,05637,55.0,43.4471,-3.8755975,62,False,,2
2026-10-03T03:05:31Z,2073V70237C4,70237,C4,-1435,15410,15410,2026-10-03T00:00:00,15410,16403,A,43.537647,-5.67596,20,False,12,12
2026-10-03T03:05:31Z,2073V22132C1,22132,C1,3,15212,15217,2026-10-03T00:02:00,15218,15410,A,43.38812,-5.8272715,20,False,2,2
2026-10-03T03:05:31Z,2073V22139C1,22139,C1,3,15203,15206,2026-10-03T00:04:00,15211,15122,A,43.27709,-5.812221,20,False,1,1
2026-10-03T03:05:31Z,2073V22358C3,22358,C3,-1434,15218,15218,2026-10-03T00:07:00,15218,16405,S,43.3588,-5.8573804,20,False,2,2
2026-10-03T03:05:31Z,4173V24722C1,24722,C1,31,62103,62104,2026-10-03T00:08:00,60911,78800,E,38.272114,-0.69527435,41,False,1,1
2026-10-03T03:05:31Z,4173V84931C2,84931,C2,87,61200,06002,2026-10-03T00:34:00,06006,61200,E,37.97462,-1.1315287,41,False,1,2
2026-10-03T03:05:31Z,4173V24723C1,24723,C1,-1419,61200,61200,2026-10-03T00:19:00,61200,60911,S,37.974686,-1.131078,41,False,1,1
2026-10-03T03:15:04Z,3073V23578C1,23578,C1,-1442,51003,51003,2026-10-03T00:39:50,51003,50600,A,37.392567,-5.9749837,30,False,,
2026-10-03T03:15:04Z,3073V23743C5,23743,C5,-1442,51003,51003,2026-10-03T00:38:38,51003,43005,A,37.392567,-5.9749837,30,False,9,9
2026-10-03T03:15:04Z,3073V23841C5,23841,C5,-1,43004,43005,2026-10-03T00:03:15,43005,51113,E,37.381527,-6.193782,30,False,,3
2026-10-03T03:15:04Z,3073V23581C1,23581,C1,1,51103,51111,2026-10-03T00:04:00,51003,51200,18.0,37.289146,-5.935499,30,False,1,1
2026-10-03T03:15:04Z,3173V23455T1,23455,T1,2,51451,51450,2026-10-03T00:01:00,51450,51405,A,36.40869,-6.1343336,31,False,1,1
2026-10-03T03:15:04Z,3173V23456T1,23456,T1,-1433,51405,51405,2026-10-03T00:01:00,51405,51450,A,36.529045,-6.2877955,31,False,5,5
2026-10-03T03:15:04Z,3273V23400C1,23400,C1,2,54503,54501,2026-10-03T00:00:36,54517,54516,E,36.69222,-4.48376,32,False,,2
2026-10-03T03:15:04Z,3273V23402C1,23402,C1,2,54512,54511,2026-10-03T00:03:41,54517,54516,A,36.59906,-4.536344,32,False,2,1
2026-10-03T03:15:04Z,3273V23405C1,23405,C1,3,54519,54510,2026-10-03T00:00:08,54516,54517,88.0,36.610325,-4.514658,32,False,,1
2026-10-03T03:15:04Z,4073V24270C1,24270,C1,34,64202,64203,2026-10-03T00:00:53,65000,69110,67.0,39.417984,-0.3931324,40,False,,2
2026-10-03T03:15:04Z,4073V24366C6,24366,C6,22,65208,65209,2026-10-03T00:03:05,65300,65000,20.0,39.93293,-0.09658491,40,False,4,
2026-10-03T03:15:04Z,4073V24099C2,24099,C2,50,64103,64102,2026-10-03T00:03:37,64100,65000,A,39.083164,-0.46941403,40,False,1,1
2026-10-03T03:15:04Z,4073V24281C1,24281,C1,36,69104,69105,2026-10-03T00:08:25,69110,65000,5.0,39.177853,-0.26344925,40,False,2,1
2026-10-03T03:15:04Z,5173V25795R1,25795,R1,-1,79403,79404,2026-10-03T00:03:17,79500,72305,A,41.445705,2.2490852,50,True,,1
2026-10-03T03:15:04Z,5173V77468R4,77468,R4,-1432,78700,78700,2026-10-03T00:28:19,78700,71600,A,41.56993,2.0143688,50,True,,
2026-10-03T03:15:04Z,5173V77768R4,77768,R4,2,72305,72303,2026-10-03T00:01:40,72209,78700,E,41.36431,2.1008937,50,True,,
2026-10-03T03:15:04Z,5173V25567R2S,25567,R2S,-1434,71600,71600,2026-10-03T00:17:35,71600,79400,A,41.18592,1.5248429,50,False,,
2026-10-03T03:15:04Z,5173V28393R2S,28393,R2S,7,79400,71802,2026-10-03T00:05:41,71700,79400,42.0,41.397396,2.1879463,50,False,,
2026-10-03T03:15:04Z,5173V15023R15,15023,R15,44,71500,71401,2026-10-03T00:05:41,71400,79400,27.0,41.110836,1.2259281,50,False,,
2026-10-03T03:15:04Z,5173V77766R4,77766,R4,4,72210,72209,2026-10-03T00:04:28,72209,78600,23.0,41.476357,1.9582051,50,True,,
2026-10-03T03:15:04Z,5173V28490R2,28490,R2,0,71705,71704,2026-10-03T00:02:21,71700,79104,18.0,41.278534,1.9790753,50,True,,
2026-10-03T03:15:04Z,5173V77464R4,77464,R4,2,78600,78600,2026-10-02T23:59:04,78600,71600,E,41.72026,1.826487,50,True,4,4
2026-10-03T03:15:04Z,5173V25693R1,25693,R1,-1438,79606,79606,2026-10-03T00:23:31,79606,72305,A,41.673496,2.769029,50,True,,
2026-10-03T03:15:04Z,6073V71550C4,71550,C4,6,05481,05483,2026-10-03T00:01:44,05485,05451,E,43.20345,-3.1704924,60,False,,1
2026-10-03T03:15:04Z,6073V35681C3,35681,C3,0,13114,13119,2026-10-03T00:00:14,13200,13100,E,43.24241,-2.9163692,60,False,,1
2026-10-03T03:15:04Z,6073V71553C4,71553,C4,12,05457,05455,2026-10-02T23:59:24,05451,05485,S,43.27407,-2.9740336,60,False,,1
2026-10-03T03:15:04Z,6173V35654C1,35654,C1,3,11408,11407,2026-10-03T00:05:45,11400,11508,E,43.093952,-2.1255136,61,False,,2
2026-10-03T03:15:04Z,6273V26949C1,26949,C1,3,14230,14223,2026-10-03T00:01:45,14223,14202,E,43.45403,-3.8277466,62,False,,1
2026-10-03T03:15:04Z,6273V71185C2,71185,C2,1,05605,05604,2026-10-03T00:01:42,14223,05637,55.0,43.4471,-3.8755975,62,False,,2
2026-10-03T03:15:04Z,2073V70237C4,70237,C4,-1435,15410,15410,2026-10-03T00:00:00,15410,16403,A,43.537647,-5.67596,20,False,12,12
2026-10-03T03:15:04Z,2073V22132C1,22132,C1,3,15212,15217,2026-10-03T00:02:00,15218,15410,A,43.38812,-5.8272715,20,False,2,2
2026-10-03T03:15:04Z,2073V22139C1,22139,C1,3,15203,15206,2026-10-03T00:04:00,15211,15122,A,43.27709,-5.812221,20,False,1,1
2026-10-03T03:15:04Z,2073V22358C3,22358,C3,-1434,15218,15218,2026-10-03T00:07:00,15218,16405,S,43.3588,-5.8573804,20,False,2,2
2026-10-03T03:15:04Z,4173V24722C1,24722,C1,31,62103,62104,2026-10-03T00:08:00,60911,78800,E,38.272114,-0.69527435,41,False,1,1
2026-10-03T03:15:04Z,4173V84931C2,84931,C2,87,61200,06002,2026-10-03T00:34:00,06006,61200,E,37.97462,-1.1315287,41,False,1,2
2026-10-03T03:15:04Z,4173V24723C1,24723,C1,-1419,61200,61200,2026-10-03T00:19:00,61200,60911,S,37.974686,-1.131078,41,False,1,1
2026-10-03T03:20:02Z,3073V23578C1,23578,C1,-1442,51003,51003,2026-10-03T00:39:50,51003,50600,A,37.392567,-5.9749837,30,False,,
2026-10-03T03:20:02Z,3073V23743C5,23743,C5,-1442,51003,51003,2026-10-03T00:38:38,51003,43005,A,37.392567,-5.9749837,30,False,9,9
2026-10-03T03:20:02Z,3073V23841C5,23841,C5,-1,43004,43005,2026-10-03T00:03:15,43005,51113,E,37.381527,-6.193782,30,False,,3
2026-10-03T03:20:02Z,3073V23581C1,23581,C1,1,51103,51111,2026-10-03T00:04:00,51003,51200,18.0,37.289146,-5.935499,30,False,1,1
2026-10-03T03:20:02Z,3173V23455T1,23455,T1,2,51451,51450,2026-10-03T00:01:00,51450,51405,A,36.40869,-6.1343336,31,False,1,1
2026-10-03T03:20:02Z,3173V23456T1,23456,T1,-1433,51405,51405,2026-10-03T00:01:00,51405,51450,A,36.529045,-6.2877955,31,False,5,5
2026-10-03T03:20:02Z,3273V23400C1,23400,C1,2,54503,54501,2026-10-03T00:00:36,54517,54516,E,36.69222,-4.48376,32,False,,2
2026-10-03T03:20:02Z,3273V23402C1,23402,C1,2,54512,54511,2026-10-03T00:03:41,54517,54516,A,36.59906,-4.536344,32,False,2,1
2026-10-03T03:20:02Z,3273V23405C1,23405,C1,3,54519,54510,2026-10-03T00:00:08,54516,54517,88.0,36.610325,-4.514658,32,False,,1
2026-10-03T03:20:02Z,4073V24270C1,24270,C1,34,64202,64203,2026-10-03T00:00:53,65000,69110,67.0,39.417984,-0.3931324,40,False,,2
2026-10-03T03:20:02Z,4073V24366C6,24366,C6,22,65208,65209,2026-10-03T00:03:05,65300,65000,20.0,39.93293,-0.09658491,40,False,4,
2026-10-03T03:20:02Z,4073V24099C2,24099,C2,50,64103,64102,2026-10-03T00:03:37,64100,65000,A,39.083164,-0.46941403,40,False,1,1
2026-10-03T03:20:02Z,4073V24281C1,24281,C1,36,69104,69105,2026-10-03T00:08:25,69110,65000,5.0,39.177853,-0.26344925,40,False,2,1
2026-10-03T03:20:02Z,5173V25795R1,25795,R1,-1,79403,79404,2026-10-03T00:03:17,79500,72305,A,41.445705,2.2490852,50,True,,1
2026-10-03T03:20:02Z,5173V77468R4,77468,R4,-1432,78700,78700,2026-10-03T00:28:19,78700,71600,A,41.56993,2.0143688,50,True,,
2026-10-03T03:20:02Z,5173V77768R4,77768,R4,2,72305,72303,2026-10-03T00:01:40,72209,78700,E,41.36431,2.1008937,50,True,,
2026-10-03T03:20:02Z,5173V25567R2S,25567,R2S,-1434,71600,71600,2026-10-03T00:17:35,71600,79400,A,41.18592,1.5248429,50,False,,
2026-10-03T03:20:02Z,5173V28393R2S,28393,R2S,7,79400,71802,2026-10-03T00:05:41,71700,79400,42.0,41.397396,2.1879463,50,False,,
2026-10-03T03:20:02Z,5173V15023R15,15023,R15,44,71500,71401,2026-10-03T00:05:41,71400,79400,27.0,41.110836,1.2259281,50,False,,
2026-10-03T03:20:02Z,5173V77766R4,77766,R4,4,72210,72209,2026-10-03T00:04:28,72209,78600,23.0,41.476357,1.9582051,50,True,,
2026-10-03T03:20:02Z,5173V28490R2,28490,R2,0,71705,71704,2026-10-03T00:02:21,71700,79104,18.0,41.278534,1.9790753,50,True,,
2026-10-03T03:20:02Z,5173V77464R4,77464,R4,2,78600,78600,2026-10-02T23:59:04,78600,71600,E,41.72026,1.826487,50,True,4,4
2026-10-03T03:20:02Z,5173V25693R1,25693,R1,-1438,79606,79606,2026-10-03T00:23:31,79606,72305,A,41.673496,2.769029,50,True,,
2026-10-03T03:20:02Z,6073V71550C4,71550,C4,6,05481,05483,2026-10-03T00:01:44,05485,05451,E,43.20345,-3.1704924,60,False,,1
2026-10-03T03:20:02Z,6073V35681C3,35681,C3,0,13114,13119,2026-10-03T00:00:14,13200,13100,E,43.24241,-2.9163692,60,False,,1
2026-10-03T03:20:02Z,6073V71553C4,71553,C4,12,05457,05455,2026-10-02T23:59:24,05451,05485,S,43.27407,-2.9740336,60,False,,1
2026-10-03T03:20:02Z,6173V35654C1,35654,C1,3,11408,11407,2026-10-03T00:05:45,11400,11508,E,43.093952,-2.1255136,61,False,,2
2026-10-03T03:20:02Z,6273V26949C1,26949,C1,3,14230,14223,2026-10-03T00:01:45,14223,14202,E,43.45403,-3.8277466,62,False,,1
2026-10-03T03:20:02Z,6273V71185C2,71185,C2,1,05605,05604,2026-10-03T00:01:42,14223,05637,55.0,43.4471,-3.8755975,62,False,,2
2026-10-03T03:20:02Z,2073V70237C4,70237,C4,-1435,15410,15410,2026-10-03T00:00:00,15410,16403,A,43.537647,-5.67596,20,False,12,12
2026-10-03T03:20:02Z,2073V22132C1,22132,C1,3,15212,15217,2026-10-03T00:02:00,15218,15410,A,43.38812,-5.8272715,20,False,2,2
2026-10-03T03:20:02Z,2073V22139C1,22139,C1,3,15203,15206,2026-10-03T00:04:00,15211,15122,A,43.27709,-5.812221,20,False,1,1
2026-10-03T03:20:02Z,2073V22358C3,22358,C3,-1434,15218,15218,2026-10-03T00:07:00,15218,16405,S,43.3588,-5.8573804,20,False,2,2
2026-10-03T03:20:02Z,4173V24722C1,24722,C1,31,62103,62104,2026-10-03T00:08:00,60911,78800,E,38.272114,-0.69527435,41,False,1,1
2026-10-03T03:20:02Z,4173V84931C2,84931,C2,87,61200,06002,2026-10-03T00:34:00,06006,61200,E,37.97462,-1.1315287,41,False,1,2
2026-10-03T03:20:02Z,4173V24723C1,24723,C1,-1419,61200,61200,2026-10-03T00:19:00,61200,60911,S,37.974686,-1.131078,41,False,1,1
2026-10-03T03:24:57Z,3073V23578C1,23578,C1,-1442,51003,51003,2026-10-03T00:39:50,51003,50600,A,37.392567,-5.9749837,30,False,,
2026-10-03T03:24:57Z,3073V23743C5,23743,C5,-1442,51003,51003,2026-10-03T00:38:38,51003,43005,A,37.392567,-5.9749837,30,False,9,9
2026-10-03T03:24:57Z,3073V23841C5,23841,C5,-1,43004,43005,2026-10-03T00:03:15,43005,51113,E,37.381527,-6.193782,30,False,,3
2026-10-03T03:24:57Z,3073V23581C1,23581,C1,1,51103,51111,2026-10-03T00:04:00,51003,51200,18.0,37.289146,-5.935499,30,False,1,1
2026-10-03T03:24:57Z,3173V23455T1,23455,T1,2,51451,51450,2026-10-03T00:01:00,51450,51405,A,36.40869,-6.1343336,31,False,1,1
2026-10-03T03:24:57Z,3173V23456T1,23456,T1,-1433,51405,51405,2026-10-03T00:01:00,51405,51450,A,36.529045,-6.2877955,31,False,5,5
2026-10-03T03:24:57Z,3273V23400C1,23400,C1,2,54503,54501,2026-10-03T00:00:36,54517,54516,E,36.69222,-4.48376,32,False,,2
2026-10-03T03:24:57Z,3273V23402C1,23402,C1,2,54512,54511,2026-10-03T00:03:41,54517,54516,A,36.59906,-4.536344,32,False,2,1
2026-10-03T03:24:57Z,3273V23405C1,23405,C1,3,54519,54510,2026-10-03T00:00:08,54516,54517,88.0,36.610325,-4.514658,32,False,,1
2026-10-03T03:24:57Z,4073V24270C1,24270,C1,34,64202,64203,2026-10-03T00:00:53,65000,69110,67.0,39.417984,-0.3931324,40,False,,2
2026-10-03T03:24:57Z,4073V24366C6,24366,C6,22,65208,65209,2026-10-03T00:03:05,65300,65000,20.0,39.93293,-0.09658491,40,False,4,
2026-10-03T03:24:57Z,4073V24099C2,24099,C2,50,64103,64102,2026-10-03T00:03:37,64100,65000,A,39.083164,-0.46941403,40,False,1,1
2026-10-03T03:24:57Z,4073V24281C1,24281,C1,36,69104,69105,2026-10-03T00:08:25,69110,65000,5.0,39.177853,-0.26344925,40,False,2,1
2026-10-03T03:24:57Z,5173V25795R1,25795,R1,-1,79403,79404,2026-10-03T00:03:17,79500,72305,A,41.445705,2.2490852,50,True,,1
2026-10-03T03:24:57Z,5173V77468R4,77468,R4,-1432,78700,78700,2026-10-03T00:28:19,78700,71600,A,41.56993,2.0143688,50,True,,
2026-10-03T03:24:57Z,5173V77768R4,77768,R4,2,72305,72303,2026-10-03T00:01:40,72209,78700,E,41.36431,2.1008937,50,True,,
2026-10-03T03:24:57Z,5173V25567R2S,25567,R2S,-1434,71600,71600,2026-10-03T00:17:35,71600,79400,A,41.18592,1.5248429,50,False,,
2026-10-03T03:24:57Z,5173V28393R2S,28393,R2S,7,79400,71802,2026-10-03T00:05:41,71700,79400,42.0,41.397396,2.1879463,50,False,,
2026-10-03T03:24:57Z,5173V15023R15,15023,R15,44,71500,71401,2026-10-03T00:05:41,71400,79400,27.0,41.110836,1.2259281,50,False,,
2026-10-03T03:24:57Z,5173V77766R4,77766,R4,4,72210,72209,2026-10-03T00:04:28,72209,78600,23.0,41.476357,1.9582051,50,True,,
2026-10-03T03:24:57Z,5173V28490R2,28490,R2,0,71705,71704,2026-10-03T00:02:21,71700,79104,18.0,41.278534,1.9790753,50,True,,
2026-10-03T03:24:57Z,5173V77464R4,77464,R4,2,78600,78600,2026-10-02T23:59:04,78600,71600,E,41.72026,1.826487,50,True,4,4
2026-10-03T03:24:57Z,5173V25693R1,25693,R1,-1438,79606,79606,2026-10-03T00:23:31,79606,72305,A,41.673496,2.769029,50,True,,
2026-10-03T03:24:57Z,6073V71550C4,71550,C4,6,05481,05483,2026-10-03T00:01:44,05485,05451,E,43.20345,-3.1704924,60,False,,1
2026-10-03T03:24:57Z,6073V35681C3,35681,C3,0,13114,13119,2026-10-03T00:00:14,13200,13100,E,43.24241,-2.9163692,60,False,,1
2026-10-03T03:24:57Z,6073V71553C4,71553,C4,12,05457,05455,2026-10-02T23:59:24,05451,05485,S,43.27407,-2.9740336,60,False,,1
2026-10-03T03:24:57Z,6173V35654C1,35654,C1,3,11408,11407,2026-10-03T00:05:45,11400,11508,E,43.093952,-2.1255136,61,False,,2
2026-10-03T03:24:57Z,6273V26949C1,26949,C1,3,14230,14223,2026-10-03T00:01:45,14223,14202,E,43.45403,-3.8277466,62,False,,1
2026-10-03T03:24:57Z,6273V71185C2,71185,C2,1,05605,05604,2026-10-03T00:01:42,14223,05637,55.0,43.4471,-3.8755975,62,False,,2
2026-10-03T03:24:57Z,2073V70237C4,70237,C4,-1435,15410,15410,2026-10-03T00:00:00,15410,16403,A,43.537647,-5.67596,20,False,12,12
2026-10-03T03:24:57Z,2073V22132C1,22132,C1,3,15212,15217,2026-10-03T00:02:00,15218,15410,A,43.38812,-5.8272715,20,False,2,2
2026-10-03T03:24:57Z,2073V22139C1,22139,C1,3,15203,15206,2026-10-03T00:04:00,15211,15122,A,43.27709,-5.812221,20,False,1,1
2026-10-03T03:24:57Z,2073V22358C3,22358,C3,-1434,15218,15218,2026-10-03T00:07:00,15218,16405,S,43.3588,-5.8573804,20,False,2,2
2026-10-03T03:24:57Z,4173V24722C1,24722,C1,31,62103,62104,2026-10-03T00:08:00,60911,78800,E,38.272114,-0.69527435,41,False,1,1
2026-10-03T03:24:57Z,4173V84931C2,84931,C2,87,61200,06002,2026-10-03T00:34:00,06006,61200,E,37.97462,-1.1315287,41,False,1,2
2026-10-03T03:24:57Z,4173V24723C1,24723,C1,-1419,61200,61200,2026-10-03T00:19:00,61200,60911,S,37.974686,-1.131078,41,False,1,1
2026-10-03T03:29:51Z,3073V23578C1,23578,C1,-1442,51003,51003,2026-10-03T00:39:50,51003,50600,A,37.392567,-5.9749837,30,False,,
2026-10-03T03:29:51Z,3073V23743C5,23743,C5,-1442,51003,51003,2026-10-03T00:38:38,51003,43005,A,37.392567,-5.9749837,30,False,9,9
2026-10-03T03:29:51Z,3073V23841C5,23841,C5,-1,43004,43005,2026-10-03T00:03:15,43005,51113,E,37.381527,-6.193782,30,False,,3
2026-10-03T03:29:51Z,3073V23581C1,23581,C1,1,51103,51111,2026-10-03T00:04:00,51003,51200,18.0,37.289146,-5.935499,30,False,1,1
2026-10-03T03:29:51Z,3173V23455T1,23455,T1,2,51451,51450,2026-10-03T00:01:00,51450,51405,A,36.40869,-6.1343336,31,False,1,1
2026-10-03T03:29:51Z,3173V23456T1,23456,T1,-1433,51405,51405,2026-10-03T00:01:00,51405,51450,A,36.529045,-6.2877955,31,False,5,5
2026-10-03T03:29:51Z,3273V23400C1,23400,C1,2,54503,54501,2026-10-03T00:00:36,54517,54516,E,36.69222,-4.48376,32,False,,2
2026-10-03T03:29:51Z,3273V23402C1,23402,C1,2,54512,54511,2026-10-03T00:03:41,54517,54516,A,36.59906,-4.536344,32,False,2,1
2026-10-03T03:29:51Z,3273V23405C1,23405,C1,3,54519,54510,2026-10-03T00:00:08,54516,54517,88.0,36.610325,-4.514658,32,False,,1
2026-10-03T03:29:51Z,4073V24270C1,24270,C1,34,64202,64203,2026-10-03T00:00:53,65000,69110,67.0,39.417984,-0.3931324,40,False,,2
2026-10-03T03:29:51Z,4073V24366C6,24366,C6,22,65208,65209,2026-10-03T00:03:05,65300,65000,20.0,39.93293,-0.09658491,40,False,4,
2026-10-03T03:29:51Z,4073V24099C2,24099,C2,50,64103,64102,2026-10-03T00:03:37,64100,65000,A,39.083164,-0.46941403,40,False,1,1
2026-10-03T03:29:51Z,4073V24281C1,24281,C1,36,69104,69105,2026-10-03T00:08:25,69110,65000,5.0,39.177853,-0.26344925,40,False,2,1
2026-10-03T03:29:51Z,5173V25795R1,25795,R1,-1,79403,79404,2026-10-03T00:03:17,79500,72305,A,41.445705,2.2490852,50,True,,1
2026-10-03T03:29:51Z,5173V77468R4,77468,R4,-1432,78700,78700,2026-10-03T00:28:19,78700,71600,A,41.56993,2.0143688,50,True,,
2026-10-03T03:29:51Z,5173V77768R4,77768,R4,2,72305,72303,2026-10-03T00:01:40,72209,78700,E,41.36431,2.1008937,50,True,,
2026-10-03T03:29:51Z,5173V25567R2S,25567,R2S,-1434,71600,71600,2026-10-03T00:17:35,71600,79400,A,41.18592,1.5248429,50,False,,
2026-10-03T03:29:51Z,5173V28393R2S,28393,R2S,7,79400,71802,2026-10-03T00:05:41,71700,79400,42.0,41.397396,2.1879463,50,False,,
2026-10-03T03:29:51Z,5173V15023R15,15023,R15,44,71500,71401,2026-10-03T00:05:41,71400,79400,27.0,41.110836,1.2259281,50,False,,
2026-10-03T03:29:51Z,5173V77766R4,77766,R4,4,72210,72209,2026-10-03T00:04:28,72209,78600,23.0,41.476357,1.9582051,50,True,,
2026-10-03T03:29:51Z,5173V28490R2,28490,R2,0,71705,71704,2026-10-03T00:02:21,71700,79104,18.0,41.278534,1.9790753,50,True,,
2026-10-03T03:29:51Z,5173V77464R4,77464,R4,2,78600,78600,2026-10-02T23:59:04,78600,71600,E,41.72026,1.826487,50,True,4,4
2026-10-03T03:29:51Z,5173V25693R1,25693,R1,-1438,79606,79606,2026-10-03T00:23:31,79606,72305,A,41.673496,2.769029,50,True,,
2026-10-03T03:29:51Z,6073V71550C4,71550,C4,6,05481,05483,2026-10-03T00:01:44,05485,05451,E,43.20345,-3.1704924,60,False,,1
2026-10-03T03:29:51Z,6073V35681C3,35681,C3,0,13114,13119,2026-10-03T00:00:14,13200,13100,E,43.24241,-2.9163692,60,False,,1
2026-10-03T03:29:51Z,6073V71553C4,71553,C4,12,05457,05455,2026-10-02T23:59:24,05451,05485,S,43.27407,-2.9740336,60,False,,1
2026-10-03T03:29:51Z,6173V35654C1,35654,C1,3,11408,11407,2026-10-03T00:05:45,11400,11508,E,43.093952,-2.1255136,61,False,,2
2026-10-03T03:29:51Z,6273V26949C1,26949,C1,3,14230,14223,2026-10-03T00:01:45,14223,14202,E,43.45403,-3.8277466,62,False,,1
2026-10-03T03:29:51Z,6273V71185C2,71185,C2,1,05605,05604,2026-10-03T00:01:42,14223,05637,55.0,43.4471,-3.8755975,62,False,,2
2026-10-03T03:29:51Z,2073V70237C4,70237,C4,-1435,15410,15410,2026-10-03T00:00:00,15410,16403,A,43.537647,-5.67596,20,False,12,12
2026-10-03T03:29:51Z,2073V22132C1,22132,C1,3,15212,15217,2026-10-03T00:02:00,15218,15410,A,43.38812,-5.8272715,20,False,2,2
2026-10-03T03:29:51Z,2073V22139C1,22139,C1,3,15203,15206,2026-10-03T00:04:00,15211,15122,A,43.27709,-5.812221,20,False,1,1
2026-10-03T03:29:51Z,2073V22358C3,22358,C3,-1434,15218,15218,2026-10-03T00:07:00,15218,16405,S,43.3588,-5.8573804,20,False,2,2
2026-10-03T03:29:51Z,4173V24722C1,24722,C1,31,62103,62104,2026-10-03T00:08:00,60911,78800,E,38.272114,-0.69527435,41,False,1,1
2026-10-03T03:29:51Z,4173V84931C2,84931,C2,87,61200,06002,2026-10-03T00:34:00,06006,61200,E,37.97462,-1.1315287,41,False,1,2
2026-10-03T03:29:51Z,4173V24723C1,24723,C1,-1419,61200,61200,2026-10-03T00:19:00,61200,60911,S,37.974686,-1.131078,41,False,1,1
2026-10-03T03:35:21Z,3073V23578C1,23578,C1,-1442,51003,51003,2026-10-03T00:39:50,51003,50600,A,37.392567,-5.9749837,30,False,,
2026-10-03T03:35:21Z,3073V23743C5,23743,C5,-1442,51003,51003,2026-10-03T00:38:38,51003,43005,A,37.392567,-5.9749837,30,False,9,9
2026-10-03T03:35:21Z,3073V23841C5,23841,C5,-1,43004,43005,2026-10-03T00:03:15,43005,51113,E,37.381527,-6.193782,30,False,,3
2026-10-03T03:35:21Z,3073V23581C1,23581,C1,1,51103,51111,2026-10-03T00:04:00,51003,51200,18.0,37.289146,-5.935499,30,False,1,1
2026-10-03T03:35:21Z,3173V23455T1,23455,T1,2,51451,51450,2026-10-03T00:01:00,51450,51405,A,36.40869,-6.1343336,31,False,1,1
2026-10-03T03:35:21Z,3173V23456T1,23456,T1,-1433,51405,51405,2026-10-03T00:01:00,51405,51450,A,36.529045,-6.2877955,31,False,5,5
2026-10-03T03:35:21Z,3273V23400C1,23400,C1,2,54503,54501,2026-10-03T00:00:36,54517,54516,E,36.69222,-4.48376,32,False,,2
2026-10-03T03:35:21Z,3273V23402C1,23402,C1,2,54512,54511,2026-10-03T00:03:41,54517,54516,A,36.59906,-4.536344,32,False,2,1
2026-10-03T03:35:21Z,3273V23405C1,23405,C1,3,54519,54510,2026-10-03T00:00:08,54516,54517,88.0,36.610325,-4.514658,32,False,,1
2026-10-03T03:35:21Z,4073V24270C1,24270,C1,34,64202,64203,2026-10-03T00:00:53,65000,69110,67.0,39.417984,-0.3931324,40,False,,2
2026-10-03T03:35:21Z,4073V24366C6,24366,C6,22,65208,65209,2026-10-03T00:03:05,65300,65000,20.0,39.93293,-0.09658491,40,False,4,
2026-10-03T03:35:21Z,4073V24099C2,24099,C2,50,64103,64102,2026-10-03T00:03:37,64100,65000,A,39.083164,-0.46941403,40,False,1,1
2026-10-03T03:35:21Z,4073V24281C1,24281,C1,36,69104,69105,2026-10-03T00:08:25,69110,65000,5.0,39.177853,-0.26344925,40,False,2,1
2026-10-03T03:35:21Z,5173V25795R1,25795,R1,-1,79403,79404,2026-10-03T00:03:17,79500,72305,A,41.445705,2.2490852,50,True,,1
2026-10-03T03:35:21Z,5173V77468R4,77468,R4,-1432,78700,78700,2026-10-03T00:28:19,78700,71600,A,41.56993,2.0143688,50,True,,
2026-10-03T03:35:21Z,5173V77768R4,77768,R4,2,72305,72303,2026-10-03T00:01:40,72209,78700,E,41.36431,2.1008937,50,True,,
2026-10-03T03:35:21Z,5173V25567R2S,25567,R2S,-1434,71600,71600,2026-10-03T00:17:35,71600,79400,A,41.18592,1.5248429,50,False,,
2026-10-03T03:35:21Z,5173V28393R2S,28393,R2S,7,79400,71802,2026-10-03T00:05:41,71700,79400,42.0,41.397396,2.1879463,50,False,,
2026-10-03T03:35:21Z,5173V15023R15,15023,R15,44,71500,71401,2026-10-03T00:05:41,71400,79400,27.0,41.110836,1.2259281,50,False,,
2026-10-03T03:35:21Z,5173V77766R4,77766,R4,4,72210,72209,2026-10-03T00:04:28,72209,78600,23.0,41.476357,1.9582051,50,True,,
2026-10-03T03:35:21Z,5173V28490R2,28490,R2,0,71705,71704,2026-10-03T00:02:21,71700,79104,18.0,41.278534,1.9790753,50,True,,
2026-10-03T03:35:21Z,5173V77464R4,77464,R4,2,78600,78600,2026-10-02T23:59:04,78600,71600,E,41.72026,1.826487,50,True,4,4
2026-10-03T03:35:21Z,5173V25693R1,25693,R1,-1438,79606,79606,2026-10-03T00:23:31,79606,72305,A,41.673496,2.769029,50,True,,
2026-10-03T03:35:21Z,6073V71550C4,71550,C4,6,05481,05483,2026-10-03T00:01:44,05485,05451,E,43.20345,-3.1704924,60,False,,1
2026-10-03T03:35:21Z,6073V35681C3,35681,C3,0,13114,13119,2026-10-03T00:00:14,13200,13100,E,43.24241,-2.9163692,60,False,,1
2026-10-03T03:35:21Z,6073V71553C4,71553,C4,12,05457,05455,2026-10-02T23:59:24,05451,05485,S,43.27407,-2.9740336,60,False,,1
2026-10-03T03:35:21Z,6173V35654C1,35654,C1,3,11408,11407,2026-10-03T00:05:45,11400,11508,E,43.093952,-2.1255136,61,False,,2
2026-10-03T03:35:21Z,6273V26949C1,26949,C1,3,14230,14223,2026-10-03T00:01:45,14223,14202,E,43.45403,-3.8277466,62,False,,1
2026-10-03T03:35:21Z,6273V71185C2,71185,C2,1,05605,05604,2026-10-03T00:01:42,14223,05637,55.0,43.4471,-3.8755975,62,False,,2
2026-10-03T03:35:21Z,2073V70237C4,70237,C4,-1435,15410,15410,2026-10-03T00:00:00,15410,16403,A,43.537647,-5.67596,20,False,12,12
2026-10-03T03:35:21Z,2073V22132C1,22132,C1,3,15212,15217,2026-10-03T00:02:00,15218,15410,A,43.38812,-5.8272715,20,False,2,2
2026-10-03T03:35:21Z,2073V22139C1,22139,C1,3,15203,15206,2026-10-03T00:04:00,15211,15122,A,43.27709,-5.812221,20,False,1,1
2026-10-03T03:35:21Z,2073V22358C3,22358,C3,-1434,15218,15218,2026-10-03T00:07:00,15218,16405,S,43.3588,-5.8573804,20,False,2,2
2026-10-03T03:35:21Z,4173V24722C1,24722,C1,31,62103,62104,2026-10-03T00:08:00,60911,78800,E,38.272114,-0.69527435,41,False,1,1
2026-10-03T03:35:21Z,4173V84931C2,84931,C2,87,61200,06002,2026-10-03T00:34:00,06006,61200,E,37.97462,-1.1315287,41,False,1,2
2026-10-03T03:35:21Z,4173V24723C1,24723,C1,-1419,61200,61200,2026-10-03T00:19:00,61200,60911,S,37.974686,-1.131078,41,False,1,1
2026-10-03T03:45:00Z,3073V23578C1,23578,C1,-1442,51003,51003,2026-10-03T00:39:50,51003,50600,A,37.392567,-5.9749837,30,False,,
2026-10-03T03:45:00Z,3073V23743C5,23743,C5,-1442,51003,51003,2026-10-03T00:38:38,51003,43005,A,37.392567,-5.9749837,30,False,9,9
2026-10-03T03:45:00Z,3073V23841C5,23841,C5,-1,43004,43005,2026-10-03T00:03:15,43005,51113,E,37.381527,-6.193782,30,False,,3
2026-10-03T03:45:00Z,3073V23581C1,23581,C1,1,51103,51111,2026-10-03T00:04:00,51003,51200,18.0,37.289146,-5.935499,30,False,1,1
2026-10-03T03:45:00Z,3173V23455T1,23455,T1,2,51451,51450,2026-10-03T00:01:00,51450,51405,A,36.40869,-6.1343336,31,False,1,1
2026-10-03T03:45:00Z,3173V23456T1,23456,T1,-1433,51405,51405,2026-10-03T00:01:00,51405,51450,A,36.529045,-6.2877955,31,False,5,5
2026-10-03T03:45:00Z,3273V23400C1,23400,C1,2,54503,54501,2026-10-03T00:00:36,54517,54516,E,36.69222,-4.48376,32,False,,2
2026-10-03T03:45:00Z,3273V23402C1,23402,C1,2,54512,54511,2026-10-03T00:03:41,54517,54516,A,36.59906,-4.536344,32,False,2,1
2026-10-03T03:45:00Z,3273V23405C1,23405,C1,3,54519,54510,2026-10-03T00:00:08,54516,54517,88.0,36.610325,-4.514658,32,False,,1
2026-10-03T03:45:00Z,4073V24270C1,24270,C1,34,64202,64203,2026-10-03T00:00:53,65000,69110,67.0,39.417984,-0.3931324,40,False,,2
2026-10-03T03:45:00Z,4073V24366C6,24366,C6,22,65208,65209,2026-10-03T00:03:05,65300,65000,20.0,39.93293,-0.09658491,40,False,4,
2026-10-03T03:45:00Z,4073V24099C2,24099,C2,50,64103,64102,2026-10-03T00:03:37,64100,65000,A,39.083164,-0.46941403,40,False,1,1
2026-10-03T03:45:00Z,4073V24281C1,24281,C1,36,69104,69105,2026-10-03T00:08:25,69110,65000,5.0,39.177853,-0.26344925,40,False,2,1
2026-10-03T03:45:00Z,5173V25795R1,25795,R1,-1,79403,79404,2026-10-03T00:03:17,79500,72305,A,41.445705,2.2490852,50,True,,1
2026-10-03T03:45:00Z,5173V77468R4,77468,R4,-1432,78700,78700,2026-10-03T00:28:19,78700,71600,A,41.56993,2.0143688,50,True,,
2026-10-03T03:45:00Z,5173V77768R4,77768,R4,2,72305,72303,2026-10-03T00:01:40,72209,78700,E,41.36431,2.1008937,50,True,,
2026-10-03T03:45:00Z,5173V25567R2S,25567,R2S,-1434,71600,71600,2026-10-03T00:17:35,71600,79400,A,41.18592,1.5248429,50,False,,
2026-10-03T03:45:00Z,5173V28393R2S,28393,R2S,7,79400,71802,2026-10-03T00:05:41,71700,79400,42.0,41.397396,2.1879463,50,False,,
2026-10-03T03:45:00Z,5173V15023R15,15023,R15,44,71500,71401,2026-10-03T00:05:41,71400,79400,27.0,41.110836,1.2259281,50,False,,
2026-10-03T03:45:00Z,5173V77766R4,77766,R4,4,72210,72209,2026-10-03T00:04:28,72209,78600,23.0,41.476357,1.9582051,50,True,,
2026-10-03T03:45:00Z,5173V28490R2,28490,R2,0,71705,71704,2026-10-03T00:02:21,71700,79104,18.0,41.278534,1.9790753,50,True,,
2026-10-03T03:45:00Z,5173V77464R4,77464,R4,2,78600,78600,2026-10-02T23:59:04,78600,71600,E,41.72026,1.826487,50,True,4,4
2026-10-03T03:45:00Z,5173V25693R1,25693,R1,-1438,79606,79606,2026-10-03T00:23:31,79606,72305,A,41.673496,2.769029,50,True,,
2026-10-03T03:45:00Z,6073V71550C4,71550,C4,6,05481,05483,2026-10-03T00:01:44,05485,05451,E,43.20345,-3.1704924,60,False,,1
2026-10-03T03:45:00Z,6073V35681C3,35681,C3,0,13114,13119,2026-10-03T00:00:14,13200,13100,E,43.24241,-2.9163692,60,False,,1
2026-10-03T03:45:00Z,6073V71553C4,71553,C4,12,05457,05455,2026-10-02T23:59:24,05451,05485,S,43.27407,-2.9740336,60,False,,1
2026-10-03T03:45:00Z,6173V35654C1,35654,C1,3,11408,11407,2026-10-03T00:05:45,11400,11508,E,43.093952,-2.1255136,61,False,,2
2026-10-03T03:45:00Z,6273V26949C1,26949,C1,3,14230,14223,2026-10-03T00:01:45,14223,14202,E,43.45403,-3.8277466,62,False,,1
2026-10-03T03:45:00Z,6273V71185C2,71185,C2,1,05605,05604,2026-10-03T00:01:42,14223,05637,55.0,43.4471,-3.8755975,62,False,,2
2026-10-03T03:45:00Z,2073V70237C4,70237,C4,-1435,15410,15410,2026-10-03T00:00:00,15410,16403,A,43.537647,-5.67596,20,False,12,12
2026-10-03T03:45:00Z,2073V22132C1,22132,C1,3,15212,15217,2026-10-03T00:02:00,15218,15410,A,43.38812,-5.8272715,20,False,2,2
2026-10-03T03:45:00Z,2073V22139C1,22139,C1,3,15203,15206,2026-10-03T00:04:00,15211,15122,A,43.27709,-5.812221,20,False,1,1
2026-10-03T03:45:00Z,2073V22358C3,22358,C3,-1434,15218,15218,2026-10-03T00:07:00,15218,16405,S,43.3588,-5.8573804,20,False,2,2
2026-10-03T03:45:00Z,4173V24722C1,24722,C1,31,62103,62104,2026-10-03T00:08:00,60911,78800,E,38.272114,-0.69527435,41,False,1,1
2026-10-03T03:45:00Z,4173V84931C2,84931,C2,87,61200,06002,2026-10-03T00:34:00,06006,61200,E,37.97462,-1.1315287,41,False,1,2
2026-10-03T03:45:00Z,4173V24723C1,24723,C1,-1419,61200,61200,2026-10-03T00:19:00,61200,60911,S,37.974686,-1.131078,41,False,1,1
2026-10-03T03:49:59Z,3073V23578C1,23578,C1,-1442,51003,51003,2026-10-03T00:39:50,51003,50600,A,37.392567,-5.9749837,30,False,,
2026-10-03T03:49:59Z,3073V23743C5,23743,C5,-1442,51003,51003,2026-10-03T00:38:38,51003,43005,A,37.392567,-5.9749837,30,False,9,9
2026-10-03T03:49:59Z,3073V23841C5,23841,C5,-1,43004,43005,2026-10-03T00:03:15,43005,51113,E,37.381527,-6.193782,30,False,,3
2026-10-03T03:49:59Z,3073V23581C1,23581,C1,1,51103,51111,2026-10-03T00:04:00,51003,51200,18.0,37.289146,-5.935499,30,False,1,1
2026-10-03T03:49:59Z,3173V23455T1,23455,T1,2,51451,51450,2026-10-03T00:01:00,51450,51405,A,36.40869,-6.1343336,31,False,1,1
2026-10-03T03:49:59Z,3173V23456T1,23456,T1,-1433,51405,51405,2026-10-03T00:01:00,51405,51450,A,36.529045,-6.2877955,31,False,5,5
2026-10-03T03:49:59Z,3273V23400C1,23400,C1,2,54503,54501,2026-10-03T00:00:36,54517,54516,E,36.69222,-4.48376,32,False,,2
2026-10-03T03:49:59Z,3273V23402C1,23402,C1,2,54512,54511,2026-10-03T00:03:41,54517,54516,A,36.59906,-4.536344,32,False,2,1
2026-10-03T03:49:59Z,3273V23405C1,23405,C1,3,54519,54510,2026-10-03T00:00:08,54516,54517,88.0,36.610325,-4.514658,32,False,,1
2026-10-03T03:49:59Z,4073V24270C1,24270,C1,34,64202,64203,2026-10-03T00:00:53,65000,69110,67.0,39.417984,-0.3931324,40,False,,2
2026-10-03T03:49:59Z,4073V24366C6,24366,C6,22,65208,65209,2026-10-03T00:03:05,65300,65000,20.0,39.93293,-0.09658491,40,False,4,
2026-10-03T03:49:59Z,4073V24099C2,24099,C2,50,64103,64102,2026-10-03T00:03:37,64100,65000,A,39.083164,-0.46941403,40,False,1,1
2026-10-03T03:49:59Z,4073V24281C1,24281,C1,36,69104,69105,2026-10-03T00:08:25,69110,65000,5.0,39.177853,-0.26344925,40,False,2,1
2026-10-03T03:49:59Z,5173V25795R1,25795,R1,-1,79403,79404,2026-10-03T00:03:17,79500,72305,A,41.445705,2.2490852,50,True,,1
2026-10-03T03:49:59Z,5173V77468R4,77468,R4,-1432,78700,78700,2026-10-03T00:28:19,78700,71600,A,41.56993,2.0143688,50,True,,
2026-10-03T03:49:59Z,5173V77768R4,77768,R4,2,72305,72303,2026-10-03T00:01:40,72209,78700,E,41.36431,2.1008937,50,True,,
2026-10-03T03:49:59Z,5173V25567R2S,25567,R2S,-1434,71600,71600,2026-10-03T00:17:35,71600,79400,A,41.18592,1.5248429,50,False,,
2026-10-03T03:49:59Z,5173V28393R2S,28393,R2S,7,79400,71802,2026-10-03T00:05:41,71700,79400,42.0,41.397396,2.1879463,50,False,,
2026-10-03T03:49:59Z,5173V15023R15,15023,R15,44,71500,71401,2026-10-03T00:05:41,71400,79400,27.0,41.110836,1.2259281,50,False,,
2026-10-03T03:49:59Z,5173V77766R4,77766,R4,4,72210,72209,2026-10-03T00:04:28,72209,78600,23.0,41.476357,1.9582051,50,True,,
2026-10-03T03:49:59Z,5173V28490R2,28490,R2,0,71705,71704,2026-10-03T00:02:21,71700,79104,18.0,41.278534,1.9790753,50,True,,
2026-10-03T03:49:59Z,5173V77464R4,77464,R4,2,78600,78600,2026-10-02T23:59:04,78600,71600,E,41.72026,1.826487,50,True,4,4
2026-10-03T03:49:59Z,5173V25693R1,25693,R1,-1438,79606,79606,2026-10-03T00:23:31,79606,72305,A,41.673496,2.769029,50,True,,
2026-10-03T03:49:59Z,6073V71550C4,71550,C4,6,05481,05483,2026-10-03T00:01:44,05485,05451,E,43.20345,-3.1704924,60,False,,1
2026-10-03T03:49:59Z,6073V35681C3,35681,C3,0,13114,13119,2026-10-03T00:00:14,13200,13100,E,43.24241,-2.9163692,60,False,,1
2026-10-03T03:49:59Z,6073V71553C4,71553,C4,12,05457,05455,2026-10-02T23:59:24,05451,05485,S,43.27407,-2.9740336,60,False,,1
2026-10-03T03:49:59Z,6173V35654C1,35654,C1,3,11408,11407,2026-10-03T00:05:45,11400,11508,E,43.093952,-2.1255136,61,False,,2
2026-10-03T03:49:59Z,6273V26949C1,26949,C1,3,14230,14223,2026-10-03T00:01:45,14223,14202,E,43.45403,-3.8277466,62,False,,1
2026-10-03T03:49:59Z,6273V71185C2,71185,C2,1,05605,05604,2026-10-03T00:01:42,14223,05637,55.0,43.4471,-3.8755975,62,False,,2
2026-10-03T03:49:59Z,2073V70237C4,70237,C4,-1435,15410,15410,2026-10-03T00:00:00,15410,16403,A,43.537647,-5.67596,20,False,12,12
2026-10-03T03:49:59Z,2073V22132C1,22132,C1,3,15212,15217,2026-10-03T00:02:00,15218,15410,A,43.38812,-5.8272715,20,False,2,2
2026-10-03T03:49:59Z,2073V22139C1,22139,C1,3,15203,15206,2026-10-03T00:04:00,15211,15122,A,43.27709,-5.812221,20,False,1,1
2026-10-03T03:49:59Z,2073V22358C3,22358,C3,-1434,15218,15218,2026-10-03T00:07:00,15218,16405,S,43.3588,-5.8573804,20,False,2,2
2026-10-03T03:49:59Z,4173V24722C1,24722,C1,31,62103,62104,2026-10-03T00:08:00,60911,78800,E,38.272114,-0.69527435,41,False,1,1
2026-10-03T03:49:59Z,4173V84931C2,84931,C2,87,61200,06002,2026-10-03T00:34:00,06006,61200,E,37.97462,-1.1315287,41,False,1,2
2026-10-03T03:49:59Z,4173V24723C1,24723,C1,-1419,61200,61200,2026-10-03T00:19:00,61200,60911,S,37.974686,-1.131078,41,False,1,1
2026-10-03T03:54:58Z,3073V23578C1,23578,C1,-1442,51003,51003,2026-10-03T00:39:50,51003,50600,A,37.392567,-5.9749837,30,False,,
2026-10-03T03:54:58Z,3073V23743C5,23743,C5,-1442,51003,51003,2026-10-03T00:38:38,51003,43005,A,37.392567,-5.9749837,30,False,9,9
2026-10-03T03:54:58Z,3073V23841C5,23841,C5,-1,43004,43005,2026-10-03T00:03:15,43005,51113,E,37.381527,-6.193782,30,False,,3
2026-10-03T03:54:58Z,3073V23581C1,23581,C1,1,51103,51111,2026-10-03T00:04:00,51003,51200,18.0,37.289146,-5.935499,30,False,1,1
2026-10-03T03:54:58Z,3173V23455T1,23455,T1,2,51451,51450,2026-10-03T00:01:00,51450,51405,A,36.40869,-6.1343336,31,False,1,1
2026-10-03T03:54:58Z,3173V23456T1,23456,T1,-1433,51405,51405,2026-10-03T00:01:00,51405,51450,A,36.529045,-6.2877955,31,False,5,5
2026-10-03T03:54:58Z,3273V23400C1,23400,C1,2,54503,54501,2026-10-03T00:00:36,54517,54516,E,36.69222,-4.48376,32,False,,2
2026-10-03T03:54:58Z,3273V23402C1,23402,C1,2,54512,54511,2026-10-03T00:03:41,54517,54516,A,36.59906,-4.536344,32,False,2,1
2026-10-03T03:54:58Z,3273V23405C1,23405,C1,3,54519,54510,2026-10-03T00:00:08,54516,54517,88.0,36.610325,-4.514658,32,False,,1
2026-10-03T03:54:58Z,4073V24270C1,24270,C1,34,64202,64203,2026-10-03T00:00:53,65000,69110,67.0,39.417984,-0.3931324,40,False,,2
2026-10-03T03:54:58Z,4073V24366C6,24366,C6,22,65208,65209,2026-10-03T00:03:05,65300,65000,20.0,39.93293,-0.09658491,40,False,4,
2026-10-03T03:54:58Z,4073V24099C2,24099,C2,50,64103,64102,2026-10-03T00:03:37,64100,65000,A,39.083164,-0.46941403,40,False,1,1
2026-10-03T03:54:58Z,4073V24281C1,24281,C1,36,69104,69105,2026-10-03T00:08:25,69110,65000,5.0,39.177853,-0.26344925,40,False,2,1
2026-10-03T03:54:58Z,5173V25795R1,25795,R1,-1,79403,79404,2026-10-03T00:03:17,79500,72305,A,41.445705,2.2490852,50,True,,1
2026-10-03T03:54:58Z,5173V77468R4,77468,R4,-1432,78700,78700,2026-10-03T00:28:19,78700,71600,A,41.56993,2.0143688,50,True,,
2026-10-03T03:54:58Z,5173V77768R4,77768,R4,2,72305,72303,2026-10-03T00:01:40,72209,78700,E,41.36431,2.1008937,50,True,,
2026-10-03T03:54:58Z,5173V25567R2S,25567,R2S,-1434,71600,71600,2026-10-03T00:17:35,71600,79400,A,41.18592,1.5248429,50,False,,
2026-10-03T03:54:58Z,5173V28393R2S,28393,R2S,7,79400,71802,2026-10-03T00:05:41,71700,79400,42.0,41.397396,2.1879463,50,False,,
2026-10-03T03:54:58Z,5173V15023R15,15023,R15,44,71500,71401,2026-10-03T00:05:41,71400,79400,27.0,41.110836,1.2259281,50,False,,
2026-10-03T03:54:58Z,5173V77766R4,77766,R4,4,72210,72209,2026-10-03T00:04:28,72209,78600,23.0,41.476357,1.9582051,50,True,,
2026-10-03T03:54:58Z,5173V28490R2,28490,R2,0,71705,71704,2026-10-03T00:02:21,71700,79104,18.0,41.278534,1.9790753,50,True,,
2026-10-03T03:54:58Z,5173V77464R4,77464,R4,2,78600,78600,2026-10-02T23:59:04,78600,71600,E,41.72026,1.826487,50,True,4,4
2026-10-03T03:54:58Z,5173V25693R1,25693,R1,-1438,79606,79606,2026-10-03T00:23:31,79606,72305,A,41.673496,2.769029,50,True,,
2026-10-03T03:54:58Z,6073V71550C4,71550,C4,6,05481,05483,2026-10-03T00:01:44,05485,05451,E,43.20345,-3.1704924,60,False,,1
2026-10-03T03:54:58Z,6073V35681C3,35681,C3,0,13114,13119,2026-10-03T00:00:14,13200,13100,E,43.24241,-2.9163692,60,False,,1
2026-10-03T03:54:58Z,6073V71553C4,71553,C4,12,05457,05455,2026-10-02T23:59:24,05451,05485,S,43.27407,-2.9740336,60,False,,1
2026-10-03T03:54:58Z,6173V35654C1,35654,C1,3,11408,11407,2026-10-03T00:05:45,11400,11508,E,43.093952,-2.1255136,61,False,,2
2026-10-03T03:54:58Z,6273V26949C1,26949,C1,3,14230,14223,2026-10-03T00:01:45,14223,14202,E,43.45403,-3.8277466,62,False,,1
2026-10-03T03:54:58Z,6273V71185C2,71185,C2,1,05605,05604,2026-10-03T00:01:42,14223,05637,55.0,43.4471,-3.8755975,62,False,,2
2026-10-03T03:54:58Z,2073V70237C4,70237,C4,-1435,15410,15410,2026-10-03T00:00:00,15410,16403,A,43.537647,-5.67596,20,False,12,12
2026-10-03T03:54:58Z,2073V22132C1,22132,C1,3,15212,15217,2026-10-03T00:02:00,15218,15410,A,43.38812,-5.8272715,20,False,2,2
2026-10-03T03:54:58Z,2073V22139C1,22139,C1,3,15203,15206,2026-10-03T00:04:00,15211,15122,A,43.27709,-5.812221,20,False,1,1
2026-10-03T03:54:58Z,2073V22358C3,22358,C3,-1434,15218,15218,2026-10-03T00:07:00,15218,16405,S,43.3588,-5.8573804,20,False,2,2
2026-10-03T03:54:58Z,4173V24722C1,24722,C1,31,62103,62104,2026-10-03T00:08:00,60911,78800,E,38.272114,-0.69527435,41,False,1,1
2026-10-03T03:54:58Z,4173V84931C2,84931,C2,87,61200,06002,2026-10-03T00:34:00,06006,61200,E,37.97462,-1.1315287,41,False,1,2
2026-10-03T03:54:58Z,4173V24723C1,24723,C1,-1419,61200,61200,2026-10-03T00:19:00,61200,60911,S,37.974686,-1.131078,41,False,1,1
2026-10-03T04:00:33Z,3073V23578C1,23578,C1,-1442,51003,51003,2026-10-03T00:39:50,51003,50600,A,37.392567,-5.9749837,30,False,,
2026-10-03T04:00:33Z,3073V23743C5,23743,C5,-1442,51003,51003,2026-10-03T00:38:38,51003,43005,A,37.392567,-5.9749837,30,False,9,9
2026-10-03T04:00:33Z,3073V23841C5,23841,C5,-1,43004,43005,2026-10-03T00:03:15,43005,51113,E,37.381527,-6.193782,30,False,,3
2026-10-03T04:00:33Z,3073V23581C1,23581,C1,1,51103,51111,2026-10-03T00:04:00,51003,51200,18.0,37.289146,-5.935499,30,False,1,1
2026-10-03T04:00:33Z,3173V23455T1,23455,T1,2,51451,51450,2026-10-03T00:01:00,51450,51405,A,36.40869,-6.1343336,31,False,1,1
2026-10-03T04:00:33Z,3173V23456T1,23456,T1,-1433,51405,51405,2026-10-03T00:01:00,51405,51450,A,36.529045,-6.2877955,31,False,5,5
2026-10-03T04:00:33Z,3273V23400C1,23400,C1,2,54503,54501,2026-10-03T00:00:36,54517,54516,E,36.69222,-4.48376,32,False,,2
2026-10-03T04:00:33Z,3273V23402C1,23402,C1,2,54512,54511,2026-10-03T00:03:41,54517,54516,A,36.59906,-4.536344,32,False,2,1
2026-10-03T04:00:33Z,3273V23405C1,23405,C1,3,54519,54510,2026-10-03T00:00:08,54516,54517,88.0,36.610325,-4.514658,32,False,,1
2026-10-03T04:00:33Z,4073V24270C1,24270,C1,34,64202,64203,2026-10-03T00:00:53,65000,69110,67.0,39.417984,-0.3931324,40,False,,2
2026-10-03T04:00:33Z,4073V24366C6,24366,C6,22,65208,65209,2026-10-03T00:03:05,65300,65000,20.0,39.93293,-0.09658491,40,False,4,
2026-10-03T04:00:33Z,4073V24099C2,24099,C2,50,64103,64102,2026-10-03T00:03:37,64100,65000,A,39.083164,-0.46941403,40,False,1,1
2026-10-03T04:00:33Z,4073V24281C1,24281,C1,36,69104,69105,2026-10-03T00:08:25,69110,65000,5.0,39.177853,-0.26344925,40,False,2,1
2026-10-03T04:00:33Z,5173V25795R1,25795,R1,-1,79403,79404,2026-10-03T00:03:17,79500,72305,A,41.445705,2.2490852,50,True,,1
2026-10-03T04:00:33Z,5173V77468R4,77468,R4,-1432,78700,78700,2026-10-03T00:28:19,78700,71600,A,41.56993,2.0143688,50,True,,
2026-10-03T04:00:33Z,5173V77768R4,77768,R4,2,72305,72303,2026-10-03T00:01:40,72209,78700,E,41.36431,2.1008937,50,True,,
2026-10-03T04:00:33Z,5173V25567R2S,25567,R2S,-1434,71600,71600,2026-10-03T00:17:35,71600,79400,A,41.18592,1.5248429,50,False,,
2026-10-03T04:00:33Z,5173V28393R2S,28393,R2S,7,79400,71802,2026-10-03T00:05:41,71700,79400,42.0,41.397396,2.1879463,50,False,,
2026-10-03T04:00:33Z,5173V15023R15,15023,R15,44,71500,71401,2026-10-03T00:05:41,71400,79400,27.0,41.110836,1.2259281,50,False,,
2026-10-03T04:00:33Z,5173V77766R4,77766,R4,4,72210,72209,2026-10-03T00:04:28,72209,78600,23.0,41.476357,1.9582051,50,True,,
2026-10-03T04:00:33Z,5173V28490R2,28490,R2,0,71705,71704,2026-10-03T00:02:21,71700,79104,18.0,41.278534,1.9790753,50,True,,
2026-10-03T04:00:33Z,5173V77464R4,77464,R4,2,78600,78600,2026-10-02T23:59:04,78600,71600,E,41.72026,1.826487,50,True,4,4
2026-10-03T04:00:33Z,5173V25693R1,25693,R1,-1438,79606,79606,2026-10-03T00:23:31,79606,72305,A,41.673496,2.769029,50,True,,
2026-10-03T04:00:33Z,6073V71550C4,71550,C4,6,05481,05483,2026-10-03T00:01:44,05485,05451,E,43.20345,-3.1704924,60,False,,1
2026-10-03T04:00:33Z,6073V35681C3,35681,C3,0,13114,13119,2026-10-03T00:00:14,13200,13100,E,43.24241,-2.9163692,60,False,,1
2026-10-03T04:00:33Z,6073V71553C4,71553,C4,12,05457,05455,2026-10-02T23:59:24,05451,05485,S,43.27407,-2.9740336,60,False,,1
2026-10-03T04:00:33Z,6173V35654C1,35654,C1,3,11408,11407,2026-10-03T00:05:45,11400,11508,E,43.093952,-2.1255136,61,False,,2
2026-10-03T04:00:33Z,6273V26949C1,26949,C1,3,14230,14223,2026-10-03T00:01:45,14223,14202,E,43.45403,-3.8277466,62,False,,1
2026-10-03T04:00:33Z,6273V71185C2,71185,C2,1,05605,05604,2026-10-03T00:01:42,14223,05637,55.0,43.4471,-3.8755975,62,False,,2
2026-10-03T04:00:33Z,2073V70237C4,70237,C4,-1435,15410,15410,2026-10-03T00:00:00,15410,16403,A,43.537647,-5.67596,20,False,12,12
2026-10-03T04:00:33Z,2073V22132C1,22132,C1,3,15212,15217,2026-10-03T00:02:00,15218,15410,A,43.38812,-5.8272715,20,False,2,2
2026-10-03T04:00:33Z,2073V22139C1,22139,C1,3,15203,15206,2026-10-03T00:04:00,15211,15122,A,43.27709,-5.812221,20,False,1,1
2026-10-03T04:00:33Z,2073V22358C3,22358,C3,-1434,15218,15218,2026-10-03T00:07:00,15218,16405,S,43.3588,-5.8573804,20,False,2,2
2026-10-03T04:00:33Z,4173V24722C1,24722,C1,31,62103,62104,2026-10-03T00:08:00,60911,78800,E,38.272114,-0.69527435,41,False,1,1
2026-10-03T04:00:33Z,4173V84931C2,84931,C2,87,61200,06002,2026-10-03T00:34:00,06006,61200,E,37.97462,-1.1315287,41,False,1,2
2026-10-03T04:00:33Z,4173V24723C1,24723,C1,-1419,61200,61200,2026-10-03T00:19:00,61200,60911,S,37.974686,-1.131078,41,False,1,1
2026-10-03T04:05:26Z,3073V23578C1,23578,C1,-1442,51003,51003,2026-10-03T00:39:50,51003,50600,A,37.392567,-5.9749837,30,False,,
2026-10-03T04:05:26Z,3073V23743C5,23743,C5,-1442,51003,51003,2026-10-03T00:38:38,51003,43005,A,37.392567,-5.9749837,30,False,9,9
2026-10-03T04:05:26Z,3073V23841C5,23841,C5,-1,43004,43005,2026-10-03T00:03:15,43005,51113,E,37.381527,-6.193782,30,False,,3
2026-10-03T04:05:26Z,3073V23581C1,23581,C1,1,51103,51111,2026-10-03T00:04:00,51003,51200,18.0,37.289146,-5.935499,30,False,1,1
2026-10-03T04:05:26Z,3173V23455T1,23455,T1,2,51451,51450,2026-10-03T00:01:00,51450,51405,A,36.40869,-6.1343336,31,False,1,1
2026-10-03T04:05:26Z,3173V23456T1,23456,T1,-1433,51405,51405,2026-10-03T00:01:00,51405,51450,A,36.529045,-6.2877955,31,False,5,5
2026-10-03T04:05:26Z,3273V23400C1,23400,C1,2,54503,54501,2026-10-03T00:00:36,54517,54516,E,36.69222,-4.48376,32,False,,2
2026-10-03T04:05:26Z,3273V23402C1,23402,C1,2,54512,54511,2026-10-03T00:03:41,54517,54516,A,36.59906,-4.536344,32,False,2,1
2026-10-03T04:05:26Z,3273V23405C1,23405,C1,3,54519,54510,2026-10-03T00:00:08,54516,54517,88.0,36.610325,-4.514658,32,False,,1
2026-10-03T04:05:26Z,4073V24270C1,24270,C1,34,64202,64203,2026-10-03T00:00:53,65000,69110,67.0,39.417984,-0.3931324,40,False,,2
2026-10-03T04:05:26Z,4073V24366C6,24366,C6,22,65208,65209,2026-10-03T00:03:05,65300,65000,20.0,39.93293,-0.09658491,40,False,4,
2026-10-03T04:05:26Z,4073V24099C2,24099,C2,50,64103,64102,2026-10-03T00:03:37,64100,65000,A,39.083164,-0.46941403,40,False,1,1
2026-10-03T04:05:26Z,4073V24281C1,24281,C1,36,69104,69105,2026-10-03T00:08:25,69110,65000,5.0,39.177853,-0.26344925,40,False,2,1
2026-10-03T04:05:26Z,5173V25795R1,25795,R1,-1,79403,79404,2026-10-03T00:03:17,79500,72305,A,41.445705,2.2490852,50,True,,1
2026-10-03T04:05:26Z,5173V77468R4,77468,R4,-1432,78700,78700,2026-10-03T00:28:19,78700,71600,A,41.56993,2.0143688,50,True,,
2026-10-03T04:05:26Z,5173V77768R4,77768,R4,2,72305,72303,2026-10-03T00:01:40,72209,78700,E,41.36431,2.1008937,50,True,,
2026-10-03T04:05:26Z,5173V25567R2S,25567,R2S,-1434,71600,71600,2026-10-03T00:17:35,71600,79400,A,41.18592,1.5248429,50,False,,
2026-10-03T04:05:26Z,5173V28393R2S,28393,R2S,7,79400,71802,2026-10-03T00:05:41,71700,79400,42.0,41.397396,2.1879463,50,False,,
2026-10-03T04:05:26Z,5173V15023R15,15023,R15,44,71500,71401,2026-10-03T00:05:41,71400,79400,27.0,41.110836,1.2259281,50,False,,
2026-10-03T04:05:26Z,5173V77766R4,77766,R4,4,72210,72209,2026-10-03T00:04:28,72209,78600,23.0,41.476357,1.9582051,50,True,,
2026-10-03T04:05:26Z,5173V28490R2,28490,R2,0,71705,71704,2026-10-03T00:02:21,71700,79104,18.0,41.278534,1.9790753,50,True,,
2026-10-03T04:05:26Z,5173V77464R4,77464,R4,2,78600,78600,2026-10-02T23:59:04,78600,71600,E,41.72026,1.826487,50,True,4,4
2026-10-03T04:05:26Z,5173V25693R1,25693,R1,-1438,79606,79606,2026-10-03T00:23:31,79606,72305,A,41.673496,2.769029,50,True,,
2026-10-03T04:05:26Z,6073V71550C4,71550,C4,6,05481,05483,2026-10-03T00:01:44,05485,05451,E,43.20345,-3.1704924,60,False,,1
2026-10-03T04:05:26Z,6073V35681C3,35681,C3,0,13114,13119,2026-10-03T00:00:14,13200,13100,E,43.24241,-2.9163692,60,False,,1
2026-10-03T04:05:26Z,6073V71553C4,71553,C4,12,05457,05455,2026-10-02T23:59:24,05451,05485,S,43.27407,-2.9740336,60,False,,1
2026-10-03T04:05:26Z,6173V35654C1,35654,C1,3,11408,11407,2026-10-03T00:05:45,11400,11508,E,43.093952,-2.1255136,61,False,,2
2026-10-03T04:05:26Z,6273V26949C1,26949,C1,3,14230,14223,2026-10-03T00:01:45,14223,14202,E,43.45403,-3.8277466,62,False,,1
2026-10-03T04:05:26Z,6273V71185C2,71185,C2,1,05605,05604,2026-10-03T00:01:42,14223,05637,55.0,43.4471,-3.8755975,62,False,,2
2026-10-03T04:05:26Z,2073V70237C4,70237,C4,-1435,15410,15410,2026-10-03T00:00:00,15410,16403,A,43.537647,-5.67596,20,False,12,12
2026-10-03T04:05:26Z,2073V22132C1,22132,C1,3,15212,15217,2026-10-03T00:02:00,15218,15410,A,43.38812,-5.8272715,20,False,2,2
2026-10-03T04:05:26Z,2073V22139C1,22139,C1,3,15203,15206,2026-10-03T00:04:00,15211,15122,A,43.27709,-5.812221,20,False,1,1
2026-10-03T04:05:26Z,2073V22358C3,22358,C3,-1434,15218,15218,2026-10-03T00:07:00,15218,16405,S,43.3588,-5.8573804,20,False,2,2
2026-10-03T04:05:26Z,4173V24722C1,24722,C1,31,62103,62104,2026-10-03T00:08:00,60911,78800,E,38.272114,-0.69527435,41,False,1,1
2026-10-03T04:05:26Z,4173V84931C2,84931,C2,87,61200,06002,2026-10-03T00:34:00,06006,61200,E,37.97462,-1.1315287,41,False,1,2
2026-10-03T04:05:26Z,4173V24723C1,24723,C1,-1419,61200,61200,2026-10-03T00:19:00,61200,60911,S,37.974686,-1.131078,41,False,1,1
2026-10-03T04:15:02Z,3073V23578C1,23578,C1,-1442,51003,51003,2026-10-03T00:39:50,51003,50600,A,37.392567,-5.9749837,30,False,,
2026-10-03T04:15:02Z,3073V23743C5,23743,C5,-1442,51003,51003,2026-10-03T00:38:38,51003,43005,A,37.392567,-5.9749837,30,False,9,9
2026-10-03T04:15:02Z,3073V23841C5,23841,C5,-1,43004,43005,2026-10-03T00:03:15,43005,51113,E,37.381527,-6.193782,30,False,,3
2026-10-03T04:15:02Z,3073V23581C1,23581,C1,1,51103,51111,2026-10-03T00:04:00,51003,51200,18.0,37.289146,-5.935499,30,False,1,1
2026-10-03T04:15:02Z,3173V23455T1,23455,T1,2,51451,51450,2026-10-03T00:01:00,51450,51405,A,36.40869,-6.1343336,31,False,1,1
2026-10-03T04:15:02Z,3173V23456T1,23456,T1,-1433,51405,51405,2026-10-03T00:01:00,51405,51450,A,36.529045,-6.2877955,31,False,5,5
2026-10-03T04:15:02Z,3273V23400C1,23400,C1,2,54503,54501,2026-10-03T00:00:36,54517,54516,E,36.69222,-4.48376,32,False,,2
2026-10-03T04:15:02Z,3273V23402C1,23402,C1,2,54512,54511,2026-10-03T00:03:41,54517,54516,A,36.59906,-4.536344,32,False,2,1
2026-10-03T04:15:02Z,3273V23405C1,23405,C1,3,54519,54510,2026-10-03T00:00:08,54516,54517,88.0,36.610325,-4.514658,32,False,,1
2026-10-03T04:15:02Z,4073V24270C1,24270,C1,34,64202,64203,2026-10-03T00:00:53,65000,69110,67.0,39.417984,-0.3931324,40,False,,2
2026-10-03T04:15:02Z,4073V24366C6,24366,C6,22,65208,65209,2026-10-03T00:03:05,65300,65000,20.0,39.93293,-0.09658491,40,False,4,
2026-10-03T04:15:02Z,4073V24099C2,24099,C2,50,64103,64102,2026-10-03T00:03:37,64100,65000,A,39.083164,-0.46941403,40,False,1,1
2026-10-03T04:15:02Z,4073V24281C1,24281,C1,36,69104,69105,2026-10-03T00:08:25,69110,65000,5.0,39.177853,-0.26344925,40,False,2,1
2026-10-03T04:15:02Z,5173V25795R1,25795,R1,-1,79403,79404,2026-10-03T00:03:17,79500,72305,A,41.445705,2.2490852,50,True,,1
2026-10-03T04:15:02Z,5173V77468R4,77468,R4,-1432,78700,78700,2026-10-03T00:28:19,78700,71600,A,41.56993,2.0143688,50,True,,
2026-10-03T04:15:02Z,5173V77768R4,77768,R4,2,72305,72303,2026-10-03T00:01:40,72209,78700,E,41.36431,2.1008937,50,True,,
2026-10-03T04:15:02Z,5173V25567R2S,25567,R2S,-1434,71600,71600,2026-10-03T00:17:35,71600,79400,A,41.18592,1.5248429,50,False,,
2026-10-03T04:15:02Z,5173V28393R2S,28393,R2S,7,79400,71802,2026-10-03T00:05:41,71700,79400,42.0,41.397396,2.1879463,50,False,,
2026-10-03T04:15:02Z,5173V15023R15,15023,R15,44,71500,71401,2026-10-03T00:05:41,71400,79400,27.0,41.110836,1.2259281,50,False,,
2026-10-03T04:15:02Z,5173V77766R4,77766,R4,4,72210,72209,2026-10-03T00:04:28,72209,78600,23.0,41.476357,1.9582051,50,True,,
2026-10-03T04:15:02Z,5173V28490R2,28490,R2,0,71705,71704,2026-10-03T00:02:21,71700,79104,18.0,41.278534,1.9790753,50,True,,
2026-10-03T04:15:02Z,5173V77464R4,77464,R4,2,78600,78600,2026-10-02T23:59:04,78600,71600,E,41.72026,1.826487,50,True,4,4
2026-10-03T04:15:02Z,5173V25693R1,25693,R1,-1438,79606,79606,2026-10-03T00:23:31,79606,72305,A,41.673496,2.769029,50,True,,
2026-10-03T04:15:02Z,6073V71550C4,71550,C4,6,05481,05483,2026-10-03T00:01:44,05485,05451,E,43.20345,-3.1704924,60,False,,1
2026-10-03T04:15:02Z,6073V35681C3,35681,C3,0,13114,13119,2026-10-03T00:00:14,13200,13100,E,43.24241,-2.9163692,60,False,,1
2026-10-03T04:15:02Z,6073V71553C4,71553,C4,12,05457,05455,2026-10-02T23:59:24,05451,05485,S,43.27407,-2.9740336,60,False,,1
2026-10-03T04:15:02Z,6173V35654C1,35654,C1,3,11408,11407,2026-10-03T00:05:45,11400,11508,E,43.093952,-2.1255136,61,False,,2
2026-10-03T04:15:02Z,6273V26949C1,26949,C1,3,14230,14223,2026-10-03T00:01:45,14223,14202,E,43.45403,-3.8277466,62,False,,1
2026-10-03T04:15:02Z,6273V71185C2,71185,C2,1,05605,05604,2026-10-03T00:01:42,14223,05637,55.0,43.4471,-3.8755975,62,False,,2
2026-10-03T04:15:02Z,2073V70237C4,70237,C4,-1435,15410,15410,2026-10-03T00:00:00,15410,16403,A,43.537647,-5.67596,20,False,12,12
2026-10-03T04:15:02Z,2073V22132C1,22132,C1,3,15212,15217,2026-10-03T00:02:00,15218,15410,A,43.38812,-5.8272715,20,False,2,2
2026-10-03T04:15:02Z,2073V22139C1,22139,C1,3,15203,15206,2026-10-03T00:04:00,15211,15122,A,43.27709,-5.812221,20,False,1,1
2026-10-03T04:15:02Z,2073V22358C3,22358,C3,-1434,15218,15218,2026-10-03T00:07:00,15218,16405,S,43.3588,-5.8573804,20,False,2,2
2026-10-03T04:15:02Z,4173V24722C1,24722,C1,31,62103,62104,2026-10-03T00:08:00,60911,78800,E,38.272114,-0.69527435,41,False,1,1
2026-10-03T04:15:02Z,4173V84931C2,84931,C2,87,61200,06002,2026-10-03T00:34:00,06006,61200,E,37.97462,-1.1315287,41,False,1,2
2026-10-03T04:15:02Z,4173V24723C1,24723,C1,-1419,61200,61200,2026-10-03T00:19:00,61200,60911,S,37.974686,-1.131078,41,False,1,1
2026-10-03T04:20:01Z,3073V23578C1,23578,C1,-1442,51003,51003,2026-10-03T00:39:50,51003,50600,A,37.392567,-5.9749837,30,False,,
2026-10-03T04:20:01Z,3073V23743C5,23743,C5,-1442,51003,51003,2026-10-03T00:38:38,51003,43005,A,37.392567,-5.9749837,30,False,9,9
2026-10-03T04:20:01Z,3073V23841C5,23841,C5,-1,43004,43005,2026-10-03T00:03:15,43005,51113,E,37.381527,-6.193782,30,False,,3
2026-10-03T04:20:01Z,3073V23581C1,23581,C1,1,51103,51111,2026-10-03T00:04:00,51003,51200,18.0,37.289146,-5.935499,30,False,1,1
2026-10-03T04:20:01Z,3173V23455T1,23455,T1,2,51451,51450,2026-10-03T00:01:00,51450,51405,A,36.40869,-6.1343336,31,False,1,1
2026-10-03T04:20:01Z,3173V23456T1,23456,T1,-1433,51405,51405,2026-10-03T00:01:00,51405,51450,A,36.529045,-6.2877955,31,False,5,5
2026-10-03T04:20:01Z,3273V23400C1,23400,C1,2,54503,54501,2026-10-03T00:00:36,54517,54516,E,36.69222,-4.48376,32,False,,2
2026-10-03T04:20:01Z,3273V23402C1,23402,C1,2,54512,54511,2026-10-03T00:03:41,54517,54516,A,36.59906,-4.536344,32,False,2,1
2026-10-03T04:20:01Z,3273V23405C1,23405,C1,3,54519,54510,2026-10-03T00:00:08,54516,54517,88.0,36.610325,-4.514658,32,False,,1
2026-10-03T04:20:01Z,4073V24270C1,24270,C1,34,64202,64203,2026-10-03T00:00:53,65000,69110,67.0,39.417984,-0.3931324,40,False,,2
2026-10-03T04:20:01Z,4073V24366C6,24366,C6,22,65208,65209,2026-10-03T00:03:05,65300,65000,20.0,39.93293,-0.09658491,40,False,4,
2026-10-03T04:20:01Z,4073V24099C2,24099,C2,50,64103,64102,2026-10-03T00:03:37,64100,65000,A,39.083164,-0.46941403,40,False,1,1
2026-10-03T04:20:01Z,4073V24281C1,24281,C1,36,69104,69105,2026-10-03T00:08:25,69110,65000,5.0,39.177853,-0.26344925,40,False,2,1
2026-10-03T04:20:01Z,5173V25795R1,25795,R1,-1,79403,79404,2026-10-03T00:03:17,79500,72305,A,41.445705,2.2490852,50,True,,1
2026-10-03T04:20:01Z,5173V77468R4,77468,R4,-1432,78700,78700,2026-10-03T00:28:19,78700,71600,A,41.56993,2.0143688,50,True,,
2026-10-03T04:20:01Z,5173V77768R4,77768,R4,2,72305,72303,2026-10-03T00:01:40,72209,78700,E,41.36431,2.1008937,50,True,,
2026-10-03T04:20:01Z,5173V25567R2S,25567,R2S,-1434,71600,71600,2026-10-03T00:17:35,71600,79400,A,41.18592,1.5248429,50,False,,
2026-10-03T04:20:01Z,5173V28393R2S,28393,R2S,7,79400,71802,2026-10-03T00:05:41,71700,79400,42.0,41.397396,2.1879463,50,False,,
2026-10-03T04:20:01Z,5173V15023R15,15023,R15,44,71500,71401,2026-10-03T00:05:41,71400,79400,27.0,41.110836,1.2259281,50,False,,
2026-10-03T04:20:01Z,5173V77766R4,77766,R4,4,72210,72209,2026-10-03T00:04:28,72209,78600,23.0,41.476357,1.9582051,50,True,,
2026-10-03T04:20:01Z,5173V28490R2,28490,R2,0,71705,71704,2026-10-03T00:02:21,71700,79104,18.0,41.278534,1.9790753,50,True,,
2026-10-03T04:20:01Z,5173V77464R4,77464,R4,2,78600,78600,2026-10-02T23:59:04,78600,71600,E,41.72026,1.826487,50,True,4,4
2026-10-03T04:20:01Z,5173V25693R1,25693,R1,-1438,79606,79606,2026-10-03T00:23:31,79606,72305,A,41.673496,2.769029,50,True,,
2026-10-03T04:20:01Z,6073V71550C4,71550,C4,6,05481,05483,2026-10-03T00:01:44,05485,05451,E,43.20345,-3.1704924,60,False,,1
2026-10-03T04:20:01Z,6073V35681C3,35681,C3,0,13114,13119,2026-10-03T00:00:14,13200,13100,E,43.24241,-2.9163692,60,False,,1
2026-10-03T04:20:01Z,6073V71553C4,71553,C4,12,05457,05455,2026-10-02T23:59:24,05451,05485,S,43.27407,-2.9740336,60,False,,1
2026-10-03T04:20:01Z,6173V35654C1,35654,C1,3,11408,11407,2026-10-03T00:05:45,11400,11508,E,43.093952,-2.1255136,61,False,,2
2026-10-03T04:20:01Z,6273V26949C1,26949,C1,3,14230,14223,2026-10-03T00:01:45,14223,14202,E,43.45403,-3.8277466,62,False,,1
2026-10-03T04:20:01Z,6273V71185C2,71185,C2,1,05605,05604,2026-10-03T00:01:42,14223,05637,55.0,43.4471,-3.8755975,62,False,,2
2026-10-03T04:20:01Z,2073V70237C4,70237,C4,-1435,15410,15410,2026-10-03T00:00:00,15410,16403,A,43.537647,-5.67596,20,False,12,12
2026-10-03T04:20:01Z,2073V22132C1,22132,C1,3,15212,15217,2026-10-03T00:02:00,15218,15410,A,43.38812,-5.8272715,20,False,2,2
2026-10-03T04:20:01Z,2073V22139C1,22139,C1,3,15203,15206,2026-10-03T00:04:00,15211,15122,A,43.27709,-5.812221,20,False,1,1
2026-10-03T04:20:01Z,2073V22358C3,22358,C3,-1434,15218,15218,2026-10-03T00:07:00,15218,16405,S,43.3588,-5.8573804,20,False,2,2
2026-10-03T04:20:01Z,4173V24722C1,24722,C1,31,62103,62104,2026-10-03T00:08:00,60911,78800,E,38.272114,-0.69527435,41,False,1,1
2026-10-03T04:20:01Z,4173V84931C2,84931,C2,87,61200,06002,2026-10-03T00:34:00,06006,61200,E,37.97462,-1.1315287,41,False,1,2
2026-10-03T04:20:01Z,4173V24723C1,24723,C1,-1419,61200,61200,2026-10-03T00:19:00,61200,60911,S,37.974686,-1.131078,41,False,1,1
2026-10-03T04:25:04Z,3073V23578C1,23578,C1,-1442,51003,51003,2026-10-03T00:39:50,51003,50600,A,37.392567,-5.9749837,30,False,,
2026-10-03T04:25:04Z,3073V23743C5,23743,C5,-1442,51003,51003,2026-10-03T00:38:38,51003,43005,A,37.392567,-5.9749837,30,False,9,9
2026-10-03T04:25:04Z,3073V23841C5,23841,C5,-1,43004,43005,2026-10-03T00:03:15,43005,51113,E,37.381527,-6.193782,30,False,,3
2026-10-03T04:25:04Z,3073V23581C1,23581,C1,1,51103,51111,2026-10-03T00:04:00,51003,51200,18.0,37.289146,-5.935499,30,False,1,1
2026-10-03T04:25:04Z,3173V23455T1,23455,T1,2,51451,51450,2026-10-03T00:01:00,51450,51405,A,36.40869,-6.1343336,31,False,1,1
2026-10-03T04:25:04Z,3173V23456T1,23456,T1,-1433,51405,51405,2026-10-03T00:01:00,51405,51450,A,36.529045,-6.2877955,31,False,5,5
2026-10-03T04:25:04Z,3273V23400C1,23400,C1,2,54503,54501,2026-10-03T00:00:36,54517,54516,E,36.69222,-4.48376,32,False,,2
2026-10-03T04:25:04Z,3273V23402C1,23402,C1,2,54512,54511,2026-10-03T00:03:41,54517,54516,A,36.59906,-4.536344,32,False,2,1
2026-10-03T04:25:04Z,3273V23405C1,23405,C1,3,54519,54510,2026-10-03T00:00:08,54516,54517,88.0,36.610325,-4.514658,32,False,,1
2026-10-03T04:25:04Z,4073V24270C1,24270,C1,34,64202,64203,2026-10-03T00:00:53,65000,69110,67.0,39.417984,-0.3931324,40,False,,2
2026-10-03T04:25:04Z,4073V24366C6,24366,C6,22,65208,65209,2026-10-03T00:03:05,65300,65000,20.0,39.93293,-0.09658491,40,False,4,
2026-10-03T04:25:04Z,4073V24099C2,24099,C2,50,64103,64102,2026-10-03T00:03:37,64100,65000,A,39.083164,-0.46941403,40,False,1,1
2026-10-03T04:25:04Z,4073V24281C1,24281,C1,36,69104,69105,2026-10-03T00:08:25,69110,65000,5.0,39.177853,-0.26344925,40,False,2,1
2026-10-03T04:25:04Z,5173V25795R1,25795,R1,-1,79403,79404,2026-10-03T00:03:17,79500,72305,A,41.445705,2.2490852,50,True,,1
2026-10-03T04:25:04Z,5173V77468R4,77468,R4,-1432,78700,78700,2026-10-03T00:28:19,78700,71600,A,41.56993,2.0143688,50,True,,
2026-10-03T04:25:04Z,5173V77768R4,77768,R4,2,72305,72303,2026-10-03T00:01:40,72209,78700,E,41.36431,2.1008937,50,True,,
2026-10-03T04:25:04Z,5173V25567R2S,25567,R2S,-1434,71600,71600,2026-10-03T00:17:35,71600,79400,A,41.18592,1.5248429,50,False,,
2026-10-03T04:25:04Z,5173V28393R2S,28393,R2S,7,79400,71802,2026-10-03T00:05:41,71700,79400,42.0,41.397396,2.1879463,50,False,,
2026-10-03T04:25:04Z,5173V15023R15,15023,R15,44,71500,71401,2026-10-03T00:05:41,71400,79400,27.0,41.110836,1.2259281,50,False,,
2026-10-03T04:25:04Z,5173V77766R4,77766,R4,4,72210,72209,2026-10-03T00:04:28,72209,78600,23.0,41.476357,1.9582051,50,True,,
2026-10-03T04:25:04Z,5173V28490R2,28490,R2,0,71705,71704,2026-10-03T00:02:21,71700,79104,18.0,41.278534,1.9790753,50,True,,
2026-10-03T04:25:04Z,5173V77464R4,77464,R4,2,78600,78600,2026-10-02T23:59:04,78600,71600,E,41.72026,1.826487,50,True,4,4
2026-10-03T04:25:04Z,5173V25693R1,25693,R1,-1438,79606,79606,2026-10-03T00:23:31,79606,72305,A,41.673496,2.769029,50,True,,
2026-10-03T04:25:04Z,6073V71550C4,71550,C4,6,05481,05483,2026-10-03T00:01:44,05485,05451,E,43.20345,-3.1704924,60,False,,1
2026-10-03T04:25:04Z,6073V35681C3,35681,C3,0,13114,13119,2026-10-03T00:00:14,13200,13100,E,43.24241,-2.9163692,60,False,,1
2026-10-03T04:25:04Z,6073V71553C4,71553,C4,12,05457,05455,2026-10-02T23:59:24,05451,05485,S,43.27407,-2.9740336,60,False,,1
2026-10-03T04:25:04Z,6173V35654C1,35654,C1,3,11408,11407,2026-10-03T00:05:45,11400,11508,E,43.093952,-2.1255136,61,False,,2
2026-10-03T04:25:04Z,6273V26949C1,26949,C1,3,14230,14223,2026-10-03T00:01:45,14223,14202,E,43.45403,-3.8277466,62,False,,1
2026-10-03T04:25:04Z,6273V71185C2,71185,C2,1,05605,05604,2026-10-03T00:01:42,14223,05637,55.0,43.4471,-3.8755975,62,False,,2
2026-10-03T04:25:04Z,2073V70237C4,70237,C4,-1435,15410,15410,2026-10-03T00:00:00,15410,16403,A,43.537647,-5.67596,20,False,12,12
2026-10-03T04:25:04Z,2073V22132C1,22132,C1,3,15212,15217,2026-10-03T00:02:00,15218,15410,A,43.38812,-5.8272715,20,False,2,2
2026-10-03T04:25:04Z,2073V22139C1,22139,C1,3,15203,15206,2026-10-03T00:04:00,15211,15122,A,43.27709,-5.812221,20,False,1,1
2026-10-03T04:25:04Z,2073V22358C3,22358,C3,-1434,15218,15218,2026-10-03T00:07:00,15218,16405,S,43.3588,-5.8573804,20,False,2,2
2026-10-03T04:25:04Z,4173V24722C1,24722,C1,31,62103,62104,2026-10-03T00:08:00,60911,78800,E,38.272114,-0.69527435,41,False,1,1
2026-10-03T04:25:04Z,4173V84931C2,84931,C2,87,61200,06002,2026-10-03T00:34:00,06006,61200,E,37.97462,-1.1315287,41,False,1,2
2026-10-03T04:25:04Z,4173V24723C1,24723,C1,-1419,61200,61200,2026-10-03T00:19:00,61200,60911,S,37.974686,-1.131078,41,False,1,1
2026-10-03T04:30:42Z,3073V23578C1,23578,C1,-1442,51003,51003,2026-10-03T00:39:50,51003,50600,A,37.392567,-5.9749837,30,False,,
2026-10-03T04:30:42Z,3073V23743C5,23743,C5,-1442,51003,51003,2026-10-03T00:38:38,51003,43005,A,37.392567,-5.9749837,30,False,9,9
2026-10-03T04:30:42Z,3073V23841C5,23841,C5,-1,43004,43005,2026-10-03T00:03:15,43005,51113,E,37.381527,-6.193782,30,False,,3
2026-10-03T04:30:42Z,3073V23581C1,23581,C1,1,51103,51111,2026-10-03T00:04:00,51003,51200,18.0,37.289146,-5.935499,30,False,1,1
2026-10-03T04:30:42Z,3173V23455T1,23455,T1,2,51451,51450,2026-10-03T00:01:00,51450,51405,A,36.40869,-6.1343336,31,False,1,1
2026-10-03T04:30:42Z,3173V23456T1,23456,T1,-1433,51405,51405,2026-10-03T00:01:00,51405,51450,A,36.529045,-6.2877955,31,False,5,5
2026-10-03T04:30:42Z,3273V23400C1,23400,C1,2,54503,54501,2026-10-03T00:00:36,54517,54516,E,36.69222,-4.48376,32,False,,2
2026-10-03T04:30:42Z,3273V23402C1,23402,C1,2,54512,54511,2026-10-03T00:03:41,54517,54516,A,36.59906,-4.536344,32,False,2,1
2026-10-03T04:30:42Z,3273V23405C1,23405,C1,3,54519,54510,2026-10-03T00:00:08,54516,54517,88.0,36.610325,-4.514658,32,False,,1
2026-10-03T04:30:42Z,4073V24270C1,24270,C1,34,64202,64203,2026-10-03T00:00:53,65000,69110,67.0,39.417984,-0.3931324,40,False,,2
2026-10-03T04:30:42Z,4073V24366C6,24366,C6,22,65208,65209,2026-10-03T00:03:05,65300,65000,20.0,39.93293,-0.09658491,40,False,4,
2026-10-03T04:30:42Z,4073V24099C2,24099,C2,50,64103,64102,2026-10-03T00:03:37,64100,65000,A,39.083164,-0.46941403,40,False,1,1
2026-10-03T04:30:42Z,4073V24281C1,24281,C1,36,69104,69105,2026-10-03T00:08:25,69110,65000,5.0,39.177853,-0.26344925,40,False,2,1
2026-10-03T04:30:42Z,5173V25795R1,25795,R1,-1,79403,79404,2026-10-03T00:03:17,79500,72305,A,41.445705,2.2490852,50,True,,1
2026-10-03T04:30:42Z,5173V77468R4,77468,R4,-1432,78700,78700,2026-10-03T00:28:19,78700,71600,A,41.56993,2.0143688,50,True,,
2026-10-03T04:30:42Z,5173V77768R4,77768,R4,2,72305,72303,2026-10-03T00:01:40,72209,78700,E,41.36431,2.1008937,50,True,,
2026-10-03T04:30:42Z,5173V25567R2S,25567,R2S,-1434,71600,71600,2026-10-03T00:17:35,71600,79400,A,41.18592,1.5248429,50,False,,
2026-10-03T04:30:42Z,5173V28393R2S,28393,R2S,7,79400,71802,2026-10-03T00:05:41,71700,79400,42.0,41.397396,2.1879463,50,False,,
2026-10-03T04:30:42Z,5173V15023R15,15023,R15,44,71500,71401,2026-10-03T00:05:41,71400,79400,27.0,41.110836,1.2259281,50,False,,
2026-10-03T04:30:42Z,5173V77766R4,77766,R4,4,72210,72209,2026-10-03T00:04:28,72209,78600,23.0,41.476357,1.9582051,50,True,,
2026-10-03T04:30:42Z,5173V28490R2,28490,R2,0,71705,71704,2026-10-03T00:02:21,71700,79104,18.0,41.278534,1.9790753,50,True,,
2026-10-03T04:30:42Z,5173V77464R4,77464,R4,2,78600,78600,2026-10-02T23:59:04,78600,71600,E,41.72026,1.826487,50,True,4,4
2026-10-03T04:30:42Z,5173V25693R1,25693,R1,-1438,79606,79606,2026-10-03T00:23:31,79606,72305,A,41.673496,2.769029,50,True,,
2026-10-03T04:30:42Z,6073V71550C4,71550,C4,6,05481,05483,2026-10-03T00:01:44,05485,05451,E,43.20345,-3.1704924,60,False,,1
2026-10-03T04:30:42Z,6073V35681C3,35681,C3,0,13114,13119,2026-10-03T00:00:14,13200,13100,E,43.24241,-2.9163692,60,False,,1
2026-10-03T04:30:42Z,6073V71553C4,71553,C4,12,05457,05455,2026-10-02T23:59:24,05451,05485,S,43.27407,-2.9740336,60,False,,1
2026-10-03T04:30:42Z,6173V35654C1,35654,C1,3,11408,11407,2026-10-03T00:05:45,11400,11508,E,43.093952,-2.1255136,61,False,,2
2026-10-03T04:30:42Z,6273V26949C1,26949,C1,3,14230,14223,2026-10-03T00:01:45,14223,14202,E,43.45403,-3.8277466,62,False,,1
2026-10-03T04:30:42Z,6273V71185C2,71185,C2,1,05605,05604,2026-10-03T00:01:42,14223,05637,55.0,43.4471,-3.8755975,62,False,,2
2026-10-03T04:30:42Z,2073V70237C4,70237,C4,-1435,15410,15410,2026-10-03T00:00:00,15410,16403,A,43.537647,-5.67596,20,False,12,12
2026-10-03T04:30:42Z,2073V22132C1,22132,C1,3,15212,15217,2026-10-03T00:02:00,15218,15410,A,43.38812,-5.8272715,20,False,2,2
2026-10-03T04:30:42Z,2073V22139C1,22139,C1,3,15203,15206,2026-10-03T00:04:00,15211,15122,A,43.27709,-5.812221,20,False,1,1
2026-10-03T04:30:42Z,2073V22358C3,22358,C3,-1434,15218,15218,2026-10-03T00:07:00,15218,16405,S,43.3588,-5.8573804,20,False,2,2
2026-10-03T04:30:42Z,4173V24722C1,24722,C1,31,62103,62104,2026-10-03T00:08:00,60911,78800,E,38.272114,-0.69527435,41,False,1,1
2026-10-03T04:30:42Z,4173V84931C2,84931,C2,87,61200,06002,2026-10-03T00:34:00,06006,61200,E,37.97462,-1.1315287,41,False,1,2
2026-10-03T04:30:42Z,4173V24723C1,24723,C1,-1419,61200,61200,2026-10-03T00:19:00,61200,60911,S,37.974686,-1.131078,41,False,1,1
2026-10-03T04:36:02Z,3073V23578C1,23578,C1,-1442,51003,51003,2026-10-03T00:39:50,51003,50600,A,37.392567,-5.9749837,30,False,,
2026-10-03T04:36:02Z,3073V23743C5,23743,C5,-1442,51003,51003,2026-10-03T00:38:38,51003,43005,A,37.392567,-5.9749837,30,False,9,9
2026-10-03T04:36:02Z,3073V23841C5,23841,C5,-1,43004,43005,2026-10-03T00:03:15,43005,51113,E,37.381527,-6.193782,30,False,,3
2026-10-03T04:36:02Z,3073V23581C1,23581,C1,1,51103,51111,2026-10-03T00:04:00,51003,51200,18.0,37.289146,-5.935499,30,False,1,1
2026-10-03T04:36:02Z,3173V23455T1,23455,T1,2,51451,51450,2026-10-03T00:01:00,51450,51405,A,36.40869,-6.1343336,31,False,1,1
2026-10-03T04:36:02Z,3173V23456T1,23456,T1,-1433,51405,51405,2026-10-03T00:01:00,51405,51450,A,36.529045,-6.2877955,31,False,5,5
2026-10-03T04:36:02Z,3273V23400C1,23400,C1,2,54503,54501,2026-10-03T00:00:36,54517,54516,E,36.69222,-4.48376,32,False,,2
2026-10-03T04:36:02Z,3273V23402C1,23402,C1,2,54512,54511,2026-10-03T00:03:41,54517,54516,A,36.59906,-4.536344,32,False,2,1
2026-10-03T04:36:02Z,3273V23405C1,23405,C1,3,54519,54510,2026-10-03T00:00:08,54516,54517,88.0,36.610325,-4.514658,32,False,,1
2026-10-03T04:36:02Z,4073V24270C1,24270,C1,34,64202,64203,2026-10-03T00:00:53,65000,69110,67.0,39.417984,-0.3931324,40,False,,2
2026-10-03T04:36:02Z,4073V24366C6,24366,C6,22,65208,65209,2026-10-03T00:03:05,65300,65000,20.0,39.93293,-0.09658491,40,False,4,
2026-10-03T04:36:02Z,4073V24099C2,24099,C2,50,64103,64102,2026-10-03T00:03:37,64100,65000,A,39.083164,-0.46941403,40,False,1,1
2026-10-03T04:36:02Z,4073V24281C1,24281,C1,36,69104,69105,2026-10-03T00:08:25,69110,65000,5.0,39.177853,-0.26344925,40,False,2,1
2026-10-03T04:36:02Z,5173V25795R1,25795,R1,-1,79403,79404,2026-10-03T00:03:17,79500,72305,A,41.445705,2.2490852,50,True,,1
2026-10-03T04:36:02Z,5173V77468R4,77468,R4,-1432,78700,78700,2026-10-03T00:28:19,78700,71600,A,41.56993,2.0143688,50,True,,
2026-10-03T04:36:02Z,5173V77768R4,77768,R4,2,72305,72303,2026-10-03T00:01:40,72209,78700,E,41.36431,2.1008937,50,True,,
2026-10-03T04:36:02Z,5173V25567R2S,25567,R2S,-1434,71600,71600,2026-10-03T00:17:35,71600,79400,A,41.18592,1.5248429,50,False,,
2026-10-03T04:36:02Z,5173V28393R2S,28393,R2S,7,79400,71802,2026-10-03T00:05:41,71700,79400,42.0,41.397396,2.1879463,50,False,,
2026-10-03T04:36:02Z,5173V15023R15,15023,R15,44,71500,71401,2026-10-03T00:05:41,71400,79400,27.0,41.110836,1.2259281,50,False,,
2026-10-03T04:36:02Z,5173V77766R4,77766,R4,4,72210,72209,2026-10-03T00:04:28,72209,78600,23.0,41.476357,1.9582051,50,True,,
2026-10-03T04:36:02Z,5173V28490R2,28490,R2,0,71705,71704,2026-10-03T00:02:21,71700,79104,18.0,41.278534,1.9790753,50,True,,
2026-10-03T04:36:02Z,5173V77464R4,77464,R4,2,78600,78600,2026-10-02T23:59:04,78600,71600,E,41.72026,1.826487,50,True,4,4
2026-10-03T04:36:02Z,5173V25693R1,25693,R1,-1438,79606,79606,2026-10-03T00:23:31,79606,72305,A,41.673496,2.769029,50,True,,
2026-10-03T04:36:02Z,6073V71550C4,71550,C4,6,05481,05483,2026-10-03T00:01:44,05485,05451,E,43.20345,-3.1704924,60,False,,1
2026-10-03T04:36:02Z,6073V35681C3,35681,C3,0,13114,13119,2026-10-03T00:00:14,13200,13100,E,43.24241,-2.9163692,60,False,,1
2026-10-03T04:36:02Z,6073V71553C4,71553,C4,12,05457,05455,2026-10-02T23:59:24,05451,05485,S,43.27407,-2.9740336,60,False,,1
2026-10-03T04:36:02Z,6173V35654C1,35654,C1,3,11408,11407,2026-10-03T00:05:45,11400,11508,E,43.093952,-2.1255136,61,False,,2
2026-10-03T04:36:02Z,6273V26949C1,26949,C1,3,14230,14223,2026-10-03T00:01:45,14223,14202,E,43.45403,-3.8277466,62,False,,1
2026-10-03T04:36:02Z,6273V71185C2,71185,C2,1,05605,05604,2026-10-03T00:01:42,14223,05637,55.0,43.4471,-3.8755975,62,False,,2
2026-10-03T04:36:02Z,2073V70237C4,70237,C4,-1435,15410,15410,2026-10-03T00:00:00,15410,16403,A,43.537647,-5.67596,20,False,12,12
2026-10-03T04:36:02Z,2073V22132C1,22132,C1,3,15212,15217,2026-10-03T00:02:00,15218,15410,A,43.38812,-5.8272715,20,False,2,2
2026-10-03T04:36:02Z,2073V22139C1,22139,C1,3,15203,15206,2026-10-03T00:04:00,15211,15122,A,43.27709,-5.812221,20,False,1,1
2026-10-03T04:36:02Z,2073V22358C3,22358,C3,-1434,15218,15218,2026-10-03T00:07:00,15218,16405,S,43.3588,-5.8573804,20,False,2,2
2026-10-03T04:36:02Z,4173V24722C1,24722,C1,31,62103,62104,2026-10-03T00:08:00,60911,78800,E,38.272114,-0.69527435,41,False,1,1
2026-10-03T04:36:02Z,4173V84931C2,84931,C2,87,61200,06002,2026-10-03T00:34:00,06006,61200,E,37.97462,-1.1315287,41,False,1,2
2026-10-03T04:36:02Z,4173V24723C1,24723,C1,-1419,61200,61200,2026-10-03T00:19:00,61200,60911,S,37.974686,-1.131078,41,False,1,1
2026-10-03T04:44:57Z,3073V23578C1,23578,C1,-1442,51003,51003,2026-10-03T00:39:50,51003,50600,A,37.392567,-5.9749837,30,False,,
2026-10-03T04:44:57Z,3073V23743C5,23743,C5,-1442,51003,51003,2026-10-03T00:38:38,51003,43005,A,37.392567,-5.9749837,30,False,9,9
2026-10-03T04:44:57Z,3073V23841C5,23841,C5,-1,43004,43005,2026-10-03T00:03:15,43005,51113,E,37.381527,-6.193782,30,False,,3
2026-10-03T04:44:57Z,3073V23581C1,23581,C1,1,51103,51111,2026-10-03T00:04:00,51003,51200,18.0,37.289146,-5.935499,30,False,1,1
2026-10-03T04:44:57Z,3173V23455T1,23455,T1,2,51451,51450,2026-10-03T00:01:00,51450,51405,A,36.40869,-6.1343336,31,False,1,1
2026-10-03T04:44:57Z,3173V23456T1,23456,T1,-1433,51405,51405,2026-10-03T00:01:00,51405,51450,A,36.529045,-6.2877955,31,False,5,5
2026-10-03T04:44:57Z,3273V23400C1,23400,C1,2,54503,54501,2026-10-03T00:00:36,54517,54516,E,36.69222,-4.48376,32,False,,2
2026-10-03T04:44:57Z,3273V23402C1,23402,C1,2,54512,54511,2026-10-03T00:03:41,54517,54516,A,36.59906,-4.536344,32,False,2,1
2026-10-03T04:44:57Z,3273V23405C1,23405,C1,3,54519,54510,2026-10-03T00:00:08,54516,54517,88.0,36.610325,-4.514658,32,False,,1
2026-10-03T04:44:57Z,4073V24270C1,24270,C1,34,64202,64203,2026-10-03T00:00:53,65000,69110,67.0,39.417984,-0.3931324,40,False,,2
2026-10-03T04:44:57Z,4073V24366C6,24366,C6,22,65208,65209,2026-10-03T00:03:05,65300,65000,20.0,39.93293,-0.09658491,40,False,4,
2026-10-03T04:44:57Z,4073V24099C2,24099,C2,50,64103,64102,2026-10-03T00:03:37,64100,65000,A,39.083164,-0.46941403,40,False,1,1
2026-10-03T04:44:57Z,4073V24281C1,24281,C1,36,69104,69105,2026-10-03T00:08:25,69110,65000,5.0,39.177853,-0.26344925,40,False,2,1
2026-10-03T04:44:57Z,5173V25795R1,25795,R1,-1,79403,79404,2026-10-03T00:03:17,79500,72305,A,41.445705,2.2490852,50,True,,1
2026-10-03T04:44:57Z,5173V77468R4,77468,R4,-1432,78700,78700,2026-10-03T00:28:19,78700,71600,A,41.56993,2.0143688,50,True,,
2026-10-03T04:44:57Z,5173V77768R4,77768,R4,2,72305,72303,2026-10-03T00:01:40,72209,78700,E,41.36431,2.1008937,50,True,,
2026-10-03T04:44:57Z,5173V25567R2S,25567,R2S,-1434,71600,71600,2026-10-03T00:17:35,71600,79400,A,41.18592,1.5248429,50,False,,
2026-10-03T04:44:57Z,5173V28393R2S,28393,R2S,7,79400,71802,2026-10-03T00:05:41,71700,79400,42.0,41.397396,2.1879463,50,False,,
2026-10-03T04:44:57Z,5173V15023R15,15023,R15,44,71500,71401,2026-10-03T00:05:41,71400,79400,27.0,41.110836,1.2259281,50,False,,
2026-10-03T04:44:57Z,5173V77766R4,77766,R4,4,72210,72209,2026-10-03T00:04:28,72209,78600,23.0,41.476357,1.9582051,50,True,,
2026-10-03T04:44:57Z,5173V28490R2,28490,R2,0,71705,71704,2026-10-03T00:02:21,71700,79104,18.0,41.278534,1.9790753,50,True,,
2026-10-03T04:44:57Z,5173V77464R4,77464,R4,2,78600,78600,2026-10-02T23:59:04,78600,71600,E,41.72026,1.826487,50,True,4,4
2026-10-03T04:44:57Z,5173V25693R1,25693,R1,-1438,79606,79606,2026-10-03T00:23:31,79606,72305,A,41.673496,2.769029,50,True,,
2026-10-03T04:44:57Z,6073V71550C4,71550,C4,6,05481,05483,2026-10-03T00:01:44,05485,05451,E,43.20345,-3.1704924,60,False,,1
2026-10-03T04:44:57Z,6073V35681C3,35681,C3,0,13114,13119,2026-10-03T00:00:14,13200,13100,E,43.24241,-2.9163692,60,False,,1
2026-10-03T04:44:57Z,6073V71553C4,71553,C4,12,05457,05455,2026-10-02T23:59:24,05451,05485,S,43.27407,-2.9740336,60,False,,1
2026-10-03T04:44:57Z,6173V35654C1,35654,C1,3,11408,11407,2026-10-03T00:05:45,11400,11508,E,43.093952,-2.1255136,61,False,,2
2026-10-03T04:44:57Z,6273V26949C1,26949,C1,3,14230,14223,2026-10-03T00:01:45,14223,14202,E,43.45403,-3.8277466,62,False,,1
2026-10-03T04:44:57Z,6273V71185C2,71185,C2,1,05605,05604,2026-10-03T00:01:42,14223,05637,55.0,43.4471,-3.8755975,62,False,,2
2026-10-03T04:44:57Z,2073V70237C4,70237,C4,-1435,15410,15410,2026-10-03T00:00:00,15410,16403,A,43.537647,-5.67596,20,False,12,12
2026-10-03T04:44:57Z,2073V22132C1,22132,C1,3,15212,15217,2026-10-03T00:02:00,15218,15410,A,43.38812,-5.8272715,20,False,2,2
2026-10-03T04:44:57Z,2073V22139C1,22139,C1,3,15203,15206,2026-10-03T00:04:00,15211,15122,A,43.27709,-5.812221,20,False,1,1
2026-10-03T04:44:57Z,2073V22358C3,22358,C3,-1434,15218,15218,2026-10-03T00:07:00,15218,16405,S,43.3588,-5.8573804,20,False,2,2
2026-10-03T04:44:57Z,4173V24722C1,24722,C1,31,62103,62104,2026-10-03T00:08:00,60911,78800,E,38.272114,-0.69527435,41,False,1,1
2026-10-03T04:44:57Z,4173V84931C2,84931,C2,87,61200,06002,2026-10-03T00:34:00,06006,61200,E,37.97462,-1.1315287,41,False,1,2
2026-10-03T04:44:57Z,4173V24723C1,24723,C1,-1419,61200,61200,2026-10-03T00:19:00,61200,60911,S,37.974686,-1.131078,41,False,1,1
2026-10-03T04:49:55Z,3073V23578C1,23578,C1,-1442,51003,51003,2026-10-03T00:39:50,51003,50600,A,37.392567,-5.9749837,30,False,,
2026-10-03T04:49:55Z,3073V23743C5,23743,C5,-1442,51003,51003,2026-10-03T00:38:38,51003,43005,A,37.392567,-5.9749837,30,False,9,9
2026-10-03T04:49:55Z,3073V23841C5,23841,C5,-1,43004,43005,2026-10-03T00:03:15,43005,51113,E,37.381527,-6.193782,30,False,,3
2026-10-03T04:49:55Z,3073V23581C1,23581,C1,1,51103,51111,2026-10-03T00:04:00,51003,51200,18.0,37.289146,-5.935499,30,False,1,1
2026-10-03T04:49:55Z,3173V23455T1,23455,T1,2,51451,51450,2026-10-03T00:01:00,51450,51405,A,36.40869,-6.1343336,31,False,1,1
2026-10-03T04:49:55Z,3173V23456T1,23456,T1,-1433,51405,51405,2026-10-03T00:01:00,51405,51450,A,36.529045,-6.2877955,31,False,5,5
2026-10-03T04:49:55Z,3273V23400C1,23400,C1,2,54503,54501,2026-10-03T00:00:36,54517,54516,E,36.69222,-4.48376,32,False,,2
2026-10-03T04:49:55Z,3273V23402C1,23402,C1,2,54512,54511,2026-10-03T00:03:41,54517,54516,A,36.59906,-4.536344,32,False,2,1
2026-10-03T04:49:55Z,3273V23405C1,23405,C1,3,54519,54510,2026-10-03T00:00:08,54516,54517,88.0,36.610325,-4.514658,32,False,,1
2026-10-03T04:49:55Z,4073V24270C1,24270,C1,34,64202,64203,2026-10-03T00:00:53,65000,69110,67.0,39.417984,-0.3931324,40,False,,2
2026-10-03T04:49:55Z,4073V24366C6,24366,C6,22,65208,65209,2026-10-03T00:03:05,65300,65000,20.0,39.93293,-0.09658491,40,False,4,
2026-10-03T04:49:55Z,4073V24099C2,24099,C2,50,64103,64102,2026-10-03T00:03:37,64100,65000,A,39.083164,-0.46941403,40,False,1,1
2026-10-03T04:49:55Z,4073V24281C1,24281,C1,36,69104,69105,2026-10-03T00:08:25,69110,65000,5.0,39.177853,-0.26344925,40,False,2,1
2026-10-03T04:49:55Z,5173V25795R1,25795,R1,-1,79403,79404,2026-10-03T00:03:17,79500,72305,A,41.445705,2.2490852,50,True,,1
2026-10-03T04:49:55Z,5173V77468R4,77468,R4,-1432,78700,78700,2026-10-03T00:28:19,78700,71600,A,41.56993,2.0143688,50,True,,
2026-10-03T04:49:55Z,5173V77768R4,77768,R4,2,72305,72303,2026-10-03T00:01:40,72209,78700,E,41.36431,2.1008937,50,True,,
2026-10-03T04:49:55Z,5173V25567R2S,25567,R2S,-1434,71600,71600,2026-10-03T00:17:35,71600,79400,A,41.18592,1.5248429,50,False,,
2026-10-03T04:49:55Z,5173V28393R2S,28393,R2S,7,79400,71802,2026-10-03T00:05:41,71700,79400,42.0,41.397396,2.1879463,50,False,,
2026-10-03T04:49:55Z,5173V15023R15,15023,R15,44,71500,71401,2026-10-03T00:05:41,71400,79400,27.0,41.110836,1.2259281,50,False,,
2026-10-03T04:49:55Z,5173V77766R4,77766,R4,4,72210,72209,2026-10-03T00:04:28,72209,78600,23.0,41.476357,1.9582051,50,True,,
2026-10-03T04:49:55Z,5173V28490R2,28490,R2,0,71705,71704,2026-10-03T00:02:21,71700,79104,18.0,41.278534,1.9790753,50,True,,
2026-10-03T04:49:55Z,5173V77464R4,77464,R4,2,78600,78600,2026-10-02T23:59:04,78600,71600,E,41.72026,1.826487,50,True,4,4
2026-10-03T04:49:55Z,5173V25693R1,25693,R1,-1438,79606,79606,2026-10-03T00:23:31,79606,72305,A,41.673496,2.769029,50,True,,
2026-10-03T04:49:55Z,6073V71550C4,71550,C4,6,05481,05483,2026-10-03T00:01:44,05485,05451,E,43.20345,-3.1704924,60,False,,1
2026-10-03T04:49:55Z,6073V35681C3,35681,C3,0,13114,13119,2026-10-03T00:00:14,13200,13100,E,43.24241,-2.9163692,60,False,,1
2026-10-03T04:49:55Z,6073V71553C4,71553,C4,12,05457,05455,2026-10-02T23:59:24,05451,05485,S,43.27407,-2.9740336,60,False,,1
2026-10-03T04:49:55Z,6173V35654C1,35654,C1,3,11408,11407,2026-10-03T00:05:45,11400,11508,E,43.093952,-2.1255136,61,False,,2
2026-10-03T04:49:55Z,6273V26949C1,26949,C1,3,14230,14223,2026-10-03T00:01:45,14223,14202,E,43.45403,-3.8277466,62,False,,1
2026-10-03T04:49:55Z,6273V71185C2,71185,C2,1,05605,05604,2026-10-03T00:01:42,14223,05637,55.0,43.4471,-3.8755975,62,False,,2
2026-10-03T04:49:55Z,2073V70237C4,70237,C4,-1435,15410,15410,2026-10-03T00:00:00,15410,16403,A,43.537647,-5.67596,20,False,12,12
2026-10-03T04:49:55Z,2073V22132C1,22132,C1,3,15212,15217,2026-10-03T00:02:00,15218,15410,A,43.38812,-5.8272715,20,False,2,2
2026-10-03T04:49:55Z,2073V22139C1,22139,C1,3,15203,15206,2026-10-03T00:04:00,15211,15122,A,43.27709,-5.812221,20,False,1,1
2026-10-03T04:49:55Z,2073V22358C3,22358,C3,-1434,15218,15218,2026-10-03T00:07:00,15218,16405,S,43.3588,-5.8573804,20,False,2,2
2026-10-03T04:49:55Z,4173V24722C1,24722,C1,31,62103,62104,2026-10-03T00:08:00,60911,78800,E,38.272114,-0.69527435,41,False,1,1
2026-10-03T04:49:55Z,4173V84931C2,84931,C2,87,61200,06002,2026-10-03T00:34:00,06006,61200,E,37.97462,-1.1315287,41,False,1,2
2026-10-03T04:49:55Z,4173V24723C1,24723,C1,-1419,61200,61200,2026-10-03T00:19:00,61200,60911,S,37.974686,-1.131078,41,False,1,1
2026-10-03T04:55:44Z,3073V23578C1,23578,C1,-1442,51003,51003,2026-10-03T00:39:50,51003,50600,A,37.392567,-5.9749837,30,False,,
2026-10-03T04:55:44Z,3073V23743C5,23743,C5,-1442,51003,51003,2026-10-03T00:38:38,51003,43005,A,37.392567,-5.9749837,30,False,9,9
2026-10-03T04:55:44Z,3073V23841C5,23841,C5,-1,43004,43005,2026-10-03T00:03:15,43005,51113,E,37.381527,-6.193782,30,False,,3
2026-10-03T04:55:44Z,3073V23581C1,23581,C1,1,51103,51111,2026-10-03T00:04:00,51003,51200,18.0,37.289146,-5.935499,30,False,1,1
2026-10-03T04:55:44Z,3173V23455T1,23455,T1,2,51451,51450,2026-10-03T00:01:00,51450,51405,A,36.40869,-6.1343336,31,False,1,1
2026-10-03T04:55:44Z,3173V23456T1,23456,T1,-1433,51405,51405,2026-10-03T00:01:00,51405,51450,A,36.529045,-6.2877955,31,False,5,5
2026-10-03T04:55:44Z,3273V23400C1,23400,C1,2,54503,54501,2026-10-03T00:00:36,54517,54516,E,36.69222,-4.48376,32,False,,2
2026-10-03T04:55:44Z,3273V23402C1,23402,C1,2,54512,54511,2026-10-03T00:03:41,54517,54516,A,36.59906,-4.536344,32,False,2,1
2026-10-03T04:55:44Z,3273V23405C1,23405,C1,3,54519,54510,2026-10-03T00:00:08,54516,54517,88.0,36.610325,-4.514658,32,False,,1
2026-10-03T04:55:44Z,4073V24270C1,24270,C1,34,64202,64203,2026-10-03T00:00:53,65000,69110,67.0,39.417984,-0.3931324,40,False,,2
2026-10-03T04:55:44Z,4073V24366C6,24366,C6,22,65208,65209,2026-10-03T00:03:05,65300,65000,20.0,39.93293,-0.09658491,40,False,4,
2026-10-03T04:55:44Z,4073V24099C2,24099,C2,50,64103,64102,2026-10-03T00:03:37,64100,65000,A,39.083164,-0.46941403,40,False,1,1
2026-10-03T04:55:44Z,4073V24281C1,24281,C1,36,69104,69105,2026-10-03T00:08:25,69110,65000,5.0,39.177853,-0.26344925,40,False,2,1
2026-10-03T04:55:44Z,5173V25795R1,25795,R1,-1,79403,79404,2026-10-03T00:03:17,79500,72305,A,41.445705,2.2490852,50,True,,1
2026-10-03T04:55:44Z,5173V77468R4,77468,R4,-1432,78700,78700,2026-10-03T00:28:19,78700,71600,A,41.56993,2.0143688,50,True,,
2026-10-03T04:55:44Z,5173V77768R4,77768,R4,2,72305,72303,2026-10-03T00:01:40,72209,78700,E,41.36431,2.1008937,50,True,,
2026-10-03T04:55:44Z,5173V25567R2S,25567,R2S,-1434,71600,71600,2026-10-03T00:17:35,71600,79400,A,41.18592,1.5248429,50,False,,
2026-10-03T04:55:44Z,5173V28393R2S,28393,R2S,7,79400,71802,2026-10-03T00:05:41,71700,79400,42.0,41.397396,2.1879463,50,False,,
2026-10-03T04:55:44Z,5173V15023R15,15023,R15,44,71500,71401,2026-10-03T00:05:41,71400,79400,27.0,41.110836,1.2259281,50,False,,
2026-10-03T04:55:44Z,5173V77766R4,77766,R4,4,72210,72209,2026-10-03T00:04:28,72209,78600,23.0,41.476357,1.9582051,50,True,,
2026-10-03T04:55:44Z,5173V28490R2,28490,R2,0,71705,71704,2026-10-03T00:02:21,71700,79104,18.0,41.278534,1.9790753,50,True,,
2026-10-03T04:55:44Z,5173V77464R4,77464,R4,2,78600,78600,2026-10-02T23:59:04,78600,71600,E,41.72026,1.826487,50,True,4,4
2026-10-03T04:55:44Z,5173V25693R1,25693,R1,-1438,79606,79606,2026-10-03T00:23:31,79606,72305,A,41.673496,2.769029,50,True,,
2026-10-03T04:55:44Z,6073V71550C4,71550,C4,6,05481,05483,2026-10-03T00:01:44,05485,05451,E,43.20345,-3.1704924,60,False,,1
2026-10-03T04:55:44Z,6073V35681C3,35681,C3,0,13114,13119,2026-10-03T00:00:14,13200,13100,E,43.24241,-2.9163692,60,False,,1
2026-10-03T04:55:44Z,6073V71553C4,71553,C4,12,05457,05455,2026-10-02T23:59:24,05451,05485,S,43.27407,-2.9740336,60,False,,1
2026-10-03T04:55:44Z,6173V35654C1,35654,C1,3,11408,11407,2026-10-03T00:05:45,11400,11508,E,43.093952,-2.1255136,61,False,,2
2026-10-03T04:55:44Z,6273V26949C1,26949,C1,3,14230,14223,2026-10-03T00:01:45,14223,14202,E,43.45403,-3.8277466,62,False,,1
2026-10-03T04:55:44Z,6273V71185C2,71185,C2,1,05605,05604,2026-10-03T00:01:42,14223,05637,55.0,43.4471,-3.8755975,62,False,,2
2026-10-03T04:55:44Z,2073V70237C4,70237,C4,-1435,15410,15410,2026-10-03T00:00:00,15410,16403,A,43.537647,-5.67596,20,False,12,12
2026-10-03T04:55:44Z,2073V22132C1,22132,C1,3,15212,15217,2026-10-03T00:02:00,15218,15410,A,43.38812,-5.8272715,20,False,2,2
2026-10-03T04:55:44Z,2073V22139C1,22139,C1,3,15203,15206,2026-10-03T00:04:00,15211,15122,A,43.27709,-5.812221,20,False,1,1
2026-10-03T04:55:44Z,2073V22358C3,22358,C3,-1434,15218,15218,2026-10-03T00:07:00,15218,16405,S,43.3588,-5.8573804,20,False,2,2
2026-10-03T04:55:44Z,4173V24722C1,24722,C1,31,62103,62104,2026-10-03T00:08:00,60911,78800,E,38.272114,-0.69527435,41,False,1,1
2026-10-03T04:55:44Z,4173V84931C2,84931,C2,87,61200,06002,2026-10-03T00:34:00,06006,61200,E,37.97462,-1.1315287,41,False,1,2
2026-10-03T04:55:44Z,4173V24723C1,24723,C1,-1419,61200,61200,2026-10-03T00:19:00,61200,60911,S,37.974686,-1.131078,41,False,1,1
2026-10-03T05:05:23Z,3073V23578C1,23578,C1,-1442,51003,51003,2026-10-03T00:39:50,51003,50600,A,37.392567,-5.9749837,30,False,,
2026-10-03T05:05:23Z,3073V23743C5,23743,C5,-1442,51003,51003,2026-10-03T00:38:38,51003,43005,A,37.392567,-5.9749837,30,False,9,9
2026-10-03T05:05:23Z,3073V23841C5,23841,C5,-1,43004,43005,2026-10-03T00:03:15,43005,51113,E,37.381527,-6.193782,30,False,,3
2026-10-03T05:05:23Z,3073V23581C1,23581,C1,1,51103,51111,2026-10-03T00:04:00,51003,51200,18.0,37.289146,-5.935499,30,False,1,1
2026-10-03T05:05:23Z,3173V23455T1,23455,T1,2,51451,51450,2026-10-03T00:01:00,51450,51405,A,36.40869,-6.1343336,31,False,1,1
2026-10-03T05:05:23Z,3173V23456T1,23456,T1,-1433,51405,51405,2026-10-03T00:01:00,51405,51450,A,36.529045,-6.2877955,31,False,5,5
2026-10-03T05:05:23Z,3273V23400C1,23400,C1,2,54503,54501,2026-10-03T00:00:36,54517,54516,E,36.69222,-4.48376,32,False,,2
2026-10-03T05:05:23Z,3273V23402C1,23402,C1,2,54512,54511,2026-10-03T00:03:41,54517,54516,A,36.59906,-4.536344,32,False,2,1
2026-10-03T05:05:23Z,3273V23405C1,23405,C1,3,54519,54510,2026-10-03T00:00:08,54516,54517,88.0,36.610325,-4.514658,32,False,,1
2026-10-03T05:05:23Z,4073V24270C1,24270,C1,34,64202,64203,2026-10-03T00:00:53,65000,69110,67.0,39.417984,-0.3931324,40,False,,2
2026-10-03T05:05:23Z,4073V24366C6,24366,C6,22,65208,65209,2026-10-03T00:03:05,65300,65000,20.0,39.93293,-0.09658491,40,False,4,
2026-10-03T05:05:23Z,4073V24099C2,24099,C2,50,64103,64102,2026-10-03T00:03:37,64100,65000,A,39.083164,-0.46941403,40,False,1,1
2026-10-03T05:05:23Z,4073V24281C1,24281,C1,36,69104,69105,2026-10-03T00:08:25,69110,65000,5.0,39.177853,-0.26344925,40,False,2,1
2026-10-03T05:05:23Z,5173V25795R1,25795,R1,-1,79403,79404,2026-10-03T00:03:17,79500,72305,A,41.445705,2.2490852,50,True,,1
2026-10-03T05:05:23Z,5173V77468R4,77468,R4,-1432,78700,78700,2026-10-03T00:28:19,78700,71600,A,41.56993,2.0143688,50,True,,
2026-10-03T05:05:23Z,5173V77768R4,77768,R4,2,72305,72303,2026-10-03T00:01:40,72209,78700,E,41.36431,2.1008937,50,True,,
2026-10-03T05:05:23Z,5173V25567R2S,25567,R2S,-1434,71600,71600,2026-10-03T00:17:35,71600,79400,A,41.18592,1.5248429,50,False,,
2026-10-03T05:05:23Z,5173V28393R2S,28393,R2S,7,79400,71802,2026-10-03T00:05:41,71700,79400,42.0,41.397396,2.1879463,50,False,,
2026-10-03T05:05:23Z,5173V15023R15,15023,R15,44,71500,71401,2026-10-03T00:05:41,71400,79400,27.0,41.110836,1.2259281,50,False,,
2026-10-03T05:05:23Z,5173V77766R4,77766,R4,4,72210,72209,2026-10-03T00:04:28,72209,78600,23.0,41.476357,1.9582051,50,True,,
2026-10-03T05:05:23Z,5173V28490R2,28490,R2,0,71705,71704,2026-10-03T00:02:21,71700,79104,18.0,41.278534,1.9790753,50,True,,
2026-10-03T05:05:23Z,5173V77464R4,77464,R4,2,78600,78600,2026-10-02T23:59:04,78600,71600,E,41.72026,1.826487,50,True,4,4
2026-10-03T05:05:23Z,5173V25693R1,25693,R1,-1438,79606,79606,2026-10-03T00:23:31,79606,72305,A,41.673496,2.769029,50,True,,
2026-10-03T05:05:23Z,6073V71550C4,71550,C4,6,05481,05483,2026-10-03T00:01:44,05485,05451,E,43.20345,-3.1704924,60,False,,1
2026-10-03T05:05:23Z,6073V35681C3,35681,C3,0,13114,13119,2026-10-03T00:00:14,13200,13100,E,43.24241,-2.9163692,60,False,,1
2026-10-03T05:05:23Z,6073V71553C4,71553,C4,12,05457,05455,2026-10-02T23:59:24,05451,05485,S,43.27407,-2.9740336,60,False,,1
2026-10-03T05:05:23Z,6173V35654C1,35654,C1,3,11408,11407,2026-10-03T00:05:45,11400,11508,E,43.093952,-2.1255136,61,False,,2
2026-10-03T05:05:23Z,6273V26949C1,26949,C1,3,14230,14223,2026-10-03T00:01:45,14223,14202,E,43.45403,-3.8277466,62,False,,1
2026-10-03T05:05:23Z,6273V71185C2,71185,C2,1,05605,05604,2026-10-03T00:01:42,14223,05637,55.0,43.4471,-3.8755975,62,False,,2
2026-10-03T05:05:23Z,2073V70237C4,70237,C4,-1435,15410,15410,2026-10-03T00:00:00,15410,16403,A,43.537647,-5.67596,20,False,12,12
2026-10-03T05:05:23Z,2073V22132C1,22132,C1,3,15212,15217,2026-10-03T00:02:00,15218,15410,A,43.38812,-5.8272715,20,False,2,2
2026-10-03T05:05:23Z,2073V22139C1,22139,C1,3,15203,15206,2026-10-03T00:04:00,15211,15122,A,43.27709,-5.812221,20,False,1,1
2026-10-03T05:05:23Z,2073V22358C3,22358,C3,-1434,15218,15218,2026-10-03T00:07:00,15218,16405,S,43.3588,-5.8573804,20,False,2,2
2026-10-03T05:05:23Z,4173V24722C1,24722,C1,31,62103,62104,2026-10-03T00:08:00,60911,78800,E,38.272114,-0.69527435,41,False,1,1
2026-10-03T05:05:23Z,4173V84931C2,84931,C2,87,61200,06002,2026-10-03T00:34:00,06006,61200,E,37.97462,-1.1315287,41,False,1,2
2026-10-03T05:05:23Z,4173V24723C1,24723,C1,-1419,61200,61200,2026-10-03T00:19:00,61200,60911,S,37.974686,-1.131078,41,False,1,1
2026-10-03T05:15:00Z,3073V23578C1,23578,C1,-1442,51003,51003,2026-10-03T00:39:50,51003,50600,A,37.392567,-5.9749837,30,False,,
2026-10-03T05:15:00Z,3073V23743C5,23743,C5,-1442,51003,51003,2026-10-03T00:38:38,51003,43005,A,37.392567,-5.9749837,30,False,9,9
2026-10-03T05:15:00Z,3073V23841C5,23841,C5,-1,43004,43005,2026-10-03T00:03:15,43005,51113,E,37.381527,-6.193782,30,False,,3
2026-10-03T05:15:00Z,3073V23581C1,23581,C1,1,51103,51111,2026-10-03T00:04:00,51003,51200,18.0,37.289146,-5.935499,30,False,1,1
2026-10-03T05:15:00Z,3173V23455T1,23455,T1,2,51451,51450,2026-10-03T00:01:00,51450,51405,A,36.40869,-6.1343336,31,False,1,1
2026-10-03T05:15:00Z,3173V23456T1,23456,T1,-1433,51405,51405,2026-10-03T00:01:00,51405,51450,A,36.529045,-6.2877955,31,False,5,5
2026-10-03T05:15:00Z,3273V23400C1,23400,C1,2,54503,54501,2026-10-03T00:00:36,54517,54516,E,36.69222,-4.48376,32,False,,2
2026-10-03T05:15:00Z,3273V23402C1,23402,C1,2,54512,54511,2026-10-03T00:03:41,54517,54516,A,36.59906,-4.536344,32,False,2,1
2026-10-03T05:15:00Z,3273V23405C1,23405,C1,3,54519,54510,2026-10-03T00:00:08,54516,54517,88.0,36.610325,-4.514658,32,False,,1
2026-10-03T05:15:00Z,4073V24270C1,24270,C1,34,64202,64203,2026-10-03T00:00:53,65000,69110,67.0,39.417984,-0.3931324,40,False,,2
2026-10-03T05:15:00Z,4073V24366C6,24366,C6,22,65208,65209,2026-10-03T00:03:05,65300,65000,20.0,39.93293,-0.09658491,40,False,4,
2026-10-03T05:15:00Z,4073V24099C2,24099,C2,50,64103,64102,2026-10-03T00:03:37,64100,65000,A,39.083164,-0.46941403,40,False,1,1
2026-10-03T05:15:00Z,4073V24281C1,24281,C1,36,69104,69105,2026-10-03T00:08:25,69110,65000,5.0,39.177853,-0.26344925,40,False,2,1
2026-10-03T05:15:00Z,5173V25795R1,25795,R1,-1,79403,79404,2026-10-03T00:03:17,79500,72305,A,41.445705,2.2490852,50,True,,1
2026-10-03T05:15:00Z,5173V77468R4,77468,R4,-1432,78700,78700,2026-10-03T00:28:19,78700,71600,A,41.56993,2.0143688,50,True,,
2026-10-03T05:15:00Z,5173V77768R4,77768,R4,2,72305,72303,2026-10-03T00:01:40,72209,78700,E,41.36431,2.1008937,50,True,,
2026-10-03T05:15:00Z,5173V25567R2S,25567,R2S,-1434,71600,71600,2026-10-03T00:17:35,71600,79400,A,41.18592,1.5248429,50,False,,
2026-10-03T05:15:00Z,5173V28393R2S,28393,R2S,7,79400,71802,2026-10-03T00:05:41,71700,79400,42.0,41.397396,2.1879463,50,False,,
2026-10-03T05:15:00Z,5173V15023R15,15023,R15,44,71500,71401,2026-10-03T00:05:41,71400,79400,27.0,41.110836,1.2259281,50,False,,
2026-10-03T05:15:00Z,5173V77766R4,77766,R4,4,72210,72209,2026-10-03T00:04:28,72209,78600,23.0,41.476357,1.9582051,50,True,,
2026-10-03T05:15:00Z,5173V28490R2,28490,R2,0,71705,71704,2026-10-03T00:02:21,71700,79104,18.0,41.278534,1.9790753,50,True,,
2026-10-03T05:15:00Z,5173V77464R4,77464,R4,2,78600,78600,2026-10-02T23:59:04,78600,71600,E,41.72026,1.826487,50,True,4,4
2026-10-03T05:15:00Z,5173V25693R1,25693,R1,-1438,79606,79606,2026-10-03T00:23:31,79606,72305,A,41.673496,2.769029,50,True,,
2026-10-03T05:15:00Z,6073V71550C4,71550,C4,6,05481,05483,2026-10-03T00:01:44,05485,05451,E,43.20345,-3.1704924,60,False,,1
2026-10-03T05:15:00Z,6073V35681C3,35681,C3,0,13114,13119,2026-10-03T00:00:14,13200,13100,E,43.24241,-2.9163692,60,False,,1
2026-10-03T05:15:00Z,6073V71553C4,71553,C4,12,05457,05455,2026-10-02T23:59:24,05451,05485,S,43.27407,-2.9740336,60,False,,1
2026-10-03T05:15:00Z,6173V35654C1,35654,C1,3,11408,11407,2026-10-03T00:05:45,11400,11508,E,43.093952,-2.1255136,61,False,,2
2026-10-03T05:15:00Z,6273V26949C1,26949,C1,3,14230,14223,2026-10-03T00:01:45,14223,14202,E,43.45403,-3.8277466,62,False,,1
2026-10-03T05:15:00Z,6273V71185C2,71185,C2,1,05605,05604,2026-10-03T00:01:42,14223,05637,55.0,43.4471,-3.8755975,62,False,,2
2026-10-03T05:15:00Z,2073V70237C4,70237,C4,-1435,15410,15410,2026-10-03T00:00:00,15410,16403,A,43.537647,-5.67596,20,False,12,12
2026-10-03T05:15:00Z,2073V22132C1,22132,C1,3,15212,15217,2026-10-03T00:02:00,15218,15410,A,43.38812,-5.8272715,20,False,2,2
2026-10-03T05:15:00Z,2073V22139C1,22139,C1,3,15203,15206,2026-10-03T00:04:00,15211,15122,A,43.27709,-5.812221,20,False,1,1
2026-10-03T05:15:00Z,2073V22358C3,22358,C3,-1434,15218,15218,2026-10-03T00:07:00,15218,16405,S,43.3588,-5.8573804,20,False,2,2
2026-10-03T05:15:00Z,4173V24722C1,24722,C1,31,62103,62104,2026-10-03T00:08:00,60911,78800,E,38.272114,-0.69527435,41,False,1,1
2026-10-03T05:15:00Z,4173V84931C2,84931,C2,87,61200,06002,2026-10-03T00:34:00,06006,61200,E,37.97462,-1.1315287,41,False,1,2
2026-10-03T05:15:00Z,4173V24723C1,24723,C1,-1419,61200,61200,2026-10-03T00:19:00,61200,60911,S,37.974686,-1.131078,41,False,1,1
2026-10-03T05:20:43Z,3073V23578C1,23578,C1,-1442,51003,51003,2026-10-03T00:39:50,51003,50600,A,37.392567,-5.9749837,30,False,,
2026-10-03T05:20:43Z,3073V23743C5,23743,C5,-1442,51003,51003,2026-10-03T00:38:38,51003,43005,A,37.392567,-5.9749837,30,False,9,9
2026-10-03T05:20:43Z,3073V23841C5,23841,C5,-1,43004,43005,2026-10-03T00:03:15,43005,51113,E,37.381527,-6.193782,30,False,,3
2026-10-03T05:20:43Z,3073V23581C1,23581,C1,1,51103,51111,2026-10-03T00:04:00,51003,51200,18.0,37.289146,-5.935499,30,False,1,1
2026-10-03T05:20:43Z,3173V23455T1,23455,T1,2,51451,51450,2026-10-03T00:01:00,51450,51405,A,36.40869,-6.1343336,31,False,1,1
2026-10-03T05:20:43Z,3173V23456T1,23456,T1,-1433,51405,51405,2026-10-03T00:01:00,51405,51450,A,36.529045,-6.2877955,31,False,5,5
2026-10-03T05:20:43Z,3273V23400C1,23400,C1,2,54503,54501,2026-10-03T00:00:36,54517,54516,E,36.69222,-4.48376,32,False,,2
2026-10-03T05:20:43Z,3273V23402C1,23402,C1,2,54512,54511,2026-10-03T00:03:41,54517,54516,A,36.59906,-4.536344,32,False,2,1
2026-10-03T05:20:43Z,3273V23405C1,23405,C1,3,54519,54510,2026-10-03T00:00:08,54516,54517,88.0,36.610325,-4.514658,32,False,,1
2026-10-03T05:20:43Z,4073V24270C1,24270,C1,34,64202,64203,2026-10-03T00:00:53,65000,69110,67.0,39.417984,-0.3931324,40,False,,2
2026-10-03T05:20:43Z,4073V24366C6,24366,C6,22,65208,65209,2026-10-03T00:03:05,65300,65000,20.0,39.93293,-0.09658491,40,False,4,
2026-10-03T05:20:43Z,4073V24099C2,24099,C2,50,64103,64102,2026-10-03T00:03:37,64100,65000,A,39.083164,-0.46941403,40,False,1,1
2026-10-03T05:20:43Z,4073V24281C1,24281,C1,36,69104,69105,2026-10-03T00:08:25,69110,65000,5.0,39.177853,-0.26344925,40,False,2,1
2026-10-03T05:20:43Z,5173V25795R1,25795,R1,-1,79403,79404,2026-10-03T00:03:17,79500,72305,A,41.445705,2.2490852,50,True,,1
2026-10-03T05:20:43Z,5173V77468R4,77468,R4,-1432,78700,78700,2026-10-03T00:28:19,78700,71600,A,41.56993,2.0143688,50,True,,
2026-10-03T05:20:43Z,5173V77768R4,77768,R4,2,72305,72303,2026-10-03T00:01:40,72209,78700,E,41.36431,2.1008937,50,True,,
2026-10-03T05:20:43Z,5173V25567R2S,25567,R2S,-1434,71600,71600,2026-10-03T00:17:35,71600,79400,A,41.18592,1.5248429,50,False,,
2026-10-03T05:20:43Z,5173V28393R2S,28393,R2S,7,79400,71802,2026-10-03T00:05:41,71700,79400,42.0,41.397396,2.1879463,50,False,,
2026-10-03T05:20:43Z,5173V15023R15,15023,R15,44,71500,71401,2026-10-03T00:05:41,71400,79400,27.0,41.110836,1.2259281,50,False,,
2026-10-03T05:20:43Z,5173V77766R4,77766,R4,4,72210,72209,2026-10-03T00:04:28,72209,78600,23.0,41.476357,1.9582051,50,True,,
2026-10-03T05:20:43Z,5173V28490R2,28490,R2,0,71705,71704,2026-10-03T00:02:21,71700,79104,18.0,41.278534,1.9790753,50,True,,
2026-10-03T05:20:43Z,5173V77464R4,77464,R4,2,78600,78600,2026-10-02T23:59:04,78600,71600,E,41.72026,1.826487,50,True,4,4
2026-10-03T05:20:43Z,5173V25693R1,25693,R1,-1438,79606,79606,2026-10-03T00:23:31,79606,72305,A,41.673496,2.769029,50,True,,
2026-10-03T05:20:43Z,6073V71550C4,71550,C4,6,05481,05483,2026-10-03T00:01:44,05485,05451,E,43.20345,-3.1704924,60,False,,1
2026-10-03T05:20:43Z,6073V35681C3,35681,C3,0,13114,13119,2026-10-03T00:00:14,13200,13100,E,43.24241,-2.9163692,60,False,,1
2026-10-03T05:20:43Z,6073V71553C4,71553,C4,12,05457,05455,2026-10-02T23:59:24,05451,05485,S,43.27407,-2.9740336,60,False,,1
2026-10-03T05:20:43Z,6173V35654C1,35654,C1,3,11408,11407,2026-10-03T00:05:45,11400,11508,E,43.093952,-2.1255136,61,False,,2
2026-10-03T05:20:43Z,6273V26949C1,26949,C1,3,14230,14223,2026-10-03T00:01:45,14223,14202,E,43.45403,-3.8277466,62,False,,1
2026-10-03T05:20:43Z,6273V71185C2,71185,C2,1,05605,05604,2026-10-03T00:01:42,14223,05637,55.0,43.4471,-3.8755975,62,False,,2
2026-10-03T05:20:43Z,2073V70237C4,70237,C4,-1435,15410,15410,2026-10-03T00:00:00,15410,16403,A,43.537647,-5.67596,20,False,12,12
2026-10-03T05:20:43Z,2073V22132C1,22132,C1,3,15212,15217,2026-10-03T00:02:00,15218,15410,A,43.38812,-5.8272715,20,False,2,2
2026-10-03T05:20:43Z,2073V22139C1,22139,C1,3,15203,15206,2026-10-03T00:04:00,15211,15122,A,43.27709,-5.812221,20,False,1,1
2026-10-03T05:20:43Z,2073V22358C3,22358,C3,-1434,15218,15218,2026-10-03T00:07:00,15218,16405,S,43.3588,-5.8573804,20,False,2,2
2026-10-03T05:20:43Z,4173V24722C1,24722,C1,31,62103,62104,2026-10-03T00:08:00,60911,78800,E,38.272114,-0.69527435,41,False,1,1
2026-10-03T05:20:43Z,4173V84931C2,84931,C2,87,61200,06002,2026-10-03T00:34:00,06006,61200,E,37.97462,-1.1315287,41,False,1,2
2026-10-03T05:20:43Z,4173V24723C1,24723,C1,-1419,61200,61200,2026-10-03T00:19:00,61200,60911,S,37.974686,-1.131078,41,False,1,1
2026-10-03T05:29:56Z,3073V23578C1,23578,C1,-1442,51003,51003,2026-10-03T00:39:50,51003,50600,A,37.392567,-5.9749837,30,False,,
2026-10-03T05:29:56Z,3073V23743C5,23743,C5,-1442,51003,51003,2026-10-03T00:38:38,51003,43005,A,37.392567,-5.9749837,30,False,9,9
2026-10-03T05:29:56Z,3073V23841C5,23841,C5,-1,43004,43005,2026-10-03T00:03:15,43005,51113,E,37.381527,-6.193782,30,False,,3
2026-10-03T05:29:56Z,3073V23581C1,23581,C1,1,51103,51111,2026-10-03T00:04:00,51003,51200,18.0,37.289146,-5.935499,30,False,1,1
2026-10-03T05:29:56Z,3173V23455T1,23455,T1,2,51451,51450,2026-10-03T00:01:00,51450,51405,A,36.40869,-6.1343336,31,False,1,1
2026-10-03T05:29:56Z,3173V23456T1,23456,T1,-1433,51405,51405,2026-10-03T00:01:00,51405,51450,A,36.529045,-6.2877955,31,False,5,5
2026-10-03T05:29:56Z,3273V23400C1,23400,C1,2,54503,54501,2026-10-03T00:00:36,54517,54516,E,36.69222,-4.48376,32,False,,2
2026-10-03T05:29:56Z,3273V23402C1,23402,C1,2,54512,54511,2026-10-03T00:03:41,54517,54516,A,36.59906,-4.536344,32,False,2,1
2026-10-03T05:29:56Z,3273V23405C1,23405,C1,3,54519,54510,2026-10-03T00:00:08,54516,54517,88.0,36.610325,-4.514658,32,False,,1
2026-10-03T05:29:56Z,4073V24270C1,24270,C1,34,64202,64203,2026-10-03T00:00:53,65000,69110,67.0,39.417984,-0.3931324,40,False,,2
2026-10-03T05:29:56Z,4073V24366C6,24366,C6,22,65208,65209,2026-10-03T00:03:05,65300,65000,20.0,39.93293,-0.09658491,40,False,4,
2026-10-03T05:29:56Z,4073V24099C2,24099,C2,50,64103,64102,2026-10-03T00:03:37,64100,65000,A,39.083164,-0.46941403,40,False,1,1
2026-10-03T05:29:56Z,4073V24281C1,24281,C1,36,69104,69105,2026-10-03T00:08:25,69110,65000,5.0,39.177853,-0.26344925,40,False,2,1
2026-10-03T05:29:56Z,5173V25795R1,25795,R1,-1,79403,79404,2026-10-03T00:03:17,79500,72305,A,41.445705,2.2490852,50,True,,1
2026-10-03T05:29:56Z,5173V77468R4,77468,R4,-1432,78700,78700,2026-10-03T00:28:19,78700,71600,A,41.56993,2.0143688,50,True,,
2026-10-03T05:29:56Z,5173V77768R4,77768,R4,2,72305,72303,2026-10-03T00:01:40,72209,78700,E,41.36431,2.1008937,50,True,,
2026-10-03T05:29:56Z,5173V25567R2S,25567,R2S,-1434,71600,71600,2026-10-03T00:17:35,71600,79400,A,41.18592,1.5248429,50,False,,
2026-10-03T05:29:56Z,5173V28393R2S,28393,R2S,7,79400,71802,2026-10-03T00:05:41,71700,79400,42.0,41.397396,2.1879463,50,False,,
2026-10-03T05:29:56Z,5173V15023R15,15023,R15,44,71500,71401,2026-10-03T00:05:41,71400,79400,27.0,41.110836,1.2259281,50,False,,
2026-10-03T05:29:56Z,5173V77766R4,77766,R4,4,72210,72209,2026-10-03T00:04:28,72209,78600,23.0,41.476357,1.9582051,50,True,,
2026-10-03T05:29:56Z,5173V28490R2,28490,R2,0,71705,71704,2026-10-03T00:02:21,71700,79104,18.0,41.278534,1.9790753,50,True,,
2026-10-03T05:29:56Z,5173V77464R4,77464,R4,2,78600,78600,2026-10-02T23:59:04,78600,71600,E,41.72026,1.826487,50,True,4,4
2026-10-03T05:29:56Z,5173V25693R1,25693,R1,-1438,79606,79606,2026-10-03T00:23:31,79606,72305,A,41.673496,2.769029,50,True,,
2026-10-03T05:29:56Z,6073V71550C4,71550,C4,6,05481,05483,2026-10-03T00:01:44,05485,05451,E,43.20345,-3.1704924,60,False,,1
2026-10-03T05:29:56Z,6073V35681C3,35681,C3,0,13114,13119,2026-10-03T00:00:14,13200,13100,E,43.24241,-2.9163692,60,False,,1
2026-10-03T05:29:56Z,6073V71553C4,71553,C4,12,05457,05455,2026-10-02T23:59:24,05451,05485,S,43.27407,-2.9740336,60,False,,1
2026-10-03T05:29:56Z,6173V35654C1,35654,C1,3,11408,11407,2026-10-03T00:05:45,11400,11508,E,43.093952,-2.1255136,61,False,,2
2026-10-03T05:29:56Z,6273V26949C1,26949,C1,3,14230,14223,2026-10-03T00:01:45,14223,14202,E,43.45403,-3.8277466,62,False,,1
2026-10-03T05:29:56Z,6273V71185C2,71185,C2,1,05605,05604,2026-10-03T00:01:42,14223,05637,55.0,43.4471,-3.8755975,62,False,,2
2026-10-03T05:29:56Z,2073V70237C4,70237,C4,-1435,15410,15410,2026-10-03T00:00:00,15410,16403,A,43.537647,-5.67596,20,False,12,12
2026-10-03T05:29:56Z,2073V22132C1,22132,C1,3,15212,15217,2026-10-03T00:02:00,15218,15410,A,43.38812,-5.8272715,20,False,2,2
2026-10-03T05:29:56Z,2073V22139C1,22139,C1,3,15203,15206,2026-10-03T00:04:00,15211,15122,A,43.27709,-5.812221,20,False,1,1
2026-10-03T05:29:56Z,2073V22358C3,22358,C3,-1434,15218,15218,2026-10-03T00:07:00,15218,16405,S,43.3588,-5.8573804,20,False,2,2
2026-10-03T05:29:56Z,4173V24722C1,24722,C1,31,62103,62104,2026-10-03T00:08:00,60911,78800,E,38.272114,-0.69527435,41,False,1,1
2026-10-03T05:29:56Z,4173V84931C2,84931,C2,87,61200,06002,2026-10-03T00:34:00,06006,61200,E,37.97462,-1.1315287,41,False,1,2
2026-10-03T05:29:56Z,4173V24723C1,24723,C1,-1419,61200,61200,2026-10-03T00:19:00,61200,60911,S,37.974686,-1.131078,41,False,1,1
2026-10-03T05:35:10Z,3073V23578C1,23578,C1,-1442,51003,51003,2026-10-03T00:39:50,51003,50600,A,37.392567,-5.9749837,30,False,,
2026-10-03T05:35:10Z,3073V23743C5,23743,C5,-1442,51003,51003,2026-10-03T00:38:38,51003,43005,A,37.392567,-5.9749837,30,False,9,9
2026-10-03T05:35:10Z,3073V23841C5,23841,C5,-1,43004,43005,2026-10-03T00:03:15,43005,51113,E,37.381527,-6.193782,30,False,,3
2026-10-03T05:35:10Z,3073V23581C1,23581,C1,1,51103,51111,2026-10-03T00:04:00,51003,51200,18.0,37.289146,-5.935499,30,False,1,1
2026-10-03T05:35:10Z,3173V23455T1,23455,T1,2,51451,51450,2026-10-03T00:01:00,51450,51405,A,36.40869,-6.1343336,31,False,1,1
2026-10-03T05:35:10Z,3173V23456T1,23456,T1,-1433,51405,51405,2026-10-03T00:01:00,51405,51450,A,36.529045,-6.2877955,31,False,5,5
2026-10-03T05:35:10Z,3273V23400C1,23400,C1,2,54503,54501,2026-10-03T00:00:36,54517,54516,E,36.69222,-4.48376,32,False,,2
2026-10-03T05:35:10Z,3273V23402C1,23402,C1,2,54512,54511,2026-10-03T00:03:41,54517,54516,A,36.59906,-4.536344,32,False,2,1
2026-10-03T05:35:10Z,3273V23405C1,23405,C1,3,54519,54510,2026-10-03T00:00:08,54516,54517,88.0,36.610325,-4.514658,32,False,,1
2026-10-03T05:35:10Z,4073V24270C1,24270,C1,34,64202,64203,2026-10-03T00:00:53,65000,69110,67.0,39.417984,-0.3931324,40,False,,2
2026-10-03T05:35:10Z,4073V24366C6,24366,C6,22,65208,65209,2026-10-03T00:03:05,65300,65000,20.0,39.93293,-0.09658491,40,False,4,
2026-10-03T05:35:10Z,4073V24099C2,24099,C2,50,64103,64102,2026-10-03T00:03:37,64100,65000,A,39.083164,-0.46941403,40,False,1,1
2026-10-03T05:35:10Z,4073V24281C1,24281,C1,36,69104,69105,2026-10-03T00:08:25,69110,65000,5.0,39.177853,-0.26344925,40,False,2,1
2026-10-03T05:35:10Z,5173V25795R1,25795,R1,-1,79403,79404,2026-10-03T00:03:17,79500,72305,A,41.445705,2.2490852,50,True,,1
2026-10-03T05:35:10Z,5173V77468R4,77468,R4,-1432,78700,78700,2026-10-03T00:28:19,78700,71600,A,41.56993,2.0143688,50,True,,
2026-10-03T05:35:10Z,5173V77768R4,77768,R4,2,72305,72303,2026-10-03T00:01:40,72209,78700,E,41.36431,2.1008937,50,True,,
2026-10-03T05:35:10Z,5173V25567R2S,25567,R2S,-1434,71600,71600,2026-10-03T00:17:35,71600,79400,A,41.18592,1.5248429,50,False,,
2026-10-03T05:35:10Z,5173V28393R2S,28393,R2S,7,79400,71802,2026-10-03T00:05:41,71700,79400,42.0,41.397396,2.1879463,50,False,,
2026-10-03T05:35:10Z,5173V15023R15,15023,R15,44,71500,71401,2026-10-03T00:05:41,71400,79400,27.0,41.110836,1.2259281,50,False,,
2026-10-03T05:35:10Z,5173V77766R4,77766,R4,4,72210,72209,2026-10-03T00:04:28,72209,78600,23.0,41.476357,1.9582051,50,True,,
2026-10-03T05:35:10Z,5173V28490R2,28490,R2,0,71705,71704,2026-10-03T00:02:21,71700,79104,18.0,41.278534,1.9790753,50,True,,
2026-10-03T05:35:10Z,5173V77464R4,77464,R4,2,78600,78600,2026-10-02T23:59:04,78600,71600,E,41.72026,1.826487,50,True,4,4
2026-10-03T05:35:10Z,5173V25693R1,25693,R1,-1438,79606,79606,2026-10-03T00:23:31,79606,72305,A,41.673496,2.769029,50,True,,
2026-10-03T05:35:10Z,6073V71550C4,71550,C4,6,05481,05483,2026-10-03T00:01:44,05485,05451,E,43.20345,-3.1704924,60,False,,1
2026-10-03T05:35:10Z,6073V35681C3,35681,C3,0,13114,13119,2026-10-03T00:00:14,13200,13100,E,43.24241,-2.9163692,60,False,,1
2026-10-03T05:35:10Z,6073V71553C4,71553,C4,12,05457,05455,2026-10-02T23:59:24,05451,05485,S,43.27407,-2.9740336,60,False,,1
2026-10-03T05:35:10Z,6173V35654C1,35654,C1,3,11408,11407,2026-10-03T00:05:45,11400,11508,E,43.093952,-2.1255136,61,False,,2
2026-10-03T05:35:10Z,6273V26949C1,26949,C1,3,14230,14223,2026-10-03T00:01:45,14223,14202,E,43.45403,-3.8277466,62,False,,1
2026-10-03T05:35:10Z,6273V71185C2,71185,C2,1,05605,05604,2026-10-03T00:01:42,14223,05637,55.0,43.4471,-3.8755975,62,False,,2
2026-10-03T05:35:10Z,2073V70237C4,70237,C4,-1435,15410,15410,2026-10-03T00:00:00,15410,16403,A,43.537647,-5.67596,20,False,12,12
2026-10-03T05:35:10Z,2073V22132C1,22132,C1,3,15212,15217,2026-10-03T00:02:00,15218,15410,A,43.38812,-5.8272715,20,False,2,2
2026-10-03T05:35:10Z,2073V22139C1,22139,C1,3,15203,15206,2026-10-03T00:04:00,15211,15122,A,43.27709,-5.812221,20,False,1,1
2026-10-03T05:35:10Z,2073V22358C3,22358,C3,-1434,15218,15218,2026-10-03T00:07:00,15218,16405,S,43.3588,-5.8573804,20,False,2,2
2026-10-03T05:35:10Z,4173V24722C1,24722,C1,31,62103,62104,2026-10-03T00:08:00,60911,78800,E,38.272114,-0.69527435,41,False,1,1
2026-10-03T05:35:10Z,4173V84931C2,84931,C2,87,61200,06002,2026-10-03T00:34:00,06006,61200,E,37.97462,-1.1315287,41,False,1,2
2026-10-03T05:35:10Z,4173V24723C1,24723,C1,-1419,61200,61200,2026-10-03T00:19:00,61200,60911,S,37.974686,-1.131078,41,False,1,1
2026-10-03T05:40:31Z,3073V23578C1,23578,C1,-1442,51003,51003,2026-10-03T00:39:50,51003,50600,A,37.392567,-5.9749837,30,False,,
2026-10-03T05:40:31Z,3073V23743C5,23743,C5,-1442,51003,51003,2026-10-03T00:38:38,51003,43005,A,37.392567,-5.9749837,30,False,9,9
2026-10-03T05:40:31Z,3073V23841C5,23841,C5,-1,43004,43005,2026-10-03T00:03:15,43005,51113,E,37.381527,-6.193782,30,False,,3
2026-10-03T05:40:31Z,3073V23581C1,23581,C1,1,51103,51111,2026-10-03T00:04:00,51003,51200,18.0,37.289146,-5.935499,30,False,1,1
2026-10-03T05:40:31Z,3173V23455T1,23455,T1,2,51451,51450,2026-10-03T00:01:00,51450,51405,A,36.40869,-6.1343336,31,False,1,1
2026-10-03T05:40:31Z,3173V23456T1,23456,T1,-1433,51405,51405,2026-10-03T00:01:00,51405,51450,A,36.529045,-6.2877955,31,False,5,5
2026-10-03T05:40:31Z,3273V23400C1,23400,C1,2,54503,54501,2026-10-03T00:00:36,54517,54516,E,36.69222,-4.48376,32,False,,2
2026-10-03T05:40:31Z,3273V23402C1,23402,C1,2,54512,54511,2026-10-03T00:03:41,54517,54516,A,36.59906,-4.536344,32,False,2,1
2026-10-03T05:40:31Z,3273V23405C1,23405,C1,3,54519,54510,2026-10-03T00:00:08,54516,54517,88.0,36.610325,-4.514658,32,False,,1
2026-10-03T05:40:31Z,4073V24270C1,24270,C1,34,64202,64203,2026-10-03T00:00:53,65000,69110,67.0,39.417984,-0.3931324,40,False,,2
2026-10-03T05:40:31Z,4073V24366C6,24366,C6,22,65208,65209,2026-10-03T00:03:05,65300,65000,20.0,39.93293,-0.09658491,40,False,4,
2026-10-03T05:40:31Z,4073V24099C2,24099,C2,50,64103,64102,2026-10-03T00:03:37,64100,65000,A,39.083164,-0.46941403,40,False,1,1
2026-10-03T05:40:31Z,4073V24281C1,24281,C1,36,69104,69105,2026-10-03T00:08:25,69110,65000,5.0,39.177853,-0.26344925,40,False,2,1
2026-10-03T05:40:31Z,5173V25795R1,25795,R1,-1,79403,79404,2026-10-03T00:03:17,79500,72305,A,41.445705,2.2490852,50,True,,1
2026-10-03T05:40:31Z,5173V77468R4,77468,R4,-1432,78700,78700,2026-10-03T00:28:19,78700,71600,A,41.56993,2.0143688,50,True,,
2026-10-03T05:40:31Z,5173V77768R4,77768,R4,2,72305,72303,2026-10-03T00:01:40,72209,78700,E,41.36431,2.1008937,50,True,,
2026-10-03T05:40:31Z,5173V25567R2S,25567,R2S,-1434,71600,71600,2026-10-03T00:17:35,71600,79400,A,41.18592,1.5248429,50,False,,
2026-10-03T05:40:31Z,5173V28393R2S,28393,R2S,7,79400,71802,2026-10-03T00:05:41,71700,79400,42.0,41.397396,2.1879463,50,False,,
2026-10-03T05:40:31Z,5173V15023R15,15023,R15,44,71500,71401,2026-10-03T00:05:41,71400,79400,27.0,41.110836,1.2259281,50,False,,
2026-10-03T05:40:31Z,5173V77766R4,77766,R4,4,72210,72209,2026-10-03T00:04:28,72209,78600,23.0,41.476357,1.9582051,50,True,,
2026-10-03T05:40:31Z,5173V28490R2,28490,R2,0,71705,71704,2026-10-03T00:02:21,71700,79104,18.0,41.278534,1.9790753,50,True,,
2026-10-03T05:40:31Z,5173V77464R4,77464,R4,2,78600,78600,2026-10-02T23:59:04,78600,71600,E,41.72026,1.826487,50,True,4,4
2026-10-03T05:40:31Z,5173V25693R1,25693,R1,-1438,79606,79606,2026-10-03T00:23:31,79606,72305,A,41.673496,2.769029,50,True,,
2026-10-03T05:40:31Z,6073V71550C4,71550,C4,6,05481,05483,2026-10-03T00:01:44,05485,05451,E,43.20345,-3.1704924,60,False,,1
2026-10-03T05:40:31Z,6073V35681C3,35681,C3,0,13114,13119,2026-10-03T00:00:14,13200,13100,E,43.24241,-2.9163692,60,False,,1
2026-10-03T05:40:31Z,6073V71553C4,71553,C4,12,05457,05455,2026-10-02T23:59:24,05451,05485,S,43.27407,-2.9740336,60,False,,1
2026-10-03T05:40:31Z,6173V35654C1,35654,C1,3,11408,11407,2026-10-03T00:05:45,11400,11508,E,43.093952,-2.1255136,61,False,,2
2026-10-03T05:40:31Z,6273V26949C1,26949,C1,3,14230,14223,2026-10-03T00:01:45,14223,14202,E,43.45403,-3.8277466,62,False,,1
2026-10-03T05:40:31Z,6273V71185C2,71185,C2,1,05605,05604,2026-10-03T00:01:42,14223,05637,55.0,43.4471,-3.8755975,62,False,,2
2026-10-03T05:40:31Z,2073V70237C4,70237,C4,-1435,15410,15410,2026-10-03T00:00:00,15410,16403,A,43.537647,-5.67596,20,False,12,12
2026-10-03T05:40:31Z,2073V22132C1,22132,C1,3,15212,15217,2026-10-03T00:02:00,15218,15410,A,43.38812,-5.8272715,20,False,2,2
2026-10-03T05:40:31Z,2073V22139C1,22139,C1,3,15203,15206,2026-10-03T00:04:00,15211,15122,A,43.27709,-5.812221,20,False,1,1
2026-10-03T05:40:31Z,2073V22358C3,22358,C3,-1434,15218,15218,2026-10-03T00:07:00,15218,16405,S,43.3588,-5.8573804,20,False,2,2
2026-10-03T05:40:31Z,4173V24722C1,24722,C1,31,62103,62104,2026-10-03T00:08:00,60911,78800,E,38.272114,-0.69527435,41,False,1,1
2026-10-03T05:40:31Z,4173V84931C2,84931,C2,87,61200,06002,2026-10-03T00:34:00,06006,61200,E,37.97462,-1.1315287,41,False,1,2
2026-10-03T05:40:31Z,4173V24723C1,24723,C1,-1419,61200,61200,2026-10-03T00:19:00,61200,60911,S,37.974686,-1.131078,41,False,1,1
2026-10-03T05:49:57Z,3073V23578C1,23578,C1,-1442,51003,51003,2026-10-03T00:39:50,51003,50600,A,37.392567,-5.9749837,30,False,,
2026-10-03T05:49:57Z,3073V23743C5,23743,C5,-1442,51003,51003,2026-10-03T00:38:38,51003,43005,A,37.392567,-5.9749837,30,False,9,9
2026-10-03T05:49:57Z,3073V23841C5,23841,C5,-1,43004,43005,2026-10-03T00:03:15,43005,51113,E,37.381527,-6.193782,30,False,,3
2026-10-03T05:49:57Z,3073V23581C1,23581,C1,1,51103,51111,2026-10-03T00:04:00,51003,51200,18.0,37.289146,-5.935499,30,False,1,1
2026-10-03T05:49:57Z,3173V23455T1,23455,T1,2,51451,51450,2026-10-03T00:01:00,51450,51405,A,36.40869,-6.1343336,31,False,1,1
2026-10-03T05:49:57Z,3173V23456T1,23456,T1,-1433,51405,51405,2026-10-03T00:01:00,51405,51450,A,36.529045,-6.2877955,31,False,5,5
2026-10-03T05:49:57Z,3273V23400C1,23400,C1,2,54503,54501,2026-10-03T00:00:36,54517,54516,E,36.69222,-4.48376,32,False,,2
2026-10-03T05:49:57Z,3273V23402C1,23402,C1,2,54512,54511,2026-10-03T00:03:41,54517,54516,A,36.59906,-4.536344,32,False,2,1
2026-10-03T05:49:57Z,3273V23405C1,23405,C1,3,54519,54510,2026-10-03T00:00:08,54516,54517,88.0,36.610325,-4.514658,32,False,,1
2026-10-03T05:49:57Z,4073V24270C1,24270,C1,34,64202,64203,2026-10-03T00:00:53,65000,69110,67.0,39.417984,-0.3931324,40,False,,2
2026-10-03T05:49:57Z,4073V24366C6,24366,C6,22,65208,65209,2026-10-03T00:03:05,65300,65000,20.0,39.93293,-0.09658491,40,False,4,
2026-10-03T05:49:57Z,4073V24099C2,24099,C2,50,64103,64102,2026-10-03T00:03:37,64100,65000,A,39.083164,-0.46941403,40,False,1,1
2026-10-03T05:49:57Z,4073V24281C1,24281,C1,36,69104,69105,2026-10-03T00:08:25,69110,65000,5.0,39.177853,-0.26344925,40,False,2,1
2026-10-03T05:49:57Z,5173V25795R1,25795,R1,-1,79403,79404,2026-10-03T00:03:17,79500,72305,A,41.445705,2.2490852,50,True,,1
2026-10-03T05:49:57Z,5173V77468R4,77468,R4,-1432,78700,78700,2026-10-03T00:28:19,78700,71600,A,41.56993,2.0143688,50,True,,
2026-10-03T05:49:57Z,5173V77768R4,77768,R4,2,72305,72303,2026-10-03T00:01:40,72209,78700,E,41.36431,2.1008937,50,True,,
2026-10-03T05:49:57Z,5173V25567R2S,25567,R2S,-1434,71600,71600,2026-10-03T00:17:35,71600,79400,A,41.18592,1.5248429,50,False,,
2026-10-03T05:49:57Z,5173V28393R2S,28393,R2S,7,79400,71802,2026-10-03T00:05:41,71700,79400,42.0,41.397396,2.1879463,50,False,,
2026-10-03T05:49:57Z,5173V15023R15,15023,R15,44,71500,71401,2026-10-03T00:05:41,71400,79400,27.0,41.110836,1.2259281,50,False,,
2026-10-03T05:49:57Z,5173V77766R4,77766,R4,4,72210,72209,2026-10-03T00:04:28,72209,78600,23.0,41.476357,1.9582051,50,True,,
2026-10-03T05:49:57Z,5173V28490R2,28490,R2,0,71705,71704,2026-10-03T00:02:21,71700,79104,18.0,41.278534,1.9790753,50,True,,
2026-10-03T05:49:57Z,5173V77464R4,77464,R4,2,78600,78600,2026-10-02T23:59:04,78600,71600,E,41.72026,1.826487,50,True,4,4
2026-10-03T05:49:57Z,5173V25693R1,25693,R1,-1438,79606,79606,2026-10-03T00:23:31,79606,72305,A,41.673496,2.769029,50,True,,
2026-10-03T05:49:57Z,6073V71550C4,71550,C4,6,05481,05483,2026-10-03T00:01:44,05485,05451,E,43.20345,-3.1704924,60,False,,1
2026-10-03T05:49:57Z,6073V35681C3,35681,C3,0,13114,13119,2026-10-03T00:00:14,13200,13100,E,43.24241,-2.9163692,60,False,,1
2026-10-03T05:49:57Z,6073V71553C4,71553,C4,12,05457,05455,2026-10-02T23:59:24,05451,05485,S,43.27407,-2.9740336,60,False,,1
2026-10-03T05:49:57Z,6173V35654C1,35654,C1,3,11408,11407,2026-10-03T00:05:45,11400,11508,E,43.093952,-2.1255136,61,False,,2
2026-10-03T05:49:57Z,6273V26949C1,26949,C1,3,14230,14223,2026-10-03T00:01:45,14223,14202,E,43.45403,-3.8277466,62,False,,1
2026-10-03T05:49:57Z,6273V71185C2,71185,C2,1,05605,05604,2026-10-03T00:01:42,14223,05637,55.0,43.4471,-3.8755975,62,False,,2
2026-10-03T05:49:57Z,2073V70237C4,70237,C4,-1435,15410,15410,2026-10-03T00:00:00,15410,16403,A,43.537647,-5.67596,20,False,12,12
2026-10-03T05:49:57Z,2073V22132C1,22132,C1,3,15212,15217,2026-10-03T00:02:00,15218,15410,A,43.38812,-5.8272715,20,False,2,2
2026-10-03T05:49:57Z,2073V22139C1,22139,C1,3,15203,15206,2026-10-03T00:04:00,15211,15122,A,43.27709,-5.812221,20,False,1,1
2026-10-03T05:49:57Z,2073V22358C3,22358,C3,-1434,15218,15218,2026-10-03T00:07:00,15218,16405,S,43.3588,-5.8573804,20,False,2,2
2026-10-03T05:49:57Z,4173V24722C1,24722,C1,31,62103,62104,2026-10-03T00:08:00,60911,78800,E,38.272114,-0.69527435,41,False,1,1
2026-10-03T05:49:57Z,4173V84931C2,84931,C2,87,61200,06002,2026-10-03T00:34:00,06006,61200,E,37.97462,-1.1315287,41,False,1,2
2026-10-03T05:49:57Z,4173V24723C1,24723,C1,-1419,61200,61200,2026-10-03T00:19:00,61200,60911,S,37.974686,-1.131078,41,False,1,1
2026-10-03T05:55:03Z,3073V23578C1,23578,C1,-1442,51003,51003,2026-10-03T00:39:50,51003,50600,A,37.392567,-5.9749837,30,False,,
2026-10-03T05:55:03Z,3073V23743C5,23743,C5,-1442,51003,51003,2026-10-03T00:38:38,51003,43005,A,37.392567,-5.9749837,30,False,9,9
2026-10-03T05:55:03Z,3073V23841C5,23841,C5,-1,43004,43005,2026-10-03T00:03:15,43005,51113,E,37.381527,-6.193782,30,False,,3
2026-10-03T05:55:03Z,3073V23581C1,23581,C1,1,51103,51111,2026-10-03T00:04:00,51003,51200,18.0,37.289146,-5.935499,30,False,1,1
2026-10-03T05:55:03Z,3173V23455T1,23455,T1,2,51451,51450,2026-10-03T00:01:00,51450,51405,A,36.40869,-6.1343336,31,False,1,1
2026-10-03T05:55:03Z,3173V23456T1,23456,T1,-1433,51405,51405,2026-10-03T00:01:00,51405,51450,A,36.529045,-6.2877955,31,False,5,5
2026-10-03T05:55:03Z,3273V23400C1,23400,C1,2,54503,54501,2026-10-03T00:00:36,54517,54516,E,36.69222,-4.48376,32,False,,2
2026-10-03T05:55:03Z,3273V23402C1,23402,C1,2,54512,54511,2026-10-03T00:03:41,54517,54516,A,36.59906,-4.536344,32,False,2,1
2026-10-03T05:55:03Z,3273V23405C1,23405,C1,3,54519,54510,2026-10-03T00:00:08,54516,54517,88.0,36.610325,-4.514658,32,False,,1
2026-10-03T05:55:03Z,4073V24270C1,24270,C1,34,64202,64203,2026-10-03T00:00:53,65000,69110,67.0,39.417984,-0.3931324,40,False,,2
2026-10-03T05:55:03Z,4073V24366C6,24366,C6,22,65208,65209,2026-10-03T00:03:05,65300,65000,20.0,39.93293,-0.09658491,40,False,4,
2026-10-03T05:55:03Z,4073V24099C2,24099,C2,50,64103,64102,2026-10-03T00:03:37,64100,65000,A,39.083164,-0.46941403,40,False,1,1
2026-10-03T05:55:03Z,4073V24281C1,24281,C1,36,69104,69105,2026-10-03T00:08:25,69110,65000,5.0,39.177853,-0.26344925,40,False,2,1
2026-10-03T05:55:03Z,5173V25795R1,25795,R1,-1,79403,79404,2026-10-03T00:03:17,79500,72305,A,41.445705,2.2490852,50,True,,1
2026-10-03T05:55:03Z,5173V77468R4,77468,R4,-1432,78700,78700,2026-10-03T00:28:19,78700,71600,A,41.56993,2.0143688,50,True,,
2026-10-03T05:55:03Z,5173V77768R4,77768,R4,2,72305,72303,2026-10-03T00:01:40,72209,78700,E,41.36431,2.1008937,50,True,,
2026-10-03T05:55:03Z,5173V25567R2S,25567,R2S,-1434,71600,71600,2026-10-03T00:17:35,71600,79400,A,41.18592,1.5248429,50,False,,
2026-10-03T05:55:03Z,5173V28393R2S,28393,R2S,7,79400,71802,2026-10-03T00:05:41,71700,79400,42.0,41.397396,2.1879463,50,False,,
2026-10-03T05:55:03Z,5173V15023R15,15023,R15,44,71500,71401,2026-10-03T00:05:41,71400,79400,27.0,41.110836,1.2259281,50,False,,
2026-10-03T05:55:03Z,5173V77766R4,77766,R4,4,72210,72209,2026-10-03T00:04:28,72209,78600,23.0,41.476357,1.9582051,50,True,,
2026-10-03T05:55:03Z,5173V28490R2,28490,R2,0,71705,71704,2026-10-03T00:02:21,71700,79104,18.0,41.278534,1.9790753,50,True,,
2026-10-03T05:55:03Z,5173V77464R4,77464,R4,2,78600,78600,2026-10-02T23:59:04,78600,71600,E,41.72026,1.826487,50,True,4,4
2026-10-03T05:55:03Z,5173V25693R1,25693,R1,-1438,79606,79606,2026-10-03T00:23:31,79606,72305,A,41.673496,2.769029,50,True,,
2026-10-03T05:55:03Z,6073V71550C4,71550,C4,6,05481,05483,2026-10-03T00:01:44,05485,05451,E,43.20345,-3.1704924,60,False,,1
2026-10-03T05:55:03Z,6073V35681C3,35681,C3,0,13114,13119,2026-10-03T00:00:14,13200,13100,E,43.24241,-2.9163692,60,False,,1
2026-10-03T05:55:03Z,6073V71553C4,71553,C4,12,05457,05455,2026-10-02T23:59:24,05451,05485,S,43.27407,-2.9740336,60,False,,1
2026-10-03T05:55:03Z,6173V35654C1,35654,C1,3,11408,11407,2026-10-03T00:05:45,11400,11508,E,43.093952,-2.1255136,61,False,,2
2026-10-03T05:55:03Z,6273V26949C1,26949,C1,3,14230,14223,2026-10-03T00:01:45,14223,14202,E,43.45403,-3.8277466,62,False,,1
2026-10-03T05:55:03Z,6273V71185C2,71185,C2,1,05605,05604,2026-10-03T00:01:42,14223,05637,55.0,43.4471,-3.8755975,62,False,,2
2026-10-03T05:55:03Z,2073V70237C4,70237,C4,-1435,15410,15410,2026-10-03T00:00:00,15410,16403,A,43.537647,-5.67596,20,False,12,12
2026-10-03T05:55:03Z,2073V22132C1,22132,C1,3,15212,15217,2026-10-03T00:02:00,15218,15410,A,43.38812,-5.8272715,20,False,2,2
2026-10-03T05:55:03Z,2073V22139C1,22139,C1,3,15203,15206,2026-10-03T00:04:00,15211,15122,A,43.27709,-5.812221,20,False,1,1
2026-10-03T05:55:03Z,2073V22358C3,22358,C3,-1434,15218,15218,2026-10-03T00:07:00,15218,16405,S,43.3588,-5.8573804,20,False,2,2
2026-10-03T05:55:03Z,4173V24722C1,24722,C1,31,62103,62104,2026-10-03T00:08:00,60911,78800,E,38.272114,-0.69527435,41,False,1,1
2026-10-03T05:55:03Z,4173V84931C2,84931,C2,87,61200,06002,2026-10-03T00:34:00,06006,61200,E,37.97462,-1.1315287,41,False,1,2
2026-10-03T05:55:03Z,4173V24723C1,24723,C1,-1419,61200,61200,2026-10-03T00:19:00,61200,60911,S,37.974686,-1.131078,41,False,1,1
2026-10-03T05:59:55Z,3073V23578C1,23578,C1,-1442,51003,51003,2026-10-03T00:39:50,51003,50600,A,37.392567,-5.9749837,30,False,,
2026-10-03T05:59:55Z,3073V23743C5,23743,C5,-1442,51003,51003,2026-10-03T00:38:38,51003,43005,A,37.392567,-5.9749837,30,False,9,9
2026-10-03T05:59:55Z,3073V23841C5,23841,C5,-1,43004,43005,2026-10-03T00:03:15,43005,51113,E,37.381527,-6.193782,30,False,,3
2026-10-03T05:59:55Z,3073V23581C1,23581,C1,1,51103,51111,2026-10-03T00:04:00,51003,51200,18.0,37.289146,-5.935499,30,False,1,1
2026-10-03T05:59:55Z,3173V23455T1,23455,T1,2,51451,51450,2026-10-03T00:01:00,51450,51405,A,36.40869,-6.1343336,31,False,1,1
2026-10-03T05:59:55Z,3173V23456T1,23456,T1,-1433,51405,51405,2026-10-03T00:01:00,51405,51450,A,36.529045,-6.2877955,31,False,5,5
2026-10-03T05:59:55Z,3273V23400C1,23400,C1,2,54503,54501,2026-10-03T00:00:36,54517,54516,E,36.69222,-4.48376,32,False,,2
2026-10-03T05:59:55Z,3273V23402C1,23402,C1,2,54512,54511,2026-10-03T00:03:41,54517,54516,A,36.59906,-4.536344,32,False,2,1
2026-10-03T05:59:55Z,3273V23405C1,23405,C1,3,54519,54510,2026-10-03T00:00:08,54516,54517,88.0,36.610325,-4.514658,32,False,,1
2026-10-03T05:59:55Z,4073V24270C1,24270,C1,34,64202,64203,2026-10-03T00:00:53,65000,69110,67.0,39.417984,-0.3931324,40,False,,2
2026-10-03T05:59:55Z,4073V24366C6,24366,C6,22,65208,65209,2026-10-03T00:03:05,65300,65000,20.0,39.93293,-0.09658491,40,False,4,
2026-10-03T05:59:55Z,4073V24099C2,24099,C2,50,64103,64102,2026-10-03T00:03:37,64100,65000,A,39.083164,-0.46941403,40,False,1,1
2026-10-03T05:59:55Z,4073V24281C1,24281,C1,36,69104,69105,2026-10-03T00:08:25,69110,65000,5.0,39.177853,-0.26344925,40,False,2,1
2026-10-03T05:59:55Z,5173V25795R1,25795,R1,-1,79403,79404,2026-10-03T00:03:17,79500,72305,A,41.445705,2.2490852,50,True,,1
2026-10-03T05:59:55Z,5173V77468R4,77468,R4,-1432,78700,78700,2026-10-03T00:28:19,78700,71600,A,41.56993,2.0143688,50,True,,
2026-10-03T05:59:55Z,5173V77768R4,77768,R4,2,72305,72303,2026-10-03T00:01:40,72209,78700,E,41.36431,2.1008937,50,True,,
2026-10-03T05:59:55Z,5173V25567R2S,25567,R2S,-1434,71600,71600,2026-10-03T00:17:35,71600,79400,A,41.18592,1.5248429,50,False,,
2026-10-03T05:59:55Z,5173V28393R2S,28393,R2S,7,79400,71802,2026-10-03T00:05:41,71700,79400,42.0,41.397396,2.1879463,50,False,,
2026-10-03T05:59:55Z,5173V15023R15,15023,R15,44,71500,71401,2026-10-03T00:05:41,71400,79400,27.0,41.110836,1.2259281,50,False,,
2026-10-03T05:59:55Z,5173V77766R4,77766,R4,4,72210,72209,2026-10-03T00:04:28,72209,78600,23.0,41.476357,1.9582051,50,True,,
2026-10-03T05:59:55Z,5173V28490R2,28490,R2,0,71705,71704,2026-10-03T00:02:21,71700,79104,18.0,41.278534,1.9790753,50,True,,
2026-10-03T05:59:55Z,5173V77464R4,77464,R4,2,78600,78600,2026-10-02T23:59:04,78600,71600,E,41.72026,1.826487,50,True,4,4
2026-10-03T05:59:55Z,5173V25693R1,25693,R1,-1438,79606,79606,2026-10-03T00:23:31,79606,72305,A,41.673496,2.769029,50,True,,
2026-10-03T05:59:55Z,6073V71550C4,71550,C4,6,05481,05483,2026-10-03T00:01:44,05485,05451,E,43.20345,-3.1704924,60,False,,1
2026-10-03T05:59:55Z,6073V35681C3,35681,C3,0,13114,13119,2026-10-03T00:00:14,13200,13100,E,43.24241,-2.9163692,60,False,,1
2026-10-03T05:59:55Z,6073V71553C4,71553,C4,12,05457,05455,2026-10-02T23:59:24,05451,05485,S,43.27407,-2.9740336,60,False,,1
2026-10-03T05:59:55Z,6173V35654C1,35654,C1,3,11408,11407,2026-10-03T00:05:45,11400,11508,E,43.093952,-2.1255136,61,False,,2
2026-10-03T05:59:55Z,6273V26949C1,26949,C1,3,14230,14223,2026-10-03T00:01:45,14223,14202,E,43.45403,-3.8277466,62,False,,1
2026-10-03T05:59:55Z,6273V71185C2,71185,C2,1,05605,05604,2026-10-03T00:01:42,14223,05637,55.0,43.4471,-3.8755975,62,False,,2
2026-10-03T05:59:55Z,2073V70237C4,70237,C4,-1435,15410,15410,2026-10-03T00:00:00,15410,16403,A,43.537647,-5.67596,20,False,12,12
2026-10-03T05:59:55Z,2073V22132C1,22132,C1,3,15212,15217,2026-10-03T00:02:00,15218,15410,A,43.38812,-5.8272715,20,False,2,2
2026-10-03T05:59:55Z,2073V22139C1,22139,C1,3,15203,15206,2026-10-03T00:04:00,15211,15122,A,43.27709,-5.812221,20,False,1,1
2026-10-03T05:59:55Z,2073V22358C3,22358,C3,-1434,15218,15218,2026-10-03T00:07:00,15218,16405,S,43.3588,-5.8573804,20,False,2,2
2026-10-03T05:59:55Z,4173V24722C1,24722,C1,31,62103,62104,2026-10-03T00:08:00,60911,78800,E,38.272114,-0.69527435,41,False,1,1
2026-10-03T05:59:55Z,4173V84931C2,84931,C2,87,61200,06002,2026-10-03T00:34:00,06006,61200,E,37.97462,-1.1315287,41,False,1,2
2026-10-03T05:59:55Z,4173V24723C1,24723,C1,-1419,61200,61200,2026-10-03T00:19:00,61200,60911,S,37.974686,-1.131078,41,False,1,1
2026-10-03T06:06:16Z,3073V23578C1,23578,C1,-1442,51003,51003,2026-10-03T00:39:50,51003,50600,A,37.392567,-5.9749837,30,False,,
2026-10-03T06:06:16Z,3073V23743C5,23743,C5,-1442,51003,51003,2026-10-03T00:38:38,51003,43005,A,37.392567,-5.9749837,30,False,9,9
2026-10-03T06:06:16Z,3073V23841C5,23841,C5,-1,43004,43005,2026-10-03T00:03:15,43005,51113,E,37.381527,-6.193782,30,False,,3
2026-10-03T06:06:16Z,3073V23581C1,23581,C1,1,51103,51111,2026-10-03T00:04:00,51003,51200,18.0,37.289146,-5.935499,30,False,1,1
2026-10-03T06:06:16Z,3173V23455T1,23455,T1,2,51451,51450,2026-10-03T00:01:00,51450,51405,A,36.40869,-6.1343336,31,False,1,1
2026-10-03T06:06:16Z,3173V23456T1,23456,T1,-1433,51405,51405,2026-10-03T00:01:00,51405,51450,A,36.529045,-6.2877955,31,False,5,5
2026-10-03T06:06:16Z,3273V23400C1,23400,C1,2,54503,54501,2026-10-03T00:00:36,54517,54516,E,36.69222,-4.48376,32,False,,2
2026-10-03T06:06:16Z,3273V23402C1,23402,C1,2,54512,54511,2026-10-03T00:03:41,54517,54516,A,36.59906,-4.536344,32,False,2,1
2026-10-03T06:06:16Z,3273V23405C1,23405,C1,3,54519,54510,2026-10-03T00:00:08,54516,54517,88.0,36.610325,-4.514658,32,False,,1
2026-10-03T06:06:16Z,4073V24270C1,24270,C1,34,64202,64203,2026-10-03T00:00:53,65000,69110,67.0,39.417984,-0.3931324,40,False,,2
2026-10-03T06:06:16Z,4073V24366C6,24366,C6,22,65208,65209,2026-10-03T00:03:05,65300,65000,20.0,39.93293,-0.09658491,40,False,4,
2026-10-03T06:06:16Z,4073V24099C2,24099,C2,50,64103,64102,2026-10-03T00:03:37,64100,65000,A,39.083164,-0.46941403,40,False,1,1
2026-10-03T06:06:16Z,4073V24281C1,24281,C1,36,69104,69105,2026-10-03T00:08:25,69110,65000,5.0,39.177853,-0.26344925,40,False,2,1
2026-10-03T06:06:16Z,5173V25795R1,25795,R1,-1,79403,79404,2026-10-03T00:03:17,79500,72305,A,41.445705,2.2490852,50,True,,1
2026-10-03T06:06:16Z,5173V77468R4,77468,R4,-1432,78700,78700,2026-10-03T00:28:19,78700,71600,A,41.56993,2.0143688,50,True,,
2026-10-03T06:06:16Z,5173V77768R4,77768,R4,2,72305,72303,2026-10-03T00:01:40,72209,78700,E,41.36431,2.1008937,50,True,,
2026-10-03T06:06:16Z,5173V25567R2S,25567,R2S,-1434,71600,71600,2026-10-03T00:17:35,71600,79400,A,41.18592,1.5248429,50,False,,
2026-10-03T06:06:16Z,5173V28393R2S,28393,R2S,7,79400,71802,2026-10-03T00:05:41,71700,79400,42.0,41.397396,2.1879463,50,False,,
2026-10-03T06:06:16Z,5173V15023R15,15023,R15,44,71500,71401,2026-10-03T00:05:41,71400,79400,27.0,41.110836,1.2259281,50,False,,
2026-10-03T06:06:16Z,5173V77766R4,77766,R4,4,72210,72209,2026-10-03T00:04:28,72209,78600,23.0,41.476357,1.9582051,50,True,,
2026-10-03T06:06:16Z,5173V28490R2,28490,R2,0,71705,71704,2026-10-03T00:02:21,71700,79104,18.0,41.278534,1.9790753,50,True,,
2026-10-03T06:06:16Z,5173V77464R4,77464,R4,2,78600,78600,2026-10-02T23:59:04,78600,71600,E,41.72026,1.826487,50,True,4,4
2026-10-03T06:06:16Z,5173V25693R1,25693,R1,-1438,79606,79606,2026-10-03T00:23:31,79606,72305,A,41.673496,2.769029,50,True,,
2026-10-03T06:06:16Z,6073V71550C4,71550,C4,6,05481,05483,2026-10-03T00:01:44,05485,05451,E,43.20345,-3.1704924,60,False,,1
2026-10-03T06:06:16Z,6073V35681C3,35681,C3,0,13114,13119,2026-10-03T00:00:14,13200,13100,E,43.24241,-2.9163692,60,False,,1
2026-10-03T06:06:16Z,6073V71553C4,71553,C4,12,05457,05455,2026-10-02T23:59:24,05451,05485,S,43.27407,-2.9740336,60,False,,1
2026-10-03T06:06:16Z,6173V35654C1,35654,C1,3,11408,11407,2026-10-03T00:05:45,11400,11508,E,43.093952,-2.1255136,61,False,,2
2026-10-03T06:06:16Z,6273V26949C1,26949,C1,3,14230,14223,2026-10-03T00:01:45,14223,14202,E,43.45403,-3.8277466,62,False,,1
2026-10-03T06:06:16Z,6273V71185C2,71185,C2,1,05605,05604,2026-10-03T00:01:42,14223,05637,55.0,43.4471,-3.8755975,62,False,,2
2026-10-03T06:06:16Z,2073V70237C4,70237,C4,-1435,15410,15410,2026-10-03T00:00:00,15410,16403,A,43.537647,-5.67596,20,False,12,12
2026-10-03T06:06:16Z,2073V22132C1,22132,C1,3,15212,15217,2026-10-03T00:02:00,15218,15410,A,43.38812,-5.8272715,20,False,2,2
2026-10-03T06:06:16Z,2073V22139C1,22139,C1,3,15203,15206,2026-10-03T00:04:00,15211,15122,A,43.27709,-5.812221,20,False,1,1
2026-10-03T06:06:16Z,2073V22358C3,22358,C3,-1434,15218,15218,2026-10-03T00:07:00,15218,16405,S,43.3588,-5.8573804,20,False,2,2
2026-10-03T06:06:16Z,4173V24722C1,24722,C1,31,62103,62104,2026-10-03T00:08:00,60911,78800,E,38.272114,-0.69527435,41,False,1,1
2026-10-03T06:06:16Z,4173V84931C2,84931,C2,87,61200,06002,2026-10-03T00:34:00,06006,61200,E,37.97462,-1.1315287,41,False,1,2
2026-10-03T06:06:16Z,4173V24723C1,24723,C1,-1419,61200,61200,2026-10-03T00:19:00,61200,60911,S,37.974686,-1.131078,41,False,1,1
2026-10-03T06:15:24Z,3073V23578C1,23578,C1,-1442,51003,51003,2026-10-03T00:39:50,51003,50600,A,37.392567,-5.9749837,30,False,,
2026-10-03T06:15:24Z,3073V23743C5,23743,C5,-1442,51003,51003,2026-10-03T00:38:38,51003,43005,A,37.392567,-5.9749837,30,False,9,9
2026-10-03T06:15:24Z,3073V23841C5,23841,C5,-1,43004,43005,2026-10-03T00:03:15,43005,51113,E,37.381527,-6.193782,30,False,,3
2026-10-03T06:15:24Z,3073V23581C1,23581,C1,1,51103,51111,2026-10-03T00:04:00,51003,51200,18.0,37.289146,-5.935499,30,False,1,1
2026-10-03T06:15:24Z,3173V23455T1,23455,T1,2,51451,51450,2026-10-03T00:01:00,51450,51405,A,36.40869,-6.1343336,31,False,1,1
2026-10-03T06:15:24Z,3173V23456T1,23456,T1,-1433,51405,51405,2026-10-03T00:01:00,51405,51450,A,36.529045,-6.2877955,31,False,5,5
2026-10-03T06:15:24Z,3273V23400C1,23400,C1,2,54503,54501,2026-10-03T00:00:36,54517,54516,E,36.69222,-4.48376,32,False,,2
2026-10-03T06:15:24Z,3273V23402C1,23402,C1,2,54512,54511,2026-10-03T00:03:41,54517,54516,A,36.59906,-4.536344,32,False,2,1
2026-10-03T06:15:24Z,3273V23405C1,23405,C1,3,54519,54510,2026-10-03T00:00:08,54516,54517,88.0,36.610325,-4.514658,32,False,,1
2026-10-03T06:15:24Z,4073V24270C1,24270,C1,34,64202,64203,2026-10-03T00:00:53,65000,69110,67.0,39.417984,-0.3931324,40,False,,2
2026-10-03T06:15:24Z,4073V24366C6,24366,C6,22,65208,65209,2026-10-03T00:03:05,65300,65000,20.0,39.93293,-0.09658491,40,False,4,
2026-10-03T06:15:24Z,4073V24099C2,24099,C2,50,64103,64102,2026-10-03T00:03:37,64100,65000,A,39.083164,-0.46941403,40,False,1,1
2026-10-03T06:15:24Z,4073V24281C1,24281,C1,36,69104,69105,2026-10-03T00:08:25,69110,65000,5.0,39.177853,-0.26344925,40,False,2,1
2026-10-03T06:15:24Z,5173V25795R1,25795,R1,-1,79403,79404,2026-10-03T00:03:17,79500,72305,A,41.445705,2.2490852,50,True,,1
2026-10-03T06:15:24Z,5173V77468R4,77468,R4,-1432,78700,78700,2026-10-03T00:28:19,78700,71600,A,41.56993,2.0143688,50,True,,
2026-10-03T06:15:24Z,5173V77768R4,77768,R4,2,72305,72303,2026-10-03T00:01:40,72209,78700,E,41.36431,2.1008937,50,True,,
2026-10-03T06:15:24Z,5173V25567R2S,25567,R2S,-1434,71600,71600,2026-10-03T00:17:35,71600,79400,A,41.18592,1.5248429,50,False,,
2026-10-03T06:15:24Z,5173V28393R2S,28393,R2S,7,79400,71802,2026-10-03T00:05:41,71700,79400,42.0,41.397396,2.1879463,50,False,,
2026-10-03T06:15:24Z,5173V15023R15,15023,R15,44,71500,71401,2026-10-03T00:05:41,71400,79400,27.0,41.110836,1.2259281,50,False,,
2026-10-03T06:15:24Z,5173V77766R4,77766,R4,4,72210,72209,2026-10-03T00:04:28,72209,78600,23.0,41.476357,1.9582051,50,True,,
2026-10-03T06:15:24Z,5173V28490R2,28490,R2,0,71705,71704,2026-10-03T00:02:21,71700,79104,18.0,41.278534,1.9790753,50,True,,
2026-10-03T06:15:24Z,5173V77464R4,77464,R4,2,78600,78600,2026-10-02T23:59:04,78600,71600,E,41.72026,1.826487,50,True,4,4
2026-10-03T06:15:24Z,5173V25693R1,25693,R1,-1438,79606,79606,2026-10-03T00:23:31,79606,72305,A,41.673496,2.769029,50,True,,
2026-10-03T06:15:24Z,6073V71550C4,71550,C4,6,05481,05483,2026-10-03T00:01:44,05485,05451,E,43.20345,-3.1704924,60,False,,1
2026-10-03T06:15:24Z,6073V35681C3,35681,C3,0,13114,13119,2026-10-03T00:00:14,13200,13100,E,43.24241,-2.9163692,60,False,,1
2026-10-03T06:15:24Z,6073V71553C4,71553,C4,12,05457,05455,2026-10-02T23:59:24,05451,05485,S,43.27407,-2.9740336,60,False,,1
2026-10-03T06:15:24Z,6173V35654C1,35654,C1,3,11408,11407,2026-10-03T00:05:45,11400,11508,E,43.093952,-2.1255136,61,False,,2
2026-10-03T06:15:24Z,6273V26949C1,26949,C1,3,14230,14223,2026-10-03T00:01:45,14223,14202,E,43.45403,-3.8277466,62,False,,1
2026-10-03T06:15:24Z,6273V71185C2,71185,C2,1,05605,05604,2026-10-03T00:01:42,14223,05637,55.0,43.4471,-3.8755975,62,False,,2
2026-10-03T06:15:24Z,2073V70237C4,70237,C4,-1435,15410,15410,2026-10-03T00:00:00,15410,16403,A,43.537647,-5.67596,20,False,12,12
2026-10-03T06:15:24Z,2073V22132C1,22132,C1,3,15212,15217,2026-10-03T00:02:00,15218,15410,A,43.38812,-5.8272715,20,False,2,2
2026-10-03T06:15:24Z,2073V22139C1,22139,C1,3,15203,15206,2026-10-03T00:04:00,15211,15122,A,43.27709,-5.812221,20,False,1,1
2026-10-03T06:15:24Z,2073V22358C3,22358,C3,-1434,15218,15218,2026-10-03T00:07:00,15218,16405,S,43.3588,-5.8573804,20,False,2,2
2026-10-03T06:15:24Z,4173V24722C1,24722,C1,31,62103,62104,2026-10-03T00:08:00,60911,78800,E,38.272114,-0.69527435,41,False,1,1
2026-10-03T06:15:24Z,4173V84931C2,84931,C2,87,61200,06002,2026-10-03T00:34:00,06006,61200,E,37.97462,-1.1315287,41,False,1,2
2026-10-03T06:15:24Z,4173V24723C1,24723,C1,-1419,61200,61200,2026-10-03T00:19:00,61200,60911,S,37.974686,-1.131078,41,False,1,1
2026-10-03T06:20:05Z,3073V23578C1,23578,C1,-1442,51003,51003,2026-10-03T00:39:50,51003,50600,A,37.392567,-5.9749837,30,False,,
2026-10-03T06:20:05Z,3073V23743C5,23743,C5,-1442,51003,51003,2026-10-03T00:38:38,51003,43005,A,37.392567,-5.9749837,30,False,9,9
2026-10-03T06:20:05Z,3073V23841C5,23841,C5,-1,43004,43005,2026-10-03T00:03:15,43005,51113,E,37.381527,-6.193782,30,False,,3
2026-10-03T06:20:05Z,3073V23581C1,23581,C1,1,51103,51111,2026-10-03T00:04:00,51003,51200,18.0,37.289146,-5.935499,30,False,1,1
2026-10-03T06:20:05Z,3173V23455T1,23455,T1,2,51451,51450,2026-10-03T00:01:00,51450,51405,A,36.40869,-6.1343336,31,False,1,1
2026-10-03T06:20:05Z,3173V23456T1,23456,T1,-1433,51405,51405,2026-10-03T00:01:00,51405,51450,A,36.529045,-6.2877955,31,False,5,5
2026-10-03T06:20:05Z,3273V23400C1,23400,C1,2,54503,54501,2026-10-03T00:00:36,54517,54516,E,36.69222,-4.48376,32,False,,2
2026-10-03T06:20:05Z,3273V23402C1,23402,C1,2,54512,54511,2026-10-03T00:03:41,54517,54516,A,36.59906,-4.536344,32,False,2,1
2026-10-03T06:20:05Z,3273V23405C1,23405,C1,3,54519,54510,2026-10-03T00:00:08,54516,54517,88.0,36.610325,-4.514658,32,False,,1
2026-10-03T06:20:05Z,4073V24270C1,24270,C1,34,64202,64203,2026-10-03T00:00:53,65000,69110,67.0,39.417984,-0.3931324,40,False,,2
2026-10-03T06:20:05Z,4073V24366C6,24366,C6,22,65208,65209,2026-10-03T00:03:05,65300,65000,20.0,39.93293,-0.09658491,40,False,4,
2026-10-03T06:20:05Z,4073V24099C2,24099,C2,50,64103,64102,2026-10-03T00:03:37,64100,65000,A,39.083164,-0.46941403,40,False,1,1
2026-10-03T06:20:05Z,4073V24281C1,24281,C1,36,69104,69105,2026-10-03T00:08:25,69110,65000,5.0,39.177853,-0.26344925,40,False,2,1
2026-10-03T06:20:05Z,5173V25795R1,25795,R1,-1,79403,79404,2026-10-03T00:03:17,79500,72305,A,41.445705,2.2490852,50,True,,1
2026-10-03T06:20:05Z,5173V77468R4,77468,R4,-1432,78700,78700,2026-10-03T00:28:19,78700,71600,A,41.56993,2.0143688,50,True,,
2026-10-03T06:20:05Z,5173V77768R4,77768,R4,2,72305,72303,2026-10-03T00:01:40,72209,78700,E,41.36431,2.1008937,50,True,,
2026-10-03T06:20:05Z,5173V25567R2S,25567,R2S,-1434,71600,71600,2026-10-03T00:17:35,71600,79400,A,41.18592,1.5248429,50,False,,
2026-10-03T06:20:05Z,5173V28393R2S,28393,R2S,7,79400,71802,2026-10-03T00:05:41,71700,79400,42.0,41.397396,2.1879463,50,False,,
2026-10-03T06:20:05Z,5173V15023R15,15023,R15,44,71500,71401,2026-10-03T00:05:41,71400,79400,27.0,41.110836,1.2259281,50,False,,
2026-10-03T06:20:05Z,5173V77766R4,77766,R4,4,72210,72209,2026-10-03T00:04:28,72209,78600,23.0,41.476357,1.9582051,50,True,,
2026-10-03T06:20:05Z,5173V28490R2,28490,R2,0,71705,71704,2026-10-03T00:02:21,71700,79104,18.0,41.278534,1.9790753,50,True,,
2026-10-03T06:20:05Z,5173V77464R4,77464,R4,2,78600,78600,2026-10-02T23:59:04,78600,71600,E,41.72026,1.826487,50,True,4,4
2026-10-03T06:20:05Z,5173V25693R1,25693,R1,-1438,79606,79606,2026-10-03T00:23:31,79606,72305,A,41.673496,2.769029,50,True,,
2026-10-03T06:20:05Z,6073V71550C4,71550,C4,6,05481,05483,2026-10-03T00:01:44,05485,05451,E,43.20345,-3.1704924,60,False,,1
2026-10-03T06:20:05Z,6073V35681C3,35681,C3,0,13114,13119,2026-10-03T00:00:14,13200,13100,E,43.24241,-2.9163692,60,False,,1
2026-10-03T06:20:05Z,6073V71553C4,71553,C4,12,05457,05455,2026-10-02T23:59:24,05451,05485,S,43.27407,-2.9740336,60,False,,1
2026-10-03T06:20:05Z,6173V35654C1,35654,C1,3,11408,11407,2026-10-03T00:05:45,11400,11508,E,43.093952,-2.1255136,61,False,,2
2026-10-03T06:20:05Z,6273V26949C1,26949,C1,3,14230,14223,2026-10-03T00:01:45,14223,14202,E,43.45403,-3.8277466,62,False,,1
2026-10-03T06:20:05Z,6273V71185C2,71185,C2,1,05605,05604,2026-10-03T00:01:42,14223,05637,55.0,43.4471,-3.8755975,62,False,,2
2026-10-03T06:20:05Z,2073V70237C4,70237,C4,-1435,15410,15410,2026-10-03T00:00:00,15410,16403,A,43.537647,-5.67596,20,False,12,12
2026-10-03T06:20:05Z,2073V22132C1,22132,C1,3,15212,15217,2026-10-03T00:02:00,15218,15410,A,43.38812,-5.8272715,20,False,2,2
2026-10-03T06:20:05Z,2073V22139C1,22139,C1,3,15203,15206,2026-10-03T00:04:00,15211,15122,A,43.27709,-5.812221,20,False,1,1
2026-10-03T06:20:05Z,2073V22358C3,22358,C3,-1434,15218,15218,2026-10-03T00:07:00,15218,16405,S,43.3588,-5.8573804,20,False,2,2
2026-10-03T06:20:05Z,4173V24722C1,24722,C1,31,62103,62104,2026-10-03T00:08:00,60911,78800,E,38.272114,-0.69527435,41,False,1,1
2026-10-03T06:20:05Z,4173V84931C2,84931,C2,87,61200,06002,2026-10-03T00:34:00,06006,61200,E,37.97462,-1.1315287,41,False,1,2
2026-10-03T06:20:05Z,4173V24723C1,24723,C1,-1419,61200,61200,2026-10-03T00:19:00,61200,60911,S,37.974686,-1.131078,41,False,1,1
2026-10-03T06:24:59Z,3073V23578C1,23578,C1,-1442,51003,51003,2026-10-03T00:39:50,51003,50600,A,37.392567,-5.9749837,30,False,,
2026-10-03T06:24:59Z,3073V23743C5,23743,C5,-1442,51003,51003,2026-10-03T00:38:38,51003,43005,A,37.392567,-5.9749837,30,False,9,9
2026-10-03T06:24:59Z,3073V23841C5,23841,C5,-1,43004,43005,2026-10-03T00:03:15,43005,51113,E,37.381527,-6.193782,30,False,,3
2026-10-03T06:24:59Z,3073V23581C1,23581,C1,1,51103,51111,2026-10-03T00:04:00,51003,51200,18.0,37.289146,-5.935499,30,False,1,1
2026-10-03T06:24:59Z,3173V23455T1,23455,T1,2,51451,51450,2026-10-03T00:01:00,51450,51405,A,36.40869,-6.1343336,31,False,1,1
2026-10-03T06:24:59Z,3173V23456T1,23456,T1,-1433,51405,51405,2026-10-03T00:01:00,51405,51450,A,36.529045,-6.2877955,31,False,5,5
2026-10-03T06:24:59Z,3273V23400C1,23400,C1,2,54503,54501,2026-10-03T00:00:36,54517,54516,E,36.69222,-4.48376,32,False,,2
2026-10-03T06:24:59Z,3273V23402C1,23402,C1,2,54512,54511,2026-10-03T00:03:41,54517,54516,A,36.59906,-4.536344,32,False,2,1
2026-10-03T06:24:59Z,3273V23405C1,23405,C1,3,54519,54510,2026-10-03T00:00:08,54516,54517,88.0,36.610325,-4.514658,32,False,,1
2026-10-03T06:24:59Z,4073V24270C1,24270,C1,34,64202,64203,2026-10-03T00:00:53,65000,69110,67.0,39.417984,-0.3931324,40,False,,2
2026-10-03T06:24:59Z,4073V24366C6,24366,C6,22,65208,65209,2026-10-03T00:03:05,65300,65000,20.0,39.93293,-0.09658491,40,False,4,
2026-10-03T06:24:59Z,4073V24099C2,24099,C2,50,64103,64102,2026-10-03T00:03:37,64100,65000,A,39.083164,-0.46941403,40,False,1,1
2026-10-03T06:24:59Z,4073V24281C1,24281,C1,36,69104,69105,2026-10-03T00:08:25,69110,65000,5.0,39.177853,-0.26344925,40,False,2,1
2026-10-03T06:24:59Z,5173V25795R1,25795,R1,-1,79403,79404,2026-10-03T00:03:17,79500,72305,A,41.445705,2.2490852,50,True,,1
2026-10-03T06:24:59Z,5173V77468R4,77468,R4,-1432,78700,78700,2026-10-03T00:28:19,78700,71600,A,41.56993,2.0143688,50,True,,
2026-10-03T06:24:59Z,5173V77768R4,77768,R4,2,72305,72303,2026-10-03T00:01:40,72209,78700,E,41.36431,2.1008937,50,True,,
2026-10-03T06:24:59Z,5173V25567R2S,25567,R2S,-1434,71600,71600,2026-10-03T00:17:35,71600,79400,A,41.18592,1.5248429,50,False,,
2026-10-03T06:24:59Z,5173V28393R2S,28393,R2S,7,79400,71802,2026-10-03T00:05:41,71700,79400,42.0,41.397396,2.1879463,50,False,,
2026-10-03T06:24:59Z,5173V15023R15,15023,R15,44,71500,71401,2026-10-03T00:05:41,71400,79400,27.0,41.110836,1.2259281,50,False,,
2026-10-03T06:24:59Z,5173V77766R4,77766,R4,4,72210,72209,2026-10-03T00:04:28,72209,78600,23.0,41.476357,1.9582051,50,True,,
2026-10-03T06:24:59Z,5173V28490R2,28490,R2,0,71705,71704,2026-10-03T00:02:21,71700,79104,18.0,41.278534,1.9790753,50,True,,
2026-10-03T06:24:59Z,5173V77464R4,77464,R4,2,78600,78600,2026-10-02T23:59:04,78600,71600,E,41.72026,1.826487,50,True,4,4
2026-10-03T06:24:59Z,5173V25693R1,25693,R1,-1438,79606,79606,2026-10-03T00:23:31,79606,72305,A,41.673496,2.769029,50,True,,
2026-10-03T06:24:59Z,6073V71550C4,71550,C4,6,05481,05483,2026-10-03T00:01:44,05485,05451,E,43.20345,-3.1704924,60,False,,1
2026-10-03T06:24:59Z,6073V35681C3,35681,C3,0,13114,13119,2026-10-03T00:00:14,13200,13100,E,43.24241,-2.9163692,60,False,,1
2026-10-03T06:24:59Z,6073V71553C4,71553,C4,12,05457,05455,2026-10-02T23:59:24,05451,05485,S,43.27407,-2.9740336,60,False,,1
2026-10-03T06:24:59Z,6173V35654C1,35654,C1,3,11408,11407,2026-10-03T00:05:45,11400,11508,E,43.093952,-2.1255136,61,False,,2
2026-10-03T06:24:59Z,6273V26949C1,26949,C1,3,14230,14223,2026-10-03T00:01:45,14223,14202,E,43.45403,-3.8277466,62,False,,1
2026-10-03T06:24:59Z,6273V71185C2,71185,C2,1,05605,05604,2026-10-03T00:01:42,14223,05637,55.0,43.4471,-3.8755975,62,False,,2
2026-10-03T06:24:59Z,2073V70237C4,70237,C4,-1435,15410,15410,2026-10-03T00:00:00,15410,16403,A,43.537647,-5.67596,20,False,12,12
2026-10-03T06:24:59Z,2073V22132C1,22132,C1,3,15212,15217,2026-10-03T00:02:00,15218,15410,A,43.38812,-5.8272715,20,False,2,2
2026-10-03T06:24:59Z,2073V22139C1,22139,C1,3,15203,15206,2026-10-03T00:04:00,15211,15122,A,43.27709,-5.812221,20,False,1,1
2026-10-03T06:24:59Z,2073V22358C3,22358,C3,-1434,15218,15218,2026-10-03T00:07:00,15218,16405,S,43.3588,-5.8573804,20,False,2,2
2026-10-03T06:24:59Z,4173V24722C1,24722,C1,31,62103,62104,2026-10-03T00:08:00,60911,78800,E,38.272114,-0.69527435,41,False,1,1
2026-10-03T06:24:59Z,4173V84931C2,84931,C2,87,61200,06002,2026-10-03T00:34:00,06006,61200,E,37.97462,-1.1315287,41,False,1,2
2026-10-03T06:24:59Z,4173V24723C1,24723,C1,-1419,61200,61200,2026-10-03T00:19:00,61200,60911,S,37.974686,-1.131078,41,False,1,1
2026-10-03T06:29:51Z,3073V23578C1,23578,C1,-1442,51003,51003,2026-10-03T00:39:50,51003,50600,A,37.392567,-5.9749837,30,False,,
2026-10-03T06:29:51Z,3073V23743C5,23743,C5,-1442,51003,51003,2026-10-03T00:38:38,51003,43005,A,37.392567,-5.9749837,30,False,9,9
2026-10-03T06:29:51Z,3073V23841C5,23841,C5,-1,43004,43005,2026-10-03T00:03:15,43005,51113,E,37.381527,-6.193782,30,False,,3
2026-10-03T06:29:51Z,3073V23581C1,23581,C1,1,51103,51111,2026-10-03T00:04:00,51003,51200,18.0,37.289146,-5.935499,30,False,1,1
2026-10-03T06:29:51Z,3173V23455T1,23455,T1,2,51451,51450,2026-10-03T00:01:00,51450,51405,A,36.40869,-6.1343336,31,False,1,1
2026-10-03T06:29:51Z,3173V23456T1,23456,T1,-1433,51405,51405,2026-10-03T00:01:00,51405,51450,A,36.529045,-6.2877955,31,False,5,5
2026-10-03T06:29:51Z,3273V23400C1,23400,C1,2,54503,54501,2026-10-03T00:00:36,54517,54516,E,36.69222,-4.48376,32,False,,2
2026-10-03T06:29:51Z,3273V23402C1,23402,C1,2,54512,54511,2026-10-03T00:03:41,54517,54516,A,36.59906,-4.536344,32,False,2,1
2026-10-03T06:29:51Z,3273V23405C1,23405,C1,3,54519,54510,2026-10-03T00:00:08,54516,54517,88.0,36.610325,-4.514658,32,False,,1
2026-10-03T06:29:51Z,4073V24270C1,24270,C1,34,64202,64203,2026-10-03T00:00:53,65000,69110,67.0,39.417984,-0.3931324,40,False,,2
2026-10-03T06:29:51Z,4073V24366C6,24366,C6,22,65208,65209,2026-10-03T00:03:05,65300,65000,20.0,39.93293,-0.09658491,40,False,4,
2026-10-03T06:29:51Z,4073V24099C2,24099,C2,50,64103,64102,2026-10-03T00:03:37,64100,65000,A,39.083164,-0.46941403,40,False,1,1
2026-10-03T06:29:51Z,4073V24281C1,24281,C1,36,69104,69105,2026-10-03T00:08:25,69110,65000,5.0,39.177853,-0.26344925,40,False,2,1
2026-10-03T06:29:51Z,5173V25795R1,25795,R1,-1,79403,79404,2026-10-03T00:03:17,79500,72305,A,41.445705,2.2490852,50,True,,1
2026-10-03T06:29:51Z,5173V77468R4,77468,R4,-1432,78700,78700,2026-10-03T00:28:19,78700,71600,A,41.56993,2.0143688,50,True,,
2026-10-03T06:29:51Z,5173V77768R4,77768,R4,2,72305,72303,2026-10-03T00:01:40,72209,78700,E,41.36431,2.1008937,50,True,,
2026-10-03T06:29:51Z,5173V25567R2S,25567,R2S,-1434,71600,71600,2026-10-03T00:17:35,71600,79400,A,41.18592,1.5248429,50,False,,
2026-10-03T06:29:51Z,5173V28393R2S,28393,R2S,7,79400,71802,2026-10-03T00:05:41,71700,79400,42.0,41.397396,2.1879463,50,False,,
2026-10-03T06:29:51Z,5173V15023R15,15023,R15,44,71500,71401,2026-10-03T00:05:41,71400,79400,27.0,41.110836,1.2259281,50,False,,
2026-10-03T06:29:51Z,5173V77766R4,77766,R4,4,72210,72209,2026-10-03T00:04:28,72209,78600,23.0,41.476357,1.9582051,50,True,,
2026-10-03T06:29:51Z,5173V28490R2,28490,R2,0,71705,71704,2026-10-03T00:02:21,71700,79104,18.0,41.278534,1.9790753,50,True,,
2026-10-03T06:29:51Z,5173V77464R4,77464,R4,2,78600,78600,2026-10-02T23:59:04,78600,71600,E,41.72026,1.826487,50,True,4,4
2026-10-03T06:29:51Z,5173V25693R1,25693,R1,-1438,79606,79606,2026-10-03T00:23:31,79606,72305,A,41.673496,2.769029,50,True,,
2026-10-03T06:29:51Z,6073V71550C4,71550,C4,6,05481,05483,2026-10-03T00:01:44,05485,05451,E,43.20345,-3.1704924,60,False,,1
2026-10-03T06:29:51Z,6073V35681C3,35681,C3,0,13114,13119,2026-10-03T00:00:14,13200,13100,E,43.24241,-2.9163692,60,False,,1
2026-10-03T06:29:51Z,6073V71553C4,71553,C4,12,05457,05455,2026-10-02T23:59:24,05451,05485,S,43.27407,-2.9740336,60,False,,1
2026-10-03T06:29:51Z,6173V35654C1,35654,C1,3,11408,11407,2026-10-03T00:05:45,11400,11508,E,43.093952,-2.1255136,61,False,,2
2026-10-03T06:29:51Z,6273V26949C1,26949,C1,3,14230,14223,2026-10-03T00:01:45,14223,14202,E,43.45403,-3.8277466,62,False,,1
2026-10-03T06:29:51Z,6273V71185C2,71185,C2,1,05605,05604,2026-10-03T00:01:42,14223,05637,55.0,43.4471,-3.8755975,62,False,,2
2026-10-03T06:29:51Z,2073V70237C4,70237,C4,-1435,15410,15410,2026-10-03T00:00:00,15410,16403,A,43.537647,-5.67596,20,False,12,12
2026-10-03T06:29:51Z,2073V22132C1,22132,C1,3,15212,15217,2026-10-03T00:02:00,15218,15410,A,43.38812,-5.8272715,20,False,2,2
2026-10-03T06:29:51Z,2073V22139C1,22139,C1,3,15203,15206,2026-10-03T00:04:00,15211,15122,A,43.27709,-5.812221,20,False,1,1
2026-10-03T06:29:51Z,2073V22358C3,22358,C3,-1434,15218,15218,2026-10-03T00:07:00,15218,16405,S,43.3588,-5.8573804,20,False,2,2
2026-10-03T06:29:51Z,4173V24722C1,24722,C1,31,62103,62104,2026-10-03T00:08:00,60911,78800,E,38.272114,-0.69527435,41,False,1,1
2026-10-03T06:29:51Z,4173V84931C2,84931,C2,87,61200,06002,2026-10-03T00:34:00,06006,61200,E,37.97462,-1.1315287,41,False,1,2
2026-10-03T06:29:51Z,4173V24723C1,24723,C1,-1419,61200,61200,2026-10-03T00:19:00,61200,60911,S,37.974686,-1.131078,41,False,1,1
2026-10-03T06:35:24Z,3073V23578C1,23578,C1,-1442,51003,51003,2026-10-03T00:39:50,51003,50600,A,37.392567,-5.9749837,30,False,,
2026-10-03T06:35:24Z,3073V23743C5,23743,C5,-1442,51003,51003,2026-10-03T00:38:38,51003,43005,A,37.392567,-5.9749837,30,False,9,9
2026-10-03T06:35:24Z,3073V23841C5,23841,C5,-1,43004,43005,2026-10-03T00:03:15,43005,51113,E,37.381527,-6.193782,30,False,,3
2026-10-03T06:35:24Z,3073V23581C1,23581,C1,1,51103,51111,2026-10-03T00:04:00,51003,51200,18.0,37.289146,-5.935499,30,False,1,1
2026-10-03T06:35:24Z,3173V23455T1,23455,T1,2,51451,51450,2026-10-03T00:01:00,51450,51405,A,36.40869,-6.1343336,31,False,1,1
2026-10-03T06:35:24Z,3173V23456T1,23456,T1,-1433,51405,51405,2026-10-03T00:01:00,51405,51450,A,36.529045,-6.2877955,31,False,5,5
2026-10-03T06:35:24Z,3273V23400C1,23400,C1,2,54503,54501,2026-10-03T00:00:36,54517,54516,E,36.69222,-4.48376,32,False,,2
2026-10-03T06:35:24Z,3273V23402C1,23402,C1,2,54512,54511,2026-10-03T00:03:41,54517,54516,A,36.59906,-4.536344,32,False,2,1
2026-10-03T06:35:24Z,3273V23405C1,23405,C1,3,54519,54510,2026-10-03T00:00:08,54516,54517,88.0,36.610325,-4.514658,32,False,,1
2026-10-03T06:35:24Z,4073V24270C1,24270,C1,34,64202,64203,2026-10-03T00:00:53,65000,69110,67.0,39.417984,-0.3931324,40,False,,2
2026-10-03T06:35:24Z,4073V24366C6,24366,C6,22,65208,65209,2026-10-03T00:03:05,65300,65000,20.0,39.93293,-0.09658491,40,False,4,
2026-10-03T06:35:24Z,4073V24099C2,24099,C2,50,64103,64102,2026-10-03T00:03:37,64100,65000,A,39.083164,-0.46941403,40,False,1,1
2026-10-03T06:35:24Z,4073V24281C1,24281,C1,36,69104,69105,2026-10-03T00:08:25,69110,65000,5.0,39.177853,-0.26344925,40,False,2,1
2026-10-03T06:35:24Z,5173V25795R1,25795,R1,-1,79403,79404,2026-10-03T00:03:17,79500,72305,A,41.445705,2.2490852,50,True,,1
2026-10-03T06:35:24Z,5173V77468R4,77468,R4,-1432,78700,78700,2026-10-03T00:28:19,78700,71600,A,41.56993,2.0143688,50,True,,
2026-10-03T06:35:24Z,5173V77768R4,77768,R4,2,72305,72303,2026-10-03T00:01:40,72209,78700,E,41.36431,2.1008937,50,True,,
2026-10-03T06:35:24Z,5173V25567R2S,25567,R2S,-1434,71600,71600,2026-10-03T00:17:35,71600,79400,A,41.18592,1.5248429,50,False,,
2026-10-03T06:35:24Z,5173V28393R2S,28393,R2S,7,79400,71802,2026-10-03T00:05:41,71700,79400,42.0,41.397396,2.1879463,50,False,,
2026-10-03T06:35:24Z,5173V15023R15,15023,R15,44,71500,71401,2026-10-03T00:05:41,71400,79400,27.0,41.110836,1.2259281,50,False,,
2026-10-03T06:35:24Z,5173V77766R4,77766,R4,4,72210,72209,2026-10-03T00:04:28,72209,78600,23.0,41.476357,1.9582051,50,True,,
2026-10-03T06:35:24Z,5173V28490R2,28490,R2,0,71705,71704,2026-10-03T00:02:21,71700,79104,18.0,41.278534,1.9790753,50,True,,
2026-10-03T06:35:24Z,5173V77464R4,77464,R4,2,78600,78600,2026-10-02T23:59:04,78600,71600,E,41.72026,1.826487,50,True,4,4
2026-10-03T06:35:24Z,5173V25693R1,25693,R1,-1438,79606,79606,2026-10-03T00:23:31,79606,72305,A,41.673496,2.769029,50,True,,
2026-10-03T06:35:24Z,6073V71550C4,71550,C4,6,05481,05483,2026-10-03T00:01:44,05485,05451,E,43.20345,-3.1704924,60,False,,1
2026-10-03T06:35:24Z,6073V35681C3,35681,C3,0,13114,13119,2026-10-03T00:00:14,13200,13100,E,43.24241,-2.9163692,60,False,,1
2026-10-03T06:35:24Z,6073V71553C4,71553,C4,12,05457,05455,2026-10-02T23:59:24,05451,05485,S,43.27407,-2.9740336,60,False,,1
2026-10-03T06:35:24Z,6173V35654C1,35654,C1,3,11408,11407,2026-10-03T00:05:45,11400,11508,E,43.093952,-2.1255136,61,False,,2
2026-10-03T06:35:24Z,6273V26949C1,26949,C1,3,14230,14223,2026-10-03T00:01:45,14223,14202,E,43.45403,-3.8277466,62,False,,1
2026-10-03T06:35:24Z,6273V71185C2,71185,C2,1,05605,05604,2026-10-03T00:01:42,14223,05637,55.0,43.4471,-3.8755975,62,False,,2
2026-10-03T06:35:24Z,2073V70237C4,70237,C4,-1435,15410,15410,2026-10-03T00:00:00,15410,16403,A,43.537647,-5.67596,20,False,12,12
2026-10-03T06:35:24Z,2073V22132C1,22132,C1,3,15212,15217,2026-10-03T00:02:00,15218,15410,A,43.38812,-5.8272715,20,False,2,2
2026-10-03T06:35:24Z,2073V22139C1,22139,C1,3,15203,15206,2026-10-03T00:04:00,15211,15122,A,43.27709,-5.812221,20,False,1,1
2026-10-03T06:35:24Z,2073V22358C3,22358,C3,-1434,15218,15218,2026-10-03T00:07:00,15218,16405,S,43.3588,-5.8573804,20,False,2,2
2026-10-03T06:35:24Z,4173V24722C1,24722,C1,31,62103,62104,2026-10-03T00:08:00,60911,78800,E,38.272114,-0.69527435,41,False,1,1
2026-10-03T06:35:24Z,4173V84931C2,84931,C2,87,61200,06002,2026-10-03T00:34:00,06006,61200,E,37.97462,-1.1315287,41,False,1,2
2026-10-03T06:35:24Z,4173V24723C1,24723,C1,-1419,61200,61200,2026-10-03T00:19:00,61200,60911,S,37.974686,-1.131078,41,False,1,1
2026-10-03T06:45:03Z,3073V23578C1,23578,C1,-1442,51003,51003,2026-10-03T00:39:50,51003,50600,A,37.392567,-5.9749837,30,False,,
2026-10-03T06:45:03Z,3073V23743C5,23743,C5,-1442,51003,51003,2026-10-03T00:38:38,51003,43005,A,37.392567,-5.9749837,30,False,9,9
2026-10-03T06:45:03Z,3073V23841C5,23841,C5,-1,43004,43005,2026-10-03T00:03:15,43005,51113,E,37.381527,-6.193782,30,False,,3
2026-10-03T06:45:03Z,3073V23581C1,23581,C1,1,51103,51111,2026-10-03T00:04:00,51003,51200,18.0,37.289146,-5.935499,30,False,1,1
2026-10-03T06:45:03Z,3173V23455T1,23455,T1,2,51451,51450,2026-10-03T00:01:00,51450,51405,A,36.40869,-6.1343336,31,False,1,1
2026-10-03T06:45:03Z,3173V23456T1,23456,T1,-1433,51405,51405,2026-10-03T00:01:00,51405,51450,A,36.529045,-6.2877955,31,False,5,5
2026-10-03T06:45:03Z,3273V23400C1,23400,C1,2,54503,54501,2026-10-03T00:00:36,54517,54516,E,36.69222,-4.48376,32,False,,2
2026-10-03T06:45:03Z,3273V23402C1,23402,C1,2,54512,54511,2026-10-03T00:03:41,54517,54516,A,36.59906,-4.536344,32,False,2,1
2026-10-03T06:45:03Z,3273V23405C1,23405,C1,3,54519,54510,2026-10-03T00:00:08,54516,54517,88.0,36.610325,-4.514658,32,False,,1
2026-10-03T06:45:03Z,4073V24270C1,24270,C1,34,64202,64203,2026-10-03T00:00:53,65000,69110,67.0,39.417984,-0.3931324,40,False,,2
2026-10-03T06:45:03Z,4073V24366C6,24366,C6,22,65208,65209,2026-10-03T00:03:05,65300,65000,20.0,39.93293,-0.09658491,40,False,4,
2026-10-03T06:45:03Z,4073V24099C2,24099,C2,50,64103,64102,2026-10-03T00:03:37,64100,65000,A,39.083164,-0.46941403,40,False,1,1
2026-10-03T06:45:03Z,4073V24281C1,24281,C1,36,69104,69105,2026-10-03T00:08:25,69110,65000,5.0,39.177853,-0.26344925,40,False,2,1
2026-10-03T06:45:03Z,5173V25795R1,25795,R1,-1,79403,79404,2026-10-03T00:03:17,79500,72305,A,41.445705,2.2490852,50,True,,1
2026-10-03T06:45:03Z,5173V77468R4,77468,R4,-1432,78700,78700,2026-10-03T00:28:19,78700,71600,A,41.56993,2.0143688,50,True,,
2026-10-03T06:45:03Z,5173V77768R4,77768,R4,2,72305,72303,2026-10-03T00:01:40,72209,78700,E,41.36431,2.1008937,50,True,,
2026-10-03T06:45:03Z,5173V25567R2S,25567,R2S,-1434,71600,71600,2026-10-03T00:17:35,71600,79400,A,41.18592,1.5248429,50,False,,
2026-10-03T06:45:03Z,5173V28393R2S,28393,R2S,7,79400,71802,2026-10-03T00:05:41,71700,79400,42.0,41.397396,2.1879463,50,False,,
2026-10-03T06:45:03Z,5173V15023R15,15023,R15,44,71500,71401,2026-10-03T00:05:41,71400,79400,27.0,41.110836,1.2259281,50,False,,
2026-10-03T06:45:03Z,5173V77766R4,77766,R4,4,72210,72209,2026-10-03T00:04:28,72209,78600,23.0,41.476357,1.9582051,50,True,,
2026-10-03T06:45:03Z,5173V28490R2,28490,R2,0,71705,71704,2026-10-03T00:02:21,71700,79104,18.0,41.278534,1.9790753,50,True,,
2026-10-03T06:45:03Z,5173V77464R4,77464,R4,2,78600,78600,2026-10-02T23:59:04,78600,71600,E,41.72026,1.826487,50,True,4,4
2026-10-03T06:45:03Z,5173V25693R1,25693,R1,-1438,79606,79606,2026-10-03T00:23:31,79606,72305,A,41.673496,2.769029,50,True,,
2026-10-03T06:45:03Z,6073V71550C4,71550,C4,6,05481,05483,2026-10-03T00:01:44,05485,05451,E,43.20345,-3.1704924,60,False,,1
2026-10-03T06:45:03Z,6073V35681C3,35681,C3,0,13114,13119,2026-10-03T00:00:14,13200,13100,E,43.24241,-2.9163692,60,False,,1
2026-10-03T06:45:03Z,6073V71553C4,71553,C4,12,05457,05455,2026-10-02T23:59:24,05451,05485,S,43.27407,-2.9740336,60,False,,1
2026-10-03T06:45:03Z,6173V35654C1,35654,C1,3,11408,11407,2026-10-03T00:05:45,11400,11508,E,43.093952,-2.1255136,61,False,,2
2026-10-03T06:45:03Z,6273V26949C1,26949,C1,3,14230,14223,2026-10-03T00:01:45,14223,14202,E,43.45403,-3.8277466,62,False,,1
2026-10-03T06:45:03Z,6273V71185C2,71185,C2,1,05605,05604,2026-10-03T00:01:42,14223,05637,55.0,43.4471,-3.8755975,62,False,,2
2026-10-03T06:45:03Z,2073V70237C4,70237,C4,-1435,15410,15410,2026-10-03T00:00:00,15410,16403,A,43.537647,-5.67596,20,False,12,12
2026-10-03T06:45:03Z,2073V22132C1,22132,C1,3,15212,15217,2026-10-03T00:02:00,15218,15410,A,43.38812,-5.8272715,20,False,2,2
2026-10-03T06:45:03Z,2073V22139C1,22139,C1,3,15203,15206,2026-10-03T00:04:00,15211,15122,A,43.27709,-5.812221,20,False,1,1
2026-10-03T06:45:03Z,2073V22358C3,22358,C3,-1434,15218,15218,2026-10-03T00:07:00,15218,16405,S,43.3588,-5.8573804,20,False,2,2
2026-10-03T06:45:03Z,4173V24722C1,24722,C1,31,62103,62104,2026-10-03T00:08:00,60911,78800,E,38.272114,-0.69527435,41,False,1,1
2026-10-03T06:45:03Z,4173V84931C2,84931,C2,87,61200,06002,2026-10-03T00:34:00,06006,61200,E,37.97462,-1.1315287,41,False,1,2
2026-10-03T06:45:03Z,4173V24723C1,24723,C1,-1419,61200,61200,2026-10-03T00:19:00,61200,60911,S,37.974686,-1.131078,41,False,1,1
2026-10-03T06:50:06Z,3073V23578C1,23578,C1,-1442,51003,51003,2026-10-03T00:39:50,51003,50600,A,37.392567,-5.9749837,30,False,,
2026-10-03T06:50:06Z,3073V23743C5,23743,C5,-1442,51003,51003,2026-10-03T00:38:38,51003,43005,A,37.392567,-5.9749837,30,False,9,9
2026-10-03T06:50:06Z,3073V23841C5,23841,C5,-1,43004,43005,2026-10-03T00:03:15,43005,51113,E,37.381527,-6.193782,30,False,,3
2026-10-03T06:50:06Z,3073V23581C1,23581,C1,1,51103,51111,2026-10-03T00:04:00,51003,51200,18.0,37.289146,-5.935499,30,False,1,1
2026-10-03T06:50:06Z,3173V23455T1,23455,T1,2,51451,51450,2026-10-03T00:01:00,51450,51405,A,36.40869,-6.1343336,31,False,1,1
2026-10-03T06:50:06Z,3173V23456T1,23456,T1,-1433,51405,51405,2026-10-03T00:01:00,51405,51450,A,36.529045,-6.2877955,31,False,5,5
2026-10-03T06:50:06Z,3273V23400C1,23400,C1,2,54503,54501,2026-10-03T00:00:36,54517,54516,E,36.69222,-4.48376,32,False,,2
2026-10-03T06:50:06Z,3273V23402C1,23402,C1,2,54512,54511,2026-10-03T00:03:41,54517,54516,A,36.59906,-4.536344,32,False,2,1
2026-10-03T06:50:06Z,3273V23405C1,23405,C1,3,54519,54510,2026-10-03T00:00:08,54516,54517,88.0,36.610325,-4.514658,32,False,,1
2026-10-03T06:50:06Z,4073V24270C1,24270,C1,34,64202,64203,2026-10-03T00:00:53,65000,69110,67.0,39.417984,-0.3931324,40,False,,2
2026-10-03T06:50:06Z,4073V24366C6,24366,C6,22,65208,65209,2026-10-03T00:03:05,65300,65000,20.0,39.93293,-0.09658491,40,False,4,
2026-10-03T06:50:06Z,4073V24099C2,24099,C2,50,64103,64102,2026-10-03T00:03:37,64100,65000,A,39.083164,-0.46941403,40,False,1,1
2026-10-03T06:50:06Z,4073V24281C1,24281,C1,36,69104,69105,2026-10-03T00:08:25,69110,65000,5.0,39.177853,-0.26344925,40,False,2,1
2026-10-03T06:50:06Z,5173V25795R1,25795,R1,-1,79403,79404,2026-10-03T00:03:17,79500,72305,A,41.445705,2.2490852,50,True,,1
2026-10-03T06:50:06Z,5173V77468R4,77468,R4,-1432,78700,78700,2026-10-03T00:28:19,78700,71600,A,41.56993,2.0143688,50,True,,
2026-10-03T06:50:06Z,5173V77768R4,77768,R4,2,72305,72303,2026-10-03T00:01:40,72209,78700,E,41.36431,2.1008937,50,True,,
2026-10-03T06:50:06Z,5173V25567R2S,25567,R2S,-1434,71600,71600,2026-10-03T00:17:35,71600,79400,A,41.18592,1.5248429,50,False,,
2026-10-03T06:50:06Z,5173V28393R2S,28393,R2S,7,79400,71802,2026-10-03T00:05:41,71700,79400,42.0,41.397396,2.1879463,50,False,,
2026-10-03T06:50:06Z,5173V15023R15,15023,R15,44,71500,71401,2026-10-03T00:05:41,71400,79400,27.0,41.110836,1.2259281,50,False,,
2026-10-03T06:50:06Z,5173V77766R4,77766,R4,4,72210,72209,2026-10-03T00:04:28,72209,78600,23.0,41.476357,1.9582051,50,True,,
2026-10-03T06:50:06Z,5173V28490R2,28490,R2,0,71705,71704,2026-10-03T00:02:21,71700,79104,18.0,41.278534,1.9790753,50,True,,
2026-10-03T06:50:06Z,5173V77464R4,77464,R4,2,78600,78600,2026-10-02T23:59:04,78600,71600,E,41.72026,1.826487,50,True,4,4
2026-10-03T06:50:06Z,5173V25693R1,25693,R1,-1438,79606,79606,2026-10-03T00:23:31,79606,72305,A,41.673496,2.769029,50,True,,
2026-10-03T06:50:06Z,6073V71550C4,71550,C4,6,05481,05483,2026-10-03T00:01:44,05485,05451,E,43.20345,-3.1704924,60,False,,1
2026-10-03T06:50:06Z,6073V35681C3,35681,C3,0,13114,13119,2026-10-03T00:00:14,13200,13100,E,43.24241,-2.9163692,60,False,,1
2026-10-03T06:50:06Z,6073V71553C4,71553,C4,12,05457,05455,2026-10-02T23:59:24,05451,05485,S,43.27407,-2.9740336,60,False,,1
2026-10-03T06:50:06Z,6173V35654C1,35654,C1,3,11408,11407,2026-10-03T00:05:45,11400,11508,E,43.093952,-2.1255136,61,False,,2
2026-10-03T06:50:06Z,6273V26949C1,26949,C1,3,14230,14223,2026-10-03T00:01:45,14223,14202,E,43.45403,-3.8277466,62,False,,1
2026-10-03T06:50:06Z,6273V71185C2,71185,C2,1,05605,05604,2026-10-03T00:01:42,14223,05637,55.0,43.4471,-3.8755975,62,False,,2
2026-10-03T06:50:06Z,2073V70237C4,70237,C4,-1435,15410,15410,2026-10-03T00:00:00,15410,16403,A,43.537647,-5.67596,20,False,12,12
2026-10-03T06:50:06Z,2073V22132C1,22132,C1,3,15212,15217,2026-10-03T00:02:00,15218,15410,A,43.38812,-5.8272715,20,False,2,2
2026-10-03T06:50:06Z,2073V22139C1,22139,C1,3,15203,15206,2026-10-03T00:04:00,15211,15122,A,43.27709,-5.812221,20,False,1,1
2026-10-03T06:50:06Z,2073V22358C3,22358,C3,-1434,15218,15218,2026-10-03T00:07:00,15218,16405,S,43.3588,-5.8573804,20,False,2,2
2026-10-03T06:50:06Z,4173V24722C1,24722,C1,31,62103,62104,2026-10-03T00:08:00,60911,78800,E,38.272114,-0.69527435,41,False,1,1
2026-10-03T06:50:06Z,4173V84931C2,84931,C2,87,61200,06002,2026-10-03T00:34:00,06006,61200,E,37.97462,-1.1315287,41,False,1,2
2026-10-03T06:50:06Z,4173V24723C1,24723,C1,-1419,61200,61200,2026-10-03T00:19:00,61200,60911,S,37.974686,-1.131078,41,False,1,1
2026-10-03T06:55:50Z,3073V23578C1,23578,C1,-1442,51003,51003,2026-10-03T00:39:50,51003,50600,A,37.392567,-5.9749837,30,False,,
2026-10-03T06:55:50Z,3073V23743C5,23743,C5,-1442,51003,51003,2026-10-03T00:38:38,51003,43005,A,37.392567,-5.9749837,30,False,9,9
2026-10-03T06:55:50Z,3073V23841C5,23841,C5,-1,43004,43005,2026-10-03T00:03:15,43005,51113,E,37.381527,-6.193782,30,False,,3
2026-10-03T06:55:50Z,3073V23581C1,23581,C1,1,51103,51111,2026-10-03T00:04:00,51003,51200,18.0,37.289146,-5.935499,30,False,1,1
2026-10-03T06:55:50Z,3173V23455T1,23455,T1,2,51451,51450,2026-10-03T00:01:00,51450,51405,A,36.40869,-6.1343336,31,False,1,1
2026-10-03T06:55:50Z,3173V23456T1,23456,T1,-1433,51405,51405,2026-10-03T00:01:00,51405,51450,A,36.529045,-6.2877955,31,False,5,5
2026-10-03T06:55:50Z,3273V23400C1,23400,C1,2,54503,54501,2026-10-03T00:00:36,54517,54516,E,36.69222,-4.48376,32,False,,2
2026-10-03T06:55:50Z,3273V23402C1,23402,C1,2,54512,54511,2026-10-03T00:03:41,54517,54516,A,36.59906,-4.536344,32,False,2,1
2026-10-03T06:55:50Z,3273V23405C1,23405,C1,3,54519,54510,2026-10-03T00:00:08,54516,54517,88.0,36.610325,-4.514658,32,False,,1
2026-10-03T06:55:50Z,4073V24270C1,24270,C1,34,64202,64203,2026-10-03T00:00:53,65000,69110,67.0,39.417984,-0.3931324,40,False,,2
2026-10-03T06:55:50Z,4073V24366C6,24366,C6,22,65208,65209,2026-10-03T00:03:05,65300,65000,20.0,39.93293,-0.09658491,40,False,4,
2026-10-03T06:55:50Z,4073V24099C2,24099,C2,50,64103,64102,2026-10-03T00:03:37,64100,65000,A,39.083164,-0.46941403,40,False,1,1
2026-10-03T06:55:50Z,4073V24281C1,24281,C1,36,69104,69105,2026-10-03T00:08:25,69110,65000,5.0,39.177853,-0.26344925,40,False,2,1
2026-10-03T06:55:50Z,5173V25795R1,25795,R1,-1,79403,79404,2026-10-03T00:03:17,79500,72305,A,41.445705,2.2490852,50,True,,1
2026-10-03T06:55:50Z,5173V77468R4,77468,R4,-1432,78700,78700,2026-10-03T00:28:19,78700,71600,A,41.56993,2.0143688,50,True,,
2026-10-03T06:55:50Z,5173V77768R4,77768,R4,2,72305,72303,2026-10-03T00:01:40,72209,78700,E,41.36431,2.1008937,50,True,,
2026-10-03T06:55:50Z,5173V25567R2S,25567,R2S,-1434,71600,71600,2026-10-03T00:17:35,71600,79400,A,41.18592,1.5248429,50,False,,
2026-10-03T06:55:50Z,5173V28393R2S,28393,R2S,7,79400,71802,2026-10-03T00:05:41,71700,79400,42.0,41.397396,2.1879463,50,False,,
2026-10-03T06:55:50Z,5173V15023R15,15023,R15,44,71500,71401,2026-10-03T00:05:41,71400,79400,27.0,41.110836,1.2259281,50,False,,
2026-10-03T06:55:50Z,5173V77766R4,77766,R4,4,72210,72209,2026-10-03T00:04:28,72209,78600,23.0,41.476357,1.9582051,50,True,,
2026-10-03T06:55:50Z,5173V28490R2,28490,R2,0,71705,71704,2026-10-03T00:02:21,71700,79104,18.0,41.278534,1.9790753,50,True,,
2026-10-03T06:55:50Z,5173V77464R4,77464,R4,2,78600,78600,2026-10-02T23:59:04,78600,71600,E,41.72026,1.826487,50,True,4,4
2026-10-03T06:55:50Z,5173V25693R1,25693,R1,-1438,79606,79606,2026-10-03T00:23:31,79606,72305,A,41.673496,2.769029,50,True,,
2026-10-03T06:55:50Z,6073V71550C4,71550,C4,6,05481,05483,2026-10-03T00:01:44,05485,05451,E,43.20345,-3.1704924,60,False,,1
2026-10-03T06:55:50Z,6073V35681C3,35681,C3,0,13114,13119,2026-10-03T00:00:14,13200,13100,E,43.24241,-2.9163692,60,False,,1
2026-10-03T06:55:50Z,6073V71553C4,71553,C4,12,05457,05455,2026-10-02T23:59:24,05451,05485,S,43.27407,-2.9740336,60,False,,1
2026-10-03T06:55:50Z,6173V35654C1,35654,C1,3,11408,11407,2026-10-03T00:05:45,11400,11508,E,43.093952,-2.1255136,61,False,,2
2026-10-03T06:55:50Z,6273V26949C1,26949,C1,3,14230,14223,2026-10-03T00:01:45,14223,14202,E,43.45403,-3.8277466,62,False,,1
2026-10-03T06:55:50Z,6273V71185C2,71185,C2,1,05605,05604,2026-10-03T00:01:42,14223,05637,55.0,43.4471,-3.8755975,62,False,,2
2026-10-03T06:55:50Z,2073V70237C4,70237,C4,-1435,15410,15410,2026-10-03T00:00:00,15410,16403,A,43.537647,-5.67596,20,False,12,12
2026-10-03T06:55:50Z,2073V22132C1,22132,C1,3,15212,15217,2026-10-03T00:02:00,15218,15410,A,43.38812,-5.8272715,20,False,2,2
2026-10-03T06:55:50Z,2073V22139C1,22139,C1,3,15203,15206,2026-10-03T00:04:00,15211,15122,A,43.27709,-5.812221,20,False,1,1
2026-10-03T06:55:50Z,2073V22358C3,22358,C3,-1434,15218,15218,2026-10-03T00:07:00,15218,16405,S,43.3588,-5.8573804,20,False,2,2
2026-10-03T06:55:50Z,4173V24722C1,24722,C1,31,62103,62104,2026-10-03T00:08:00,60911,78800,E,38.272114,-0.69527435,41,False,1,1
2026-10-03T06:55:50Z,4173V84931C2,84931,C2,87,61200,06002,2026-10-03T00:34:00,06006,61200,E,37.97462,-1.1315287,41,False,1,2
2026-10-03T06:55:50Z,4173V24723C1,24723,C1,-1419,61200,61200,2026-10-03T00:19:00,61200,60911,S,37.974686,-1.131078,41,False,1,1
2026-10-03T07:05:32Z,3073V23578C1,23578,C1,-1442,51003,51003,2026-10-03T00:39:50,51003,50600,A,37.392567,-5.9749837,30,False,,
2026-10-03T07:05:32Z,3073V23743C5,23743,C5,-1442,51003,51003,2026-10-03T00:38:38,51003,43005,A,37.392567,-5.9749837,30,False,9,9
2026-10-03T07:05:32Z,3073V23841C5,23841,C5,-1,43004,43005,2026-10-03T00:03:15,43005,51113,E,37.381527,-6.193782,30,False,,3
2026-10-03T07:05:32Z,3073V23581C1,23581,C1,1,51103,51111,2026-10-03T00:04:00,51003,51200,18.0,37.289146,-5.935499,30,False,1,1
2026-10-03T07:05:32Z,3173V23455T1,23455,T1,2,51451,51450,2026-10-03T00:01:00,51450,51405,A,36.40869,-6.1343336,31,False,1,1
2026-10-03T07:05:32Z,3173V23456T1,23456,T1,-1433,51405,51405,2026-10-03T00:01:00,51405,51450,A,36.529045,-6.2877955,31,False,5,5
2026-10-03T07:05:32Z,3273V23400C1,23400,C1,2,54503,54501,2026-10-03T00:00:36,54517,54516,E,36.69222,-4.48376,32,False,,2
2026-10-03T07:05:32Z,3273V23402C1,23402,C1,2,54512,54511,2026-10-03T00:03:41,54517,54516,A,36.59906,-4.536344,32,False,2,1
2026-10-03T07:05:32Z,3273V23405C1,23405,C1,3,54519,54510,2026-10-03T00:00:08,54516,54517,88.0,36.610325,-4.514658,32,False,,1
2026-10-03T07:05:32Z,4073V24270C1,24270,C1,34,64202,64203,2026-10-03T00:00:53,65000,69110,67.0,39.417984,-0.3931324,40,False,,2
2026-10-03T07:05:32Z,4073V24366C6,24366,C6,22,65208,65209,2026-10-03T00:03:05,65300,65000,20.0,39.93293,-0.09658491,40,False,4,
2026-10-03T07:05:32Z,4073V24099C2,24099,C2,50,64103,64102,2026-10-03T00:03:37,64100,65000,A,39.083164,-0.46941403,40,False,1,1
2026-10-03T07:05:32Z,4073V24281C1,24281,C1,36,69104,69105,2026-10-03T00:08:25,69110,65000,5.0,39.177853,-0.26344925,40,False,2,1
2026-10-03T07:05:32Z,5173V25795R1,25795,R1,-1,79403,79404,2026-10-03T00:03:17,79500,72305,A,41.445705,2.2490852,50,True,,1
2026-10-03T07:05:32Z,5173V77468R4,77468,R4,-1432,78700,78700,2026-10-03T00:28:19,78700,71600,A,41.56993,2.0143688,50,True,,
2026-10-03T07:05:32Z,5173V77768R4,77768,R4,2,72305,72303,2026-10-03T00:01:40,72209,78700,E,41.36431,2.1008937,50,True,,
2026-10-03T07:05:32Z,5173V25567R2S,25567,R2S,-1434,71600,71600,2026-10-03T00:17:35,71600,79400,A,41.18592,1.5248429,50,False,,
2026-10-03T07:05:32Z,5173V28393R2S,28393,R2S,7,79400,71802,2026-10-03T00:05:41,71700,79400,42.0,41.397396,2.1879463,50,False,,
2026-10-03T07:05:32Z,5173V15023R15,15023,R15,44,71500,71401,2026-10-03T00:05:41,71400,79400,27.0,41.110836,1.2259281,50,False,,
2026-10-03T07:05:32Z,5173V77766R4,77766,R4,4,72210,72209,2026-10-03T00:04:28,72209,78600,23.0,41.476357,1.9582051,50,True,,
2026-10-03T07:05:32Z,5173V28490R2,28490,R2,0,71705,71704,2026-10-03T00:02:21,71700,79104,18.0,41.278534,1.9790753,50,True,,
2026-10-03T07:05:32Z,5173V77464R4,77464,R4,2,78600,78600,2026-10-02T23:59:04,78600,71600,E,41.72026,1.826487,50,True,4,4
2026-10-03T07:05:32Z,5173V25693R1,25693,R1,-1438,79606,79606,2026-10-03T00:23:31,79606,72305,A,41.673496,2.769029,50,True,,
2026-10-03T07:05:32Z,6073V71550C4,71550,C4,6,05481,05483,2026-10-03T00:01:44,05485,05451,E,43.20345,-3.1704924,60,False,,1
2026-10-03T07:05:32Z,6073V35681C3,35681,C3,0,13114,13119,2026-10-03T00:00:14,13200,13100,E,43.24241,-2.9163692,60,False,,1
2026-10-03T07:05:32Z,6073V71553C4,71553,C4,12,05457,05455,2026-10-02T23:59:24,05451,05485,S,43.27407,-2.9740336,60,False,,1
2026-10-03T07:05:32Z,6173V35654C1,35654,C1,3,11408,11407,2026-10-03T00:05:45,11400,11508,E,43.093952,-2.1255136,61,False,,2
2026-10-03T07:05:32Z,6273V26949C1,26949,C1,3,14230,14223,2026-10-03T00:01:45,14223,14202,E,43.45403,-3.8277466,62,False,,1
2026-10-03T07:05:32Z,6273V71185C2,71185,C2,1,05605,05604,2026-10-03T00:01:42,14223,05637,55.0,43.4471,-3.8755975,62,False,,2
2026-10-03T07:05:32Z,2073V70237C4,70237,C4,-1435,15410,15410,2026-10-03T00:00:00,15410,16403,A,43.537647,-5.67596,20,False,12,12
2026-10-03T07:05:32Z,2073V22132C1,22132,C1,3,15212,15217,2026-10-03T00:02:00,15218,15410,A,43.38812,-5.8272715,20,False,2,2
2026-10-03T07:05:32Z,2073V22139C1,22139,C1,3,15203,15206,2026-10-03T00:04:00,15211,15122,A,43.27709,-5.812221,20,False,1,1
2026-10-03T07:05:32Z,2073V22358C3,22358,C3,-1434,15218,15218,2026-10-03T00:07:00,15218,16405,S,43.3588,-5.8573804,20,False,2,2
2026-10-03T07:05:32Z,4173V24722C1,24722,C1,31,62103,62104,2026-10-03T00:08:00,60911,78800,E,38.272114,-0.69527435,41,False,1,1
2026-10-03T07:05:32Z,4173V84931C2,84931,C2,87,61200,06002,2026-10-03T00:34:00,06006,61200,E,37.97462,-1.1315287,41,False,1,2
2026-10-03T07:05:32Z,4173V24723C1,24723,C1,-1419,61200,61200,2026-10-03T00:19:00,61200,60911,S,37.974686,-1.131078,41,False,1,1
2026-10-03T07:15:47Z,3073V23578C1,23578,C1,-1442,51003,51003,2026-10-03T00:39:50,51003,50600,A,37.392567,-5.9749837,30,False,,
2026-10-03T07:15:47Z,3073V23743C5,23743,C5,-1442,51003,51003,2026-10-03T00:38:38,51003,43005,A,37.392567,-5.9749837,30,False,9,9
2026-10-03T07:15:47Z,3073V23841C5,23841,C5,-1,43004,43005,2026-10-03T00:03:15,43005,51113,E,37.381527,-6.193782,30,False,,3
2026-10-03T07:15:47Z,3073V23581C1,23581,C1,1,51103,51111,2026-10-03T00:04:00,51003,51200,18.0,37.289146,-5.935499,30,False,1,1
2026-10-03T07:15:47Z,3173V23455T1,23455,T1,2,51451,51450,2026-10-03T00:01:00,51450,51405,A,36.40869,-6.1343336,31,False,1,1
2026-10-03T07:15:47Z,3173V23456T1,23456,T1,-1433,51405,51405,2026-10-03T00:01:00,51405,51450,A,36.529045,-6.2877955,31,False,5,5
2026-10-03T07:15:47Z,3273V23400C1,23400,C1,2,54503,54501,2026-10-03T00:00:36,54517,54516,E,36.69222,-4.48376,32,False,,2
2026-10-03T07:15:47Z,3273V23402C1,23402,C1,2,54512,54511,2026-10-03T00:03:41,54517,54516,A,36.59906,-4.536344,32,False,2,1
2026-10-03T07:15:47Z,3273V23405C1,23405,C1,3,54519,54510,2026-10-03T00:00:08,54516,54517,88.0,36.610325,-4.514658,32,False,,1
2026-10-03T07:15:47Z,4073V24270C1,24270,C1,34,64202,64203,2026-10-03T00:00:53,65000,69110,67.0,39.417984,-0.3931324,40,False,,2
2026-10-03T07:15:47Z,4073V24366C6,24366,C6,22,65208,65209,2026-10-03T00:03:05,65300,65000,20.0,39.93293,-0.09658491,40,False,4,
2026-10-03T07:15:47Z,4073V24099C2,24099,C2,50,64103,64102,2026-10-03T00:03:37,64100,65000,A,39.083164,-0.46941403,40,False,1,1
2026-10-03T07:15:47Z,4073V24281C1,24281,C1,36,69104,69105,2026-10-03T00:08:25,69110,65000,5.0,39.177853,-0.26344925,40,False,2,1
2026-10-03T07:15:47Z,5173V25795R1,25795,R1,-1,79403,79404,2026-10-03T00:03:17,79500,72305,A,41.445705,2.2490852,50,True,,1
2026-10-03T07:15:47Z,5173V77468R4,77468,R4,-1432,78700,78700,2026-10-03T00:28:19,78700,71600,A,41.56993,2.0143688,50,True,,
2026-10-03T07:15:47Z,5173V77768R4,77768,R4,2,72305,72303,2026-10-03T00:01:40,72209,78700,E,41.36431,2.1008937,50,True,,
2026-10-03T07:15:47Z,5173V25567R2S,25567,R2S,-1434,71600,71600,2026-10-03T00:17:35,71600,79400,A,41.18592,1.5248429,50,False,,
2026-10-03T07:15:47Z,5173V28393R2S,28393,R2S,7,79400,71802,2026-10-03T00:05:41,71700,79400,42.0,41.397396,2.1879463,50,False,,
2026-10-03T07:15:47Z,5173V15023R15,15023,R15,44,71500,71401,2026-10-03T00:05:41,71400,79400,27.0,41.110836,1.2259281,50,False,,
2026-10-03T07:15:47Z,5173V77766R4,77766,R4,4,72210,72209,2026-10-03T00:04:28,72209,78600,23.0,41.476357,1.9582051,50,True,,
2026-10-03T07:15:47Z,5173V28490R2,28490,R2,0,71705,71704,2026-10-03T00:02:21,71700,79104,18.0,41.278534,1.9790753,50,True,,
2026-10-03T07:15:47Z,5173V77464R4,77464,R4,2,78600,78600,2026-10-02T23:59:04,78600,71600,E,41.72026,1.826487,50,True,4,4
2026-10-03T07:15:47Z,5173V25693R1,25693,R1,-1438,79606,79606,2026-10-03T00:23:31,79606,72305,A,41.673496,2.769029,50,True,,
2026-10-03T07:15:47Z,6073V71550C4,71550,C4,6,05481,05483,2026-10-03T00:01:44,05485,05451,E,43.20345,-3.1704924,60,False,,1
2026-10-03T07:15:47Z,6073V35681C3,35681,C3,0,13114,13119,2026-10-03T00:00:14,13200,13100,E,43.24241,-2.9163692,60,False,,1
2026-10-03T07:15:47Z,6073V71553C4,71553,C4,12,05457,05455,2026-10-02T23:59:24,05451,05485,S,43.27407,-2.9740336,60,False,,1
2026-10-03T07:15:47Z,6173V35654C1,35654,C1,3,11408,11407,2026-10-03T00:05:45,11400,11508,E,43.093952,-2.1255136,61,False,,2
2026-10-03T07:15:47Z,6273V26949C1,26949,C1,3,14230,14223,2026-10-03T00:01:45,14223,14202,E,43.45403,-3.8277466,62,False,,1
2026-10-03T07:15:47Z,6273V71185C2,71185,C2,1,05605,05604,2026-10-03T00:01:42,14223,05637,55.0,43.4471,-3.8755975,62,False,,2
2026-10-03T07:15:47Z,2073V70237C4,70237,C4,-1435,15410,15410,2026-10-03T00:00:00,15410,16403,A,43.537647,-5.67596,20,False,12,12
2026-10-03T07:15:47Z,2073V22132C1,22132,C1,3,15212,15217,2026-10-03T00:02:00,15218,15410,A,43.38812,-5.8272715,20,False,2,2
2026-10-03T07:15:47Z,2073V22139C1,22139,C1,3,15203,15206,2026-10-03T00:04:00,15211,15122,A,43.27709,-5.812221,20,False,1,1
2026-10-03T07:15:47Z,2073V22358C3,22358,C3,-1434,15218,15218,2026-10-03T00:07:00,15218,16405,S,43.3588,-5.8573804,20,False,2,2
2026-10-03T07:15:47Z,4173V24722C1,24722,C1,31,62103,62104,2026-10-03T00:08:00,60911,78800,E,38.272114,-0.69527435,41,False,1,1
2026-10-03T07:15:47Z,4173V84931C2,84931,C2,87,61200,06002,2026-10-03T00:34:00,06006,61200,E,37.97462,-1.1315287,41,False,1,2
2026-10-03T07:15:47Z,4173V24723C1,24723,C1,-1419,61200,61200,2026-10-03T00:19:00,61200,60911,S,37.974686,-1.131078,41,False,1,1
2026-10-03T07:24:59Z,SPECIAL_10_91653C5,91653,C5,33,35012,35002,2026-10-03T09:26:00,,35012,E,40.25559,-3.8284667,10,False,,0
2026-10-03T07:29:59Z,SPECIAL_10_91653C5,91653,C5,33,35012,35002,2026-10-03T09:26:00,,35012,E,40.25559,-3.8284667,10,False,,0
2026-10-03T07:35:16Z,SPECIAL_10_91653C5,91653,C5,33,35012,35002,2026-10-03T09:26:00,,35012,E,40.25559,-3.8284667,10,False,,0
2026-10-03T07:39:52Z,SPECIAL_10_91653C5,91653,C5,33,35012,35002,2026-10-03T09:26:00,,35012,E,40.25559,-3.8284667,10,False,,0
2026-10-03T07:45:06Z,SPECIAL_10_91653C5,91653,C5,33,35012,35002,2026-10-03T09:26:00,,35012,E,40.25559,-3.8284667,10,False,,0
2026-10-03T07:49:56Z,SPECIAL_10_91653C5,91653,C5,33,35012,35002,2026-10-03T09:26:00,,35012,E,40.25559,-3.8284667,10,False,,0
2026-10-03T07:55:55Z,SPECIAL_10_91653C5,91653,C5,33,35012,35002,2026-10-03T09:26:00,,35012,E,40.25559,-3.8284667,10,False,,0
2026-10-03T08:05:26Z,SPECIAL_10_91653C5,91653,C5,33,35012,35002,2026-10-03T09:26:00,,35012,E,40.25559,-3.8284667,10,False,,0
2026-10-03T08:15:25Z,SPECIAL_10_91653C5,91653,C5,33,35012,35002,2026-10-03T09:26:00,,35012,E,40.25559,-3.8284667,10,False,,0
2026-10-03T08:20:51Z,SPECIAL_10_91653C5,91653,C5,33,35012,35002,2026-10-03T09:26:00,,35012,E,40.25559,-3.8284667,10,False,,0
2026-10-03T08:29:51Z,SPECIAL_10_91653C5,91653,C5,33,35012,35002,2026-10-03T09:26:00,,35012,E,40.25559,-3.8284667,10,False,,0
2026-10-03T08:35:21Z,SPECIAL_10_91653C5,91653,C5,33,35012,35002,2026-10-03T09:26:00,,35012,E,40.25559,-3.8284667,10,False,,0
2026-10-03T08:39:56Z,SPECIAL_10_91653C5,91653,C5,33,35012,35002,2026-10-03T09:26:00,,35012,E,40.25559,-3.8284667,10,False,,0
2026-10-03T08:44:54Z,SPECIAL_10_91653C5,91653,C5,33,35012,35002,2026-10-03T09:26:00,,35012,E,40.25559,-3.8284667,10,False,,0
2026-10-03T08:50:38Z,SPECIAL_10_91653C5,91653,C5,33,35012,35002,2026-10-03T09:26:00,,35012,E,40.25559,-3.8284667,10,False,,0
2026-10-03T08:59:47Z,SPECIAL_10_91653C5,91653,C5,33,35012,35002,2026-10-03T09:26:00,,35012,E,40.25559,-3.8284667,10,False,,0
2026-10-03T09:05:24Z,SPECIAL_10_91653C5,91653,C5,33,35012,35002,2026-10-03T09:26:00,,35012,E,40.25559,-3.8284667,10,False,,0
2026-10-03T09:15:54Z,SPECIAL_10_91880C7,91880,C7,93,18000,18000,2026-10-03T11:13:00,,17000,A,40.40667,-3.6893938,10,False,,4
2026-10-03T09:25:06Z,SPECIAL_10_91880C7,91880,C7,93,18000,18000,2026-10-03T11:13:00,,17000,A,40.40667,-3.6893938,10,False,,4
2026-10-03T09:29:53Z,SPECIAL_10_91671C7,91671,C7,19,17000,17000,2026-10-03T11:29:00,,18000,A,40.47113,-3.6828332,10,False,,7
2026-10-03T09:36:05Z,SPECIAL_10_91671C7,91671,C7,25,17000,17000,2026-10-03T11:35:00,,18000,A,40.47113,-3.6828332,10,False,,7
2026-10-03T09:44:55Z,SPECIAL_10_91671C7,91671,C7,27,17000,17000,2026-10-03T11:37:00,,18000,A,40.47113,-3.6828332,10,False,,7
2026-10-03T09:50:01Z,SPECIAL_10_91671C7,91671,C7,27,17000,17000,2026-10-03T11:37:00,,18000,A,40.47113,-3.6828332,10,False,,7
2026-10-03T09:55:00Z,SPECIAL_10_91671C7,91671,C7,27,17000,17000,2026-10-03T11:37:00,,18000,A,40.47113,-3.6828332,10,False,,7
2026-10-03T09:59:53Z,SPECIAL_10_91677C7,91677,C7,9,70103,70103,2026-10-03T11:59:00,,70103,A,40.4889,-3.3666708,10,False,,6
2026-10-03T10:05:32Z,SPECIAL_10_91677C7,91677,C7,13,70111,70112,2026-10-03T12:09:00,,70103,E,40.480347,-3.39294,10,False,,0
2026-10-03T10:15:00Z,SPECIAL_10_91677C7,91677,C7,15,70102,70101,2026-10-03T12:18:00,,70103,S,40.45463,-3.4796958,10,False,,0
2026-10-03T10:20:55Z,SPECIAL_10_91677C7,91677,C7,15,70108,70108,2026-10-03T12:21:00,,70103,A,40.423397,-3.561349,10,False,,1
2026-10-03T10:29:51Z,SPECIAL_10_91677C7,91677,C7,15,70109,70109,2026-10-03T12:27:00,,70103,A,40.38707,-3.6090817,10,False,,1
2026-10-03T10:35:21Z,SPECIAL_10_91677C7,91677,C7,15,70003,70002,2026-10-03T12:34:00,,70103,E,40.376156,-3.6561253,10,False,,0
2026-10-03T10:39:49Z,SPECIAL_10_91677C7,91677,C7,15,70003,70002,2026-10-03T12:34:00,,70103,S,40.376156,-3.6561253,10,False,,0
2026-10-03T10:45:03Z,SPECIAL_10_91677C7,91677,C7,20,18001,18001,2026-10-03T12:47:00,,70103,A,40.42352,-3.6912522,10,False,,1
2026-10-03T10:49:55Z,SPECIAL_10_91677C7,91677,C7,20,18002,18002,2026-10-03T12:51:00,,70103,A,40.44655,-3.691473,10,False,,1
2026-10-03T10:55:04Z,SPECIAL_10_91677C7,91677,C7,17,17000,17000,2026-10-03T12:54:00,,70103,A,40.47113,-3.6828332,10,False,,0
2026-10-03T10:59:53Z,SPECIAL_10_91677C7,91677,C7,18,17000,17000,2026-10-03T12:55:00,,70103,A,40.47113,-3.6828332,10,False,,0
2026-10-03T11:06:13Z,SPECIAL_10_91677C7,91677,C7,18,17000,17000,2026-10-03T12:55:00,,70103,A,40.47113,-3.6828332,10,False,,0
2026-10-03T11:15:47Z,SPECIAL_10_91677C7,91677,C7,18,17000,17000,2026-10-03T12:55:00,,70103,A,40.47113,-3.6828332,10,False,,0
2026-10-03T11:25:51Z,SPECIAL_10_91677C7,91677,C7,18,17000,17000,2026-10-03T12:55:00,,70103,A,40.47113,-3.6828332,10,False,,0
2026-10-03T11:35:20Z,SPECIAL_10_91677C7,91677,C7,18,17000,17000,2026-10-03T12:55:00,,70103,A,40.47113,-3.6828332,10,False,,0
2026-10-03T11:39:54Z,SPECIAL_10_91677C7,91677,C7,18,17000,17000,2026-10-03T12:55:00,,70103,A,40.47113,-3.6828332,10,False,,0
2026-10-03T11:45:04Z,SPECIAL_10_91677C7,91677,C7,18,17000,17000,2026-10-03T12:55:00,,70103,A,40.47113,-3.6828332,10,False,,0
2026-10-03T11:50:41Z,SPECIAL_10_91677C7,91677,C7,18,17000,17000,2026-10-03T12:55:00,,70103,A,40.47113,-3.6828332,10,False,,0
2026-10-03T11:59:55Z,SPECIAL_10_91677C7,91677,C7,18,17000,17000,2026-10-03T12:55:00,,70103,A,40.47113,-3.6828332,10,False,,0
2026-10-03T12:05:34Z,SPECIAL_10_91677C7,91677,C7,18,17000,17000,2026-10-03T12:55:00,,70103,A,40.47113,-3.6828332,10,False,,0
2026-10-03T12:15:07Z,SPECIAL_10_91677C7,91677,C7,18,17000,17000,2026-10-03T12:55:00,,70103,A,40.47113,-3.6828332,10,False,,0
2026-10-03T12:19:59Z,SPECIAL_10_91677C7,91677,C7,18,17000,17000,2026-10-03T12:55:00,,70103,A,40.47113,-3.6828332,10,False,,0
2026-10-03T12:25:48Z,SPECIAL_10_91677C7,91677,C7,18,17000,17000,2026-10-03T12:55:00,,70103,A,40.47113,-3.6828332,10,False,,0
2026-10-03T12:36:02Z,3074S23015C2,23015,C2,6,43000,51051,2026-10-03T14:38:56,51050,51003,E,37.434105,-5.9807305,30,False,,2
2026-10-03T12:36:02Z,3074S23543C1,23543,C1,1,50702,50701,2026-10-03T14:41:04,50600,51200,A,37.574757,-5.8031654,30,False,1,1
2026-10-03T12:36:02Z,3074S23538C1,23538,C1,1,51110,51113,2026-10-03T14:38:36,51200,50600,E,37.362885,-5.97583,30,False,,2
2026-10-03T12:36:02Z,3074S23546C1,23546,C1,1,50600,50602,2026-10-03T14:44:14,51200,50600,35.0,37.632584,-5.5796432,30,False,,2
2026-10-03T12:36:02Z,3074S23721C5,23721,C5,0,43005,43004,2026-10-03T14:40:00,51113,43005,A,37.381527,-6.193782,30,False,5,1
2026-10-03T12:36:02Z,3074S23899C5,23899,C5,5,43026,43027,2026-10-03T14:47:22,43005,51101,23.0,37.430794,-6.0678706,30,False,,2
2026-10-03T12:36:02Z,3074S23065C2,23065,C2,0,51050,51051,2026-10-03T14:49:00,51003,51050,A,37.417423,-6.007467,30,False,1,1
2026-10-03T12:36:02Z,3074S23545C1,23545,C1,7,51113,51110,2026-10-03T14:37:11,50600,51200,54.0,37.34909,-5.970278,30,False,,1
2026-10-03T12:36:02Z,3174S23227C1,23227,C1,0,51419,51406,2026-10-03T14:43:00,51300,51405,A,36.46808,-6.206758,31,False,1,1
2026-10-03T12:36:02Z,3174S23437T1,23437,T1,0,51460,51459,2026-10-03T14:40:00,51450,51405,A,36.466236,-6.1955566,31,False,1,1
2026-10-03T12:36:02Z,3174S23226C1,23226,C1,0,51400,51417,2026-10-03T14:42:00,51405,51300,A,36.58479,-6.216128,31,False,2,2
2026-10-03T12:36:02Z,3174S23440T1,23440,T1,0,51450,51451,2026-10-03T14:41:00,51405,51450,,36.40869,-6.1343336,31,False,1,2
2026-10-03T12:36:02Z,3174S23438T1,23438,T1,1,51404,51414,2026-10-03T14:39:00,51405,51450,A,36.521587,-6.2807107,31,False,2,2
2026-10-03T12:36:02Z,3274S23355C1,23355,C1,1,54501,54503,2026-10-03T14:39:37,54516,54517,E,36.70121,-4.454409,32,False,1,1
2026-10-03T12:36:02Z,3274S23353C1,23353,C1,5,54509,54519,2026-10-03T14:39:59,54516,54517,A,36.613625,-4.509399,32,False,1,1
2026-10-03T12:36:02Z,3274S23350C1,23350,C1,0,54516,54515,2026-10-03T14:42:00,54517,54516,A,36.55467,-4.6145897,32,False,1,1
2026-10-03T12:36:02Z,3274S23348C1,23348,C1,1,54511,54510,2026-10-03T14:39:25,54517,54516,10.0,36.59923,-4.5339055,32,False,1,2
2026-10-03T12:36:02Z,3274S23346C1,23346,C1,1,54503,54501,2026-10-03T14:40:20,54517,54516,A,36.70121,-4.454409,32,False,2,2
2026-10-03T12:36:02Z,4074S31423C3,31423,C3,0,66212,66214,2026-10-03T14:47:00,66206,66212,A,39.462456,-0.43221256,40,False,4,1
2026-10-03T12:36:02Z,4074S24051C2,24051,C2,0,65000,64203,2026-10-03T14:46:00,64006,65000,A,39.42246,-0.39274746,40,False,7,1
2026-10-03T12:36:02Z,4074S84048C2,84048,C2,0,64003,64004,2026-10-03T14:53:00,65000,64003,,38.878082,-0.7535829,40,False,,
2026-10-03T12:36:02Z,4074S82010C3,82010,C3,0,66206,66204,2026-10-03T15:01:00,66200,66206,,39.427246,-0.7875172,40,False,,1
2026-10-03T12:36:02Z,4074S24330C6,24330,C6,2,65207,65208,2026-10-03T14:38:55,65300,65000,22.0,39.896652,-0.10401056,40,False,,4
2026-10-03T12:36:02Z,4074S31424C3,31424,C3,4,66207,66208,2026-10-03T14:39:29,66212,66206,26.0,39.48604,-0.72622794,40,False,,
2026-10-03T12:36:02Z,4074S36439C1,36439,C1,0,65000,64203,2026-10-03T14:41:00,69110,65000,E,39.46634,-0.37753645,40,False,,1
2026-10-03T12:36:02Z,4074S24043C2,24043,C2,17,64102,64007,2026-10-03T14:39:47,64003,65000,E,39.083164,-0.46941403,40,False,,1
2026-10-03T12:36:02Z,4074S24044C2,24044,C2,5,64107,64200,2026-10-03T14:43:46,65000,64006,E,39.284313,-0.430191,40,False,,2
2026-10-03T12:36:02Z,4074S24048C2,24048,C2,3,64100,64007,2026-10-03T14:40:46,65000,64006,E,38.992313,-0.5246103,40,False,,2
2026-10-03T12:36:02Z,4074S24047C2,24047,C2,2,64105,64104,2026-10-03T14:37:35,64003,65000,55.0,39.17129,-0.4470718,40,False,,2
2026-10-03T12:36:02Z,4074S80009C3,80009,C3,0,66200,66201,2026-10-03T14:56:00,66206,66200,,39.570892,-1.2023381,40,False,2,1
2026-10-03T12:36:02Z,4074S24335C6,24335,C6,1,65203,65202,2026-10-03T14:38:13,65000,65300,E,39.767773,-0.20289865,40,False,,1
2026-10-03T12:36:02Z,4074S24235C1,24235,C1,4,69104,69105,2026-10-03T14:47:43,69110,65000,E,39.177853,-0.26344925,40,False,,1
2026-10-03T12:36:02Z,4074S24049C2,24049,C2,1,64200,64107,2026-10-03T14:40:14,64006,65000,44.0,39.329685,-0.42569342,40,False,,1
2026-10-03T12:36:02Z,4074S24334C6,24334,C6,2,65002,65003,2026-10-03T14:40:10,65312,65000,27.0,39.43985,-0.3546807,40,False,,2
2026-10-03T12:36:02Z,4074S24238C1,24238,C1,6,69105,69104,2026-10-03T14:41:02,65000,69110,34.0,39.11154,-0.24544312,40,False,,2
2026-10-03T12:36:02Z,5174S77436R4,77436,R4,1,72207,72208,2026-10-03T14:44:06,78600,71600,A,41.44866,1.865482,50,False,2,2
2026-10-03T12:36:02Z,5174S77304R3,77304,R3,0,77200,77114,2026-10-03T14:53:00,77102,77200,A,42.130215,2.203742,50,False,,
2026-10-03T12:36:02Z,5174S78648R8,78648,R8,0,79100,79007,2026-10-03T14:37:00,72209,79100,E,41.59969,2.2916095,50,True,,2
2026-10-03T12:36:02Z,5174S77428R4,77428,R4,-1,78606,78605,2026-10-03T14:40:09,78600,71600,E,41.60183,1.8939729,50,True,1,1
2026-10-03T12:36:02Z,5174S77837R7,77837,R7,0,78706,72503,2026-10-03T14:39:47,72503,78800,E,41.492607,2.1475563,50,False,,
2026-10-03T12:36:02Z,5174S15866R11,15866,R11,0,79315,79314,2026-10-03T14:39:00,71801,79315,,42.424557,3.1579165,50,False,,
2026-10-03T12:36:02Z,5174S35549R3,35549,R3,-1,77106,77107,2026-10-03T14:39:23,77303,77102,E,41.814796,2.2333581,50,False,,
2026-10-03T12:36:02Z,5174S25639R1,25639,R1,0,79410,79412,2026-10-03T14:37:39,79200,72305,E,41.500538,2.3899064,50,False,,1
2026-10-03T12:36:02Z,5174S25432R2N,25432,R2N,9,79006,79007,2026-10-03T14:40:06,79104,72400,A,41.54973,2.2454193,50,True,1,1
2026-10-03T12:36:02Z,5174S25633R1,25633,R1,13,79606,79607,2026-10-03T14:40:33,79200,72305,E,41.673496,2.769029,50,True,1,
2026-10-03T12:36:02Z,5174S25434R2N,25434,R2N,8,71801,71802,2026-10-03T14:43:29,79100,72400,A,41.392376,2.1651223,50,True,13,
2026-10-03T12:36:02Z,5174S25635R1,25635,R1,7,79602,79603,2026-10-03T14:43:52,79606,72305,A,41.614597,2.666027,50,True,1,
2026-10-03T12:36:02Z,5174S77540R4,77540,R4,-1,78709,78704,2026-10-03T14:38:55,72204,78700,A,41.546566,2.1159177,50,True,,2
2026-10-03T12:36:02Z,5174S25528R2S,25528,R2S,26,71801,71802,2026-10-03T14:36:14,79400,71600,89.0,41.390575,2.1627176,50,False,,
2026-10-03T12:36:02Z,5174S25643R1,25643,R1,2,78804,79009,2026-10-03T14:37:59,79606,72305,E,41.391903,2.1806395,50,False,,4
2026-10-03T12:36:02Z,5174S35547R3,35547,R3,1,77114,77200,2026-10-03T14:39:47,77310,77102,55.0,42.165264,2.2039542,50,False,,
2026-10-03T12:36:02Z,5174S77740R4,77740,R4,0,78700,78710,2026-10-03T14:48:00,72209,78700,A,41.567463,2.03963,50,True,2,2
2026-10-03T12:36:02Z,5174S28436R2N,28436,R2N,8,79009,71802,2026-10-03T14:38:52,72400,79104,39.0,41.402554,2.178694,50,True,,
2026-10-03T12:36:02Z,5174S77542R4,77542,R4,2,78604,78605,2026-10-03T14:40:30,71600,78600,21.0,41.659233,1.8651087,50,True,,2
2026-10-03T12:36:02Z,5174S25646R1,25646,R1,6,79403,79009,2026-10-03T14:41:40,72305,79200,35.0,41.425293,2.212291,50,True,,3
2026-10-03T12:36:02Z,5174S25648R1,25648,R1,9,79501,79500,2026-10-03T14:38:59,72305,79606,E,41.55539,2.4983492,50,True,,2
2026-10-03T12:36:02Z,5174S15914R11,15914,R11,2,79303,79304,2026-10-03T14:37:50,79315,71801,33.0,42.053593,2.961658,50,False,,
2026-10-03T12:36:02Z,5174S25647R1,25647,R1,0,72305,71801,2026-10-03T14:54:00,79200,72305,A,41.379536,2.1411612,50,True,,
2026-10-03T12:36:02Z,5174S15860R11,15860,R11,62,79009,71802,2026-10-03T14:35:45,71801,79315,A,41.392376,2.1651223,50,True,,
2026-10-03T12:36:02Z,5174S77330R3,77330,R3,-3,77107,77106,2026-10-03T14:42:11,77102,77200,A,41.814796,2.2333581,50,False,,
2026-10-03T12:36:02Z,5174S25740R1,25740,R1,1,71801,72305,2026-10-03T14:42:29,72305,79500,E,41.379536,2.1411612,50,True,7,
2026-10-03T12:36:02Z,5174S25820R1,25820,R1,1,79406,79405,2026-10-03T14:36:42,72305,79500,E,41.468693,2.2867389,50,True,,
2026-10-03T12:36:02Z,5174S77530R4,77530,R4,32,72203,72202,2026-10-03T14:39:47,71600,78600,43.0,41.298832,1.633017,50,True,,1
2026-10-03T12:36:02Z,5174S25821R1,25821,R1,0,79404,79405,2026-10-03T14:37:16,79500,72305,28.0,41.451164,2.2550676,50,True,,1
2026-10-03T12:36:02Z,5174S77534R4,77534,R4,-2,72209,72208,2026-10-03T14:36:40,71600,78600,A,41.44866,1.865482,50,True,,1
2026-10-03T12:36:02Z,5174S25823R1,25823,R1,0,72305,71801,2026-10-03T14:38:37,79500,72305,E,41.36431,2.1008937,50,True,,
2026-10-03T12:36:02Z,5174S28297R2S,28297,R2S,3,71709,71706,2026-10-03T14:36:04,71700,79400,E,41.30931,2.0274873,50,True,,
2026-10-03T12:36:02Z,5174S77536R4,77536,R4,2,72302,72301,2026-10-03T14:38:53,72204,78700,A,41.38308,2.0479817,50,True,,1
2026-10-03T12:36:02Z,5174S77736R4,77736,R4,12,78806,78804,2026-10-03T14:41:25,72305,78700,A,41.391907,2.1806386,50,True,2,2
2026-10-03T12:36:02Z,5174S77738R4,77738,R4,-1,78706,78707,2026-10-03T14:37:26,72305,78700,E,41.49266,2.1475983,50,False,,2
2026-10-03T12:36:02Z,5174S25535R2S,25535,R2S,-1,71801,71709,2026-10-03T14:48:06,71600,79400,E,41.379513,2.1412146,50,True,,
2026-10-03T12:36:02Z,5174S25537R2S,25537,R2S,0,79400,71802,2026-10-03T14:58:00,71600,79400,A,41.392376,2.1651223,50,False,,
2026-10-03T12:36:02Z,5174S28362R2S,28362,R2S,0,71700,71701,2026-10-03T14:44:00,79400,71700,A,41.23921,1.8097008,50,True,-,
2026-10-03T12:36:02Z,5174S25650R1,25650,R1,3,79604,79603,2026-10-03T14:38:46,72305,79200,A,41.62999,2.7159991,50,True,1,
2026-10-03T12:36:02Z,5174S78614R8,78614,R8,26,79100,79100,2026-10-03T14:35:37,79100,72209,A,41.59969,2.2916095,50,True,6,6
2026-10-03T12:36:02Z,5174S28298R2S,28298,R2S,7,71704,71705,2026-10-03T14:38:00,79400,71700,27.0,41.268085,1.9640106,50,False,2,2
2026-10-03T12:36:02Z,5174S28295R2S,28295,R2S,12,71701,71700,2026-10-03T14:40:55,71700,79400,E,41.23921,1.8097008,50,False,,
2026-10-03T12:36:02Z,5174S78616R8,78616,R8,5,72210,72501,2026-10-03T14:45:12,79100,72209,6.0,41.470375,1.9710171,50,True,2,1
2026-10-03T12:36:02Z,5174S77630R4,77630,R4,5,78710,78700,2026-10-03T14:36:45,78700,72305,69.0,41.56917,2.0222,50,True,,
2026-10-03T12:36:02Z,5174S28296R2S,28296,R2S,17,71708,71801,2026-10-03T14:41:39,79400,71700,E,41.35488,2.1156967,50,False,,
2026-10-03T12:36:02Z,5174S77432R4,77432,R4,5,78805,78804,2026-10-03T14:41:03,78600,71600,A,41.391907,2.1806386,50,True,1,1
2026-10-03T12:36:02Z,5174S77434R4,77434,R4,2,72300,72301,2026-10-03T14:43:24,78700,72204,A,41.38308,2.0479817,50,True,2,2
2026-10-03T12:36:02Z,5174S30509R2S,15009,R2S,21,71500,71401,2026-10-03T14:43:07,71210,79400,8.0,41.185658,1.5229805,50,False,1,
2026-10-03T12:36:02Z,5174S28299R2S,28299,R2S,-2,71802,71801,2026-10-03T14:40:38,71700,79400,A,41.379513,2.1412146,50,True,,
2026-10-03T12:36:02Z,5174S77832R7,77832,R7,0,72503,78706,2026-10-03T14:55:00,78800,72503,A,41.492607,2.1475563,50,False,5,2
2026-10-03T12:36:02Z,5174S15010R15,15010,R15,26,71801,71802,2026-10-03T14:38:47,79400,71400,26.0,41.382374,2.1476831,50,True,,
2026-10-03T12:36:02Z,5174S18126R16,18126,R16,12,71500,71502,2026-10-03T14:46:32,79400,65400,E,41.13657,1.3734233,50,True,4,
2026-10-03T12:36:02Z,5174S18127R16,18127,R16,7,71503,71502,2026-10-03T14:38:38,65400,79400,E,41.142742,1.4057958,50,False,1,
2026-10-03T12:36:02Z,5174S25532R2S,25532,R2S,7,71701,71705,2026-10-03T14:48:32,79400,71600,E,41.23921,1.8097008,50,False,2,2
2026-10-03T12:36:02Z,5174S25531R2S,25531,R2S,17,71604,71603,2026-10-03T14:40:35,71600,79400,A,41.1948,1.6319689,50,True,1,
2026-10-03T12:36:02Z,5174S25534R2S,25534,R2S,-1,71601,71602,2026-10-03T14:39:07,79400,71600,A,41.19241,1.6064517,50,True,,
2026-10-03T12:36:02Z,6074S71522C4,71522,C4,7,05471,05473,2026-10-03T14:36:46,05485,05451,E,43.208946,-3.09538,60,False,,1
2026-10-03T12:36:02Z,6074S29537C2,29537,C2,2,13508,13505,2026-10-03T14:39:07,13506,13200,E,43.319363,-3.0674317,60,False,1,1
2026-10-03T12:36:02Z,6074S26539C3,26539,C3,2,13100,13116,2026-10-03T14:40:40,13200,13100,3.0,42.995537,-3.0145824,60,True,2,1
2026-10-03T12:36:02Z,6074S29638C1,29638,C1,1,13304,13303,2026-10-03T14:38:25,13200,13405,A,43.26418,-2.9553094,60,False,2,2
2026-10-03T12:36:02Z,6074S26537C3,26537,C3,-1,13110,13111,2026-10-03T14:40:44,13200,13100,E,43.17912,-2.9028738,60,True,,1
2026-10-03T12:36:02Z,6074S29536C2,29536,C2,3,13504,13509,2026-10-03T14:36:35,13200,13506,62.0,43.309418,-3.0557652,60,False,,1
2026-10-03T12:36:02Z,6074S71525C4,71525,C4,10,05465,05463,2026-10-03T14:36:21,05451,05485,E,43.222702,-3.024937,60,False,,1
2026-10-03T12:36:02Z,6074S26536C3,26536,C3,2,13103,13102,2026-10-03T14:38:58,13100,13200,A,43.07418,-2.9994733,60,False,2,2
2026-10-03T12:36:02Z,6074S71876C4,71876,C4,1,05457,05459,2026-10-03T14:37:41,05803,05451,E,43.27407,-2.9740336,60,False,,2
2026-10-03T12:36:02Z,6074S29643C1,29643,C1,0,13200,13205,2026-10-03T14:49:00,13405,13200,A,43.256733,-2.9322033,60,False,1,1
2026-10-03T12:36:02Z,6074S26538C3,26538,C3,0,13112,13111,2026-10-03T14:37:45,13100,13200,E,43.22361,-2.882291,60,False,,2
2026-10-03T12:36:02Z,6074S26540C3,26540,C3,0,13200,13120,2026-10-03T14:45:00,13100,13200,A,43.25035,-2.930641,60,True,3,2
2026-10-03T12:36:02Z,6074S29641C1,29641,C1,4,13400,13401,2026-10-03T14:37:24,13405,13200,21.0,43.301723,-2.986607,60,False,1,1
2026-10-03T12:36:02Z,6074S71527C4,71527,C4,0,05479,05477,2026-10-03T14:36:09,05451,05485,E,43.20397,-3.1448612,60,False,,1
2026-10-03T12:36:02Z,6174S81715C1,81715,C1,0,11508,11511,2026-10-03T14:54:00,11600,11508,A,43.317684,-1.9766475,61,False,1,
2026-10-03T12:36:02Z,6174S35683C1,35683,C1,1,11400,11402,2026-10-03T14:42:02,11508,11400,22.0,43.079563,-2.3071358,61,False,,1
2026-10-03T12:36:02Z,6174S35659C1,35659,C1,1,11407,11408,2026-10-03T14:36:54,11508,11305,46.0,43.089012,-2.1335633,61,False,,1
2026-10-03T12:36:02Z,6174S35646C1,35646,C1,1,11406,11405,2026-10-03T14:38:30,11305,11508,E,43.068367,-2.1625364,61,False,2,2
2026-10-03T12:36:02Z,6274S26927C1,26927,C1,0,14202,14233,2026-10-03T14:42:00,14223,14202,A,43.00072,-4.1343675,62,False,3,1
2026-10-03T12:36:02Z,6274S71170C2,71170,C2,0,14223,05602,2026-10-03T14:43:00,05623,14223,A,43.452877,-3.8282192,62,False,2AM,2
2026-10-03T12:36:02Z,6274S71214C3,71214,C3,-1,05655,05652,2026-10-03T14:38:49,14223,05658,E,43.416107,-3.8409512,62,False,,
2026-10-03T12:36:02Z,6274S26923C1,26923,C1,0,14223,14223,2026-10-03T14:36:01,14223,14206,A,43.45939,-3.811848,62,False,1,1
2026-10-03T12:36:02Z,6274S81168C2,81168,C2,0,05623,05625,2026-10-03T14:38:00,05637,05623,E,43.358776,-4.087748,62,False,,1
2026-10-03T12:36:02Z,6274S71217C3,71217,C3,0,14223,05602,2026-10-03T14:48:00,05658,14223,A,43.452858,-3.828213,62,False,7AM,7
2026-10-03T12:36:02Z,6274S71369C3,71369,C3,0,05657,05658,2026-10-03T14:35:57,05671,14223,E,43.40382,-3.8205857,62,False,,2
2026-10-03T12:36:02Z,6274S71853C3,71853,C3,5,05673,05675,2026-10-03T14:41:39,05691,14223,A,43.37387,-3.7141368,62,False,,1
2026-10-03T12:36:02Z,6274S71167C2,71167,C2,7,05623,05622,2026-10-03T14:36:11,14223,05623,82.0,43.357258,-4.0733376,62,False,,1
2026-10-03T12:36:02Z,4674S70161C1,70161,C1,3,05107,05109,2026-10-03T14:38:05,05139,21010,A,43.52797,-8.150393,46,False,3,
2026-10-03T12:36:02Z,4674S71830C1,71830,C1,30,05121,05119,2026-10-03T14:37:09,21010,15211,A,43.55045,-8.018679,46,False,,
2026-10-03T12:36:02Z,2074S70520C7,70520,C7,4,05320,05321,2026-10-03T14:39:00,05329,15211,A,43.448772,-6.077201,20,False,,2
2026-10-03T12:36:02Z,2074S22330C3,22330,C3,0,16405,16403,2026-10-03T14:48:00,16011,16405,E,43.588665,-5.9331584,20,False,1,1
2026-10-03T12:36:02Z,2074S70861C6,70861,C6,7,05529,05531,2026-10-03T14:42:00,05534,15211,A,43.35986,-5.3841476,20,False,1,2
2026-10-03T12:36:02Z,2074S22331C3,22331,C3,6,16408,16401,2026-10-03T14:38:00,16405,15218,A,43.540096,-5.9020247,20,False,1,1
2026-10-03T12:36:02Z,2074S70220C4,70220,C4,0,15410,05203,2026-10-03T15:02:00,16403,15410,E,43.537647,-5.67596,20,False,12,1
2026-10-03T12:36:02Z,2074S22333C3,22333,C3,3,15301,16301,2026-10-03T14:40:00,16405,15211,A,43.476093,-5.8615694,20,False,4,1
2026-10-03T12:36:02Z,2074S22024C1,22024,C1,0,15400,15303,2026-10-03T14:39:00,15118,15410,A,43.52077,-5.746301,20,False,2,2
2026-10-03T12:36:02Z,2074S70252C4,70252,C4,10,05211,05213,2026-10-03T14:38:00,05325,15410,27.0,43.581734,-5.7785125,20,False,5,1
2026-10-03T12:36:02Z,2074S22020C1,22020,C1,1,15200,15123,2026-10-03T14:41:00,15122,15410,S,43.20475,-5.7924085,20,False,2,2
2026-10-03T12:36:02Z,2074S70916C8,70916,C8,0,05361,15206,2026-10-03T14:43:00,05389,05361,E,43.27461,-5.8277555,20,False,2,1
2026-10-03T12:36:02Z,2074S70915C8,70915,C8,-1,05389,05387,2026-10-03T14:49:00,05361,05389,E,43.124065,-5.5663133,20,False,1,1
2026-10-03T12:36:02Z,2074S70808C6,70808,C6,1,05507,05505,2026-10-03T14:40:00,15211,05523,16.0,43.37854,-5.755559,20,False,2,2
2026-10-03T12:36:02Z,2074S70863C6,70863,C6,0,05505,05507,2026-10-03T14:42:00,05534,15211,E,43.37962,-5.792306,20,False,1,1
2026-10-03T12:36:02Z,2074S70419C5,70419,C5,0,15410,05413,2026-10-03T15:27:00,05443,15410,E,43.53758,-5.67587,20,False,14,7
2026-10-03T12:36:02Z,2074S22328C3,22328,C3,7,16302,16301,2026-10-03T14:40:00,15218,16405,A,43.476093,-5.8615694,20,False,1,2
2026-10-03T12:36:02Z,2074S70860C6,70860,C6,0,05534,05533,2026-10-03T15:00:00,15211,05534,E,43.344013,-5.3606467,20,False,2,2
2026-10-03T12:36:02Z,2074S70418C5,70418,C5,13,05443,05439,2026-10-03T14:54:00,15410,05443,E,43.250706,-5.5648093,20,False,1,1
2026-10-03T12:36:02Z,2074S22217C2,22217,C2,0,16011,16010,2026-10-03T14:52:00,16405,16011,E,43.28714,-5.6448464,20,False,1,1
2026-10-03T12:36:02Z,2074S70517C7,70517,C7,1,05313,05311,2026-10-03T14:49:00,15211,05329,E,43.384212,-5.982483,20,False,1,1
2026-10-03T12:36:02Z,2074S22218C2,22218,C2,0,15209,15208,2026-10-03T14:37:00,16011,15211,E,43.313263,-5.8692784,20,False,2,2
2026-10-03T12:36:02Z,2074S70858C6,70858,C6,6,05515,05513,2026-10-03T14:45:00,15211,05534,E,43.376865,-5.601376,20,False,1,3
2026-10-03T12:36:02Z,2074S70577C5a,70577,C5a,1,05413,15410,2026-10-03T14:57:00,15410,15211,3.0,43.39948,-5.7033906,20,False,5,11
2026-10-03T12:36:02Z,2074S70913C8,70913,C8,13,05369,15205,2026-10-03T14:41:00,05361,05389,13.0,43.25337,-5.783034,20,False,4,1
2026-10-03T12:36:02Z,2074S70218C4,70218,C4,2,15400,05208,2026-10-03T14:41:00,05211,15410,E,43.541885,-5.722748,20,False,2,1
2026-10-03T12:36:02Z,2074S70313C4,70313,C4,10,05224,05220,2026-10-03T14:38:00,15410,05245,E,43.57637,-5.939911,20,False,1,2
2026-10-03T12:36:02Z,2074S70416C5,70416,C5,1,05407,05405,2026-10-03T14:39:00,15410,05443,E,43.486576,-5.7196226,20,False,1,1
2026-10-03T12:36:02Z,2074S70415C5,70415,C5,95,15410,05403,2026-10-03T14:37:00,05443,15410,E,43.53758,-5.67587,20,False,14,2
2026-10-03T12:36:02Z,2074S70914C8,70914,C8,65,05361,15206,2026-10-03T14:37:00,05389,05361,E,43.27461,-5.8277555,20,False,1,1
2026-10-03T12:36:02Z,2074S70316C4,70316,C4,10,05229,05231,2026-10-03T14:38:00,05325,15410,A,43.54088,-6.0279617,20,False,1,1
2026-10-03T12:36:02Z,2074S70315C4,70315,C4,0,05325,05237,2026-10-03T14:56:00,15410,05325,E,43.491173,-6.110308,20,False,3,2
2026-10-03T12:36:02Z,4174S84914C2,84914,C2,85,06006,06005,2026-10-03T14:44:00,61200,06006,E,37.672035,-1.6961039,41,False,1,1
2026-10-03T12:36:02Z,4174S24712C1,24712,C1,12,62001,62002,2026-10-03T14:44:00,60911,61200,E,38.04477,-0.9994249,41,False,4,4
2026-10-03T12:36:02Z,4174S36413C1,36413,C1,16,62109,62104,2026-10-03T14:47:00,61200,60911,6.0,38.324333,-0.5116089,41,False,2,1
2026-10-03T12:36:02Z,4574S71718C1,71718,C1,0,05977,05975,2026-10-03T15:02:00,05951,05977,E,37.651886,-0.7968713,45,False,1,1
2026-10-03T12:36:02Z,4574S71719C1,71719,C1,1,05963,05965,2026-10-03T14:38:00,05977,05951,E,37.651886,-0.7968713,45,False,1,2
2026-10-03T12:36:02Z,7074S31523C1,31523,C1,5,71100,70807,2026-10-03T14:51:00,70800,71100,E,41.633057,-0.86840355,70,False,5,1
2026-10-03T12:36:02Z,1074S75839C7,75839,C7,6,10010,10002,2026-10-03T14:39:00,10000,70103,E,40.46547,-3.8076725,10,False,1,1
2026-10-03T12:36:02Z,1074S75618C2,75618,C2,1,70107,70104,2026-10-03T14:40:00,70200,17000,E,40.53455,-3.2985828,10,False,2,2
2026-10-03T12:36:02Z,1074S27457C4b,27457,C4b,3,17004,17005,2026-10-03T14:45:00,17005,37012,A,40.644844,-3.7762609,10,False,2,3
2026-10-03T12:36:02Z,1074S19873C1,19873,C1,1,98305,98304,2026-10-03T14:45:00,17000,98305,E,40.4924,-3.593483,10,True,2,1
2026-10-03T12:36:02Z,1074S19875C1,19875,C1,0,98305,98304,2026-10-03T14:59:00,17000,98305,E,40.4924,-3.593483,10,False,2,1
2026-10-03T12:36:02Z,1074S75331C10,75331,C10,4,10001,10000,2026-10-03T14:43:00,17000,10002,S,40.448578,-3.7855594,10,False,1,1
2026-10-03T12:36:02Z,1074S27619C8b,27619,C8b,10,97100,10100,2026-10-03T14:46:00,12006,17000,7.0,40.49308,-3.7371814,10,False,1,3
2026-10-03T12:36:02Z,1074S19870C1,19870,C1,0,17000,98003,2026-10-03T14:54:00,98305,17000,E,40.47102,-3.6825693,10,False,12,2
2026-10-03T12:36:02Z,1074S19872C1,19872,C1,0,17000,98003,2026-10-03T15:09:00,98305,17000,E,40.47102,-3.6825693,10,False,12,2
2026-10-03T12:36:02Z,1074S27450C4b,27450,C4b,2,37002,37011,2026-10-03T14:38:00,37012,17005,E,40.309868,-3.733689,10,True,2,2
2026-10-03T12:36:02Z,1074S75018C8a,75018,C8a,7,10104,10103,2026-10-03T14:40:00,70200,10203,E,40.60039,-3.98222,10,False,2,2
2026-10-03T12:36:02Z,1074S27454C4b,27454,C4b,0,17001,17000,2026-10-03T14:42:00,37012,17005,A,40.471325,-3.6833096,10,True,2,2
2026-10-03T12:36:02Z,1074S75017C8a,75017,C8a,0,17000,97201,2026-10-03T14:47:00,10206,17000,E,40.47113,-3.6828332,10,False,11,1
2026-10-03T12:36:02Z,1074S75336C10,75336,C10,-1,17000,18002,2026-10-03T14:50:00,10100,17000,E,40.470848,-3.682503,10,False,8,4
2026-10-03T12:36:02Z,1074S75138C10,75138,C10,5,10200,10104,2026-10-03T14:50:00,17000,10200,E,40.62599,-4.0081153,10,False,3,2
2026-10-03T12:36:02Z,1074S19871C1,19871,C1,1,98003,17000,2026-10-03T14:43:00,17000,98305,E,40.484917,-3.6630294,10,True,1,8
2026-10-03T12:36:02Z,1074S27458C4b,27458,C4b,0,17005,17004,2026-10-03T15:02:00,37012,17005,E,40.644844,-3.7762609,10,True,3,3
2026-10-03T12:36:02Z,1074S75334C10,75334,C10,17,17000,18002,2026-10-03T14:39:00,10100,17000,E,40.470848,-3.682503,10,False,6,4
2026-10-03T12:36:02Z,1074S27256C4a,27256,C4a,9,37011,37012,2026-10-03T14:42:00,37012,19003,11.0,40.28008,-3.7382903,10,True,2,1
2026-10-03T12:36:02Z,1074S27257C4a,27257,C4a,0,17009,19001,2026-10-03T14:38:00,19003,37012,E,40.54373,-3.7003317,10,True,1,1
2026-10-03T12:36:02Z,1074S75136C10,75136,C10,4,10005,10007,2026-10-03T14:39:00,17000,10200,S,40.494404,-3.8680208,10,False,1,1
2026-10-03T12:36:02Z,1074S75015C8a,75015,C8a,12,10201,10202,2026-10-03T14:39:00,10203,17000,A,40.60938,-4.046376,10,False,1,1
2026-10-03T12:36:02Z,1074S27455C4b,27455,C4b,23,17004,17005,2026-10-03T14:44:00,17005,37012,9.0,40.60741,-3.7199924,10,False,2,3
2026-10-03T12:36:02Z,1074S27452C4b,27452,C4b,0,18000,60100,2026-10-03T14:42:00,37012,17005,A,40.352676,-3.684073,10,True,7,1
2026-10-03T12:36:02Z,1074S27459C4b,27459,C4b,0,17000,17001,2026-10-03T14:40:00,17005,37012,E,40.471325,-3.6833096,10,True,4,1
2026-10-03T12:36:02Z,1074S27948C5,27948,C5,0,35607,35606,2026-10-03T14:44:00,35002,35607,E,40.330883,-3.8823783,10,False,2,1
2026-10-03T12:36:02Z,1074S75333C10,75333,C10,0,10100,10005,2026-10-03T14:47:00,17000,10002,E,40.52248,-3.8818293,10,False,5,1
2026-10-03T12:36:02Z,1074S27949C5,27949,C5,0,35002,35010,2026-10-03T14:39:00,35607,35002,E,40.283237,-3.7991464,10,False,1,1
2026-10-03T12:36:02Z,1074S27456C4b,27456,C4b,0,17005,17004,2026-10-03T14:42:00,37012,17005,E,40.644844,-3.7762609,10,False,3,3
2026-10-03T12:36:02Z,1074S75625C2,75625,C2,5,70200,70105,2026-10-03T15:09:00,12006,70200,E,40.644257,-3.1823237,10,False,6,1
2026-10-03T12:36:02Z,1074S27258C4a,27258,C4a,3,60100,37001,2026-10-03T14:40:00,37012,19003,E,40.352676,-3.684073,10,True,1,2
2026-10-03T12:36:02Z,1074S75623C2,75623,C2,0,70108,70100,2026-10-03T14:40:00,12006,70200,A,40.401035,-3.5957623,10,False,1,1
2026-10-03T12:36:02Z,1074S27259C4a,27259,C4a,1,18101,18002,2026-10-03T14:40:00,19003,37012,E,40.417023,-3.7031636,10,True,1,6
2026-10-03T12:36:02Z,1074S75134C10,75134,C10,0,18000,18001,2026-10-03T14:39:00,17000,10200,A,40.42352,-3.6912522,10,False,1,1
2026-10-03T12:36:02Z,1074S75329C10,75329,C10,51,10100,10005,2026-10-03T14:38:00,17000,10002,E,40.52248,-3.8818293,10,False,5,1
2026-10-03T12:36:02Z,1074S75845C7,75845,C7,15,70103,70111,2026-10-03T14:53:00,10000,70103,E,40.4889,-3.3666708,10,False,2,1
2026-10-03T12:36:02Z,1074S27942C5,27942,C5,4,35011,35010,2026-10-03T14:39:00,35002,35607,S,40.283237,-3.7991464,10,False,2,2
2026-10-03T12:36:02Z,1074S75621C2,75621,C2,4,18001,18002,2026-10-03T14:39:00,10206,70200,A,40.44655,-3.691473,10,False,1,1
2026-10-03T12:36:02Z,1074S75620C2,75620,C2,0,17000,18002,2026-10-03T14:43:00,70200,17000,E,40.47097,-3.68245,10,True,9,2
2026-10-03T12:36:02Z,1074S27622C8b,27622,C8b,1,12005,12004,2026-10-03T14:41:00,70200,12006,A,40.69257,-4.035974,10,False,1,1
2026-10-03T12:36:02Z,1074S27946C5,27946,C5,0,35602,35601,2026-10-03T14:39:00,35002,35607,A,40.38357,-3.7686734,10,False,1,1
2026-10-03T12:36:02Z,1074S75841C7,75841,C7,4,17000,97201,2026-10-03T14:39:00,10000,70103,S,40.475327,-3.6810968,10,False,11,1
2026-10-03T12:36:02Z,1074S27767C5,27767,C5,0,35012,35002,2026-10-03T15:08:00,35607,35012,E,40.25559,-3.8284667,10,False,1,1
2026-10-03T12:36:02Z,1074S27947C5,27947,C5,0,35703,35702,2026-10-03T14:37:00,35607,35002,A,40.3791,-3.6987777,10,False,1,1
2026-10-03T12:36:02Z,1074S27944C5,27944,C5,2,18003,35702,2026-10-03T14:39:00,35002,35607,E,40.39592,-3.6779969,10,False,2,2
2026-10-03T12:36:02Z,1074S27764C5,27764,C5,0,35607,35606,2026-10-03T14:54:00,35012,35607,E,40.330883,-3.8823783,10,False,2,1
2026-10-03T12:36:02Z,1074S27945C5,27945,C5,2,35600,35601,2026-10-03T14:38:00,35607,35002,A,40.38357,-3.7686734,10,False,2,2
2026-10-03T12:36:02Z,1074S27765C5,27765,C5,0,35012,35002,2026-10-03T14:48:00,35607,35012,E,40.25559,-3.8284667,10,False,1,1
2026-10-03T12:36:02Z,1074S27263C4a,27263,C4a,0,37012,37011,2026-10-03T14:49:00,19003,37012,E,40.24143,-3.769159,10,False,1,1
2026-10-03T12:36:02Z,1074S27043C3,27043,C3,0,60102,60109,2026-10-03T14:37:00,17000,60200,A,40.318535,-3.7097142,10,False,1,1
2026-10-03T12:36:02Z,1074S27264C4a,27264,C4a,0,19003,19002,2026-10-03T14:54:00,37012,19003,E,40.546417,-3.6351175,10,True,2,2
2026-10-03T12:36:02Z,1074S27044C3,27044,C3,0,18101,18000,2026-10-03T14:43:00,60200,17000,A,40.40654,-3.6895106,10,True,2,7
2026-10-03T12:36:02Z,1074S27261C4a,27261,C4a,0,37001,60100,2026-10-03T14:42:00,19003,37012,A,40.352676,-3.684073,10,True,1,2
2026-10-03T12:36:02Z,1074S27262C4a,27262,C4a,3,19003,19002,2026-10-03T14:37:00,37012,19003,E,40.546417,-3.6351175,10,True,2,2
2026-10-03T12:36:02Z,1074S27465C4b,27465,C4b,0,37012,37011,2026-10-03T14:59:00,17005,37012,E,40.24143,-3.769159,10,True,2,1
2026-10-03T12:36:02Z,1074S27620C8b,27620,C8b,0,17000,17000,2026-10-03T14:37:00,70200,12006,A,40.47113,-3.6828332,10,True,8,8
2026-10-03T12:36:02Z,1074S27265C4a,27265,C4a,0,37012,37011,2026-10-03T15:09:00,19003,37012,E,40.24143,-3.769159,10,False,1,1
2026-10-03T12:36:02Z,1074S27042C3,27042,C3,5,60100,60107,2026-10-03T14:37:00,60200,17000,41.0,40.348473,-3.6838608,10,True,3,2
2026-10-03T12:36:02Z,1074S80689C9,80689,C9,60,12006,12020,2026-10-03T15:01:00,12023,12006,E,40.73769,-4.0657763,10,False,1,1
2026-10-03T12:36:02Z,1074S27047C3,27047,C3,0,60200,60105,2026-10-03T15:00:00,17000,60200,E,40.035027,-3.6189713,10,True,1,1
2026-10-03T12:36:02Z,1074S27762C5,27762,C5,0,35610,35605,2026-10-03T14:39:00,35012,35607,A,40.3503,-3.8317595,10,False,1,1
2026-10-03T12:36:02Z,1074S80688C9,80688,C9,0,12023,12020,2026-10-03T14:59:00,12006,12023,E,40.82242,-3.9645553,10,False,2,2
2026-10-03T12:36:02Z,1074S27763C5,27763,C5,1,35001,35009,2026-10-03T14:38:00,35607,35012,E,40.328766,-3.7714624,10,False,1,1
2026-10-03T12:36:02Z,1074S27463C4b,27463,C4b,3,37012,37011,2026-10-03T14:42:00,17005,37012,S,40.247055,-3.766885,10,True,2,1
2026-10-03T12:36:02Z,1074S27760C5,27760,C5,2,35608,35609,2026-10-03T14:40:00,35012,35607,E,40.3989,-3.7442265,10,False,1,1
2026-10-03T12:36:02Z,1074S27046C3,27046,C3,3,17000,18002,2026-10-03T14:56:00,60200,17000,E,40.471382,-3.6834786,10,True,3,8
2026-10-03T12:36:02Z,1074S27761C5,27761,C5,0,35609,35608,2026-10-03T14:41:00,35607,35012,E,40.405067,-3.7026901,10,False,2,2
2026-10-03T12:36:02Z,1074S27260C4a,27260,C4a,4,17000,18002,2026-10-03T14:40:00,37012,19003,S,40.471325,-3.6833096,10,True,2,8
2026-10-03T12:36:02Z,1074S75838C7,75838,C7,15,10000,10001,2026-10-03T14:58:00,70103,10000,E,40.42163,-3.7193205,10,False,3,2
2026-10-03T12:36:02Z,1074S27040C3,27040,C3,9,60103,60104,2026-10-03T14:40:00,60200,17000,16.0,40.234203,-3.6998568,10,True,2,2
2026-10-03T12:36:02Z,1074S19868C1,19868,C1,9,17000,98003,2026-10-03T14:48:00,98305,17000,E,40.47102,-3.6825693,10,False,12,2
2026-10-03T12:36:02Z,1074S75836C7,75836,C7,8,10005,97100,2026-10-03T14:47:00,70103,10000,6.0,40.503334,-3.8724186,10,False,2,2
2026-10-03T12:36:02Z,1074S75516C2,75516,C2,12,18000,70002,2026-10-03T14:40:00,70200,17000,S,40.40667,-3.689395,10,False,3,2
2026-10-03T12:36:02Z,1074S75515C2,75515,C2,2,70105,70104,2026-10-03T14:39:00,10203,70200,20.0,40.55566,-3.2719424,10,False,1,1
2026-10-03T12:36:02Z,1074S75834C7,75834,C7,14,17000,18002,2026-10-03T14:40:00,70103,10000,E,40.47113,-3.6828332,10,False,6,2
2026-10-03T12:36:02Z,1074S75832C7,75832,C7,15,70100,70108,2026-10-03T14:38:00,70103,10000,27.0,40.406925,-3.5863328,10,False,2,2
2026-10-03T12:36:02Z,1074S75236C10,75236,C10,0,17000,18002,2026-10-03T15:07:00,10200,17000,E,40.470848,-3.682503,10,False,8,4
2026-10-03T12:36:02Z,1074S27756C5,27756,C5,3,35012,35012,2026-10-03T14:35:00,35012,35607,A,40.25559,-3.8284667,10,False,2,2
2026-10-03T12:36:02Z,1074S27951C5,27951,C5,0,35002,35010,2026-10-03T14:59:00,35607,35002,E,40.283237,-3.7991464,10,False,1,1
2026-10-03T12:36:02Z,1074S75234C10,75234,C10,2,17000,18002,2026-10-03T14:39:00,10200,17000,20.0,40.465546,-3.6834736,10,True,9,4
2026-10-03T12:36:02Z,1074S27038C3,27038,C3,8,60200,60200,2026-10-03T14:36:00,60200,17000,A,40.035027,-3.6189713,10,True,5,5
2026-10-03T12:36:02Z,1074S75232C10,75232,C10,0,10002,10010,2026-10-03T14:40:00,10200,17000,A,40.46547,-3.8076725,10,False,2,2
2026-10-03T12:36:02Z,1074S27759C5,27759,C5,1,35605,35610,2026-10-03T14:37:00,35607,35012,E,40.3503,-3.8317595,10,False,2,2
2026-10-03T12:36:02Z,1074S75230C10,75230,C10,5,10103,10104,2026-10-03T14:39:00,10200,17000,S,40.574413,-3.9567041,10,False,1,1
2026-10-03T12:36:02Z,1074S27758C5,27758,C5,2,37001,35009,2026-10-03T14:39:00,35012,35607,A,40.34086,-3.7482634,10,False,6,2
2026-10-03T12:36:02Z,1074S27950C5,27950,C5,0,35607,35606,2026-10-03T15:04:00,35002,35607,E,40.330883,-3.8823783,10,False,2,1
