timestamp_utc,tripId,codTren,codLinea,retrasoMin,codEstAct,codEstSig,horaLlegadaSigEst,codEstDest,codEstOrig,porAvanc,latitud,longitud,nucleo,accesible,via,nextVia
2026-06-03T00:01:50Z,1051X20203C4a,20203,C4a,-174,18000,18101,2026-06-03T02:03:00,19003,18000,E,40.40654,-3.6895106,10,True,6,1
2026-06-03T00:06:18Z,1051X20207C4a,20207,C4a,-223,18000,18101,2026-06-03T02:04:00,19003,18000,E,40.40654,-3.6895106,10,True,6,1
2026-06-03T00:06:18Z,1051X20203C4a,20203,C4a,-174,18000,18101,2026-06-03T02:03:00,19003,18000,E,40.40654,-3.6895106,10,True,6,1
2026-06-03T00:11:31Z,1051X20207C4a,20207,C4a,-223,18000,18101,2026-06-03T02:04:00,19003,18000,E,40.40654,-3.6895106,10,True,6,1
2026-06-03T00:11:31Z,1051X20203C4a,20203,C4a,-174,18000,18101,2026-06-03T02:03:00,19003,18000,E,40.40654,-3.6895106,10,True,6,1
2026-06-03T00:16:26Z,1051X20203C4a,20203,C4a,-174,18000,18101,2026-06-03T02:03:00,19003,18000,E,40.40654,-3.6895106,10,True,6,1
2026-06-03T00:16:26Z,1051X20207C4a,20207,C4a,-223,18000,18101,2026-06-03T02:04:00,19003,18000,E,40.40654,-3.6895106,10,True,6,1
2026-06-03T00:21:26Z,1051X20207C4a,20207,C4a,-223,18000,18101,2026-06-03T02:04:00,19003,18000,E,40.40654,-3.6895106,10,True,6,1
2026-06-03T00:26:26Z,1051X20207C4a,20207,C4a,-223,18000,18101,2026-06-03T02:04:00,19003,18000,E,40.40654,-3.6895106,10,True,6,1
2026-06-03T00:31:33Z,1051X20207C4a,20207,C4a,-223,18000,18101,2026-06-03T02:04:00,19003,18000,E,40.40654,-3.6895106,10,True,6,1
2026-06-03T00:36:19Z,1051X20207C4a,20207,C4a,-223,18000,18101,2026-06-03T02:04:00,19003,18000,E,40.40654,-3.6895106,10,True,6,1
2026-06-03T00:41:23Z,1051X20207C4a,20207,C4a,-223,18000,18101,2026-06-03T02:04:00,19003,18000,E,40.40654,-3.6895106,10,True,6,1
2026-06-03T00:46:24Z,1051X20207C4a,20207,C4a,-223,18000,18101,2026-06-03T02:04:00,19003,18000,E,40.40654,-3.6895106,10,True,6,1
2026-06-03T00:51:33Z,1051X20207C4a,20207,C4a,-223,18000,18101,2026-06-03T02:04:00,19003,18000,E,40.40654,-3.6895106,10,True,6,1
2026-06-03T00:56:25Z,1051X20207C4a,20207,C4a,-223,18000,18101,2026-06-03T02:04:00,19003,18000,E,40.40654,-3.6895106,10,True,6,1
2026-06-03T01:01:42Z,1051X20207C4a,20207,C4a,-223,18000,18101,2026-06-03T02:04:00,19003,18000,E,40.40654,-3.6895106,10,True,6,1
2026-06-03T01:06:16Z,1051X20207C4a,20207,C4a,-223,18000,18101,2026-06-03T02:04:00,19003,18000,E,40.40654,-3.6895106,10,True,6,1
2026-06-03T01:11:20Z,1051X20207C4a,20207,C4a,-223,18000,18101,2026-06-03T02:04:00,19003,18000,E,40.40654,-3.6895106,10,True,6,1
2026-06-03T01:16:17Z,1051X20207C4a,20207,C4a,-223,18000,18101,2026-06-03T02:04:00,19003,18000,E,40.40654,-3.6895106,10,True,6,1
2026-06-03T01:21:26Z,1051X20207C4a,20207,C4a,-223,18000,18101,2026-06-03T02:04:00,19003,18000,E,40.40654,-3.6895106,10,True,6,1
2026-06-03T01:26:16Z,1051X20207C4a,20207,C4a,-223,18000,18101,2026-06-03T02:04:00,19003,18000,E,40.40654,-3.6895106,10,True,6,1
2026-06-03T01:31:30Z,1051X20207C4a,20207,C4a,-223,18000,18101,2026-06-03T02:04:00,19003,18000,E,40.40654,-3.6895106,10,True,6,1
2026-06-03T01:36:17Z,1051X20207C4a,20207,C4a,-223,18000,18101,2026-06-03T02:04:00,19003,18000,E,40.40654,-3.6895106,10,True,6,1
2026-06-03T01:41:20Z,1051X20207C4a,20207,C4a,-223,18000,18101,2026-06-03T02:04:00,19003,18000,E,40.40654,-3.6895106,10,True,6,1
2026-06-03T01:51:29Z,1051X20207C4a,20207,C4a,-223,18000,18101,2026-06-03T02:04:00,19003,18000,E,40.40654,-3.6895106,10,True,6,1
2026-06-03T01:56:16Z,1051X20207C4a,20207,C4a,-223,18000,18101,2026-06-03T02:04:00,19003,18000,E,40.40654,-3.6895106,10,True,6,1
2026-06-03T02:06:24Z,1051X20207C4a,20207,C4a,-223,18000,18101,2026-06-03T02:04:00,19003,18000,E,40.40654,-3.6895106,10,True,6,1
2026-06-03T02:11:29Z,1051X20207C4a,20207,C4a,-223,18000,18101,2026-06-03T02:04:00,19003,18000,E,40.40654,-3.6895106,10,True,6,1
2026-06-03T02:21:27Z,1051X20207C4a,20207,C4a,-223,18000,18101,2026-06-03T02:04:00,19003,18000,E,40.40654,-3.6895106,10,True,6,1
2026-06-03T02:26:25Z,1051X20203C4a,20203,C4a,0,18000,18101,2026-06-03T04:57:00,19003,18000,E,40.40654,-3.6895106,10,True,6,1
2026-06-03T02:31:38Z,1051X19502C5,19502,C5,0,35607,35606,2026-06-03T05:01:00,35012,35607,E,40.330883,-3.8823783,10,False,2,1
2026-06-03T02:31:38Z,1051X20203C4a,20203,C4a,0,18000,18101,2026-06-03T04:57:00,19003,18000,E,40.40654,-3.6895106,10,True,6,1
2026-06-03T02:31:38Z,1051X21500C2,21500,C2,0,17000,18002,2026-06-03T05:04:00,70200,17000,E,40.47097,-3.68245,10,False,12,2
2026-06-03T02:31:38Z,1051X21601C2,21601,C2,0,70200,70105,2026-06-03T05:05:00,12006,70200,E,40.644257,-3.1823237,10,False,1,1
2026-06-03T02:36:17Z,1051X21703C2,21703,C2,0,70103,70111,2026-06-03T05:08:00,10203,70103,E,40.489193,-3.3662832,10,False,5,1
2026-06-03T02:36:17Z,1051X19502C5,19502,C5,0,35607,35606,2026-06-03T05:01:00,35012,35607,E,40.330883,-3.8823783,10,False,2,1
2026-06-03T02:36:17Z,1051X20403C4b,20403,C4b,0,17000,17001,2026-06-03T05:10:00,17005,17000,E,40.471325,-3.6833096,10,True,5,1
2026-06-03T02:36:17Z,1051X20203C4a,20203,C4a,0,18000,18101,2026-06-03T04:57:00,19003,18000,E,40.40654,-3.6895106,10,True,6,1
2026-06-03T02:36:17Z,1051X21500C2,21500,C2,0,17000,18002,2026-06-03T05:04:00,70200,17000,E,40.47097,-3.68245,10,False,12,2
2026-06-03T02:36:17Z,1051X21601C2,21601,C2,0,70200,70105,2026-06-03T05:05:00,12006,70200,E,40.644257,-3.1823237,10,False,1,1
2026-06-03T02:36:17Z,5151X77600R4,77600,R4,0,72209,72209,2026-06-03T04:48:00,78600,72209,A,41.47872,1.9255537,50,False,8,8
2026-06-03T02:36:17Z,5151X77502R4,77502,R4,-1,78709,78704,2026-06-03T04:38:30,71600,78700,E,41.561966,2.0962272,50,False,,2
2026-06-03T02:41:25Z,1051X20403C4b,20403,C4b,0,17000,17001,2026-06-03T05:10:00,17005,17000,E,40.471325,-3.6833096,10,True,5,1
2026-06-03T02:41:25Z,1051X19502C5,19502,C5,0,35607,35606,2026-06-03T05:01:00,35012,35607,E,40.330883,-3.8823783,10,False,2,1
2026-06-03T02:41:25Z,1051X21700C7,21700,C7,0,17000,18002,2026-06-03T05:14:00,18000,17000,E,40.47113,-3.6828332,10,False,7,2
2026-06-03T02:41:25Z,1051X20203C4a,20203,C4a,0,18000,18101,2026-06-03T04:57:00,19003,18000,E,40.40654,-3.6895106,10,True,6,1
2026-06-03T02:41:25Z,1051X21500C2,21500,C2,0,17000,18002,2026-06-03T05:04:00,70200,17000,E,40.47097,-3.68245,10,False,12,2
2026-06-03T02:41:25Z,1051X21601C2,21601,C2,0,70200,70105,2026-06-03T05:05:00,12006,70200,E,40.644257,-3.1823237,10,False,1,1
2026-06-03T02:41:25Z,1051X21703C2,21703,C2,0,70103,70111,2026-06-03T05:08:00,10203,70103,E,40.489193,-3.3662832,10,False,5,1
2026-06-03T02:41:25Z,5151X77600R4,77600,R4,0,72209,72209,2026-06-03T04:48:00,78600,72209,A,41.47872,1.9255537,50,False,8,8
2026-06-03T02:41:25Z,5151X77502R4,77502,R4,-1,78703,78703,2026-06-03T04:42:29,71600,78700,A,41.528614,2.1051986,50,False,2,2
2026-06-03T02:41:25Z,5151X78280R2,78280,R2,-4,71700,71701,2026-06-03T04:47:00,79104,71700,E,41.27745,1.9777229,50,True,,
2026-06-03T02:46:21Z,5151X77600R4,77600,R4,0,72209,72209,2026-06-03T04:48:00,78600,72209,A,41.47872,1.9255537,50,False,8,8
2026-06-03T02:46:21Z,5151X77502R4,77502,R4,-1,78705,78706,2026-06-03T04:48:53,71600,78700,E,41.513508,2.1183457,50,False,,2
2026-06-03T02:46:21Z,6151X32769C1,32769,C1,0,11400,11400,2026-06-03T05:00:00,11600,11400,A,43.086685,-2.3198454,61,False,4,4
2026-06-03T02:46:21Z,1051X19503C5,19503,C5,0,35012,35002,2026-06-03T05:16:00,35607,35012,E,40.25559,-3.8284667,10,False,1,1
2026-06-03T02:46:21Z,1051X21703C2,21703,C2,0,70103,70111,2026-06-03T05:08:00,10203,70103,E,40.489193,-3.3662832,10,False,5,1
2026-06-03T02:46:21Z,1051X20203C4a,20203,C4a,0,18000,18101,2026-06-03T04:57:00,19003,18000,E,40.40654,-3.6895106,10,True,6,1
2026-06-03T02:46:21Z,1051X21700C7,21700,C7,0,17000,18002,2026-06-03T05:14:00,18000,17000,E,40.47113,-3.6828332,10,False,7,2
2026-06-03T02:46:21Z,1051X19799C1,19799,C1,0,18000,18001,2026-06-03T05:18:00,98305,18000,E,40.470993,-3.6825814,10,False,1,1
2026-06-03T02:46:21Z,1051X21601C2,21601,C2,0,70200,70105,2026-06-03T05:05:00,12006,70200,E,40.644257,-3.1823237,10,False,1,1
2026-06-03T02:46:21Z,1051X78002C3,78002,C3,0,17000,18002,2026-06-03T05:16:00,60200,17000,E,40.471382,-3.6834786,10,True,2,8
2026-06-03T02:46:21Z,1051X20403C4b,20403,C4b,0,17000,17001,2026-06-03T05:10:00,17005,17000,E,40.471325,-3.6833096,10,True,5,1
2026-06-03T02:46:21Z,1051X19504C5,19504,C5,0,35607,35606,2026-06-03T05:16:00,35012,35607,E,40.330883,-3.8823783,10,False,2,1
2026-06-03T02:46:21Z,1051X21501C2,21501,C2,0,70200,70105,2026-06-03T05:24:00,10203,70200,E,40.644257,-3.1823237,10,False,1,1
2026-06-03T02:46:21Z,1051X21500C2,21500,C2,0,17000,18002,2026-06-03T05:04:00,70200,17000,E,40.47097,-3.68245,10,False,12,2
2026-06-03T02:46:21Z,1051X19502C5,19502,C5,0,35607,35606,2026-06-03T05:01:00,35012,35607,E,40.330883,-3.8823783,10,False,2,1
2026-06-03T02:51:29Z,5151X78280R2,78280,R2,4,71701,71701,2026-06-03T04:55:11,79104,71700,A,41.27745,1.9777229,50,True,2,2
2026-06-03T02:51:29Z,5151X77600R4,77600,R4,1,72209,72210,2026-06-03T04:54:45,78600,72209,41.0,41.478886,1.9429868,50,False,,4
2026-06-03T02:51:29Z,5151X77502R4,77502,R4,1,78706,78707,2026-06-03T04:53:40,71600,78700,18.0,41.49011,2.1508868,50,False,,2
2026-06-03T02:51:29Z,6151X32769C1,32769,C1,0,11400,11400,2026-06-03T05:00:00,11600,11400,A,43.086685,-2.3198454,61,False,4,4
2026-06-03T02:51:29Z,6151X32770C1,32770,C1,0,11516,11516,2026-06-03T05:04:00,11400,11516,A,43.316006,-1.8993949,61,False,2,2
2026-06-03T02:51:29Z,1051X19503C5,19503,C5,0,35012,35002,2026-06-03T05:16:00,35607,35012,E,40.25559,-3.8284667,10,False,1,1
2026-06-03T02:51:29Z,1051X21703C2,21703,C2,0,70103,70111,2026-06-03T05:08:00,10203,70103,E,40.489193,-3.3662832,10,False,5,1
2026-06-03T02:51:29Z,1051X19505C5,19505,C5,0,35012,35002,2026-06-03T05:25:00,35607,35012,E,40.25559,-3.8284667,10,False,1,1
2026-06-03T02:51:29Z,1051X20203C4a,20203,C4a,0,18000,18101,2026-06-03T04:57:00,19003,18000,E,40.40654,-3.6895106,10,True,6,1
2026-06-03T02:51:29Z,1051X21700C7,21700,C7,0,17000,18002,2026-06-03T05:14:00,18000,17000,E,40.47113,-3.6828332,10,False,7,2
2026-06-03T02:51:29Z,1051X19799C1,19799,C1,0,18000,18001,2026-06-03T05:18:00,98305,18000,E,40.470993,-3.6825814,10,False,1,1
2026-06-03T02:51:29Z,1051X21601C2,21601,C2,0,70200,70105,2026-06-03T05:05:00,12006,70200,E,40.644257,-3.1823237,10,False,1,1
2026-06-03T02:51:29Z,1051X20403C4b,20403,C4b,0,17000,17001,2026-06-03T05:10:00,17005,17000,E,40.471325,-3.6833096,10,True,5,1
2026-06-03T02:51:29Z,1051X78002C3,78002,C3,0,17000,18002,2026-06-03T05:16:00,60200,17000,E,40.471382,-3.6834786,10,True,2,8
2026-06-03T02:51:29Z,1051X19504C5,19504,C5,0,35607,35606,2026-06-03T05:16:00,35012,35607,E,40.330883,-3.8823783,10,False,2,1
2026-06-03T02:51:29Z,1051X21501C2,21501,C2,0,70200,70105,2026-06-03T05:24:00,10203,70200,E,40.644257,-3.1823237,10,False,1,1
2026-06-03T02:51:29Z,1051X21500C2,21500,C2,0,17000,18002,2026-06-03T05:04:00,70200,17000,E,40.47097,-3.68245,10,False,12,2
2026-06-03T02:51:29Z,1051X19502C5,19502,C5,0,35607,35606,2026-06-03T05:01:00,35012,35607,E,40.330883,-3.8823783,10,False,2,1
2026-06-03T02:56:19Z,3051X23500C1,23500,C1,0,51003,51003,2026-06-03T05:08:00,51203,51003,A,37.392567,-5.9749837,30,False,9,9
2026-06-03T02:56:19Z,5151X77600R4,77600,R4,1,72210,72211,2026-06-03T05:02:40,78600,72209,19.0,41.466763,1.9749588,50,False,,2
2026-06-03T02:56:19Z,5151X78280R2,78280,R2,4,71701,71703,2026-06-03T05:02:34,79104,71700,20.0,41.27745,1.9777229,50,True,,2
2026-06-03T02:56:19Z,6151X32769C1,32769,C1,0,11400,11400,2026-06-03T05:00:00,11600,11400,A,43.086685,-2.3198454,61,False,4,4
2026-06-03T02:56:19Z,6151X32770C1,32770,C1,0,11516,11516,2026-06-03T05:04:00,11400,11516,A,43.316006,-1.8993949,61,False,2,2
2026-06-03T02:56:19Z,1051X19503C5,19503,C5,0,35012,35002,2026-06-03T05:16:00,35607,35012,E,40.25559,-3.8284667,10,False,1,1
2026-06-03T02:56:19Z,1051X21703C2,21703,C2,0,70103,70111,2026-06-03T05:08:00,10203,70103,E,40.489193,-3.3662832,10,False,5,1
2026-06-03T02:56:19Z,1051X19505C5,19505,C5,0,35012,35002,2026-06-03T05:25:00,35607,35012,E,40.25559,-3.8284667,10,False,1,1
2026-06-03T02:56:19Z,1051X21603C2,21603,C2,0,70200,70105,2026-06-03T05:34:00,12006,70200,E,40.644257,-3.1823237,10,False,1,1
2026-06-03T02:56:19Z,1051X21700C7,21700,C7,0,17000,18002,2026-06-03T05:14:00,18000,17000,E,40.47113,-3.6828332,10,False,7,2
2026-06-03T02:56:19Z,1051X21601C2,21601,C2,0,70200,70105,2026-06-03T05:05:00,12006,70200,E,40.644257,-3.1823237,10,False,1,1
2026-06-03T02:56:19Z,1051X78002C3,78002,C3,0,17000,18002,2026-06-03T05:16:00,60200,17000,E,40.471382,-3.6834786,10,True,2,8
2026-06-03T02:56:19Z,1051X19504C5,19504,C5,0,35607,35606,2026-06-03T05:16:00,35012,35607,E,40.330883,-3.8823783,10,False,2,1
2026-06-03T02:56:19Z,1051X21501C2,21501,C2,0,70200,70105,2026-06-03T05:24:00,10203,70200,E,40.644257,-3.1823237,10,False,1,1
2026-06-03T02:56:19Z,1051X21500C2,21500,C2,0,17000,18002,2026-06-03T05:04:00,70200,17000,E,40.47097,-3.68245,10,False,12,2
2026-06-03T02:56:19Z,1051X19502C5,19502,C5,0,35607,35606,2026-06-03T05:01:00,35012,35607,E,40.330883,-3.8823783,10,False,2,1
2026-06-03T02:56:19Z,1051X20204C4,20204,C4,0,17000,18002,2026-06-03T05:30:00,37012,17000,E,40.471325,-3.6833096,10,True,2,8
2026-06-03T02:56:19Z,1051X20405C4b,20405,C4b,0,18000,18101,2026-06-03T05:27:00,17005,18000,E,40.40654,-3.6895106,10,True,6,1
2026-06-03T02:56:19Z,1051X20403C4b,20403,C4b,0,17000,17001,2026-06-03T05:10:00,17005,17000,E,40.471325,-3.6833096,10,True,5,1
2026-06-03T02:56:19Z,1051X20203C4a,20203,C4a,0,18000,18101,2026-06-03T04:57:00,19003,18000,61.0,40.412632,-3.69955,10,True,6,1
2026-06-03T02:56:19Z,1051X19799C1,19799,C1,0,18000,18001,2026-06-03T05:18:00,98305,18000,E,40.470993,-3.6825814,10,False,1,1
2026-06-03T03:01:40Z,1051X19799C1,19799,C1,0,18000,18001,2026-06-03T05:18:00,98305,18000,E,40.470993,-3.6825814,10,False,1,1
2026-06-03T03:01:40Z,1051X21703C2,21703,C2,0,70103,70111,2026-06-03T05:08:00,10203,70103,E,40.489193,-3.3662832,10,False,5,1
2026-06-03T03:01:40Z,1051X21603C2,21603,C2,0,70200,70105,2026-06-03T05:34:00,12006,70200,E,40.644257,-3.1823237,10,False,1,1
2026-06-03T03:01:40Z,1051X21701C2,21701,C2,0,18000,18001,2026-06-03T05:32:00,17000,18000,E,40.40667,-3.689395,10,False,2,1
2026-06-03T03:01:40Z,1051X21700C7,21700,C7,0,17000,18002,2026-06-03T05:14:00,18000,17000,E,40.47113,-3.6828332,10,False,7,2
2026-06-03T03:01:40Z,1051X21601C2,21601,C2,2,70200,70105,2026-06-03T05:07:00,12006,70200,32.0,40.617462,-3.2087533,10,False,1,1
2026-06-03T03:01:40Z,1051X78002C3,78002,C3,0,17000,18002,2026-06-03T05:16:00,60200,17000,E,40.471382,-3.6834786,10,True,2,8
2026-06-03T03:01:40Z,1051X78004C3,78004,C3,0,17000,18002,2026-06-03T05:33:00,60200,17000,E,40.471382,-3.6834786,10,True,2,8
2026-06-03T03:01:40Z,1051X21501C2,21501,C2,0,70200,70105,2026-06-03T05:24:00,10203,70200,E,40.644257,-3.1823237,10,False,1,1
2026-06-03T03:01:40Z,1051X21500C2,21500,C2,1,17000,18002,2026-06-03T05:05:00,70200,17000,14.0,40.46725,-3.6831193,10,True,12,2
2026-06-03T03:01:40Z,1051X19502C5,19502,C5,0,35606,35606,2026-06-03T05:01:00,35012,35607,A,40.32875,-3.8636916,10,False,1,1
2026-06-03T03:01:40Z,1051X21100C10,21100,C10,0,10200,10104,2026-06-03T05:34:00,17000,10200,E,40.62599,-4.0081153,10,False,4,2
2026-06-03T03:01:40Z,1051X20403C4b,20403,C4b,0,17000,17001,2026-06-03T05:10:00,17005,17000,E,40.471325,-3.6833096,10,True,5,1
2026-06-03T03:01:40Z,1051X20204C4,20204,C4,0,17000,18002,2026-06-03T05:30:00,37012,17000,E,40.471325,-3.6833096,10,True,2,8
2026-06-03T03:01:40Z,1051X20702C5,20702,C5,0,35607,35606,2026-06-03T05:30:00,35002,35607,E,40.330883,-3.8823783,10,False,2,1
2026-06-03T03:01:40Z,1051X20405C4b,20405,C4b,0,18000,18101,2026-06-03T05:27:00,17005,18000,E,40.40654,-3.6895106,10,True,6,1
2026-06-03T03:01:40Z,1051X19509C5,19509,C5,0,35012,35002,2026-06-03T05:33:00,35607,35012,E,40.25559,-3.8284667,10,False,1,1
2026-06-03T03:01:40Z,1051X19504C5,19504,C5,0,35607,35606,2026-06-03T05:16:00,35012,35607,E,40.330883,-3.8823783,10,False,2,1
2026-06-03T03:01:40Z,1051X19503C5,19503,C5,0,35012,35002,2026-06-03T05:16:00,35607,35012,E,40.25559,-3.8284667,10,False,1,1
2026-06-03T03:01:40Z,1051X19505C5,19505,C5,0,35012,35002,2026-06-03T05:25:00,35607,35012,E,40.25559,-3.8284667,10,False,1,1
2026-06-03T03:01:40Z,1051X20203C4a,20203,C4a,0,18002,18002,2026-06-03T05:02:00,19003,18000,A,40.4466,-3.6920877,10,True,6,6
2026-06-03T03:01:40Z,3051X23500C1,23500,C1,0,51003,51003,2026-06-03T05:08:00,51203,51003,A,37.392567,-5.9749837,30,False,9,9
2026-06-03T03:01:40Z,5151X77502R4,77502,R4,1,78801,78801,2026-06-03T05:02:52,71600,78700,A,41.46098,2.1810303,50,False,2,2
2026-06-03T03:01:40Z,5151X77504R4,77504,R4,0,78710,78710,2026-06-03T05:02:30,71600,78700,A,41.567463,2.03963,50,False,2,2
2026-06-03T03:01:40Z,5151X78280R2,78280,R2,4,71703,71703,2026-06-03T05:03:11,79104,71700,A,41.27745,1.9777229,50,True,2,2
2026-06-03T03:01:40Z,5151X77400R4,77400,R4,3,71600,72201,2026-06-03T05:04:52,78600,71600,52.0,41.201496,1.5330129,50,False,,
2026-06-03T03:01:40Z,5151X28557R2N,28557,R2N,1,79400,71802,2026-06-03T05:07:38,72400,79400,39.0,41.396564,2.1707199,50,True,,
2026-06-03T03:01:40Z,5151X25602R1,25602,R1,1,79602,79602,2026-06-03T05:04:37,72305,79603,A,41.601646,2.6246321,50,True,,
2026-06-03T03:01:40Z,6151X32769C1,32769,C1,0,11400,11402,2026-06-03T05:08:00,11600,11400,E,43.086685,-2.3198454,61,False,,1
2026-06-03T03:01:40Z,6151X32770C1,32770,C1,0,11516,11516,2026-06-03T05:04:00,11400,11516,A,43.316006,-1.8993949,61,False,2,2
2026-06-03T03:01:40Z,6251X71150C2,71150,C2,0,14223,14223,2026-06-03T05:15:00,05637,14223,A,43.45811,-3.8111749,62,True,2AM,2AM
2026-06-03T03:11:31Z,3051X23501C1,23501,C1,0,51003,51003,2026-06-03T05:20:00,50600,51003,A,37.392567,-5.9749837,30,False,8,8
2026-06-03T03:11:31Z,3051X23500C1,23500,C1,0,51100,51100,2026-06-03T05:11:53,51203,51003,A,37.377792,-5.9795485,30,False,2,2
2026-06-03T03:11:31Z,3251X23303C1,23303,C1,0,54517,54517,2026-06-03T05:20:00,54516,54517,A,36.715366,-4.4266005,32,False,1,1
2026-06-03T03:11:31Z,5151X77600R4,77600,R4,-1,72301,72302,2026-06-03T05:14:17,78600,72209,E,41.38308,2.0479817,50,False,,2
2026-06-03T03:11:31Z,5151X25702R1,25702,R1,3,79410,79409,2026-06-03T05:12:59,72305,79500,E,41.500538,2.3899064,50,True,,2
2026-06-03T03:11:31Z,5151X77400R4,77400,R4,9,72201,72202,2026-06-03T05:19:04,78600,71600,E,41.220802,1.5381482,50,False,2,2
2026-06-03T03:11:31Z,5151X78280R2,78280,R2,5,71705,71705,2026-06-03T05:11:34,79104,71700,A,41.27877,1.9793723,50,True,2,2
2026-06-03T03:11:31Z,5151X28557R2N,28557,R2N,-1,71801,71708,2026-06-03T05:18:13,72400,79400,E,41.37954,2.1411655,50,True,,1
2026-06-03T03:11:31Z,5151X25602R1,25602,R1,0,79601,79600,2026-06-03T05:12:40,72305,79603,E,41.586533,2.5813315,50,True,,2
2026-06-03T03:11:31Z,5151X77502R4,77502,R4,6,78802,78806,2026-06-03T05:12:49,71600,78700,20.0,41.428665,2.1841588,50,False,,2
2026-06-03T03:11:31Z,5151X77602R4,77602,R4,0,72209,72209,2026-06-03T05:18:00,78600,72209,A,41.47872,1.9255537,50,False,6,6
2026-06-03T03:11:31Z,5151X77504R4,77504,R4,1,78704,78703,2026-06-03T05:14:08,71600,78700,3.0,41.545853,2.1162522,50,False,2,2
2026-06-03T03:11:31Z,6251X71150C2,71150,C2,0,14223,14223,2026-06-03T05:15:00,05637,14223,A,43.45811,-3.8111749,62,True,2AM,2AM
2026-06-03T03:11:31Z,1051X20702C5,20702,C5,0,35607,35606,2026-06-03T05:30:00,35002,35607,E,40.330883,-3.8823783,10,False,2,1
2026-06-03T03:11:31Z,1051X21603C2,21603,C2,0,70200,70105,2026-06-03T05:34:00,12006,70200,E,40.644257,-3.1823237,10,False,1,1
2026-06-03T03:11:31Z,1051X21601C2,21601,C2,1,70104,70107,2026-06-03T05:14:00,12006,70200,E,40.53455,-3.2985828,10,False,1,1
2026-06-03T03:11:31Z,1051X21700C7,21700,C7,1,17000,18002,2026-06-03T05:15:00,18000,17000,5.0,40.46983,-3.6832469,10,False,7,2
2026-06-03T03:11:31Z,1051X78002C3,78002,C3,0,17000,18002,2026-06-03T05:16:00,60200,17000,E,40.471382,-3.6834786,10,True,2,8
2026-06-03T03:11:31Z,1051X78004C3,78004,C3,0,17000,18002,2026-06-03T05:33:00,60200,17000,E,40.471382,-3.6834786,10,True,2,8
2026-06-03T03:11:31Z,1051X19508C5,19508,C5,0,35607,35606,2026-06-03T05:42:00,35012,35607,E,40.330883,-3.8823783,10,False,2,1
2026-06-03T03:11:31Z,1051X19509C5,19509,C5,0,35012,35002,2026-06-03T05:33:00,35607,35012,E,40.25559,-3.8284667,10,False,1,1
2026-06-03T03:11:31Z,1051X19504C5,19504,C5,0,35607,35606,2026-06-03T05:16:00,35012,35607,E,40.330883,-3.8823783,10,False,2,1
2026-06-03T03:11:31Z,1051X19503C5,19503,C5,0,35012,35002,2026-06-03T05:16:00,35607,35012,E,40.25559,-3.8284667,10,False,1,1
2026-06-03T03:11:31Z,1051X19505C5,19505,C5,0,35012,35002,2026-06-03T05:25:00,35607,35012,E,40.25559,-3.8284667,10,False,1,1
2026-06-03T03:11:31Z,1051X19513C5,19513,C5,0,35012,35002,2026-06-03T05:41:00,35607,35012,E,40.25559,-3.8284667,10,False,1,1
2026-06-03T03:11:31Z,1051X19799C1,19799,C1,0,18000,18001,2026-06-03T05:18:00,98305,18000,E,40.470993,-3.6825814,10,False,1,1
2026-06-03T03:11:31Z,1051X21303C10,21303,C10,0,10000,18005,2026-06-03T05:42:00,17000,10000,E,40.421413,-3.7190256,10,True,1,1
2026-06-03T03:11:31Z,1051X20203C4a,20203,C4a,2,17000,17001,2026-06-03T05:14:00,19003,18000,30.0,40.48061,-3.6800818,10,True,3,1
2026-06-03T03:11:31Z,1051X21501C2,21501,C2,0,70200,70105,2026-06-03T05:24:00,10203,70200,E,40.644257,-3.1823237,10,False,1,1
2026-06-03T03:11:31Z,1051X20405C4b,20405,C4b,-1,18000,18101,2026-06-03T05:26:00,17005,18000,E,40.40654,-3.6895106,10,True,6,1
2026-06-03T03:11:31Z,1051X21500C2,21500,C2,3,18001,18000,2026-06-03T05:17:00,70200,17000,S,40.42352,-3.6912522,10,True,2,3
2026-06-03T03:11:31Z,1051X20403C4b,20403,C4b,4,17000,17001,2026-06-03T05:14:00,17005,17000,30.0,40.48061,-3.6800818,10,True,5,1
2026-06-03T03:11:31Z,1051X20205C4a,20205,C4a,3,37011,37002,2026-06-03T05:13:00,19003,37012,E,40.288372,-3.7373493,10,True,1,1
2026-06-03T03:11:31Z,1051X20204C4,20204,C4,0,17000,18002,2026-06-03T05:30:00,37012,17000,E,40.471325,-3.6833096,10,True,2,8
2026-06-03T03:11:31Z,1051X19502C5,19502,C5,0,35604,35603,2026-06-03T05:12:00,35012,35607,74.0,40.37288,-3.7984674,10,False,1,1
2026-06-03T03:11:31Z,1051X21100C10,21100,C10,0,10200,10104,2026-06-03T05:34:00,17000,10200,E,40.62599,-4.0081153,10,False,4,2
2026-06-03T03:11:31Z,1051X21506C2,21506,C2,0,17000,18002,2026-06-03T05:44:00,70200,17000,E,40.47097,-3.68245,10,False,12,2
2026-06-03T03:11:31Z,1051X21703C2,21703,C2,3,70111,70112,2026-06-03T05:15:00,10203,70103,5.0,40.47954,-3.3953671,10,False,1,1
2026-06-03T03:11:31Z,1051X21504C2,21504,C2,0,18002,18001,2026-06-03T05:36:00,70200,18002,E,40.44655,-3.691473,10,True,2,2
2026-06-03T03:11:31Z,1051X21503C2,21503,C2,0,70200,70105,2026-06-03T05:43:00,17000,70200,E,40.644257,-3.1823237,10,False,1,1
2026-06-03T03:11:31Z,1051X21701C2,21701,C2,0,18000,18001,2026-06-03T05:32:00,17000,18000,E,40.40667,-3.689395,10,False,2,1
2026-06-03T03:21:19Z,3051X23501C1,23501,C1,0,51003,50703,2026-06-03T05:31:00,50600,51003,E,37.392567,-5.9749837,30,False,,1
2026-06-03T03:21:19Z,5151X25702R1,25702,R1,2,79406,79405,2026-06-03T05:22:37,72305,79500,E,41.468693,2.2867389,50,True,,2
2026-06-03T03:21:19Z,5151X33520RL4,15620,RL4,-2,78403,78404,2026-06-03T05:23:28,78600,78400,E,41.631935,0.89677364,50,False,,
2026-06-03T03:21:19Z,5151X78288R2,78288,R2,5,71701,71701,2026-06-03T05:25:10,79200,71700,A,41.27745,1.9777229,50,True,2,2
2026-06-03T03:21:19Z,5151X77400R4,77400,R4,11,72202,72203,2026-06-03T05:28:11,78600,71600,E,41.273575,1.6003745,50,False,2,2
2026-06-03T03:21:19Z,5151X77200R2S,15046,R2S,1,71601,71602,2026-06-03T05:22:45,79400,71600,E,41.189453,1.5750299,50,False,,2
2026-06-03T03:21:19Z,5151X78280R2,78280,R2,6,71707,71707,2026-06-03T05:23:33,79104,71700,A,41.330997,2.0893226,50,True,4,4
2026-06-03T03:21:19Z,5151X28557R2N,28557,R2N,-1,71707,71707,2026-06-03T05:22:47,72400,79400,A,41.3306,2.0894625,50,True,,
2026-06-03T03:21:19Z,5151X25602R1,25602,R1,1,79500,79500,2026-06-03T05:22:40,72305,79603,A,41.53325,2.4456325,50,True,2,2
2026-06-03T03:21:19Z,5151X77600R4,77600,R4,0,72305,71801,2026-06-03T05:26:42,78600,72209,E,41.36431,2.1008937,50,False,,
2026-06-03T03:21:19Z,5151X77602R4,77602,R4,1,72209,72210,2026-06-03T05:24:35,78600,72209,44.0,41.478634,1.9442493,50,False,,2
2026-06-03T03:21:19Z,5151X77504R4,77504,R4,0,78706,78707,2026-06-03T05:22:47,71600,78700,E,41.49266,2.1475983,50,False,,2
2026-06-03T03:21:19Z,5151X77502R4,77502,R4,4,78805,71801,2026-06-03T05:24:45,71600,78700,12.0,41.38661,2.1662664,50,False,,
2026-06-03T03:21:19Z,1051X20703C5,20703,C5,0,35002,35010,2026-06-03T05:48:00,35607,35002,E,40.283237,-3.7991464,10,False,1,1
2026-06-03T03:21:19Z,1051X20702C5,20702,C5,0,35607,35606,2026-06-03T05:30:00,35002,35607,E,40.330883,-3.8823783,10,False,2,1
2026-06-03T03:21:19Z,1051X19515C5,19515,C5,0,35012,35002,2026-06-03T05:53:00,35607,35012,E,40.25559,-3.8284667,10,False,1,1
2026-06-03T03:21:19Z,1051X21000C8a,21000,C8a,0,10203,10202,2026-06-03T05:50:00,70200,10203,E,40.58532,-4.1321955,10,False,3,2
2026-06-03T03:21:19Z,1051X21603C2,21603,C2,0,70200,70105,2026-06-03T05:34:00,12006,70200,E,40.644257,-3.1823237,10,False,1,1
2026-06-03T03:21:19Z,1051X78002C3,78002,C3,0,18101,18000,2026-06-03T05:26:00,60200,17000,E,40.417023,-3.7031636,10,True,2,7
2026-06-03T03:21:19Z,1051X78004C3,78004,C3,0,17000,18002,2026-06-03T05:33:00,60200,17000,E,40.471382,-3.6834786,10,True,2,8
2026-06-03T03:21:19Z,1051X78003C3,78003,C3,0,60105,60105,2026-06-03T05:21:00,17000,60200,A,40.159317,-3.6098835,10,False,1,1
2026-06-03T03:21:19Z,1051X21800C7,21800,C7,0,17000,18002,2026-06-03T05:53:00,70103,17000,E,40.47113,-3.6828332,10,True,7,2
2026-06-03T03:21:19Z,1051X19508C5,19508,C5,0,35607,35606,2026-06-03T05:42:00,35012,35607,E,40.330883,-3.8823783,10,False,2,1
2026-06-03T03:21:19Z,1051X19509C5,19509,C5,0,35012,35002,2026-06-03T05:33:00,35607,35012,E,40.25559,-3.8284667,10,False,1,1
2026-06-03T03:21:19Z,1051X19504C5,19504,C5,0,35605,35605,2026-06-03T05:21:00,35012,35607,A,40.3503,-3.8317595,10,False,1,1
2026-06-03T03:21:19Z,1051X19503C5,19503,C5,0,35001,35001,2026-06-03T05:22:00,35607,35012,A,40.328766,-3.7714624,10,False,1,1
2026-06-03T03:21:19Z,1051X19505C5,19505,C5,0,35012,35002,2026-06-03T05:25:00,35607,35012,E,40.25559,-3.8284667,10,False,1,1
2026-06-03T03:21:19Z,1051X19510C5,19510,C5,0,35607,35606,2026-06-03T05:53:00,35012,35607,E,40.330883,-3.8823783,10,False,2,1
2026-06-03T03:21:19Z,1051X19513C5,19513,C5,0,35012,35002,2026-06-03T05:41:00,35607,35012,E,40.25559,-3.8284667,10,False,1,1
2026-06-03T03:21:19Z,1051X19799C1,19799,C1,2,18001,18002,2026-06-03T05:24:00,98305,18000,E,40.470993,-3.6825814,10,True,1,3
2026-06-03T03:21:19Z,1051X21303C10,21303,C10,0,10000,18005,2026-06-03T05:42:00,17000,10000,E,40.421413,-3.7190256,10,True,1,1
2026-06-03T03:21:19Z,1051X21601C2,21601,C2,2,70103,70111,2026-06-03T05:23:00,12006,70200,12.0,40.48813,-3.369481,10,False,5,1
2026-06-03T03:21:19Z,1051X21501C2,21501,C2,2,70200,70105,2026-06-03T05:26:00,10203,70200,40.0,40.610756,-3.2153547,10,False,1,1
2026-06-03T03:21:19Z,1051X19800C1,19800,C1,0,17000,98003,2026-06-03T05:54:00,98305,17000,E,40.47102,-3.6825693,10,False,12,2
2026-06-03T03:21:19Z,1051X21500C2,21500,C2,1,18000,70002,2026-06-03T05:18:00,70200,17000,E,40.40667,-3.689395,10,True,3,2
2026-06-03T03:21:19Z,1051X20212C4a,20212,C4a,0,19003,19002,2026-06-03T05:44:00,37012,19003,E,40.546417,-3.6351175,10,True,2,2
2026-06-03T03:21:19Z,1051X19502C5,19502,C5,0,35608,35609,2026-06-03T05:25:00,35012,35607,E,40.3989,-3.7442265,10,False,1,1
2026-06-03T03:21:19Z,1051X21100C10,21100,C10,0,10200,10104,2026-06-03T05:34:00,17000,10200,E,40.62599,-4.0081153,10,False,4,2
2026-06-03T03:21:19Z,1051X21506C2,21506,C2,0,17000,18002,2026-06-03T05:44:00,70200,17000,E,40.47097,-3.68245,10,False,12,2
2026-06-03T03:21:19Z,1051X20203C4a,20203,C4a,2,17000,17001,2026-06-03T05:14:00,19003,18000,S,40.471325,-3.6833096,10,True,3,1
2026-06-03T03:21:19Z,1051X21703C2,21703,C2,5,70102,70101,2026-06-03T05:25:00,10203,70103,25.0,40.451683,-3.4932716,10,False,1,1
2026-06-03T03:21:19Z,1051X21504C2,21504,C2,0,18002,18001,2026-06-03T05:36:00,70200,18002,E,40.44655,-3.691473,10,True,2,2
2026-06-03T03:21:19Z,1051X21503C2,21503,C2,0,70200,70105,2026-06-03T05:43:00,17000,70200,E,40.644257,-3.1823237,10,False,1,1
2026-06-03T03:21:19Z,1051X20208C4,20208,C4,0,17000,18002,2026-06-03T05:52:00,37012,17000,E,40.471325,-3.6833096,10,True,2,8
2026-06-03T03:21:19Z,1051X20207C4a,20207,C4a,0,18000,18101,2026-06-03T05:47:00,19003,18000,E,40.40654,-3.6895106,10,True,6,1
2026-06-03T03:21:19Z,1051X20405C4b,20405,C4b,-1,18000,18101,2026-06-03T05:26:00,17005,18000,E,40.40654,-3.6895106,10,True,6,1
2026-06-03T03:21:19Z,1051X21701C2,21701,C2,-1,18001,18002,2026-06-03T05:35:00,17000,18000,S,40.42352,-3.6912522,10,False,1,1
2026-06-03T03:21:19Z,1051X20403C4b,20403,C4b,4,17000,17001,2026-06-03T05:14:00,17005,17000,S,40.471325,-3.6833096,10,True,5,1
2026-06-03T03:21:19Z,1051X20205C4a,20205,C4a,5,37001,60100,2026-06-03T05:25:00,19003,37012,6.0,40.341206,-3.710371,10,True,1,2
2026-06-03T03:21:19Z,1051X20402C4b,20402,C4b,0,17005,17004,2026-06-03T05:48:00,37012,17005,E,40.644844,-3.7762609,10,True,3,3
2026-06-03T03:21:19Z,1051X20204C4,20204,C4,0,17000,18002,2026-06-03T05:30:00,37012,17000,E,40.471325,-3.6833096,10,True,2,8
2026-06-03T03:26:24Z,3051X83701C5,23701,C5,0,43005,43005,2026-06-03T05:41:00,51003,43005,A,37.35694,-6.208262,30,False,3,3
2026-06-03T03:26:24Z,3051X23501C1,23501,C1,2,51003,50703,2026-06-03T05:32:58,50600,51003,38.0,37.423866,-5.950796,30,False,,1
2026-06-03T03:26:24Z,5151X25604R1,25604,R1,-1,79602,79602,2026-06-03T05:27:10,72305,79603,A,41.601646,2.6246321,50,True,,
2026-06-03T03:26:24Z,5151X25702R1,25702,R1,3,79404,79403,2026-06-03T05:29:47,72305,79500,E,41.445705,2.2490852,50,True,2,2
2026-06-03T03:26:24Z,5151X77400R4,77400,R4,12,72202,72203,2026-06-03T05:29:23,78600,71600,55.0,41.298107,1.6317593,50,False,,2
2026-06-03T03:26:24Z,5151X78288R2,78288,R2,4,71701,71703,2026-06-03T05:32:46,79200,71700,18.0,41.27745,1.9777229,50,True,,2
2026-06-03T03:26:24Z,5151X77200R2S,15046,R2S,1,71603,71604,2026-06-03T05:30:10,79400,71600,E,41.1948,1.6319689,50,False,2,2
2026-06-03T03:26:24Z,5151X77602R4,77602,R4,1,72210,72211,2026-06-03T05:32:47,78600,72209,18.0,41.467136,1.9745908,50,False,,2
2026-06-03T03:26:24Z,5151X77504R4,77504,R4,-1,78708,78800,2026-06-03T05:28:46,71600,78700,E,41.48388,2.1847994,50,False,,5
2026-06-03T03:26:24Z,5151X78280R2,78280,R2,6,71707,71708,2026-06-03T05:29:21,79104,71700,22.0,41.333714,2.0979455,50,True,,2
2026-06-03T03:26:24Z,5151X77402R4,77402,R4,1,71600,72201,2026-06-03T05:33:10,78600,71600,1.0,41.18636,1.525502,50,False,1,2
2026-06-03T03:26:24Z,5151X28557R2N,28557,R2N,1,71707,72400,2026-06-03T05:30:50,72400,79400,23.0,41.32532,2.0739408,50,True,,1
2026-06-03T03:26:24Z,5151X25602R1,25602,R1,0,79412,79412,2026-06-03T05:27:17,72305,79603,A,41.50672,2.4016483,50,True,2,2
2026-06-03T03:26:24Z,5151X77502R4,77502,R4,3,71801,72305,2026-06-03T05:31:53,71600,78700,19.0,41.37437,2.1344488,50,False,,4
2026-06-03T03:26:24Z,1051X21701C2,21701,C2,0,18000,18001,2026-06-03T05:32:00,17000,18000,E,40.40667,-3.689395,10,False,2,1
2026-06-03T03:26:24Z,1051X21000C8a,21000,C8a,0,10203,10202,2026-06-03T05:50:00,70200,10203,E,40.58532,-4.1321955,10,False,3,2
2026-06-03T03:26:24Z,1051X78004C3,78004,C3,0,17000,18002,2026-06-03T05:33:00,60200,17000,E,40.471382,-3.6834786,10,True,2,8
2026-06-03T03:26:24Z,1051X78003C3,78003,C3,0,60104,60104,2026-06-03T05:26:00,17000,60200,A,40.196156,-3.6648214,10,False,1,1
2026-06-03T03:26:24Z,1051X21605C2,21605,C2,0,70200,70105,2026-06-03T06:03:00,12006,70200,E,40.644257,-3.1823237,10,True,1,1
2026-06-03T03:26:24Z,1051X19508C5,19508,C5,0,35607,35606,2026-06-03T05:42:00,35012,35607,E,40.330883,-3.8823783,10,False,2,1
2026-06-03T03:26:24Z,1051X21603C2,21603,C2,0,70200,70105,2026-06-03T05:34:00,12006,70200,E,40.644257,-3.1823237,10,False,1,1
2026-06-03T03:26:24Z,1051X19509C5,19509,C5,0,35012,35002,2026-06-03T05:33:00,35607,35012,E,40.25559,-3.8284667,10,False,1,1
2026-06-03T03:26:24Z,1051X21800C7,21800,C7,0,17000,18002,2026-06-03T05:53:00,70103,17000,E,40.47113,-3.6828332,10,True,7,2
2026-06-03T03:26:24Z,1051X21601C2,21601,C2,0,70112,70112,2026-06-03T05:26:00,12006,70200,A,40.464172,-3.4414766,10,False,1,1
2026-06-03T03:26:24Z,1051X20703C5,20703,C5,0,35002,35010,2026-06-03T05:48:00,35607,35002,E,40.283237,-3.7991464,10,False,1,1
2026-06-03T03:26:24Z,1051X20702C5,20702,C5,0,35607,35606,2026-06-03T05:30:00,35002,35607,E,40.330883,-3.8823783,10,False,2,1
2026-06-03T03:26:24Z,1051X19515C5,19515,C5,0,35012,35002,2026-06-03T05:53:00,35607,35012,E,40.25559,-3.8284667,10,False,1,1
2026-06-03T03:26:24Z,1051X19521C5,19521,C5,0,35012,35002,2026-06-03T05:59:00,35607,35012,E,40.25559,-3.8284667,10,False,1,1
2026-06-03T03:26:24Z,1051X20407C4b,20407,C4b,0,37011,37011,2026-06-03T05:26:00,17005,37012,A,40.288372,-3.7373493,10,True,1,1
2026-06-03T03:26:24Z,1051X20208C4,20208,C4,0,17000,18002,2026-06-03T05:52:00,37012,17000,E,40.471325,-3.6833096,10,True,2,8
2026-06-03T03:26:24Z,1051X19504C5,19504,C5,0,35604,35603,2026-06-03T05:27:00,35012,35607,75.0,40.373077,-3.798209,10,False,1,1
2026-06-03T03:26:24Z,1051X20207C4a,20207,C4a,0,18000,18101,2026-06-03T05:47:00,19003,18000,E,40.40654,-3.6895106,10,True,6,1
2026-06-03T03:26:24Z,1051X19503C5,19503,C5,0,35009,37001,2026-06-03T05:28:00,35607,35012,41.0,40.341297,-3.7335413,10,False,1,4
2026-06-03T03:26:24Z,1051X19505C5,19505,C5,0,35012,35002,2026-06-03T05:25:00,35607,35012,E,40.25559,-3.8284667,10,False,1,1
2026-06-03T03:26:24Z,1051X20405C4b,20405,C4b,1,18000,18101,2026-06-03T05:28:00,17005,18000,12.0,40.408115,-3.691231,10,True,6,1
2026-06-03T03:26:24Z,1051X19510C5,19510,C5,0,35607,35606,2026-06-03T05:53:00,35012,35607,E,40.330883,-3.8823783,10,False,2,1
2026-06-03T03:26:24Z,1051X19513C5,19513,C5,0,35012,35002,2026-06-03T05:41:00,35607,35012,E,40.25559,-3.8284667,10,False,1,1
2026-06-03T03:26:24Z,1051X20403C4b,20403,C4b,4,17000,17001,2026-06-03T05:14:00,17005,17000,S,40.471325,-3.6833096,10,True,5,1
2026-06-03T03:26:24Z,1051X20402C4b,20402,C4b,0,17005,17004,2026-06-03T05:48:00,37012,17005,E,40.644844,-3.7762609,10,True,3,3
2026-06-03T03:26:24Z,1051X19799C1,19799,C1,4,18002,17000,2026-06-03T05:34:00,98305,18000,S,40.470993,-3.6825814,10,True,3,12
2026-06-03T03:26:24Z,1051X21303C10,21303,C10,0,10000,18005,2026-06-03T05:42:00,17000,10000,E,40.421413,-3.7190256,10,True,1,1
2026-06-03T03:26:24Z,1051X21501C2,21501,C2,1,70105,70104,2026-06-03T05:29:00,10203,70200,E,40.56094,-3.2652874,10,False,1,1
2026-06-03T03:26:24Z,1051X20204C4,20204,C4,0,17000,18002,2026-06-03T05:30:00,37012,17000,E,40.471325,-3.6833096,10,True,2,8
2026-06-03T03:26:24Z,1051X21500C2,21500,C2,8,70002,70003,2026-06-03T05:28:00,70200,17000,E,40.381775,-3.6681283,10,True,2,2
2026-06-03T03:26:24Z,1051X19800C1,19800,C1,0,17000,98003,2026-06-03T05:54:00,98305,17000,E,40.47102,-3.6825693,10,False,12,2
2026-06-03T03:26:24Z,1051X20212C4a,20212,C4a,0,19003,19002,2026-06-03T05:44:00,37012,19003,E,40.546417,-3.6351175,10,True,2,2
2026-06-03T03:26:24Z,1051X20203C4a,20203,C4a,5,19001,19001,2026-06-03T05:26:00,19003,18000,A,40.55402,-3.6837044,10,True,1,1
2026-06-03T03:26:24Z,1051X19502C5,19502,C5,0,35609,18000,2026-06-03T05:29:00,35012,35607,E,40.405067,-3.7026901,10,False,1,10
2026-06-03T03:26:24Z,1051X21100C10,21100,C10,0,10200,10104,2026-06-03T05:34:00,17000,10200,E,40.62599,-4.0081153,10,False,4,2
2026-06-03T03:26:24Z,1051X21508C2,21508,C2,0,17000,18002,2026-06-03T06:00:00,70200,17000,E,40.47097,-3.68245,10,False,12,2
2026-06-03T03:26:24Z,1051X21506C2,21506,C2,0,17000,18002,2026-06-03T05:44:00,70200,17000,E,40.47097,-3.68245,10,False,12,2
2026-06-03T03:26:24Z,1051X21703C2,21703,C2,4,70101,70108,2026-06-03T05:28:00,10203,70103,56.0,40.435177,-3.5517147,10,False,1,1
2026-06-03T03:26:24Z,1051X21504C2,21504,C2,0,18002,18001,2026-06-03T05:36:00,70200,18002,E,40.44655,-3.691473,10,True,2,2
2026-06-03T03:26:24Z,1051X21503C2,21503,C2,0,70200,70105,2026-06-03T05:43:00,17000,70200,E,40.644257,-3.1823237,10,False,1,1
2026-06-03T03:31:36Z,3051X83701C5,23701,C5,0,43005,43005,2026-06-03T05:41:00,51003,43005,A,37.35694,-6.208262,30,False,3,3
2026-06-03T03:31:36Z,3051X23101C3,23101,C3,0,51003,51003,2026-06-03T05:45:00,40119,51003,A,37.392567,-5.9749827,30,False,,
2026-06-03T03:31:36Z,3051X23501C1,23501,C1,0,50703,50704,2026-06-03T05:33:53,50600,51003,E,37.479904,-5.9399505,30,False,1,1
2026-06-03T03:31:36Z,3251X23151C2,23151,C2,0,54517,54517,2026-06-03T05:44:00,54408,54517,A,36.715366,-4.4266005,32,False,,
2026-06-03T03:31:36Z,5151X77201R2S,77201,R2S,2,79400,71802,2026-06-03T05:38:35,71600,79400,30.0,41.392967,2.192076,50,False,,
2026-06-03T03:31:36Z,5151X25702R1,25702,R1,4,79403,79009,2026-06-03T05:40:03,72305,79500,5.0,41.422077,2.2285542,50,True,2,3
2026-06-03T03:31:36Z,5151X78288R2,78288,R2,4,71703,71703,2026-06-03T05:33:25,79200,71700,A,41.27745,1.9777229,50,True,2,2
2026-06-03T03:31:36Z,5151X77200R2S,15046,R2S,0,71604,71700,2026-06-03T05:34:25,79400,71600,E,41.20413,1.6760199,50,False,,3
2026-06-03T03:31:36Z,5151X78280R2,78280,R2,5,71801,71801,2026-06-03T05:33:54,79104,71700,A,41.37951,2.1412168,50,True,,
2026-06-03T03:31:36Z,5151X77400R4,77400,R4,13,72203,72204,2026-06-03T05:35:22,78600,71600,24.0,41.320084,1.6716058,50,False,,2
2026-06-03T03:31:36Z,5151X77402R4,77402,R4,-1,72201,72202,2026-06-03T05:38:55,78600,71600,E,41.220802,1.5381482,50,False,,2
2026-06-03T03:31:36Z,5151X77504R4,77504,R4,1,78801,78801,2026-06-03T05:32:35,71600,78700,A,41.46098,2.1810303,50,False,2,2
2026-06-03T03:31:36Z,5151X77506R4,77506,R4,0,78710,78710,2026-06-03T05:32:42,71600,78700,A,41.567463,2.03963,50,True,2,2
2026-06-03T03:31:36Z,5151X25602R1,25602,R1,2,79410,79409,2026-06-03T05:33:51,72305,79603,24.0,41.49666,2.381813,50,True,,2
2026-06-03T03:31:36Z,5151X77600R4,77600,R4,2,71801,78805,2026-06-03T05:34:25,78600,72209,29.0,41.382988,2.1493568,50,False,,1
2026-06-03T03:31:36Z,5151X77502R4,77502,R4,0,72305,72303,2026-06-03T05:32:57,71600,78700,E,41.36431,2.1008937,50,False,,1
2026-06-03T03:31:36Z,4751X71091C1,71091,C1,0,05761,05761,2026-06-03T05:45:00,05753,05761,A,42.80314,-5.130908,47,False,,
2026-06-03T03:31:36Z,1051X20703C5,20703,C5,0,35002,35010,2026-06-03T05:48:00,35607,35002,E,40.283237,-3.7991464,10,False,1,1
2026-06-03T03:31:36Z,1051X20702C5,20702,C5,0,35606,35610,2026-06-03T05:33:00,35002,35607,E,40.32875,-3.8636916,10,False,1,1
2026-06-03T03:31:36Z,1051X19515C5,19515,C5,0,35012,35002,2026-06-03T05:53:00,35607,35012,E,40.25559,-3.8284667,10,False,1,1
2026-06-03T03:31:36Z,1051X19521C5,19521,C5,0,35012,35002,2026-06-03T05:59:00,35607,35012,E,40.25559,-3.8284667,10,False,1,1
2026-06-03T03:31:36Z,1051X21001C8a,21001,C8a,1,17000,97201,2026-06-03T06:03:00,10203,17000,E,40.47113,-3.6828332,10,False,11,1
2026-06-03T03:31:36Z,1051X21000C8a,21000,C8a,0,10203,10202,2026-06-03T05:50:00,70200,10203,E,40.58532,-4.1321955,10,False,3,2
2026-06-03T03:31:36Z,1051X21605C2,21605,C2,-2,70200,70105,2026-06-03T06:01:00,12006,70200,E,40.644257,-3.1823237,10,True,1,1
2026-06-03T03:31:36Z,1051X21800C7,21800,C7,0,17000,18002,2026-06-03T05:53:00,70103,17000,E,40.47113,-3.6828332,10,True,7,2
2026-06-03T03:31:36Z,1051X78004C3,78004,C3,1,17000,18002,2026-06-03T05:34:00,60200,17000,39.0,40.46121,-3.6861572,10,True,2,8
2026-06-03T03:31:36Z,1051X78003C3,78003,C3,0,60103,60102,2026-06-03T05:36:00,17000,60200,E,40.242844,-3.7038615,10,True,1,1
2026-06-03T03:31:36Z,1051X21601C2,21601,C2,2,70102,70101,2026-06-03T05:36:00,12006,70200,E,40.454636,-3.4796963,10,False,1,1
2026-06-03T03:31:36Z,1051X78006C3,78006,C3,0,17000,18002,2026-06-03T06:01:00,60200,17000,E,40.471382,-3.6834786,10,True,2,8
2026-06-03T03:31:36Z,1051X19800C1,19800,C1,0,17000,98003,2026-06-03T05:54:00,98305,17000,E,40.47102,-3.6825693,10,False,12,2
2026-06-03T03:31:36Z,1051X19508C5,19508,C5,0,35607,35606,2026-06-03T05:42:00,35012,35607,E,40.330883,-3.8823783,10,False,2,1
2026-06-03T03:31:36Z,1051X20208C4,20208,C4,-1,17000,18002,2026-06-03T05:51:00,37012,17000,E,40.471325,-3.6833096,10,True,2,8
2026-06-03T03:31:36Z,1051X19509C5,19509,C5,0,35012,35002,2026-06-03T05:33:00,35607,35012,E,40.25559,-3.8284667,10,False,1,1
2026-06-03T03:31:36Z,1051X20207C4a,20207,C4a,0,18000,18101,2026-06-03T05:47:00,19003,18000,E,40.40654,-3.6895106,10,True,6,1
2026-06-03T03:31:36Z,1051X20405C4b,20405,C4b,0,18002,17000,2026-06-03T05:39:00,17005,18000,E,40.4466,-3.6920877,10,True,6,5
2026-06-03T03:31:36Z,1051X20205C4a,20205,C4a,1,18000,18101,2026-06-03T05:32:00,19003,37012,E,40.40654,-3.6895106,10,True,6,1
2026-06-03T03:31:36Z,1051X20600C8b,20600,C8b,0,12006,12005,2026-06-03T06:03:00,70200,12006,E,40.737614,-4.0662985,10,False,2,1
2026-06-03T03:31:36Z,1051X20402C4b,20402,C4b,0,17005,17004,2026-06-03T05:48:00,37012,17005,E,40.644844,-3.7762609,10,True,3,3
2026-06-03T03:31:36Z,1051X20204C4,20204,C4,1,18002,18101,2026-06-03T05:35:00,37012,17000,E,40.4466,-3.6920877,10,True,8,2
2026-06-03T03:31:36Z,1051X19803C1,19803,C1,0,98305,98304,2026-06-03T05:59:00,17000,98305,E,40.4924,-3.593483,10,False,2,1
2026-06-03T03:31:36Z,1051X19527C5,19527,C5,0,35012,35002,2026-06-03T06:05:00,35607,35012,E,40.25559,-3.8284667,10,False,1,1
2026-06-03T03:31:36Z,1051X19504C5,19504,C5,0,35602,35601,2026-06-03T05:31:00,35012,35607,S,40.381268,-3.7802126,10,False,1,1
2026-06-03T03:31:36Z,1051X19503C5,19503,C5,0,35704,35703,2026-06-03T05:33:00,35607,35012,E,40.35043,-3.705141,10,False,1,1
2026-06-03T03:31:36Z,1051X19505C5,19505,C5,1,35002,35010,2026-06-03T05:26:00,35607,35012,E,40.283237,-3.7991464,10,False,1,1
2026-06-03T03:31:36Z,1051X19510C5,19510,C5,0,35607,35606,2026-06-03T05:53:00,35012,35607,E,40.330883,-3.8823783,10,False,2,1
2026-06-03T03:31:36Z,1051X19513C5,19513,C5,0,35012,35002,2026-06-03T05:41:00,35607,35012,E,40.25559,-3.8284667,10,False,1,1
2026-06-03T03:31:36Z,1051X19512C5,19512,C5,0,35607,35606,2026-06-03T06:01:00,35012,35607,E,40.330883,-3.8823783,10,False,2,1
2026-06-03T03:31:36Z,1051X21303C10,21303,C10,0,10000,18005,2026-06-03T05:42:00,17000,10000,E,40.421413,-3.7190256,10,True,1,1
2026-06-03T03:31:36Z,1051X20203C4a,20203,C4a,7,19002,19003,2026-06-03T05:34:00,19003,18000,19.0,40.546482,-3.6506984,10,True,1,2
2026-06-03T03:31:36Z,1051X20202C4,20202,C4,1,60100,37001,2026-06-03T05:35:00,37012,18000,E,40.352676,-3.684073,10,True,1,2
2026-06-03T03:31:36Z,1051X20409C4b,20409,C4b,0,18000,18101,2026-06-03T05:59:00,17005,18000,E,40.40654,-3.6895106,10,True,6,1
2026-06-03T03:31:36Z,1051X20407C4b,20407,C4b,1,37002,37010,2026-06-03T05:32:00,17005,37012,E,40.309868,-3.733689,10,True,1,1
2026-06-03T03:31:36Z,1051X21501C2,21501,C2,3,70104,70107,2026-06-03T05:35:00,10203,70200,14.0,40.530464,-3.30372,10,False,1,1
2026-06-03T03:31:36Z,1051X20212C4a,20212,C4a,0,19003,19002,2026-06-03T05:44:00,37012,19003,E,40.546417,-3.6351175,10,True,2,2
2026-06-03T03:31:36Z,1051X19502C5,19502,C5,0,18003,35702,2026-06-03T05:33:00,35012,35607,E,40.39592,-3.6779969,10,False,2,2
2026-06-03T03:31:36Z,1051X20211C4a,20211,C4a,0,37002,37010,2026-06-03T06:02:00,19003,37002,E,40.309868,-3.733689,10,True,1,1
2026-06-03T03:31:36Z,1051X21100C10,21100,C10,0,10200,10104,2026-06-03T05:34:00,17000,10200,19.0,40.624844,-4.0008636,10,False,4,2
2026-06-03T03:31:36Z,1051X21508C2,21508,C2,0,17000,18002,2026-06-03T06:00:00,70200,17000,E,40.47097,-3.68245,10,False,12,2
2026-06-03T03:31:36Z,1051X21506C2,21506,C2,0,17000,18002,2026-06-03T05:44:00,70200,17000,E,40.47097,-3.68245,10,False,12,2
2026-06-03T03:31:36Z,1051X21703C2,21703,C2,3,70100,70109,2026-06-03T05:34:00,10203,70103,E,40.401035,-3.5957623,10,False,1,1
2026-06-03T03:31:36Z,1051X21504C2,21504,C2,0,18002,18001,2026-06-03T05:36:00,70200,18002,E,40.44655,-3.691473,10,True,2,2
2026-06-03T03:31:36Z,1051X21503C2,21503,C2,0,70200,70105,2026-06-03T05:43:00,17000,70200,E,40.644257,-3.1823237,10,False,1,1
2026-06-03T03:31:36Z,1051X21701C2,21701,C2,2,18000,18001,2026-06-03T05:34:00,17000,18000,S,40.40667,-3.689395,10,False,2,1
2026-06-03T03:36:14Z,3051X83701C5,23701,C5,0,43005,43005,2026-06-03T05:41:00,51003,43005,A,37.35694,-6.208262,30,False,3,3
2026-06-03T03:36:14Z,3051X23101C3,23101,C3,0,51003,51003,2026-06-03T05:45:00,40119,51003,A,37.392567,-5.9749827,30,False,,
2026-06-03T03:36:14Z,3051X23501C1,23501,C1,1,50703,50704,2026-06-03T05:35:25,50600,51003,S,37.479904,-5.9399505,30,False,,1
2026-06-03T03:36:14Z,3251X23151C2,23151,C2,0,54517,54517,2026-06-03T05:44:00,54408,54517,A,36.715366,-4.4266005,32,False,,
2026-06-03T03:36:14Z,5151X77400R4,77400,R4,13,72204,72205,2026-06-03T05:40:00,78600,71600,E,41.344524,1.7035463,50,False,2,2
2026-06-03T03:36:14Z,5151X25604R1,25604,R1,0,79600,79502,2026-06-03T05:39:04,72305,79603,E,41.577496,2.549442,50,True,2,2
2026-06-03T03:36:14Z,5151X25702R1,25702,R1,1,79009,79009,2026-06-03T05:37:11,72305,79500,A,41.408962,2.187447,50,True,3,3
2026-06-03T03:36:14Z,5151X78288R2,78288,R2,4,71704,71704,2026-06-03T05:37:31,79200,71700,A,41.27745,1.9777229,50,True,2,2
2026-06-03T03:36:14Z,5151X77200R2S,15046,R2S,4,71700,71700,2026-06-03T05:37:56,79400,71600,A,41.219913,1.7308453,50,False,3,3
2026-06-03T03:36:14Z,5151X78280R2,78280,R2,5,71801,71802,2026-06-03T05:38:48,79104,71700,E,41.37951,2.1412168,50,True,,
2026-06-03T03:36:14Z,5151X28400R2N,28400,R2N,26,79006,79011,2026-06-03T05:37:06,72400,79100,71.0,41.517082,2.205029,50,True,,
2026-06-03T03:36:14Z,5151X25602R1,25602,R1,0,79408,79407,2026-06-03T05:37:54,72305,79603,E,41.47896,2.3195477,50,True,,2
2026-06-03T03:36:14Z,5151X77506R4,77506,R4,-1,78709,78704,2026-06-03T05:39:01,71600,78700,E,41.561966,2.0962272,50,True,,2
2026-06-03T03:36:14Z,5151X77600R4,77600,R4,0,78804,78806,2026-06-03T05:41:07,78600,72209,E,41.391907,2.1806386,50,False,,1
2026-06-03T03:36:14Z,5151X77402R4,77402,R4,1,72201,72202,2026-06-03T05:40:30,78600,71600,46.0,41.24525,1.5665876,50,False,,4
2026-06-03T03:36:14Z,5151X77502R4,77502,R4,3,72303,72302,2026-06-03T05:38:52,71600,78700,12.0,41.358494,2.0689957,50,False,,1
2026-06-03T03:36:14Z,5151X77602R4,77602,R4,0,72300,72301,2026-06-03T05:40:49,78600,72209,E,41.40998,2.0208638,50,False,,2
2026-06-03T03:36:14Z,4751X71080C1,71080,C1,0,05761,05761,2026-06-03T05:50:00,05803,05761,A,42.80314,-5.130908,47,False,1,1
2026-06-03T03:36:14Z,4751X71091C1,71091,C1,0,05761,05761,2026-06-03T05:45:00,05753,05761,A,42.80314,-5.130908,47,False,,
2026-06-03T03:36:14Z,1051X78006C3,78006,C3,-2,17000,18002,2026-06-03T05:59:00,60200,17000,E,40.471382,-3.6834786,10,True,2,8
2026-06-03T03:36:14Z,1051X19515C5,19515,C5,0,35012,35002,2026-06-03T05:53:00,35607,35012,E,40.25559,-3.8284667,10,False,1,1
2026-06-03T03:36:14Z,1051X19508C5,19508,C5,0,35607,35606,2026-06-03T05:42:00,35012,35607,E,40.330883,-3.8823783,10,False,2,1
2026-06-03T03:36:14Z,1051X19521C5,19521,C5,0,35012,35002,2026-06-03T05:59:00,35607,35012,E,40.25559,-3.8284667,10,False,1,1
2026-06-03T03:36:14Z,1051X19509C5,19509,C5,1,35002,35002,2026-06-03T05:33:00,35607,35012,A,40.283237,-3.7991464,10,False,1,1
2026-06-03T03:36:14Z,1051X21200C10,21200,C10,0,17000,18002,2026-06-03T06:06:00,10200,17000,E,40.470848,-3.682503,10,False,8,4
2026-06-03T03:36:14Z,1051X19504C5,19504,C5,0,35608,35608,2026-06-03T05:35:00,35012,35607,A,40.3989,-3.7442265,10,False,1,1
2026-06-03T03:36:14Z,1051X19503C5,19503,C5,0,35702,18003,2026-06-03T05:39:00,35607,35012,E,40.3791,-3.6987777,10,False,1,1
2026-06-03T03:36:14Z,1051X21001C8a,21001,C8a,1,17000,97201,2026-06-03T06:03:00,10203,17000,E,40.47113,-3.6828332,10,False,11,1
2026-06-03T03:36:14Z,1051X19505C5,19505,C5,0,35001,35001,2026-06-03T05:31:00,35607,35012,A,40.328766,-3.7714624,10,False,1,1
2026-06-03T03:36:14Z,1051X21000C8a,21000,C8a,0,10203,10202,2026-06-03T05:50:00,70200,10203,E,40.58532,-4.1321955,10,False,3,2
2026-06-03T03:36:14Z,1051X19510C5,19510,C5,0,35607,35606,2026-06-03T05:53:00,35012,35607,E,40.330883,-3.8823783,10,False,2,1
2026-06-03T03:36:14Z,1051X21510C2,21510,C2,0,17000,18002,2026-06-03T06:09:00,70200,17000,E,40.47097,-3.68245,10,False,12,2
2026-06-03T03:36:14Z,1051X21605C2,21605,C2,-2,70200,70105,2026-06-03T06:01:00,12006,70200,E,40.644257,-3.1823237,10,True,1,1
2026-06-03T03:36:14Z,1051X21603C2,21603,C2,1,70105,70105,2026-06-03T05:35:00,12006,70200,A,40.56094,-3.2652874,10,False,1,1
2026-06-03T03:36:14Z,1051X19513C5,19513,C5,0,35012,35002,2026-06-03T05:41:00,35607,35012,E,40.25559,-3.8284667,10,False,1,1
2026-06-03T03:36:14Z,1051X19799C1,19799,C1,2,98003,98304,2026-06-03T05:42:00,98305,18000,E,40.484917,-3.6630294,10,False,2,2
2026-06-03T03:36:14Z,1051X21800C7,21800,C7,0,17000,18002,2026-06-03T05:53:00,70103,17000,E,40.47113,-3.6828332,10,True,7,2
2026-06-03T03:36:14Z,1051X19512C5,19512,C5,0,35607,35606,2026-06-03T06:01:00,35012,35607,E,40.330883,-3.8823783,10,False,2,1
2026-06-03T03:36:14Z,1051X20704C5,20704,C5,0,35607,35606,2026-06-03T06:07:00,35002,35607,E,40.330883,-3.8823783,10,False,2,1
2026-06-03T03:36:14Z,1051X21601C2,21601,C2,1,70101,70108,2026-06-03T05:39:00,12006,70200,E,40.44277,-3.5339844,10,False,1,1
2026-06-03T03:36:14Z,1051X20703C5,20703,C5,0,35002,35010,2026-06-03T05:48:00,35607,35002,E,40.283237,-3.7991464,10,False,1,1
2026-06-03T03:36:14Z,1051X20702C5,20702,C5,0,35605,35605,2026-06-03T05:35:00,35002,35607,A,40.3503,-3.8317595,10,False,1,1
2026-06-03T03:36:14Z,1051X35975C2,35975,C2,0,70200,70105,2026-06-03T06:11:00,17000,70200,E,40.644257,-3.1823237,10,True,1,1
2026-06-03T03:36:14Z,1051X21303C10,21303,C10,0,10000,18005,2026-06-03T05:42:00,17000,10000,E,40.421413,-3.7190256,10,True,1,1
2026-06-03T03:36:14Z,1051X35973C2,35973,C2,0,70102,70101,2026-06-03T05:42:00,17000,70103,E,40.454636,-3.4796963,10,True,5,3
2026-06-03T03:36:14Z,1051X19800C1,19800,C1,0,17000,98003,2026-06-03T05:54:00,98305,17000,E,40.47102,-3.6825693,10,False,12,2
2026-06-03T03:36:14Z,1051X19803C1,19803,C1,0,98305,98304,2026-06-03T05:59:00,17000,98305,E,40.4924,-3.593483,10,False,2,1
2026-06-03T03:36:14Z,1051X20207C4a,20207,C4a,0,18000,18101,2026-06-03T05:47:00,19003,18000,E,40.40654,-3.6895106,10,True,6,1
2026-06-03T03:36:14Z,1051X20405C4b,20405,C4b,1,17000,17001,2026-06-03T05:43:00,17005,18000,E,40.471325,-3.6833096,10,True,5,1
2026-06-03T03:36:14Z,1051X20206C4,20206,C4,0,37001,37010,2026-06-03T06:08:00,37012,37001,E,40.34132,-3.7123663,10,True,2,2
2026-06-03T03:36:14Z,1051X21501C2,21501,C2,3,70107,70103,2026-06-03T05:42:00,10203,70200,4.0,40.504486,-3.336383,10,False,1,5
2026-06-03T03:36:14Z,1051X21500C2,21500,C2,10,70109,70100,2026-06-03T05:38:00,70200,17000,E,40.38707,-3.6090817,10,False,2,2
2026-06-03T03:36:14Z,1051X20212C4a,20212,C4a,-1,19003,19002,2026-06-03T05:43:00,37012,19003,E,40.546417,-3.6351175,10,True,2,2
2026-06-03T03:36:14Z,1051X19502C5,19502,C5,0,35703,35703,2026-06-03T05:35:00,35012,35607,A,40.367134,-3.7043796,10,False,2,2
2026-06-03T03:36:14Z,1051X20211C4a,20211,C4a,0,37002,37010,2026-06-03T06:02:00,19003,37002,E,40.309868,-3.733689,10,True,1,1
2026-06-03T03:36:14Z,1051X21100C10,21100,C10,1,10104,10103,2026-06-03T05:40:00,17000,10200,E,40.60039,-3.98222,10,False,2,2
2026-06-03T03:36:14Z,1051X21508C2,21508,C2,0,17000,18002,2026-06-03T06:00:00,70200,17000,E,40.47097,-3.68245,10,False,12,2
2026-06-03T03:36:14Z,1051X20205C4a,20205,C4a,4,18101,18002,2026-06-03T05:41:00,19003,37012,5.0,40.41847,-3.7023735,10,True,1,6
2026-06-03T03:36:14Z,1051X21506C2,21506,C2,0,17000,18002,2026-06-03T05:44:00,70200,17000,E,40.47097,-3.68245,10,False,12,2
2026-06-03T03:36:14Z,1051X20600C8b,20600,C8b,0,12006,12005,2026-06-03T06:03:00,70200,12006,E,40.737614,-4.0662985,10,False,2,1
2026-06-03T03:36:14Z,1051X20402C4b,20402,C4b,0,17005,17004,2026-06-03T05:48:00,37012,17005,E,40.644844,-3.7762609,10,True,3,3
2026-06-03T03:36:14Z,1051X20204C4,20204,C4,1,18000,18000,2026-06-03T05:40:00,37012,17000,A,40.40654,-3.6895106,10,True,7,7
2026-06-03T03:36:14Z,1051X21809C7,21809,C7,0,70103,70111,2026-06-03T06:04:00,10000,70103,E,40.4889,-3.3666708,10,False,5,1
2026-06-03T03:36:14Z,1051X19527C5,19527,C5,0,35012,35002,2026-06-03T06:05:00,35607,35012,E,40.25559,-3.8284667,10,False,1,1
2026-06-03T03:36:14Z,1051X21504C2,21504,C2,2,18002,18001,2026-06-03T05:38:00,70200,18002,56.0,40.43379,-3.6885242,10,True,2,2
2026-06-03T03:36:14Z,1051X20216C4a,20216,C4a,0,19003,19002,2026-06-03T06:07:00,37012,19003,E,40.546417,-3.6351175,10,True,2,2
2026-06-03T03:36:14Z,1051X21701C2,21701,C2,3,18001,18002,2026-06-03T05:39:00,17000,18000,E,40.42352,-3.6912522,10,False,1,1
2026-06-03T03:36:14Z,1051X78002C3,78002,C3,0,60107,60107,2026-06-03T05:35:00,60200,17000,A,40.342415,-3.6838048,10,False,2,2
2026-06-03T03:36:14Z,1051X78004C3,78004,C3,2,18002,18101,2026-06-03T05:39:00,60200,17000,31.0,40.43643,-3.6930254,10,True,8,2
2026-06-03T03:36:14Z,1051X78003C3,78003,C3,0,60102,60102,2026-06-03T05:36:00,17000,60200,A,40.305756,-3.707588,10,False,1,1
2026-06-03T03:36:14Z,1051X20202C4,20202,C4,2,37001,37010,2026-06-03T05:39:00,37012,18000,8.0,40.341442,-3.7144403,10,True,2,2
2026-06-03T03:36:14Z,1051X19531C5,19531,C5,0,35012,35002,2026-06-03T06:10:00,35607,35012,E,40.25559,-3.8284667,10,False,1,1
2026-06-03T03:36:14Z,1051X20409C4b,20409,C4b,-2,18000,18101,2026-06-03T05:57:00,17005,18000,E,40.40654,-3.6895106,10,True,6,1
2026-06-03T03:36:14Z,1051X20209C4a,20209,C4a,0,37011,37011,2026-06-03T05:37:00,19003,37012,A,40.288372,-3.7373493,10,True,1,1
2026-06-03T03:36:14Z,1051X20407C4b,20407,C4b,4,37010,37001,2026-06-03T05:39:00,17005,37012,31.0,40.33039,-3.7238786,10,True,1,1
2026-06-03T03:36:14Z,1051X20406C4b,20406,C4b,0,17005,17004,2026-06-03T06:11:00,37012,17005,E,40.644844,-3.7762609,10,True,3,3
2026-06-03T03:36:14Z,1051X20208C4,20208,C4,-1,17000,18002,2026-06-03T05:51:00,37012,17000,E,40.471325,-3.6833096,10,True,2,8
2026-06-03T03:41:19Z,3051X23501C1,23501,C1,-1,50702,50701,2026-06-03T05:46:26,50600,51003,E,37.54619,-5.8666563,30,False,,1
2026-06-03T03:41:19Z,3051X23502C1,23502,C1,0,51003,51003,2026-06-03T05:55:00,51200,51003,A,37.392567,-5.9749837,30,False,9,9
2026-06-03T03:41:19Z,3051X23601C4,23601,C4,0,51003,51003,2026-06-03T05:54:00,51003,51003,A,37.392212,-5.9746737,30,False,8,8
2026-06-03T03:41:19Z,3051X23101C3,23101,C3,0,51003,51003,2026-06-03T05:45:00,40119,51003,A,37.392567,-5.9749827,30,False,8,8
2026-06-03T03:41:19Z,3051X83701C5,23701,C5,0,43005,43004,2026-06-03T05:50:00,51003,43005,E,37.35694,-6.208262,30,False,,
2026-06-03T03:41:19Z,3051X23500C1,23500,C1,2,51200,51202,2026-06-03T05:54:08,51203,51003,E,37.18487,-5.7904587,30,False,,2
2026-06-03T03:41:19Z,3251X23151C2,23151,C2,0,54517,54517,2026-06-03T05:44:00,54408,54517,A,36.715366,-4.4266005,32,False,,
2026-06-03T03:41:19Z,3251X23305C1,23305,C1,0,54517,54517,2026-06-03T05:55:00,54516,54517,A,36.715366,-4.4266005,32,False,1,1
2026-06-03T03:41:19Z,5151X77201R2S,77201,R2S,-1,71801,71801,2026-06-03T05:41:24,71600,79400,A,41.379513,2.1412146,50,False,,
2026-06-03T03:41:19Z,5151X77400R4,77400,R4,12,72206,72206,2026-06-03T05:43:51,78600,71600,A,41.39581,1.7681432,50,False,2,2
2026-06-03T03:41:19Z,5151X28400R2N,28400,R2N,29,79011,79005,2026-06-03T05:43:08,72400,79100,E,41.510387,2.199821,50,True,,2
2026-06-03T03:41:19Z,5151X77402R4,77402,R4,1,72202,72203,2026-06-03T05:47:35,78600,71600,E,41.273575,1.6003745,50,False,,2
2026-06-03T03:41:19Z,5151X77600R4,77600,R4,0,78806,78802,2026-06-03T05:45:00,78600,72209,E,41.42185,2.1869605,50,False,1,1
2026-06-03T03:41:19Z,5151X28404R2N,28404,R2N,0,79103,79103,2026-06-03T05:41:19,72400,79104,A,41.671745,2.4542186,50,True,2,2
2026-06-03T03:41:19Z,5151X77504R4,77504,R4,4,78806,78804,2026-06-03T05:47:36,71600,78700,E,41.42185,2.1869605,50,False,2,2
2026-06-03T03:41:19Z,5151X25604R1,25604,R1,-1,79501,79500,2026-06-03T05:45:09,72305,79603,E,41.55539,2.4983492,50,True,,2
2026-06-03T03:41:19Z,5151X25702R1,25702,R1,0,78804,78805,2026-06-03T05:42:42,72305,79500,E,41.391903,2.1806395,50,True,,2
2026-06-03T03:41:19Z,5151X78288R2,78288,R2,5,71705,71705,2026-06-03T05:41:42,79200,71700,A,41.27877,1.9793723,50,True,2,2
2026-06-03T03:41:19Z,5151X33520RL4,15620,RL4,-1,78408,78500,2026-06-03T05:51:30,78600,78400,E,41.650364,1.1389741,50,False,,2
2026-06-03T03:41:19Z,5151X77506R4,77506,R4,2,78709,78704,2026-06-03T05:41:51,71600,78700,80.0,41.551407,2.1136463,50,True,,2
2026-06-03T03:41:19Z,5151X77502R4,77502,R4,1,72301,72301,2026-06-03T05:40:48,71600,78700,A,41.38308,2.0479817,50,False,1,1
2026-06-03T03:41:19Z,5151X77602R4,77602,R4,0,72301,72302,2026-06-03T05:44:50,78600,72209,E,41.38308,2.0479817,50,False,,2
2026-06-03T03:41:19Z,5151X77200R2S,15046,R2S,5,71700,71701,2026-06-03T05:46:07,79400,71600,18.0,41.218803,1.7457575,50,False,,2
2026-06-03T03:41:19Z,5151X78280R2,78280,R2,7,71801,71802,2026-06-03T05:41:09,79104,71700,S,41.37951,2.1412168,50,True,,
2026-06-03T03:41:19Z,5151X28556R2N,28556,R2N,1,72400,71707,2026-06-03T05:46:49,79400,72400,7.0,41.302635,2.0686557,50,True,,4
2026-06-03T03:41:19Z,5151X25602R1,25602,R1,0,79406,79405,2026-06-03T05:42:43,72305,79603,E,41.468693,2.2867389,50,True,,2
2026-06-03T03:41:19Z,5151X77202R2S,15060,R2S,-1,71601,71602,2026-06-03T05:42:31,79400,71600,E,41.189453,1.5750299,50,False,,2
2026-06-03T03:41:19Z,4751X71080C1,71080,C1,0,05761,05761,2026-06-03T05:50:00,05803,05761,A,42.80314,-5.130908,47,False,1,1
2026-06-03T03:41:19Z,4751X71091C1,71091,C1,0,05761,05761,2026-06-03T05:45:00,05753,05761,A,42.80314,-5.130908,47,False,,
2026-06-03T03:41:19Z,1051X21000C8a,21000,C8a,0,10203,10202,2026-06-03T05:50:00,70200,10203,E,40.58532,-4.1321955,10,False,3,2
2026-06-03T03:41:19Z,1051X21804C7,21804,C7,0,10000,10001,2026-06-03T06:13:00,70103,10000,E,40.42163,-3.7193205,10,False,2,2
2026-06-03T03:41:19Z,1051X21800C7,21800,C7,0,17000,18002,2026-06-03T05:53:00,70103,17000,E,40.47113,-3.6828332,10,True,7,2
2026-06-03T03:41:19Z,1051X20202C4,20202,C4,0,37002,37011,2026-06-03T05:43:00,37012,18000,E,40.309868,-3.733689,10,True,2,2
2026-06-03T03:41:19Z,1051X20209C4a,20209,C4a,0,37002,37010,2026-06-03T05:42:00,19003,37012,E,40.309868,-3.733689,10,True,1,1
2026-06-03T03:41:19Z,1051X20208C4,20208,C4,-1,17000,18002,2026-06-03T05:51:00,37012,17000,E,40.471325,-3.6833096,10,True,2,8
2026-06-03T03:41:19Z,1051X20207C4a,20207,C4a,0,18000,18101,2026-06-03T05:47:00,19003,18000,E,40.40654,-3.6895106,10,True,6,1
2026-06-03T03:41:19Z,1051X20206C4,20206,C4,0,37001,37010,2026-06-03T06:08:00,37012,37001,E,40.34132,-3.7123663,10,True,2,2
2026-06-03T03:41:19Z,1051X21500C2,21500,C2,11,70100,70108,2026-06-03T05:42:00,70200,17000,75.0,40.417267,-3.569487,10,False,2,2
2026-06-03T03:41:19Z,1051X20205C4a,20205,C4a,1,17000,17000,2026-06-03T05:44:00,19003,37012,A,40.471325,-3.6833096,10,True,3,3
2026-06-03T03:41:19Z,1051X20600C8b,20600,C8b,0,12006,12005,2026-06-03T06:03:00,70200,12006,E,40.737614,-4.0662985,10,False,2,1
2026-06-03T03:41:19Z,1051X21809C7,21809,C7,0,70103,70111,2026-06-03T06:04:00,10000,70103,E,40.4889,-3.3666708,10,False,5,1
2026-06-03T03:41:19Z,1051X21807C7,21807,C7,0,18000,18001,2026-06-03T06:10:00,10000,18000,E,40.40667,-3.6893938,10,False,2,1
2026-06-03T03:41:19Z,1051X21100C10,21100,C10,2,10103,10101,2026-06-03T05:46:00,17000,10200,5.0,40.57241,-3.953953,10,False,2,2
2026-06-03T03:41:19Z,1051X21501C2,21501,C2,2,70103,70111,2026-06-03T05:42:00,10203,70200,62.0,40.483707,-3.3828092,10,False,5,1
2026-06-03T03:41:19Z,1051X21508C2,21508,C2,0,17000,18002,2026-06-03T06:00:00,70200,17000,E,40.47097,-3.68245,10,False,12,2
2026-06-03T03:41:19Z,1051X21104C10,21104,C10,0,10200,10104,2026-06-03T06:14:00,17000,10200,E,40.62599,-4.0081153,10,False,4,2
2026-06-03T03:41:19Z,1051X21303C10,21303,C10,1,10000,18005,2026-06-03T05:43:00,17000,10000,E,40.421413,-3.7190256,10,True,1,1
2026-06-03T03:41:19Z,1051X20212C4a,20212,C4a,-1,19003,19002,2026-06-03T05:43:00,37012,19003,E,40.546417,-3.6351175,10,True,2,2
2026-06-03T03:41:19Z,1051X19502C5,19502,C5,0,37001,37001,2026-06-03T05:40:00,35012,35607,A,40.34132,-3.7123663,10,False,6,6
2026-06-03T03:41:19Z,1051X20211C4a,20211,C4a,0,37002,37010,2026-06-03T06:02:00,19003,37002,E,40.309868,-3.733689,10,True,1,1
2026-06-03T03:41:19Z,1051X21703C2,21703,C2,3,70003,70002,2026-06-03T05:42:00,10203,70103,E,40.37616,-3.6561291,10,False,1,1
2026-06-03T03:41:19Z,1051X21305C10,21305,C10,0,10100,10005,2026-06-03T06:12:00,17000,10100,E,40.52248,-3.8818293,10,False,,1
2026-06-03T03:41:19Z,1051X20216C4a,20216,C4a,0,19003,19002,2026-06-03T06:07:00,37012,19003,E,40.546417,-3.6351175,10,True,2,2
2026-06-03T03:41:19Z,1051X19508C5,19508,C5,0,35606,35606,2026-06-03T05:42:00,35012,35607,A,40.32875,-3.8636916,10,False,1,1
2026-06-03T03:41:19Z,1051X21506C2,21506,C2,0,17000,18002,2026-06-03T05:44:00,70200,17000,31.0,40.463013,-3.6848989,10,False,12,2
2026-06-03T03:41:19Z,1051X21504C2,21504,C2,1,18000,18000,2026-06-03T05:42:00,70200,18002,A,40.40667,-3.689395,10,True,3,3
2026-06-03T03:41:19Z,1051X19509C5,19509,C5,0,35010,35011,2026-06-03T05:36:00,35607,35012,S,40.29673,-3.7924793,10,False,1,1
2026-06-03T03:41:19Z,1051X19504C5,19504,C5,0,35609,35609,2026-06-03T05:40:00,35012,35607,A,40.405067,-3.7026901,10,False,1,1
2026-06-03T03:41:19Z,1051X19503C5,19503,C5,1,18000,18000,2026-06-03T05:43:00,35607,35012,A,40.406326,-3.6896772,10,False,9,9
2026-06-03T03:41:19Z,1051X21503C2,21503,C2,2,70200,70105,2026-06-03T05:45:00,17000,70200,53.0,40.599857,-3.2260761,10,False,1,1
2026-06-03T03:41:19Z,1051X19505C5,19505,C5,0,35009,37001,2026-06-03T05:37:00,35607,35012,E,40.34086,-3.7482634,10,False,1,4
2026-06-03T03:41:19Z,1051X19510C5,19510,C5,0,35607,35606,2026-06-03T05:53:00,35012,35607,E,40.330883,-3.8823783,10,False,2,1
2026-06-03T03:41:19Z,1051X19513C5,19513,C5,1,35002,35002,2026-06-03T05:41:00,35607,35012,A,40.283237,-3.7991464,10,False,1,1
2026-06-03T03:41:19Z,1051X19512C5,19512,C5,0,35607,35606,2026-06-03T06:01:00,35012,35607,E,40.330883,-3.8823783,10,False,2,1
2026-06-03T03:41:19Z,1051X19515C5,19515,C5,0,35012,35002,2026-06-03T05:53:00,35607,35012,E,40.25559,-3.8284667,10,False,1,1
2026-06-03T03:41:19Z,1051X21001C8a,21001,C8a,1,17000,97201,2026-06-03T06:03:00,10203,17000,E,40.47113,-3.6828332,10,False,11,1
2026-06-03T03:41:19Z,1051X20706C5,20706,C5,0,35607,35606,2026-06-03T06:12:00,35002,35607,E,40.330883,-3.8823783,10,False,2,1
2026-06-03T03:41:19Z,1051X20704C5,20704,C5,0,35607,35606,2026-06-03T06:07:00,35002,35607,E,40.330883,-3.8823783,10,False,2,1
2026-06-03T03:41:19Z,1051X20703C5,20703,C5,0,35002,35010,2026-06-03T05:48:00,35607,35002,E,40.283237,-3.7991464,10,False,1,1
2026-06-03T03:41:19Z,1051X78002C3,78002,C3,5,60107,60101,2026-06-03T05:43:00,60200,17000,41.0,40.334793,-3.6869283,10,False,2,2
2026-06-03T03:41:19Z,1051X78004C3,78004,C3,1,18000,18000,2026-06-03T05:43:00,60200,17000,A,40.40654,-3.6895106,10,True,7,7
2026-06-03T03:41:19Z,1051X20702C5,20702,C5,0,35604,35603,2026-06-03T05:41:00,35002,35607,S,40.356674,-3.8156087,10,False,1,1
2026-06-03T03:41:19Z,1051X19521C5,19521,C5,0,35012,35002,2026-06-03T05:59:00,35607,35012,E,40.25559,-3.8284667,10,False,1,1
2026-06-03T03:41:19Z,1051X78003C3,78003,C3,3,60109,60101,2026-06-03T05:44:00,17000,60200,8.0,40.320038,-3.7098641,10,False,1,1
2026-06-03T03:41:19Z,1051X78006C3,78006,C3,-2,17000,18002,2026-06-03T05:59:00,60200,17000,E,40.471382,-3.6834786,10,True,2,8
2026-06-03T03:41:19Z,1051X21200C10,21200,C10,0,17000,18002,2026-06-03T06:06:00,10200,17000,E,40.470848,-3.682503,10,False,8,4
2026-06-03T03:41:19Z,1051X21512C2,21512,C2,0,17000,18002,2026-06-03T06:14:00,70200,17000,E,40.47097,-3.68245,10,False,12,2
2026-06-03T03:41:19Z,1051X21510C2,21510,C2,0,17000,18002,2026-06-03T06:09:00,70200,17000,E,40.47097,-3.68245,10,False,12,2
2026-06-03T03:41:19Z,1051X21605C2,21605,C2,-2,70200,70105,2026-06-03T06:01:00,12006,70200,E,40.644257,-3.1823237,10,True,1,1
2026-06-03T03:41:19Z,1051X21603C2,21603,C2,2,70104,70107,2026-06-03T05:44:00,12006,70200,E,40.53455,-3.2985828,10,False,1,1
2026-06-03T03:41:19Z,1051X21601C2,21601,C2,2,70108,70100,2026-06-03T05:44:00,12006,70200,31.0,40.416,-3.5716074,10,False,1,1
2026-06-03T03:41:19Z,1051X35975C2,35975,C2,0,70200,70105,2026-06-03T06:11:00,17000,70200,E,40.644257,-3.1823237,10,True,1,1
2026-06-03T03:41:19Z,1051X35973C2,35973,C2,0,70101,98003,2026-06-03T05:55:00,17000,70103,E,40.44277,-3.5339844,10,False,3,1
2026-06-03T03:41:19Z,1051X19800C1,19800,C1,0,17000,98003,2026-06-03T05:54:00,98305,17000,E,40.47102,-3.6825693,10,False,12,2
2026-06-03T03:41:19Z,1051X19803C1,19803,C1,0,98305,98304,2026-06-03T05:59:00,17000,98305,E,40.4924,-3.593483,10,False,2,1
2026-06-03T03:41:19Z,1051X19527C5,19527,C5,0,35012,35002,2026-06-03T06:05:00,35607,35012,E,40.25559,-3.8284667,10,False,1,1
2026-06-03T03:41:19Z,1051X19531C5,19531,C5,0,35012,35002,2026-06-03T06:10:00,35607,35012,E,40.25559,-3.8284667,10,False,1,1
2026-06-03T03:41:19Z,1051X20409C4b,20409,C4b,-2,18000,18101,2026-06-03T05:57:00,17005,18000,E,40.40654,-3.6895106,10,True,6,1
2026-06-03T03:41:19Z,1051X20406C4b,20406,C4b,0,17005,17004,2026-06-03T06:11:00,37012,17005,E,40.644844,-3.7762609,10,True,3,3
2026-06-03T03:41:19Z,1051X20405C4b,20405,C4b,2,17000,17001,2026-06-03T05:44:00,17005,18000,31.0,40.480896,-3.6799145,10,True,5,1
2026-06-03T03:41:19Z,1051X20402C4b,20402,C4b,0,17005,17004,2026-06-03T05:48:00,37012,17005,E,40.644844,-3.7762609,10,True,3,3
2026-06-03T03:56:19Z,3051X23500C1,23500,C1,17,51202,51202,2026-06-03T06:08:57,51203,51003,A,37.018406,-5.9459043,30,False,4,4
2026-06-03T03:56:19Z,3051X23501C1,23501,C1,1,50700,50602,2026-06-03T05:57:37,50600,51003,E,37.58964,-5.7261076,30,False,,1
2026-06-03T03:56:19Z,3051X23601C4,23601,C4,25,51003,51009,2026-06-03T06:00:00,51003,51003,E,37.392212,-5.9746737,30,False,9,2
2026-06-03T03:56:19Z,3051X23505C1,23505,C1,0,51200,51200,2026-06-03T06:00:00,50600,51200,A,37.18487,-5.7904587,30,False,3,3
2026-06-03T03:56:19Z,3051X23502C1,23502,C1,0,51003,51100,2026-06-03T05:59:00,51200,51003,E,37.392567,-5.9749837,30,False,,2
2026-06-03T03:56:19Z,3051X23504C1,23504,C1,0,50700,50700,2026-06-03T06:10:00,51200,50700,A,37.58964,-5.7261076,30,False,4,4
2026-06-03T03:56:19Z,3251X23302C1,23302,C1,0,54516,54516,2026-06-03T06:10:00,54517,54516,A,36.541843,-4.6237864,32,False,1,1
2026-06-03T03:56:19Z,5151X25602R1,25602,R1,-1,79009,79009,2026-06-03T05:56:28,72305,79603,A,41.408962,2.187447,50,True,3,3
2026-06-03T03:56:19Z,5151X28404R2N,28404,R2N,2,79109,79109,2026-06-03T05:56:46,72400,79104,A,41.617252,2.2944446,50,True,2,2
2026-06-03T03:56:19Z,5151X77201R2S,77201,R2S,0,71707,71709,2026-06-03T06:01:12,71600,79400,E,41.3306,2.0894625,50,False,,1
2026-06-03T03:56:19Z,5151X77400R4,77400,R4,13,72208,72208,2026-06-03T05:56:24,78600,71600,A,41.44866,1.865482,50,False,2,2
2026-06-03T03:56:19Z,5151X28400R2N,28400,R2N,33,79009,79009,2026-06-03T05:57:40,72400,79100,A,41.409042,2.1873875,50,True,1,1
2026-06-03T03:56:19Z,5151X25601R1,25601,R1,1,71801,78805,2026-06-03T05:59:44,79200,72305,12.0,41.380936,2.144564,50,False,,1
2026-06-03T03:56:19Z,5151X77202R2S,15060,R2S,2,71700,71700,2026-06-03T05:57:48,79400,71600,A,41.219913,1.7308453,50,False,3,3
2026-06-03T03:56:19Z,5151X25604R1,25604,R1,1,79409,79409,2026-06-03T05:56:36,72305,79603,A,41.487606,2.3548977,50,True,2,2
2026-06-03T03:56:19Z,5151X77402R4,77402,R4,3,72204,72205,2026-06-03T05:59:42,78600,71600,13.0,41.347927,1.7063862,50,False,,2
2026-06-03T03:56:19Z,5151X33521RL4,15631,RL4,1,78506,78505,2026-06-03T06:04:04,78400,78600,E,41.73369,1.6966889,50,False,,
2026-06-03T03:56:19Z,5151X77506R4,77506,R4,-2,78708,78800,2026-06-03T05:58:29,71600,78700,E,41.48388,2.1847994,50,True,,2
2026-06-03T03:56:19Z,5151X77502R4,77502,R4,1,72210,72210,2026-06-03T05:56:31,71600,78700,A,41.473316,1.967515,50,False,1,1
2026-06-03T03:56:19Z,5151X78288R2,78288,R2,6,71707,71708,2026-06-03T06:00:02,79200,71700,24.0,41.33398,2.0987225,50,True,,2
2026-06-03T03:56:19Z,5151X78201R2S,78201,R2S,-1,71801,71708,2026-06-03T06:03:57,71703,79400,E,41.379513,2.1412146,50,True,12,
2026-06-03T03:56:19Z,5151X77602R4,77602,R4,1,71801,71801,2026-06-03T05:57:35,78600,72209,A,41.379536,2.1411612,50,False,,
2026-06-03T03:56:19Z,5151X77510R4,77510,R4,1,78600,78604,2026-06-03T06:04:06,72204,78600,12.0,41.71462,1.8304412,50,False,,2
2026-06-03T03:56:19Z,5151X77702R4,77702,R4,2,78806,78804,2026-06-03T06:00:34,72209,78800,28.0,41.412716,2.1869028,50,True,,2
2026-06-03T03:56:19Z,5151X77504R4,77504,R4,-1,72305,72305,2026-06-03T05:57:49,71600,78700,A,41.36431,2.1008937,50,False,4,4
2026-06-03T03:56:19Z,5151X25606R1,25606,R1,-1,79602,79601,2026-06-03T06:00:54,72305,79603,E,41.601646,2.6246321,50,False,,1
2026-06-03T03:56:19Z,5151X77200R2S,15046,R2S,4,71703,71704,2026-06-03T05:59:57,79400,71600,E,41.254333,1.9026438,50,False,,
2026-06-03T03:56:19Z,5151X78280R2,78280,R2,8,79005,79005,2026-06-03T05:57:35,79104,71700,A,41.48419,2.1882799,50,True,,
2026-06-03T03:56:19Z,5151X28556R2N,28556,R2N,-2,71801,71802,2026-06-03T06:01:19,79400,72400,E,41.37954,2.1411655,50,True,,
2026-06-03T03:56:19Z,6151X32701C1,32701,C1,0,11305,11305,2026-06-03T06:08:00,11600,11305,A,43.019,-2.3344853,61,False,1,1
2026-06-03T03:56:19Z,4751X71080C1,71080,C1,0,05761,05762,2026-06-03T06:02:00,05803,05761,52.0,42.785156,-5.1507206,47,False,,
2026-06-03T03:56:19Z,1051X78002C3,78002,C3,2,60104,60105,2026-06-03T06:01:00,60200,17000,E,40.196156,-3.6648214,10,True,2,2
2026-06-03T03:56:19Z,1051X21002C8a,21002,C8a,0,10203,10202,2026-06-03T06:28:00,70103,10203,E,40.58532,-4.1321955,10,False,3,2
2026-06-03T03:56:19Z,1051X21001C8a,21001,C8a,1,17000,97201,2026-06-03T06:03:00,10203,17000,E,40.47113,-3.6828332,10,False,11,1
2026-06-03T03:56:19Z,1051X21000C8a,21000,C8a,5,10202,10201,2026-06-03T05:58:00,70200,10203,E,40.60938,-4.046376,10,False,2,2
2026-06-03T03:56:19Z,1051X21804C7,21804,C7,0,10000,10001,2026-06-03T06:13:00,70103,10000,E,40.42163,-3.7193205,10,False,2,2
2026-06-03T03:56:19Z,1051X78004C3,78004,C3,4,60107,60101,2026-06-03T05:59:00,60200,17000,8.0,40.34072,-3.6837997,10,False,2,2
2026-06-03T03:56:19Z,1051X21802C7,21802,C7,0,17000,18002,2026-06-03T06:24:00,70103,17000,E,40.47113,-3.6828332,10,False,7,2
2026-06-03T03:56:19Z,1051X78006C3,78006,C3,0,17000,18002,2026-06-03T06:01:00,60200,17000,E,40.471382,-3.6834786,10,True,2,8
2026-06-03T03:56:19Z,1051X78005C3,78005,C3,4,60103,60102,2026-06-03T06:00:00,17000,60200,E,40.242844,-3.7038615,10,True,1,1
2026-06-03T03:56:19Z,1051X78008C3,78008,C3,0,17000,18002,2026-06-03T06:16:00,60200,17000,E,40.471382,-3.6834786,10,True,2,8
2026-06-03T03:56:19Z,1051X21800C7,21800,C7,3,18002,18001,2026-06-03T06:00:00,70103,17000,6.0,40.4451,-3.691604,10,True,2,2
2026-06-03T03:56:19Z,1051X78007C3,78007,C3,3,60105,60104,2026-06-03T06:01:00,17000,60200,5.0,40.16253,-3.611127,10,False,1,1
2026-06-03T03:56:19Z,1051X20710C5,20710,C5,0,35607,35606,2026-06-03T06:22:00,35002,35607,E,40.330883,-3.8823783,10,False,2,1
2026-06-03T03:56:19Z,1051X21512C2,21512,C2,0,17000,18002,2026-06-03T06:14:00,70200,17000,E,40.47097,-3.68245,10,False,12,2
2026-06-03T03:56:19Z,1051X20709C5,20709,C5,0,35002,35010,2026-06-03T06:16:00,35607,35002,E,40.283237,-3.7991464,10,False,1,1
2026-06-03T03:56:19Z,1051X21510C2,21510,C2,0,17000,18002,2026-06-03T06:09:00,70200,17000,E,40.47097,-3.68245,10,False,12,2
2026-06-03T03:56:19Z,1051X20208C4,20208,C4,0,18101,18000,2026-06-03T06:02:00,37012,17000,E,40.417023,-3.7031636,10,True,2,7
2026-06-03T03:56:19Z,1051X20706C5,20706,C5,0,35607,35606,2026-06-03T06:12:00,35002,35607,E,40.330883,-3.8823783,10,False,2,1
2026-06-03T03:56:19Z,1051X20704C5,20704,C5,0,35607,35606,2026-06-03T06:07:00,35002,35607,E,40.330883,-3.8823783,10,False,2,1
2026-06-03T03:56:19Z,1051X20207C4a,20207,C4a,1,17000,17001,2026-06-03T06:03:00,19003,18000,E,40.471325,-3.6833096,10,True,3,1
2026-06-03T03:56:19Z,1051X20206C4,20206,C4,0,37001,37010,2026-06-03T06:08:00,37012,37001,E,40.34132,-3.7123663,10,True,2,2
2026-06-03T03:56:19Z,1051X21104C10,21104,C10,0,10200,10104,2026-06-03T06:14:00,17000,10200,E,40.62599,-4.0081153,10,False,4,2
2026-06-03T03:56:19Z,1051X20601C8b,20601,C8b,1,17000,97201,2026-06-03T06:17:00,12006,17000,E,40.47113,-3.6828332,10,False,11,1
2026-06-03T03:56:19Z,1051X20411C4b,20411,C4b,3,37002,37010,2026-06-03T05:58:00,17005,37012,E,40.309868,-3.733689,10,True,1,1
2026-06-03T03:56:19Z,1051X20205C4a,20205,C4a,4,17000,17001,2026-06-03T05:51:00,19003,37012,S,40.471325,-3.6833096,10,True,3,1
2026-06-03T03:56:19Z,1051X21500C2,21500,C2,12,70112,70111,2026-06-03T06:00:00,70200,17000,6.0,40.46514,-3.4385638,10,True,2,2
2026-06-03T03:56:19Z,1051X20600C8b,20600,C8b,0,12006,12005,2026-06-03T06:03:00,70200,12006,E,40.737614,-4.0662985,10,False,2,1
2026-06-03T03:56:19Z,1051X20204C4,20204,C4,1,37010,37002,2026-06-03T05:58:00,37012,17000,E,40.323135,-3.7273622,10,True,2,2
2026-06-03T03:56:19Z,1051X21809C7,21809,C7,-1,70103,70111,2026-06-03T06:03:00,10000,70103,E,40.4889,-3.3666708,10,False,5,1
2026-06-03T03:56:19Z,1051X21807C7,21807,C7,0,18000,18001,2026-06-03T06:10:00,10000,18000,E,40.40667,-3.6893938,10,False,2,1
2026-06-03T03:56:19Z,1051X21501C2,21501,C2,2,70101,70108,2026-06-03T05:59:00,10203,70200,E,40.44277,-3.5339844,10,False,1,1
2026-06-03T03:56:19Z,1051X21303C10,21303,C10,0,18001,18001,2026-06-03T05:55:00,17000,10000,A,40.42352,-3.6912522,10,True,1,1
2026-06-03T03:56:19Z,1051X21100C10,21100,C10,5,10005,10007,2026-06-03T05:59:00,17000,10200,8.0,40.492466,-3.8665783,10,False,1,1
2026-06-03T03:56:19Z,1051X21509C2,21509,C2,0,70200,70105,2026-06-03T06:33:00,10203,70200,E,40.644257,-3.1823237,10,False,1,1
2026-06-03T03:56:19Z,1051X21508C2,21508,C2,0,17000,18002,2026-06-03T06:00:00,70200,17000,E,40.47097,-3.68245,10,False,12,2
2026-06-03T03:56:19Z,1051X20212C4a,20212,C4a,3,19001,17009,2026-06-03T05:53:00,37012,19003,S,40.55402,-3.6837044,10,True,2,2
2026-06-03T03:56:19Z,1051X21506C2,21506,C2,2,18000,70002,2026-06-03T05:59:00,70200,17000,31.0,40.40111,-3.680403,10,False,3,2
2026-06-03T03:56:19Z,1051X19502C5,19502,C5,1,35002,35012,2026-06-03T05:58:00,35012,35607,E,40.283237,-3.7991464,10,False,2,1
2026-06-03T03:56:19Z,1051X21505C2,21505,C2,0,70200,70105,2026-06-03T06:20:00,17000,70200,E,40.644257,-3.1823237,10,False,1,1
2026-06-03T03:56:19Z,1051X20211C4a,20211,C4a,0,37002,37010,2026-06-03T06:02:00,19003,37002,E,40.309868,-3.733689,10,True,1,1
2026-06-03T03:56:19Z,1051X21504C2,21504,C2,3,70109,70109,2026-06-03T05:56:00,70200,18002,A,40.38707,-3.6090817,10,False,2,2
2026-06-03T03:56:19Z,1051X20210C4,20210,C4,0,37001,37010,2026-06-03T06:22:00,37012,37001,E,40.34132,-3.7123663,10,True,2,2
2026-06-03T03:56:19Z,1051X20218C4a,20218,C4a,0,19003,19002,2026-06-03T06:20:00,37012,19003,E,40.546417,-3.6351175,10,True,2,2
2026-06-03T03:56:19Z,1051X21703C2,21703,C2,4,18002,18002,2026-06-03T05:56:00,10203,70103,A,40.44655,-3.691473,10,False,1,1
2026-06-03T03:56:19Z,1051X21305C10,21305,C10,0,10100,10005,2026-06-03T06:12:00,17000,10100,E,40.52248,-3.8818293,10,False,,1
2026-06-03T03:56:19Z,1051X20216C4a,20216,C4a,-1,19003,19002,2026-06-03T06:06:00,37012,19003,E,40.546417,-3.6351175,10,True,2,2
2026-06-03T03:56:19Z,1051X21304C10,21304,C10,0,17000,18002,2026-06-03T06:21:00,10100,17000,E,40.470848,-3.682503,10,True,8,4
2026-06-03T03:56:19Z,1051X19508C5,19508,C5,0,35601,35601,2026-06-03T05:57:00,35012,35607,A,40.38357,-3.7686734,10,False,1,1
2026-06-03T03:56:19Z,1051X19509C5,19509,C5,0,35702,35702,2026-06-03T05:52:00,35607,35012,A,40.3791,-3.6987777,10,False,1,1
2026-06-03T03:56:19Z,1051X21503C2,21503,C2,3,70107,70103,2026-06-03T06:01:00,17000,70200,20.0,40.500973,-3.3408237,10,False,1,5
2026-06-03T03:56:19Z,1051X19803C1,19803,C1,0,98305,98304,2026-06-03T05:59:00,17000,98305,E,40.4924,-3.593483,10,True,2,1
2026-06-03T03:56:19Z,1051X19802C1,19802,C1,0,17000,98003,2026-06-03T06:24:00,98305,17000,E,40.47102,-3.6825693,10,False,12,2
2026-06-03T03:56:19Z,1051X19527C5,19527,C5,0,35012,35002,2026-06-03T06:05:00,35607,35012,E,40.25559,-3.8284667,10,False,1,1
2026-06-03T03:56:19Z,1051X19533C5,19533,C5,0,35012,35002,2026-06-03T06:20:00,35607,35012,E,40.25559,-3.8284667,10,False,1,1
2026-06-03T03:56:19Z,1051X19531C5,19531,C5,0,35012,35002,2026-06-03T06:10:00,35607,35012,E,40.25559,-3.8284667,10,False,1,1
2026-06-03T03:56:19Z,1051X20409C4b,20409,C4b,0,18000,18101,2026-06-03T05:59:00,17005,18000,E,40.40654,-3.6895106,10,True,6,1
2026-06-03T03:56:19Z,1051X20408C4b,20408,C4b,0,17005,17004,2026-06-03T06:24:00,37012,17005,E,40.644844,-3.7762609,10,True,3,3
2026-06-03T03:56:19Z,1051X20407C4b,20407,C4b,0,18002,18002,2026-06-03T05:56:00,17005,37012,A,40.4466,-3.6920877,10,True,6,6
2026-06-03T03:56:19Z,1051X19504C5,19504,C5,0,35704,37001,2026-06-03T05:56:00,35012,35607,S,40.35043,-3.705141,10,False,2,6
2026-06-03T03:56:19Z,1051X20406C4b,20406,C4b,0,17005,17004,2026-06-03T06:11:00,37012,17005,E,40.644844,-3.7762609,10,True,3,3
2026-06-03T03:56:19Z,1051X19503C5,19503,C5,0,35601,35602,2026-06-03T05:56:00,35607,35012,S,40.38357,-3.7686734,10,False,2,2
2026-06-03T03:56:19Z,1051X20405C4b,20405,C4b,2,17000,17001,2026-06-03T05:44:00,17005,18000,S,40.471325,-3.6833096,10,True,5,1
2026-06-03T03:56:19Z,1051X19537C5,19537,C5,0,35012,35002,2026-06-03T06:25:00,35607,35012,E,40.25559,-3.8284667,10,False,1,1
2026-06-03T03:56:19Z,1051X19539C5,19539,C5,0,35012,35002,2026-06-03T06:30:00,35607,35012,E,40.25559,-3.8284667,10,False,1,1
2026-06-03T03:56:19Z,1051X19505C5,19505,C5,0,18003,18000,2026-06-03T05:52:00,35607,35012,S,40.39592,-3.6779969,10,False,1,9
2026-06-03T03:56:19Z,1051X19510C5,19510,C5,0,35610,35610,2026-06-03T05:56:00,35012,35607,A,40.34195,-3.8423326,10,False,1,1
2026-06-03T03:56:19Z,1051X20703C5,20703,C5,0,35001,35009,2026-06-03T05:56:00,35607,35002,S,40.328766,-3.7714624,10,False,1,1
2026-06-03T03:56:19Z,1051X20702C5,20702,C5,0,35609,18000,2026-06-03T05:58:00,35002,35607,E,40.405067,-3.7026901,10,False,1,10
2026-06-03T03:56:19Z,1051X19522C5,19522,C5,0,35607,35606,2026-06-03T06:27:00,35012,35607,E,40.330883,-3.8823783,10,False,2,1
2026-06-03T03:56:19Z,1051X19513C5,19513,C5,0,35009,37001,2026-06-03T05:53:00,35607,35012,S,40.34086,-3.7482634,10,False,1,4
2026-06-03T03:56:19Z,1051X19512C5,19512,C5,0,35607,35606,2026-06-03T06:01:00,35012,35607,E,40.330883,-3.8823783,10,False,2,1
2026-06-03T03:56:19Z,1051X19521C5,19521,C5,0,35012,35002,2026-06-03T05:59:00,35607,35012,8.0,40.257965,-3.8262606,10,False,1,1
2026-06-03T03:56:19Z,1051X19518C5,19518,C5,0,35607,35606,2026-06-03T06:17:00,35012,35607,E,40.330883,-3.8823783,10,False,2,1
2026-06-03T03:56:19Z,1051X21200C10,21200,C10,0,17000,18002,2026-06-03T06:06:00,10200,17000,E,40.470848,-3.682503,10,False,8,4
2026-06-03T03:56:19Z,1051X19515C5,19515,C5,0,35010,35011,2026-06-03T05:56:00,35607,35012,S,40.29673,-3.7924793,10,False,1,1
2026-06-03T03:56:19Z,1051X21605C2,21605,C2,1,70200,70105,2026-06-03T06:04:00,12006,70200,3.0,40.641735,-3.1847944,10,True,1,1
2026-06-03T03:56:19Z,1051X21603C2,21603,C2,1,70112,70112,2026-06-03T05:56:00,12006,70200,A,40.464172,-3.4414766,10,False,1,1
2026-06-03T03:56:19Z,1051X21601C2,21601,C2,2,70002,18000,2026-06-03T06:02:00,12006,70200,E,40.381775,-3.6681283,10,False,1,2
2026-06-03T03:56:19Z,1051X35975C2,35975,C2,0,70200,70105,2026-06-03T06:11:00,17000,70200,E,40.644257,-3.1823237,10,True,1,1
2026-06-03T03:56:19Z,1051X19805C1,19805,C1,0,98305,98304,2026-06-03T06:14:00,17000,98305,E,40.4924,-3.593483,10,False,2,1
2026-06-03T03:56:19Z,1051X19800C1,19800,C1,2,98003,98304,2026-06-03T06:02:00,98305,17000,E,40.484917,-3.6630294,10,False,2,2
2026-06-03T04:01:41Z,3051X23500C1,23500,C1,7,51202,51203,2026-06-03T06:12:00,51203,51003,13.0,37.006165,-5.9677014,30,False,,6
2026-06-03T04:01:41Z,3051X23505C1,23505,C1,0,51200,51112,2026-06-03T06:10:23,50600,51200,12.0,37.1975,-5.803307,30,False,,1
2026-06-03T04:01:41Z,3051X23501C1,23501,C1,2,50602,50600,2026-06-03T06:08:58,50600,51003,E,37.58157,-5.6699624,30,False,,6
2026-06-03T04:01:41Z,3051X23506C1,23506,C1,0,50600,50600,2026-06-03T06:15:00,51200,50600,A,37.661293,-5.5310225,30,False,6,6
2026-06-03T04:01:41Z,3051X83801C5,23801,C5,0,51003,51003,2026-06-03T06:12:00,43005,51003,A,37.392567,-5.9749837,30,False,8,8
2026-06-03T04:01:41Z,3051X23504C1,23504,C1,0,50700,50700,2026-06-03T06:10:00,51200,50700,A,37.58964,-5.7261076,30,False,4,4
2026-06-03T04:01:41Z,3051X23601C4,23601,C4,29,51003,51009,2026-06-03T06:03:30,51003,51003,68.0,37.363224,-5.944288,30,False,9,2
2026-06-03T04:01:41Z,3251X23302C1,23302,C1,0,54516,54516,2026-06-03T06:10:00,54517,54516,A,36.541843,-4.6237864,32,False,1,1
2026-06-03T04:01:41Z,5151X77201R2S,77201,R2S,-1,71709,71706,2026-06-03T06:02:13,71600,79400,E,41.30931,2.0274873,50,False,,1
2026-06-03T04:01:41Z,5151X77400R4,77400,R4,11,72209,72209,2026-06-03T06:01:54,78600,71600,A,41.47872,1.9255537,50,False,2,2
2026-06-03T04:01:41Z,5151X28400R2N,28400,R2N,33,79009,71802,2026-06-03T06:04:18,72400,79100,45.0,41.40155,2.177362,50,True,,
2026-06-03T04:01:41Z,5151X77203R2S,77203,R2S,1,79400,71802,2026-06-03T06:07:43,71600,79400,38.0,41.39573,2.1891112,50,False,,
2026-06-03T04:01:41Z,5151X77402R4,77402,R4,1,72206,72206,2026-06-03T06:03:17,78600,71600,A,41.39581,1.7681432,50,False,2,2
2026-06-03T04:01:41Z,5151X28404R2N,28404,R2N,3,79100,79007,2026-06-03T06:07:04,72400,79104,E,41.59969,2.291611,50,True,2,
2026-06-03T04:01:41Z,5151X25601R1,25601,R1,0,78805,78804,2026-06-03T06:03:26,79200,72305,E,41.387875,2.1697214,50,False,,1
2026-06-03T04:01:41Z,5151X77202R2S,15060,R2S,3,71700,71701,2026-06-03T06:06:11,79400,71600,23.0,41.21952,1.7498817,50,False,,2
2026-06-03T04:01:41Z,5151X28402R2N,28402,R2N,23,79006,79011,2026-06-03T06:04:06,72400,79100,16.0,41.52978,2.2149065,50,True,,2
2026-06-03T04:01:41Z,5151X25604R1,25604,R1,0,79407,79407,2026-06-03T06:01:44,72305,79603,A,41.47691,2.310406,50,True,2,2
2026-06-03T04:01:41Z,5151X78288R2,78288,R2,3,71801,71801,2026-06-03T06:03:11,79200,71700,A,41.37951,2.1412168,50,True,,
2026-06-03T04:01:41Z,5151X33521RL4,15631,RL4,1,78506,78505,2026-06-03T06:04:04,78400,78600,68.0,41.73417,1.6476017,50,False,,
2026-06-03T04:01:41Z,5151X77310R3,77310,R3,1,77109,77107,2026-06-03T06:10:29,77102,77109,25.0,41.905777,2.2521737,50,False,,1
2026-06-03T04:01:41Z,5151X77204R2S,15804,R2S,1,71600,71601,2026-06-03T06:06:23,79400,71600,4.0,41.186188,1.5268406,50,False,4,2
2026-06-03T04:01:41Z,5151X77506R4,77506,R4,1,78800,78801,2026-06-03T06:03:08,71600,78700,22.0,41.46821,2.178547,50,True,5,2
2026-06-03T04:01:41Z,5151X78201R2S,78201,R2S,0,71801,71708,2026-06-03T06:05:20,71703,79400,37.0,41.369823,2.1300738,50,True,,1
2026-06-03T04:01:41Z,5151X77502R4,77502,R4,2,72210,72209,2026-06-03T06:02:27,71600,78700,78.0,41.479675,1.9348972,50,False,,1
2026-06-03T04:01:41Z,5151X25606R1,25606,R1,0,79601,79601,2026-06-03T06:01:37,72305,79603,A,41.586533,2.5813315,50,False,1,1
2026-06-03T04:01:41Z,5151X77404R4,77404,R4,2,71600,72201,2026-06-03T06:03:50,78600,71600,67.0,41.20768,1.5342077,50,False,,2
2026-06-03T04:01:41Z,5151X77200R2S,15046,R2S,4,71704,71705,2026-06-03T06:03:04,79400,71600,50.0,41.270714,1.9692935,50,False,,2
2026-06-03T04:01:41Z,5151X77602R4,77602,R4,0,78805,78805,2026-06-03T06:02:15,78600,72209,A,41.387875,2.1697214,50,False,1,1
2026-06-03T04:01:41Z,5151X77702R4,77702,R4,0,78805,71801,2026-06-03T06:05:38,72209,78800,E,41.387875,2.1697214,50,True,2,
2026-06-03T04:01:41Z,5151X30590R15,15000,R15,6,71500,71500,2026-06-03T06:00:19,79400,71400,A,41.11129,1.2534051,50,False,,
2026-06-03T04:01:41Z,5151X78280R2,78280,R2,8,79011,79006,2026-06-03T06:05:29,79104,71700,E,41.510384,2.1998255,50,True,1,
2026-06-03T04:01:41Z,5151X77504R4,77504,R4,1,72305,72303,2026-06-03T06:04:20,71600,78700,8.0,41.36377,2.098408,50,False,4,1
2026-06-03T04:01:41Z,5151X28556R2N,28556,R2N,0,71801,71802,2026-06-03T06:02:51,79400,72400,68.0,41.38713,2.1581182,50,True,,
2026-06-03T04:01:41Z,5151X25701R1,25701,R1,4,72305,71801,2026-06-03T06:06:47,79600,72305,13.0,41.365273,2.1066327,50,True,,
2026-06-03T04:01:41Z,5151X25602R1,25602,R1,-1,78804,78805,2026-06-03T06:03:14,72305,79603,E,41.391903,2.1806395,50,True,,2
2026-06-03T04:01:41Z,6151X32701C1,32701,C1,0,11305,11305,2026-06-03T06:08:00,11600,11305,A,43.019,-2.3344853,61,False,1,1
2026-06-03T04:01:41Z,4751X71080C1,71080,C1,0,05761,05762,2026-06-03T06:02:00,05803,05761,96.0,42.80832,-5.1770797,47,False,,
2026-06-03T04:01:41Z,1051X20410C4b,20410,C4b,0,17005,17004,2026-06-03T06:36:00,37012,17005,E,40.644844,-3.7762609,10,True,3,3
2026-06-03T04:01:41Z,1051X21100C10,21100,C10,3,10010,10002,2026-06-03T06:05:00,17000,10200,E,40.46547,-3.8076725,10,False,1,1
2026-06-03T04:01:41Z,1051X19541C5,19541,C5,0,35012,35002,2026-06-03T06:35:00,35607,35012,E,40.25559,-3.8284667,10,False,1,1
2026-06-03T04:01:41Z,1051X21509C2,21509,C2,0,70200,70105,2026-06-03T06:33:00,10203,70200,E,40.644257,-3.1823237,10,False,1,1
2026-06-03T04:01:41Z,1051X21508C2,21508,C2,1,18002,18001,2026-06-03T06:05:00,70200,17000,E,40.44655,-3.691473,10,False,2,2
2026-06-03T04:01:41Z,1051X20417C4b,20417,C4b,0,37002,37010,2026-06-03T06:30:00,17005,37002,E,40.309868,-3.733689,10,True,1,1
2026-06-03T04:01:41Z,1051X21000C8a,21000,C8a,7,10201,10200,2026-06-03T06:06:00,70200,10203,11.0,40.619015,-4.028568,10,False,2,2
2026-06-03T04:01:41Z,1051X21506C2,21506,C2,1,70003,70005,2026-06-03T06:04:00,70200,17000,E,40.37616,-3.6561291,10,False,2,2
2026-06-03T04:01:41Z,1051X21505C2,21505,C2,0,70200,70105,2026-06-03T06:20:00,17000,70200,E,40.644257,-3.1823237,10,False,1,1
2026-06-03T04:01:41Z,1051X21804C7,21804,C7,0,10000,10001,2026-06-03T06:13:00,70103,10000,E,40.42163,-3.7193205,10,False,2,2
2026-06-03T04:01:41Z,1051X20714C5,20714,C5,0,35607,35606,2026-06-03T06:32:00,35002,35607,E,40.330883,-3.8823783,10,False,2,1
2026-06-03T04:01:41Z,1051X21802C7,21802,C7,0,17000,18002,2026-06-03T06:24:00,70103,17000,E,40.47113,-3.6828332,10,False,7,2
2026-06-03T04:01:41Z,1051X21800C7,21800,C7,1,18000,18000,2026-06-03T06:03:00,70103,17000,A,40.40667,-3.6893938,10,True,3,3
2026-06-03T04:01:41Z,1051X20710C5,20710,C5,0,35607,35606,2026-06-03T06:22:00,35002,35607,E,40.330883,-3.8823783,10,False,2,1
2026-06-03T04:01:41Z,1051X20709C5,20709,C5,0,35002,35010,2026-06-03T06:16:00,35607,35002,E,40.283237,-3.7991464,10,False,1,1
2026-06-03T04:01:41Z,1051X20209C4a,20209,C4a,1,18000,18101,2026-06-03T06:02:00,19003,37012,E,40.40654,-3.6895106,10,True,6,1
2026-06-03T04:01:41Z,1051X21504C2,21504,C2,5,70100,70108,2026-06-03T06:04:00,70200,18002,19.0,40.405197,-3.5891385,10,False,2,2
2026-06-03T04:01:41Z,1051X21503C2,21503,C2,0,70111,70112,2026-06-03T06:04:00,17000,70200,E,40.480347,-3.39294,10,False,1,1
2026-06-03T04:01:41Z,1051X78004C3,78004,C3,1,60102,60102,2026-06-03T06:01:00,60200,17000,A,40.305756,-3.707588,10,False,2,2
2026-06-03T04:01:41Z,1051X78003C3,78003,C3,1,18000,18101,2026-06-03T06:05:00,17000,60200,E,40.40654,-3.6895106,10,True,5,1
2026-06-03T04:01:41Z,1051X20207C4a,20207,C4a,1,17000,17001,2026-06-03T06:03:00,19003,18000,64.0,40.4903,-3.6784554,10,True,3,1
2026-06-03T04:01:41Z,1051X20602C8b,20602,C8b,0,12006,12005,2026-06-03T06:33:00,70200,12006,E,40.737614,-4.0662985,10,False,2,1
2026-06-03T04:01:41Z,1051X78006C3,78006,C3,0,18002,18101,2026-06-03T06:05:00,60200,17000,14.0,40.44201,-3.692513,10,True,8,2
2026-06-03T04:01:41Z,1051X20206C4,20206,C4,0,37001,37010,2026-06-03T06:08:00,37012,37001,E,40.34132,-3.7123663,10,True,2,2
2026-06-03T04:01:41Z,1051X78005C3,78005,C3,5,60102,60109,2026-06-03T06:03:00,17000,60200,E,40.305756,-3.707588,10,False,1,1
2026-06-03T04:01:41Z,1051X21811C7,21811,C7,0,70103,70111,2026-06-03T06:32:00,10000,70103,E,40.4889,-3.3666708,10,False,5,1
2026-06-03T04:01:41Z,1051X78008C3,78008,C3,0,17000,18002,2026-06-03T06:16:00,60200,17000,E,40.471382,-3.6834786,10,True,2,8
2026-06-03T04:01:41Z,1051X20601C8b,20601,C8b,1,17000,97201,2026-06-03T06:17:00,12006,17000,E,40.47113,-3.6828332,10,False,11,1
2026-06-03T04:01:41Z,1051X20205C4a,20205,C4a,2,19002,19003,2026-06-03T06:04:00,19003,37012,E,40.54745,-3.6543186,10,True,1,2
2026-06-03T04:01:41Z,1051X78007C3,78007,C3,3,60104,60103,2026-06-03T06:06:00,17000,60200,11.0,40.201855,-3.6686993,10,False,1,1
2026-06-03T04:01:41Z,1051X21512C2,21512,C2,0,17000,18002,2026-06-03T06:14:00,70200,17000,E,40.47097,-3.68245,10,False,12,2
2026-06-03T04:01:41Z,1051X21510C2,21510,C2,0,17000,18002,2026-06-03T06:09:00,70200,17000,E,40.47097,-3.68245,10,False,12,2
2026-06-03T04:01:41Z,1051X20706C5,20706,C5,0,35607,35606,2026-06-03T06:12:00,35002,35607,E,40.330883,-3.8823783,10,False,2,1
2026-06-03T04:01:41Z,1051X20704C5,20704,C5,0,35607,35606,2026-06-03T06:07:00,35002,35607,E,40.330883,-3.8823783,10,False,2,1
2026-06-03T04:01:41Z,1051X20703C5,20703,C5,0,37001,35704,2026-06-03T06:02:00,35607,35002,E,40.34132,-3.7123663,10,False,4,1
2026-06-03T04:01:41Z,1051X19802C1,19802,C1,0,17000,98003,2026-06-03T06:24:00,98305,17000,E,40.47102,-3.6825693,10,False,12,2
2026-06-03T04:01:41Z,1051X20600C8b,20600,C8b,1,12006,12005,2026-06-03T06:04:00,70200,12006,39.0,40.731724,-4.0461254,10,False,2,1
2026-06-03T04:01:41Z,1051X19527C5,19527,C5,0,35012,35002,2026-06-03T06:05:00,35607,35012,E,40.25559,-3.8284667,10,False,1,1
2026-06-03T04:01:41Z,1051X19533C5,19533,C5,0,35012,35002,2026-06-03T06:20:00,35607,35012,E,40.25559,-3.8284667,10,False,1,1
2026-06-03T04:01:41Z,1051X19531C5,19531,C5,0,35012,35002,2026-06-03T06:10:00,35607,35012,E,40.25559,-3.8284667,10,False,1,1
2026-06-03T04:01:41Z,1051X20204C4,20204,C4,3,37002,37011,2026-06-03T06:03:00,37012,17000,52.0,40.298836,-3.7361784,10,True,2,2
2026-06-03T04:01:41Z,1051X21809C7,21809,C7,-1,70103,70111,2026-06-03T06:03:00,10000,70103,E,40.4889,-3.3666708,10,False,5,1
2026-06-03T04:01:41Z,1051X21807C7,21807,C7,0,18000,18001,2026-06-03T06:10:00,10000,18000,E,40.40667,-3.6893938,10,False,2,1
2026-06-03T04:01:41Z,1051X20409C4b,20409,C4b,2,18101,18002,2026-06-03T06:06:00,17005,18000,11.0,40.42004,-3.7011993,10,True,1,6
2026-06-03T04:01:41Z,1051X20408C4b,20408,C4b,0,17005,17004,2026-06-03T06:24:00,37012,17005,E,40.644844,-3.7762609,10,True,3,3
2026-06-03T04:01:41Z,1051X20407C4b,20407,C4b,1,17000,17000,2026-06-03T06:03:00,17005,37012,A,40.471325,-3.6833096,10,True,5,5
2026-06-03T04:01:41Z,1051X20406C4b,20406,C4b,0,17005,17004,2026-06-03T06:11:00,37012,17005,E,40.644844,-3.7762609,10,True,3,3
2026-06-03T04:01:41Z,1051X78010C3,78010,C3,0,17000,18002,2026-06-03T06:33:00,60200,17000,E,40.471382,-3.6834786,10,True,2,8
2026-06-03T04:01:41Z,1051X19537C5,19537,C5,0,35012,35002,2026-06-03T06:25:00,35607,35012,E,40.25559,-3.8284667,10,False,1,1
2026-06-03T04:01:41Z,1051X19539C5,19539,C5,0,35012,35002,2026-06-03T06:30:00,35607,35012,E,40.25559,-3.8284667,10,False,1,1
2026-06-03T04:01:41Z,1051X20702C5,20702,C5,0,18003,35702,2026-06-03T06:03:00,35002,35607,E,40.39592,-3.6779969,10,False,2,2
2026-06-03T04:01:41Z,1051X21501C2,21501,C2,4,70108,70100,2026-06-03T06:05:00,10203,70200,14.0,40.419617,-3.565614,10,False,1,1
2026-06-03T04:01:41Z,1051X21514C2,21514,C2,0,17000,18002,2026-06-03T06:32:00,70200,17000,E,40.47097,-3.68245,10,False,12,2
2026-06-03T04:01:41Z,1051X19522C5,19522,C5,0,35607,35606,2026-06-03T06:27:00,35012,35607,E,40.330883,-3.8823783,10,False,2,1
2026-06-03T04:01:41Z,1051X21104C10,21104,C10,0,10200,10104,2026-06-03T06:14:00,17000,10200,E,40.62599,-4.0081153,10,False,4,2
2026-06-03T04:01:41Z,1051X20411C4b,20411,C4b,3,37001,60100,2026-06-03T06:06:00,17005,37012,E,40.34132,-3.7123663,10,True,1,2
2026-06-03T04:01:41Z,1051X19521C5,19521,C5,0,35011,35011,2026-06-03T06:02:00,35607,35012,A,40.312492,-3.78335,10,False,1,1
2026-06-03T04:01:41Z,1051X21200C10,21200,C10,0,17000,18002,2026-06-03T06:06:00,10200,17000,E,40.470848,-3.682503,10,False,8,4
2026-06-03T04:01:41Z,1051X21500C2,21500,C2,13,70111,70103,2026-06-03T06:07:00,70200,17000,S,40.480347,-3.39294,10,False,2,1
2026-06-03T04:01:41Z,1051X20212C4a,20212,C4a,1,17000,17000,2026-06-03T06:02:00,37012,19003,A,40.471325,-3.6833096,10,True,2,2
2026-06-03T04:01:41Z,1051X21605C2,21605,C2,1,70200,70105,2026-06-03T06:04:00,12006,70200,69.0,40.58645,-3.2392807,10,True,1,1
2026-06-03T04:01:41Z,1051X21603C2,21603,C2,3,70102,70101,2026-06-03T06:06:00,12006,70200,E,40.454636,-3.4796963,10,False,1,1
2026-06-03T04:01:41Z,1051X21601C2,21601,C2,2,18000,18001,2026-06-03T06:03:00,12006,70200,E,40.40667,-3.689395,10,False,2,1
2026-06-03T04:01:41Z,1051X35975C2,35975,C2,0,70200,70105,2026-06-03T06:11:00,17000,70200,E,40.644257,-3.1823237,10,True,1,1
2026-06-03T04:01:41Z,1051X19805C1,19805,C1,0,98305,98304,2026-06-03T06:14:00,17000,98305,E,40.4924,-3.593483,10,False,2,1
2026-06-03T04:01:41Z,1051X19807C1,19807,C1,0,98305,98304,2026-06-03T06:29:00,17000,98305,E,40.4924,-3.593483,10,False,2,1
2026-06-03T04:01:41Z,1051X19800C1,19800,C1,0,98304,98304,2026-06-03T06:00:00,98305,17000,A,40.481907,-3.616286,10,False,2,2
2026-06-03T04:01:41Z,1051X19803C1,19803,C1,1,98304,98003,2026-06-03T06:06:00,17000,98305,E,40.481907,-3.616286,10,False,1,1
2026-06-03T04:01:41Z,1051X20211C4a,20211,C4a,1,37002,37010,2026-06-03T06:03:00,19003,37002,29.0,40.313736,-3.7319016,10,True,1,1
2026-06-03T04:01:41Z,1051X20210C4,20210,C4,0,37001,37010,2026-06-03T06:22:00,37012,37001,E,40.34132,-3.7123663,10,True,2,2
2026-06-03T04:01:41Z,1051X20218C4a,20218,C4a,0,19003,19002,2026-06-03T06:20:00,37012,19003,E,40.546417,-3.6351175,10,True,2,2
2026-06-03T04:01:41Z,1051X21703C2,21703,C2,2,17000,17000,2026-06-03T06:01:00,10203,70103,A,40.47097,-3.68245,10,False,10,10
2026-06-03T04:01:41Z,1051X21305C10,21305,C10,0,10100,10005,2026-06-03T06:12:00,17000,10100,E,40.52248,-3.8818293,10,False,,1
2026-06-03T04:01:41Z,1051X20216C4a,20216,C4a,-1,19003,19002,2026-06-03T06:06:00,37012,19003,E,40.546417,-3.6351175,10,True,2,2
2026-06-03T04:01:41Z,1051X21304C10,21304,C10,0,17000,18002,2026-06-03T06:21:00,10100,17000,E,40.470848,-3.682503,10,True,8,4
2026-06-03T04:01:41Z,1051X19508C5,19508,C5,0,35600,35608,2026-06-03T06:01:00,35012,35607,S,40.386257,-3.7610443,10,False,1,1
2026-06-03T04:01:41Z,1051X19509C5,19509,C5,0,18003,18000,2026-06-03T06:00:00,35607,35012,S,40.39592,-3.6779969,10,False,1,9
2026-06-03T04:01:41Z,1051X19504C5,19504,C5,0,35009,35009,2026-06-03T05:59:00,35012,35607,A,40.34086,-3.7482634,10,False,2,2
2026-06-03T04:01:41Z,1051X19503C5,19503,C5,0,35604,35605,2026-06-03T06:02:00,35607,35012,E,40.356674,-3.8156087,10,False,2,2
2026-06-03T04:01:41Z,1051X19505C5,19505,C5,0,35609,35608,2026-06-03T05:58:00,35607,35012,S,40.405067,-3.7026901,10,False,2,2
2026-06-03T04:01:41Z,1051X19510C5,19510,C5,0,35605,35604,2026-06-03T06:01:00,35012,35607,S,40.3503,-3.8317595,10,False,1,1
2026-06-03T04:01:41Z,1051X19513C5,19513,C5,0,35704,35703,2026-06-03T05:58:00,35607,35012,S,40.35043,-3.705141,10,False,1,1
2026-06-03T04:01:41Z,1051X19512C5,19512,C5,1,35606,35606,2026-06-03T06:02:00,35012,35607,A,40.32875,-3.8636916,10,False,1,1
2026-06-03T04:01:41Z,1051X19518C5,19518,C5,0,35607,35606,2026-06-03T06:17:00,35012,35607,E,40.330883,-3.8823783,10,False,2,1
2026-06-03T04:01:41Z,1051X19515C5,19515,C5,0,35009,37001,2026-06-03T06:05:00,35607,35012,E,40.34086,-3.7482634,10,False,1,4
2026-06-03T04:01:41Z,1051X21002C8a,21002,C8a,0,10203,10202,2026-06-03T06:28:00,70103,10203,E,40.58532,-4.1321955,10,False,3,2
2026-06-03T04:06:27Z,3051X23500C1,23500,C1,7,51202,51203,2026-06-03T06:12:00,51203,51003,52.0,36.973057,-6.0350738,30,False,,6
2026-06-03T04:06:27Z,3051X23505C1,23505,C1,0,51200,51112,2026-06-03T06:10:23,50600,51200,58.0,37.24104,-5.8582926,30,False,,1
2026-06-03T04:06:27Z,3051X23506C1,23506,C1,0,50600,50600,2026-06-03T06:15:00,51200,50600,A,37.661293,-5.5310225,30,False,6,6
2026-06-03T04:06:27Z,3051X83801C5,23801,C5,0,51003,51003,2026-06-03T06:12:00,43005,51003,A,37.392567,-5.9749837,30,False,8,8
2026-06-03T04:06:27Z,3051X23504C1,23504,C1,0,50700,50700,2026-06-03T06:10:00,51200,50700,A,37.58964,-5.7261076,30,False,4,4
2026-06-03T04:06:27Z,3051X23601C4,23601,C4,6,51009,51009,2026-06-03T06:06:13,51003,51003,A,37.4036,-5.936382,30,False,2,2
2026-06-03T04:06:27Z,3051X23502C1,23502,C1,2,51110,51113,2026-06-03T06:07:00,51200,51003,75.0,37.34051,-5.9664955,30,False,,2
2026-06-03T04:06:27Z,3251X23302C1,23302,C1,0,54516,54516,2026-06-03T06:10:00,54517,54516,A,36.541843,-4.6237864,32,False,1,1
2026-06-03T04:06:27Z,5151X28402R2N,28402,R2N,22,79005,79004,2026-06-03T06:12:11,72400,79100,E,41.48419,2.1882799,50,True,2,2
2026-06-03T04:06:27Z,5151X25602R1,25602,R1,1,78805,71801,2026-06-03T06:09:36,72305,79603,16.0,41.386185,2.1651149,50,True,,
2026-06-03T04:06:27Z,5151X77201R2S,77201,R2S,2,71706,71705,2026-06-03T06:09:02,71600,79400,7.0,41.301785,2.008284,50,False,1,
2026-06-03T04:06:27Z,5151X25601R1,25601,R1,1,79009,79009,2026-06-03T06:06:48,79200,72305,A,41.408962,2.187447,50,False,4,4
2026-06-03T04:06:27Z,5151X77202R2S,15060,R2S,3,71701,71703,2026-06-03T06:15:55,79400,71600,E,41.23921,1.8097008,50,False,2,2
2026-06-03T04:06:27Z,5151X77400R4,77400,R4,10,72210,72211,2026-06-03T06:12:29,78600,71600,E,41.473316,1.967515,50,False,,
2026-06-03T04:06:27Z,5151X28400R2N,28400,R2N,30,71801,71801,2026-06-03T06:06:30,72400,79100,A,41.37954,2.1411655,50,True,12,12
2026-06-03T04:06:27Z,5151X25604R1,25604,R1,0,79406,79405,2026-06-03T06:06:39,72305,79603,E,41.468693,2.2867389,50,True,,2
2026-06-03T04:06:27Z,5151X78288R2,78288,R2,5,71801,71802,2026-06-03T06:11:26,79200,71700,E,41.37951,2.1412168,50,True,13,
2026-06-03T04:06:27Z,5151X77204R2S,15804,R2S,0,71601,71602,2026-06-03T06:07:34,79400,71600,E,41.189453,1.5750299,50,False,,
2026-06-03T04:06:27Z,5151X78201R2S,78201,R2S,1,71708,71707,2026-06-03T06:09:35,71703,79400,17.0,41.3479,2.115021,50,True,,
2026-06-03T04:06:27Z,5151X33521RL4,15631,RL4,1,78505,78504,2026-06-03T06:11:04,78400,78600,31.0,41.739803,1.605254,50,False,,
2026-06-03T04:06:27Z,5151X77508R4,77508,R4,-2,78709,78704,2026-06-03T06:08:23,71600,78700,E,41.561966,2.0962272,50,False,,2
2026-06-03T04:06:27Z,5151X77402R4,77402,R4,1,72207,72207,2026-06-03T06:07:06,78600,71600,A,41.41933,1.7952268,50,False,2,2
2026-06-03T04:06:27Z,5151X77600R4,77600,R4,17,78800,78800,2026-06-03T06:06:47,78600,72209,A,41.470253,2.1794534,50,False,6,6
2026-06-03T04:06:27Z,5151X77510R4,77510,R4,1,78604,78605,2026-06-03T06:09:59,72204,78600,38.0,41.651398,1.8615663,50,False,,2
2026-06-03T04:06:27Z,5151X25606R1,25606,R1,0,79600,79502,2026-06-03T06:08:04,72305,79603,E,41.577496,2.549442,50,False,,2
2026-06-03T04:06:27Z,5151X25704R1,25704,R1,2,79412,79412,2026-06-03T06:06:41,72305,79500,A,41.50672,2.4016483,50,True,2,2
2026-06-03T04:06:27Z,5151X77502R4,77502,R4,5,72209,72208,2026-06-03T06:13:34,71600,78700,8.0,41.47603,1.9208688,50,False,,1
2026-06-03T04:06:27Z,5151X77200R2S,15046,R2S,5,71705,71706,2026-06-03T06:08:23,79400,71600,29.0,41.285973,1.9883679,50,False,,
2026-06-03T04:06:27Z,5151X77404R4,77404,R4,3,72201,72202,2026-06-03T06:12:35,78600,71600,21.0,41.232136,1.5509477,50,False,,2
2026-06-03T04:06:27Z,5151X77602R4,77602,R4,0,78804,78806,2026-06-03T06:10:33,78600,72209,E,41.391907,2.1806386,50,False,,
2026-06-03T04:06:27Z,5151X77702R4,77702,R4,-1,71801,72305,2026-06-03T06:12:50,72209,78800,E,41.379536,2.1411612,50,True,,4
2026-06-03T04:06:27Z,5151X28404R2N,28404,R2N,3,79100,79007,2026-06-03T06:07:04,72400,79104,E,41.59969,2.291611,50,True,,
2026-06-03T04:06:27Z,5151X30590R15,15000,R15,-16,71600,71801,2026-06-03T07:31:40,79400,71400,2.0,41.187733,1.5382864,50,False,,
2026-06-03T04:06:27Z,5151X78280R2,78280,R2,9,79006,79007,2026-06-03T06:09:44,79104,71700,E,41.53347,2.2177827,50,True,1,
2026-06-03T04:06:27Z,5151X25701R1,25701,R1,2,71801,78805,2026-06-03T06:10:07,79600,72305,E,41.379536,2.1411612,50,True,9,1
2026-06-03T04:06:27Z,6151X32701C1,32701,C1,0,11305,11305,2026-06-03T06:08:00,11600,11305,A,43.019,-2.3344853,61,False,1,1
2026-06-03T04:06:27Z,4751X71080C1,71080,C1,0,05763,05764,2026-06-03T06:13:00,05803,05761,3.0,42.808083,-5.215848,47,False,,
2026-06-03T04:06:27Z,1051X21100C10,21100,C10,4,10002,10001,2026-06-03T06:09:00,17000,10200,8.0,40.447075,-3.7991161,10,False,1,1
2026-06-03T04:06:27Z,1051X21000C8a,21000,C8a,4,10104,10103,2026-06-03T06:11:00,70200,10203,E,40.60039,-3.98222,10,False,2,2
2026-06-03T04:06:27Z,1051X19541C5,19541,C5,0,35012,35002,2026-06-03T06:35:00,35607,35012,E,40.25559,-3.8284667,10,False,1,1
2026-06-03T04:06:27Z,1051X21509C2,21509,C2,0,70200,70105,2026-06-03T06:33:00,10203,70200,E,40.644257,-3.1823237,10,False,1,1
2026-06-03T04:06:27Z,1051X21804C7,21804,C7,0,10000,10001,2026-06-03T06:13:00,70103,10000,E,40.42163,-3.7193205,10,False,2,2
2026-06-03T04:06:27Z,1051X20714C5,20714,C5,0,35607,35606,2026-06-03T06:32:00,35002,35607,E,40.330883,-3.8823783,10,False,2,1
2026-06-03T04:06:27Z,1051X21802C7,21802,C7,0,17000,18002,2026-06-03T06:24:00,70103,17000,E,40.47113,-3.6828332,10,False,7,2
2026-06-03T04:06:27Z,1051X21508C2,21508,C2,2,18001,18000,2026-06-03T06:12:00,70200,17000,S,40.42352,-3.6912522,10,False,2,3
2026-06-03T04:06:27Z,1051X20417C4b,20417,C4b,0,37002,37010,2026-06-03T06:30:00,17005,37002,E,40.309868,-3.733689,10,True,1,1
2026-06-03T04:06:27Z,1051X21800C7,21800,C7,3,18000,70002,2026-06-03T06:09:00,70103,17000,31.0,40.401173,-3.680367,10,True,3,2
2026-06-03T04:06:27Z,1051X21506C2,21506,C2,1,70109,70109,2026-06-03T06:06:00,70200,17000,A,40.38707,-3.6090817,10,False,2,2
2026-06-03T04:06:27Z,1051X20710C5,20710,C5,0,35607,35606,2026-06-03T06:22:00,35002,35607,E,40.330883,-3.8823783,10,False,2,1
2026-06-03T04:06:27Z,1051X21505C2,21505,C2,0,70200,70105,2026-06-03T06:20:00,17000,70200,E,40.644257,-3.1823237,10,False,1,1
2026-06-03T04:06:27Z,1051X20709C5,20709,C5,0,35002,35010,2026-06-03T06:16:00,35607,35002,E,40.283237,-3.7991464,10,False,1,1
2026-06-03T04:06:27Z,1051X21504C2,21504,C2,3,70101,70101,2026-06-03T06:06:00,70200,18002,A,40.44277,-3.5339844,10,False,2,2
2026-06-03T04:06:27Z,1051X21503C2,21503,C2,1,70112,70102,2026-06-03T06:08:00,17000,70200,E,40.464172,-3.4414766,10,False,1,1
2026-06-03T04:06:27Z,1051X20413C4b,20413,C4b,0,37011,37002,2026-06-03T06:08:00,17005,37012,E,40.288372,-3.7373493,10,True,1,1
2026-06-03T04:06:27Z,1051X78004C3,78004,C3,0,60103,60103,2026-06-03T06:06:00,60200,17000,A,40.242844,-3.7038615,10,True,2,2
2026-06-03T04:06:27Z,1051X78003C3,78003,C3,1,18101,18101,2026-06-03T06:06:00,17000,60200,A,40.417023,-3.7031636,10,True,1,1
2026-06-03T04:06:27Z,1051X78006C3,78006,C3,1,18000,18000,2026-06-03T06:11:00,60200,17000,A,40.40654,-3.6895106,10,True,7,7
2026-06-03T04:06:27Z,1051X20209C4a,20209,C4a,3,18101,18002,2026-06-03T06:10:00,19003,37012,25.0,40.423805,-3.6985373,10,True,1,6
2026-06-03T04:06:27Z,1051X78005C3,78005,C3,7,60109,60101,2026-06-03T06:08:00,17000,60200,42.0,40.326065,-3.7080042,10,False,1,1
2026-06-03T04:06:27Z,1051X36202C10,36202,C10,0,17000,18002,2026-06-03T06:36:00,10200,17000,E,40.470848,-3.682503,10,True,8,4
2026-06-03T04:06:27Z,1051X78008C3,78008,C3,0,17000,18002,2026-06-03T06:16:00,60200,17000,E,40.471382,-3.6834786,10,True,2,8
2026-06-03T04:06:27Z,1051X20207C4a,20207,C4a,1,17000,17001,2026-06-03T06:03:00,19003,18000,S,40.471325,-3.6833096,10,True,3,1
2026-06-03T04:06:27Z,1051X20602C8b,20602,C8b,0,12006,12005,2026-06-03T06:33:00,70200,12006,E,40.737614,-4.0662985,10,False,2,1
2026-06-03T04:06:27Z,1051X78007C3,78007,C3,3,60103,60102,2026-06-03T06:11:00,17000,60200,5.0,40.246006,-3.703959,10,True,1,1
2026-06-03T04:06:27Z,1051X21512C2,21512,C2,0,17000,18002,2026-06-03T06:14:00,70200,17000,E,40.47097,-3.68245,10,False,12,2
2026-06-03T04:06:27Z,1051X20706C5,20706,C5,0,35607,35606,2026-06-03T06:12:00,35002,35607,E,40.330883,-3.8823783,10,False,2,1
2026-06-03T04:06:27Z,1051X20704C5,20704,C5,0,35607,35606,2026-06-03T06:07:00,35002,35607,E,40.330883,-3.8823783,10,False,2,1
2026-06-03T04:06:27Z,1051X20703C5,20703,C5,0,35703,35702,2026-06-03T06:06:00,35607,35002,E,40.367134,-3.7043796,10,False,1,1
2026-06-03T04:06:27Z,1051X20702C5,20702,C5,0,35703,35703,2026-06-03T06:05:00,35002,35607,A,40.367134,-3.7043796,10,False,2,2
2026-06-03T04:06:27Z,1051X21514C2,21514,C2,0,17000,18002,2026-06-03T06:32:00,70200,17000,E,40.47097,-3.68245,10,False,12,2
2026-06-03T04:06:27Z,1051X20206C4,20206,C4,1,37001,37010,2026-06-03T06:09:00,37012,37001,8.0,40.341442,-3.7144403,10,True,2,2
2026-06-03T04:06:27Z,1051X21811C7,21811,C7,0,70103,70111,2026-06-03T06:32:00,10000,70103,E,40.4889,-3.3666708,10,False,5,1
2026-06-03T04:06:27Z,1051X35981C2,35981,C2,0,70200,70105,2026-06-03T06:41:00,17000,70200,E,40.644257,-3.1823237,10,False,1,1
2026-06-03T04:06:27Z,1051X19522C5,19522,C5,0,35607,35606,2026-06-03T06:27:00,35012,35607,E,40.330883,-3.8823783,10,False,2,1
2026-06-03T04:06:27Z,1051X20601C8b,20601,C8b,1,17000,97201,2026-06-03T06:17:00,12006,17000,E,40.47113,-3.6828332,10,False,11,1
2026-06-03T04:06:27Z,1051X19521C5,19521,C5,0,35011,35001,2026-06-03T06:05:00,35607,35012,S,40.312492,-3.78335,10,False,1,1
2026-06-03T04:06:27Z,1051X20205C4a,20205,C4a,5,19002,19003,2026-06-03T06:07:00,19003,37012,75.0,40.54514,-3.639868,10,True,1,2
2026-06-03T04:06:27Z,1051X21200C10,21200,C10,0,18002,18002,2026-06-03T06:06:00,10200,17000,A,40.44655,-3.691473,10,False,4,4
2026-06-03T04:06:27Z,1051X20600C8b,20600,C8b,0,12004,12004,2026-06-03T06:08:00,70200,12006,A,40.69257,-4.035974,10,False,1,1
2026-06-03T04:06:27Z,1051X21809C7,21809,C7,1,70111,70112,2026-06-03T06:09:00,10000,70103,E,40.480347,-3.39294,10,False,1,1
2026-06-03T04:06:27Z,1051X21807C7,21807,C7,0,18000,18001,2026-06-03T06:10:00,10000,18000,E,40.40667,-3.6893938,10,False,2,1
2026-06-03T04:06:27Z,1051X21501C2,21501,C2,2,70109,70109,2026-06-03T06:06:00,10203,70200,A,40.38707,-3.6090817,10,False,1,1
2026-06-03T04:06:27Z,1051X21104C10,21104,C10,0,10200,10104,2026-06-03T06:14:00,17000,10200,E,40.62599,-4.0081153,10,False,4,2
2026-06-03T04:06:27Z,1051X21500C2,21500,C2,9,70107,70107,2026-06-03T06:05:00,70200,17000,A,40.50538,-3.3352833,10,False,2,2
2026-06-03T04:06:27Z,1051X21605C2,21605,C2,2,70105,70104,2026-06-03T06:09:00,12006,70200,31.0,40.55276,-3.275611,10,False,1,1
2026-06-03T04:06:27Z,1051X20410C4b,20410,C4b,0,17005,17004,2026-06-03T06:36:00,37012,17005,E,40.644844,-3.7762609,10,True,3,3
2026-06-03T04:06:27Z,1051X21603C2,21603,C2,2,70101,70108,2026-06-03T06:09:00,12006,70200,E,40.44277,-3.5339844,10,False,1,1
2026-06-03T04:06:27Z,1051X20213C4a,20213,C4a,0,18000,18101,2026-06-03T06:34:00,19003,18000,E,40.40654,-3.6895106,10,True,6,1
2026-06-03T04:06:27Z,1051X21601C2,21601,C2,4,18001,18002,2026-06-03T06:10:00,12006,70200,E,40.42352,-3.6912522,10,False,1,1
2026-06-03T04:06:27Z,1051X20212C4a,20212,C4a,0,18002,18002,2026-06-03T06:06:00,37012,19003,A,40.4466,-3.6920877,10,True,8,8
2026-06-03T04:06:27Z,1051X20211C4a,20211,C4a,0,37001,60100,2026-06-03T06:10:00,19003,37002,E,40.34132,-3.7123663,10,True,1,2
2026-06-03T04:06:27Z,1051X20210C4,20210,C4,0,37001,37010,2026-06-03T06:22:00,37012,37001,E,40.34132,-3.7123663,10,True,2,2
2026-06-03T04:06:27Z,1051X21706C2,21706,C2,0,17000,18002,2026-06-03T06:40:00,70103,17000,E,40.47097,-3.68245,10,False,12,2
2026-06-03T04:06:27Z,1051X20218C4a,20218,C4a,0,19003,19002,2026-06-03T06:20:00,37012,19003,E,40.546417,-3.6351175,10,True,2,2
2026-06-03T04:06:27Z,1051X21305C10,21305,C10,0,10100,10005,2026-06-03T06:12:00,17000,10100,E,40.52248,-3.8818293,10,False,,1
2026-06-03T04:06:27Z,1051X20216C4a,20216,C4a,-1,19003,19002,2026-06-03T06:06:00,37012,19003,E,40.546417,-3.6351175,10,True,2,2
2026-06-03T04:06:27Z,1051X21304C10,21304,C10,0,17000,18002,2026-06-03T06:21:00,10100,17000,E,40.470848,-3.682503,10,True,8,4
2026-06-03T04:06:27Z,1051X35975C2,35975,C2,1,70200,70105,2026-06-03T06:12:00,17000,70200,28.0,40.620804,-3.2054427,10,True,1,1
2026-06-03T04:06:27Z,1051X19805C1,19805,C1,0,98305,98304,2026-06-03T06:14:00,17000,98305,E,40.4924,-3.593483,10,False,2,1
2026-06-03T04:06:27Z,1051X19804C1,19804,C1,0,17000,98003,2026-06-03T06:39:00,98305,17000,E,40.47102,-3.6825693,10,False,12,2
2026-06-03T04:06:27Z,1051X19807C1,19807,C1,0,98305,98304,2026-06-03T06:29:00,17000,98305,E,40.4924,-3.593483,10,False,2,1
2026-06-03T04:06:27Z,1051X19508C5,19508,C5,0,35608,35609,2026-06-03T06:06:00,35012,35607,S,40.3989,-3.7442265,10,False,1,1
2026-06-03T04:06:27Z,1051X19509C5,19509,C5,0,35609,35608,2026-06-03T06:06:00,35607,35012,E,40.405067,-3.7026901,10,False,2,2
2026-06-03T04:06:27Z,1051X19504C5,19504,C5,0,35011,35011,2026-06-03T06:04:00,35012,35607,A,40.312492,-3.78335,10,False,2,2
2026-06-03T04:06:27Z,1051X19800C1,19800,C1,5,98304,98305,2026-06-03T06:10:00,98305,17000,25.0,40.48196,-3.6086583,10,False,2,1
2026-06-03T04:06:27Z,1051X19528C5,19528,C5,0,35607,35606,2026-06-03T06:37:00,35012,35607,E,40.330883,-3.8823783,10,False,2,1
2026-06-03T04:06:27Z,1051X19503C5,19503,C5,0,35605,35610,2026-06-03T06:04:00,35607,35012,S,40.3503,-3.8317595,10,False,2,2
2026-06-03T04:06:27Z,1051X19505C5,19505,C5,0,35608,35600,2026-06-03T06:01:00,35607,35012,E,40.3989,-3.7442265,10,False,2,2
2026-06-03T04:06:27Z,1051X19803C1,19803,C1,1,98003,17000,2026-06-03T06:13:00,17000,98305,3.0,40.48506,-3.6639047,10,True,1,8
2026-06-03T04:06:27Z,1051X19802C1,19802,C1,0,17000,98003,2026-06-03T06:24:00,98305,17000,E,40.47102,-3.6825693,10,False,12,2
2026-06-03T04:06:27Z,1051X19510C5,19510,C5,0,35602,35602,2026-06-03T06:06:00,35012,35607,A,40.381268,-3.7802126,10,False,1,1
2026-06-03T04:06:27Z,1051X19513C5,19513,C5,0,35702,18003,2026-06-03T06:04:00,35607,35012,S,40.3791,-3.6987777,10,False,1,1
2026-06-03T04:06:27Z,1051X19527C5,19527,C5,2,35002,35010,2026-06-03T06:07:00,35607,35012,26.0,40.28677,-3.7974637,10,False,1,1
2026-06-03T04:06:27Z,1051X19512C5,19512,C5,1,35610,35610,2026-06-03T06:05:00,35012,35607,A,40.34195,-3.8423326,10,False,1,1
2026-06-03T04:06:27Z,1051X19533C5,19533,C5,0,35012,35002,2026-06-03T06:20:00,35607,35012,E,40.25559,-3.8284667,10,False,1,1
2026-06-03T04:06:27Z,1051X20220C4a,20220,C4a,0,19003,19002,2026-06-03T06:33:00,37012,19003,E,40.546417,-3.6351175,10,True,2,2
2026-06-03T04:06:27Z,1051X19518C5,19518,C5,0,35607,35606,2026-06-03T06:17:00,35012,35607,E,40.330883,-3.8823783,10,False,2,1
2026-06-03T04:06:27Z,1051X19531C5,19531,C5,0,35012,35002,2026-06-03T06:10:00,35607,35012,E,40.25559,-3.8284667,10,False,1,1
2026-06-03T04:06:27Z,1051X19515C5,19515,C5,0,37001,35704,2026-06-03T06:08:00,35607,35012,E,40.34132,-3.7123663,10,False,4,1
2026-06-03T04:06:27Z,1051X21003C8a,21003,C8a,3,17000,97201,2026-06-03T06:38:00,10203,17000,E,40.47113,-3.6828332,10,False,11,1
2026-06-03T04:06:27Z,1051X21002C8a,21002,C8a,0,10203,10202,2026-06-03T06:28:00,70103,10203,E,40.58532,-4.1321955,10,False,3,2
2026-06-03T04:06:27Z,1051X20409C4b,20409,C4b,1,18002,17000,2026-06-03T06:12:00,17005,18000,4.0,40.447666,-3.6918736,10,True,6,5
2026-06-03T04:06:27Z,1051X20408C4b,20408,C4b,0,17005,17004,2026-06-03T06:24:00,37012,17005,E,40.644844,-3.7762609,10,True,3,3
2026-06-03T04:06:27Z,1051X20407C4b,20407,C4b,2,17000,17001,2026-06-03T06:08:00,17005,37012,56.0,40.487854,-3.6774106,10,True,5,1
2026-06-03T04:06:27Z,1051X78010C3,78010,C3,0,17000,18002,2026-06-03T06:33:00,60200,17000,E,40.471382,-3.6834786,10,True,2,8
2026-06-03T04:06:27Z,1051X20402C4b,20402,C4b,1,17000,17000,2026-06-03T06:08:00,37012,17005,A,40.471325,-3.6833096,10,True,2,2
2026-06-03T04:06:27Z,1051X19537C5,19537,C5,0,35012,35002,2026-06-03T06:25:00,35607,35012,E,40.25559,-3.8284667,10,False,1,1
2026-06-03T04:06:27Z,1051X19539C5,19539,C5,0,35012,35002,2026-06-03T06:30:00,35607,35012,E,40.25559,-3.8284667,10,False,1,1
2026-06-03T04:11:31Z,3051X23504C1,23504,C1,0,50700,50701,2026-06-03T06:15:00,51200,50700,E,37.58964,-5.7261076,30,False,,2
2026-06-03T04:11:31Z,3051X23505C1,23505,C1,-1,51103,51111,2026-06-03T06:17:12,50600,51200,E,37.2873,-5.9234986,30,False,,1
2026-06-03T04:11:31Z,3051X23506C1,23506,C1,0,50600,50600,2026-06-03T06:15:00,51200,50600,A,37.661293,-5.5310225,30,False,6,6
2026-06-03T04:11:31Z,3051X23603C4,23603,C4,0,51003,51003,2026-06-03T06:23:00,51003,51003,A,37.392212,-5.9746737,30,False,8,8
2026-06-03T04:11:31Z,3051X83801C5,23801,C5,0,51003,51003,2026-06-03T06:12:00,43005,51003,A,37.392567,-5.9749837,30,False,8,8
2026-06-03T04:11:31Z,3051X23500C1,23500,C1,7,51202,51203,2026-06-03T06:12:00,51203,51003,93.0,36.925003,-6.093149,30,False,,6
2026-06-03T04:11:31Z,3051X23601C4,23601,C4,6,51010,51010,2026-06-03T06:11:10,51003,51003,A,37.370792,-5.939321,30,False,2,2
2026-06-03T04:11:31Z,3051X23502C1,23502,C1,2,51111,51103,2026-06-03T06:15:20,51200,51003,18.0,37.31074,-5.9695954,30,False,,2
2026-06-03T04:11:31Z,3151X23422T1,23422,T1,0,51457,51457,2026-06-03T06:14:00,51405,51450,A,36.46652,-6.175707,31,False,2,2
2026-06-03T04:11:31Z,5151X28404R2N,28404,R2N,8,79100,79007,2026-06-03T06:12:21,72400,79104,78.0,41.554775,2.2607641,50,True,,
2026-06-03T04:11:31Z,5151X28402R2N,28402,R2N,25,79004,79004,2026-06-03T06:14:47,72400,79100,A,41.43613,2.1936417,50,True,2,2
2026-06-03T04:11:31Z,5151X28406R2N,28406,R2N,0,79103,79102,2026-06-03T06:14:40,72400,79104,E,41.671745,2.4542186,50,True,,2
2026-06-03T04:11:31Z,5151X25601R1,25601,R1,1,79009,79403,2026-06-03T06:17:14,79200,72305,33.0,41.426445,2.1959364,50,False,,1
2026-06-03T04:11:31Z,5151X77201R2S,77201,R2S,3,71705,71704,2026-06-03T06:14:02,71600,79400,7.0,41.27764,1.9779642,50,False,4,
2026-06-03T04:11:31Z,5151X77202R2S,15060,R2S,3,71701,71703,2026-06-03T06:16:24,79400,71600,42.0,41.23521,1.8502314,50,False,,2
2026-06-03T04:11:31Z,5151X77400R4,77400,R4,9,72211,72300,2026-06-03T06:13:46,78600,71600,16.0,41.430626,2.0047185,50,False,,2
2026-06-03T04:11:31Z,5151X28400R2N,28400,R2N,27,71708,71708,2026-06-03T06:12:10,72400,79100,A,41.35488,2.1156967,50,True,1,1
2026-06-03T04:11:31Z,5151X25703R1,25703,R1,1,72305,71801,2026-06-03T06:15:35,79600,72305,27.0,41.366795,2.1126962,50,False,,
2026-06-03T04:11:31Z,5151X77504R4,77504,R4,-1,72301,72300,2026-06-03T06:15:57,71600,78700,E,41.38308,2.0479817,50,False,,1
2026-06-03T04:11:31Z,5151X33521RL4,15631,RL4,1,78504,78503,2026-06-03T06:21:04,78400,78600,E,41.74797,1.5741209,50,False,,
2026-06-03T04:11:31Z,5151X77506R4,77506,R4,6,78802,78802,2026-06-03T06:11:23,71600,78700,A,41.430275,2.1831505,50,True,2,2
2026-06-03T04:11:31Z,5151X77508R4,77508,R4,-1,78703,78703,2026-06-03T06:12:16,71600,78700,A,41.528614,2.1051986,50,False,2,2
2026-06-03T04:11:31Z,5151X25604R1,25604,R1,1,79404,79403,2026-06-03T06:13:50,72305,79603,13.0,41.443188,2.2464037,50,True,,2
2026-06-03T04:11:31Z,5151X25606R1,25606,R1,0,79501,79500,2026-06-03T06:14:31,72305,79603,E,41.55539,2.4983492,50,False,,2
2026-06-03T04:11:31Z,5151X78288R2,78288,R2,5,71801,71802,2026-06-03T06:11:29,79200,71700,94.0,41.391396,2.1638093,50,True,,
2026-06-03T04:11:31Z,5151X25704R1,25704,R1,4,79410,79409,2026-06-03T06:14:07,72305,79500,4.0,41.49991,2.388549,50,True,2,2
2026-06-03T04:11:31Z,5151X77204R2S,15804,R2S,1,71602,71603,2026-06-03T06:11:50,79400,71600,E,41.19241,1.6064517,50,False,,2
2026-06-03T04:11:31Z,5151X77200R2S,15046,R2S,4,71709,71707,2026-06-03T06:16:03,79400,71600,E,41.30931,2.0274873,50,False,,
2026-06-03T04:11:31Z,5151X78201R2S,78201,R2S,1,71707,71709,2026-06-03T06:15:45,71703,79400,10.0,41.32846,2.0832682,50,True,,1
2026-06-03T04:11:31Z,5151X30590R15,15000,R15,-16,71600,71801,2026-06-03T07:31:40,79400,71400,8.0,41.18982,1.5789063,50,False,,
2026-06-03T04:11:31Z,5151X77510R4,77510,R4,0,78605,78606,2026-06-03T06:14:00,72204,78600,45.0,41.620174,1.8865736,50,False,,2
2026-06-03T04:11:31Z,5151X77203R2S,77203,R2S,0,71801,71801,2026-06-03T06:11:30,71600,79400,A,41.379513,2.1412146,50,False,,
2026-06-03T04:11:31Z,5151X77402R4,77402,R4,3,72208,72208,2026-06-03T06:16:23,78600,71600,A,41.44866,1.865482,50,False,2,2
2026-06-03T04:11:31Z,5151X25600R1,25600,R1,0,79200,79607,2026-06-03T06:16:23,72305,79200,26.0,41.76093,2.6902719,50,False,,1
2026-06-03T04:11:31Z,5151X77600R4,77600,R4,19,78708,78708,2026-06-03T06:11:57,78600,72209,A,41.48388,2.1847994,50,False,1,1
2026-06-03T04:11:31Z,5151X77502R4,77502,R4,1,72208,72207,2026-06-03T06:17:05,71600,78700,E,41.44866,1.865482,50,False,,1
2026-06-03T04:11:31Z,5151X25402R2N,25402,R2N,0,72400,71707,2026-06-03T06:15:00,79104,72400,E,41.30425,2.0733776,50,True,,4
2026-06-03T04:11:31Z,5151X25701R1,25701,R1,2,78805,78804,2026-06-03T06:13:33,79600,72305,E,41.387875,2.1697214,50,True,,1
2026-06-03T04:11:31Z,5151X77404R4,77404,R4,3,72201,72202,2026-06-03T06:12:35,78600,71600,83.0,41.26466,1.5897362,50,False,,2
2026-06-03T04:11:31Z,5151X25602R1,25602,R1,1,71801,72305,2026-06-03T06:17:47,72305,79603,6.0,41.37815,2.1388586,50,True,,
2026-06-03T04:11:31Z,5151X77602R4,77602,R4,-1,78806,78802,2026-06-03T06:14:15,78600,72209,E,41.42185,2.1869605,50,False,,1
2026-06-03T04:11:31Z,6151X32701C1,32701,C1,0,11305,11306,2026-06-03T06:12:00,11600,11305,E,43.019,-2.3344853,61,False,,1
2026-06-03T04:11:31Z,4751X71080C1,71080,C1,0,05763,05764,2026-06-03T06:13:00,05803,05761,75.0,42.810467,-5.265867,47,False,,
2026-06-03T04:11:31Z,1051X19545C5,19545,C5,0,35012,35002,2026-06-03T06:45:00,35607,35012,E,40.25559,-3.8284667,10,False,1,1
2026-06-03T04:11:31Z,1051X21003C8a,21003,C8a,3,17000,97201,2026-06-03T06:38:00,10203,17000,E,40.47113,-3.6828332,10,False,11,1
2026-06-03T04:11:31Z,1051X21002C8a,21002,C8a,0,10203,10202,2026-06-03T06:28:00,70103,10203,E,40.58532,-4.1321955,10,False,3,2
2026-06-03T04:11:31Z,1051X21001C8a,21001,C8a,8,97201,97200,2026-06-03T06:14:00,10203,17000,E,40.488266,-3.6947744,10,False,1,1
2026-06-03T04:11:31Z,1051X21000C8a,21000,C8a,3,10103,10101,2026-06-03T06:15:00,70200,10203,E,40.574413,-3.9567041,10,False,2,2
2026-06-03T04:11:31Z,1051X20715C5,20715,C5,0,35002,35010,2026-06-03T06:41:00,35607,35002,E,40.283237,-3.7991464,10,False,1,1
2026-06-03T04:11:31Z,1051X20714C5,20714,C5,0,35607,35606,2026-06-03T06:32:00,35002,35607,E,40.330883,-3.8823783,10,False,2,1
2026-06-03T04:11:31Z,1051X21802C7,21802,C7,0,17000,18002,2026-06-03T06:24:00,70103,17000,E,40.47113,-3.6828332,10,False,7,2
2026-06-03T04:11:31Z,1051X21100C10,21100,C10,3,10001,10000,2026-06-03T06:15:00,17000,10200,37.0,40.444145,-3.7585857,10,False,1,1
2026-06-03T04:11:31Z,1051X21800C7,21800,C7,2,70003,70005,2026-06-03T06:14:00,70103,17000,E,40.376156,-3.6561253,10,True,2,2
2026-06-03T04:11:31Z,1051X20710C5,20710,C5,0,35607,35606,2026-06-03T06:22:00,35002,35607,E,40.330883,-3.8823783,10,False,2,1
2026-06-03T04:11:31Z,1051X19541C5,19541,C5,0,35012,35002,2026-06-03T06:35:00,35607,35012,E,40.25559,-3.8284667,10,False,1,1
2026-06-03T04:11:31Z,1051X20709C5,20709,C5,0,35002,35010,2026-06-03T06:16:00,35607,35002,E,40.283237,-3.7991464,10,False,1,1
2026-06-03T04:11:31Z,1051X21509C2,21509,C2,0,70200,70105,2026-06-03T06:33:00,10203,70200,E,40.644257,-3.1823237,10,False,1,1
2026-06-03T04:11:31Z,1051X20209C4a,20209,C4a,2,18002,17000,2026-06-03T06:16:00,19003,37012,20.0,40.45193,-3.691036,10,True,6,3
2026-06-03T04:11:31Z,1051X20208C4,20208,C4,0,37001,37001,2026-06-03T06:13:00,37012,17000,A,40.34132,-3.7123663,10,True,2,2
2026-06-03T04:11:31Z,1051X21508C2,21508,C2,2,18000,70002,2026-06-03T06:15:00,70200,17000,6.0,40.405266,-3.687851,10,False,3,2
2026-06-03T04:11:31Z,1051X20207C4a,20207,C4a,0,19001,19002,2026-06-03T06:14:00,19003,18000,E,40.55402,-3.6837044,10,True,1,1
2026-06-03T04:11:31Z,1051X20417C4b,20417,C4b,0,37002,37010,2026-06-03T06:30:00,17005,37002,E,40.309868,-3.733689,10,True,1,1
2026-06-03T04:11:31Z,1051X20602C8b,20602,C8b,0,12006,12005,2026-06-03T06:33:00,70200,12006,E,40.737614,-4.0662985,10,False,2,1
2026-06-03T04:11:31Z,1051X20206C4,20206,C4,0,37002,37011,2026-06-03T06:14:00,37012,37001,E,40.309868,-3.733689,10,True,2,2
2026-06-03T04:11:31Z,1051X21811C7,21811,C7,0,70103,70111,2026-06-03T06:32:00,10000,70103,E,40.4889,-3.3666708,10,False,5,1
2026-06-03T04:11:31Z,1051X20601C8b,20601,C8b,1,17000,97201,2026-06-03T06:17:00,12006,17000,E,40.47113,-3.6828332,10,False,11,1
2026-06-03T04:11:31Z,1051X21506C2,21506,C2,2,70100,70108,2026-06-03T06:13:00,70200,17000,41.0,40.409954,-3.5814257,10,False,2,2
2026-06-03T04:11:31Z,1051X21505C2,21505,C2,0,70200,70105,2026-06-03T06:20:00,17000,70200,E,40.644257,-3.1823237,10,False,1,1
2026-06-03T04:11:31Z,1051X21504C2,21504,C2,3,70102,70112,2026-06-03T06:15:00,70200,18002,E,40.454636,-3.4796963,10,True,2,2
2026-06-03T04:11:31Z,1051X20600C8b,20600,C8b,2,12004,12002,2026-06-03T06:17:00,70200,12006,17.0,40.692146,-4.0253515,10,False,1,1
2026-06-03T04:11:31Z,1051X21809C7,21809,C7,2,70112,70102,2026-06-03T06:13:00,10000,70103,E,40.464172,-3.4414766,10,True,1,1
2026-06-03T04:11:31Z,1051X21807C7,21807,C7,0,18001,18001,2026-06-03T06:10:00,10000,18000,A,40.42352,-3.6912522,10,False,1,1
2026-06-03T04:11:31Z,1051X20412C4b,20412,C4b,0,17005,17004,2026-06-03T06:46:00,37012,17005,E,40.644844,-3.7762609,10,True,3,3
2026-06-03T04:11:31Z,1051X21503C2,21503,C2,3,70102,70101,2026-06-03T06:15:00,17000,70200,25.0,40.451683,-3.4932716,10,False,1,1
2026-06-03T04:11:31Z,1051X21104C10,21104,C10,0,10200,10104,2026-06-03T06:14:00,17000,10200,E,40.62599,-4.0081153,10,False,4,2
2026-06-03T04:11:31Z,1051X21500C2,21500,C2,11,70104,70105,2026-06-03T06:16:00,70200,17000,E,40.53455,-3.2985828,10,False,2,2
2026-06-03T04:11:31Z,1051X20410C4b,20410,C4b,0,17005,17004,2026-06-03T06:36:00,37012,17005,E,40.644844,-3.7762609,10,True,3,3
2026-06-03T04:11:31Z,1051X20214C4,20214,C4,0,37001,37010,2026-06-03T06:41:00,37012,37001,E,40.34132,-3.7123663,10,False,2,2
2026-06-03T04:11:31Z,1051X20213C4a,20213,C4a,0,18000,18101,2026-06-03T06:34:00,19003,18000,E,40.40654,-3.6895106,10,True,6,1
2026-06-03T04:11:31Z,1051X20212C4a,20212,C4a,1,18101,18000,2026-06-03T06:17:00,37012,19003,E,40.417023,-3.7031636,10,True,2,7
2026-06-03T04:11:31Z,1051X20210C4,20210,C4,0,37001,37010,2026-06-03T06:22:00,37012,37001,E,40.34132,-3.7123663,10,True,2,2
2026-06-03T04:11:31Z,1051X21706C2,21706,C2,0,17000,18002,2026-06-03T06:40:00,70103,17000,E,40.47097,-3.68245,10,False,12,2
2026-06-03T04:11:31Z,1051X20218C4a,20218,C4a,-1,19003,19002,2026-06-03T06:19:00,37012,19003,E,40.546417,-3.6351175,10,True,2,2
2026-06-03T04:11:31Z,1051X20413C4b,20413,C4b,2,37002,37010,2026-06-03T06:12:00,17005,37012,62.0,40.3181,-3.7297795,10,True,1,1
2026-06-03T04:11:31Z,1051X78002C3,78002,C3,0,60200,60200,2026-06-03T06:17:00,60200,17000,A,40.035027,-3.6189713,10,True,3,3
2026-06-03T04:11:31Z,1051X21305C10,21305,C10,0,10005,10005,2026-06-03T06:12:00,17000,10100,A,40.494404,-3.8680208,10,False,1,1
2026-06-03T04:11:31Z,1051X78004C3,78004,C3,0,60104,60105,2026-06-03T06:16:00,60200,17000,E,40.196156,-3.6648214,10,True,2,2
2026-06-03T04:11:31Z,1051X20216C4a,20216,C4a,1,19001,17009,2026-06-03T06:14:00,37012,19003,E,40.55402,-3.6837044,10,True,2,2
2026-06-03T04:11:31Z,1051X78003C3,78003,C3,1,18002,17000,2026-06-03T06:17:00,17000,60200,E,40.4466,-3.6920877,10,True,6,5
2026-06-03T04:11:31Z,1051X78005C3,78005,C3,2,60100,60100,2026-06-03T06:09:00,17000,60200,A,40.352676,-3.6839325,10,True,4,4
2026-06-03T04:11:31Z,1051X21304C10,21304,C10,0,17000,18002,2026-06-03T06:21:00,10100,17000,E,40.470848,-3.682503,10,True,8,4
2026-06-03T04:11:31Z,1051X19508C5,19508,C5,1,18000,18003,2026-06-03T06:12:00,35012,35607,E,40.406326,-3.6896772,10,False,10,2
2026-06-03T04:11:31Z,1051X36202C10,36202,C10,0,17000,18002,2026-06-03T06:36:00,10200,17000,E,40.470848,-3.682503,10,True,8,4
2026-06-03T04:11:31Z,1051X78008C3,78008,C3,0,17000,18002,2026-06-03T06:16:00,60200,17000,E,40.471382,-3.6834786,10,True,2,8
2026-06-03T04:11:31Z,1051X19509C5,19509,C5,0,35608,35608,2026-06-03T06:06:00,35607,35012,A,40.3989,-3.7442265,10,False,2,2
2026-06-03T04:11:31Z,1051X78007C3,78007,C3,2,60102,60109,2026-06-03T06:12:00,17000,60200,E,40.305756,-3.707588,10,False,1,1
2026-06-03T04:11:31Z,1051X78009C3,78009,C3,1,60105,60104,2026-06-03T06:15:00,17000,60200,E,40.159317,-3.6098835,10,False,1,1
2026-06-03T04:11:31Z,1051X19504C5,19504,C5,0,35010,35002,2026-06-03T06:11:00,35012,35607,S,40.29673,-3.7924793,10,False,2,2
2026-06-03T04:11:31Z,1051X19503C5,19503,C5,0,35607,35607,2026-06-03T06:12:00,35607,35012,A,40.330883,-3.8823783,10,False,2,2
2026-06-03T04:11:31Z,1051X21512C2,21512,C2,1,17000,18002,2026-06-03T06:15:00,70200,17000,6.0,40.469433,-3.6830232,10,False,12,2
2026-06-03T04:11:31Z,1051X21510C2,21510,C2,1,18002,18002,2026-06-03T06:10:00,70200,17000,A,40.44655,-3.691473,10,False,2,2
2026-06-03T04:11:31Z,1051X35980C2,35980,C2,0,17000,98003,2026-06-03T06:43:00,70200,17000,E,40.47097,-3.68245,10,True,2,2
2026-06-03T04:11:31Z,1051X20706C5,20706,C5,0,35607,35606,2026-06-03T06:12:00,35002,35607,E,40.330883,-3.8823783,10,False,2,1
2026-06-03T04:11:31Z,1051X20704C5,20704,C5,3,35606,35610,2026-06-03T06:13:00,35002,35607,E,40.32875,-3.8636916,10,False,1,1
2026-06-03T04:11:31Z,1051X20703C5,20703,C5,0,18003,18000,2026-06-03T06:14:00,35607,35002,E,40.39592,-3.6779969,10,False,1,9
2026-06-03T04:11:31Z,1051X20702C5,20702,C5,0,37001,37001,2026-06-03T06:10:00,35002,35607,A,40.34132,-3.7123663,10,False,6,6
2026-06-03T04:11:31Z,1051X19527C5,19527,C5,1,35001,35001,2026-06-03T06:12:00,35607,35012,A,40.328766,-3.7714624,10,False,1,1
2026-06-03T04:11:31Z,1051X19505C5,19505,C5,0,35601,35602,2026-06-03T06:05:00,35607,35012,S,40.38357,-3.7686734,10,False,2,2
2026-06-03T04:11:31Z,1051X19533C5,19533,C5,0,35012,35002,2026-06-03T06:20:00,35607,35012,E,40.25559,-3.8284667,10,False,1,1
2026-06-03T04:11:31Z,1051X19531C5,19531,C5,2,35002,35002,2026-06-03T06:11:00,35607,35012,A,40.283237,-3.7991464,10,False,1,1
2026-06-03T04:11:31Z,1051X19530C5,19530,C5,0,35607,35606,2026-06-03T06:42:00,35012,35607,E,40.330883,-3.8823783,10,False,2,1
2026-06-03T04:11:31Z,1051X20409C4b,20409,C4b,1,17000,17001,2026-06-03T06:15:00,17005,18000,E,40.471325,-3.6833096,10,True,5,1
2026-06-03T04:11:31Z,1051X20408C4b,20408,C4b,0,17005,17004,2026-06-03T06:24:00,37012,17005,E,40.644844,-3.7762609,10,True,3,3
2026-06-03T04:11:31Z,1051X19510C5,19510,C5,0,35601,35600,2026-06-03T06:09:00,35012,35607,S,40.38357,-3.7686734,10,False,1,1
2026-06-03T04:11:31Z,1051X19513C5,19513,C5,1,18000,35609,2026-06-03T06:09:00,35607,35012,E,40.406326,-3.6896772,10,False,9,2
2026-06-03T04:11:31Z,1051X19512C5,19512,C5,2,35604,35603,2026-06-03T06:14:00,35012,35607,E,40.356674,-3.8156087,10,False,1,1
2026-06-03T04:11:31Z,1051X20220C4a,20220,C4a,0,19003,19002,2026-06-03T06:33:00,37012,19003,E,40.546417,-3.6351175,10,True,2,2
2026-06-03T04:11:31Z,1051X19518C5,19518,C5,0,35607,35606,2026-06-03T06:17:00,35012,35607,E,40.330883,-3.8823783,10,False,2,1
2026-06-03T04:11:31Z,1051X20407C4b,20407,C4b,2,17000,17001,2026-06-03T06:08:00,17005,37012,S,40.471325,-3.6833096,10,True,5,1
2026-06-03T04:11:31Z,1051X78010C3,78010,C3,0,17000,18002,2026-06-03T06:33:00,60200,17000,E,40.471382,-3.6834786,10,True,2,8
2026-06-03T04:11:31Z,1051X19515C5,19515,C5,0,35703,35702,2026-06-03T06:12:00,35607,35012,62.0,40.37552,-3.7024374,10,False,1,1
2026-06-03T04:11:31Z,1051X21514C2,21514,C2,0,17000,18002,2026-06-03T06:32:00,70200,17000,E,40.47097,-3.68245,10,False,12,2
2026-06-03T04:11:31Z,1051X35981C2,35981,C2,0,70200,70105,2026-06-03T06:41:00,17000,70200,E,40.644257,-3.1823237,10,False,1,1
2026-06-03T04:11:31Z,1051X19522C5,19522,C5,0,35607,35606,2026-06-03T06:27:00,35012,35607,E,40.330883,-3.8823783,10,False,2,1
2026-06-03T04:11:31Z,1051X20402C4b,20402,C4b,3,17000,18002,2026-06-03T06:14:00,37012,17005,31.0,40.463097,-3.6850815,10,True,2,8
2026-06-03T04:11:31Z,1051X19537C5,19537,C5,0,35012,35002,2026-06-03T06:25:00,35607,35012,E,40.25559,-3.8284667,10,False,1,1
2026-06-03T04:11:31Z,1051X19539C5,19539,C5,0,35012,35002,2026-06-03T06:30:00,35607,35012,E,40.25559,-3.8284667,10,False,1,1
2026-06-03T04:11:31Z,1051X19521C5,19521,C5,0,35009,37001,2026-06-03T06:11:00,35607,35012,S,40.34086,-3.7482634,10,False,1,4
2026-06-03T04:11:31Z,1051X21200C10,21200,C10,0,18001,18000,2026-06-03T06:16:00,10200,17000,E,40.42352,-3.6912522,10,False,2,4
2026-06-03T04:11:31Z,1051X21605C2,21605,C2,2,70104,70107,2026-06-03T06:13:00,12006,70200,56.0,40.51821,-3.3191316,10,False,1,1
2026-06-03T04:11:31Z,1051X21603C2,21603,C2,4,70108,70100,2026-06-03T06:15:00,12006,70200,6.0,40.421494,-3.562911,10,False,1,1
2026-06-03T04:11:31Z,1051X21601C2,21601,C2,5,18002,17000,2026-06-03T06:18:00,12006,70200,E,40.44655,-3.691473,10,False,1,10
2026-06-03T04:11:31Z,1051X35975C2,35975,C2,0,70105,70105,2026-06-03T06:11:00,17000,70200,A,40.56094,-3.2652874,10,False,1,1
2026-06-03T04:11:31Z,1051X19805C1,19805,C1,0,98305,98304,2026-06-03T06:14:00,17000,98305,E,40.4924,-3.593483,10,False,2,1
2026-06-03T04:11:31Z,1051X19804C1,19804,C1,0,17000,98003,2026-06-03T06:39:00,98305,17000,E,40.47102,-3.6825693,10,False,12,2
2026-06-03T04:11:31Z,1051X19807C1,19807,C1,0,98305,98304,2026-06-03T06:29:00,17000,98305,E,40.4924,-3.593483,10,False,2,1
2026-06-03T04:11:31Z,1051X19528C5,19528,C5,0,35607,35606,2026-06-03T06:37:00,35012,35607,E,40.330883,-3.8823783,10,False,2,1
2026-06-03T04:11:31Z,1051X19802C1,19802,C1,0,17000,98003,2026-06-03T06:24:00,98305,17000,E,40.47102,-3.6825693,10,False,12,2
