timestamp_utc,tripId,codTren,codLinea,retrasoMin,codEstAct,codEstSig,horaLlegadaSigEst,codEstDest,codEstOrig,porAvanc,latitud,longitud,nucleo,accesible,via,nextVia
2026-04-30T00:01:06Z,1017J20941C5,20941,C5,0,35606,35607,2026-05-01T01:00:00,35607,35002,S,40.32875,-3.8636916,10,False,2,2
2026-04-30T00:05:44Z,2017J70400C5,70400,C5,0,05443,05441,2026-04-29T05:30:00,15410,05443,E,43.250706,-5.5648093,20,False,1,1
2026-04-30T00:10:48Z,2017J70400C5,70400,C5,0,05443,05441,2026-04-29T05:30:00,15410,05443,E,43.250706,-5.5648093,20,False,1,1
2026-04-30T00:15:50Z,3217J36620C1,36620,C1,0,54516,54516,2026-04-30T02:28:00,54517,54516,A,36.541843,-4.6237864,32,False,1,1
2026-04-30T00:15:50Z,2017J70400C5,70400,C5,0,05443,05441,2026-04-29T05:30:00,15410,05443,E,43.250706,-5.5648093,20,False,1,1
2026-04-30T00:20:51Z,2017J70400C5,70400,C5,0,05443,05441,2026-04-29T05:30:00,15410,05443,E,43.250706,-5.5648093,20,False,1,1
2026-04-30T00:20:51Z,3217J36620C1,36620,C1,0,54516,54516,2026-04-30T02:28:00,54517,54516,A,36.541843,-4.6237864,32,False,1,1
2026-04-30T00:25:40Z,3217J36620C1,36620,C1,0,54516,54516,2026-04-30T02:28:00,54517,54516,A,36.541843,-4.6237864,32,False,1,1
2026-04-30T00:30:53Z,3217J36620C1,36620,C1,0,54514,54514,2026-04-30T02:31:31,54517,54516,A,36.564964,-4.6067243,32,False,1,1
2026-04-30T00:35:41Z,3217J36620C1,36620,C1,0,54513,54513,2026-04-30T02:34:15,54517,54516,A,36.570225,-4.5940194,32,False,2,2
2026-04-30T00:40:44Z,3217J36620C1,36620,C1,2,54511,54511,2026-04-30T02:41:53,54517,54516,A,36.59906,-4.536344,32,False,2,2
2026-04-30T00:45:50Z,3217J36622C1,36622,C1,0,54516,54516,2026-04-30T02:58:00,54517,54516,A,36.541843,-4.6237864,32,False,1,1
2026-04-30T00:50:47Z,3217J36622C1,36622,C1,0,54516,54516,2026-04-30T02:58:00,54517,54516,A,36.541843,-4.6237864,32,False,1,1
2026-04-30T00:50:47Z,3217J36620C1,36620,C1,0,54509,54508,2026-04-30T02:53:46,54517,54516,E,36.622364,-4.49936,32,False,2,2
2026-04-30T00:55:45Z,3217J36622C1,36622,C1,0,54516,54516,2026-04-30T02:58:00,54517,54516,A,36.541843,-4.6237864,32,False,1,1
2026-04-30T00:55:45Z,3217J36620C1,36620,C1,1,54508,54518,2026-04-30T02:56:02,54517,54516,51.0,36.643364,-4.4887304,32,False,2,2
2026-04-30T01:00:58Z,3217J36620C1,36620,C1,2,54520,54505,2026-04-30T03:03:15,54517,54516,16.0,36.661236,-4.4807415,32,False,1,2
2026-04-30T01:05:48Z,3217J36622C1,36622,C1,0,54513,54513,2026-04-30T03:04:29,54517,54516,A,36.570225,-4.5940194,32,False,2,2
2026-04-30T01:05:48Z,3217J36620C1,36620,C1,0,54503,54503,2026-04-30T03:04:25,54517,54516,A,36.69222,-4.48376,32,False,2,2
2026-04-30T01:10:48Z,3217J36622C1,36622,C1,1,54511,54511,2026-04-30T03:11:23,54517,54516,A,36.59906,-4.536344,32,False,2,2
2026-04-30T01:15:46Z,3217J36622C1,36622,C1,2,54511,54510,2026-04-30T03:17:30,54517,54516,8.0,36.599167,-4.5343904,32,False,2,2
2026-04-30T01:20:41Z,3217J36622C1,36622,C1,0,54509,54508,2026-04-30T03:23:44,54517,54516,E,36.622364,-4.49936,32,False,2,2
2026-04-30T01:25:38Z,3217J36622C1,36622,C1,0,54509,54508,2026-04-30T03:23:44,54517,54516,E,36.622364,-4.49936,32,False,2,2
2026-04-30T01:30:56Z,3217J36622C1,36622,C1,0,54505,54505,2026-04-30T03:31:01,54517,54516,A,36.677452,-4.490335,32,False,2,2
2026-04-30T01:35:44Z,3217J36622C1,36622,C1,1,54503,54501,2026-04-30T03:37:38,54517,54516,E,36.69222,-4.48376,32,False,2,2
2026-04-30T01:40:49Z,3217J36622C1,36622,C1,2,54501,54413,2026-04-30T03:42:24,54517,54516,S,36.70121,-4.454409,32,False,2,11
2026-04-30T01:45:42Z,3217J36622C1,36622,C1,2,54501,54413,2026-04-30T03:42:24,54517,54516,S,36.70121,-4.454409,32,False,2,11
2026-04-30T01:50:48Z,3217J36622C1,36622,C1,2,54501,54413,2026-04-30T03:42:24,54517,54516,S,36.70121,-4.454409,32,False,2,11
2026-04-30T01:55:41Z,3217J36622C1,36622,C1,2,54501,54413,2026-04-30T03:42:24,54517,54516,S,36.70121,-4.454409,32,False,2,11
2026-04-30T02:01:00Z,1017J21815C7,21815,C7,0,70103,70111,2026-04-30T07:14:00,10000,70103,E,40.4889,-3.3666708,10,False,5,1
2026-04-30T02:01:00Z,1017J21811C7,21811,C7,0,70103,70111,2026-04-30T06:32:00,10000,70103,E,40.4889,-3.3666708,10,False,5,1
2026-04-30T02:05:45Z,1017J21811C7,21811,C7,0,70103,70111,2026-04-30T06:32:00,10000,70103,E,40.4889,-3.3666708,10,False,5,1
2026-04-30T02:05:45Z,1017J21815C7,21815,C7,0,70103,70111,2026-04-30T07:14:00,10000,70103,E,40.4889,-3.3666708,10,False,5,1
2026-04-30T02:10:42Z,1017J21815C7,21815,C7,0,70103,70111,2026-04-30T07:14:00,10000,70103,E,40.4889,-3.3666708,10,False,5,1
2026-04-30T02:10:42Z,1017J21811C7,21811,C7,0,70103,70111,2026-04-30T06:32:00,10000,70103,E,40.4889,-3.3666708,10,False,5,1
2026-04-30T02:15:50Z,1017J21811C7,21811,C7,0,70103,70111,2026-04-30T06:32:00,10000,70103,E,40.4889,-3.3666708,10,False,5,1
2026-04-30T02:15:50Z,1017J21815C7,21815,C7,0,70103,70111,2026-04-30T07:14:00,10000,70103,E,40.4889,-3.3666708,10,False,5,1
2026-04-30T02:20:40Z,1017J21811C7,21811,C7,0,70103,70111,2026-04-30T06:32:00,10000,70103,E,40.4889,-3.3666708,10,False,5,1
2026-04-30T02:20:40Z,1017J21815C7,21815,C7,0,70103,70111,2026-04-30T07:14:00,10000,70103,E,40.4889,-3.3666708,10,False,5,1
2026-04-30T02:25:42Z,3217J36624C1,36624,C1,0,54516,54516,2026-04-30T04:38:00,54517,54516,A,36.541843,-4.6237864,32,False,1,1
2026-04-30T02:25:42Z,1017J20203C4a,20203,C4a,0,18000,18101,2026-04-30T04:57:00,19003,18000,E,40.40654,-3.6895106,10,True,6,1
2026-04-30T02:30:56Z,3217J36624C1,36624,C1,0,54516,54516,2026-04-30T04:38:00,54517,54516,A,36.541843,-4.6237864,32,False,1,1
2026-04-30T02:30:56Z,5117J78280R2,78280,R2,0,71700,71700,2026-04-30T04:45:00,79200,71700,A,41.27745,1.9777229,50,True,,
2026-04-30T02:30:56Z,5117J87000R3,87000,R3,0,78802,78802,2026-04-30T04:45:00,77006,78802,A,41.430275,2.1831505,50,False,1,1
2026-04-30T02:30:56Z,1017J19502C5,19502,C5,0,35607,35606,2026-04-30T05:01:00,35012,35607,E,40.330883,-3.8823783,10,False,2,1
2026-04-30T02:30:56Z,1017J21601C2,21601,C2,0,70200,70105,2026-04-30T05:05:00,12006,70200,E,40.644257,-3.1823237,10,True,1,1
2026-04-30T02:30:56Z,1017J20203C4a,20203,C4a,0,18000,18101,2026-04-30T04:57:00,19003,18000,E,40.40654,-3.6895106,10,True,6,1
2026-04-30T02:30:56Z,1017J21500C2,21500,C2,0,17000,18002,2026-04-30T05:04:00,70200,17000,E,40.47097,-3.68245,10,False,12,2
2026-04-30T02:35:46Z,3217J36624C1,36624,C1,0,54516,54516,2026-04-30T04:38:00,54517,54516,A,36.541843,-4.6237864,32,False,1,1
2026-04-30T02:35:46Z,5117J78280R2,78280,R2,0,71700,71700,2026-04-30T04:45:00,79200,71700,A,41.27745,1.9777229,50,True,,
2026-04-30T02:35:46Z,5117J87001R3,87001,R3,0,78802,78802,2026-04-30T04:50:00,77105,78802,A,41.430275,2.1831505,50,False,1,1
2026-04-30T02:35:46Z,5117J87000R3,87000,R3,0,78802,78802,2026-04-30T04:45:00,77006,78802,A,41.430275,2.1831505,50,False,1,1
2026-04-30T02:35:46Z,5117J87002R3,87002,R3,0,78802,78802,2026-04-30T04:50:00,77105,78802,A,41.430275,2.1831505,50,False,1,1
2026-04-30T02:35:46Z,1017J19502C5,19502,C5,0,35607,35606,2026-04-30T05:01:00,35012,35607,E,40.330883,-3.8823783,10,False,2,1
2026-04-30T02:35:46Z,1017J20203C4a,20203,C4a,-2,18000,18101,2026-04-30T04:55:00,19003,18000,E,40.40654,-3.6895106,10,True,6,1
2026-04-30T02:35:46Z,1017J21601C2,21601,C2,0,70200,70105,2026-04-30T05:05:00,12006,70200,E,40.644257,-3.1823237,10,True,1,1
2026-04-30T02:35:46Z,1017J21500C2,21500,C2,0,17000,18002,2026-04-30T05:04:00,70200,17000,E,40.47097,-3.68245,10,False,12,2
2026-04-30T02:40:50Z,3217J36624C1,36624,C1,0,54514,54514,2026-04-30T04:41:54,54517,54516,A,36.564964,-4.6067243,32,False,1,1
2026-04-30T02:40:50Z,5117J78280R2,78280,R2,0,71700,71700,2026-04-30T04:45:00,79200,71700,A,41.27745,1.9777229,50,True,,
2026-04-30T02:40:50Z,5117J87001R3,87001,R3,0,78802,78802,2026-04-30T04:50:00,77105,78802,A,41.430275,2.1831505,50,False,1,1
2026-04-30T02:40:50Z,5117J87002R3,87002,R3,0,78802,78802,2026-04-30T04:50:00,77105,78802,A,41.430275,2.1831505,50,False,1,1
2026-04-30T02:40:50Z,5117J87000R3,87000,R3,0,78802,78802,2026-04-30T04:45:00,77006,78802,A,41.430275,2.1831505,50,False,1,1
2026-04-30T02:40:50Z,1017J21703C2,21703,C2,0,70103,70111,2026-04-30T05:08:00,10203,70103,E,40.489193,-3.3662832,10,False,5,1
2026-04-30T02:40:50Z,1017J20203C4a,20203,C4a,-2,18000,18101,2026-04-30T04:55:00,19003,18000,E,40.40654,-3.6895106,10,True,6,1
2026-04-30T02:40:50Z,1017J21700C7,21700,C7,0,17000,18002,2026-04-30T05:14:00,18000,17000,E,40.47113,-3.6828332,10,True,7,2
2026-04-30T02:40:50Z,1017J20403C4b,20403,C4b,0,17000,17001,2026-04-30T05:10:00,17005,17000,E,40.471325,-3.6833096,10,True,5,1
2026-04-30T02:40:50Z,1017J21601C2,21601,C2,0,70200,70105,2026-04-30T05:05:00,12006,70200,E,40.644257,-3.1823237,10,True,1,1
2026-04-30T02:40:50Z,1017J21500C2,21500,C2,0,17000,18002,2026-04-30T05:04:00,70200,17000,E,40.47097,-3.68245,10,False,12,2
2026-04-30T02:40:50Z,1017J19502C5,19502,C5,0,35607,35606,2026-04-30T05:01:00,35012,35607,E,40.330883,-3.8823783,10,False,2,1
2026-04-30T02:45:45Z,5117J28400R2N,28400,R2N,0,79100,79100,2026-04-30T04:59:00,72400,79100,A,41.59969,2.291611,50,True,6,6
2026-04-30T02:45:45Z,5117J77502R4,77502,R4,0,78705,78705,2026-04-30T04:45:54,71600,78700,A,41.513508,2.1183457,50,False,2,2
2026-04-30T02:45:45Z,5117J87002R3,87002,R3,0,78802,78802,2026-04-30T04:50:00,77105,78802,A,41.430275,2.1831505,50,False,1,1
2026-04-30T02:45:45Z,5117J87001R3,87001,R3,0,78802,78802,2026-04-30T04:50:00,77105,78802,A,41.430275,2.1831505,50,False,1,1
2026-04-30T02:45:45Z,6017J26500C3,26500,C3,0,13200,13200,2026-04-30T05:00:00,13100,13200,A,43.260048,-2.928512,60,False,,
2026-04-30T02:45:45Z,1017J21703C2,21703,C2,0,70103,70111,2026-04-30T05:08:00,10203,70103,E,40.489193,-3.3662832,10,False,5,1
2026-04-30T02:45:45Z,1017J19504C5,19504,C5,0,35607,35606,2026-04-30T05:16:00,35012,35607,E,40.330883,-3.8823783,10,False,2,1
2026-04-30T02:45:45Z,1017J19503C5,19503,C5,0,35012,35002,2026-04-30T05:16:00,35607,35012,E,40.25559,-3.8284667,10,False,1,1
2026-04-30T02:45:45Z,1017J21700C7,21700,C7,0,17000,18002,2026-04-30T05:14:00,18000,17000,E,40.47113,-3.6828332,10,True,7,2
2026-04-30T02:45:45Z,1017J20203C4a,20203,C4a,-2,18000,18101,2026-04-30T04:55:00,19003,18000,E,40.40654,-3.6895106,10,True,6,1
2026-04-30T02:45:45Z,1017J21601C2,21601,C2,0,70200,70105,2026-04-30T05:05:00,12006,70200,E,40.644257,-3.1823237,10,True,1,1
2026-04-30T02:45:45Z,1017J20403C4b,20403,C4b,0,17000,17001,2026-04-30T05:10:00,17005,17000,E,40.471325,-3.6833096,10,True,5,1
2026-04-30T02:45:45Z,1017J78002C3,78002,C3,0,17000,18002,2026-04-30T05:16:00,60200,17000,E,40.471382,-3.6834786,10,True,2,8
2026-04-30T02:45:45Z,1017J21500C2,21500,C2,0,17000,18002,2026-04-30T05:04:00,70200,17000,E,40.47097,-3.68245,10,False,12,2
2026-04-30T02:45:45Z,1017J19502C5,19502,C5,0,35607,35606,2026-04-30T05:01:00,35012,35607,E,40.330883,-3.8823783,10,False,2,1
2026-04-30T02:50:44Z,5117J87003R3,87003,R3,0,78802,78802,2026-04-30T05:05:00,77006,78802,A,41.430275,2.1831505,50,False,1,1
2026-04-30T02:50:44Z,5117J78280R2,78280,R2,4,71701,71701,2026-04-30T04:55:03,79200,71700,A,41.27745,1.9777229,50,True,2,2
2026-04-30T02:50:44Z,5117J87959R3,87959,R3,0,77006,77006,2026-04-30T05:05:00,78802,77006,A,41.61151,2.276686,50,False,,
2026-04-30T02:50:44Z,5117J28400R2N,28400,R2N,0,79100,79100,2026-04-30T04:59:00,72400,79100,A,41.59969,2.291611,50,True,6,6
2026-04-30T02:50:44Z,6017J26500C3,26500,C3,0,13200,13200,2026-04-30T05:00:00,13100,13200,A,43.260048,-2.928512,60,False,,
2026-04-30T02:50:44Z,6017J26501C3,26501,C3,0,13100,13100,2026-04-30T05:01:00,13200,13100,A,42.99472,-3.0158784,60,False,2,2
2026-04-30T02:50:44Z,6017J26100C1,26100,C1,0,13405,13405,2026-04-30T05:05:00,13200,13405,A,43.328575,-3.0296164,60,False,1,1
2026-04-30T02:50:44Z,1017J21703C2,21703,C2,0,70103,70111,2026-04-30T05:08:00,10203,70103,E,40.489193,-3.3662832,10,False,5,1
2026-04-30T02:50:44Z,1017J19504C5,19504,C5,0,35607,35606,2026-04-30T05:16:00,35012,35607,E,40.330883,-3.8823783,10,False,2,1
2026-04-30T02:50:44Z,1017J21700C7,21700,C7,0,17000,18002,2026-04-30T05:14:00,18000,17000,E,40.47113,-3.6828332,10,True,7,2
2026-04-30T02:50:44Z,1017J19503C5,19503,C5,0,35012,35002,2026-04-30T05:16:00,35607,35012,E,40.25559,-3.8284667,10,False,1,1
2026-04-30T02:50:44Z,1017J20203C4a,20203,C4a,-2,18000,18101,2026-04-30T04:55:00,19003,18000,E,40.40654,-3.6895106,10,True,6,1
2026-04-30T02:50:44Z,1017J21601C2,21601,C2,0,70200,70105,2026-04-30T05:05:00,12006,70200,E,40.644257,-3.1823237,10,True,1,1
2026-04-30T02:50:44Z,1017J19799C1,19799,C1,0,18000,18001,2026-04-30T05:18:00,98305,18000,E,40.470993,-3.6825814,10,False,1,1
2026-04-30T02:50:44Z,1017J78002C3,78002,C3,0,17000,18002,2026-04-30T05:16:00,60200,17000,E,40.471382,-3.6834786,10,True,2,8
2026-04-30T02:50:44Z,1017J21501C2,21501,C2,0,70200,70105,2026-04-30T05:24:00,10203,70200,E,40.644257,-3.1823237,10,True,1,1
2026-04-30T02:50:44Z,1017J20403C4b,20403,C4b,0,17000,17001,2026-04-30T05:10:00,17005,17000,E,40.471325,-3.6833096,10,True,5,1
2026-04-30T02:50:44Z,1017J21500C2,21500,C2,0,17000,18002,2026-04-30T05:04:00,70200,17000,E,40.47097,-3.68245,10,False,12,2
2026-04-30T02:50:44Z,1017J19502C5,19502,C5,0,35607,35606,2026-04-30T05:01:00,35012,35607,E,40.330883,-3.8823783,10,False,2,1
2026-04-30T02:55:38Z,3017J23500C1,23500,C1,0,51003,51003,2026-04-30T05:08:00,51203,51003,A,37.392567,-5.9749837,30,False,9,9
2026-04-30T02:55:38Z,3217J36624C1,36624,C1,0,54510,54510,2026-04-30T04:56:16,54517,54516,A,36.60992,-4.5154014,32,False,2,2
2026-04-30T02:55:38Z,5117J87003R3,87003,R3,0,78802,78802,2026-04-30T05:05:00,77006,78802,A,41.430275,2.1831505,50,False,1,1
2026-04-30T02:55:38Z,5117J87959R3,87959,R3,0,77006,77006,2026-04-30T05:05:00,78802,77006,A,41.61151,2.276686,50,False,,
2026-04-30T02:55:38Z,5117J78280R2,78280,R2,4,71701,71703,2026-04-30T05:03:07,79200,71700,E,41.27745,1.9777229,50,True,2,2
2026-04-30T02:55:38Z,5117J28400R2N,28400,R2N,0,79100,79100,2026-04-30T04:59:00,72400,79100,A,41.59969,2.291611,50,True,6,6
2026-04-30T02:55:38Z,6017J26000C2,26000,C2,0,13506,13506,2026-04-30T05:10:00,13200,13506,A,43.321514,-3.1123157,60,False,1,1
2026-04-30T02:55:38Z,6017J26501C3,26501,C3,0,13100,13100,2026-04-30T05:01:00,13200,13100,A,42.99472,-3.0158784,60,False,2,2
2026-04-30T02:55:38Z,6017J26500C3,26500,C3,0,13200,13200,2026-04-30T05:00:00,13100,13200,A,43.260048,-2.928512,60,False,,
2026-04-30T02:55:38Z,6017J26100C1,26100,C1,0,13405,13405,2026-04-30T05:05:00,13200,13405,A,43.328575,-3.0296164,60,False,1,1
2026-04-30T02:55:38Z,6017J26001C2,26001,C2,0,13200,13200,2026-04-30T05:10:00,13506,13200,A,43.260166,-2.9285789,60,False,,
2026-04-30T02:55:38Z,1017J21703C2,21703,C2,0,70103,70111,2026-04-30T05:08:00,10203,70103,E,40.489193,-3.3662832,10,False,5,1
2026-04-30T02:55:38Z,1017J19503C5,19503,C5,0,35012,35002,2026-04-30T05:16:00,35607,35012,E,40.25559,-3.8284667,10,False,1,1
2026-04-30T02:55:38Z,1017J21700C7,21700,C7,0,17000,18002,2026-04-30T05:14:00,18000,17000,E,40.47113,-3.6828332,10,True,7,2
2026-04-30T02:55:38Z,1017J19505C5,19505,C5,0,35012,35002,2026-04-30T05:25:00,35607,35012,E,40.25559,-3.8284667,10,False,1,1
2026-04-30T02:55:38Z,1017J20203C4a,20203,C4a,0,18000,18101,2026-04-30T04:57:00,19003,18000,E,40.40654,-3.6895106,10,True,6,1
2026-04-30T02:55:38Z,1017J21601C2,21601,C2,0,70200,70105,2026-04-30T05:05:00,12006,70200,E,40.644257,-3.1823237,10,True,1,1
2026-04-30T02:55:38Z,1017J78002C3,78002,C3,0,17000,18002,2026-04-30T05:16:00,60200,17000,E,40.471382,-3.6834786,10,True,2,8
2026-04-30T02:55:38Z,1017J19799C1,19799,C1,0,18000,18001,2026-04-30T05:18:00,98305,18000,E,40.470993,-3.6825814,10,False,1,1
2026-04-30T02:55:38Z,1017J19504C5,19504,C5,0,35607,35606,2026-04-30T05:16:00,35012,35607,E,40.330883,-3.8823783,10,False,2,1
2026-04-30T02:55:38Z,1017J20405C4b,20405,C4b,0,18000,18101,2026-04-30T05:27:00,17005,18000,E,40.40654,-3.6895106,10,True,6,1
2026-04-30T02:55:38Z,1017J21501C2,21501,C2,0,70200,70105,2026-04-30T05:24:00,10203,70200,E,40.644257,-3.1823237,10,True,1,1
2026-04-30T02:55:38Z,1017J21500C2,21500,C2,0,17000,18002,2026-04-30T05:04:00,70200,17000,E,40.47097,-3.68245,10,False,12,2
2026-04-30T02:55:38Z,1017J20403C4b,20403,C4b,0,17000,17001,2026-04-30T05:10:00,17005,17000,E,40.471325,-3.6833096,10,True,5,1
2026-04-30T02:55:38Z,1017J19502C5,19502,C5,0,35607,35606,2026-04-30T05:01:00,35012,35607,E,40.330883,-3.8823783,10,False,2,1
2026-04-30T03:00:58Z,3017J23500C1,23500,C1,0,51003,51003,2026-04-30T05:08:00,51203,51003,A,37.392567,-5.9749837,30,False,9,9
2026-04-30T03:00:58Z,3217J36624C1,36624,C1,0,54509,54508,2026-04-30T05:04:00,54517,54516,E,36.622364,-4.49936,32,False,2,2
2026-04-30T03:00:58Z,5117J77502R4,77502,R4,1,78800,78801,2026-04-30T05:02:38,71600,78700,E,41.470253,2.1794534,50,False,5,2
2026-04-30T03:00:58Z,5117J87003R3,87003,R3,0,78802,78802,2026-04-30T05:05:00,77006,78802,A,41.430275,2.1831505,50,False,1,1
2026-04-30T03:00:58Z,5117J78282R2,78282,R2,0,71700,71700,2026-04-30T05:14:00,79104,71700,A,41.27745,1.9777229,50,True,,
2026-04-30T03:00:58Z,5117J25602R1,25602,R1,1,79603,79602,2026-04-30T05:04:39,72305,79603,5.0,41.613914,2.66396,50,True,1,1
2026-04-30T03:00:58Z,5117J87959R3,87959,R3,0,77006,77006,2026-04-30T05:05:00,78802,77006,A,41.61151,2.276686,50,False,,
2026-04-30T03:00:58Z,6017J26100C1,26100,C1,0,13405,13405,2026-04-30T05:05:00,13200,13405,A,43.328575,-3.0296164,60,False,1,1
2026-04-30T03:00:58Z,6017J26000C2,26000,C2,0,13506,13506,2026-04-30T05:10:00,13200,13506,A,43.321514,-3.1123157,60,False,1,1
2026-04-30T03:00:58Z,6017J26001C2,26001,C2,0,13200,13200,2026-04-30T05:10:00,13506,13200,A,43.260166,-2.9285789,60,False,,
2026-04-30T03:00:58Z,6017J26501C3,26501,C3,0,13100,13100,2026-04-30T05:01:00,13200,13100,A,42.99472,-3.0158784,60,False,2,2
2026-04-30T03:00:58Z,6017J26500C3,26500,C3,1,13200,13120,2026-04-30T05:02:56,13100,13200,S,43.260048,-2.928512,60,False,,2
2026-04-30T03:00:58Z,6217J71150C2,71150,C2,0,14223,14223,2026-04-30T05:15:00,05637,14223,A,43.45811,-3.8111749,62,True,2AM,2AM
2026-04-30T03:00:58Z,1017J21703C2,21703,C2,0,70103,70111,2026-04-30T05:08:00,10203,70103,E,40.489193,-3.3662832,10,False,5,1
2026-04-30T03:00:58Z,1017J19509C5,19509,C5,0,35012,35002,2026-04-30T05:33:00,35607,35012,E,40.25559,-3.8284667,10,False,1,1
2026-04-30T03:00:58Z,1017J21603C2,21603,C2,0,70200,70105,2026-04-30T05:34:00,12006,70200,E,40.644257,-3.1823237,10,False,1,1
2026-04-30T03:00:58Z,1017J19504C5,19504,C5,0,35607,35606,2026-04-30T05:16:00,35012,35607,E,40.330883,-3.8823783,10,False,2,1
2026-04-30T03:00:58Z,1017J21701C2,21701,C2,0,18000,18001,2026-04-30T05:32:00,17000,18000,E,40.40667,-3.689395,10,True,2,1
2026-04-30T03:00:58Z,1017J21700C7,21700,C7,0,17000,18002,2026-04-30T05:14:00,18000,17000,E,40.47113,-3.6828332,10,True,7,2
2026-04-30T03:00:58Z,1017J19503C5,19503,C5,0,35012,35002,2026-04-30T05:16:00,35607,35012,E,40.25559,-3.8284667,10,False,1,1
2026-04-30T03:00:58Z,1017J19505C5,19505,C5,0,35012,35002,2026-04-30T05:25:00,35607,35012,E,40.25559,-3.8284667,10,False,1,1
2026-04-30T03:00:58Z,1017J21601C2,21601,C2,1,70200,70105,2026-04-30T05:06:00,12006,70200,36.0,40.614113,-3.2120569,10,True,1,1
2026-04-30T03:00:58Z,1017J78002C3,78002,C3,0,17000,18002,2026-04-30T05:16:00,60200,17000,E,40.471382,-3.6834786,10,True,2,8
2026-04-30T03:00:58Z,1017J78004C3,78004,C3,0,17000,18002,2026-04-30T05:33:00,60200,17000,E,40.471382,-3.6834786,10,True,2,8
2026-04-30T03:00:58Z,1017J21501C2,21501,C2,0,70200,70105,2026-04-30T05:24:00,10203,70200,E,40.644257,-3.1823237,10,True,1,1
2026-04-30T03:00:58Z,1017J21500C2,21500,C2,0,17000,18002,2026-04-30T05:04:00,70200,17000,E,40.47097,-3.68245,10,False,12,2
2026-04-30T03:00:58Z,1017J19502C5,19502,C5,0,35606,35606,2026-04-30T05:01:00,35012,35607,A,40.32875,-3.8636916,10,False,1,1
2026-04-30T03:00:58Z,1017J20403C4b,20403,C4b,0,17000,17001,2026-04-30T05:10:00,17005,17000,E,40.471325,-3.6833096,10,True,5,1
2026-04-30T03:00:58Z,1017J20203C4a,20203,C4a,3,18101,18002,2026-04-30T05:05:00,19003,18000,17.0,40.42166,-3.7000713,10,True,1,6
2026-04-30T03:00:58Z,1017J20204C4,20204,C4,0,17000,18002,2026-04-30T05:30:00,37012,17000,E,40.471325,-3.6833096,10,True,2,8
2026-04-30T03:00:58Z,1017J20702C5,20702,C5,0,35607,35606,2026-04-30T05:30:00,35002,35607,E,40.330883,-3.8823783,10,False,2,1
2026-04-30T03:00:58Z,1017J19799C1,19799,C1,0,18000,18001,2026-04-30T05:18:00,98305,18000,E,40.470993,-3.6825814,10,False,1,1
2026-04-30T03:00:58Z,1017J20405C4b,20405,C4b,0,18000,18101,2026-04-30T05:27:00,17005,18000,E,40.40654,-3.6895106,10,True,6,1
2026-04-30T03:05:43Z,3017J23501C1,23501,C1,0,51003,51003,2026-04-30T05:20:00,50600,51003,A,37.392567,-5.9749837,30,False,8,8
2026-04-30T03:05:43Z,3017J23500C1,23500,C1,0,51003,51003,2026-04-30T05:08:00,51203,51003,A,37.392567,-5.9749837,30,False,9,9
2026-04-30T03:05:43Z,3217J23303C1,23303,C1,0,54517,54517,2026-04-30T05:20:00,54516,54517,A,36.715366,-4.4266005,32,False,1,1
2026-04-30T03:05:43Z,4017J36101C2,36101,C2,0,64100,64100,2026-04-30T05:10:00,64006,64100,A,38.992313,-0.5246103,40,False,1,1
2026-04-30T03:05:43Z,5117J28400R2N,28400,R2N,1,79007,79006,2026-04-30T05:08:29,72400,79100,E,41.54973,2.2454193,50,True,2,2
2026-04-30T03:05:43Z,5117J78280R2,78280,R2,7,71703,71703,2026-04-30T05:05:48,79200,71700,A,41.27745,1.9777229,50,True,2,2
2026-04-30T03:05:43Z,5117J77502R4,77502,R4,4,78801,78802,2026-04-30T05:08:30,71600,78700,2.0,41.46048,2.1815236,50,False,2,2
2026-04-30T03:05:43Z,5117J87005R3,87005,R3,0,78802,78802,2026-04-30T05:20:00,77105,78802,A,41.430275,2.1831505,50,False,1,1
2026-04-30T03:05:43Z,5117J77602R4,77602,R4,0,72209,72209,2026-04-30T05:18:00,78700,72209,A,41.47872,1.9255537,50,False,4,4
2026-04-30T03:05:43Z,5117J87006R3,87006,R3,0,78802,78802,2026-04-30T05:20:00,77105,78802,A,41.430275,2.1831505,50,False,1,1
2026-04-30T03:05:43Z,6017J26502C3,26502,C3,0,13200,13200,2026-04-30T05:20:00,13100,13200,A,43.260048,-2.928512,60,False,,
2026-04-30T03:05:43Z,6017J26000C2,26000,C2,0,13506,13506,2026-04-30T05:10:00,13200,13506,A,43.321514,-3.1123157,60,False,1,1
2026-04-30T03:05:43Z,6017J26001C2,26001,C2,0,13200,13200,2026-04-30T05:10:00,13506,13200,A,43.260166,-2.9285789,60,False,,
2026-04-30T03:05:43Z,6217J71150C2,71150,C2,0,14223,14223,2026-04-30T05:15:00,05637,14223,A,43.45811,-3.8111749,62,True,2AM,2AM
2026-04-30T03:05:43Z,1017J78002C3,78002,C3,0,17000,18002,2026-04-30T05:16:00,60200,17000,E,40.471382,-3.6834786,10,True,2,8
2026-04-30T03:05:43Z,1017J20702C5,20702,C5,0,35607,35606,2026-04-30T05:30:00,35002,35607,E,40.330883,-3.8823783,10,False,2,1
2026-04-30T03:05:43Z,1017J78004C3,78004,C3,0,17000,18002,2026-04-30T05:33:00,60200,17000,E,40.471382,-3.6834786,10,True,2,8
2026-04-30T03:05:43Z,1017J21603C2,21603,C2,0,70200,70105,2026-04-30T05:34:00,12006,70200,E,40.644257,-3.1823237,10,False,1,1
2026-04-30T03:05:43Z,1017J19509C5,19509,C5,0,35012,35002,2026-04-30T05:33:00,35607,35012,E,40.25559,-3.8284667,10,False,1,1
2026-04-30T03:05:43Z,1017J19504C5,19504,C5,0,35607,35606,2026-04-30T05:16:00,35012,35607,E,40.330883,-3.8823783,10,False,2,1
2026-04-30T03:05:43Z,1017J20405C4b,20405,C4b,0,18000,18101,2026-04-30T05:27:00,17005,18000,E,40.40654,-3.6895106,10,True,6,1
2026-04-30T03:05:43Z,1017J19503C5,19503,C5,0,35012,35002,2026-04-30T05:16:00,35607,35012,E,40.25559,-3.8284667,10,False,1,1
2026-04-30T03:05:43Z,1017J19505C5,19505,C5,0,35012,35002,2026-04-30T05:25:00,35607,35012,E,40.25559,-3.8284667,10,False,1,1
2026-04-30T03:05:43Z,1017J20403C4b,20403,C4b,0,17000,17001,2026-04-30T05:10:00,17005,17000,E,40.471325,-3.6833096,10,True,5,1
2026-04-30T03:05:43Z,1017J19799C1,19799,C1,0,18000,18001,2026-04-30T05:18:00,98305,18000,E,40.470993,-3.6825814,10,False,1,1
2026-04-30T03:05:43Z,1017J21501C2,21501,C2,0,70200,70105,2026-04-30T05:24:00,10203,70200,E,40.644257,-3.1823237,10,True,1,1
2026-04-30T03:05:43Z,1017J20204C4,20204,C4,0,17000,18002,2026-04-30T05:30:00,37012,17000,E,40.471325,-3.6833096,10,True,2,8
2026-04-30T03:05:43Z,1017J21601C2,21601,C2,0,70105,70104,2026-04-30T05:09:00,12006,70200,E,40.56094,-3.2652874,10,False,1,1
2026-04-30T03:05:43Z,1017J20203C4a,20203,C4a,0,17000,17000,2026-04-30T05:09:00,19003,18000,A,40.471325,-3.6833096,10,True,3,3
2026-04-30T03:05:43Z,1017J21500C2,21500,C2,4,17000,18002,2026-04-30T05:08:00,70200,17000,39.0,40.461124,-3.686015,10,True,12,2
2026-04-30T03:05:43Z,1017J19502C5,19502,C5,0,35605,35605,2026-04-30T05:06:00,35012,35607,A,40.3503,-3.8317595,10,False,1,1
2026-04-30T03:05:43Z,1017J21100C10,21100,C10,0,10200,10104,2026-04-30T05:34:00,17000,10200,E,40.62599,-4.0081153,10,False,4,2
2026-04-30T03:05:43Z,1017J21703C2,21703,C2,0,70103,70111,2026-04-30T05:08:00,10203,70103,E,40.489193,-3.3662832,10,False,5,1
2026-04-30T03:05:43Z,1017J21504C2,21504,C2,0,18002,18001,2026-04-30T05:36:00,70200,18002,E,40.44655,-3.691473,10,False,2,2
2026-04-30T03:05:43Z,1017J21503C2,21503,C2,0,70200,70105,2026-04-30T05:43:00,17000,70200,E,40.644257,-3.1823237,10,False,1,1
2026-04-30T03:05:43Z,1017J21701C2,21701,C2,0,18000,18001,2026-04-30T05:32:00,17000,18000,E,40.40667,-3.689395,10,True,2,1
2026-04-30T03:05:43Z,1017J21700C7,21700,C7,0,17000,18002,2026-04-30T05:14:00,18000,17000,E,40.47113,-3.6828332,10,True,7,2
2026-04-30T03:10:52Z,3017J23501C1,23501,C1,0,51003,51003,2026-04-30T05:20:00,50600,51003,A,37.392567,-5.9749837,30,False,8,8
2026-04-30T03:10:52Z,3217J23303C1,23303,C1,0,54517,54517,2026-04-30T05:20:00,54516,54517,A,36.715366,-4.4266005,32,False,1,1
2026-04-30T03:10:52Z,5117J77502R4,77502,R4,3,78806,78804,2026-04-30T05:17:08,71600,78700,E,41.42185,2.1869605,50,False,2,2
2026-04-30T03:10:52Z,5117J25702R1,25702,R1,1,79409,79409,2026-04-30T05:10:55,72305,79500,A,41.487606,2.3548977,50,True,2,2
2026-04-30T03:10:52Z,5117J28400R2N,28400,R2N,3,79006,79011,2026-04-30T05:13:44,72400,79100,E,41.533474,2.2177799,50,True,2,2
2026-04-30T03:10:52Z,5117J87005R3,87005,R3,0,78802,78802,2026-04-30T05:20:00,77105,78802,A,41.430275,2.1831505,50,False,1,1
2026-04-30T03:10:52Z,5117J77400R4,77400,R4,1,72202,72202,2026-04-30T05:10:41,78700,71600,A,41.273575,1.6003745,50,False,2,2
2026-04-30T03:10:52Z,5117J77602R4,77602,R4,0,72209,72209,2026-04-30T05:18:00,78700,72209,A,41.47872,1.9255537,50,False,4,4
2026-04-30T03:10:52Z,5117J87006R3,87006,R3,0,78802,78802,2026-04-30T05:20:00,77105,78802,A,41.430275,2.1831505,50,False,1,1
2026-04-30T03:10:52Z,5117J77402R4,77402,R4,0,71600,71600,2026-04-30T05:25:00,78700,71600,A,41.186302,1.5250856,50,False,,
2026-04-30T03:10:52Z,5117J77504R4,77504,R4,-1,78703,78703,2026-04-30T05:12:05,71600,78700,A,41.528614,2.1051986,50,False,2,2
2026-04-30T03:10:52Z,5117J28557R2N,28557,R2N,-1,71801,71801,2026-04-30T05:11:23,72400,79400,A,41.37954,2.1411655,50,True,12,12
2026-04-30T03:10:52Z,5117J87960R3,87960,R3,0,77006,77006,2026-04-30T05:25:00,78802,77006,A,41.61151,2.276686,50,False,,
2026-04-30T03:10:52Z,5117J87004R3,87004,R3,0,78802,78802,2026-04-30T05:25:00,77006,78802,A,41.430275,2.1831505,50,False,1,1
2026-04-30T03:10:52Z,6017J26101C1,26101,C1,0,13200,13200,2026-04-30T05:21:00,13405,13200,A,43.260048,-2.928513,60,False,,
2026-04-30T03:10:52Z,6017J26502C3,26502,C3,0,13200,13200,2026-04-30T05:20:00,13100,13200,A,43.260048,-2.928512,60,False,,
2026-04-30T03:10:52Z,6217J71150C2,71150,C2,0,14223,14223,2026-04-30T05:15:00,05637,14223,A,43.45811,-3.8111749,62,True,2AM,2AM
2026-04-30T03:10:52Z,6217J71100C2,71100,C2,0,14223,14223,2026-04-30T05:22:00,05623,14223,A,43.45811,-3.8111749,62,True,8AM,8AM
2026-04-30T03:10:52Z,2017J70400C5,70400,C5,0,05443,05441,2026-04-30T05:30:00,15410,05443,E,43.250706,-5.5648093,20,False,1,1
2026-04-30T03:10:52Z,2017J22101C1,22101,C1,0,15218,15211,2026-04-30T05:20:00,15410,15218,E,43.3588,-5.8573804,20,False,1,1
2026-04-30T03:10:52Z,1017J20702C5,20702,C5,0,35607,35606,2026-04-30T05:30:00,35002,35607,E,40.330883,-3.8823783,10,False,2,1
2026-04-30T03:10:52Z,1017J78002C3,78002,C3,0,17000,18002,2026-04-30T05:16:00,60200,17000,E,40.471382,-3.6834786,10,True,2,8
2026-04-30T03:10:52Z,1017J78004C3,78004,C3,0,17000,18002,2026-04-30T05:33:00,60200,17000,E,40.471382,-3.6834786,10,True,2,8
2026-04-30T03:10:52Z,1017J21603C2,21603,C2,0,70200,70105,2026-04-30T05:34:00,12006,70200,E,40.644257,-3.1823237,10,False,1,1
2026-04-30T03:10:52Z,1017J19508C5,19508,C5,0,35607,35606,2026-04-30T05:42:00,35012,35607,E,40.330883,-3.8823783,10,False,2,1
2026-04-30T03:10:52Z,1017J19509C5,19509,C5,0,35012,35002,2026-04-30T05:33:00,35607,35012,E,40.25559,-3.8284667,10,False,1,1
2026-04-30T03:10:52Z,1017J19504C5,19504,C5,0,35607,35606,2026-04-30T05:16:00,35012,35607,E,40.330883,-3.8823783,10,False,2,1
2026-04-30T03:10:52Z,1017J19503C5,19503,C5,0,35012,35002,2026-04-30T05:16:00,35607,35012,E,40.25559,-3.8284667,10,False,1,1
2026-04-30T03:10:52Z,1017J19505C5,19505,C5,0,35012,35002,2026-04-30T05:25:00,35607,35012,E,40.25559,-3.8284667,10,False,1,1
2026-04-30T03:10:52Z,1017J19513C5,19513,C5,0,35012,35002,2026-04-30T05:41:00,35607,35012,E,40.25559,-3.8284667,10,False,1,1
2026-04-30T03:10:52Z,1017J19799C1,19799,C1,0,18000,18001,2026-04-30T05:18:00,98305,18000,E,40.470993,-3.6825814,10,False,1,1
2026-04-30T03:10:52Z,1017J21303C10,21303,C10,0,10000,18005,2026-04-30T05:42:00,17000,10000,E,40.421413,-3.7190256,10,False,1,1
2026-04-30T03:10:52Z,1017J21501C2,21501,C2,0,70200,70105,2026-04-30T05:24:00,10203,70200,E,40.644257,-3.1823237,10,True,1,1
2026-04-30T03:10:52Z,1017J21601C2,21601,C2,1,70104,70107,2026-04-30T05:14:00,12006,70200,14.0,40.530464,-3.30372,10,False,1,1
2026-04-30T03:10:52Z,1017J20203C4a,20203,C4a,0,17000,17001,2026-04-30T05:13:00,19003,18000,E,40.471325,-3.6833096,10,True,3,1
2026-04-30T03:10:52Z,1017J20405C4b,20405,C4b,0,18000,18101,2026-04-30T05:27:00,17005,18000,E,40.40654,-3.6895106,10,True,6,1
2026-04-30T03:10:52Z,1017J21500C2,21500,C2,5,18002,18001,2026-04-30T05:13:00,70200,17000,39.0,40.437374,-3.6904044,10,True,2,2
2026-04-30T03:10:52Z,1017J19502C5,19502,C5,0,35604,35603,2026-04-30T05:12:00,35012,35607,E,40.356674,-3.8156087,10,False,1,1
2026-04-30T03:10:52Z,1017J21100C10,21100,C10,0,10200,10104,2026-04-30T05:34:00,17000,10200,E,40.62599,-4.0081153,10,False,4,2
2026-04-30T03:10:52Z,1017J21506C2,21506,C2,0,17000,18002,2026-04-30T05:44:00,70200,17000,E,40.47097,-3.68245,10,False,12,2
2026-04-30T03:10:52Z,1017J21703C2,21703,C2,0,70111,70112,2026-04-30T05:12:00,10203,70103,E,40.480347,-3.39294,10,False,1,1
2026-04-30T03:10:52Z,1017J21504C2,21504,C2,0,18002,18001,2026-04-30T05:36:00,70200,18002,E,40.44655,-3.691473,10,False,2,2
2026-04-30T03:10:52Z,1017J21503C2,21503,C2,0,70200,70105,2026-04-30T05:43:00,17000,70200,E,40.644257,-3.1823237,10,False,1,1
2026-04-30T03:10:52Z,1017J20403C4b,20403,C4b,3,17000,17001,2026-04-30T05:13:00,17005,17000,39.0,40.48266,-3.6779418,10,True,5,1
2026-04-30T03:10:52Z,1017J21701C2,21701,C2,0,18000,18001,2026-04-30T05:32:00,17000,18000,E,40.40667,-3.689395,10,True,2,1
2026-04-30T03:10:52Z,1017J20205C4a,20205,C4a,2,37011,37011,2026-04-30T05:09:00,19003,37012,A,40.288372,-3.7373493,10,True,1,1
2026-04-30T03:10:52Z,1017J20204C4,20204,C4,0,17000,18002,2026-04-30T05:30:00,37012,17000,E,40.471325,-3.6833096,10,True,2,8
2026-04-30T03:10:52Z,1017J21700C7,21700,C7,1,17000,18002,2026-04-30T05:15:00,18000,17000,S,40.47113,-3.6828332,10,True,7,2
2026-04-30T03:15:43Z,3017J23501C1,23501,C1,0,51003,51003,2026-04-30T05:20:00,50600,51003,A,37.392567,-5.9749837,30,False,8,8
2026-04-30T03:15:43Z,3217J23303C1,23303,C1,0,54517,54517,2026-04-30T05:20:00,54516,54517,A,36.715366,-4.4266005,32,False,1,1
2026-04-30T03:15:43Z,5117J77602R4,77602,R4,0,72209,72209,2026-04-30T05:18:00,78700,72209,A,41.47872,1.9255537,50,False,4,4
2026-04-30T03:15:43Z,5117J88054R3,88054,R3,0,77105,77105,2026-04-30T05:30:00,78802,77105,A,41.79944,2.2227662,50,False,,
2026-04-30T03:15:43Z,5117J87006R3,87006,R3,0,78802,78802,2026-04-30T05:20:00,77105,78802,A,41.430275,2.1831505,50,False,1,1
2026-04-30T03:15:43Z,5117J88016R3,88016,R3,0,77105,77105,2026-04-30T05:30:00,78802,77105,A,41.79944,2.2227662,50,False,,
2026-04-30T03:15:43Z,5117J87960R3,87960,R3,0,77006,77006,2026-04-30T05:25:00,78802,77006,A,41.61151,2.276686,50,False,,
2026-04-30T03:15:43Z,5117J28400R2N,28400,R2N,4,79011,79005,2026-04-30T05:18:11,72400,79100,12.0,41.50759,2.197646,50,True,2,2
2026-04-30T03:15:43Z,5117J87004R3,87004,R3,0,78802,78802,2026-04-30T05:25:00,77006,78802,A,41.430275,2.1831505,50,False,1,1
2026-04-30T03:15:43Z,5117J77402R4,77402,R4,0,71600,71600,2026-04-30T05:25:00,78700,71600,A,41.186302,1.5250856,50,False,,
2026-04-30T03:15:43Z,5117J77502R4,77502,R4,1,78804,78805,2026-04-30T05:17:05,71600,78700,E,41.391907,2.1806386,50,False,2,2
2026-04-30T03:15:43Z,5117J78280R2,78280,R2,11,71705,71705,2026-04-30T05:18:22,79200,71700,A,41.27877,1.9793723,50,True,2,2
2026-04-30T03:15:43Z,5117J87005R3,87005,R3,0,78802,78802,2026-04-30T05:20:00,77105,78802,A,41.430275,2.1831505,50,False,1,1
2026-04-30T03:15:43Z,6017J26101C1,26101,C1,0,13200,13200,2026-04-30T05:21:00,13405,13200,A,43.260048,-2.928513,60,False,,
2026-04-30T03:15:43Z,6017J26600C3,26600,C3,0,13200,13200,2026-04-30T05:30:00,13106,13200,A,43.260048,-2.928512,60,False,,
2026-04-30T03:15:43Z,6017J26502C3,26502,C3,0,13200,13200,2026-04-30T05:20:00,13100,13200,A,43.260048,-2.928512,60,False,,
2026-04-30T03:15:43Z,6017J71501C4,71501,C4,0,05485,05485,2026-04-30T05:30:00,05451,05485,A,43.19011,-3.1974015,60,False,1,1
2026-04-30T03:15:43Z,6017J26000C2,26000,C2,0,13508,13504,2026-04-30T05:17:38,13200,13506,E,43.319363,-3.0674317,60,False,1,1
2026-04-30T03:15:43Z,6217J71100C2,71100,C2,0,14223,14223,2026-04-30T05:22:00,05623,14223,A,43.45811,-3.8111749,62,True,8AM,8AM
2026-04-30T03:15:43Z,6217J71102C2,71102,C2,0,14223,14223,2026-04-30T05:30:00,05623,14223,A,43.45811,-3.8111749,62,True,8AM,8AM
2026-04-30T03:15:43Z,1017J21503C2,21503,C2,-2,70200,70105,2026-04-30T05:41:00,17000,70200,E,40.644257,-3.1823237,10,False,1,1
2026-04-30T03:15:43Z,1017J20702C5,20702,C5,0,35607,35606,2026-04-30T05:30:00,35002,35607,E,40.330883,-3.8823783,10,False,2,1
2026-04-30T03:15:43Z,1017J21700C7,21700,C7,1,18002,18001,2026-04-30T05:19:00,18000,17000,E,40.44655,-3.691473,10,True,2,2
2026-04-30T03:15:43Z,1017J78004C3,78004,C3,0,17000,18002,2026-04-30T05:33:00,60200,17000,E,40.471382,-3.6834786,10,True,2,8
2026-04-30T03:15:43Z,1017J21000C8a,21000,C8a,0,10203,10202,2026-04-30T05:50:00,70200,10203,E,40.58532,-4.1321955,10,False,3,2
2026-04-30T03:15:43Z,1017J19508C5,19508,C5,0,35607,35606,2026-04-30T05:42:00,35012,35607,E,40.330883,-3.8823783,10,False,2,1
2026-04-30T03:15:43Z,1017J19509C5,19509,C5,0,35012,35002,2026-04-30T05:33:00,35607,35012,E,40.25559,-3.8284667,10,False,1,1
2026-04-30T03:15:43Z,1017J21603C2,21603,C2,-1,70200,70105,2026-04-30T05:33:00,12006,70200,E,40.644257,-3.1823237,10,False,1,1
2026-04-30T03:15:43Z,1017J19504C5,19504,C5,0,35606,35606,2026-04-30T05:16:00,35012,35607,A,40.32875,-3.8636916,10,False,1,1
2026-04-30T03:15:43Z,1017J19503C5,19503,C5,0,35002,35010,2026-04-30T05:17:00,35607,35012,E,40.283237,-3.7991464,10,False,1,1
2026-04-30T03:15:43Z,1017J20207C4a,20207,C4a,0,18000,18101,2026-04-30T05:47:00,19003,18000,E,40.40654,-3.6895106,10,True,6,1
2026-04-30T03:15:43Z,1017J19505C5,19505,C5,0,35012,35002,2026-04-30T05:25:00,35607,35012,E,40.25559,-3.8284667,10,False,1,1
2026-04-30T03:15:43Z,1017J19513C5,19513,C5,0,35012,35002,2026-04-30T05:41:00,35607,35012,E,40.25559,-3.8284667,10,False,1,1
2026-04-30T03:15:43Z,1017J20405C4b,20405,C4b,0,18000,18101,2026-04-30T05:27:00,17005,18000,E,40.40654,-3.6895106,10,True,6,1
2026-04-30T03:15:43Z,1017J19799C1,19799,C1,0,18000,18001,2026-04-30T05:18:00,98305,18000,E,40.470993,-3.6825814,10,False,1,1
2026-04-30T03:15:43Z,1017J21303C10,21303,C10,0,10000,18005,2026-04-30T05:42:00,17000,10000,E,40.421413,-3.7190256,10,False,1,1
2026-04-30T03:15:43Z,1017J21501C2,21501,C2,0,70200,70105,2026-04-30T05:24:00,10203,70200,E,40.644257,-3.1823237,10,True,1,1
2026-04-30T03:15:43Z,1017J21500C2,21500,C2,0,18000,18000,2026-04-30T05:14:00,70200,17000,A,40.40667,-3.689395,10,True,3,3
2026-04-30T03:15:43Z,1017J20212C4a,20212,C4a,0,19003,19002,2026-04-30T05:44:00,37012,19003,E,40.546417,-3.6351175,10,True,2,2
2026-04-30T03:15:43Z,1017J19502C5,19502,C5,0,35601,35601,2026-04-30T05:16:00,35012,35607,A,40.38357,-3.7686734,10,False,1,1
2026-04-30T03:15:43Z,1017J21100C10,21100,C10,0,10200,10104,2026-04-30T05:34:00,17000,10200,E,40.62599,-4.0081153,10,False,4,2
2026-04-30T03:15:43Z,1017J21506C2,21506,C2,0,17000,18002,2026-04-30T05:44:00,70200,17000,E,40.47097,-3.68245,10,False,12,2
2026-04-30T03:15:43Z,1017J21703C2,21703,C2,2,70112,70102,2026-04-30T05:17:00,10203,70103,E,40.464172,-3.4414766,10,False,1,1
2026-04-30T03:15:43Z,1017J21504C2,21504,C2,0,18002,18001,2026-04-30T05:36:00,70200,18002,E,40.44655,-3.691473,10,False,2,2
2026-04-30T03:15:43Z,1017J21701C2,21701,C2,0,18000,18001,2026-04-30T05:32:00,17000,18000,E,40.40667,-3.689395,10,True,2,1
2026-04-30T03:15:43Z,1017J20403C4b,20403,C4b,4,17001,17009,2026-04-30T05:19:00,17005,17000,31.0,40.51663,-3.6843963,10,True,1,1
2026-04-30T03:15:43Z,1017J21601C2,21601,C2,1,70107,70103,2026-04-30T05:21:00,12006,70200,9.0,40.503384,-3.337766,10,False,1,5
2026-04-30T03:15:43Z,1017J20205C4a,20205,C4a,5,37002,37010,2026-04-30T05:17:00,19003,37012,28.0,40.313606,-3.7319672,10,True,1,1
2026-04-30T03:15:43Z,1017J20402C4b,20402,C4b,0,17005,17004,2026-04-30T05:48:00,37012,17005,E,40.644844,-3.7762609,10,True,3,3
2026-04-30T03:15:43Z,1017J20203C4a,20203,C4a,2,17001,17001,2026-04-30T05:15:00,19003,18000,A,40.501648,-3.6821797,10,True,1,1
2026-04-30T03:15:43Z,1017J20204C4,20204,C4,0,17000,18002,2026-04-30T05:30:00,37012,17000,E,40.471325,-3.6833096,10,True,2,8
2026-04-30T03:20:42Z,4017J36000C2,36000,C2,0,64006,64006,2026-04-30T05:25:00,65000,64006,A,38.96917,-0.5866923,40,False,3,3
2026-04-30T03:20:42Z,5117J88016R3,88016,R3,0,77105,77105,2026-04-30T05:30:00,78802,77105,A,41.79944,2.2227662,50,False,,
2026-04-30T03:20:42Z,5117J88054R3,88054,R3,0,77105,77105,2026-04-30T05:30:00,78802,77105,A,41.79944,2.2227662,50,False,,
2026-04-30T03:20:42Z,5117J87960R3,87960,R3,0,77006,77006,2026-04-30T05:25:00,78802,77006,A,41.61151,2.276686,50,False,,
2026-04-30T03:20:42Z,5117J77600R4,77600,R4,1,72305,72305,2026-04-30T05:20:34,78700,72209,A,41.36431,2.1008937,50,True,1,1
2026-04-30T03:20:42Z,5117J87004R3,87004,R3,0,78802,78802,2026-04-30T05:25:00,77006,78802,A,41.430275,2.1831505,50,False,1,1
2026-04-30T03:20:42Z,5117J78280R2,78280,R2,13,71705,71705,2026-04-30T05:19:49,79200,71700,A,41.27877,1.9793723,50,True,2,2
2026-04-30T03:20:42Z,5117J78282R2,78282,R2,3,71701,71701,2026-04-30T05:22:42,79104,71700,A,41.27745,1.9777229,50,True,2,2
2026-04-30T03:20:42Z,5117J25702R1,25702,R1,0,79405,79405,2026-04-30T05:20:55,72305,79500,A,41.46291,2.2722147,50,True,2,2
2026-04-30T03:20:42Z,6017J26101C1,26101,C1,0,13200,13200,2026-04-30T05:21:00,13405,13200,A,43.260048,-2.928513,60,False,,
2026-04-30T03:20:42Z,6017J26500C3,26500,C3,-1,13110,13110,2026-04-30T05:23:07,13100,13200,A,43.17912,-2.9028738,60,False,2,2
2026-04-30T03:20:42Z,6017J26600C3,26600,C3,0,13200,13200,2026-04-30T05:30:00,13106,13200,A,43.260048,-2.928512,60,False,,
2026-04-30T03:20:42Z,6017J26501C3,26501,C3,2,13104,13104,2026-04-30T05:21:01,13200,13100,A,43.132793,-2.9697878,60,False,1,1
2026-04-30T03:20:42Z,6017J26503C3,26503,C3,0,13100,13100,2026-04-30T05:31:00,13200,13100,A,42.99472,-3.0158784,60,False,2,2
2026-04-30T03:20:42Z,6017J26003C2,26003,C2,0,13200,13200,2026-04-30T05:32:00,13506,13200,A,43.260166,-2.9285789,60,False,,
2026-04-30T03:20:42Z,6017J26002C2,26002,C2,0,13506,13506,2026-04-30T05:32:00,13200,13506,A,43.321514,-3.1123157,60,False,3,3
2026-04-30T03:20:42Z,6017J71501C4,71501,C4,0,05485,05485,2026-04-30T05:30:00,05451,05485,A,43.19011,-3.1974015,60,False,1,1
2026-04-30T03:20:42Z,6017J26100C1,26100,C1,1,13303,13303,2026-04-30T05:20:32,13200,13405,A,43.26418,-2.9553094,60,False,2,2
2026-04-30T03:20:42Z,6217J71100C2,71100,C2,0,14223,14223,2026-04-30T05:22:00,05623,14223,A,43.45811,-3.8111749,62,True,8AM,8AM
2026-04-30T03:20:42Z,6217J71102C2,71102,C2,0,14223,14223,2026-04-30T05:30:00,05623,14223,A,43.45811,-3.8111749,62,True,1AM,1AM
2026-04-30T03:20:42Z,1017J20703C5,20703,C5,0,35002,35010,2026-04-30T05:48:00,35607,35002,E,40.283237,-3.7991464,10,False,1,1
2026-04-30T03:20:42Z,1017J78002C3,78002,C3,4,18002,18101,2026-04-30T05:24:00,60200,17000,E,40.4466,-3.6920877,10,True,8,2
2026-04-30T03:20:42Z,1017J20702C5,20702,C5,0,35607,35606,2026-04-30T05:30:00,35002,35607,E,40.330883,-3.8823783,10,False,2,1
2026-04-30T03:20:42Z,1017J78004C3,78004,C3,0,17000,18002,2026-04-30T05:33:00,60200,17000,E,40.471382,-3.6834786,10,True,2,8
2026-04-30T03:20:42Z,1017J19515C5,19515,C5,0,35012,35002,2026-04-30T05:53:00,35607,35012,E,40.25559,-3.8284667,10,False,1,1
2026-04-30T03:20:42Z,1017J19508C5,19508,C5,0,35607,35606,2026-04-30T05:42:00,35012,35607,E,40.330883,-3.8823783,10,False,2,1
2026-04-30T03:20:42Z,1017J21000C8a,21000,C8a,0,10203,10202,2026-04-30T05:50:00,70200,10203,E,40.58532,-4.1321955,10,False,3,2
2026-04-30T03:20:42Z,1017J19509C5,19509,C5,0,35012,35002,2026-04-30T05:33:00,35607,35012,E,40.25559,-3.8284667,10,False,1,1
2026-04-30T03:20:42Z,1017J21603C2,21603,C2,-1,70200,70105,2026-04-30T05:33:00,12006,70200,E,40.644257,-3.1823237,10,False,1,1
2026-04-30T03:20:42Z,1017J19504C5,19504,C5,0,35605,35605,2026-04-30T05:21:00,35012,35607,A,40.3503,-3.8317595,10,False,1,1
2026-04-30T03:20:42Z,1017J21800C7,21800,C7,0,17000,18002,2026-04-30T05:53:00,70103,17000,E,40.47113,-3.6828332,10,True,7,2
2026-04-30T03:20:42Z,1017J19503C5,19503,C5,0,35001,35001,2026-04-30T05:22:00,35607,35012,A,40.328766,-3.7714624,10,False,1,1
2026-04-30T03:20:42Z,1017J21601C2,21601,C2,0,70103,70111,2026-04-30T05:22:00,12006,70200,E,40.489193,-3.3662832,10,False,5,1
2026-04-30T03:20:42Z,1017J19505C5,19505,C5,0,35012,35002,2026-04-30T05:25:00,35607,35012,E,40.25559,-3.8284667,10,False,1,1
2026-04-30T03:20:42Z,1017J19800C1,19800,C1,0,17000,98003,2026-04-30T05:54:00,98305,17000,E,40.47102,-3.6825693,10,False,12,2
2026-04-30T03:20:42Z,1017J19513C5,19513,C5,0,35012,35002,2026-04-30T05:41:00,35607,35012,E,40.25559,-3.8284667,10,False,1,1
2026-04-30T03:20:42Z,1017J20203C4a,20203,C4a,2,17009,17009,2026-04-30T05:20:00,19003,18000,A,40.54373,-3.7003317,10,True,1,1
2026-04-30T03:20:42Z,1017J19799C1,19799,C1,1,18001,18002,2026-04-30T05:23:00,98305,18000,E,40.470993,-3.6825814,10,False,1,3
2026-04-30T03:20:42Z,1017J21303C10,21303,C10,-2,10000,18005,2026-04-30T05:40:00,17000,10000,E,40.421413,-3.7190256,10,False,1,1
2026-04-30T03:20:42Z,1017J20208C4,20208,C4,0,17000,18002,2026-04-30T05:52:00,37012,17000,E,40.471325,-3.6833096,10,False,2,8
2026-04-30T03:20:42Z,1017J20207C4a,20207,C4a,0,18000,18101,2026-04-30T05:47:00,19003,18000,E,40.40654,-3.6895106,10,True,6,1
2026-04-30T03:20:42Z,1017J20405C4b,20405,C4b,0,18000,18101,2026-04-30T05:27:00,17005,18000,E,40.40654,-3.6895106,10,True,6,1
2026-04-30T03:20:42Z,1017J20403C4b,20403,C4b,2,17003,17003,2026-04-30T05:20:00,17005,17000,A,40.558834,-3.7141593,10,False,1,1
2026-04-30T03:20:42Z,1017J20205C4a,20205,C4a,3,37001,60100,2026-04-30T05:23:00,19003,37012,E,40.34132,-3.7123663,10,True,1,2
2026-04-30T03:20:42Z,1017J20402C4b,20402,C4b,0,17005,17004,2026-04-30T05:48:00,37012,17005,E,40.644844,-3.7762609,10,True,3,3
2026-04-30T03:20:42Z,1017J21501C2,21501,C2,1,70200,70105,2026-04-30T05:25:00,10203,70200,44.0,40.607403,-3.2186525,10,True,1,1
2026-04-30T03:20:42Z,1017J20204C4,20204,C4,0,17000,18002,2026-04-30T05:30:00,37012,17000,E,40.471325,-3.6833096,10,True,2,8
2026-04-30T03:20:42Z,1017J21500C2,21500,C2,2,70002,70003,2026-04-30T05:22:00,70200,17000,E,40.381775,-3.6681283,10,True,2,2
2026-04-30T03:20:42Z,1017J20212C4a,20212,C4a,0,19003,19002,2026-04-30T05:44:00,37012,19003,E,40.546417,-3.6351175,10,True,2,2
2026-04-30T03:20:42Z,1017J19502C5,19502,C5,0,35600,35608,2026-04-30T05:20:00,35012,35607,S,40.386257,-3.7610443,10,False,1,1
2026-04-30T03:20:42Z,1017J21100C10,21100,C10,0,10200,10104,2026-04-30T05:34:00,17000,10200,E,40.62599,-4.0081153,10,False,4,2
2026-04-30T03:20:42Z,1017J21506C2,21506,C2,0,17000,18002,2026-04-30T05:44:00,70200,17000,E,40.47097,-3.68245,10,False,12,2
2026-04-30T03:20:42Z,1017J21703C2,21703,C2,4,70102,70101,2026-04-30T05:24:00,10203,70103,31.0,40.450974,-3.4965296,10,False,1,1
2026-04-30T03:20:42Z,1017J21504C2,21504,C2,0,18002,18001,2026-04-30T05:36:00,70200,18002,E,40.44655,-3.691473,10,False,2,2
2026-04-30T03:20:42Z,1017J21701C2,21701,C2,0,18000,18001,2026-04-30T05:32:00,17000,18000,E,40.40667,-3.689395,10,True,2,1
2026-04-30T03:20:42Z,1017J21503C2,21503,C2,-2,70200,70105,2026-04-30T05:41:00,17000,70200,E,40.644257,-3.1823237,10,False,1,1
2026-04-30T03:25:45Z,3217J23303C1,23303,C1,0,54501,54503,2026-04-30T05:28:38,54516,54517,E,36.70121,-4.454409,32,False,1,1
2026-04-30T03:25:45Z,4017J36103C2,36103,C2,0,64100,64100,2026-04-30T05:32:00,64006,64100,A,38.992313,-0.5246103,40,False,1,1
2026-04-30T03:25:45Z,5117J77400R4,77400,R4,3,72204,72205,2026-04-30T05:29:33,78700,71600,E,41.344524,1.7035463,50,False,2,2
2026-04-30T03:25:45Z,5117J88016R3,88016,R3,0,77105,77105,2026-04-30T05:30:00,78802,77105,A,41.79944,2.2227662,50,False,,
2026-04-30T03:25:45Z,5117J78280R2,78280,R2,14,71706,71709,2026-04-30T05:27:51,79200,71700,E,41.30321,2.0106592,50,True,2,2
2026-04-30T03:25:45Z,5117J28556R2N,28556,R2N,0,72400,72400,2026-04-30T05:40:00,79400,72400,A,41.30425,2.0733776,50,True,1,1
2026-04-30T03:25:45Z,5117J28557R2N,28557,R2N,2,71707,71707,2026-04-30T05:26:15,72400,79400,A,41.3306,2.0894625,50,True,,
2026-04-30T03:25:45Z,5117J25602R1,25602,R1,2,79500,79412,2026-04-30T05:29:12,72305,79603,9.0,41.530453,2.4419358,50,True,2,2
2026-04-30T03:25:45Z,5117J88054R3,88054,R3,0,77105,77105,2026-04-30T05:30:00,78802,77105,A,41.79944,2.2227662,50,False,,
2026-04-30T03:25:45Z,5117J25604R1,25604,R1,-1,79602,79602,2026-04-30T05:27:01,72305,79603,A,41.601646,2.6246321,50,True,1,1
2026-04-30T03:25:45Z,5117J28400R2N,28400,R2N,6,79004,79004,2026-04-30T05:25:34,72400,79100,A,41.43613,2.1936417,50,True,2,2
2026-04-30T03:25:45Z,5117J25702R1,25702,R1,1,79404,79403,2026-04-30T05:28:08,72305,79500,14.0,41.442986,2.2462075,50,True,2,2
2026-04-30T03:25:45Z,6017J26002C2,26002,C2,0,13506,13506,2026-04-30T05:32:00,13200,13506,A,43.321514,-3.1123157,60,False,3,3
2026-04-30T03:25:45Z,6017J26503C3,26503,C3,0,13100,13100,2026-04-30T05:31:00,13200,13100,A,42.99472,-3.0158784,60,False,2,2
2026-04-30T03:25:45Z,6017J26600C3,26600,C3,0,13200,13200,2026-04-30T05:30:00,13106,13200,A,43.260048,-2.928512,60,False,,
2026-04-30T03:25:45Z,6017J26102C1,26102,C1,0,13405,13405,2026-04-30T05:37:00,13200,13405,A,43.328575,-3.0296164,60,False,2,2
2026-04-30T03:25:45Z,6017J26003C2,26003,C2,0,13200,13200,2026-04-30T05:32:00,13506,13200,A,43.260166,-2.9285789,60,False,,
2026-04-30T03:25:45Z,6017J71501C4,71501,C4,0,05485,05485,2026-04-30T05:30:00,05451,05485,A,43.19011,-3.1974015,60,False,1,1
2026-04-30T03:25:45Z,6217J71102C2,71102,C2,0,14223,14223,2026-04-30T05:30:00,05623,14223,A,43.45811,-3.8111749,62,True,5AM,5AM
2026-04-30T03:25:45Z,1017J20702C5,20702,C5,0,35607,35606,2026-04-30T05:30:00,35002,35607,E,40.330883,-3.8823783,10,False,2,1
2026-04-30T03:25:45Z,1017J21503C2,21503,C2,-2,70200,70105,2026-04-30T05:41:00,17000,70200,E,40.644257,-3.1823237,10,False,1,1
2026-04-30T03:25:45Z,1017J19515C5,19515,C5,0,35012,35002,2026-04-30T05:53:00,35607,35012,E,40.25559,-3.8284667,10,False,1,1
2026-04-30T03:25:45Z,1017J19521C5,19521,C5,0,35012,35002,2026-04-30T05:59:00,35607,35012,E,40.25559,-3.8284667,10,False,1,1
2026-04-30T03:25:45Z,1017J21000C8a,21000,C8a,0,10203,10202,2026-04-30T05:50:00,70200,10203,E,40.58532,-4.1321955,10,False,3,2
2026-04-30T03:25:45Z,1017J21605C2,21605,C2,0,70200,70105,2026-04-30T06:03:00,12006,70200,E,40.644257,-3.1823237,10,False,1,1
2026-04-30T03:25:45Z,1017J21603C2,21603,C2,-1,70200,70105,2026-04-30T05:33:00,12006,70200,E,40.644257,-3.1823237,10,False,1,1
2026-04-30T03:25:45Z,1017J21800C7,21800,C7,0,17000,18002,2026-04-30T05:53:00,70103,17000,E,40.47113,-3.6828332,10,True,7,2
2026-04-30T03:25:45Z,1017J21601C2,21601,C2,0,70112,70112,2026-04-30T05:26:00,12006,70200,A,40.464172,-3.4414766,10,True,1,1
2026-04-30T03:25:45Z,1017J20208C4,20208,C4,0,17000,18002,2026-04-30T05:52:00,37012,17000,E,40.471325,-3.6833096,10,False,2,8
2026-04-30T03:25:45Z,1017J20207C4a,20207,C4a,0,18000,18101,2026-04-30T05:47:00,19003,18000,E,40.40654,-3.6895106,10,True,6,1
2026-04-30T03:25:45Z,1017J20405C4b,20405,C4b,0,18000,18101,2026-04-30T05:27:00,17005,18000,E,40.40654,-3.6895106,10,True,6,1
2026-04-30T03:25:45Z,1017J78002C3,78002,C3,5,18101,18000,2026-04-30T05:31:00,60200,17000,S,40.417023,-3.7031636,10,True,2,7
2026-04-30T03:25:45Z,1017J20403C4b,20403,C4b,2,17004,17004,2026-04-30T05:24:00,17005,17000,A,40.59852,-3.7158544,10,False,2,2
2026-04-30T03:25:45Z,1017J78004C3,78004,C3,0,17000,18002,2026-04-30T05:33:00,60200,17000,E,40.471382,-3.6834786,10,True,2,8
2026-04-30T03:25:45Z,1017J20402C4b,20402,C4b,0,17005,17004,2026-04-30T05:48:00,37012,17005,E,40.644844,-3.7762609,10,True,3,3
2026-04-30T03:25:45Z,1017J20204C4,20204,C4,0,17000,18002,2026-04-30T05:30:00,37012,17000,E,40.471325,-3.6833096,10,True,2,8
2026-04-30T03:25:45Z,1017J19800C1,19800,C1,0,17000,98003,2026-04-30T05:54:00,98305,17000,E,40.47102,-3.6825693,10,False,12,2
2026-04-30T03:25:45Z,1017J20203C4a,20203,C4a,4,19001,19002,2026-04-30T05:28:00,19003,18000,E,40.55402,-3.6837044,10,True,1,1
2026-04-30T03:25:45Z,1017J21303C10,21303,C10,-2,10000,18005,2026-04-30T05:40:00,17000,10000,E,40.421413,-3.7190256,10,False,1,1
2026-04-30T03:25:45Z,1017J78003C3,78003,C3,3,60105,60104,2026-04-30T05:29:00,17000,60200,31.0,40.17332,-3.6251085,10,False,1,1
2026-04-30T03:25:45Z,1017J19508C5,19508,C5,0,35607,35606,2026-04-30T05:42:00,35012,35607,E,40.330883,-3.8823783,10,False,2,1
2026-04-30T03:25:45Z,1017J21501C2,21501,C2,1,70105,70104,2026-04-30T05:29:00,10203,70200,14.0,40.55724,-3.2699413,10,False,1,1
2026-04-30T03:25:45Z,1017J19509C5,19509,C5,0,35012,35002,2026-04-30T05:33:00,35607,35012,E,40.25559,-3.8284667,10,False,1,1
2026-04-30T03:25:45Z,1017J21500C2,21500,C2,5,70003,70005,2026-04-30T05:28:00,70200,17000,S,40.37616,-3.6561291,10,True,2,2
2026-04-30T03:25:45Z,1017J19504C5,19504,C5,0,35604,35603,2026-04-30T05:27:00,35012,35607,52.0,40.368454,-3.8041525,10,False,1,1
2026-04-30T03:25:45Z,1017J20212C4a,20212,C4a,0,19003,19002,2026-04-30T05:44:00,37012,19003,E,40.546417,-3.6351175,10,True,2,2
2026-04-30T03:25:45Z,1017J19503C5,19503,C5,0,35009,37001,2026-04-30T05:28:00,35607,35012,E,40.34086,-3.7482634,10,False,1,4
2026-04-30T03:25:45Z,1017J19502C5,19502,C5,0,35609,35609,2026-04-30T05:25:00,35012,35607,A,40.405067,-3.7026901,10,False,1,1
2026-04-30T03:25:45Z,1017J19505C5,19505,C5,0,35002,35010,2026-04-30T05:26:00,35607,35012,E,40.283237,-3.7991464,10,False,1,1
2026-04-30T03:25:45Z,1017J21100C10,21100,C10,0,10200,10104,2026-04-30T05:34:00,17000,10200,E,40.62599,-4.0081153,10,False,4,2
2026-04-30T03:25:45Z,1017J19510C5,19510,C5,0,35607,35606,2026-04-30T05:53:00,35012,35607,E,40.330883,-3.8823783,10,False,2,1
2026-04-30T03:25:45Z,1017J21506C2,21506,C2,0,17000,18002,2026-04-30T05:44:00,70200,17000,E,40.47097,-3.68245,10,False,12,2
2026-04-30T03:25:45Z,1017J19513C5,19513,C5,0,35012,35002,2026-04-30T05:41:00,35607,35012,E,40.25559,-3.8284667,10,False,1,1
2026-04-30T03:25:45Z,1017J21703C2,21703,C2,1,70108,70100,2026-04-30T05:29:00,10203,70103,E,40.423397,-3.561349,10,False,1,1
2026-04-30T03:25:45Z,1017J21504C2,21504,C2,0,18002,18001,2026-04-30T05:36:00,70200,18002,E,40.44655,-3.691473,10,False,2,2
2026-04-30T03:25:45Z,1017J21701C2,21701,C2,0,18000,18001,2026-04-30T05:32:00,17000,18000,E,40.40667,-3.689395,10,True,2,1
2026-04-30T03:25:45Z,1017J19799C1,19799,C1,3,18002,17000,2026-04-30T05:33:00,98305,18000,S,40.470993,-3.6825814,10,False,3,12
2026-04-30T03:25:45Z,1017J20703C5,20703,C5,0,35002,35010,2026-04-30T05:48:00,35607,35002,E,40.283237,-3.7991464,10,False,1,1
2026-04-30T03:30:57Z,3017J23501C1,23501,C1,1,50703,50703,2026-04-30T05:31:31,50600,51003,A,37.479904,-5.9399505,30,False,1,1
2026-04-30T03:30:57Z,3217J23151C2,23151,C2,0,54517,54517,2026-04-30T05:44:00,54405,54517,A,36.715366,-4.4266005,32,False,1,1
2026-04-30T03:30:57Z,3217J23303C1,23303,C1,1,54505,54505,2026-04-30T05:31:32,54516,54517,A,36.677452,-4.490335,32,False,1,1
2026-04-30T03:30:57Z,4017J36103C2,36103,C2,0,64100,64100,2026-04-30T05:32:00,64006,64100,A,38.992313,-0.5246103,40,False,1,1
2026-04-30T03:30:57Z,4017J36000C2,36000,C2,0,64100,64100,2026-04-30T05:30:33,65000,64006,A,38.992313,-0.5246103,40,False,2,2
2026-04-30T03:30:57Z,5117J77702R4,77702,R4,0,78800,78800,2026-04-30T05:44:00,72209,78800,A,41.470253,2.1794534,50,True,5,5
2026-04-30T03:30:57Z,5117J77400R4,77400,R4,0,72206,72206,2026-04-30T05:32:11,78700,71600,A,41.39581,1.7681432,50,False,2,2
2026-04-30T03:30:57Z,5117J28400R2N,28400,R2N,6,79009,71802,2026-04-30T05:36:34,72400,79100,E,41.409042,2.1873875,50,True,1,
2026-04-30T03:30:57Z,5117J87007R3,87007,R3,0,78802,78802,2026-04-30T05:45:00,77006,78802,A,41.430275,2.1831505,50,False,1,1
2026-04-30T03:30:57Z,5117J77600R4,77600,R4,0,78805,78805,2026-04-30T05:32:14,78700,72209,A,41.387875,2.1697214,50,True,1,1
2026-04-30T03:30:57Z,5117J87961R3,87961,R3,0,77006,77006,2026-04-30T05:45:00,78802,77006,A,41.61151,2.276686,50,False,,
2026-04-30T03:30:57Z,5117J77200R2S,15046,R2S,1,71604,71700,2026-04-30T05:35:06,79400,71600,16.0,41.206123,1.6851091,50,False,2,3
2026-04-30T03:30:57Z,5117J78280R2,78280,R2,16,71707,71707,2026-04-30T05:33:40,79200,71700,A,41.330997,2.0893226,50,True,4,4
2026-04-30T03:30:57Z,5117J28556R2N,28556,R2N,0,72400,72400,2026-04-30T05:40:00,79400,72400,A,41.30425,2.0733776,50,True,1,1
2026-04-30T03:30:57Z,5117J78282R2,78282,R2,4,71703,71703,2026-04-30T05:32:40,79104,71700,A,41.27745,1.9777229,50,True,2,2
2026-04-30T03:30:57Z,6017J26103C1,26103,C1,0,13200,13200,2026-04-30T05:43:00,13405,13200,A,43.260048,-2.928513,60,False,,
2026-04-30T03:30:57Z,6017J26503C3,26503,C3,0,13100,13100,2026-04-30T05:31:00,13200,13100,A,42.99472,-3.0158784,60,False,2,2
2026-04-30T03:30:57Z,6017J26102C1,26102,C1,0,13405,13405,2026-04-30T05:37:00,13200,13405,A,43.328575,-3.0296164,60,False,2,2
2026-04-30T03:30:57Z,6017J26003C2,26003,C2,0,13200,13200,2026-04-30T05:32:00,13506,13200,A,43.260166,-2.9285789,60,False,,
2026-04-30T03:30:57Z,6017J26002C2,26002,C2,0,13506,13506,2026-04-30T05:32:00,13200,13506,A,43.321514,-3.1123157,60,False,3,3
2026-04-30T03:30:57Z,6017J26001C2,26001,C2,1,13502,13503,2026-04-30T05:32:47,13506,13200,E,43.302948,-3.0169492,60,False,1,1
2026-04-30T03:30:57Z,6217J71152C2,71152,C2,0,14223,14223,2026-04-30T05:45:00,05637,14223,A,43.45811,-3.8111749,62,True,1AM,1AM
2026-04-30T03:30:57Z,2017J22200C2,22200,C2,0,15211,15218,2026-04-30T05:47:00,16011,15211,E,43.366478,-5.855087,20,False,2,2
2026-04-30T03:30:57Z,2017J70500C7,70500,C7,0,05303,05304,2026-04-30T05:35:00,05311,15211,E,43.35863,-5.8975425,20,False,2,2
2026-04-30T03:30:57Z,2017J22101C1,22101,C1,0,15300,15300,2026-04-30T05:30:00,15410,15218,A,43.442394,-5.815779,20,False,3,3
2026-04-30T03:30:57Z,2017J70400C5,70400,C5,0,05441,05439,2026-04-30T05:33:00,15410,05443,E,43.25987,-5.5750175,20,False,1,1
2026-04-30T03:30:57Z,2017J70501C7,70501,C7,0,05311,05308,2026-04-30T05:51:00,15211,05311,E,43.34864,-5.9676714,20,False,1,1
2026-04-30T03:30:57Z,2017J22000C1,22000,C1,0,15211,15218,2026-04-30T05:57:00,15122,15211,E,43.36655,-5.854991,20,False,2,2
2026-04-30T03:30:57Z,2017J80851C6,80851,C6,0,05509,05511,2026-04-30T05:47:00,05534,05509,E,43.3823,-5.7026434,20,False,1,1
2026-04-30T03:30:57Z,2017J70900C8,70900,C8,0,05373,05375,2026-04-30T05:43:00,05389,05373,E,43.21386,-5.784103,20,False,2,2
2026-04-30T03:30:57Z,2017J22103C1,22103,C1,0,15218,15211,2026-04-30T05:45:00,15410,15218,E,43.3588,-5.8573804,20,False,1,1
2026-04-30T03:30:57Z,2017J22303C3,22303,C3,0,15218,15211,2026-04-30T05:55:00,16405,15218,E,43.3588,-5.8573804,20,False,1,1
2026-04-30T03:30:57Z,1017J78004C3,78004,C3,0,17000,18002,2026-04-30T05:33:00,60200,17000,E,40.471382,-3.6834786,10,True,2,8
2026-04-30T03:30:57Z,1017J19515C5,19515,C5,0,35012,35002,2026-04-30T05:53:00,35607,35012,E,40.25559,-3.8284667,10,False,1,1
2026-04-30T03:30:57Z,1017J78003C3,78003,C3,0,60103,60103,2026-04-30T05:31:00,17000,60200,A,40.242844,-3.7038615,10,True,1,1
2026-04-30T03:30:57Z,1017J78006C3,78006,C3,0,17000,18002,2026-04-30T06:01:00,60200,17000,E,40.471382,-3.6834786,10,True,2,8
2026-04-30T03:30:57Z,1017J19521C5,19521,C5,0,35012,35002,2026-04-30T05:59:00,35607,35012,E,40.25559,-3.8284667,10,False,1,1
2026-04-30T03:30:57Z,1017J19508C5,19508,C5,0,35607,35606,2026-04-30T05:42:00,35012,35607,E,40.330883,-3.8823783,10,False,2,1
2026-04-30T03:30:57Z,1017J21001C8a,21001,C8a,0,17000,97201,2026-04-30T06:03:00,10203,17000,E,40.47113,-3.6828332,10,False,11,1
2026-04-30T03:30:57Z,1017J19509C5,19509,C5,0,35012,35002,2026-04-30T05:33:00,35607,35012,E,40.25559,-3.8284667,10,False,1,1
2026-04-30T03:30:57Z,1017J21000C8a,21000,C8a,0,10203,10202,2026-04-30T05:50:00,70200,10203,E,40.58532,-4.1321955,10,False,3,2
2026-04-30T03:30:57Z,1017J19504C5,19504,C5,0,35601,35601,2026-04-30T05:31:00,35012,35607,A,40.38357,-3.7686734,10,False,1,1
2026-04-30T03:30:57Z,1017J21605C2,21605,C2,-2,70200,70105,2026-04-30T06:01:00,12006,70200,E,40.644257,-3.1823237,10,False,1,1
2026-04-30T03:30:57Z,1017J21603C2,21603,C2,2,70200,70105,2026-04-30T05:36:00,12006,70200,36.0,40.614113,-3.2120569,10,False,1,1
2026-04-30T03:30:57Z,1017J21800C7,21800,C7,0,17000,18002,2026-04-30T05:53:00,70103,17000,E,40.47113,-3.6828332,10,True,7,2
2026-04-30T03:30:57Z,1017J21601C2,21601,C2,0,70102,70101,2026-04-30T05:35:00,12006,70200,E,40.454636,-3.4796963,10,True,1,1
2026-04-30T03:30:57Z,1017J19800C1,19800,C1,0,17000,98003,2026-04-30T05:54:00,98305,17000,E,40.47102,-3.6825693,10,False,12,2
2026-04-30T03:30:57Z,1017J20207C4a,20207,C4a,0,18000,18101,2026-04-30T05:47:00,19003,18000,E,40.40654,-3.6895106,10,True,6,1
2026-04-30T03:30:57Z,1017J20405C4b,20405,C4b,0,18002,18002,2026-04-30T05:32:00,17005,18000,A,40.4466,-3.6920877,10,True,6,6
2026-04-30T03:30:57Z,1017J19503C5,19503,C5,0,37001,35704,2026-04-30T05:31:00,35607,35012,96.0,40.34979,-3.7046895,10,False,4,1
2026-04-30T03:30:57Z,1017J19505C5,19505,C5,0,35001,35001,2026-04-30T05:31:00,35607,35012,A,40.328766,-3.7714624,10,False,1,1
2026-04-30T03:30:57Z,1017J19510C5,19510,C5,0,35607,35606,2026-04-30T05:53:00,35012,35607,E,40.330883,-3.8823783,10,False,2,1
2026-04-30T03:30:57Z,1017J19513C5,19513,C5,0,35012,35002,2026-04-30T05:41:00,35607,35012,E,40.25559,-3.8284667,10,False,1,1
2026-04-30T03:30:57Z,1017J19512C5,19512,C5,0,35607,35606,2026-04-30T06:01:00,35012,35607,E,40.330883,-3.8823783,10,False,2,1
2026-04-30T03:30:57Z,1017J20703C5,20703,C5,0,35002,35010,2026-04-30T05:48:00,35607,35002,E,40.283237,-3.7991464,10,False,1,1
2026-04-30T03:30:57Z,1017J20702C5,20702,C5,0,35606,35606,2026-04-30T05:30:00,35002,35607,A,40.32875,-3.8636916,10,False,1,1
2026-04-30T03:30:57Z,1017J21303C10,21303,C10,-2,10000,18005,2026-04-30T05:40:00,17000,10000,E,40.421413,-3.7190256,10,False,1,1
2026-04-30T03:30:57Z,1017J20403C4b,20403,C4b,5,17004,17005,2026-04-30T05:36:00,17005,17000,43.0,40.639698,-3.7246923,10,False,2,3
2026-04-30T03:30:57Z,1017J20205C4a,20205,C4a,0,18000,18101,2026-04-30T05:32:00,19003,37012,E,40.40654,-3.6895106,10,True,6,1
2026-04-30T03:30:57Z,1017J20600C8b,20600,C8b,0,12006,12005,2026-04-30T06:03:00,70200,12006,E,40.737614,-4.0662985,10,False,2,1
2026-04-30T03:30:57Z,1017J20402C4b,20402,C4b,0,17005,17004,2026-04-30T05:48:00,37012,17005,E,40.644844,-3.7762609,10,True,3,3
2026-04-30T03:30:57Z,1017J20204C4,20204,C4,0,18002,18002,2026-04-30T05:30:00,37012,17000,A,40.4466,-3.6920877,10,True,8,8
2026-04-30T03:30:57Z,1017J19803C1,19803,C1,0,98305,98304,2026-04-30T05:59:00,17000,98305,E,40.4924,-3.593483,10,False,2,1
2026-04-30T03:30:57Z,1017J20202C4,20202,C4,1,60100,37001,2026-04-30T05:35:00,37012,18000,E,40.352676,-3.684073,10,True,1,2
2026-04-30T03:30:57Z,1017J20409C4b,20409,C4b,0,18000,18101,2026-04-30T05:59:00,17005,18000,E,40.40654,-3.6895106,10,True,6,1
2026-04-30T03:30:57Z,1017J20208C4,20208,C4,0,17000,18002,2026-04-30T05:52:00,37012,17000,E,40.471325,-3.6833096,10,False,2,8
2026-04-30T03:30:57Z,1017J21501C2,21501,C2,1,70104,70107,2026-04-30T05:33:00,10203,70200,47.0,40.520836,-3.3158293,10,False,1,1
2026-04-30T03:30:57Z,1017J21500C2,21500,C2,5,70109,70100,2026-04-30T05:33:00,70200,17000,30.0,40.391933,-3.605762,10,False,2,2
2026-04-30T03:30:57Z,1017J20212C4a,20212,C4a,-1,19003,19002,2026-04-30T05:43:00,37012,19003,E,40.546417,-3.6351175,10,True,2,2
2026-04-30T03:30:57Z,1017J19502C5,19502,C5,0,18000,18003,2026-04-30T05:31:00,35012,35607,95.0,40.396523,-3.678031,10,False,10,2
2026-04-30T03:30:57Z,1017J20211C4a,20211,C4a,0,37002,37010,2026-04-30T06:02:00,19003,37002,E,40.309868,-3.733689,10,True,1,1
2026-04-30T03:30:57Z,1017J21100C10,21100,C10,0,10200,10104,2026-04-30T05:34:00,17000,10200,E,40.62599,-4.0081153,10,False,4,2
2026-04-30T03:30:57Z,1017J21508C2,21508,C2,0,17000,18002,2026-04-30T06:00:00,70200,17000,E,40.47097,-3.68245,10,False,12,2
2026-04-30T03:30:57Z,1017J21506C2,21506,C2,0,17000,18002,2026-04-30T05:44:00,70200,17000,E,40.47097,-3.68245,10,False,12,2
2026-04-30T03:30:57Z,1017J21703C2,21703,C2,3,70100,70109,2026-04-30T05:34:00,10203,70103,S,40.401035,-3.5957623,10,False,1,1
2026-04-30T03:30:57Z,1017J21504C2,21504,C2,0,18002,18001,2026-04-30T05:36:00,70200,18002,E,40.44655,-3.691473,10,False,2,2
2026-04-30T03:30:57Z,1017J21701C2,21701,C2,0,18000,18001,2026-04-30T05:32:00,17000,18000,E,40.40667,-3.689395,10,True,2,1
2026-04-30T03:30:57Z,1017J21503C2,21503,C2,-2,70200,70105,2026-04-30T05:41:00,17000,70200,E,40.644257,-3.1823237,10,False,1,1
2026-04-30T03:35:44Z,3217J23151C2,23151,C2,0,54517,54517,2026-04-30T05:44:00,54405,54517,A,36.715366,-4.4266005,32,False,1,1
2026-04-30T03:35:44Z,4017J36001C2,36001,C2,3,64203,64203,2026-04-30T05:35:46,64006,65000,A,39.42246,-0.39274746,40,False,1,1
2026-04-30T03:35:44Z,4017J24380C6,24380,C6,0,65000,65000,2026-04-30T05:50:00,65312,65000,A,39.465065,-0.37811995,40,False,21,21
2026-04-30T03:35:44Z,4017J76201C1,76201,C1,0,65000,65000,2026-04-30T05:48:00,69110,65000,A,39.46634,-0.37753645,40,False,4,4
2026-04-30T03:35:44Z,5117J77400R4,77400,R4,1,72207,72207,2026-04-30T05:37:26,78700,71600,A,41.41933,1.7952268,50,False,2,2
2026-04-30T03:35:44Z,5117J87007R3,87007,R3,0,78802,78802,2026-04-30T05:45:00,77006,78802,A,41.430275,2.1831505,50,False,1,1
2026-04-30T03:35:44Z,5117J25702R1,25702,R1,7,79009,79009,2026-04-30T05:43:13,72305,79500,A,41.408962,2.187447,50,True,3,3
2026-04-30T03:35:44Z,5117J87008R3,87008,R3,0,78802,78802,2026-04-30T05:50:00,77105,78802,A,41.430275,2.1831505,50,False,1,1
2026-04-30T03:35:44Z,5117J78201R2S,78201,R2S,0,79400,79400,2026-04-30T05:42:00,71703,79400,A,41.3834,2.1864636,50,True,4,4
2026-04-30T03:35:44Z,5117J28402R2N,28402,R2N,1,79007,79006,2026-04-30T05:38:01,72400,79100,E,41.54973,2.2454193,50,True,2,2
2026-04-30T03:35:44Z,5117J77502R4,77502,R4,2,72302,72302,2026-04-30T05:38:12,71600,78700,A,41.36865,2.0602896,50,False,1,1
2026-04-30T03:35:44Z,5117J87009R3,87009,R3,0,78802,78802,2026-04-30T05:50:00,77105,78802,A,41.430275,2.1831505,50,False,1,1
2026-04-30T03:35:44Z,5117J77602R4,77602,R4,0,72300,72301,2026-04-30T05:40:37,78700,72209,E,41.40998,2.0208638,50,False,2,2
2026-04-30T03:35:44Z,5117J77200R2S,15046,R2S,2,71700,71700,2026-04-30T05:35:41,79400,71600,A,41.219913,1.7308453,50,False,3,3
2026-04-30T03:35:44Z,5117J77702R4,77702,R4,0,78800,78800,2026-04-30T05:44:00,72209,78800,A,41.470253,2.1794534,50,True,5,5
2026-04-30T03:35:44Z,5117J78282R2,78282,R2,4,71704,71704,2026-04-30T05:37:49,79104,71700,A,41.27745,1.9777229,50,True,1,1
2026-04-30T03:35:44Z,5117J77504R4,77504,R4,2,78802,78802,2026-04-30T05:36:42,71600,78700,A,41.430275,2.1831505,50,False,2,2
2026-04-30T03:35:44Z,5117J25602R1,25602,R1,3,79409,79408,2026-04-30T05:38:46,72305,79603,E,41.487606,2.3548977,50,True,2,2
2026-04-30T03:35:44Z,5117J25601R1,25601,R1,0,72305,72305,2026-04-30T05:48:00,79200,72305,A,41.36431,2.1008937,50,False,,
2026-04-30T03:35:44Z,5117J87961R3,87961,R3,0,77006,77006,2026-04-30T05:45:00,78802,77006,A,41.61151,2.276686,50,False,,
2026-04-30T03:35:44Z,6017J26503C3,26503,C3,0,13116,13101,2026-04-30T05:37:38,13200,13100,E,43.035866,-3.0039182,60,False,1,1
2026-04-30T03:35:44Z,6017J26504C3,26504,C3,0,13200,13200,2026-04-30T05:50:00,13100,13200,A,43.260048,-2.928512,60,False,,
2026-04-30T03:35:44Z,6017J26103C1,26103,C1,0,13200,13200,2026-04-30T05:43:00,13405,13200,A,43.260048,-2.928513,60,False,,
2026-04-30T03:35:44Z,6017J26002C2,26002,C2,0,13505,13505,2026-04-30T05:35:00,13200,13506,A,43.315636,-3.0911126,60,False,1,1
2026-04-30T03:35:44Z,6017J26102C1,26102,C1,0,13405,13405,2026-04-30T05:37:00,13200,13405,A,43.328575,-3.0296164,60,False,2,2
2026-04-30T03:35:44Z,6217J71351C3,71351,C3,0,14223,14223,2026-04-30T05:50:00,05671,14223,A,43.45811,-3.8111749,62,True,9AM,9AM
2026-04-30T03:35:44Z,6217J71152C2,71152,C2,0,14223,14223,2026-04-30T05:45:00,05637,14223,A,43.45811,-3.8111749,62,True,1AM,1AM
2026-04-30T03:35:44Z,2017J22200C2,22200,C2,0,15211,15218,2026-04-30T05:47:00,16011,15211,E,43.366478,-5.855087,20,False,2,2
2026-04-30T03:35:44Z,2017J22101C1,22101,C1,0,15301,15301,2026-04-30T05:33:00,15410,15218,A,43.4616,-5.826324,20,False,1,1
2026-04-30T03:35:44Z,2017J70500C7,70500,C7,0,05304,05306,2026-04-30T05:40:00,05311,15211,11.0,43.354244,-5.9227233,20,False,2,2
2026-04-30T03:35:44Z,2017J70400C5,70400,C5,0,05437,05437,2026-04-30T05:36:00,15410,05443,A,43.27609,-5.604815,20,False,1,1
2026-04-30T03:35:44Z,2017J70501C7,70501,C7,0,05311,05308,2026-04-30T05:51:00,15211,05311,E,43.34864,-5.9676714,20,False,1,1
2026-04-30T03:35:44Z,2017J80851C6,80851,C6,0,05509,05511,2026-04-30T05:47:00,05534,05509,E,43.3823,-5.7026434,20,False,1,1
2026-04-30T03:35:44Z,2017J22000C1,22000,C1,0,15211,15218,2026-04-30T05:57:00,15122,15211,E,43.36655,-5.854991,20,False,2,2
2026-04-30T03:35:44Z,2017J70900C8,70900,C8,0,05373,05375,2026-04-30T05:43:00,05389,05373,E,43.21386,-5.784103,20,False,2,2
2026-04-30T03:35:44Z,2017J22103C1,22103,C1,0,15218,15211,2026-04-30T05:45:00,15410,15218,E,43.3588,-5.8573804,20,False,1,1
2026-04-30T03:35:44Z,2017J22303C3,22303,C3,0,15218,15211,2026-04-30T05:55:00,16405,15218,E,43.3588,-5.8573804,20,False,1,1
2026-04-30T03:35:44Z,1017J78003C3,78003,C3,0,60102,60102,2026-04-30T05:36:00,17000,60200,A,40.305756,-3.707588,10,False,1,1
2026-04-30T03:35:44Z,1017J78006C3,78006,C3,0,17000,18002,2026-04-30T06:01:00,60200,17000,E,40.471382,-3.6834786,10,True,2,8
2026-04-30T03:35:44Z,1017J21603C2,21603,C2,1,70105,70105,2026-04-30T05:35:00,12006,70200,A,40.56094,-3.2652874,10,False,1,1
2026-04-30T03:35:44Z,1017J19508C5,19508,C5,0,35607,35606,2026-04-30T05:42:00,35012,35607,E,40.330883,-3.8823783,10,False,2,1
2026-04-30T03:35:44Z,1017J21800C7,21800,C7,0,17000,18002,2026-04-30T05:53:00,70103,17000,E,40.47113,-3.6828332,10,True,7,2
2026-04-30T03:35:44Z,1017J19509C5,19509,C5,0,35002,35010,2026-04-30T05:34:00,35607,35012,E,40.283237,-3.7991464,10,False,1,1
2026-04-30T03:35:44Z,1017J21601C2,21601,C2,0,70101,70108,2026-04-30T05:39:00,12006,70200,14.0,40.441643,-3.5387213,10,False,1,1
2026-04-30T03:35:44Z,1017J19504C5,19504,C5,0,35600,35608,2026-04-30T05:35:00,35012,35607,S,40.386257,-3.7610443,10,False,1,1
2026-04-30T03:35:44Z,1017J35975C2,35975,C2,0,70200,70105,2026-04-30T06:11:00,17000,70200,E,40.644257,-3.1823237,10,False,1,1
2026-04-30T03:35:44Z,1017J19503C5,19503,C5,0,35702,35702,2026-04-30T05:35:00,35607,35012,A,40.3791,-3.6987777,10,False,1,1
2026-04-30T03:35:44Z,1017J19800C1,19800,C1,0,17000,98003,2026-04-30T05:54:00,98305,17000,E,40.47102,-3.6825693,10,False,12,2
2026-04-30T03:35:44Z,1017J19803C1,19803,C1,0,98305,98304,2026-04-30T05:59:00,17000,98305,E,40.4924,-3.593483,10,False,2,1
2026-04-30T03:35:44Z,1017J19505C5,19505,C5,0,35009,37001,2026-04-30T05:37:00,35607,35012,E,40.34086,-3.7482634,10,False,1,4
2026-04-30T03:35:44Z,1017J19515C5,19515,C5,0,35012,35002,2026-04-30T05:53:00,35607,35012,E,40.25559,-3.8284667,10,False,1,1
2026-04-30T03:35:44Z,1017J19510C5,19510,C5,0,35607,35606,2026-04-30T05:53:00,35012,35607,E,40.330883,-3.8823783,10,False,2,1
2026-04-30T03:35:44Z,1017J21510C2,21510,C2,0,17000,18002,2026-04-30T06:09:00,70200,17000,E,40.47097,-3.68245,10,False,12,2
2026-04-30T03:35:44Z,1017J19521C5,19521,C5,0,35012,35002,2026-04-30T05:59:00,35607,35012,E,40.25559,-3.8284667,10,False,1,1
2026-04-30T03:35:44Z,1017J19513C5,19513,C5,0,35012,35002,2026-04-30T05:41:00,35607,35012,E,40.25559,-3.8284667,10,False,1,1
2026-04-30T03:35:44Z,1017J21200C10,21200,C10,0,17000,18002,2026-04-30T06:06:00,10200,17000,E,40.470848,-3.682503,10,False,8,4
2026-04-30T03:35:44Z,1017J21001C8a,21001,C8a,0,17000,97201,2026-04-30T06:03:00,10203,17000,E,40.47113,-3.6828332,10,False,11,1
2026-04-30T03:35:44Z,1017J21000C8a,21000,C8a,0,10203,10202,2026-04-30T05:50:00,70200,10203,E,40.58532,-4.1321955,10,False,3,2
2026-04-30T03:35:44Z,1017J21605C2,21605,C2,-2,70200,70105,2026-04-30T06:01:00,12006,70200,E,40.644257,-3.1823237,10,False,1,1
2026-04-30T03:35:44Z,1017J20405C4b,20405,C4b,0,17000,17000,2026-04-30T05:39:00,17005,18000,A,40.471325,-3.6833096,10,True,5,5
2026-04-30T03:35:44Z,1017J20206C4,20206,C4,0,37001,37010,2026-04-30T06:08:00,37012,37001,E,40.34132,-3.7123663,10,True,2,2
2026-04-30T03:35:44Z,1017J19799C1,19799,C1,4,17000,98003,2026-04-30T05:37:00,98305,18000,64.0,40.487038,-3.6733866,10,False,12,2
2026-04-30T03:35:44Z,1017J20205C4a,20205,C4a,2,18101,18002,2026-04-30T05:39:00,19003,37012,E,40.417023,-3.7031636,10,True,1,6
2026-04-30T03:35:44Z,1017J19512C5,19512,C5,0,35607,35606,2026-04-30T06:01:00,35012,35607,E,40.330883,-3.8823783,10,False,2,1
2026-04-30T03:35:44Z,1017J20704C5,20704,C5,0,35607,35606,2026-04-30T06:07:00,35002,35607,E,40.330883,-3.8823783,10,False,2,1
2026-04-30T03:35:44Z,1017J20703C5,20703,C5,0,35002,35010,2026-04-30T05:48:00,35607,35002,E,40.283237,-3.7991464,10,False,1,1
2026-04-30T03:35:44Z,1017J20600C8b,20600,C8b,0,12006,12005,2026-04-30T06:03:00,70200,12006,E,40.737614,-4.0662985,10,False,2,1
2026-04-30T03:35:44Z,1017J20702C5,20702,C5,0,35605,35605,2026-04-30T05:35:00,35002,35607,A,40.3503,-3.8317595,10,False,1,1
2026-04-30T03:35:44Z,1017J21303C10,21303,C10,-2,10000,18005,2026-04-30T05:40:00,17000,10000,E,40.421413,-3.7190256,10,False,1,1
2026-04-30T03:35:44Z,1017J20402C4b,20402,C4b,0,17005,17004,2026-04-30T05:48:00,37012,17005,E,40.644844,-3.7762609,10,True,3,3
2026-04-30T03:35:44Z,1017J21501C2,21501,C2,2,70107,70103,2026-04-30T05:41:00,10203,70200,9.0,40.503384,-3.337766,10,False,1,5
2026-04-30T03:35:44Z,1017J20204C4,20204,C4,4,18002,18101,2026-04-30T05:38:00,37012,17000,39.0,40.433807,-3.6932433,10,True,8,2
2026-04-30T03:35:44Z,1017J21500C2,21500,C2,4,70108,70101,2026-04-30T05:39:00,70200,17000,E,40.423397,-3.561349,10,True,2,2
2026-04-30T03:35:44Z,1017J20212C4a,20212,C4a,-1,19003,19002,2026-04-30T05:43:00,37012,19003,E,40.546417,-3.6351175,10,True,2,2
2026-04-30T03:35:44Z,1017J19527C5,19527,C5,0,35012,35002,2026-04-30T06:05:00,35607,35012,E,40.25559,-3.8284667,10,False,1,1
2026-04-30T03:35:44Z,1017J20202C4,20202,C4,0,37001,37010,2026-04-30T05:37:00,37012,18000,E,40.34132,-3.7123663,10,False,2,2
2026-04-30T03:35:44Z,1017J20409C4b,20409,C4b,0,18000,18101,2026-04-30T05:59:00,17005,18000,E,40.40654,-3.6895106,10,True,6,1
2026-04-30T03:35:44Z,1017J20407C4b,20407,C4b,9,37011,37011,2026-04-30T05:35:00,17005,37012,A,40.288372,-3.7373493,10,True,1,1
2026-04-30T03:35:44Z,1017J20406C4b,20406,C4b,0,17005,17004,2026-04-30T06:11:00,37012,17005,E,40.644844,-3.7762609,10,True,3,3
2026-04-30T03:35:44Z,1017J20208C4,20208,C4,0,17000,18002,2026-04-30T05:52:00,37012,17000,E,40.471325,-3.6833096,10,False,2,8
2026-04-30T03:35:44Z,1017J20207C4a,20207,C4a,0,18000,18101,2026-04-30T05:47:00,19003,18000,E,40.40654,-3.6895106,10,True,6,1
2026-04-30T03:35:44Z,1017J19502C5,19502,C5,0,35702,35703,2026-04-30T05:35:00,35012,35607,S,40.3791,-3.6987777,10,False,2,2
2026-04-30T03:35:44Z,1017J20211C4a,20211,C4a,0,37002,37010,2026-04-30T06:02:00,19003,37002,E,40.309868,-3.733689,10,True,1,1
2026-04-30T03:35:44Z,1017J21100C10,21100,C10,1,10104,10103,2026-04-30T05:40:00,17000,10200,E,40.60039,-3.98222,10,False,2,2
2026-04-30T03:35:44Z,1017J21508C2,21508,C2,0,17000,18002,2026-04-30T06:00:00,70200,17000,E,40.47097,-3.68245,10,False,12,2
2026-04-30T03:35:44Z,1017J21506C2,21506,C2,0,17000,18002,2026-04-30T05:44:00,70200,17000,E,40.47097,-3.68245,10,False,12,2
2026-04-30T03:35:44Z,1017J21504C2,21504,C2,2,18002,18001,2026-04-30T05:38:00,70200,18002,39.0,40.437374,-3.6904044,10,False,2,2
2026-04-30T03:35:44Z,1017J21503C2,21503,C2,0,70200,70105,2026-04-30T05:43:00,17000,70200,E,40.644257,-3.1823237,10,False,1,1
2026-04-30T03:35:44Z,1017J21701C2,21701,C2,3,18001,18002,2026-04-30T05:39:00,17000,18000,14.0,40.42669,-3.6900544,10,True,1,1
2026-04-30T03:35:44Z,1017J78002C3,78002,C3,0,60107,60107,2026-04-30T05:35:00,60200,17000,A,40.342415,-3.6838048,10,False,2,2
2026-04-30T03:35:44Z,1017J78004C3,78004,C3,2,18002,18101,2026-04-30T05:39:00,60200,17000,E,40.4466,-3.6920877,10,True,8,2
2026-04-30T03:40:48Z,3017J23501C1,23501,C1,3,50702,50702,2026-04-30T05:44:23,50600,51003,A,37.54619,-5.8666563,30,False,1,1
2026-04-30T03:40:48Z,3017J23601C4,23601,C4,0,51003,51003,2026-04-30T05:54:00,51003,51003,A,37.392242,-5.974642,30,False,8,8
2026-04-30T03:40:48Z,3017J23500C1,23500,C1,2,51200,51202,2026-04-30T05:54:23,51203,51003,E,37.18487,-5.7904587,30,False,2,2
2026-04-30T03:40:48Z,3017J23502C1,23502,C1,0,51003,51003,2026-04-30T05:55:00,51200,51003,A,37.392567,-5.9749837,30,False,9,9
2026-04-30T03:40:48Z,3217J23303C1,23303,C1,0,54509,54509,2026-04-30T05:41:03,54516,54517,A,36.622364,-4.49936,32,False,1,1
2026-04-30T03:40:48Z,3217J23305C1,23305,C1,0,54517,54517,2026-04-30T05:55:00,54516,54517,A,36.715366,-4.4266005,32,False,1,1
2026-04-30T03:40:48Z,3217J23151C2,23151,C2,0,54517,54517,2026-04-30T05:44:00,54405,54517,A,36.715366,-4.4266005,32,False,1,1
2026-04-30T03:40:48Z,4017J36002C2,36002,C2,0,64006,64006,2026-04-30T05:50:00,65000,64006,A,38.96917,-0.5866923,40,False,3,3
2026-04-30T03:40:48Z,4017J76201C1,76201,C1,0,65000,65000,2026-04-30T05:48:00,69110,65000,A,39.46634,-0.37753645,40,False,4,4
2026-04-30T03:40:48Z,4017J24380C6,24380,C6,0,65000,65000,2026-04-30T05:50:00,65312,65000,A,39.465065,-0.37811995,40,False,21,21
2026-04-30T03:40:48Z,5117J28404R2N,28404,R2N,0,79103,79103,2026-04-30T05:40:57,72400,79104,A,41.671745,2.4542186,50,True,2,2
2026-04-30T03:40:48Z,5117J87009R3,87009,R3,0,78802,78802,2026-04-30T05:50:00,77105,78802,A,41.430275,2.1831505,50,False,1,1
2026-04-30T03:40:48Z,5117J28402R2N,28402,R2N,2,79006,79011,2026-04-30T05:43:14,72400,79100,E,41.533474,2.2177799,50,True,2,2
2026-04-30T03:40:48Z,5117J28400R2N,28400,R2N,2,71801,71708,2026-04-30T05:47:07,72400,79100,E,41.37954,2.1411655,50,True,12,1
2026-04-30T03:40:48Z,5117J77201R2S,77201,R2S,0,71801,71801,2026-04-30T05:42:00,71600,79400,A,41.379513,2.1412146,50,False,,
2026-04-30T03:40:48Z,5117J87007R3,87007,R3,0,78802,78802,2026-04-30T05:45:00,77006,78802,A,41.430275,2.1831505,50,False,1,1
2026-04-30T03:40:48Z,5117J77200R2S,15046,R2S,4,71701,71701,2026-04-30T05:44:43,79400,71600,A,41.23921,1.8097008,50,False,2,2
2026-04-30T03:40:48Z,5117J78282R2,78282,R2,5,71705,71705,2026-04-30T05:41:35,79104,71700,A,41.27877,1.9793723,50,True,,
2026-04-30T03:40:48Z,5117J25602R1,25602,R1,2,79407,79406,2026-04-30T05:42:47,72305,79603,E,41.47691,2.310406,50,True,2,2
2026-04-30T03:40:48Z,5117J87008R3,87008,R3,0,78802,78802,2026-04-30T05:50:00,77105,78802,A,41.430275,2.1831505,50,False,1,1
2026-04-30T03:40:48Z,5117J87961R3,87961,R3,0,77006,77006,2026-04-30T05:45:00,78802,77006,A,41.61151,2.276686,50,False,,
2026-04-30T03:40:48Z,5117J77404R4,77404,R4,0,71600,71600,2026-04-30T05:55:00,78700,71600,A,41.186302,1.5250856,50,False,1,1
2026-04-30T03:40:48Z,5117J77702R4,77702,R4,0,78800,78800,2026-04-30T05:44:00,72209,78800,A,41.470253,2.1794534,50,True,5,5
2026-04-30T03:40:48Z,6017J26504C3,26504,C3,0,13200,13200,2026-04-30T05:50:00,13100,13200,A,43.260048,-2.928512,60,False,,
2026-04-30T03:40:48Z,6017J26000C2,26000,C2,10,13501,13400,2026-04-30T05:44:20,13200,13506,6.0,43.304092,-3.0085034,60,False,1,2
2026-04-30T03:40:48Z,6017J26002C2,26002,C2,1,13504,13504,2026-04-30T05:40:44,13200,13506,A,43.31141,-3.0604117,60,False,1,1
2026-04-30T03:40:48Z,6017J26103C1,26103,C1,0,13200,13200,2026-04-30T05:43:00,13405,13200,A,43.260048,-2.928513,60,False,,
2026-04-30T03:40:48Z,6017J26502C3,26502,C3,-1,13110,13110,2026-04-30T05:43:13,13100,13200,A,43.17912,-2.9028738,60,False,2,2
2026-04-30T03:40:48Z,6017J26005C2,26005,C2,0,13200,13200,2026-04-30T05:54:00,13506,13200,A,43.260166,-2.9285789,60,False,,
2026-04-30T03:40:48Z,6017J26004C2,26004,C2,0,13506,13506,2026-04-30T05:54:00,13200,13506,A,43.321514,-3.1123157,60,False,1,1
2026-04-30T03:40:48Z,6217J71152C2,71152,C2,0,14223,14223,2026-04-30T05:45:00,05637,14223,A,43.45811,-3.8111749,62,True,1AM,1AM
2026-04-30T03:40:48Z,6217J71351C3,71351,C3,0,14223,14223,2026-04-30T05:50:00,05671,14223,A,43.45811,-3.8111749,62,True,9AM,9AM
2026-04-30T03:40:48Z,2017J70502C7,70502,C7,0,05325,05327,2026-04-30T06:18:00,05329,05325,E,43.490948,-6.1104946,20,False,4,2
2026-04-30T03:40:48Z,2017J70501C7,70501,C7,0,05311,05308,2026-04-30T05:51:00,15211,05311,E,43.34864,-5.9676714,20,False,1,1
2026-04-30T03:40:48Z,2017J70500C7,70500,C7,0,05306,05308,2026-04-30T05:42:00,05311,15211,E,43.368706,-5.9585757,20,False,2,2
2026-04-30T03:40:48Z,2017J80851C6,80851,C6,0,05509,05511,2026-04-30T05:47:00,05534,05509,E,43.3823,-5.7026434,20,False,1,1
2026-04-30T03:40:48Z,2017J70400C5,70400,C5,0,05436,05435,2026-04-30T05:40:00,15410,05443,S,43.27836,-5.615333,20,False,1,1
2026-04-30T03:40:48Z,2017J70900C8,70900,C8,0,05373,05375,2026-04-30T05:43:00,05389,05373,E,43.21386,-5.784103,20,False,2,2
2026-04-30T03:40:48Z,2017J22000C1,22000,C1,0,15211,15218,2026-04-30T05:57:00,15122,15211,E,43.36655,-5.854991,20,False,2,2
2026-04-30T03:40:48Z,2017J22103C1,22103,C1,0,15218,15211,2026-04-30T05:45:00,15410,15218,E,43.3588,-5.8573804,20,False,1,1
2026-04-30T03:40:48Z,2017J22200C2,22200,C2,0,15211,15218,2026-04-30T05:47:00,16011,15211,E,43.366478,-5.855087,20,False,2,2
2026-04-30T03:40:48Z,2017J22303C3,22303,C3,0,15218,15211,2026-04-30T05:55:00,16405,15218,E,43.3588,-5.8573804,20,False,1,1
2026-04-30T03:40:48Z,1017J78006C3,78006,C3,0,17000,18002,2026-04-30T06:01:00,60200,17000,E,40.471382,-3.6834786,10,True,2,8
2026-04-30T03:40:48Z,1017J21804C7,21804,C7,0,10000,10001,2026-04-30T06:13:00,70103,10000,E,40.42163,-3.7193205,10,True,2,2
2026-04-30T03:40:48Z,1017J21800C7,21800,C7,0,17000,18002,2026-04-30T05:53:00,70103,17000,E,40.47113,-3.6828332,10,True,7,2
2026-04-30T03:40:48Z,1017J21512C2,21512,C2,0,17000,18002,2026-04-30T06:14:00,70200,17000,E,40.47097,-3.68245,10,False,12,2
2026-04-30T03:40:48Z,1017J21510C2,21510,C2,0,17000,18002,2026-04-30T06:09:00,70200,17000,E,40.47097,-3.68245,10,False,12,2
2026-04-30T03:40:48Z,1017J20706C5,20706,C5,0,35607,35606,2026-04-30T06:12:00,35002,35607,E,40.330883,-3.8823783,10,False,2,1
2026-04-30T03:40:48Z,1017J20704C5,20704,C5,0,35607,35606,2026-04-30T06:07:00,35002,35607,E,40.330883,-3.8823783,10,False,2,1
2026-04-30T03:40:48Z,1017J20703C5,20703,C5,0,35002,35010,2026-04-30T05:48:00,35607,35002,E,40.283237,-3.7991464,10,False,1,1
2026-04-30T03:40:48Z,1017J21500C2,21500,C2,4,70101,70102,2026-04-30T05:44:00,70200,17000,E,40.44277,-3.5339844,10,False,2,2
2026-04-30T03:40:48Z,1017J20202C4,20202,C4,3,37010,37002,2026-04-30T05:43:00,37012,18000,20.0,40.320484,-3.7286344,10,False,2,2
2026-04-30T03:40:48Z,1017J20209C4a,20209,C4a,2,37011,37002,2026-04-30T05:42:00,19003,37012,E,40.288372,-3.7373493,10,True,1,1
2026-04-30T03:40:48Z,1017J21100C10,21100,C10,1,10103,10101,2026-04-30T05:45:00,17000,10200,12.0,40.57007,-3.949824,10,True,2,2
2026-04-30T03:40:48Z,1017J20208C4,20208,C4,0,17000,18002,2026-04-30T05:52:00,37012,17000,E,40.471325,-3.6833096,10,False,2,8
2026-04-30T03:40:48Z,1017J21508C2,21508,C2,0,17000,18002,2026-04-30T06:00:00,70200,17000,E,40.47097,-3.68245,10,False,12,2
2026-04-30T03:40:48Z,1017J21506C2,21506,C2,0,17000,18002,2026-04-30T05:44:00,70200,17000,E,40.47097,-3.68245,10,False,12,2
2026-04-30T03:40:48Z,1017J20207C4a,20207,C4a,0,18000,18101,2026-04-30T05:47:00,19003,18000,E,40.40654,-3.6895106,10,True,6,1
2026-04-30T03:40:48Z,1017J21504C2,21504,C2,0,18000,70002,2026-04-30T05:46:00,70200,18002,E,40.40667,-3.689395,10,False,3,2
2026-04-30T03:40:48Z,1017J20206C4,20206,C4,0,37001,37010,2026-04-30T06:08:00,37012,37001,E,40.34132,-3.7123663,10,True,2,2
2026-04-30T03:40:48Z,1017J78002C3,78002,C3,7,60100,60107,2026-04-30T05:42:00,60200,17000,30.0,40.349598,-3.6838713,10,True,3,2
2026-04-30T03:40:48Z,1017J20205C4a,20205,C4a,2,18002,17000,2026-04-30T05:46:00,19003,37012,10.0,40.44919,-3.691407,10,True,6,3
2026-04-30T03:40:48Z,1017J78004C3,78004,C3,2,18101,18000,2026-04-30T05:45:00,60200,17000,E,40.417023,-3.7031636,10,True,2,7
2026-04-30T03:40:48Z,1017J78003C3,78003,C3,1,60109,60101,2026-04-30T05:42:00,17000,60200,E,40.318535,-3.7097142,10,False,1,1
2026-04-30T03:40:48Z,1017J19800C1,19800,C1,0,17000,98003,2026-04-30T05:54:00,98305,17000,E,40.47102,-3.6825693,10,False,12,2
2026-04-30T03:40:48Z,1017J19803C1,19803,C1,0,98305,98304,2026-04-30T05:59:00,17000,98305,E,40.4924,-3.593483,10,False,2,1
2026-04-30T03:40:48Z,1017J20600C8b,20600,C8b,0,12006,12005,2026-04-30T06:03:00,70200,12006,E,40.737614,-4.0662985,10,False,2,1
2026-04-30T03:40:48Z,1017J19527C5,19527,C5,0,35012,35002,2026-04-30T06:05:00,35607,35012,E,40.25559,-3.8284667,10,False,1,1
2026-04-30T03:40:48Z,1017J20204C4,20204,C4,0,18000,18000,2026-04-30T05:40:00,37012,17000,A,40.40654,-3.6895106,10,True,7,7
2026-04-30T03:40:48Z,1017J19531C5,19531,C5,0,35012,35002,2026-04-30T06:10:00,35607,35012,E,40.25559,-3.8284667,10,False,1,1
2026-04-30T03:40:48Z,1017J21809C7,21809,C7,0,70103,70111,2026-04-30T06:04:00,10000,70103,E,40.4889,-3.3666708,10,False,5,1
2026-04-30T03:40:48Z,1017J20409C4b,20409,C4b,0,18000,18101,2026-04-30T05:59:00,17005,18000,E,40.40654,-3.6895106,10,True,6,1
2026-04-30T03:40:48Z,1017J21807C7,21807,C7,0,18000,18001,2026-04-30T06:10:00,10000,18000,E,40.40667,-3.6893938,10,False,2,1
2026-04-30T03:40:48Z,1017J20407C4b,20407,C4b,11,37002,37010,2026-04-30T05:42:00,17005,37012,E,40.309868,-3.733689,10,True,1,1
2026-04-30T03:40:48Z,1017J21501C2,21501,C2,0,70111,70111,2026-04-30T05:41:00,10203,70200,A,40.480347,-3.39294,10,False,1,1
2026-04-30T03:40:48Z,1017J20406C4b,20406,C4b,0,17005,17004,2026-04-30T06:11:00,37012,17005,E,40.644844,-3.7762609,10,True,3,3
2026-04-30T03:40:48Z,1017J21303C10,21303,C10,0,10000,18005,2026-04-30T05:42:00,17000,10000,E,40.421413,-3.7190256,10,False,1,1
2026-04-30T03:40:48Z,1017J20212C4a,20212,C4a,-1,19003,19002,2026-04-30T05:43:00,37012,19003,E,40.546417,-3.6351175,10,True,2,2
2026-04-30T03:40:48Z,1017J19502C5,19502,C5,0,37001,37001,2026-04-30T05:40:00,35012,35607,A,40.34132,-3.7123663,10,False,6,6
2026-04-30T03:40:48Z,1017J20211C4a,20211,C4a,0,37002,37010,2026-04-30T06:02:00,19003,37002,E,40.309868,-3.733689,10,True,1,1
2026-04-30T03:40:48Z,1017J20405C4b,20405,C4b,0,17000,17001,2026-04-30T05:43:00,17005,18000,40.0,40.48291,-3.6777256,10,True,5,1
2026-04-30T03:40:48Z,1017J20402C4b,20402,C4b,0,17005,17004,2026-04-30T05:48:00,37012,17005,E,40.644844,-3.7762609,10,True,3,3
2026-04-30T03:40:48Z,1017J21703C2,21703,C2,3,70003,70002,2026-04-30T05:42:00,10203,70103,30.0,40.376987,-3.6600878,10,False,1,1
2026-04-30T03:40:48Z,1017J20216C4a,20216,C4a,0,19003,19002,2026-04-30T06:07:00,37012,19003,E,40.546417,-3.6351175,10,True,2,2
2026-04-30T03:40:48Z,1017J20702C5,20702,C5,0,35604,35603,2026-04-30T05:41:00,35002,35607,86.0,40.37529,-3.7953665,10,False,1,1
2026-04-30T03:40:48Z,1017J19521C5,19521,C5,0,35012,35002,2026-04-30T05:59:00,35607,35012,E,40.25559,-3.8284667,10,False,1,1
2026-04-30T03:40:48Z,1017J21200C10,21200,C10,0,17000,18002,2026-04-30T06:06:00,10200,17000,E,40.470848,-3.682503,10,False,8,4
2026-04-30T03:40:48Z,1017J21605C2,21605,C2,-2,70200,70105,2026-04-30T06:01:00,12006,70200,E,40.644257,-3.1823237,10,False,1,1
2026-04-30T03:40:48Z,1017J21603C2,21603,C2,2,70104,70107,2026-04-30T05:44:00,12006,70200,E,40.53455,-3.2985828,10,False,1,1
2026-04-30T03:40:48Z,1017J19508C5,19508,C5,0,35607,35606,2026-04-30T05:42:00,35012,35607,30.0,40.332737,-3.8761098,10,False,2,1
2026-04-30T03:40:48Z,1017J19509C5,19509,C5,0,35001,35001,2026-04-30T05:39:00,35607,35012,A,40.328766,-3.7714624,10,False,1,1
2026-04-30T03:40:48Z,1017J19504C5,19504,C5,0,35609,18000,2026-04-30T05:44:00,35012,35607,E,40.405067,-3.7026901,10,False,1,10
2026-04-30T03:40:48Z,1017J21601C2,21601,C2,0,70108,70100,2026-04-30T05:43:00,12006,70200,40.0,40.41406,-3.574764,10,True,1,1
2026-04-30T03:40:48Z,1017J35975C2,35975,C2,0,70200,70105,2026-04-30T06:11:00,17000,70200,E,40.644257,-3.1823237,10,False,1,1
2026-04-30T03:40:48Z,1017J35973C2,35973,C2,3,70102,70101,2026-04-30T05:45:00,17000,70103,26.0,40.451565,-3.4938145,10,True,1,3
2026-04-30T03:40:48Z,1017J19503C5,19503,C5,0,18003,18000,2026-04-30T05:43:00,35607,35012,20.0,40.398163,-3.6797502,10,False,1,9
2026-04-30T03:40:48Z,1017J19505C5,19505,C5,0,37001,35704,2026-04-30T05:40:00,35607,35012,S,40.34132,-3.7123663,10,False,4,1
2026-04-30T03:40:48Z,1017J19510C5,19510,C5,0,35607,35606,2026-04-30T05:53:00,35012,35607,E,40.330883,-3.8823783,10,False,2,1
2026-04-30T03:40:48Z,1017J19513C5,19513,C5,0,35002,35002,2026-04-30T05:41:00,35607,35012,A,40.283237,-3.7991464,10,False,1,1
2026-04-30T03:40:48Z,1017J19512C5,19512,C5,0,35607,35606,2026-04-30T06:01:00,35012,35607,E,40.330883,-3.8823783,10,False,2,1
2026-04-30T03:40:48Z,1017J19515C5,19515,C5,0,35012,35002,2026-04-30T05:53:00,35607,35012,E,40.25559,-3.8284667,10,False,1,1
2026-04-30T03:40:48Z,1017J21001C8a,21001,C8a,0,17000,97201,2026-04-30T06:03:00,10203,17000,E,40.47113,-3.6828332,10,False,11,1
2026-04-30T03:40:48Z,1017J21000C8a,21000,C8a,0,10203,10202,2026-04-30T05:50:00,70200,10203,E,40.58532,-4.1321955,10,False,3,2
2026-04-30T03:45:41Z,3017J23501C1,23501,C1,3,50702,50701,2026-04-30T05:50:14,50600,51003,E,37.54619,-5.8666563,30,False,1,1
2026-04-30T03:45:41Z,3017J23601C4,23601,C4,0,51003,51003,2026-04-30T05:54:00,51003,51003,A,37.392242,-5.974642,30,False,8,8
2026-04-30T03:45:41Z,3017J23505C1,23505,C1,0,51200,51200,2026-04-30T06:00:00,50600,51200,A,37.18487,-5.7904587,30,False,3,3
2026-04-30T03:45:41Z,3017J23502C1,23502,C1,0,51003,51003,2026-04-30T05:55:00,51200,51003,A,37.392567,-5.9749837,30,False,9,9
2026-04-30T03:45:41Z,3217J23305C1,23305,C1,0,54517,54517,2026-04-30T05:55:00,54516,54517,A,36.715366,-4.4266005,32,False,1,1
2026-04-30T03:45:41Z,4017J76201C1,76201,C1,0,65000,65000,2026-04-30T05:48:00,69110,65000,A,39.46634,-0.37753645,40,False,4,4
2026-04-30T03:45:41Z,4017J76600C3,76600,C3,0,66206,66206,2026-04-30T06:00:00,65002,66206,A,39.427246,-0.7875172,40,False,1,1
2026-04-30T03:45:41Z,4017J24380C6,24380,C6,0,65000,65000,2026-04-30T05:50:00,65312,65000,A,39.465065,-0.37811995,40,False,21,21
2026-04-30T03:45:41Z,4017J36002C2,36002,C2,0,64006,64006,2026-04-30T05:50:00,65000,64006,A,38.96917,-0.5866923,40,False,3,3
2026-04-30T03:45:41Z,5117J87332R3,87332,R3,0,78802,78802,2026-04-30T06:00:00,77109,78802,A,41.430275,2.1831505,50,False,1,1
2026-04-30T03:45:41Z,5117J28404R2N,28404,R2N,1,79102,79102,2026-04-30T05:46:29,72400,79104,A,41.637882,2.4045222,50,True,2,2
2026-04-30T03:45:41Z,5117J77508R4,77508,R4,0,78700,78700,2026-04-30T06:00:00,71600,78700,A,41.56993,2.0143688,50,False,-,-
2026-04-30T03:45:41Z,5117J87009R3,87009,R3,0,78802,78802,2026-04-30T05:50:00,77105,78802,A,41.430275,2.1831505,50,False,1,1
2026-04-30T03:45:41Z,5117J67201R15,67201,R15,0,71707,71707,2026-04-30T06:00:00,71600,71707,A,41.330997,2.0893226,50,False,,
2026-04-30T03:45:41Z,5117J77400R4,77400,R4,3,72208,72208,2026-04-30T05:46:27,78700,71600,A,41.44866,1.865482,50,False,2,2
2026-04-30T03:45:41Z,5117J77203R2S,77203,R2S,0,79400,79400,2026-04-30T05:57:00,71600,79400,A,41.3834,2.1864636,50,False,14,14
2026-04-30T03:45:41Z,5117J77200R2S,15046,R2S,3,71701,71703,2026-04-30T05:54:18,79400,71600,E,41.23921,1.8097008,50,False,2,2
2026-04-30T03:45:41Z,5117J25604R1,25604,R1,2,79500,79500,2026-04-30T05:47:30,72305,79603,A,41.53325,2.4456325,50,True,2,2
2026-04-30T03:45:41Z,5117J87400R3,87400,R3,0,78802,78802,2026-04-30T06:00:00,77102,78802,A,41.430275,2.1831505,50,False,1,1
2026-04-30T03:45:41Z,5117J78280R2,78280,R2,15,71801,71802,2026-04-30T05:49:18,79200,71700,E,41.37951,2.1412168,50,True,14,
2026-04-30T03:45:41Z,5117J87008R3,87008,R3,0,78802,78802,2026-04-30T05:50:00,77105,78802,A,41.430275,2.1831505,50,False,1,1
2026-04-30T03:45:41Z,5117J78282R2,78282,R2,6,71706,71706,2026-04-30T05:46:33,79104,71700,A,41.30321,2.0106592,50,True,2,2
2026-04-30T03:45:41Z,5117J25701R1,25701,R1,0,72305,72305,2026-04-30T05:57:00,79600,72305,A,41.36431,2.1008937,50,True,,
2026-04-30T03:45:41Z,5117J87316R3,87316,R3,0,77102,77102,2026-04-30T06:00:00,78802,77102,A,41.684612,2.2886152,50,False,,
2026-04-30T03:45:41Z,5117J87397R3,87397,R3,0,77109,77109,2026-04-30T06:00:00,78802,77109,A,41.931114,2.248626,50,False,,
2026-04-30T03:45:41Z,5117J77702R4,77702,R4,1,78800,78801,2026-04-30T05:48:20,72209,78800,8.0,41.469536,2.179067,50,True,5,2
2026-04-30T03:45:41Z,6017J26504C3,26504,C3,0,13200,13200,2026-04-30T05:50:00,13100,13200,A,43.260048,-2.928512,60,False,,
2026-04-30T03:45:41Z,6017J26602C3,26602,C3,0,13200,13200,2026-04-30T06:00:00,13106,13200,A,43.260048,-2.928512,60,False,,
2026-04-30T03:45:41Z,6017J26102C1,26102,C1,1,13400,13400,2026-04-30T05:45:40,13200,13405,A,43.300285,-2.9842513,60,False,2,2
2026-04-30T03:45:41Z,6017J26004C2,26004,C2,0,13506,13506,2026-04-30T05:54:00,13200,13506,A,43.321514,-3.1123157,60,False,1,1
2026-04-30T03:45:41Z,6017J71501C4,71501,C4,1,05475,05474,2026-04-30T05:48:47,05451,05485,E,43.21283,-3.1333232,60,False,1,1
2026-04-30T03:45:41Z,6017J26104C1,26104,C1,0,13405,13405,2026-04-30T05:59:00,13200,13405,A,43.328575,-3.0296164,60,False,1,1
2026-04-30T03:45:41Z,6017J26005C2,26005,C2,0,13200,13200,2026-04-30T05:54:00,13506,13200,A,43.260166,-2.9285789,60,False,,
2026-04-30T03:45:41Z,6217J71150C2,71150,C2,1,05621,05621,2026-04-30T05:46:22,05637,14223,A,43.35116,-4.0512547,62,True,1,1
2026-04-30T03:45:41Z,6217J71351C3,71351,C3,0,14223,14223,2026-04-30T05:50:00,05671,14223,A,43.45811,-3.8111749,62,True,7AM,7AM
2026-04-30T03:45:41Z,6217J71104C2,71104,C2,0,14223,14223,2026-04-30T05:58:00,05623,14223,A,43.45811,-3.8111749,62,True,2AM,2AM
2026-04-30T03:45:41Z,2017J70502C7,70502,C7,0,05325,05327,2026-04-30T06:18:00,05329,05325,E,43.490948,-6.1104946,20,False,4,2
2026-04-30T03:45:41Z,2017J22002C1,22002,C1,0,15211,15218,2026-04-30T06:17:00,15122,15211,E,43.36655,-5.854991,20,False,2,2
2026-04-30T03:45:41Z,2017J70501C7,70501,C7,0,05311,05308,2026-04-30T05:51:00,15211,05311,E,43.34864,-5.9676714,20,False,1,1
2026-04-30T03:45:41Z,2017J22200C2,22200,C2,0,15211,15218,2026-04-30T05:47:00,16011,15211,E,43.366478,-5.855087,20,False,2,2
2026-04-30T03:45:41Z,2017J22303C3,22303,C3,0,15218,15211,2026-04-30T05:55:00,16405,15218,E,43.3588,-5.8573804,20,False,1,1
2026-04-30T03:45:41Z,2017J22101C1,22101,C1,0,15303,15303,2026-04-30T05:41:00,15410,15218,A,43.52077,-5.746301,20,False,1,1
2026-04-30T03:45:41Z,2017J70400C5,70400,C5,0,05432,05431,2026-04-30T05:47:00,15410,05443,E,43.289085,-5.6529665,20,False,1,1
2026-04-30T03:45:41Z,2017J22000C1,22000,C1,0,15211,15218,2026-04-30T05:57:00,15122,15211,E,43.36655,-5.854991,20,False,2,2
2026-04-30T03:45:41Z,2017J70900C8,70900,C8,0,05375,05376,2026-04-30T05:46:00,05389,05373,86.0,43.196796,-5.7792473,20,False,2,2
2026-04-30T03:45:41Z,2017J22004C1,22004,C1,0,15410,15401,2026-04-30T06:14:00,15118,15410,E,43.537712,-5.676047,20,False,2,2
2026-04-30T03:45:41Z,2017J22103C1,22103,C1,0,15211,15217,2026-04-30T05:48:00,15410,15218,E,43.36655,-5.854991,20,False,1,1
2026-04-30T03:45:41Z,1017J21804C7,21804,C7,0,10000,10001,2026-04-30T06:13:00,70103,10000,E,40.42163,-3.7193205,10,True,2,2
2026-04-30T03:45:41Z,1017J21800C7,21800,C7,0,17000,18002,2026-04-30T05:53:00,70103,17000,E,40.47113,-3.6828332,10,True,7,2
2026-04-30T03:45:41Z,1017J21104C10,21104,C10,0,10200,10104,2026-04-30T06:14:00,17000,10200,E,40.62599,-4.0081153,10,False,4,2
2026-04-30T03:45:41Z,1017J20709C5,20709,C5,0,35002,35010,2026-04-30T06:16:00,35607,35002,E,40.283237,-3.7991464,10,False,1,1
2026-04-30T03:45:41Z,1017J21500C2,21500,C2,5,70102,70112,2026-04-30T05:49:00,70200,17000,15.0,40.45589,-3.4739165,10,True,2,2
2026-04-30T03:45:41Z,1017J20209C4a,20209,C4a,5,37002,37010,2026-04-30T05:47:00,19003,37012,30.0,40.31387,-3.7318363,10,True,1,1
2026-04-30T03:45:41Z,1017J21100C10,21100,C10,0,10101,10100,2026-04-30T05:48:00,17000,10200,E,40.552284,-3.8969665,10,True,2,4
2026-04-30T03:45:41Z,1017J20208C4,20208,C4,0,17000,18002,2026-04-30T05:52:00,37012,17000,E,40.471325,-3.6833096,10,False,2,8
2026-04-30T03:45:41Z,1017J21508C2,21508,C2,0,17000,18002,2026-04-30T06:00:00,70200,17000,E,40.47097,-3.68245,10,False,12,2
2026-04-30T03:45:41Z,1017J21506C2,21506,C2,1,18002,18001,2026-04-30T05:49:00,70200,17000,E,40.44655,-3.691473,10,False,2,2
2026-04-30T03:45:41Z,1017J20207C4a,20207,C4a,0,18000,18101,2026-04-30T05:47:00,19003,18000,E,40.40654,-3.6895106,10,True,6,1
2026-04-30T03:45:41Z,1017J21505C2,21505,C2,-2,70200,70105,2026-04-30T06:18:00,17000,70200,E,40.644257,-3.1823237,10,True,1,1
2026-04-30T03:45:41Z,1017J20206C4,20206,C4,0,37001,37010,2026-04-30T06:08:00,37012,37001,E,40.34132,-3.7123663,10,True,2,2
2026-04-30T03:45:41Z,1017J21504C2,21504,C2,0,70002,70003,2026-04-30T05:48:00,70200,18002,E,40.381775,-3.6681283,10,False,2,2
2026-04-30T03:45:41Z,1017J20601C8b,20601,C8b,0,17000,97201,2026-04-30T06:17:00,12006,17000,E,40.47113,-3.6828332,10,True,11,1
2026-04-30T03:45:41Z,1017J78002C3,78002,C3,8,60101,60109,2026-04-30T05:48:00,60200,17000,S,40.331753,-3.6989367,10,False,2,2
2026-04-30T03:45:41Z,1017J78003C3,78003,C3,0,60107,60107,2026-04-30T05:44:00,17000,60200,A,40.342415,-3.6838048,10,False,1,1
2026-04-30T03:45:41Z,1017J78006C3,78006,C3,0,17000,18002,2026-04-30T06:01:00,60200,17000,E,40.471382,-3.6834786,10,True,2,8
2026-04-30T03:45:41Z,1017J20205C4a,20205,C4a,2,17000,17001,2026-04-30T05:49:00,19003,37012,15.0,40.47592,-3.6813972,10,True,3,1
2026-04-30T03:45:41Z,1017J20600C8b,20600,C8b,0,12006,12005,2026-04-30T06:03:00,70200,12006,E,40.737614,-4.0662985,10,False,2,1
2026-04-30T03:45:41Z,1017J21809C7,21809,C7,0,70103,70111,2026-04-30T06:04:00,10000,70103,E,40.4889,-3.3666708,10,False,5,1
2026-04-30T03:45:41Z,1017J21807C7,21807,C7,0,18000,18001,2026-04-30T06:10:00,10000,18000,E,40.40667,-3.6893938,10,False,2,1
2026-04-30T03:45:41Z,1017J21501C2,21501,C2,0,70112,70102,2026-04-30T05:48:00,10203,70200,E,40.464172,-3.4414766,10,True,1,1
2026-04-30T03:45:41Z,1017J78005C3,78005,C3,5,60105,60104,2026-04-30T05:51:00,17000,60200,S,40.159317,-3.6098835,10,False,1,1
2026-04-30T03:45:41Z,1017J78008C3,78008,C3,0,17000,18002,2026-04-30T06:16:00,60200,17000,E,40.471382,-3.6834786,10,True,2,8
2026-04-30T03:45:41Z,1017J21512C2,21512,C2,0,17000,18002,2026-04-30T06:14:00,70200,17000,E,40.47097,-3.68245,10,False,12,2
2026-04-30T03:45:41Z,1017J21510C2,21510,C2,0,17000,18002,2026-04-30T06:09:00,70200,17000,E,40.47097,-3.68245,10,False,12,2
2026-04-30T03:45:41Z,1017J19799C1,19799,C1,4,98304,98305,2026-04-30T05:49:00,98305,18000,E,40.481907,-3.616286,10,False,2,1
2026-04-30T03:45:41Z,1017J20706C5,20706,C5,0,35607,35606,2026-04-30T06:12:00,35002,35607,E,40.330883,-3.8823783,10,False,2,1
2026-04-30T03:45:41Z,1017J20704C5,20704,C5,0,35607,35606,2026-04-30T06:07:00,35002,35607,E,40.330883,-3.8823783,10,False,2,1
2026-04-30T03:45:41Z,1017J20703C5,20703,C5,0,35002,35010,2026-04-30T05:48:00,35607,35002,E,40.283237,-3.7991464,10,False,1,1
2026-04-30T03:45:41Z,1017J21303C10,21303,C10,3,18005,18004,2026-04-30T05:48:00,17000,10000,20.0,40.401894,-3.7076557,10,False,1,1
2026-04-30T03:45:41Z,1017J20212C4a,20212,C4a,1,19002,19001,2026-04-30T05:48:00,37012,19003,E,40.54745,-3.6543186,10,False,2,2
2026-04-30T03:45:41Z,1017J19502C5,19502,C5,0,35009,35009,2026-04-30T05:43:00,35012,35607,A,40.34086,-3.7482634,10,False,2,2
2026-04-30T03:45:41Z,1017J20211C4a,20211,C4a,0,37002,37010,2026-04-30T06:02:00,19003,37002,E,40.309868,-3.733689,10,True,1,1
2026-04-30T03:45:41Z,1017J20702C5,20702,C5,0,35602,35601,2026-04-30T05:45:00,35002,35607,S,40.381268,-3.7802126,10,False,1,1
2026-04-30T03:45:41Z,1017J19521C5,19521,C5,0,35012,35002,2026-04-30T05:59:00,35607,35012,E,40.25559,-3.8284667,10,False,1,1
2026-04-30T03:45:41Z,1017J21200C10,21200,C10,0,17000,18002,2026-04-30T06:06:00,10200,17000,E,40.470848,-3.682503,10,False,8,4
2026-04-30T03:45:41Z,1017J21605C2,21605,C2,-2,70200,70105,2026-04-30T06:01:00,12006,70200,E,40.644257,-3.1823237,10,False,1,1
2026-04-30T03:45:41Z,1017J21603C2,21603,C2,2,70107,70103,2026-04-30T05:51:00,12006,70200,E,40.50538,-3.3352833,10,False,1,5
2026-04-30T03:45:41Z,1017J21703C2,21703,C2,6,70002,18000,2026-04-30T05:52:00,10203,70103,S,40.381775,-3.6681283,10,False,1,2
2026-04-30T03:45:41Z,1017J20216C4a,20216,C4a,0,19003,19002,2026-04-30T06:07:00,37012,19003,E,40.546417,-3.6351175,10,True,2,2
2026-04-30T03:45:41Z,1017J19508C5,19508,C5,0,35610,35610,2026-04-30T05:45:00,35012,35607,A,40.34195,-3.8423326,10,False,1,1
2026-04-30T03:45:41Z,1017J21601C2,21601,C2,0,70109,70005,2026-04-30T05:48:00,12006,70200,S,40.38707,-3.6090817,10,False,1,1
2026-04-30T03:45:41Z,1017J35975C2,35975,C2,0,70200,70105,2026-04-30T06:11:00,17000,70200,E,40.644257,-3.1823237,10,False,1,1
2026-04-30T03:45:41Z,1017J35973C2,35973,C2,1,70101,98003,2026-04-30T05:56:00,17000,70103,E,40.44277,-3.5339844,10,False,3,1
2026-04-30T03:45:41Z,1017J19805C1,19805,C1,0,98305,98304,2026-04-30T06:14:00,17000,98305,E,40.4924,-3.593483,10,False,2,1
2026-04-30T03:45:41Z,1017J19800C1,19800,C1,0,17000,98003,2026-04-30T05:54:00,98305,17000,E,40.47102,-3.6825693,10,False,12,2
2026-04-30T03:45:41Z,1017J19803C1,19803,C1,0,98305,98304,2026-04-30T05:59:00,17000,98305,E,40.4924,-3.593483,10,False,2,1
2026-04-30T03:45:41Z,1017J19509C5,19509,C5,0,35009,37001,2026-04-30T05:45:00,35607,35012,S,40.34086,-3.7482634,10,False,1,4
2026-04-30T03:45:41Z,1017J19527C5,19527,C5,0,35012,35002,2026-04-30T06:05:00,35607,35012,E,40.25559,-3.8284667,10,False,1,1
2026-04-30T03:45:41Z,1017J19531C5,19531,C5,0,35012,35002,2026-04-30T06:10:00,35607,35012,E,40.25559,-3.8284667,10,False,1,1
2026-04-30T03:45:41Z,1017J20409C4b,20409,C4b,0,18000,18101,2026-04-30T05:59:00,17005,18000,E,40.40654,-3.6895106,10,True,6,1
2026-04-30T03:45:41Z,1017J20407C4b,20407,C4b,11,37001,60100,2026-04-30T05:50:00,17005,37012,E,40.34132,-3.7123663,10,True,1,2
2026-04-30T03:45:41Z,1017J20406C4b,20406,C4b,0,17005,17004,2026-04-30T06:11:00,37012,17005,E,40.644844,-3.7762609,10,True,3,3
2026-04-30T03:45:41Z,1017J19504C5,19504,C5,0,18000,18003,2026-04-30T05:46:00,35012,35607,80.0,40.398163,-3.6797502,10,False,10,2
2026-04-30T03:45:41Z,1017J19503C5,19503,C5,0,35609,35608,2026-04-30T05:49:00,35607,35012,E,40.405067,-3.7026901,10,False,2,2
2026-04-30T03:45:41Z,1017J19505C5,19505,C5,0,35702,35702,2026-04-30T05:44:00,35607,35012,A,40.3791,-3.6987777,10,False,1,1
2026-04-30T03:45:41Z,1017J20405C4b,20405,C4b,1,17001,17009,2026-04-30T05:49:00,17005,18000,32.0,40.517117,-3.6844425,10,True,1,1
2026-04-30T03:45:41Z,1017J19510C5,19510,C5,0,35607,35606,2026-04-30T05:53:00,35012,35607,E,40.330883,-3.8823783,10,False,2,1
2026-04-30T03:45:41Z,1017J19513C5,19513,C5,0,35011,35011,2026-04-30T05:44:00,35607,35012,A,40.312492,-3.78335,10,False,1,1
2026-04-30T03:45:41Z,1017J19512C5,19512,C5,0,35607,35606,2026-04-30T06:01:00,35012,35607,E,40.330883,-3.8823783,10,False,2,1
2026-04-30T03:45:41Z,1017J19518C5,19518,C5,0,35607,35606,2026-04-30T06:17:00,35012,35607,E,40.330883,-3.8823783,10,False,2,1
2026-04-30T03:45:41Z,1017J19515C5,19515,C5,0,35012,35002,2026-04-30T05:53:00,35607,35012,E,40.25559,-3.8284667,10,False,1,1
2026-04-30T03:45:41Z,1017J21001C8a,21001,C8a,0,17000,97201,2026-04-30T06:03:00,10203,17000,E,40.47113,-3.6828332,10,False,11,1
2026-04-30T03:45:41Z,1017J21000C8a,21000,C8a,0,10203,10202,2026-04-30T05:50:00,70200,10203,E,40.58532,-4.1321955,10,False,3,2
2026-04-30T03:45:41Z,1017J20402C4b,20402,C4b,3,17005,17004,2026-04-30T05:51:00,37012,17005,10.0,40.646427,-3.7654347,10,True,3,3
