timestamp_utc,tripId,codTren,codLinea,retrasoMin,codEstAct,codEstSig,horaLlegadaSigEst,codEstDest,codEstOrig,porAvanc,latitud,longitud,nucleo,accesible,via,nextVia
2026-07-30T00:03:24Z,1009J21268C10,21268,C10,-1335,10200,10200,2026-07-31T01:54:00,10200,17000,E,40.62599,-4.0081153,10,False,3,3
2026-07-30T00:03:24Z,1009J20645C8b,20645,C8b,-1345,12006,12006,2026-07-31T01:54:00,12006,17000,E,40.737614,-4.0662985,10,False,2,2
2026-07-30T00:08:00Z,1009J21268C10,21268,C10,-1335,10200,10200,2026-07-31T01:54:00,10200,17000,E,40.62599,-4.0081153,10,False,3,3
2026-07-30T00:08:00Z,1009J20645C8b,20645,C8b,-1345,12006,12006,2026-07-31T01:54:00,12006,17000,E,40.737614,-4.0662985,10,False,2,2
2026-07-30T00:12:49Z,1009J21268C10,21268,C10,-1335,10200,10200,2026-07-31T01:54:00,10200,17000,E,40.62599,-4.0081153,10,False,3,3
2026-07-30T00:12:49Z,1009J20645C8b,20645,C8b,-1345,12006,12006,2026-07-31T01:54:00,12006,17000,E,40.737614,-4.0662985,10,False,2,2
2026-07-30T00:17:58Z,1009J20330C4a,20330,C4a,-1266,18000,18000,2026-07-30T02:17:00,18000,19003,E,40.40654,-3.6895106,10,False,4,4
2026-07-30T00:23:27Z,1009J20330C4a,20330,C4a,-1264,18000,18000,2026-07-30T02:19:00,18000,19003,E,40.40654,-3.6895106,10,False,4,4
2026-07-30T00:27:52Z,1009J20330C4a,20330,C4a,-1256,18000,18000,2026-07-30T02:27:00,18000,19003,E,40.40654,-3.6895106,10,False,4,4
2026-07-30T00:33:25Z,1009J20330C4a,20330,C4a,-1251,18000,18000,2026-07-31T02:32:00,18000,19003,E,40.40654,-3.6895106,10,False,0,0
2026-07-30T00:37:59Z,1009J20330C4a,20330,C4a,-1251,18000,18000,2026-07-31T02:32:00,18000,19003,E,40.40654,-3.6895106,10,False,0,0
2026-07-30T00:42:53Z,1009J20330C4a,20330,C4a,-1251,18000,18000,2026-07-31T02:32:00,18000,19003,E,40.40654,-3.6895106,10,False,0,0
2026-07-30T00:47:47Z,1009J20330C4a,20330,C4a,-1251,18000,18000,2026-07-31T02:32:00,18000,19003,E,40.40654,-3.6895106,10,False,0,0
2026-07-30T00:52:56Z,1009J20330C4a,20330,C4a,-1251,18000,18000,2026-07-31T02:32:00,18000,19003,E,40.40654,-3.6895106,10,False,0,0
2026-07-30T00:57:55Z,1009J20330C4a,20330,C4a,-1251,18000,18000,2026-07-31T02:32:00,18000,19003,E,40.40654,-3.6895106,10,False,0,0
2026-07-30T01:03:29Z,1009J20330C4a,20330,C4a,-1251,18000,18000,2026-07-31T02:32:00,18000,19003,E,40.40654,-3.6895106,10,False,0,0
2026-07-30T01:08:04Z,1009J20330C4a,20330,C4a,-1251,18000,18000,2026-07-31T02:32:00,18000,19003,E,40.40654,-3.6895106,10,False,0,0
2026-07-30T01:13:14Z,1009J20330C4a,20330,C4a,-1251,18000,18000,2026-07-31T02:32:00,18000,19003,E,40.40654,-3.6895106,10,False,0,0
2026-07-30T01:18:08Z,1009J20330C4a,20330,C4a,-1251,18000,18000,2026-07-31T02:32:00,18000,19003,E,40.40654,-3.6895106,10,False,0,0
2026-07-30T01:23:08Z,1009J20330C4a,20330,C4a,-1251,18000,18000,2026-07-31T02:32:00,18000,19003,E,40.40654,-3.6895106,10,False,0,0
2026-07-30T01:27:46Z,1009J20330C4a,20330,C4a,-1251,18000,18000,2026-07-31T02:32:00,18000,19003,E,40.40654,-3.6895106,10,False,0,0
2026-07-30T01:33:17Z,1009J20330C4a,20330,C4a,-1251,18000,18000,2026-07-31T02:32:00,18000,19003,E,40.40654,-3.6895106,10,False,0,0
2026-07-30T01:37:48Z,1009J20330C4a,20330,C4a,-1251,18000,18000,2026-07-31T02:32:00,18000,19003,E,40.40654,-3.6895106,10,False,0,0
2026-07-30T01:43:01Z,1009J20330C4a,20330,C4a,-1251,18000,18000,2026-07-31T02:32:00,18000,19003,E,40.40654,-3.6895106,10,False,0,0
2026-07-30T01:48:06Z,1009J20330C4a,20330,C4a,-1251,18000,18000,2026-07-31T02:32:00,18000,19003,E,40.40654,-3.6895106,10,False,0,0
2026-07-30T01:52:53Z,1009J20330C4a,20330,C4a,-1251,18000,18000,2026-07-31T02:32:00,18000,19003,E,40.40654,-3.6895106,10,False,0,0
2026-07-30T01:57:46Z,1009J20330C4a,20330,C4a,-1251,18000,18000,2026-07-31T02:32:00,18000,19003,E,40.40654,-3.6895106,10,False,0,0
2026-07-30T02:03:17Z,1009J20330C4a,20330,C4a,-110,18000,18000,2026-07-30T21:34:00,18000,19003,S,40.40654,-3.6895106,10,False,4,4
2026-07-30T02:07:48Z,1009J20330C4a,20330,C4a,-105,18000,18000,2026-07-30T21:39:00,18000,19003,S,40.40654,-3.6895106,10,False,4,4
2026-07-30T02:13:18Z,1009J20330C4a,20330,C4a,-100,18000,18000,2026-07-30T21:44:00,18000,19003,S,40.40654,-3.6895106,10,False,4,4
2026-07-30T02:18:12Z,5109J77502R4,77502,R4,0,78700,78710,2026-07-30T04:33:00,71600,78700,A,41.567463,2.03963,50,False,1,2
2026-07-30T02:18:12Z,6109J89680C1,89680,C1,0,11600,11518,2026-07-30T04:34:00,11508,11600,A,43.330643,-1.8169186,61,False,,2
2026-07-30T02:22:59Z,5109J77502R4,77502,R4,0,78700,78710,2026-07-30T04:33:00,71600,78700,A,41.567463,2.03963,50,False,1,2
2026-07-30T02:22:59Z,6109J80716C1,80716,C1,0,11600,11518,2026-07-30T04:42:00,11516,11600,A,43.330643,-1.8169186,61,False,,2
2026-07-30T02:22:59Z,6109J89680C1,89680,C1,0,11600,11518,2026-07-30T04:34:00,11508,11600,A,43.330643,-1.8169186,61,False,,2
2026-07-30T02:28:03Z,5109J77502R4,77502,R4,0,78700,78710,2026-07-30T04:33:00,71600,78700,A,41.567463,2.03963,50,False,1,2
2026-07-30T02:28:03Z,6109J89680C1,89680,C1,0,11600,11518,2026-07-30T04:34:00,11508,11600,A,43.330643,-1.8169186,61,False,,2
2026-07-30T02:28:03Z,6109J80716C1,80716,C1,0,11600,11518,2026-07-30T04:42:00,11516,11600,A,43.330643,-1.8169186,61,False,,2
2026-07-30T02:33:23Z,5109J77600R4,77600,R4,0,72209,72210,2026-07-30T04:54:00,78600,72209,A,41.473316,1.967515,50,False,8,4
2026-07-30T02:33:23Z,6109J80716C1,80716,C1,0,11600,11518,2026-07-30T04:42:00,11516,11600,A,43.330643,-1.8169186,61,False,,2
2026-07-30T02:33:23Z,6109J89680C1,89680,C1,0,11600,11518,2026-07-30T04:34:00,11508,11600,E,43.33877,-1.8007782,61,False,,2
2026-07-30T02:38:04Z,5109J77502R4,77502,R4,1,78709,78704,2026-07-30T04:40:31,71600,78700,E,41.561966,2.0962272,50,False,2,2
2026-07-30T02:38:04Z,6109J81700C1,81700,C1,0,11600,11518,2026-07-30T04:57:00,11508,11600,A,43.330643,-1.8169186,61,False,,2
2026-07-30T02:38:04Z,6109J80716C1,80716,C1,0,11600,11518,2026-07-30T04:42:00,11516,11600,E,43.33877,-1.8007782,61,False,,2
2026-07-30T02:43:09Z,5109J28557R2N,28557,R2N,0,79400,71802,2026-07-30T05:07:00,72400,79400,A,41.392376,2.1651223,50,True,,
2026-07-30T02:43:09Z,5109J77502R4,77502,R4,1,78703,78705,2026-07-30T04:46:54,71600,78700,A,41.513508,2.1183457,50,False,2,2
2026-07-30T02:43:09Z,6109J81700C1,81700,C1,0,11600,11518,2026-07-30T04:57:00,11508,11600,A,43.330643,-1.8169186,61,False,,2
2026-07-30T02:48:09Z,5109J33520RL4,33520,RL4,0,78400,78402,2026-07-30T05:13:00,78600,78400,,41.620644,0.6340701,50,False,,
2026-07-30T02:48:09Z,5109J77502R4,77502,R4,0,78705,78706,2026-07-30T04:49:58,71600,78700,E,41.513508,2.1183457,50,False,,2
2026-07-30T02:48:09Z,5109J25400R2,25400,R2,3,71700,71701,2026-07-30T04:53:45,79200,71700,3.0,41.27745,1.9777229,50,True,1,
2026-07-30T02:48:09Z,6009J26501C3,26501,C3,0,13100,13116,2026-07-30T05:06:00,13200,13100,A,43.035866,-3.0039182,60,True,2,1
2026-07-30T02:48:09Z,6009J26500C3,26500,C3,0,13200,13120,2026-07-30T05:02:00,13100,13200,A,43.25035,-2.930641,60,False,5,2
2026-07-30T02:48:09Z,6109J32769C1,32769,C1,0,11400,11402,2026-07-30T05:08:00,11508,11400,A,43.040184,-2.256515,61,False,4,1
2026-07-30T02:48:09Z,6109J81700C1,81700,C1,0,11600,11518,2026-07-30T04:57:00,11508,11600,A,43.330643,-1.8169186,61,False,,2
2026-07-30T02:48:09Z,2009J22101C1,22101,C1,0,15218,15211,2026-07-30T05:20:00,15410,15218,E,43.3588,-5.8573804,20,False,1,1
2026-07-30T02:53:21Z,3009J23500C1,23500,C1,0,51003,51100,2026-07-30T05:12:00,51203,51003,A,37.377792,-5.9795485,30,False,9,2
2026-07-30T02:53:21Z,5109J33520RL4,33520,RL4,0,78400,78402,2026-07-30T05:13:00,78600,78400,,41.620644,0.6340701,50,False,,
2026-07-30T02:53:21Z,5109J25400R2,25400,R2,3,71701,71703,2026-07-30T05:02:10,79200,71700,A,41.27745,1.9777229,50,True,2,
2026-07-30T02:53:21Z,5109J77502R4,77502,R4,1,78707,78708,2026-07-30T04:56:38,71600,78700,A,41.48388,2.1847994,50,False,2,2
2026-07-30T02:53:21Z,6009J26500C3,26500,C3,0,13200,13120,2026-07-30T05:02:00,13100,13200,A,43.25035,-2.930641,60,False,5,2
2026-07-30T02:53:21Z,6009J26501C3,26501,C3,0,13100,13116,2026-07-30T05:06:00,13200,13100,A,43.035866,-3.0039182,60,True,2,1
2026-07-30T02:53:21Z,6009J26100C1,26100,C1,0,13405,13404,2026-07-30T05:06:00,13200,13405,A,43.3262,-3.023556,60,False,1,2
2026-07-30T02:53:21Z,6109J32769C1,32769,C1,0,11400,11402,2026-07-30T05:08:00,11508,11400,A,43.040184,-2.256515,61,False,4,1
2026-07-30T02:53:21Z,6109J81700C1,81700,C1,0,11600,11518,2026-07-30T04:57:00,11508,11600,A,43.330643,-1.8169186,61,False,,2
2026-07-30T02:53:21Z,2009J70751C6,70751,C6,0,05509,05513,2026-07-30T05:30:00,05513,05509,E,43.3823,-5.7026434,20,False,1,4
2026-07-30T02:53:21Z,2009J22101C1,22101,C1,0,15218,15211,2026-07-30T05:20:00,15410,15218,E,43.3588,-5.8573804,20,False,1,1
2026-07-30T02:53:21Z,1009J20403C4b,20403,C4b,0,17000,17001,2026-07-30T05:10:00,17005,17000,E,40.471325,-3.6833096,10,True,5,1
2026-07-30T02:53:21Z,1009J20003C3,20003,C3,0,60200,60105,2026-07-30T05:27:00,17000,60200,E,40.035027,-3.6189713,10,True,1,1
2026-07-30T02:53:21Z,1009J20205C4a,20205,C4a,0,37012,37011,2026-07-30T05:07:00,19003,37012,E,40.24143,-3.769159,10,False,1,1
2026-07-30T02:53:21Z,1009J19799C1,19799,C1,0,18000,18001,2026-07-30T05:18:00,98305,18000,E,40.470993,-3.6825814,10,False,1,1
2026-07-30T02:53:21Z,1009J21700C7,21700,C7,0,17000,18002,2026-07-30T05:14:00,18000,17000,E,40.47113,-3.6828332,10,False,7,2
2026-07-30T02:53:21Z,1009J20002C3,20002,C3,0,17000,18002,2026-07-30T05:16:00,60200,17000,E,40.471382,-3.6834786,10,True,2,8
2026-07-30T02:53:21Z,1009J21601C2,21601,C2,4,70200,70105,2026-07-30T05:09:00,12006,70200,E,40.644257,-3.1823237,10,True,2,1
2026-07-30T02:53:21Z,1009J76356C5,76356,C5,0,35607,35606,2026-07-30T05:23:00,35609,35607,E,40.330883,-3.8823783,10,False,2,1
2026-07-30T02:53:21Z,1009J20407C4b,20407,C4b,0,37012,37011,2026-07-30T05:26:00,17005,37012,E,40.24143,-3.769159,10,True,2,1
2026-07-30T02:53:21Z,1009J76675C5,76675,C5,0,35012,35002,2026-07-30T05:15:00,37001,35012,E,40.25559,-3.8284667,10,False,1,1
2026-07-30T02:53:21Z,1009J21703C2,21703,C2,0,70103,70111,2026-07-30T05:08:00,10203,70103,E,40.489193,-3.3662832,10,False,5,1
2026-07-30T02:53:21Z,1009J21501C2,21501,C2,0,70200,70105,2026-07-30T05:24:00,10203,70200,E,40.644257,-3.1823237,10,True,1,1
2026-07-30T02:53:21Z,1009J76677C5,76677,C5,0,35012,35002,2026-07-30T05:25:00,37001,35012,E,40.25559,-3.8284667,10,False,1,1
2026-07-30T02:53:21Z,1009J76352C5,76352,C5,0,35607,35606,2026-07-30T05:03:00,35609,35607,E,40.330883,-3.8823783,10,False,2,1
2026-07-30T02:53:21Z,1009J20203C4a,20203,C4a,0,18000,18101,2026-07-30T04:57:00,19003,18000,E,40.40654,-3.6895106,10,True,6,1
2026-07-30T02:53:21Z,1009J20202C4,20202,C4,0,18000,60100,2026-07-30T05:30:00,37012,18000,E,40.40654,-3.6895106,10,True,7,1
2026-07-30T02:53:21Z,1009J76354C5,76354,C5,0,35607,35606,2026-07-30T05:13:00,35609,35607,E,40.330883,-3.8823783,10,False,2,1
2026-07-30T02:53:21Z,1009J21500C2,21500,C2,0,17000,18002,2026-07-30T05:04:00,70200,17000,E,40.47097,-3.68245,10,False,9,2
2026-07-30T02:57:44Z,3009J23500C1,23500,C1,0,51003,51100,2026-07-30T05:12:00,51203,51003,A,37.377792,-5.9795485,30,False,12,2
2026-07-30T02:57:44Z,4009J84002C2,84002,C2,0,64003,64004,2026-07-30T05:23:00,65000,64003,,38.878082,-0.7535829,40,False,,
2026-07-30T02:57:44Z,5109J33520RL4,33520,RL4,0,78400,78402,2026-07-30T05:13:00,78600,78400,,41.620644,0.6340701,50,False,,
2026-07-30T02:57:44Z,5109J25400R2,25400,R2,5,71701,71703,2026-07-30T05:03:39,79200,71700,24.0,41.27745,1.9777229,50,True,,
2026-07-30T02:57:44Z,5109J77600R4,77600,R4,4,72210,72211,2026-07-30T05:05:33,78600,72209,A,41.43529,2.0024726,50,False,4,2
2026-07-30T02:57:44Z,5109J77502R4,77502,R4,2,78707,78708,2026-07-30T04:57:33,71600,78700,S,41.481228,2.1669743,50,False,,2
2026-07-30T02:57:44Z,6009J26100C1,26100,C1,0,13405,13404,2026-07-30T05:06:00,13200,13405,A,43.3262,-3.023556,60,False,1,2
2026-07-30T02:57:44Z,6009J26000C2,26000,C2,0,13506,13505,2026-07-30T05:13:00,13200,13506,A,43.315636,-3.0911126,60,False,1,1
2026-07-30T02:57:44Z,6009J26001C2,26001,C2,0,13200,13205,2026-07-30T05:11:00,13506,13200,A,43.256733,-2.9322033,60,False,1,1
2026-07-30T02:57:44Z,6009J26501C3,26501,C3,0,13100,13116,2026-07-30T05:06:00,13200,13100,A,43.035866,-3.0039182,60,True,2,1
2026-07-30T02:57:44Z,6009J26500C3,26500,C3,0,13200,13120,2026-07-30T05:02:00,13100,13200,A,43.25035,-2.930641,60,False,5,2
2026-07-30T02:57:44Z,6109J32769C1,32769,C1,0,11400,11402,2026-07-30T05:08:00,11508,11400,A,43.040184,-2.256515,61,False,4,1
2026-07-30T02:57:44Z,2009J70751C6,70751,C6,0,05509,05513,2026-07-30T05:30:00,05513,05509,E,43.3823,-5.7026434,20,False,1,4
2026-07-30T02:57:44Z,2009J22101C1,22101,C1,0,15218,15211,2026-07-30T05:20:00,15410,15218,E,43.3588,-5.8573804,20,False,1,1
2026-07-30T02:57:44Z,1009J19799C1,19799,C1,0,18000,18001,2026-07-30T05:18:00,98305,18000,E,40.470993,-3.6825814,10,False,1,1
2026-07-30T02:57:44Z,1009J21603C2,21603,C2,0,70200,70105,2026-07-30T05:34:00,12006,70200,E,40.644257,-3.1823237,10,False,1,1
2026-07-30T02:57:44Z,1009J20002C3,20002,C3,0,17000,18002,2026-07-30T05:16:00,60200,17000,E,40.471382,-3.6834786,10,True,2,8
2026-07-30T02:57:44Z,1009J20403C4b,20403,C4b,0,17000,17001,2026-07-30T05:10:00,17005,17000,E,40.471325,-3.6833096,10,True,5,1
2026-07-30T02:57:44Z,1009J20407C4b,20407,C4b,0,37012,37011,2026-07-30T05:26:00,17005,37012,E,40.24143,-3.769159,10,True,2,1
2026-07-30T02:57:44Z,1009J20205C4a,20205,C4a,1,37012,37011,2026-07-30T05:08:00,19003,37012,E,40.24143,-3.769159,10,False,1,1
2026-07-30T02:57:44Z,1009J20204C4,20204,C4,0,17000,18002,2026-07-30T05:30:00,37012,17000,E,40.471325,-3.6833096,10,True,2,8
2026-07-30T02:57:44Z,1009J20405C4b,20405,C4b,0,18000,18101,2026-07-30T05:27:00,17005,18000,E,40.40654,-3.6895106,10,True,5,1
2026-07-30T02:57:44Z,1009J21703C2,21703,C2,0,70103,70111,2026-07-30T05:08:00,10203,70103,E,40.489193,-3.3662832,10,False,3,1
2026-07-30T02:57:44Z,1009J21700C7,21700,C7,0,17000,18002,2026-07-30T05:14:00,18000,17000,E,40.47113,-3.6828332,10,False,7,2
2026-07-30T02:57:44Z,1009J21501C2,21501,C2,0,70200,70105,2026-07-30T05:24:00,10203,70200,E,40.644257,-3.1823237,10,True,1,1
2026-07-30T02:57:44Z,1009J76356C5,76356,C5,0,35607,35606,2026-07-30T05:23:00,35609,35607,E,40.330883,-3.8823783,10,False,2,1
2026-07-30T02:57:44Z,1009J20203C4a,20203,C4a,0,18101,18002,2026-07-30T05:02:00,19003,18000,A,40.4466,-3.6920877,10,True,1,6
2026-07-30T02:57:44Z,1009J76675C5,76675,C5,0,35012,35002,2026-07-30T05:15:00,37001,35012,E,40.25559,-3.8284667,10,False,1,1
2026-07-30T02:57:44Z,1009J20202C4,20202,C4,0,18000,60100,2026-07-30T05:30:00,37012,18000,E,40.40654,-3.6895106,10,True,7,1
2026-07-30T02:57:44Z,1009J21500C2,21500,C2,0,17000,18002,2026-07-30T05:04:00,70200,17000,E,40.47097,-3.68245,10,False,9,2
2026-07-30T02:57:44Z,1009J76677C5,76677,C5,0,35012,35002,2026-07-30T05:25:00,37001,35012,E,40.25559,-3.8284667,10,False,1,1
2026-07-30T02:57:44Z,1009J20003C3,20003,C3,0,60200,60105,2026-07-30T05:27:00,17000,60200,E,40.035027,-3.6189713,10,True,1,1
2026-07-30T02:57:44Z,1009J21601C2,21601,C2,9,70200,70105,2026-07-30T05:14:00,12006,70200,E,40.644257,-3.1823237,10,True,2,1
2026-07-30T02:57:44Z,1009J76352C5,76352,C5,0,35607,35606,2026-07-30T05:03:00,35609,35607,E,40.330883,-3.8823783,10,False,2,1
2026-07-30T02:57:44Z,1009J76354C5,76354,C5,0,35607,35606,2026-07-30T05:13:00,35609,35607,E,40.330883,-3.8823783,10,False,2,1
2026-07-30T03:03:23Z,3009J23500C1,23500,C1,0,51003,51100,2026-07-30T05:12:00,51203,51003,A,37.377792,-5.9795485,30,False,12,2
2026-07-30T03:03:23Z,4009J84002C2,84002,C2,0,64003,64004,2026-07-30T05:23:00,65000,64003,,38.878082,-0.7535829,40,False,,
2026-07-30T03:03:23Z,5109J25602R1,25602,R1,0,79602,79601,2026-07-30T05:08:37,72305,79603,A,41.586533,2.5813315,50,True,1,
2026-07-30T03:03:23Z,5109J25702R1,25702,R1,1,79412,79410,2026-07-30T05:07:39,72305,79500,A,41.500538,2.3899064,50,True,2,2
2026-07-30T03:03:23Z,5109J25400R2,25400,R2,3,71703,71704,2026-07-30T05:06:48,79200,71700,E,41.27745,1.9777229,50,True,,
2026-07-30T03:03:23Z,5109J77400R4,77400,R4,8,71600,72201,2026-07-30T05:09:33,78600,71600,10.0,41.186607,1.529261,50,False,,
2026-07-30T03:03:23Z,5109J28400R2N,28400,R2N,1,79100,79007,2026-07-30T05:04:44,72400,79100,71.0,41.556408,2.2656367,50,True,,
2026-07-30T03:03:23Z,5109J28557R2N,28557,R2N,1,79400,71802,2026-07-30T05:07:57,72400,79400,53.0,41.395603,2.1694353,50,True,,
2026-07-30T03:03:23Z,5109J33520RL4,33520,RL4,0,78400,78402,2026-07-30T05:13:00,78600,78400,,41.620644,0.6340701,50,False,,
2026-07-30T03:03:23Z,5109J77600R4,77600,R4,6,72210,72211,2026-07-30T05:08:15,78600,72209,38.0,41.458584,1.9804186,50,False,,2
2026-07-30T03:03:23Z,5109J77502R4,77502,R4,1,78801,78802,2026-07-30T05:06:29,71600,78700,A,41.430275,2.1831505,50,False,2,2
2026-07-30T03:03:23Z,5109J77602R4,77602,R4,0,72209,72210,2026-07-30T05:24:00,78600,72209,A,41.473316,1.967515,50,False,8,4
2026-07-30T03:03:23Z,5109J77504R4,77504,R4,0,78710,78709,2026-07-30T05:06:42,71600,78700,E,41.567463,2.03963,50,False,,2
2026-07-30T03:03:23Z,6009J26100C1,26100,C1,0,13405,13404,2026-07-30T05:06:00,13200,13405,A,43.3262,-3.023556,60,False,1,2
2026-07-30T03:03:23Z,6009J26000C2,26000,C2,0,13506,13505,2026-07-30T05:13:00,13200,13506,A,43.315636,-3.0911126,60,False,1,1
2026-07-30T03:03:23Z,6009J26001C2,26001,C2,0,13200,13205,2026-07-30T05:11:00,13506,13200,A,43.256733,-2.9322033,60,False,1,1
2026-07-30T03:03:23Z,6009J26501C3,26501,C3,0,13100,13116,2026-07-30T05:06:00,13200,13100,A,43.035866,-3.0039182,60,True,,1
2026-07-30T03:03:23Z,6009J26500C3,26500,C3,1,13120,13119,2026-07-30T05:06:02,13100,13200,E,43.25035,-2.930641,60,False,2,2
2026-07-30T03:03:23Z,6109J32769C1,32769,C1,0,11400,11402,2026-07-30T05:08:00,11508,11400,E,43.086685,-2.3198454,61,False,,1
2026-07-30T03:03:23Z,6209J71150C2,71150,C2,0,14223,05602,2026-07-30T05:18:00,05637,14223,A,43.452877,-3.8282192,62,True,2AM,2
2026-07-30T03:03:23Z,2009J70751C6,70751,C6,0,05509,05513,2026-07-30T05:30:00,05513,05509,E,43.3823,-5.7026434,20,False,1,4
2026-07-30T03:03:23Z,2009J22101C1,22101,C1,0,15218,15211,2026-07-30T05:20:00,15410,15218,E,43.3588,-5.8573804,20,False,1,1
2026-07-30T03:07:52Z,3009J23501C1,23501,C1,0,51003,50703,2026-07-30T05:31:00,50600,51003,A,37.479904,-5.9399505,30,False,11,1
2026-07-30T03:07:52Z,3009J23500C1,23500,C1,0,51003,51100,2026-07-30T05:12:00,51203,51003,A,37.377792,-5.9795485,30,False,12,2
2026-07-30T03:07:52Z,4009J84002C2,84002,C2,0,64003,64004,2026-07-30T05:23:00,65000,64003,,38.878082,-0.7535829,40,False,,
2026-07-30T03:07:52Z,5109J77400R4,77400,R4,5,72201,72202,2026-07-30T05:14:41,78600,71600,E,41.220802,1.5381482,50,False,,2
2026-07-30T03:07:52Z,5109J25702R1,25702,R1,1,79412,79410,2026-07-30T05:07:53,72305,79500,E,41.50672,2.4016483,50,True,,2
2026-07-30T03:07:52Z,5109J33520RL4,33520,RL4,0,78400,78402,2026-07-30T05:13:00,78600,78400,E,41.620644,0.6340701,50,False,,
2026-07-30T03:07:52Z,5109J25400R2,25400,R2,3,71704,71705,2026-07-30T05:10:07,79200,71700,A,41.27877,1.9793723,50,True,1,2
2026-07-30T03:07:52Z,5109J77600R4,77600,R4,4,72300,72301,2026-07-30T05:14:47,78600,72209,A,41.38308,2.0479817,50,False,2,2
2026-07-30T03:07:52Z,5109J25602R1,25602,R1,0,79601,79600,2026-07-30T05:13:10,72305,79603,A,41.577496,2.549442,50,True,1,2
2026-07-30T03:07:52Z,5109J77502R4,77502,R4,2,78802,78806,2026-07-30T05:09:17,71600,78700,18.0,41.430275,2.1831505,50,False,2,2
2026-07-30T03:07:52Z,5109J77602R4,77602,R4,0,72209,72210,2026-07-30T05:24:00,78600,72209,A,41.473316,1.967515,50,False,8,4
2026-07-30T03:07:52Z,5109J77504R4,77504,R4,-1,78709,78704,2026-07-30T05:09:10,71600,78700,E,41.561966,2.0962272,50,False,,2
2026-07-30T03:07:52Z,6009J26500C3,26500,C3,-1,13114,13113,2026-07-30T05:09:17,13100,13200,E,43.24241,-2.9163692,60,False,,2
2026-07-30T03:07:52Z,6009J26101C1,26101,C1,0,13200,13205,2026-07-30T05:22:00,13405,13200,A,43.256733,-2.9322033,60,False,2,1
2026-07-30T03:07:52Z,6009J26501C3,26501,C3,2,13116,13101,2026-07-30T05:09:44,13200,13100,E,43.035866,-3.0039182,60,True,1,1
2026-07-30T03:07:52Z,6009J26502C3,26502,C3,0,13200,13120,2026-07-30T05:22:00,13100,13200,A,43.25035,-2.930641,60,False,3,2
2026-07-30T03:07:52Z,6009J26001C2,26001,C2,0,13200,13205,2026-07-30T05:11:00,13506,13200,A,43.256733,-2.9322033,60,False,1,1
2026-07-30T03:07:52Z,6009J26000C2,26000,C2,0,13506,13505,2026-07-30T05:13:00,13200,13506,A,43.315636,-3.0911126,60,False,1,1
2026-07-30T03:07:52Z,6009J26100C1,26100,C1,1,13404,13403,2026-07-30T05:09:05,13200,13405,28.0,43.323715,-3.0215075,60,False,2,2
2026-07-30T03:07:52Z,6109J32769C1,32769,C1,4,11400,11402,2026-07-30T05:11:56,11508,11400,46.0,43.066376,-2.295754,61,False,,1
2026-07-30T03:07:52Z,6209J71100C2,71100,C2,0,14223,05602,2026-07-30T05:25:00,05623,14223,A,43.452877,-3.8282192,62,True,8AM,2
2026-07-30T03:07:52Z,6209J71150C2,71150,C2,0,14223,05602,2026-07-30T05:18:00,05637,14223,A,43.452877,-3.8282192,62,True,2AM,2
2026-07-30T03:07:52Z,2009J70750C6,70750,C6,0,05513,05509,2026-07-30T05:47:00,15211,05513,E,43.388065,-5.664932,20,False,3,2
2026-07-30T03:07:52Z,2009J22101C1,22101,C1,3,15218,15211,2026-07-30T05:23:00,15410,15218,E,43.3588,-5.8573804,20,False,1,1
2026-07-30T03:07:52Z,2009J70751C6,70751,C6,0,05509,05513,2026-07-30T05:30:00,05513,05509,E,43.3823,-5.7026434,20,False,1,4
2026-07-30T03:12:58Z,3009J23501C1,23501,C1,0,51003,50703,2026-07-30T05:31:00,50600,51003,A,37.479904,-5.9399505,30,False,11,1
2026-07-30T03:12:58Z,3009J23500C1,23500,C1,-1,51100,51110,2026-07-30T05:14:26,51203,51003,E,37.377792,-5.9795485,30,False,,2
2026-07-30T03:12:58Z,4009J84002C2,84002,C2,0,64003,64004,2026-07-30T05:23:00,65000,64003,,38.878082,-0.7535829,40,False,,
2026-07-30T03:12:58Z,5109J25702R1,25702,R1,1,79409,79408,2026-07-30T05:15:20,72305,79500,E,41.487606,2.3548977,50,True,2,2
2026-07-30T03:12:58Z,5109J25400R2,25400,R2,6,71705,71706,2026-07-30T05:17:17,79200,71700,A,41.30321,2.0106592,50,True,2,
2026-07-30T03:12:58Z,5109J77400R4,77400,R4,6,72201,72202,2026-07-30T05:16:23,78600,71600,52.0,41.248398,1.5703415,50,False,,2
2026-07-30T03:12:58Z,5109J28557R2N,28557,R2N,0,71801,71708,2026-07-30T05:18:50,72400,79400,E,41.37954,2.1411655,50,True,12,
2026-07-30T03:12:58Z,5109J25602R1,25602,R1,0,79600,79502,2026-07-30T05:15:09,72305,79603,A,41.568428,2.5260491,50,True,2,2
2026-07-30T03:12:58Z,5109J77600R4,77600,R4,3,72301,72302,2026-07-30T05:18:12,78600,72209,A,41.36865,2.0602896,50,False,2,2
2026-07-30T03:12:58Z,5109J77502R4,77502,R4,-1,78804,78805,2026-07-30T05:15:06,71600,78700,A,41.387875,2.1697214,50,False,,2
2026-07-30T03:12:58Z,5109J33520RL4,33520,RL4,0,78400,78402,2026-07-30T05:13:00,78600,78400,,41.620644,0.6340701,50,False,,
2026-07-30T03:12:58Z,5109J77602R4,77602,R4,0,72209,72210,2026-07-30T05:24:00,78600,72209,A,41.473316,1.967515,50,False,8,4
2026-07-30T03:12:58Z,5109J77504R4,77504,R4,0,78703,78705,2026-07-30T05:16:06,71600,78700,A,41.513508,2.1183457,50,False,2,2
2026-07-30T03:12:58Z,6009J26500C3,26500,C3,0,13113,13118,2026-07-30T05:14:22,13100,13200,E,43.236897,-2.889748,60,False,,2
2026-07-30T03:12:58Z,6009J26101C1,26101,C1,0,13200,13205,2026-07-30T05:22:00,13405,13200,A,43.256733,-2.9322033,60,False,2,1
2026-07-30T03:12:58Z,6009J26501C3,26501,C3,2,13121,13102,2026-07-30T05:14:16,13200,13100,E,43.05786,-2.996093,60,True,,1
2026-07-30T03:12:58Z,6009J26502C3,26502,C3,0,13200,13120,2026-07-30T05:22:00,13100,13200,A,43.25035,-2.930641,60,False,3,2
2026-07-30T03:12:58Z,6009J26100C1,26100,C1,2,13401,13400,2026-07-30T05:14:37,13200,13405,E,43.308567,-2.9939837,60,False,2,2
2026-07-30T03:12:58Z,6009J26000C2,26000,C2,1,13505,13508,2026-07-30T05:16:46,13200,13506,A,43.319363,-3.0674317,60,False,1,1
2026-07-30T03:12:58Z,6009J26001C2,26001,C2,1,13205,13206,2026-07-30T05:14:08,13506,13200,24.0,43.25463,-2.9343061,60,False,1,1
2026-07-30T03:12:58Z,6109J32769C1,32769,C1,2,11402,11404,2026-07-30T05:16:29,11508,11400,35.0,43.043953,-2.2363605,61,False,,1
2026-07-30T03:12:58Z,6209J71100C2,71100,C2,0,14223,05602,2026-07-30T05:25:00,05623,14223,A,43.452877,-3.8282192,62,True,8AM,2
2026-07-30T03:12:58Z,6209J71150C2,71150,C2,0,14223,05602,2026-07-30T05:18:00,05637,14223,A,43.452877,-3.8282192,62,True,2AM,2
2026-07-30T03:12:58Z,2009J80851C6,80851,C6,0,05509,05511,2026-07-30T05:47:00,05534,05509,E,43.3823,-5.7026434,20,False,1,1
2026-07-30T03:12:58Z,2009J70751C6,70751,C6,0,05509,05513,2026-07-30T05:30:00,05513,05509,E,43.3823,-5.7026434,20,False,1,4
2026-07-30T03:12:58Z,2009J70750C6,70750,C6,0,05513,05509,2026-07-30T05:47:00,15211,05513,E,43.388065,-5.664932,20,False,3,2
2026-07-30T03:12:58Z,2009J22101C1,22101,C1,8,15218,15211,2026-07-30T05:28:00,15410,15218,E,43.3588,-5.8573804,20,False,1,1
2026-07-30T03:12:58Z,2009J22103C1,22103,C1,0,15218,15211,2026-07-30T05:45:00,15410,15218,E,43.3588,-5.8573804,20,False,1,1
2026-07-30T03:12:58Z,2009J70900C8,70900,C8,0,05373,05375,2026-07-30T05:43:00,05389,05373,E,43.21386,-5.784103,20,False,2,2
2026-07-30T03:12:58Z,1009J21701C2,21701,C2,0,18000,18001,2026-07-30T05:32:00,17000,18000,E,40.40667,-3.689395,10,False,2,1
2026-07-30T03:12:58Z,1009J20003C3,20003,C3,0,60200,60105,2026-07-30T05:27:00,17000,60200,E,40.035027,-3.6189713,10,True,1,1
2026-07-30T03:12:58Z,1009J21700C7,21700,C7,2,17000,18002,2026-07-30T05:16:00,18000,17000,E,40.47113,-3.6828332,10,False,7,2
2026-07-30T03:12:58Z,1009J19799C1,19799,C1,0,18000,18001,2026-07-30T05:18:00,98305,18000,E,40.470993,-3.6825814,10,False,1,1
2026-07-30T03:12:58Z,1009J20002C3,20002,C3,0,17000,18002,2026-07-30T05:16:00,60200,17000,E,40.471382,-3.6834786,10,True,2,8
2026-07-30T03:12:58Z,1009J20209C4a,20209,C4a,0,37012,37011,2026-07-30T05:37:00,19003,37012,E,40.24143,-3.769159,10,False,1,1
2026-07-30T03:12:58Z,1009J20407C4b,20407,C4b,6,37012,37011,2026-07-30T05:32:00,17005,37012,E,40.24143,-3.769159,10,False,1,1
2026-07-30T03:12:58Z,1009J20405C4b,20405,C4b,0,18000,18101,2026-07-30T05:27:00,17005,18000,E,40.40654,-3.6895106,10,True,5,1
2026-07-30T03:12:58Z,1009J21601C2,21601,C2,3,70104,70107,2026-07-30T05:16:00,12006,70200,15.0,40.53455,-3.2985828,10,False,1,1
2026-07-30T03:12:58Z,1009J76681C5,76681,C5,0,35012,35002,2026-07-30T05:45:00,37001,35012,E,40.25559,-3.8284667,10,False,1,1
2026-07-30T03:12:58Z,1009J35973C2,35973,C2,0,70103,70102,2026-07-30T05:36:00,17000,70103,E,40.489193,-3.3662832,10,False,5,5
2026-07-30T03:12:58Z,1009J76202C5,76202,C5,1,18003,35702,2026-07-30T05:32:00,37001,18003,E,40.39592,-3.6779969,10,False,2,2
2026-07-30T03:12:58Z,1009J20005C3,20005,C3,0,60200,60105,2026-07-30T05:47:00,17000,60200,E,40.035027,-3.6189713,10,True,1,1
2026-07-30T03:12:58Z,1009J20403C4b,20403,C4b,6,17000,17001,2026-07-30T05:16:00,17005,17000,15.0,40.47592,-3.6813972,10,True,11,1
2026-07-30T03:12:58Z,1009J20205C4a,20205,C4a,2,37002,37010,2026-07-30T05:14:00,19003,37012,E,40.309868,-3.733689,10,True,1,1
2026-07-30T03:12:58Z,1009J20203C4a,20203,C4a,3,17000,17001,2026-07-30T05:16:00,19003,18000,E,40.471325,-3.6833096,10,True,6,1
2026-07-30T03:12:58Z,1009J20402C4b,20402,C4b,0,17005,17004,2026-07-30T05:48:00,37012,17005,E,40.644844,-3.7762609,10,True,3,3
2026-07-30T03:12:58Z,1009J20004C3,20004,C3,0,17000,18002,2026-07-30T05:33:00,60200,17000,E,40.471382,-3.6834786,10,True,2,8
2026-07-30T03:12:58Z,1009J76356C5,76356,C5,3,35607,35606,2026-07-30T05:26:00,35609,35607,E,40.330883,-3.8823783,10,False,2,1
2026-07-30T03:12:58Z,1009J20202C4,20202,C4,0,18000,60100,2026-07-30T05:30:00,37012,18000,E,40.40654,-3.6895106,10,True,7,1
2026-07-30T03:12:58Z,1009J21303C10,21303,C10,0,10000,18005,2026-07-30T05:42:00,17000,10000,E,40.421413,-3.7190256,10,True,1,1
2026-07-30T03:12:58Z,1009J21501C2,21501,C2,0,70200,70105,2026-07-30T05:24:00,10203,70200,E,40.644257,-3.1823237,10,True,1,1
2026-07-30T03:12:58Z,1009J21100C10,21100,C10,0,10200,10104,2026-07-30T05:34:00,17000,10200,E,40.62599,-4.0081153,10,False,4,2
2026-07-30T03:12:58Z,1009J21506C2,21506,C2,0,17000,18002,2026-07-30T05:44:00,70200,17000,E,40.47097,-3.68245,10,False,9,2
2026-07-30T03:12:58Z,1009J21703C2,21703,C2,0,70112,70102,2026-07-30T05:15:00,10203,70103,E,40.464172,-3.4414766,10,False,1,1
2026-07-30T03:12:58Z,1009J21504C2,21504,C2,0,18002,18001,2026-07-30T05:36:00,70200,18002,E,40.44655,-3.691473,10,False,4,2
2026-07-30T03:12:58Z,1009J21603C2,21603,C2,0,70200,70105,2026-07-30T05:34:00,12006,70200,E,40.644257,-3.1823237,10,False,1,1
2026-07-30T03:12:58Z,1009J76675C5,76675,C5,0,35012,35002,2026-07-30T05:15:00,37001,35012,20.0,40.261528,-3.8229513,10,False,1,1
2026-07-30T03:12:58Z,1009J76360C5,76360,C5,0,35607,35606,2026-07-30T05:43:00,35609,35607,E,40.330883,-3.8823783,10,False,2,1
2026-07-30T03:12:58Z,1009J21503C2,21503,C2,0,70200,70105,2026-07-30T05:43:00,17000,70200,E,40.644257,-3.1823237,10,False,1,1
2026-07-30T03:12:58Z,1009J20204C4,20204,C4,0,17000,18002,2026-07-30T05:30:00,37012,17000,E,40.471325,-3.6833096,10,True,2,8
2026-07-30T03:12:58Z,1009J76358C5,76358,C5,0,35607,35606,2026-07-30T05:33:00,35609,35607,E,40.330883,-3.8823783,10,False,2,1
2026-07-30T03:12:58Z,1009J76677C5,76677,C5,0,35012,35002,2026-07-30T05:25:00,37001,35012,E,40.25559,-3.8284667,10,False,1,1
2026-07-30T03:12:58Z,1009J76352C5,76352,C5,0,35604,35603,2026-07-30T05:14:00,35609,35607,E,40.356674,-3.8156087,10,False,1,1
2026-07-30T03:12:58Z,1009J76679C5,76679,C5,0,35012,35002,2026-07-30T05:36:00,37001,35012,E,40.25559,-3.8284667,10,False,1,1
2026-07-30T03:12:58Z,1009J76353C5,76353,C5,0,35609,35608,2026-07-30T05:40:00,35607,35609,E,40.405067,-3.7026901,10,False,2,2
2026-07-30T03:12:58Z,1009J76672C5,76672,C5,0,37001,35009,2026-07-30T05:36:00,35012,37001,E,40.34132,-3.7123663,10,False,6,2
2026-07-30T03:12:58Z,1009J76354C5,76354,C5,0,35606,35610,2026-07-30T05:16:00,35609,35607,A,40.34195,-3.8423326,10,False,1,1
2026-07-30T03:18:13Z,3009J23501C1,23501,C1,0,51003,50703,2026-07-30T05:31:00,50600,51003,A,37.479904,-5.9399505,30,False,11,1
2026-07-30T03:18:13Z,3009J23500C1,23500,C1,2,51110,51200,2026-07-30T05:39:12,51203,51003,3.0,37.35509,-5.9727116,30,False,2,2
2026-07-30T03:18:13Z,4009J84002C2,84002,C2,0,64003,64004,2026-07-30T05:23:00,65000,64003,,38.878082,-0.7535829,40,False,,
2026-07-30T03:18:13Z,5109J25702R1,25702,R1,0,79406,79405,2026-07-30T05:20:50,72305,79500,A,41.46291,2.2722147,50,True,2,2
2026-07-30T03:18:13Z,5109J25400R2,25400,R2,6,71706,71709,2026-07-30T05:20:06,79200,71700,E,41.30321,2.0106592,50,True,2,
2026-07-30T03:18:13Z,5109J28500R2,28500,R2,2,71700,71701,2026-07-30T05:21:47,79104,71700,36.0,41.27745,1.9777229,50,True,,
2026-07-30T03:18:13Z,5109J28557R2N,28557,R2N,-1,71708,71707,2026-07-30T05:23:13,72400,79400,A,41.3306,2.0894625,50,True,,
2026-07-30T03:18:13Z,5109J25602R1,25602,R1,0,79501,79500,2026-07-30T05:22:11,72305,79603,A,41.53325,2.4456325,50,True,2,2
2026-07-30T03:18:13Z,5109J77504R4,77504,R4,2,78705,78706,2026-07-30T05:21:32,71600,78700,11.0,41.511246,2.1215868,50,False,2,2
2026-07-30T03:18:13Z,5109J33520RL4,33520,RL4,1,78402,78403,2026-07-30T05:21:51,78600,78400,44.0,41.63065,0.8322505,50,False,,
2026-07-30T03:18:13Z,5109J77400R4,77400,R4,7,72202,72203,2026-07-30T05:23:33,78600,71600,E,41.273575,1.6003745,50,False,,
2026-07-30T03:18:13Z,5109J77600R4,77600,R4,4,72301,72302,2026-07-30T05:19:29,78600,72209,62.0,41.37427,2.0557513,50,False,,2
2026-07-30T03:18:13Z,5109J77502R4,77502,R4,1,78804,78805,2026-07-30T05:16:50,71600,78700,S,41.391907,2.1806386,50,False,,2
2026-07-30T03:18:13Z,5109J77602R4,77602,R4,-1,72209,72210,2026-07-30T05:23:09,78600,72209,E,41.47872,1.9255537,50,False,,4
2026-07-30T03:18:13Z,6009J26101C1,26101,C1,0,13200,13205,2026-07-30T05:22:00,13405,13200,A,43.256733,-2.9322033,60,False,2,1
2026-07-30T03:18:13Z,6009J26000C2,26000,C2,1,13508,13504,2026-07-30T05:18:43,13200,13506,E,43.319363,-3.0674317,60,False,,1
2026-07-30T03:18:13Z,6009J26500C3,26500,C3,0,13111,13110,2026-07-30T05:24:15,13100,13200,A,43.17912,-2.9028738,60,False,2,2
2026-07-30T03:18:13Z,6009J26003C2,26003,C2,0,13200,13205,2026-07-30T05:33:00,13506,13200,A,43.256733,-2.9322033,60,False,1,1
2026-07-30T03:18:13Z,6009J26502C3,26502,C3,0,13200,13120,2026-07-30T05:22:00,13100,13200,A,43.25035,-2.930641,60,False,3,2
2026-07-30T03:18:13Z,6009J26002C2,26002,C2,0,13506,13505,2026-07-30T05:35:00,13200,13506,A,43.315636,-3.0911126,60,False,3,1
2026-07-30T03:18:13Z,6009J71501C4,71501,C4,0,05485,05483,2026-07-30T05:32:00,05451,05485,A,43.196415,-3.1899889,60,False,1,1
2026-07-30T03:18:13Z,6009J26600C3,26600,C3,0,13200,13120,2026-07-30T05:32:00,13106,13200,A,43.25035,-2.930641,60,False,4,2
2026-07-30T03:18:13Z,6009J26001C2,26001,C2,1,13303,13304,2026-07-30T05:21:01,13506,13200,E,43.26418,-2.9553094,60,False,1,1
2026-07-30T03:18:13Z,6009J26100C1,26100,C1,2,13305,13304,2026-07-30T05:19:34,13200,13405,20.0,43.2878,-2.975288,60,False,2,2
2026-07-30T03:18:13Z,6009J26501C3,26501,C3,3,13103,13104,2026-07-30T05:21:55,13200,13100,21.0,43.0935,-2.9995618,60,True,,1
2026-07-30T03:18:13Z,6009J26503C3,26503,C3,0,13100,13116,2026-07-30T05:36:00,13200,13100,A,43.035866,-3.0039182,60,True,2,1
2026-07-30T03:18:13Z,6209J71100C2,71100,C2,0,14223,05602,2026-07-30T05:25:00,05623,14223,A,43.452877,-3.8282192,62,True,8AM,2
2026-07-30T03:18:13Z,6209J71102C2,71102,C2,0,14223,05602,2026-07-30T05:33:00,05623,14223,A,43.452877,-3.8282192,62,True,8AM,2
2026-07-30T03:18:13Z,6209J71150C2,71150,C2,-1,05602,05605,2026-07-30T05:23:55,05637,14223,E,43.452877,-3.8282192,62,True,,1
2026-07-30T03:18:13Z,2009J22200C2,22200,C2,0,15211,15218,2026-07-30T05:47:00,16011,15211,E,43.366478,-5.855087,20,False,2,2
2026-07-30T03:18:13Z,2009J80851C6,80851,C6,0,05509,05511,2026-07-30T05:47:00,05534,05509,E,43.3823,-5.7026434,20,False,1,1
2026-07-30T03:18:13Z,2009J22103C1,22103,C1,0,15218,15211,2026-07-30T05:45:00,15410,15218,E,43.3588,-5.8573804,20,False,1,1
2026-07-30T03:18:13Z,2009J22101C1,22101,C1,0,15218,15211,2026-07-30T05:20:00,15410,15218,E,43.3588,-5.8573804,20,False,1,1
2026-07-30T03:18:13Z,2009J70900C8,70900,C8,0,05373,05375,2026-07-30T05:43:00,05389,05373,E,43.21386,-5.784103,20,False,2,2
2026-07-30T03:18:13Z,4109J24701C1,24701,C1,0,60911,62109,2026-07-30T05:54:00,61200,60911,E,38.34553,-0.49576503,41,False,1,1
2026-07-30T03:18:13Z,4109J24700C1,24700,C1,0,61200,62001,2026-07-30T05:59:00,60911,61200,E,37.974686,-1.131078,41,False,2,4
2026-07-30T03:18:13Z,1009J21503C2,21503,C2,0,70200,70105,2026-07-30T05:43:00,17000,70200,E,40.644257,-3.1823237,10,False,1,1
2026-07-30T03:18:13Z,1009J20003C3,20003,C3,0,60200,60105,2026-07-30T05:27:00,17000,60200,E,40.035027,-3.6189713,10,True,1,1
2026-07-30T03:18:13Z,1009J21701C2,21701,C2,0,18000,18001,2026-07-30T05:32:00,17000,18000,E,40.40667,-3.689395,10,False,2,1
2026-07-30T03:18:13Z,1009J19799C1,19799,C1,2,18000,18001,2026-07-30T05:20:00,98305,18000,S,40.470993,-3.6825814,10,False,2,1
2026-07-30T03:18:13Z,1009J21700C7,21700,C7,7,17000,18002,2026-07-30T05:21:00,18000,17000,24.0,40.464756,-3.6838892,10,False,8,2
2026-07-30T03:18:13Z,1009J20002C3,20002,C3,2,18002,18101,2026-07-30T05:22:00,60200,17000,A,40.417023,-3.7031636,10,True,8,2
2026-07-30T03:18:13Z,1009J20209C4a,20209,C4a,1,37012,37011,2026-07-30T05:38:00,19003,37012,E,40.24143,-3.769159,10,True,2,1
2026-07-30T03:18:13Z,1009J21601C2,21601,C2,0,70103,70111,2026-07-30T05:22:00,12006,70200,E,40.489193,-3.3662832,10,False,5,1
2026-07-30T03:18:13Z,1009J20407C4b,20407,C4b,12,37012,37011,2026-07-30T05:38:00,17005,37012,E,40.24143,-3.769159,10,False,1,1
2026-07-30T03:18:13Z,1009J76681C5,76681,C5,0,35012,35002,2026-07-30T05:45:00,37001,35012,E,40.25559,-3.8284667,10,False,1,1
2026-07-30T03:18:13Z,1009J20207C4a,20207,C4a,0,18000,18101,2026-07-30T05:47:00,19003,18000,E,40.40654,-3.6895106,10,True,6,1
2026-07-30T03:18:13Z,1009J35973C2,35973,C2,0,70103,70102,2026-07-30T05:36:00,17000,70103,E,40.489193,-3.3662832,10,False,5,5
2026-07-30T03:18:13Z,1009J20405C4b,20405,C4b,0,18000,18101,2026-07-30T05:27:00,17005,18000,E,40.40654,-3.6895106,10,True,5,1
2026-07-30T03:18:13Z,1009J76202C5,76202,C5,6,18003,35702,2026-07-30T05:37:00,37001,18003,E,40.39592,-3.6779969,10,False,2,2
2026-07-30T03:18:13Z,1009J21877C7,21877,C7,-1131,10000,10000,2026-07-31T05:14:00,10000,70103,A,40.42163,-3.7193205,10,False,1,1
2026-07-30T03:18:13Z,1009J76203C5,76203,C5,0,37001,35704,2026-07-30T05:47:00,18003,37001,E,40.34132,-3.7123663,10,False,4,1
2026-07-30T03:18:13Z,1009J20005C3,20005,C3,0,60200,60105,2026-07-30T05:47:00,17000,60200,E,40.035027,-3.6189713,10,True,1,1
2026-07-30T03:18:13Z,1009J20403C4b,20403,C4b,8,17001,17009,2026-07-30T05:23:00,17005,17000,S,40.501648,-3.6821797,10,True,1,1
2026-07-30T03:18:13Z,1009J20203C4a,20203,C4a,8,17000,17001,2026-07-30T05:21:00,19003,18000,24.0,40.47866,-3.6802797,10,True,6,1
2026-07-30T03:18:13Z,1009J20004C3,20004,C3,0,17000,18002,2026-07-30T05:33:00,60200,17000,E,40.471382,-3.6834786,10,True,2,8
2026-07-30T03:18:13Z,1009J20202C4,20202,C4,0,18000,60100,2026-07-30T05:30:00,37012,18000,E,40.40654,-3.6895106,10,True,7,1
2026-07-30T03:18:13Z,1009J20205C4a,20205,C4a,5,37010,37001,2026-07-30T05:21:00,19003,37012,24.0,40.328754,-3.7246654,10,True,1,1
2026-07-30T03:18:13Z,1009J20402C4b,20402,C4b,0,17005,17004,2026-07-30T05:48:00,37012,17005,E,40.644844,-3.7762609,10,True,3,3
2026-07-30T03:18:13Z,1009J21303C10,21303,C10,0,10000,18005,2026-07-30T05:42:00,17000,10000,E,40.421413,-3.7190256,10,True,1,1
2026-07-30T03:18:13Z,1009J76674C5,76674,C5,0,37001,35009,2026-07-30T05:46:00,35012,37001,E,40.34132,-3.7123663,10,False,6,2
2026-07-30T03:18:13Z,1009J76356C5,76356,C5,8,35607,35606,2026-07-30T05:31:00,35609,35607,E,40.330883,-3.8823783,10,False,2,1
2026-07-30T03:18:13Z,1009J76675C5,76675,C5,0,35010,35011,2026-07-30T05:19:00,37001,35012,A,40.312492,-3.78335,10,False,1,1
2026-07-30T03:18:13Z,1009J76358C5,76358,C5,0,35607,35606,2026-07-30T05:33:00,35609,35607,E,40.330883,-3.8823783,10,False,2,1
2026-07-30T03:18:13Z,1009J76677C5,76677,C5,0,35012,35002,2026-07-30T05:25:00,37001,35012,E,40.25559,-3.8284667,10,False,1,1
2026-07-30T03:18:13Z,1009J76679C5,76679,C5,0,35012,35002,2026-07-30T05:36:00,37001,35012,E,40.25559,-3.8284667,10,False,1,1
2026-07-30T03:18:13Z,1009J20204C4,20204,C4,0,17000,18002,2026-07-30T05:30:00,37012,17000,E,40.471325,-3.6833096,10,True,2,8
2026-07-30T03:18:13Z,1009J76352C5,76352,C5,0,35601,35600,2026-07-30T05:19:00,35609,35607,A,40.386257,-3.7610443,10,False,1,1
2026-07-30T03:18:13Z,1009J76353C5,76353,C5,0,35609,35608,2026-07-30T05:40:00,35607,35609,E,40.405067,-3.7026901,10,False,2,2
2026-07-30T03:18:13Z,1009J21501C2,21501,C2,1,70200,70105,2026-07-30T05:25:00,10203,70200,12.0,40.634212,-3.1922398,10,True,4,1
2026-07-30T03:18:13Z,1009J76672C5,76672,C5,0,37001,35009,2026-07-30T05:36:00,35012,37001,E,40.34132,-3.7123663,10,False,6,2
2026-07-30T03:18:13Z,1009J20411C4b,20411,C4b,0,37012,37011,2026-07-30T05:50:00,17005,37012,E,40.24143,-3.769159,10,True,2,1
2026-07-30T03:18:13Z,1009J76354C5,76354,C5,1,35605,35604,2026-07-30T05:22:00,35609,35607,A,40.356674,-3.8156087,10,False,1,1
2026-07-30T03:18:13Z,1009J20212C4a,20212,C4a,0,19003,19002,2026-07-30T05:44:00,37012,19003,E,40.546417,-3.6351175,10,True,2,2
2026-07-30T03:18:13Z,1009J76355C5,76355,C5,0,35609,35608,2026-07-30T05:50:00,35607,35609,E,40.405067,-3.7026901,10,False,2,2
2026-07-30T03:18:13Z,1009J21100C10,21100,C10,0,10200,10104,2026-07-30T05:34:00,17000,10200,E,40.62599,-4.0081153,10,False,4,2
2026-07-30T03:18:13Z,1009J21000C8a,21000,C8a,0,10203,10202,2026-07-30T05:50:00,70200,10203,E,40.58532,-4.1321955,10,False,3,2
2026-07-30T03:18:13Z,1009J21506C2,21506,C2,0,17000,18002,2026-07-30T05:44:00,70200,17000,E,40.47097,-3.68245,10,False,9,2
2026-07-30T03:18:13Z,1009J21703C2,21703,C2,2,70102,70101,2026-07-30T05:22:00,10203,70103,19.0,40.45239,-3.4900134,10,False,1,1
2026-07-30T03:18:13Z,1009J21504C2,21504,C2,0,18002,18001,2026-07-30T05:36:00,70200,18002,E,40.44655,-3.691473,10,False,4,2
2026-07-30T03:18:13Z,1009J21603C2,21603,C2,0,70200,70105,2026-07-30T05:34:00,12006,70200,E,40.644257,-3.1823237,10,False,1,1
2026-07-30T03:18:13Z,1009J76360C5,76360,C5,0,35607,35606,2026-07-30T05:43:00,35609,35607,E,40.330883,-3.8823783,10,False,2,1
2026-07-30T03:23:19Z,3009J23501C1,23501,C1,0,51003,50703,2026-07-30T05:31:29,50600,51003,25.0,37.41228,-5.9571652,30,False,,1
2026-07-30T03:23:19Z,4009J24103C2,24103,C2,0,64100,64006,2026-07-30T05:42:00,64003,64100,,38.992313,-0.5246103,40,False,,
2026-07-30T03:23:19Z,4009J24001C2,24001,C2,0,65000,64203,2026-07-30T05:43:00,64006,65000,A,39.42246,-0.39274746,40,False,7,1
2026-07-30T03:23:19Z,5109J25702R1,25702,R1,1,79405,79404,2026-07-30T05:24:20,72305,79500,50.0,41.45508,2.2600708,50,True,,2
2026-07-30T03:23:19Z,5109J77400R4,77400,R4,8,72202,72203,2026-07-30T05:25:03,78600,71600,75.0,41.305416,1.6442976,50,False,,
2026-07-30T03:23:19Z,5109J15000R15,15000,R15,0,71400,71401,2026-07-30T05:45:00,79400,71400,,41.160637,1.1000068,50,False,,
2026-07-30T03:23:19Z,5109J28500R2,28500,R2,3,71701,71703,2026-07-30T05:31:30,79104,71700,E,41.27745,1.9777229,50,True,2,
2026-07-30T03:23:19Z,5109J25400R2,25400,R2,7,71707,71708,2026-07-30T05:29:56,79200,71700,A,41.354904,2.115462,50,True,4,
2026-07-30T03:23:19Z,5109J28557R2N,28557,R2N,1,71707,72400,2026-07-30T05:30:38,72400,79400,A,41.30425,2.0733776,50,True,,1
2026-07-30T03:23:19Z,5109J25602R1,25602,R1,0,79500,79412,2026-07-30T05:27:26,72305,79603,E,41.53325,2.4456325,50,True,2,2
2026-07-30T03:23:19Z,5109J77600R4,77600,R4,4,72305,71801,2026-07-30T05:30:54,78600,72209,A,41.379536,2.1411612,50,False,1,
2026-07-30T03:23:19Z,5109J77502R4,77502,R4,1,71801,72305,2026-07-30T05:30:12,71600,78700,1.0,41.379536,2.1411612,50,False,8,4
2026-07-30T03:23:19Z,5109J33520RL4,33520,RL4,1,78403,78404,2026-07-30T05:26:02,78600,78400,10.0,41.631935,0.89677364,50,False,1,
2026-07-30T03:23:19Z,5109J77602R4,77602,R4,-2,72210,72211,2026-07-30T05:30:04,78600,72209,E,41.473316,1.967515,50,False,,2
2026-07-30T03:23:19Z,5109J77504R4,77504,R4,1,78707,78708,2026-07-30T05:26:48,71600,78700,A,41.48388,2.1847994,50,False,2,2
2026-07-30T03:23:19Z,6009J26002C2,26002,C2,0,13506,13505,2026-07-30T05:35:00,13200,13506,A,43.315636,-3.0911126,60,False,3,1
2026-07-30T03:23:19Z,6009J26101C1,26101,C1,-1,13206,13207,2026-07-30T05:24:21,13405,13200,E,43.25448,-2.9437528,60,False,,1
2026-07-30T03:23:19Z,6009J26500C3,26500,C3,0,13110,13115,2026-07-30T05:25:07,13100,13200,A,43.176933,-2.909058,60,False,2,2
2026-07-30T03:23:19Z,6009J26501C3,26501,C3,3,13104,13106,2026-07-30T05:26:03,13200,13100,E,43.132793,-2.9697878,60,True,,1
2026-07-30T03:23:19Z,6009J26000C2,26000,C2,1,13507,13503,2026-07-30T05:24:26,13200,13506,E,43.307487,-3.0410612,60,False,,1
2026-07-30T03:23:19Z,6009J26503C3,26503,C3,0,13100,13116,2026-07-30T05:36:00,13200,13100,A,43.035866,-3.0039182,60,True,2,1
2026-07-30T03:23:19Z,6009J26102C1,26102,C1,0,13405,13404,2026-07-30T05:38:00,13200,13405,A,43.3262,-3.023556,60,False,2,2
2026-07-30T03:23:19Z,6009J26003C2,26003,C2,0,13200,13205,2026-07-30T05:33:00,13506,13200,A,43.256733,-2.9322033,60,False,1,1
2026-07-30T03:23:19Z,6009J71501C4,71501,C4,0,05485,05483,2026-07-30T05:32:00,05451,05485,A,43.196415,-3.1899889,60,False,1,1
2026-07-30T03:23:19Z,6009J26502C3,26502,C3,3,13200,13120,2026-07-30T05:24:57,13100,13200,19.0,43.25885,-2.9305077,60,False,,2
2026-07-30T03:23:19Z,6009J26001C2,26001,C2,0,13305,13400,2026-07-30T05:25:12,13506,13200,37.0,43.29403,-2.9750576,60,False,,3
2026-07-30T03:23:19Z,6009J26600C3,26600,C3,0,13200,13120,2026-07-30T05:32:00,13106,13200,A,43.25035,-2.930641,60,False,4,2
2026-07-30T03:23:19Z,6009J26100C1,26100,C1,1,13208,13207,2026-07-30T05:23:59,13200,13405,E,43.26169,-2.948731,60,False,,2
2026-07-30T03:23:19Z,6109J32769C1,32769,C1,1,11407,11408,2026-07-30T05:24:51,11508,11400,E,43.085815,-2.1409454,61,False,,1
2026-07-30T03:23:19Z,6109J35680C1,35680,C1,-7,11508,11507,2026-07-30T05:40:00,11305,11508,A,43.266514,-1.9726831,61,False,2,2
2026-07-30T03:23:19Z,6209J71102C2,71102,C2,0,14223,05602,2026-07-30T05:33:00,05623,14223,A,43.452877,-3.8282192,62,True,8AM,2
2026-07-30T03:23:19Z,6209J71100C2,71100,C2,0,14223,05602,2026-07-30T05:25:00,05623,14223,E,43.45811,-3.8111749,62,True,,2
2026-07-30T03:23:19Z,2009J22200C2,22200,C2,0,15211,15218,2026-07-30T05:47:00,16011,15211,E,43.366478,-5.855087,20,False,2,2
2026-07-30T03:23:19Z,2009J70501C7,70501,C7,0,05311,05308,2026-07-30T05:51:00,15211,05311,E,43.34864,-5.9676714,20,False,1,1
2026-07-30T03:23:19Z,2009J70753C6,70753,C6,0,05509,05513,2026-07-30T06:00:00,05513,05509,E,43.3823,-5.7026434,20,False,1,4
2026-07-30T03:23:19Z,2009J22101C1,22101,C1,0,15217,15212,2026-07-30T05:26:00,15410,15218,E,43.38812,-5.8272715,20,False,1,1
2026-07-30T03:23:19Z,2009J80851C6,80851,C6,0,05509,05511,2026-07-30T05:47:00,05534,05509,E,43.3823,-5.7026434,20,False,1,1
2026-07-30T03:23:19Z,2009J70900C8,70900,C8,0,05373,05375,2026-07-30T05:43:00,05389,05373,E,43.21386,-5.784103,20,False,2,2
2026-07-30T03:23:19Z,2009J22103C1,22103,C1,0,15218,15211,2026-07-30T05:45:00,15410,15218,E,43.3588,-5.8573804,20,False,1,1
2026-07-30T03:23:19Z,2009J22303C3,22303,C3,0,15218,15211,2026-07-30T05:55:00,16405,15218,E,43.3588,-5.8573804,20,False,1,1
2026-07-30T03:23:19Z,4109J24701C1,24701,C1,0,60911,62109,2026-07-30T05:54:00,61200,60911,E,38.34553,-0.49576503,41,False,1,1
2026-07-30T03:23:19Z,4109J24700C1,24700,C1,0,61200,62001,2026-07-30T05:59:00,60911,61200,E,37.974686,-1.131078,41,False,2,4
2026-07-30T03:23:19Z,1009J21000C8a,21000,C8a,0,10203,10202,2026-07-30T05:50:00,70200,10203,E,40.58532,-4.1321955,10,False,3,2
2026-07-30T03:23:19Z,1009J21603C2,21603,C2,0,70200,70105,2026-07-30T05:34:00,12006,70200,E,40.644257,-3.1823237,10,False,1,1
2026-07-30T03:23:19Z,1009J21800C7,21800,C7,0,17000,18002,2026-07-30T05:53:00,70103,17000,E,40.47113,-3.6828332,10,False,7,2
2026-07-30T03:23:19Z,1009J76360C5,76360,C5,0,35607,35606,2026-07-30T05:43:00,35609,35607,E,40.330883,-3.8823783,10,False,2,1
2026-07-30T03:23:19Z,1009J21601C2,21601,C2,1,70111,70112,2026-07-30T05:27:00,12006,70200,E,40.480347,-3.39294,10,False,1,1
2026-07-30T03:23:19Z,1009J76362C5,76362,C5,0,35607,35606,2026-07-30T05:53:00,35609,35607,E,40.330883,-3.8823783,10,False,2,1
2026-07-30T03:23:19Z,1009J20407C4b,20407,C4b,3,37012,37011,2026-07-30T05:29:00,17005,37012,5.0,40.248158,-3.7658613,10,False,1,1
2026-07-30T03:23:19Z,1009J76681C5,76681,C5,0,35012,35002,2026-07-30T05:45:00,37001,35012,E,40.25559,-3.8284667,10,False,1,1
2026-07-30T03:23:19Z,1009J20208C4,20208,C4,0,17000,18002,2026-07-30T05:52:00,37012,17000,E,40.471325,-3.6833096,10,True,2,8
2026-07-30T03:23:19Z,1009J76683C5,76683,C5,0,35012,35002,2026-07-30T05:55:00,37001,35012,E,40.25559,-3.8284667,10,False,1,1
2026-07-30T03:23:19Z,1009J20207C4a,20207,C4a,0,18000,18101,2026-07-30T05:47:00,19003,18000,E,40.40654,-3.6895106,10,True,6,1
2026-07-30T03:23:19Z,1009J35973C2,35973,C2,0,70103,70102,2026-07-30T05:36:00,17000,70103,E,40.489193,-3.3662832,10,False,5,5
2026-07-30T03:23:19Z,1009J20405C4b,20405,C4b,0,18000,18101,2026-07-30T05:27:00,17005,18000,E,40.40654,-3.6895106,10,True,5,1
2026-07-30T03:23:19Z,1009J76202C5,76202,C5,12,18003,35702,2026-07-30T05:43:00,37001,18003,E,40.39592,-3.6779969,10,False,2,2
2026-07-30T03:23:19Z,1009J20007C3,20007,C3,0,60200,60105,2026-07-30T05:59:00,17000,60200,E,40.035027,-3.6189713,10,True,1,1
2026-07-30T03:23:19Z,1009J76203C5,76203,C5,0,37001,35704,2026-07-30T05:47:00,18003,37001,E,40.34132,-3.7123663,10,False,4,1
2026-07-30T03:23:19Z,1009J20403C4b,20403,C4b,8,17009,17003,2026-07-30T05:26:00,17005,17000,E,40.558834,-3.7141593,10,True,1,1
2026-07-30T03:23:19Z,1009J20205C4a,20205,C4a,3,60100,18000,2026-07-30T05:33:00,19003,37012,A,40.40654,-3.6895106,10,True,2,6
2026-07-30T03:23:19Z,1009J19800C1,19800,C1,0,17000,98003,2026-07-30T05:54:00,98305,17000,E,40.47102,-3.6825693,10,False,12,2
2026-07-30T03:23:19Z,1009J20005C3,20005,C3,0,60200,60105,2026-07-30T05:47:00,17000,60200,E,40.035027,-3.6189713,10,True,1,1
2026-07-30T03:23:19Z,1009J21303C10,21303,C10,0,10000,18005,2026-07-30T05:42:00,17000,10000,E,40.421413,-3.7190256,10,True,1,1
2026-07-30T03:23:19Z,1009J21501C2,21501,C2,2,70105,70104,2026-07-30T05:30:00,10203,70200,A,40.53455,-3.2985828,10,False,1,1
2026-07-30T03:23:19Z,1009J20411C4b,20411,C4b,0,37012,37011,2026-07-30T05:50:00,17005,37012,E,40.24143,-3.769159,10,True,2,1
2026-07-30T03:23:19Z,1009J20212C4a,20212,C4a,0,19003,19002,2026-07-30T05:44:00,37012,19003,E,40.546417,-3.6351175,10,True,2,2
2026-07-30T03:23:19Z,1009J21100C10,21100,C10,0,10200,10104,2026-07-30T05:34:00,17000,10200,E,40.62599,-4.0081153,10,False,4,2
2026-07-30T03:23:19Z,1009J21506C2,21506,C2,0,17000,18002,2026-07-30T05:44:00,70200,17000,E,40.47097,-3.68245,10,False,9,2
2026-07-30T03:23:19Z,1009J21703C2,21703,C2,0,70108,70100,2026-07-30T05:28:00,10203,70103,A,40.401035,-3.5957623,10,False,1,1
2026-07-30T03:23:19Z,1009J21504C2,21504,C2,0,18002,18001,2026-07-30T05:36:00,70200,18002,E,40.44655,-3.691473,10,False,4,2
2026-07-30T03:23:19Z,1009J21503C2,21503,C2,0,70200,70105,2026-07-30T05:43:00,17000,70200,E,40.644257,-3.1823237,10,False,1,1
2026-07-30T03:23:19Z,1009J21701C2,21701,C2,0,18000,18001,2026-07-30T05:32:00,17000,18000,E,40.40667,-3.689395,10,False,2,1
2026-07-30T03:23:19Z,1009J20203C4a,20203,C4a,10,17001,17009,2026-07-30T05:28:00,19003,18000,6.0,40.50734,-3.6836631,10,True,1,1
2026-07-30T03:23:19Z,1009J20004C3,20004,C3,0,17000,18002,2026-07-30T05:33:00,60200,17000,E,40.471382,-3.6834786,10,True,2,8
2026-07-30T03:23:19Z,1009J20202C4,20202,C4,0,18000,60100,2026-07-30T05:30:00,37012,18000,E,40.40654,-3.6895106,10,True,7,1
2026-07-30T03:23:19Z,1009J20002C3,20002,C3,3,18101,18000,2026-07-30T05:29:00,60200,17000,E,40.40654,-3.6895106,10,True,2,7
2026-07-30T03:23:19Z,1009J20209C4a,20209,C4a,7,37012,37011,2026-07-30T05:44:00,19003,37012,E,40.24143,-3.769159,10,True,2,1
2026-07-30T03:23:19Z,1009J21700C7,21700,C7,12,17000,18002,2026-07-30T05:26:00,18000,17000,33.0,40.462612,-3.6851318,10,False,8,2
2026-07-30T03:23:19Z,1009J19799C1,19799,C1,4,18002,17000,2026-07-30T05:34:00,98305,18000,A,40.47102,-3.6825693,10,False,1,12
2026-07-30T03:23:19Z,1009J76355C5,76355,C5,0,35609,35608,2026-07-30T05:50:00,35607,35609,E,40.405067,-3.7026901,10,False,2,2
2026-07-30T03:23:19Z,1009J20402C4b,20402,C4b,0,17005,17004,2026-07-30T05:48:00,37012,17005,E,40.644844,-3.7762609,10,True,3,3
2026-07-30T03:23:19Z,1009J76674C5,76674,C5,0,37001,35009,2026-07-30T05:46:00,35012,37001,E,40.34132,-3.7123663,10,False,6,2
2026-07-30T03:23:19Z,1009J20204C4,20204,C4,0,17000,18002,2026-07-30T05:30:00,37012,17000,E,40.471325,-3.6833096,10,True,2,8
2026-07-30T03:23:19Z,1009J76356C5,76356,C5,1,35606,35610,2026-07-30T05:27:00,35609,35607,A,40.34195,-3.8423326,10,False,1,1
2026-07-30T03:23:19Z,1009J76352C5,76352,C5,1,35608,35609,2026-07-30T05:29:00,35609,35607,A,40.405067,-3.7026901,10,False,1,1
2026-07-30T03:23:19Z,1009J76353C5,76353,C5,0,35609,35608,2026-07-30T05:40:00,35607,35609,E,40.405067,-3.7026901,10,False,2,2
2026-07-30T03:23:19Z,1009J76672C5,76672,C5,0,37001,35009,2026-07-30T05:36:00,35012,37001,E,40.34132,-3.7123663,10,False,6,2
2026-07-30T03:23:19Z,1009J76354C5,76354,C5,1,35603,35602,2026-07-30T05:27:00,35609,35607,A,40.381268,-3.7802126,10,False,1,1
2026-07-30T03:23:19Z,1009J76675C5,76675,C5,0,35011,35001,2026-07-30T05:22:00,37001,35012,S,40.312492,-3.78335,10,False,1,1
2026-07-30T03:23:19Z,1009J76358C5,76358,C5,0,35607,35606,2026-07-30T05:33:00,35609,35607,E,40.330883,-3.8823783,10,False,2,1
2026-07-30T03:23:19Z,1009J76677C5,76677,C5,4,35012,35002,2026-07-30T05:29:00,37001,35012,E,40.25559,-3.8284667,10,False,1,1
2026-07-30T03:23:19Z,1009J76679C5,76679,C5,0,35012,35002,2026-07-30T05:36:00,37001,35012,E,40.25559,-3.8284667,10,False,1,1
2026-07-30T03:27:50Z,3009J23501C1,23501,C1,0,51003,50703,2026-07-30T05:31:29,50600,51003,65.0,37.450275,-5.962966,30,False,,1
2026-07-30T03:27:50Z,3209J23303C1,23303,C1,1,54501,54503,2026-07-30T05:29:45,54516,54517,30.0,36.697193,-4.4628572,32,False,,1
2026-07-30T03:27:50Z,4009J24103C2,24103,C2,0,64100,64006,2026-07-30T05:42:00,64003,64100,,38.992313,-0.5246103,40,False,,
2026-07-30T03:27:50Z,4009J24301C6,24301,C6,0,65300,65209,2026-07-30T05:44:00,65000,65300,,39.988174,-0.05200379,40,False,,1
2026-07-30T03:27:50Z,4009J24001C2,24001,C2,0,65000,64203,2026-07-30T05:43:00,64006,65000,A,39.42246,-0.39274746,40,False,7,1
2026-07-30T03:27:50Z,5109J25602R1,25602,R1,1,79412,79410,2026-07-30T05:29:30,72305,79603,E,41.50672,2.4016483,50,True,2,2
2026-07-30T03:27:50Z,5109J25604R1,25604,R1,0,79602,79601,2026-07-30T05:32:32,72305,79603,E,41.601646,2.6246321,50,True,1,
2026-07-30T03:27:50Z,5109J25702R1,25702,R1,0,79403,79009,2026-07-30T05:36:28,72305,79500,E,41.42436,2.2305613,50,True,,3
2026-07-30T03:27:50Z,5109J15000R15,15000,R15,0,71400,71401,2026-07-30T05:45:00,79400,71400,,41.160637,1.1000068,50,False,,
2026-07-30T03:27:50Z,5109J77400R4,77400,R4,9,72203,72204,2026-07-30T05:31:14,78600,71600,28.0,41.320927,1.673581,50,False,,1
2026-07-30T03:27:50Z,5109J28400R2N,28400,R2N,15,79011,79005,2026-07-30T05:29:25,72400,79100,E,41.510387,2.199821,50,True,,
2026-07-30T03:27:50Z,5109J28500R2,28500,R2,0,71703,71704,2026-07-30T05:34:14,79104,71700,A,41.27745,1.9777229,50,True,2,
2026-07-30T03:27:50Z,5109J77602R4,77602,R4,-4,72211,72300,2026-07-30T05:31:04,78600,72209,A,41.40998,2.0208638,50,False,,2
2026-07-30T03:27:50Z,5109J25400R2,25400,R2,7,71707,71708,2026-07-30T05:30:17,79200,71700,34.0,41.335335,2.1026044,50,True,,
2026-07-30T03:27:50Z,5109J28556R2N,28556,R2N,0,72400,71707,2026-07-30T05:46:00,79400,72400,A,41.3306,2.0894625,50,True,1,4
2026-07-30T03:27:50Z,5109J77504R4,77504,R4,1,78707,78708,2026-07-30T05:27:23,71600,78700,S,41.481228,2.1669743,50,False,,2
2026-07-30T03:27:50Z,5109J33520RL4,33520,RL4,14,78408,78500,2026-07-30T06:06:32,78600,78400,A,41.673756,1.2747123,50,False,,
2026-07-30T03:27:50Z,5109J28557R2N,28557,R2N,2,71707,72400,2026-07-30T05:32:28,72400,79400,20.0,41.326015,2.0759635,50,True,,1
2026-07-30T03:27:50Z,5109J77402R4,77402,R4,2,71600,72201,2026-07-30T05:34:24,78600,71600,3.0,41.72026,1.826487,50,False,1,2
2026-07-30T03:27:50Z,5109J77600R4,77600,R4,4,72305,71801,2026-07-30T05:31:26,78600,72209,37.0,41.36805,2.1169865,50,False,,
2026-07-30T03:27:50Z,5109J77502R4,77502,R4,-1,72305,72303,2026-07-30T05:31:50,71600,78700,A,41.357582,2.070575,50,False,4,1
2026-07-30T03:27:50Z,6009J26002C2,26002,C2,0,13506,13505,2026-07-30T05:35:00,13200,13506,A,43.315636,-3.0911126,60,False,3,1
2026-07-30T03:27:50Z,6009J26101C1,26101,C1,0,13303,13304,2026-07-30T05:31:25,13405,13200,E,43.26418,-2.9553094,60,False,,1
2026-07-30T03:27:50Z,6009J26500C3,26500,C3,0,13109,13108,2026-07-30T05:28:35,13100,13200,E,43.169456,-2.9183524,60,False,,2
2026-07-30T03:27:50Z,6009J26503C3,26503,C3,0,13100,13116,2026-07-30T05:36:00,13200,13100,A,43.035866,-3.0039182,60,True,2,1
2026-07-30T03:27:50Z,6009J26502C3,26502,C3,0,13114,13113,2026-07-30T05:30:18,13100,13200,E,43.24241,-2.9163692,60,False,,2
2026-07-30T03:27:50Z,6009J26000C2,26000,C2,2,13502,13501,2026-07-30T05:29:21,13200,13506,15.0,43.302948,-3.0169492,60,False,1,1
2026-07-30T03:27:50Z,6009J26102C1,26102,C1,0,13405,13404,2026-07-30T05:38:00,13200,13405,A,43.3262,-3.023556,60,False,2,2
2026-07-30T03:27:50Z,6009J26600C3,26600,C3,0,13200,13120,2026-07-30T05:32:00,13106,13200,A,43.25035,-2.930641,60,False,4,2
2026-07-30T03:27:50Z,6009J71501C4,71501,C4,0,05485,05483,2026-07-30T05:32:00,05451,05485,A,43.196415,-3.1899889,60,False,1,1
2026-07-30T03:27:50Z,6009J26003C2,26003,C2,0,13200,13205,2026-07-30T05:33:00,13506,13200,A,43.256733,-2.9322033,60,False,1,1
2026-07-30T03:27:50Z,6009J26001C2,26001,C2,1,13400,13501,2026-07-30T05:29:37,13506,13200,51.0,43.30662,-2.9967194,60,False,,3
2026-07-30T03:27:50Z,6009J26100C1,26100,C1,1,13205,13200,2026-07-30T05:29:43,13200,13405,E,43.256733,-2.9322033,60,False,2,
2026-07-30T03:27:50Z,6109J32769C1,32769,C1,1,11409,11500,2026-07-30T05:35:51,11508,11400,E,43.10187,-2.0972357,61,False,,1
2026-07-30T03:27:50Z,6109J35680C1,35680,C1,-7,11508,11507,2026-07-30T05:40:00,11305,11508,A,43.266514,-1.9726831,61,False,2,2
2026-07-30T03:27:50Z,6209J71100C2,71100,C2,0,05602,05605,2026-07-30T05:31:33,05623,14223,E,43.452877,-3.8282192,62,True,,1
2026-07-30T03:27:50Z,6209J71102C2,71102,C2,0,14223,05602,2026-07-30T05:33:00,05623,14223,A,43.452877,-3.8282192,62,True,8AM,2
2026-07-30T03:27:50Z,6209J71150C2,71150,C2,1,05605,05621,2026-07-30T05:45:35,05637,14223,E,43.44074,-3.8995621,62,True,,1
2026-07-30T03:27:50Z,2009J70501C7,70501,C7,0,05311,05308,2026-07-30T05:51:00,15211,05311,E,43.34864,-5.9676714,20,False,1,1
2026-07-30T03:27:50Z,2009J22000C1,22000,C1,0,15211,15218,2026-07-30T05:57:00,15122,15211,E,43.36655,-5.854991,20,False,2,2
2026-07-30T03:27:50Z,2009J22200C2,22200,C2,0,15211,15218,2026-07-30T05:47:00,16011,15211,E,43.366478,-5.855087,20,False,2,2
2026-07-30T03:27:50Z,2009J70753C6,70753,C6,0,05509,05513,2026-07-30T06:00:00,05513,05509,E,43.3823,-5.7026434,20,False,1,4
2026-07-30T03:27:50Z,2009J80851C6,80851,C6,0,05509,05511,2026-07-30T05:47:00,05534,05509,E,43.3823,-5.7026434,20,False,1,1
2026-07-30T03:27:50Z,2009J70500C7,70500,C7,1,05300,05301,2026-07-30T05:29:00,05311,05501,E,43.365196,-5.864812,20,False,1,2
2026-07-30T03:27:50Z,2009J70900C8,70900,C8,0,05373,05375,2026-07-30T05:43:00,05389,05373,E,43.21386,-5.784103,20,False,2,2
2026-07-30T03:27:50Z,2009J22103C1,22103,C1,0,15218,15211,2026-07-30T05:45:00,15410,15218,E,43.3588,-5.8573804,20,False,1,1
2026-07-30T03:27:50Z,2009J22303C3,22303,C3,0,15218,15211,2026-07-30T05:55:00,16405,15218,E,43.3588,-5.8573804,20,False,1,1
2026-07-30T03:27:50Z,4109J24700C1,24700,C1,0,61200,62001,2026-07-30T05:59:00,60911,61200,E,37.974686,-1.131078,41,False,2,4
2026-07-30T03:27:50Z,4109J24701C1,24701,C1,0,60911,62109,2026-07-30T05:54:00,61200,60911,E,38.34553,-0.49576503,41,False,1,1
2026-07-30T03:33:23Z,3009J23101C3,23101,C3,0,51003,50700,2026-07-30T06:08:00,40115,51003,A,37.59084,-5.7277255,30,False,,
2026-07-30T03:33:23Z,3009J23501C1,23501,C1,0,50703,50704,2026-07-30T05:34:12,50600,51003,E,37.479904,-5.9399505,30,False,,1
2026-07-30T03:33:23Z,3209J23303C1,23303,C1,2,54505,54520,2026-07-30T05:36:51,54516,54517,E,36.677452,-4.490335,32,False,1,1
2026-07-30T03:33:23Z,4009J24301C6,24301,C6,0,65300,65209,2026-07-30T05:44:00,65000,65300,,39.988174,-0.05200379,40,False,,1
2026-07-30T03:33:23Z,4009J24103C2,24103,C2,0,64100,64006,2026-07-30T05:42:00,64003,64100,,38.992313,-0.5246103,40,False,,
2026-07-30T03:33:23Z,4009J24200C1,24200,C1,0,69110,69107,2026-07-30T05:51:00,65000,69110,A,39.02619,-0.21494265,40,False,2,
2026-07-30T03:33:23Z,4009J24001C2,24001,C2,0,65000,64203,2026-07-30T05:43:00,64006,65000,A,39.42246,-0.39274746,40,False,7,1
2026-07-30T03:33:23Z,5109J25601R1,25601,R1,0,72305,71801,2026-07-30T05:54:00,79200,72305,A,41.379536,2.1411612,50,False,,
2026-07-30T03:33:23Z,5109J25604R1,25604,R1,0,79601,79600,2026-07-30T05:36:04,72305,79603,A,41.577496,2.549442,50,True,,2
2026-07-30T03:33:23Z,5109J33521R4,33521,R4,0,78600,78506,2026-07-30T05:55:00,78400,78600,A,41.72026,1.8263956,50,False,,
2026-07-30T03:33:23Z,5109J25702R1,25702,R1,2,79403,79009,2026-07-30T05:38:14,72305,79500,45.0,41.427906,2.206802,50,True,,3
2026-07-30T03:33:23Z,5109J28263R2S,28263,R2S,1,79400,71802,2026-07-30T05:39:25,71700,79400,39.0,41.396126,2.1887958,50,True,,
2026-07-30T03:33:23Z,5109J18120R16,18120,R16,0,65400,65402,2026-07-30T05:55:00,79400,65400,39.0,40.807198,0.5228472,50,True,,
2026-07-30T03:33:23Z,5109J28402R2N,28402,R2N,1,79100,79007,2026-07-30T05:34:46,72400,79100,71.0,41.556408,2.2656367,50,True,,
2026-07-30T03:33:23Z,5109J15000R15,15000,R15,0,71400,71401,2026-07-30T05:45:00,79400,71400,,41.160637,1.1000068,50,False,,
2026-07-30T03:33:23Z,5109J77400R4,77400,R4,9,72204,72205,2026-07-30T05:36:23,78600,71600,24.0,41.350803,1.7087893,50,False,,
2026-07-30T03:33:23Z,5109J25400R2,25400,R2,5,71801,71802,2026-07-30T05:39:25,79200,71700,A,41.392376,2.1651204,50,True,13,
2026-07-30T03:33:23Z,5109J25602R1,25602,R1,1,79409,79408,2026-07-30T05:37:06,72305,79603,E,41.487606,2.3548977,50,True,2,2
2026-07-30T03:33:23Z,5109J77602R4,77602,R4,1,72211,72300,2026-07-30T05:35:34,78600,72209,26.0,41.427444,2.005419,50,False,,2
2026-07-30T03:33:23Z,5109J28400R2N,28400,R2N,17,79005,79004,2026-07-30T05:37:19,72400,79100,33.0,41.466736,2.1869516,50,True,,2
2026-07-30T03:33:23Z,5109J77702R4,77702,R4,0,78800,78801,2026-07-30T05:47:00,72209,78800,A,41.46098,2.1810303,50,True,5,2
2026-07-30T03:33:23Z,5109J28500R2,28500,R2,0,71704,71705,2026-07-30T05:37:07,79104,71700,A,41.27877,1.9793723,50,True,2,
2026-07-30T03:33:23Z,5109J77504R4,77504,R4,1,78801,78802,2026-07-30T05:36:21,71600,78700,A,41.430275,2.1831505,50,False,2,2
2026-07-30T03:33:23Z,5109J77506R4,77506,R4,-1,78710,78709,2026-07-30T05:36:01,71600,78700,E,41.567463,2.03963,50,True,,2
2026-07-30T03:33:23Z,5109J33520RL4,33520,RL4,5,78408,78500,2026-07-30T05:58:22,78600,78400,A,41.673756,1.2747123,50,False,1,
2026-07-30T03:33:23Z,5109J77402R4,77402,R4,1,72201,72202,2026-07-30T05:40:51,78600,71600,6.0,41.224262,1.5415665,50,False,,2
2026-07-30T03:33:23Z,5109J77600R4,77600,R4,2,78805,78804,2026-07-30T05:38:15,78600,72209,A,41.391907,2.1806386,50,False,1,1
2026-07-30T03:33:23Z,5109J77502R4,77502,R4,0,72303,72302,2026-07-30T05:36:01,71600,78700,E,41.357582,2.070575,50,False,,1
2026-07-30T03:33:23Z,6009J26101C1,26101,C1,0,13305,13400,2026-07-30T05:35:53,13405,13200,A,43.3262,-3.023556,60,False,,1
2026-07-30T03:33:23Z,6009J26102C1,26102,C1,0,13405,13404,2026-07-30T05:38:00,13200,13405,A,43.3262,-3.023556,60,False,2,2
2026-07-30T03:33:23Z,6009J26500C3,26500,C3,0,13117,13107,2026-07-30T05:34:07,13100,13200,E,43.153534,-2.9381597,60,False,,
2026-07-30T03:33:23Z,6009J26103C1,26103,C1,0,13200,13205,2026-07-30T05:44:00,13405,13200,A,43.256733,-2.9322033,60,False,2,1
2026-07-30T03:33:23Z,6009J26501C3,26501,C3,-1,13109,13115,2026-07-30T05:34:49,13200,13100,E,43.169456,-2.9183524,60,True,,1
2026-07-30T03:33:23Z,6009J26003C2,26003,C2,1,13200,13205,2026-07-30T05:34:15,13506,13200,10.0,43.25991,-2.9290204,60,False,1,1
2026-07-30T03:33:23Z,6009J26503C3,26503,C3,2,13100,13116,2026-07-30T05:38:05,13200,13100,5.0,42.99608,-3.0137181,60,True,2,1
2026-07-30T03:33:23Z,6009J26502C3,26502,C3,2,13113,13118,2026-07-30T05:35:41,13100,13200,E,43.236897,-2.889748,60,False,,2
2026-07-30T03:33:23Z,6009J26600C3,26600,C3,1,13120,13119,2026-07-30T05:36:25,13106,13200,E,43.25035,-2.930641,60,False,2,2
2026-07-30T03:33:23Z,6009J26001C2,26001,C2,2,13503,13507,2026-07-30T05:35:42,13506,13200,A,43.307487,-3.0410612,60,False,1,1
2026-07-30T03:33:23Z,6009J26000C2,26000,C2,-1,13400,13305,2026-07-30T05:36:20,13200,13506,A,43.2878,-2.975288,60,False,,2
2026-07-30T03:33:23Z,6009J26002C2,26002,C2,1,13506,13505,2026-07-30T05:36:26,13200,13506,S,43.315636,-3.0911126,60,False,3,1
2026-07-30T03:33:23Z,6109J35680C1,35680,C1,-7,11507,11506,2026-07-30T05:44:00,11305,11508,E,43.266514,-1.9726831,61,False,2,2
2026-07-30T03:33:23Z,6109J32769C1,32769,C1,0,11500,11501,2026-07-30T05:38:24,11508,11400,A,43.139435,-2.074181,61,False,1,1
2026-07-30T03:33:23Z,6109J81702C1,81702,C1,0,11600,11518,2026-07-30T05:53:00,11508,11600,A,43.330643,-1.8169186,61,False,,2
2026-07-30T03:33:23Z,6209J71102C2,71102,C2,0,05602,05605,2026-07-30T05:39:41,05623,14223,E,43.452877,-3.8282192,62,True,,1
2026-07-30T03:33:23Z,6209J71152C2,71152,C2,0,14223,05602,2026-07-30T05:48:00,05637,14223,A,43.452877,-3.8282192,62,True,1AM,2
2026-07-30T03:33:23Z,4709J71091C1,71091,C1,0,05761,05790,2026-07-30T05:47:00,05753,05761,A,42.786263,-5.12754,47,False,,
2026-07-30T03:33:23Z,2009J22200C2,22200,C2,0,15211,15218,2026-07-30T05:47:00,16011,15211,E,43.366478,-5.855087,20,False,2,2
2026-07-30T03:33:23Z,2009J70500C7,70500,C7,1,05303,05304,2026-07-30T05:36:00,05311,05501,E,43.35863,-5.8975425,20,False,1,2
2026-07-30T03:33:23Z,2009J22101C1,22101,C1,0,15301,15302,2026-07-30T05:38:00,15410,15218,A,43.505,-5.7819037,20,False,1,1
2026-07-30T03:33:23Z,2009J70400C5,70400,C5,1,05439,05437,2026-07-30T05:37:00,15410,05443,E,43.270874,-5.590411,20,False,1,1
2026-07-30T03:33:23Z,2009J70501C7,70501,C7,0,05311,05308,2026-07-30T05:51:00,15211,05311,E,43.34864,-5.9676714,20,False,1,1
2026-07-30T03:33:23Z,2009J22000C1,22000,C1,0,15211,15218,2026-07-30T05:57:00,15122,15211,E,43.36655,-5.854991,20,False,2,2
2026-07-30T03:33:23Z,2009J70753C6,70753,C6,0,05509,05513,2026-07-30T06:00:00,05513,05509,E,43.3823,-5.7026434,20,False,1,4
2026-07-30T03:33:23Z,2009J80851C6,80851,C6,0,05509,05511,2026-07-30T05:47:00,05534,05509,E,43.3823,-5.7026434,20,False,1,1
2026-07-30T03:33:23Z,2009J70900C8,70900,C8,0,05373,05375,2026-07-30T05:43:00,05389,05373,E,43.21386,-5.784103,20,False,2,2
2026-07-30T03:33:23Z,2009J22103C1,22103,C1,2,15218,15211,2026-07-30T05:47:00,15410,15218,E,43.3588,-5.8573804,20,False,1,1
2026-07-30T03:33:23Z,2009J22303C3,22303,C3,0,15218,15211,2026-07-30T05:55:00,16405,15218,E,43.3588,-5.8573804,20,False,1,1
2026-07-30T03:33:23Z,4109J24701C1,24701,C1,0,60911,62109,2026-07-30T05:54:00,61200,60911,E,38.34553,-0.49576503,41,False,1,1
2026-07-30T03:33:23Z,4109J84901C2,84901,C2,0,61200,06002,2026-07-30T06:35:00,06006,61200,E,37.97462,-1.1315287,41,False,1,2
2026-07-30T03:33:23Z,4109J24700C1,24700,C1,0,61200,62001,2026-07-30T05:59:00,60911,61200,E,37.974686,-1.131078,41,False,2,4
2026-07-30T03:37:43Z,3009J23101C3,23101,C3,0,51003,50700,2026-07-30T06:08:00,40115,51003,A,37.59084,-5.7277255,30,False,,
2026-07-30T03:37:43Z,3009J23501C1,23501,C1,0,50702,50701,2026-07-30T05:46:38,50600,51003,A,37.574757,-5.8031654,30,False,1,1
2026-07-30T03:37:43Z,3009J23500C1,23500,C1,0,51200,51202,2026-07-30T05:52:25,51203,51003,E,37.18487,-5.7904587,30,False,2,2
2026-07-30T03:37:43Z,3209J23303C1,23303,C1,1,54520,54518,2026-07-30T05:37:51,54516,54517,E,36.656197,-4.4803596,32,False,,1
2026-07-30T03:37:43Z,4009J24301C6,24301,C6,0,65300,65209,2026-07-30T05:44:00,65000,65300,,39.988174,-0.05200379,40,False,,1
2026-07-30T03:37:43Z,4009J24201C1,24201,C1,0,65000,64203,2026-07-30T05:59:00,69110,65000,A,39.42246,-0.39274746,40,False,5,1
2026-07-30T03:37:43Z,4009J24103C2,24103,C2,1,64100,64006,2026-07-30T05:42:33,64003,64100,30.0,38.983948,-0.544149,40,False,,3
2026-07-30T03:37:43Z,4009J24001C2,24001,C2,1,65000,64203,2026-07-30T05:44:16,64006,65000,17.0,39.458794,-0.3799473,40,False,,1
2026-07-30T03:37:43Z,4009J24380C6,24380,C6,0,65000,65002,2026-07-30T05:57:00,65312,65000,A,39.441483,-0.37143394,40,False,1,
2026-07-30T03:37:43Z,4009J24200C1,24200,C1,0,69110,69107,2026-07-30T05:51:00,65000,69110,A,39.02619,-0.21494265,40,False,2,
2026-07-30T03:37:43Z,5109J25601R1,25601,R1,0,72305,71801,2026-07-30T05:54:00,79200,72305,A,41.379536,2.1411612,50,False,,
2026-07-30T03:37:43Z,5109J33521R4,33521,R4,0,78600,78506,2026-07-30T05:55:00,78400,78600,A,41.72026,1.8263956,50,False,,
2026-07-30T03:37:43Z,5109J25604R1,25604,R1,1,79600,79502,2026-07-30T05:40:02,72305,79603,E,41.577496,2.549442,50,True,2,2
2026-07-30T03:37:43Z,5109J28263R2S,28263,R2S,-2,71802,71801,2026-07-30T05:40:42,71700,79400,A,41.379513,2.1412146,50,True,,
2026-07-30T03:37:43Z,5109J18120R16,18120,R16,0,65400,65402,2026-07-30T05:55:00,79400,65400,,40.807198,0.5228472,50,True,,
2026-07-30T03:37:43Z,5109J15772R11,15772,R11,0,79309,79303,2026-07-30T06:11:00,71801,79309,,42.265114,2.968971,50,True,,
2026-07-30T03:37:43Z,5109J77400R4,77400,R4,8,72206,72207,2026-07-30T05:44:18,78600,71600,A,41.41933,1.7952268,50,False,2,
2026-07-30T03:37:43Z,5109J28400R2N,28400,R2N,18,79004,79009,2026-07-30T05:42:40,72400,79100,A,41.409042,2.1873875,50,True,2,1
2026-07-30T03:37:43Z,5109J15000R15,15000,R15,0,71400,71401,2026-07-30T05:45:00,79400,71400,,41.160637,1.1000068,50,False,,
2026-07-30T03:37:43Z,5109J77502R4,77502,R4,2,72302,72301,2026-07-30T05:42:01,71600,78700,A,41.38308,2.0479817,50,False,1,1
2026-07-30T03:37:43Z,5109J25400R2,25400,R2,7,71801,71802,2026-07-30T05:40:55,79200,71700,18.0,41.381516,2.1457024,50,True,,
2026-07-30T03:37:43Z,5109J25602R1,25602,R1,0,79408,79407,2026-07-30T05:38:25,72305,79603,E,41.47896,2.3195477,50,True,,2
2026-07-30T03:37:43Z,5109J77602R4,77602,R4,1,72300,72301,2026-07-30T05:41:50,78600,72209,16.0,41.406006,2.0255659,50,False,,2
2026-07-30T03:37:43Z,5109J28500R2,28500,R2,0,71705,71706,2026-07-30T05:41:28,79104,71700,E,41.27877,1.9793723,50,True,2,
2026-07-30T03:37:43Z,5109J77702R4,77702,R4,0,78800,78801,2026-07-30T05:47:00,72209,78800,A,41.46098,2.1810303,50,True,5,2
2026-07-30T03:37:43Z,5109J77504R4,77504,R4,2,78802,78806,2026-07-30T05:38:36,71600,78700,E,41.430275,2.1831505,50,False,,2
2026-07-30T03:37:43Z,5109J33520RL4,33520,RL4,5,78408,78500,2026-07-30T05:58:22,78600,78400,A,41.673756,1.2747123,50,False,1,
2026-07-30T03:37:43Z,5109J77402R4,77402,R4,1,72201,72202,2026-07-30T05:40:51,78600,71600,60.0,41.252594,1.5753466,50,False,,2
2026-07-30T03:37:43Z,5109J77600R4,77600,R4,4,78805,78804,2026-07-30T05:40:04,78600,72209,19.0,41.388638,2.171797,50,False,1,1
2026-07-30T03:37:43Z,6009J26503C3,26503,C3,1,13116,13101,2026-07-30T05:39:06,13200,13100,E,43.035866,-3.0039182,60,True,1,1
2026-07-30T03:37:43Z,6009J26001C2,26001,C2,1,13509,13504,2026-07-30T05:39:03,13506,13200,E,43.30822,-3.0529044,60,False,1,3
2026-07-30T03:37:43Z,6009J26000C2,26000,C2,0,13305,13304,2026-07-30T05:38:50,13200,13506,E,43.2878,-2.975288,60,False,,2
2026-07-30T03:37:43Z,6009J26502C3,26502,C3,1,13112,13111,2026-07-30T05:39:02,13100,13200,E,43.22361,-2.882291,60,False,,2
2026-07-30T03:37:43Z,6009J26600C3,26600,C3,0,13114,13113,2026-07-30T05:39:42,13106,13200,E,43.24241,-2.9163692,60,False,,2
2026-07-30T03:37:43Z,6009J26501C3,26501,C3,-2,13110,13111,2026-07-30T05:42:13,13200,13100,E,43.17912,-2.9028738,60,True,,1
2026-07-30T03:37:43Z,6009J26504C3,26504,C3,0,13200,13120,2026-07-30T05:52:00,13100,13200,A,43.25035,-2.930641,60,False,5,2
2026-07-30T03:37:43Z,6009J26500C3,26500,C3,0,13106,13104,2026-07-30T05:38:31,13100,13200,E,43.14222,-2.960543,60,False,,2
2026-07-30T03:37:43Z,6009J26103C1,26103,C1,0,13200,13205,2026-07-30T05:44:00,13405,13200,A,43.256733,-2.9322033,60,False,2,1
2026-07-30T03:37:43Z,6009J26002C2,26002,C2,1,13505,13508,2026-07-30T05:39:02,13200,13506,53.0,43.320477,-3.0789974,60,False,,1
2026-07-30T03:37:43Z,6009J26101C1,26101,C1,0,13401,13402,2026-07-30T05:38:55,13405,13200,E,43.308567,-2.9939837,60,False,1,1
2026-07-30T03:37:43Z,6009J26102C1,26102,C1,1,13405,13404,2026-07-30T05:38:53,13200,13405,S,43.3262,-3.023556,60,False,2,2
2026-07-30T03:37:43Z,6009J26003C2,26003,C2,1,13207,13208,2026-07-30T05:38:11,13506,13200,46.0,43.26014,-2.9467146,60,False,1,1
2026-07-30T03:37:43Z,6109J35680C1,35680,C1,-7,11506,11505,2026-07-30T05:48:00,11305,11508,E,43.247425,-1.988344,61,False,2,2
2026-07-30T03:37:43Z,6109J81702C1,81702,C1,0,11600,11518,2026-07-30T05:53:00,11508,11600,A,43.330643,-1.8169186,61,False,,2
2026-07-30T03:37:43Z,6109J32769C1,32769,C1,1,11500,11501,2026-07-30T05:38:57,11508,11400,35.0,43.1356,-2.079181,61,False,,1
2026-07-30T03:37:43Z,6209J71351C3,71351,C3,0,14223,05602,2026-07-30T05:53:00,05657,14223,A,43.452858,-3.828213,62,True,9AM,7
2026-07-30T03:37:43Z,6209J71152C2,71152,C2,0,14223,05602,2026-07-30T05:48:00,05637,14223,A,43.452877,-3.8282192,62,True,1AM,2
2026-07-30T03:37:43Z,4709J71080C1,71080,C1,0,05761,05762,2026-07-30T06:02:00,05803,05761,A,42.809772,-5.1800675,47,False,1,
2026-07-30T03:37:43Z,4709J71091C1,71091,C1,0,05761,05790,2026-07-30T05:47:00,05753,05761,A,42.786263,-5.12754,47,False,,
2026-07-30T03:37:43Z,2009J70752C6,70752,C6,0,05513,05509,2026-07-30T06:15:00,15211,05513,E,43.388065,-5.664932,20,False,3,2
2026-07-30T03:37:43Z,2009J22000C1,22000,C1,0,15211,15218,2026-07-30T05:57:00,15122,15211,E,43.36655,-5.854991,20,False,2,2
2026-07-30T03:37:43Z,2009J22200C2,22200,C2,0,15211,15218,2026-07-30T05:47:00,16011,15211,E,43.366478,-5.855087,20,False,2,2
2026-07-30T03:37:43Z,2009J70400C5,70400,C5,0,05436,05435,2026-07-30T05:40:00,15410,05443,E,43.27836,-5.615333,20,False,1,1
2026-07-30T03:37:43Z,2009J70501C7,70501,C7,0,05311,05308,2026-07-30T05:51:00,15211,05311,E,43.34864,-5.9676714,20,False,1,1
2026-07-30T03:37:43Z,2009J22103C1,22103,C1,6,15218,15211,2026-07-30T05:51:00,15410,15218,E,43.3588,-5.8573804,20,False,1,1
2026-07-30T03:37:43Z,2009J70753C6,70753,C6,0,05509,05513,2026-07-30T06:00:00,05513,05509,E,43.3823,-5.7026434,20,False,1,4
2026-07-30T03:37:43Z,2009J22303C3,22303,C3,0,15218,15211,2026-07-30T05:55:00,16405,15218,E,43.3588,-5.8573804,20,False,1,1
2026-07-30T03:37:43Z,2009J70500C7,70500,C7,1,05306,05308,2026-07-30T05:43:00,05311,05501,A,43.356472,-5.9650364,20,False,2,2
2026-07-30T03:37:43Z,2009J80851C6,80851,C6,0,05509,05511,2026-07-30T05:47:00,05534,05509,E,43.3823,-5.7026434,20,False,1,1
2026-07-30T03:37:43Z,2009J70900C8,70900,C8,0,05373,05375,2026-07-30T05:43:00,05389,05373,E,43.21386,-5.784103,20,False,1,2
2026-07-30T03:37:43Z,4109J84901C2,84901,C2,0,61200,06002,2026-07-30T06:35:00,06006,61200,E,37.97462,-1.1315287,41,False,1,2
2026-07-30T03:37:43Z,4109J84900C2,84900,C2,0,06006,06005,2026-07-30T06:14:00,61200,06006,E,37.672035,-1.6961039,41,False,1,1
2026-07-30T03:37:43Z,4109J24700C1,24700,C1,0,61200,62001,2026-07-30T05:59:00,60911,61200,E,37.974686,-1.131078,41,False,2,4
2026-07-30T03:37:43Z,4109J24701C1,24701,C1,0,60911,62109,2026-07-30T05:54:00,61200,60911,E,38.34553,-0.49576503,41,False,1,1
2026-07-30T03:37:43Z,1009J21200C10,21200,C10,0,17000,18002,2026-07-30T06:06:00,10200,17000,E,40.470848,-3.682503,10,False,8,4
2026-07-30T03:37:43Z,1009J20406C4b,20406,C4b,0,17005,17004,2026-07-30T06:11:00,37012,17005,E,40.644844,-3.7762609,10,True,3,3
2026-07-30T03:37:43Z,1009J21001C8a,21001,C8a,0,17000,97201,2026-07-30T06:03:00,10203,17000,E,40.47113,-3.6828332,10,False,11,1
2026-07-30T03:37:43Z,1009J20208C4,20208,C4,0,17000,18002,2026-07-30T05:52:00,37012,17000,E,40.471325,-3.6833096,10,True,2,8
2026-07-30T03:37:43Z,1009J20009C3,20009,C3,0,60200,60105,2026-07-30T06:15:00,17000,60200,E,40.035027,-3.6189713,10,True,1,1
2026-07-30T03:37:43Z,1009J21000C8a,21000,C8a,0,10203,10202,2026-07-30T05:50:00,70200,10203,E,40.58532,-4.1321955,10,False,3,2
2026-07-30T03:37:43Z,1009J20207C4a,20207,C4a,0,18000,18101,2026-07-30T05:47:00,19003,18000,E,40.40654,-3.6895106,10,True,6,1
2026-07-30T03:37:43Z,1009J20405C4b,20405,C4b,12,18000,18101,2026-07-30T05:39:00,17005,18000,E,40.40654,-3.6895106,10,True,5,1
2026-07-30T03:37:43Z,1009J21605C2,21605,C2,0,70200,70105,2026-07-30T06:03:00,12006,70200,E,40.644257,-3.1823237,10,False,1,1
2026-07-30T03:37:43Z,1009J20206C4,20206,C4,0,37001,37010,2026-07-30T06:08:00,37012,37001,E,40.34132,-3.7123663,10,False,2,2
2026-07-30T03:37:43Z,1009J20007C3,20007,C3,0,60200,60105,2026-07-30T05:59:00,17000,60200,E,40.035027,-3.6189713,10,True,1,1
2026-07-30T03:37:43Z,1009J21603C2,21603,C2,3,70105,70104,2026-07-30T05:41:00,12006,70200,16.0,40.554344,-3.2736099,10,False,1,1
2026-07-30T03:37:43Z,1009J20403C4b,20403,C4b,16,17004,17005,2026-07-30T05:47:00,17005,17000,S,40.60118,-3.717876,10,False,2,3
2026-07-30T03:37:43Z,1009J19803C1,19803,C1,0,98305,98304,2026-07-30T05:59:00,17000,98305,E,40.4924,-3.593483,10,False,2,1
2026-07-30T03:37:43Z,1009J20005C3,20005,C3,0,60200,60105,2026-07-30T05:47:00,17000,60200,E,40.035027,-3.6189713,10,True,1,1
2026-07-30T03:37:43Z,1009J76360C5,76360,C5,0,35607,35606,2026-07-30T05:43:00,35609,35607,E,40.330883,-3.8823783,10,False,2,1
2026-07-30T03:37:43Z,1009J20004C3,20004,C3,4,18002,18101,2026-07-30T05:41:00,60200,17000,E,40.4466,-3.6920877,10,True,8,2
2026-07-30T03:37:43Z,1009J20202C4,20202,C4,7,60100,37001,2026-07-30T05:41:00,37012,18000,A,40.34132,-3.7123663,10,True,1,2
2026-07-30T03:37:43Z,1009J21800C7,21800,C7,0,17000,18002,2026-07-30T05:53:00,70103,17000,E,40.47113,-3.6828332,10,False,10,2
2026-07-30T03:37:43Z,1009J20003C3,20003,C3,1,60103,60102,2026-07-30T05:43:00,17000,60200,A,40.305756,-3.707588,10,True,1,1
2026-07-30T03:37:43Z,1009J21601C2,21601,C2,0,70108,70100,2026-07-30T05:42:00,12006,70200,A,40.401035,-3.5957623,10,True,1,1
2026-07-30T03:37:43Z,1009J76362C5,76362,C5,0,35607,35606,2026-07-30T05:53:00,35609,35607,E,40.330883,-3.8823783,10,False,2,1
2026-07-30T03:37:43Z,1009J76681C5,76681,C5,0,35012,35002,2026-07-30T05:45:00,37001,35012,E,40.25559,-3.8284667,10,False,1,1
2026-07-30T03:37:43Z,1009J35975C2,35975,C2,0,70200,70105,2026-07-30T06:11:00,17000,70200,E,40.644257,-3.1823237,10,True,1,1
2026-07-30T03:37:43Z,1009J76364C5,76364,C5,0,35607,35606,2026-07-30T06:03:00,35609,35607,E,40.330883,-3.8823783,10,False,2,1
2026-07-30T03:37:43Z,1009J76683C5,76683,C5,0,35012,35002,2026-07-30T05:55:00,37001,35012,E,40.25559,-3.8284667,10,False,1,1
2026-07-30T03:37:43Z,1009J76685C5,76685,C5,0,35012,35002,2026-07-30T06:05:00,37001,35012,E,40.25559,-3.8284667,10,False,1,1
2026-07-30T03:37:43Z,1009J76203C5,76203,C5,0,37001,35704,2026-07-30T05:47:00,18003,37001,E,40.34132,-3.7123663,10,False,6,1
2026-07-30T03:37:43Z,1009J20002C3,20002,C3,18,18101,18000,2026-07-30T05:44:00,60200,17000,S,40.417023,-3.7031636,10,True,2,7
2026-07-30T03:37:43Z,1009J76204C5,76204,C5,0,18003,35702,2026-07-30T06:05:00,37001,18003,E,40.39592,-3.6779969,10,False,2,2
2026-07-30T03:37:43Z,1009J20409C4b,20409,C4b,0,18000,18101,2026-07-30T05:59:00,17005,18000,E,40.40654,-3.6895106,10,True,5,1
2026-07-30T03:37:43Z,1009J19800C1,19800,C1,0,17000,98003,2026-07-30T05:54:00,98305,17000,E,40.47102,-3.6825693,10,False,12,2
2026-07-30T03:37:43Z,1009J20209C4a,20209,C4a,0,37002,37010,2026-07-30T05:42:00,19003,37012,A,40.323135,-3.7273622,10,True,1,1
2026-07-30T03:37:43Z,1009J21303C10,21303,C10,6,10000,18005,2026-07-30T05:48:00,17000,10000,E,40.421413,-3.7190256,10,True,1,1
2026-07-30T03:37:43Z,1009J20407C4b,20407,C4b,0,60100,18000,2026-07-30T05:49:00,17005,37012,A,40.40654,-3.6895106,10,True,2,5
2026-07-30T03:37:43Z,1009J21809C7,21809,C7,0,70103,70111,2026-07-30T06:04:00,10000,70103,E,40.4889,-3.3666708,10,False,5,1
2026-07-30T03:37:43Z,1009J21501C2,21501,C2,5,70107,70103,2026-07-30T05:44:00,10203,70200,S,40.50538,-3.3352833,10,False,1,5
2026-07-30T03:37:43Z,1009J20411C4b,20411,C4b,2,37012,37011,2026-07-30T05:52:00,17005,37012,E,40.24143,-3.769159,10,True,2,1
2026-07-30T03:37:43Z,1009J21500C2,21500,C2,19,70002,70003,2026-07-30T05:39:00,70200,17000,E,40.381775,-3.6681283,10,False,2,2
2026-07-30T03:37:43Z,1009J20212C4a,20212,C4a,2,19003,19002,2026-07-30T05:46:00,37012,19003,E,40.546417,-3.6351175,10,True,2,2
2026-07-30T03:37:43Z,1009J20211C4a,20211,C4a,0,37002,37010,2026-07-30T06:02:00,19003,37002,E,40.309868,-3.733689,10,True,1,1
2026-07-30T03:37:43Z,1009J76356C5,76356,C5,0,35602,35601,2026-07-30T05:38:00,35609,35607,82.0,40.383156,-3.7707505,10,False,1,1
2026-07-30T03:37:43Z,1009J76357C5,76357,C5,0,35609,35608,2026-07-30T06:00:00,35607,35609,E,40.405067,-3.7026901,10,False,2,2
2026-07-30T03:37:43Z,1009J21100C10,21100,C10,3,10104,10103,2026-07-30T05:42:00,17000,10200,E,40.60039,-3.98222,10,False,2,2
2026-07-30T03:37:43Z,1009J76676C5,76676,C5,0,37001,35009,2026-07-30T05:56:00,35012,37001,E,40.34132,-3.7123663,10,False,6,2
2026-07-30T03:37:43Z,1009J21508C2,21508,C2,0,17000,18002,2026-07-30T06:00:00,70200,17000,E,40.47097,-3.68245,10,False,9,2
2026-07-30T03:37:43Z,1009J21506C2,21506,C2,4,17000,18002,2026-07-30T05:48:00,70200,17000,E,40.47097,-3.68245,10,False,8,2
2026-07-30T03:37:43Z,1009J76358C5,76358,C5,0,35605,35604,2026-07-30T05:41:00,35609,35607,A,40.356674,-3.8156087,10,False,0,1
2026-07-30T03:37:43Z,1009J21703C2,21703,C2,1,70003,70002,2026-07-30T05:40:00,10203,70103,E,40.37616,-3.6561291,10,False,1,1
2026-07-30T03:37:43Z,1009J21504C2,21504,C2,12,18002,18001,2026-07-30T05:48:00,70200,18002,E,40.44655,-3.691473,10,False,2,2
2026-07-30T03:37:43Z,1009J20216C4a,20216,C4a,0,19003,19002,2026-07-30T06:07:00,37012,19003,E,40.546417,-3.6351175,10,True,2,2
2026-07-30T03:37:43Z,1009J76677C5,76677,C5,0,35009,37001,2026-07-30T05:38:00,37001,35012,91.0,40.341507,-3.715594,10,False,1,4
2026-07-30T03:37:43Z,1009J76359C5,76359,C5,0,35609,35608,2026-07-30T06:10:00,35607,35609,E,40.405067,-3.7026901,10,False,2,2
2026-07-30T03:37:43Z,1009J21503C2,21503,C2,2,70200,70105,2026-07-30T05:45:00,17000,70200,8.0,40.63755,-3.1889243,10,False,8,1
2026-07-30T03:37:43Z,1009J76678C5,76678,C5,0,37001,35009,2026-07-30T06:06:00,35012,37001,E,40.34132,-3.7123663,10,False,6,2
2026-07-30T03:37:43Z,1009J21701C2,21701,C2,7,18000,18001,2026-07-30T05:39:00,17000,18000,E,40.42352,-3.6912522,10,False,2,1
2026-07-30T03:37:43Z,1009J20413C4b,20413,C4b,0,37012,37011,2026-07-30T06:05:00,17005,37012,E,40.24143,-3.769159,10,True,2,1
2026-07-30T03:37:43Z,1009J20600C8b,20600,C8b,0,12006,12005,2026-07-30T06:03:00,70200,12006,E,40.737614,-4.0662985,10,False,2,1
2026-07-30T03:37:43Z,1009J20006C3,20006,C3,0,17000,18002,2026-07-30T06:01:00,60200,17000,E,40.471382,-3.6834786,10,True,2,8
2026-07-30T03:37:43Z,1009J20402C4b,20402,C4b,0,17005,17004,2026-07-30T05:48:00,37012,17005,E,40.644844,-3.7762609,10,True,3,3
2026-07-30T03:37:43Z,1009J20204C4,20204,C4,3,18101,18000,2026-07-30T05:43:00,37012,17000,E,40.417023,-3.7031636,10,True,2,7
2026-07-30T03:37:43Z,1009J76672C5,76672,C5,2,35009,35001,2026-07-30T05:41:00,35012,37001,A,40.328766,-3.7714624,10,False,2,2
2026-07-30T03:37:43Z,1009J76679C5,76679,C5,0,35002,35010,2026-07-30T05:38:00,37001,35012,82.0,40.29435,-3.7937706,10,False,1,1
2026-07-30T03:37:43Z,1009J76353C5,76353,C5,1,35609,35608,2026-07-30T05:41:00,35607,35609,16.0,40.406075,-3.7132928,10,False,2,2
2026-07-30T03:37:43Z,1009J76354C5,76354,C5,0,35609,35609,2026-07-30T05:38:00,35609,35607,A,40.405067,-3.7026901,10,False,2,2
2026-07-30T03:37:43Z,1009J76355C5,76355,C5,0,35609,35608,2026-07-30T05:50:00,35607,35609,E,40.405067,-3.7026901,10,False,2,2
2026-07-30T03:37:43Z,1009J76674C5,76674,C5,0,37001,35009,2026-07-30T05:46:00,35012,37001,E,40.34132,-3.7123663,10,False,6,2
2026-07-30T03:43:00Z,3009J23101C3,23101,C3,0,51003,50700,2026-07-30T06:08:00,40115,51003,A,37.59084,-5.7277255,30,False,,
2026-07-30T03:43:00Z,3009J23601C4,23601,C4,0,51003,51009,2026-07-30T06:00:00,51100,00000,A,37.4036,-5.936382,30,False,8,2
2026-07-30T03:43:00Z,3009J23502C1,23502,C1,0,51003,51100,2026-07-30T05:59:00,51200,51003,A,37.377792,-5.9795485,30,False,11,2
2026-07-30T03:43:00Z,3009J23501C1,23501,C1,1,50702,50701,2026-07-30T05:47:35,50600,51003,8.0,37.54619,-5.8666563,30,False,1,1
2026-07-30T03:43:00Z,3009J23500C1,23500,C1,2,51200,51202,2026-07-30T05:53:58,51203,51003,21.0,37.140285,-5.802021,30,False,,2
2026-07-30T03:43:00Z,3109J23422T1,23422,T1,0,51450,51451,2026-07-30T05:56:00,51405,51450,,36.40869,-6.1343336,31,False,2,2
2026-07-30T03:43:00Z,3209J23303C1,23303,C1,3,54509,54519,2026-07-30T05:46:34,54516,54517,A,36.613625,-4.509399,32,False,1,1
2026-07-30T03:43:00Z,4009J24301C6,24301,C6,0,65300,65209,2026-07-30T05:44:00,65000,65300,,39.988174,-0.05200379,40,False,,1
2026-07-30T03:43:00Z,4009J24201C1,24201,C1,0,65000,64203,2026-07-30T05:59:00,69110,65000,A,39.42246,-0.39274746,40,False,5,1
2026-07-30T03:43:00Z,4009J24001C2,24001,C2,0,64203,64202,2026-07-30T05:45:57,64006,65000,A,39.409157,-0.39521617,40,False,1,1
2026-07-30T03:43:00Z,4009J24200C1,24200,C1,0,69110,69107,2026-07-30T05:51:00,65000,69110,A,39.02619,-0.21494265,40,False,2,
2026-07-30T03:43:00Z,4009J24380C6,24380,C6,0,65000,65002,2026-07-30T05:57:00,65312,65000,A,39.441483,-0.37143394,40,False,1,
2026-07-30T03:43:00Z,4009J84002C2,84002,C2,0,64006,64006,2026-07-30T05:44:00,65000,64003,E,38.96917,-0.5866923,40,False,,
2026-07-30T03:43:00Z,4009J24103C2,24103,C2,-1,64006,64006,2026-07-30T05:40:36,64003,64100,E,38.96917,-0.5866923,40,False,3,3
2026-07-30T03:43:00Z,5109J28404R2N,28404,R2N,0,79103,79102,2026-07-30T05:44:43,72400,79104,E,41.671745,2.4542186,50,True,,
2026-07-30T03:43:00Z,5109J25604R1,25604,R1,1,79501,79500,2026-07-30T05:46:42,72305,79603,E,41.55539,2.4983492,50,True,2,2
2026-07-30T03:43:00Z,5109J28506R2,28506,R2,-1,71601,71602,2026-07-30T05:47:22,79100,71600,A,41.27745,1.9777229,50,True,2,
2026-07-30T03:43:00Z,5109J33521R4,33521,R4,0,78600,78506,2026-07-30T05:55:00,78400,78600,A,41.72026,1.8263956,50,False,,
2026-07-30T03:43:00Z,5109J28263R2S,28263,R2S,1,71801,71708,2026-07-30T05:51:39,71700,79400,A,41.35488,2.1156967,50,True,,
2026-07-30T03:43:00Z,5109J77400R4,77400,R4,9,72207,72208,2026-07-30T05:51:30,78600,71600,A,41.44866,1.865482,50,False,2,
2026-07-30T03:43:00Z,5109J77502R4,77502,R4,4,72301,72300,2026-07-30T05:50:43,71600,78700,A,41.40998,2.0208638,50,False,1,1
2026-07-30T03:43:00Z,5109J77602R4,77602,R4,0,72301,72302,2026-07-30T05:44:49,78600,72209,E,41.38308,2.0479817,50,False,,2
2026-07-30T03:43:00Z,5109J25702R1,25702,R1,1,78804,78805,2026-07-30T05:43:52,72305,79500,55.0,41.389683,2.1746373,50,True,,2
2026-07-30T03:43:00Z,5109J77504R4,77504,R4,0,78804,78805,2026-07-30T05:45:39,71600,78700,A,41.387875,2.1697214,50,False,2,2
2026-07-30T03:43:00Z,5109J15720R11,15720,R11,0,71801,71802,2026-07-30T06:00:00,79309,71801,A,41.392376,2.1651223,50,True,,
2026-07-30T03:43:00Z,5109J77506R4,77506,R4,0,78703,78705,2026-07-30T05:45:40,71600,78700,E,41.528614,2.1051986,50,True,,2
2026-07-30T03:43:00Z,5109J28400R2N,28400,R2N,17,79009,71802,2026-07-30T05:47:46,72400,79100,E,41.409042,2.1873875,50,True,1,
2026-07-30T03:43:00Z,5109J15250R11,15250,R11,0,79309,79308,2026-07-30T06:00:00,79200,79309,E,42.265114,2.968971,50,False,,
2026-07-30T03:43:00Z,5109J18120R16,18120,R16,0,65400,65402,2026-07-30T05:55:00,79400,65400,,40.807198,0.5228472,50,True,,
2026-07-30T03:43:00Z,5109J15772R11,15772,R11,0,79309,79303,2026-07-30T06:11:00,71801,79309,,42.265114,2.968971,50,True,,
2026-07-30T03:43:00Z,5109J15000R15,15000,R15,0,71400,71401,2026-07-30T05:45:00,79400,71400,,41.160637,1.1000068,50,False,,
2026-07-30T03:43:00Z,5109J28500R2,28500,R2,1,71706,71709,2026-07-30T05:44:44,79104,71700,12.0,41.30321,2.0106592,50,True,2,
2026-07-30T03:43:00Z,5109J33520RL4,33520,RL4,5,78408,78500,2026-07-30T05:58:22,78600,78400,A,41.673756,1.2747123,50,False,1,
2026-07-30T03:43:00Z,5109J28556R2N,28556,R2N,1,72400,71707,2026-07-30T05:46:57,79400,72400,33.0,41.30802,2.0536172,50,True,,4
2026-07-30T03:43:00Z,5109J25602R1,25602,R1,0,79405,79404,2026-07-30T05:45:00,72305,79603,A,41.445705,2.2490852,50,True,2,2
2026-07-30T03:43:00Z,5109J25601R1,25601,R1,0,72305,71801,2026-07-30T05:54:00,79200,72305,A,41.379536,2.1411612,50,False,,
2026-07-30T03:43:00Z,5109J77402R4,77402,R4,2,72202,72203,2026-07-30T05:48:59,78600,71600,14.0,41.280098,1.608164,50,False,,2
2026-07-30T03:43:00Z,5109J77600R4,77600,R4,2,78806,78802,2026-07-30T05:46:57,78600,72209,A,41.430275,2.1831505,50,False,1,1
2026-07-30T03:43:00Z,6009J26503C3,26503,C3,2,13121,13102,2026-07-30T05:44:04,13200,13100,E,43.05786,-2.996093,60,True,,1
2026-07-30T03:43:00Z,6009J26001C2,26001,C2,2,13504,13508,2026-07-30T05:43:44,13506,13200,62.0,43.316853,-3.0641677,60,False,,1
2026-07-30T03:43:00Z,6009J26501C3,26501,C3,-1,13111,13112,2026-07-30T05:45:53,13200,13100,A,43.22361,-2.882291,60,True,,1
2026-07-30T03:43:00Z,6009J26004C2,26004,C2,0,13506,13505,2026-07-30T05:57:00,13200,13506,A,43.315636,-3.0911126,60,False,1,1
2026-07-30T03:43:00Z,6009J26103C1,26103,C1,0,13200,13205,2026-07-30T05:44:00,13405,13200,A,43.256733,-2.9322033,60,False,2,1
2026-07-30T03:43:00Z,6009J26504C3,26504,C3,0,13200,13120,2026-07-30T05:52:00,13100,13200,A,43.25035,-2.930641,60,False,5,2
2026-07-30T03:43:00Z,6009J26502C3,26502,C3,1,13110,13115,2026-07-30T05:45:53,13100,13200,A,43.176933,-2.909058,60,False,2,2
2026-07-30T03:43:00Z,6009J26600C3,26600,C3,1,13113,13118,2026-07-30T05:44:44,13106,13200,E,43.236897,-2.889748,60,False,,2
2026-07-30T03:43:00Z,6009J26005C2,26005,C2,0,13200,13205,2026-07-30T05:55:00,13506,13200,A,43.256733,-2.9322033,60,False,2,1
2026-07-30T03:43:00Z,6009J26500C3,26500,C3,0,13103,13102,2026-07-30T05:47:03,13100,13200,A,43.07418,-2.9994733,60,False,2,2
2026-07-30T03:43:00Z,6009J26003C2,26003,C2,0,13304,13305,2026-07-30T05:44:24,13506,13200,29.0,43.279797,-2.9749289,60,False,,1
2026-07-30T03:43:00Z,6009J26000C2,26000,C2,1,13303,13208,2026-07-30T05:44:13,13200,13506,38.0,43.264046,-2.9525614,60,False,2,2
2026-07-30T03:43:00Z,6009J26102C1,26102,C1,1,13402,13401,2026-07-30T05:43:48,13200,13405,E,43.312733,-3.004488,60,False,,2
2026-07-30T03:43:00Z,6009J26002C2,26002,C2,2,13504,13509,2026-07-30T05:42:59,13200,13506,S,43.31141,-3.0604117,60,False,,1
2026-07-30T03:43:00Z,6109J32769C1,32769,C1,1,11503,11504,2026-07-30T05:48:46,11508,11400,A,43.21556,-2.0203028,61,False,1,1
2026-07-30T03:43:00Z,6109J81702C1,81702,C1,0,11600,11518,2026-07-30T05:53:00,11508,11600,A,43.330643,-1.8169186,61,False,,2
2026-07-30T03:43:00Z,6109J35680C1,35680,C1,1,11507,11506,2026-07-30T05:45:28,11305,11508,38.0,43.258472,-1.9777043,61,False,,2
2026-07-30T03:43:00Z,6209J71102C2,71102,C2,1,05605,05621,2026-07-30T06:00:52,05623,14223,E,43.44074,-3.8995621,62,True,,1
2026-07-30T03:43:00Z,6209J71351C3,71351,C3,0,14223,05602,2026-07-30T05:53:00,05657,14223,A,43.452858,-3.828213,62,True,9AM,7
2026-07-30T03:43:00Z,6209J71152C2,71152,C2,0,14223,05602,2026-07-30T05:48:00,05637,14223,A,43.452877,-3.8282192,62,True,1AM,2
2026-07-30T03:43:00Z,4709J71080C1,71080,C1,0,05761,05762,2026-07-30T06:02:00,05803,05761,A,42.809772,-5.1800675,47,False,1,
2026-07-30T03:43:00Z,4709J71091C1,71091,C1,0,05761,05790,2026-07-30T05:47:00,05753,05761,A,42.786263,-5.12754,47,False,,
2026-07-30T03:43:00Z,2009J22200C2,22200,C2,0,15211,15218,2026-07-30T05:47:00,16011,15211,E,43.366478,-5.855087,20,False,2,2
2026-07-30T03:43:00Z,2009J70502C7,70502,C7,0,05325,05327,2026-07-30T06:18:00,05329,05325,E,43.490948,-6.1104946,20,False,4,2
2026-07-30T03:43:00Z,2009J70752C6,70752,C6,0,05513,05509,2026-07-30T06:15:00,15211,05513,E,43.388065,-5.664932,20,False,3,2
2026-07-30T03:43:00Z,2009J22101C1,22101,C1,1,15303,15400,2026-07-30T05:46:00,15410,15218,A,43.541653,-5.722776,20,False,1,1
2026-07-30T03:43:00Z,2009J70400C5,70400,C5,1,05433,05432,2026-07-30T05:46:00,15410,05443,E,43.289673,-5.6408224,20,False,1,1
2026-07-30T03:43:00Z,2009J22004C1,22004,C1,0,15410,15401,2026-07-30T06:14:00,15118,15410,E,43.537712,-5.676047,20,False,2,2
2026-07-30T03:43:00Z,2009J70501C7,70501,C7,0,05311,05308,2026-07-30T05:51:00,15211,05311,E,43.34864,-5.9676714,20,False,1,1
2026-07-30T03:43:00Z,2009J22000C1,22000,C1,0,15211,15218,2026-07-30T05:57:00,15122,15211,E,43.36655,-5.854991,20,False,2,2
2026-07-30T03:43:00Z,2009J70753C6,70753,C6,0,05509,05513,2026-07-30T06:00:00,05513,05509,E,43.3823,-5.7026434,20,False,1,4
2026-07-30T03:43:00Z,2009J80851C6,80851,C6,1,05509,05511,2026-07-30T05:48:00,05534,05509,E,43.3823,-5.7026434,20,False,1,1
2026-07-30T03:43:00Z,2009J70500C7,70500,C7,1,05308,05311,2026-07-30T05:46:00,05311,05501,A,43.34864,-5.9676714,20,False,2,1
2026-07-30T03:43:00Z,2009J70801C6,70801,C6,0,05509,05513,2026-07-30T06:17:00,05523,05509,E,43.3823,-5.7026434,20,False,1,4
2026-07-30T03:43:00Z,2009J22103C1,22103,C1,12,15218,15211,2026-07-30T05:57:00,15410,15218,E,43.3588,-5.8573804,20,False,1,1
2026-07-30T03:43:00Z,2009J22303C3,22303,C3,0,15218,15211,2026-07-30T05:55:00,16405,15218,E,43.3588,-5.8573804,20,False,1,1
2026-07-30T03:43:00Z,2009J70900C8,70900,C8,2,05373,05375,2026-07-30T05:45:00,05389,05373,S,43.209415,-5.785454,20,False,1,2
2026-07-30T03:43:00Z,4109J84901C2,84901,C2,0,61200,06002,2026-07-30T06:35:00,06006,61200,E,37.97462,-1.1315287,41,False,1,2
2026-07-30T03:43:00Z,4109J84900C2,84900,C2,0,06006,06005,2026-07-30T06:14:00,61200,06006,E,37.672035,-1.6961039,41,False,1,1
2026-07-30T03:43:00Z,4109J24700C1,24700,C1,0,61200,62001,2026-07-30T05:59:00,60911,61200,E,37.974686,-1.131078,41,False,2,4
2026-07-30T03:43:00Z,4109J24701C1,24701,C1,0,60911,62109,2026-07-30T05:54:00,61200,60911,E,38.34553,-0.49576503,41,False,1,1
2026-07-30T03:43:00Z,1009J21512C2,21512,C2,0,17000,18002,2026-07-30T06:14:00,70200,17000,E,40.47097,-3.68245,10,False,9,2
2026-07-30T03:43:00Z,1009J19799C1,19799,C1,1,98305,98305,2026-07-30T05:46:00,98305,18000,A,40.4924,-3.593483,10,False,1,1
2026-07-30T03:43:00Z,1009J21200C10,21200,C10,0,17000,18002,2026-07-30T06:06:00,10200,17000,E,40.470848,-3.682503,10,False,8,4
2026-07-30T03:43:00Z,1009J21001C8a,21001,C8a,0,17000,97201,2026-07-30T06:03:00,10203,17000,E,40.47113,-3.6828332,10,False,11,1
2026-07-30T03:43:00Z,1009J21000C8a,21000,C8a,4,10203,10202,2026-07-30T05:54:00,70200,10203,E,40.58532,-4.1321955,10,False,1,2
2026-07-30T03:43:00Z,1009J20002C3,20002,C3,23,18101,18000,2026-07-30T05:49:00,60200,17000,S,40.417023,-3.7031636,10,True,2,7
2026-07-30T03:43:00Z,1009J21804C7,21804,C7,0,10000,10001,2026-07-30T06:13:00,70103,10000,E,40.42163,-3.7193205,10,True,2,2
2026-07-30T03:43:00Z,1009J20409C4b,20409,C4b,0,18000,18101,2026-07-30T05:59:00,17005,18000,E,40.40654,-3.6895106,10,True,5,1
2026-07-30T03:43:00Z,1009J21605C2,21605,C2,0,70200,70105,2026-07-30T06:03:00,12006,70200,E,40.644257,-3.1823237,10,False,1,1
2026-07-30T03:43:00Z,1009J20209C4a,20209,C4a,0,37001,60100,2026-07-30T05:50:00,19003,37012,A,40.352676,-3.684073,10,True,0,2
2026-07-30T03:43:00Z,1009J21603C2,21603,C2,1,70107,70103,2026-07-30T05:50:00,12006,70200,E,40.480347,-3.39294,10,False,1,5
2026-07-30T03:43:00Z,1009J20407C4b,20407,C4b,5,60100,18000,2026-07-30T05:54:00,17005,37012,A,40.40654,-3.6895106,10,True,2,5
2026-07-30T03:43:00Z,1009J76360C5,76360,C5,0,35606,35610,2026-07-30T05:46:00,35609,35607,A,40.34195,-3.8423326,10,False,1,1
2026-07-30T03:43:00Z,1009J20406C4b,20406,C4b,0,17005,17004,2026-07-30T06:11:00,37012,17005,E,40.644844,-3.7762609,10,True,3,3
2026-07-30T03:43:00Z,1009J21800C7,21800,C7,5,17000,18002,2026-07-30T05:58:00,70103,17000,E,40.47113,-3.6828332,10,False,10,2
2026-07-30T03:43:00Z,1009J20208C4,20208,C4,2,17000,18002,2026-07-30T05:54:00,37012,17000,E,40.471325,-3.6833096,10,True,2,8
2026-07-30T03:43:00Z,1009J20009C3,20009,C3,0,60200,60105,2026-07-30T06:15:00,17000,60200,E,40.035027,-3.6189713,10,True,1,1
2026-07-30T03:43:00Z,1009J21601C2,21601,C2,1,70100,70109,2026-07-30T05:46:00,12006,70200,E,40.401035,-3.5957623,10,True,1,1
2026-07-30T03:43:00Z,1009J20207C4a,20207,C4a,0,18000,18101,2026-07-30T05:47:00,19003,18000,E,40.40654,-3.6895106,10,True,6,1
2026-07-30T03:43:00Z,1009J76362C5,76362,C5,0,35607,35606,2026-07-30T05:53:00,35609,35607,E,40.330883,-3.8823783,10,False,2,1
2026-07-30T03:43:00Z,1009J20405C4b,20405,C4b,17,18000,18101,2026-07-30T05:44:00,17005,18000,E,40.40654,-3.6895106,10,True,5,1
2026-07-30T03:43:00Z,1009J76681C5,76681,C5,3,35012,35002,2026-07-30T05:48:00,37001,35012,E,40.25559,-3.8284667,10,False,1,1
2026-07-30T03:43:00Z,1009J20008C3,20008,C3,0,17000,18002,2026-07-30T06:16:00,60200,17000,E,40.471382,-3.6834786,10,True,2,8
2026-07-30T03:43:00Z,1009J35975C2,35975,C2,0,70200,70105,2026-07-30T06:11:00,17000,70200,E,40.644257,-3.1823237,10,True,1,1
2026-07-30T03:43:00Z,1009J76687C5,76687,C5,0,35012,35002,2026-07-30T06:15:00,37001,35012,E,40.25559,-3.8284667,10,False,1,1
2026-07-30T03:43:00Z,1009J76203C5,76203,C5,5,37001,35704,2026-07-30T05:52:00,18003,37001,E,40.34132,-3.7123663,10,False,6,1
2026-07-30T03:43:00Z,1009J76364C5,76364,C5,0,35607,35606,2026-07-30T06:03:00,35609,35607,E,40.330883,-3.8823783,10,False,2,1
2026-07-30T03:43:00Z,1009J76204C5,76204,C5,0,18003,35702,2026-07-30T06:05:00,37001,18003,E,40.39592,-3.6779969,10,False,2,2
2026-07-30T03:43:00Z,1009J19805C1,19805,C1,0,98305,98304,2026-07-30T06:14:00,17000,98305,E,40.4924,-3.593483,10,False,2,1
2026-07-30T03:43:00Z,1009J76683C5,76683,C5,0,35012,35002,2026-07-30T05:55:00,37001,35012,E,40.25559,-3.8284667,10,False,1,1
2026-07-30T03:43:00Z,1009J19800C1,19800,C1,0,17000,98003,2026-07-30T05:54:00,98305,17000,E,40.47102,-3.6825693,10,False,12,2
2026-07-30T03:43:00Z,1009J19803C1,19803,C1,0,98305,98304,2026-07-30T05:59:00,17000,98305,E,40.4924,-3.593483,10,False,2,1
2026-07-30T03:43:00Z,1009J76366C5,76366,C5,0,35607,35606,2026-07-30T06:13:00,35609,35607,E,40.330883,-3.8823783,10,False,2,1
2026-07-30T03:43:00Z,1009J76685C5,76685,C5,0,35012,35002,2026-07-30T06:05:00,37001,35012,E,40.25559,-3.8284667,10,False,1,1
2026-07-30T03:43:00Z,1009J20004C3,20004,C3,5,18101,18000,2026-07-30T05:48:00,60200,17000,A,40.40654,-3.6895106,10,True,2,7
2026-07-30T03:43:00Z,1009J35973C2,35973,C2,6,70102,70101,2026-07-30T05:48:00,17000,70103,16.0,40.452744,-3.4883845,10,False,5,3
2026-07-30T03:43:00Z,1009J20202C4,20202,C4,13,60100,37001,2026-07-30T05:47:00,37012,18000,S,40.34808,-3.6861012,10,True,1,2
2026-07-30T03:43:00Z,1009J21303C10,21303,C10,0,18004,18003,2026-07-30T05:47:00,17000,10000,A,40.395943,-3.677964,10,True,0,1
2026-07-30T03:43:00Z,1009J20003C3,20003,C3,1,60102,60109,2026-07-30T05:45:00,17000,60200,E,40.305756,-3.707588,10,False,1,1
2026-07-30T03:43:00Z,1009J21501C2,21501,C2,2,70111,70112,2026-07-30T05:47:00,10203,70200,A,40.464172,-3.4414766,10,False,1,1
2026-07-30T03:43:00Z,1009J21104C10,21104,C10,-2,10200,10104,2026-07-30T06:12:00,17000,10200,E,40.62599,-4.0081153,10,False,3,2
2026-07-30T03:43:00Z,1009J76355C5,76355,C5,5,35609,35608,2026-07-30T05:55:00,35607,35609,E,40.405067,-3.7026901,10,False,2,2
2026-07-30T03:43:00Z,1009J20411C4b,20411,C4b,7,37012,37011,2026-07-30T05:57:00,17005,37012,E,40.24143,-3.769159,10,True,2,1
2026-07-30T03:43:00Z,1009J20212C4a,20212,C4a,7,19003,19002,2026-07-30T05:51:00,37012,19003,E,40.546417,-3.6351175,10,True,2,2
2026-07-30T03:43:00Z,1009J21809C7,21809,C7,0,70103,70111,2026-07-30T06:04:00,10000,70103,E,40.4889,-3.3666708,10,False,5,1
2026-07-30T03:43:00Z,1009J20211C4a,20211,C4a,0,37002,37010,2026-07-30T06:02:00,19003,37002,E,40.309868,-3.733689,10,True,1,1
2026-07-30T03:43:00Z,1009J76356C5,76356,C5,0,35608,35609,2026-07-30T05:48:00,35609,35607,E,40.3989,-3.7442265,10,False,1,1
2026-07-30T03:43:00Z,1009J76357C5,76357,C5,0,35609,35608,2026-07-30T06:00:00,35607,35609,E,40.405067,-3.7026901,10,False,2,2
2026-07-30T03:43:00Z,1009J76676C5,76676,C5,0,37001,35009,2026-07-30T05:56:00,35012,37001,E,40.34132,-3.7123663,10,False,6,2
2026-07-30T03:43:00Z,1009J21807C7,21807,C7,0,18000,18001,2026-07-30T06:10:00,10000,18000,E,40.40667,-3.6893938,10,False,2,1
2026-07-30T03:43:00Z,1009J76358C5,76358,C5,0,35603,35602,2026-07-30T05:46:00,35609,35607,A,40.381268,-3.7802126,10,False,1,1
2026-07-30T03:43:00Z,1009J76359C5,76359,C5,0,35609,35608,2026-07-30T06:10:00,35607,35609,E,40.405067,-3.7026901,10,False,2,2
2026-07-30T03:43:00Z,1009J76678C5,76678,C5,0,37001,35009,2026-07-30T06:06:00,35012,37001,E,40.34132,-3.7123663,10,False,6,2
2026-07-30T03:43:00Z,1009J76679C5,76679,C5,1,35001,35009,2026-07-30T05:46:00,37001,35012,A,40.34086,-3.7482634,10,False,1,1
2026-07-30T03:43:00Z,1009J21100C10,21100,C10,4,10103,10101,2026-07-30T05:48:00,17000,10200,S,40.56982,-3.9491909,10,False,2,2
2026-07-30T03:43:00Z,1009J21508C2,21508,C2,4,17000,18002,2026-07-30T06:04:00,70200,17000,E,40.47097,-3.68245,10,False,6,2
2026-07-30T03:43:00Z,1009J20206C4,20206,C4,0,37001,37010,2026-07-30T06:08:00,37012,37001,E,40.34132,-3.7123663,10,False,2,2
2026-07-30T03:43:00Z,1009J20007C3,20007,C3,0,60200,60105,2026-07-30T05:59:00,17000,60200,E,40.035027,-3.6189713,10,True,1,1
2026-07-30T03:43:00Z,1009J20600C8b,20600,C8b,0,12006,12005,2026-07-30T06:03:00,70200,12006,E,40.737614,-4.0662985,10,False,2,1
2026-07-30T03:43:00Z,1009J20006C3,20006,C3,0,17000,18002,2026-07-30T06:01:00,60200,17000,E,40.471382,-3.6834786,10,True,2,8
2026-07-30T03:43:00Z,1009J20402C4b,20402,C4b,3,17005,17004,2026-07-30T05:51:00,37012,17005,E,40.644844,-3.7762609,10,True,3,3
2026-07-30T03:43:00Z,1009J21506C2,21506,C2,3,17000,18002,2026-07-30T05:47:00,70200,17000,S,40.466705,-3.6831553,10,False,8,2
2026-07-30T03:43:00Z,1009J21505C2,21505,C2,0,70200,70105,2026-07-30T06:20:00,17000,70200,E,40.644257,-3.1823237,10,False,1,1
2026-07-30T03:43:00Z,1009J21703C2,21703,C2,0,18000,18001,2026-07-30T05:48:00,10203,70103,A,40.42352,-3.6912522,10,False,1,1
2026-07-30T03:43:00Z,1009J20415C4b,20415,C4b,0,37012,37011,2026-07-30T06:15:00,17005,37012,E,40.24143,-3.769159,10,False,2,1
2026-07-30T03:43:00Z,1009J21504C2,21504,C2,17,18002,18001,2026-07-30T05:53:00,70200,18002,E,40.44655,-3.691473,10,False,2,2
2026-07-30T03:43:00Z,1009J21305C10,21305,C10,0,10100,10005,2026-07-30T06:12:00,17000,10100,E,40.52248,-3.8818293,10,False,5,1
2026-07-30T03:43:00Z,1009J20204C4,20204,C4,3,18000,60100,2026-07-30T05:50:00,37012,17000,S,40.40654,-3.6895106,10,True,5,1
2026-07-30T03:43:00Z,1009J20216C4a,20216,C4a,0,19003,19002,2026-07-30T06:07:00,37012,19003,E,40.546417,-3.6351175,10,True,2,2
2026-07-30T03:43:00Z,1009J76672C5,76672,C5,0,35011,35010,2026-07-30T05:44:00,35012,37001,A,40.29673,-3.7924793,10,False,2,2
2026-07-30T03:43:00Z,1009J21503C2,21503,C2,2,70105,70104,2026-07-30T05:49:00,17000,70200,A,40.53455,-3.2985828,10,False,1,1
2026-07-30T03:43:00Z,1009J21701C2,21701,C2,12,18000,18001,2026-07-30T05:44:00,17000,18000,E,40.40667,-3.689395,10,False,2,1
2026-07-30T03:43:00Z,1009J76353C5,76353,C5,0,35600,35601,2026-07-30T05:45:00,35607,35609,E,40.386257,-3.7610443,10,False,2,2
2026-07-30T03:43:00Z,1009J76674C5,76674,C5,2,37001,35009,2026-07-30T05:48:00,35012,37001,E,40.34132,-3.7123663,10,False,4,2
2026-07-30T03:43:00Z,1009J20413C4b,20413,C4b,0,37012,37011,2026-07-30T06:05:00,17005,37012,E,40.24143,-3.769159,10,True,2,1
2026-07-30T03:48:22Z,3009J23101C3,23101,C3,0,51003,50700,2026-07-30T06:08:00,40115,51003,E,37.392567,-5.9749827,30,False,,
2026-07-30T03:48:22Z,3009J23505C1,23505,C1,0,51200,51112,2026-07-30T06:10:00,50600,51200,A,37.27829,-5.9103913,30,False,3,1
2026-07-30T03:48:22Z,3009J23502C1,23502,C1,0,51003,51100,2026-07-30T05:59:00,51200,51003,A,37.377792,-5.9795485,30,False,11,2
2026-07-30T03:48:22Z,3009J23601C4,23601,C4,0,51003,51009,2026-07-30T06:00:00,51100,00000,A,37.4036,-5.936382,30,False,8,2
2026-07-30T03:48:22Z,3009J23500C1,23500,C1,2,51200,51202,2026-07-30T05:53:58,51203,51003,59.0,37.082928,-5.872319,30,False,,2
2026-07-30T03:48:22Z,3009J23501C1,23501,C1,-2,50701,50700,2026-07-30T05:50:22,50600,51003,E,37.574757,-5.8031654,30,False,,1
2026-07-30T03:48:22Z,3109J23421T1,23421,T1,0,51405,51414,2026-07-30T06:04:00,51450,51405,,36.529045,-6.2877955,31,False,5,1
2026-07-30T03:48:22Z,3109J23422T1,23422,T1,0,51450,51451,2026-07-30T05:56:00,51405,51450,,36.40869,-6.1343336,31,False,2,2
2026-07-30T03:48:22Z,3209J23303C1,23303,C1,3,54519,54510,2026-07-30T05:49:21,54516,54517,49.0,36.61177,-4.5123167,32,False,,1
2026-07-30T03:48:22Z,4009J24300C6,24300,C6,0,65000,65002,2026-07-30T06:07:00,65300,65000,,39.465065,-0.37811995,40,False,,
2026-07-30T03:48:22Z,4009J24201C1,24201,C1,0,65000,64203,2026-07-30T05:59:00,69110,65000,A,39.42246,-0.39274746,40,False,5,1
2026-07-30T03:48:22Z,4009J24103C2,24103,C2,-1,64006,64006,2026-07-30T05:40:36,64003,64100,E,38.96917,-0.5866923,40,False,3,3
2026-07-30T03:48:22Z,4009J24001C2,24001,C2,-1,64201,64200,2026-07-30T05:51:15,64006,65000,E,39.399986,-0.39908192,40,False,,3
2026-07-30T03:48:22Z,4009J84002C2,84002,C2,0,64006,64006,2026-07-30T05:44:00,65000,64003,E,38.96917,-0.5866923,40,False,,
2026-07-30T03:48:22Z,4009J24380C6,24380,C6,0,65000,65002,2026-07-30T05:57:00,65312,65000,A,39.441483,-0.37143394,40,False,1,
2026-07-30T03:48:22Z,4009J84601C5,84601,C5,0,67211,67212,2026-07-30T06:07:00,65008,67211,,39.947292,-0.5721675,40,False,,
2026-07-30T03:48:22Z,4009J24200C1,24200,C1,1,69110,69107,2026-07-30T05:51:55,65000,69110,40.0,38.99717,-0.18541686,40,False,,
2026-07-30T03:48:22Z,5109J28404R2N,28404,R2N,3,79102,79101,2026-07-30T05:52:05,72400,79104,E,41.637882,2.4045222,50,True,2,
2026-07-30T03:48:22Z,5109J28506R2,28506,R2,0,71602,71603,2026-07-30T05:50:32,79100,71600,E,41.27745,1.9777229,50,True,,
2026-07-30T03:48:22Z,5109J33521R4,33521,R4,0,78600,78506,2026-07-30T05:55:00,78400,78600,E,41.72026,1.826487,50,False,,
2026-07-30T03:48:22Z,5109J25604R1,25604,R1,1,79500,79412,2026-07-30T05:52:23,72305,79603,E,41.53325,2.4456325,50,True,2,2
2026-07-30T03:48:22Z,5109J25702R1,25702,R1,0,71801,72305,2026-07-30T05:55:47,72305,79500,E,41.379536,2.1411612,50,True,8,
2026-07-30T03:48:22Z,5109J15250R11,15250,R11,0,79309,79308,2026-07-30T06:00:00,79200,79309,,42.265114,2.968971,50,False,,
2026-07-30T03:48:22Z,5109J18120R16,18120,R16,0,65400,65402,2026-07-30T05:55:00,79400,65400,,40.807198,0.5228472,50,True,,
2026-07-30T03:48:22Z,5109J15772R11,15772,R11,0,79309,79303,2026-07-30T06:11:00,71801,79309,,42.265114,2.968971,50,True,,
2026-07-30T03:48:22Z,5109J28263R2S,28263,R2S,1,71801,71708,2026-07-30T05:51:49,71700,79400,41.0,41.369034,2.1286802,50,True,,
2026-07-30T03:48:22Z,5109J77400R4,77400,R4,11,72208,72209,2026-07-30T06:01:47,78600,71600,A,41.423332,1.8183168,50,False,2,2
2026-07-30T03:48:22Z,5109J28400R2N,28400,R2N,12,71801,71708,2026-07-30T05:57:25,72400,79100,A,41.35488,2.1156967,50,True,,
2026-07-30T03:48:22Z,5109J18121R16,18121,R16,1,79400,71802,2026-07-30T05:55:37,65400,79400,27.0,41.391186,2.1932235,50,True,,
2026-07-30T03:48:22Z,5109J25704R1,25704,R1,0,79500,79412,2026-07-30T06:05:00,72305,79500,A,41.50672,2.4016483,50,True,5,2
2026-07-30T03:48:22Z,5109J25602R1,25602,R1,0,79403,79009,2026-07-30T05:56:58,72305,79603,A,41.408962,2.187447,50,True,2,3
2026-07-30T03:48:22Z,5109J77602R4,77602,R4,3,72301,72302,2026-07-30T05:48:19,78600,72209,S,41.38308,2.0479817,50,False,,2
2026-07-30T03:48:22Z,5109J25601R1,25601,R1,-2,72305,71801,2026-07-30T05:52:07,79200,72305,E,41.36431,2.1008937,50,False,,
2026-07-30T03:48:22Z,5109J77702R4,77702,R4,2,78801,78802,2026-07-30T05:52:08,72209,78800,A,41.430275,2.1831505,50,True,2,2
2026-07-30T03:48:22Z,5109J28500R2,28500,R2,1,71707,71708,2026-07-30T05:54:52,79104,71700,A,41.354904,2.115462,50,True,,
2026-07-30T03:48:22Z,5109J33520RL4,33520,RL4,3,78500,78501,2026-07-30T06:07:57,78600,78400,A,41.65576,1.4206176,50,False,2,
2026-07-30T03:48:22Z,5109J77402R4,77402,R4,1,72203,72204,2026-07-30T05:52:53,78600,71600,E,41.31439,1.6600643,50,False,,2
2026-07-30T03:48:22Z,5109J77504R4,77504,R4,1,78804,78805,2026-07-30T05:47:04,71600,78700,S,41.391907,2.1806386,50,False,,2
2026-07-30T03:48:22Z,5109J77600R4,77600,R4,2,78802,78801,2026-07-30T05:50:09,78600,72209,39.0,41.443356,2.1862123,50,False,,1
2026-07-30T03:48:22Z,5109J77506R4,77506,R4,1,78705,78706,2026-07-30T05:51:22,71600,78700,24.0,41.50857,2.1254172,50,True,,2
2026-07-30T03:48:22Z,5109J77508R4,77508,R4,0,78700,78710,2026-07-30T06:03:00,71600,78700,A,41.567463,2.03963,50,False,3,2
2026-07-30T03:48:22Z,5109J77502R4,77502,R4,1,72300,72211,2026-07-30T05:51:59,71600,78700,E,41.40998,2.0208638,50,False,1,1
2026-07-30T03:48:22Z,6009J26504C3,26504,C3,0,13200,13120,2026-07-30T05:52:00,13100,13200,A,43.25035,-2.930641,60,False,5,2
2026-07-30T03:48:22Z,6009J26005C2,26005,C2,0,13200,13205,2026-07-30T05:55:00,13506,13200,A,43.256733,-2.9322033,60,False,2,1
2026-07-30T03:48:22Z,6009J26602C3,26602,C3,0,13200,13120,2026-07-30T06:02:00,13106,13200,A,43.25035,-2.930641,60,False,4,2
2026-07-30T03:48:22Z,6009J26500C3,26500,C3,0,13102,13121,2026-07-30T05:49:04,13100,13200,E,43.07418,-2.9994733,60,False,,2
2026-07-30T03:48:22Z,6009J26004C2,26004,C2,0,13506,13505,2026-07-30T05:57:00,13200,13506,A,43.315636,-3.0911126,60,False,1,1
2026-07-30T03:48:22Z,6009J26503C3,26503,C3,3,13103,13104,2026-07-30T05:51:39,13200,13100,33.0,43.109028,-2.994225,60,True,,1
2026-07-30T03:48:22Z,6009J26600C3,26600,C3,1,13111,13110,2026-07-30T05:54:44,13106,13200,A,43.17912,-2.9028738,60,False,2,2
2026-07-30T03:48:22Z,6009J26103C1,26103,C1,1,13206,13207,2026-07-30T05:48:29,13405,13200,85.0,43.257454,-2.9459498,60,False,,1
2026-07-30T03:48:22Z,6009J26502C3,26502,C3,0,13109,13108,2026-07-30T05:49:23,13100,13200,E,43.169456,-2.9183524,60,False,,2
2026-07-30T03:48:22Z,6009J71503C4,71503,C4,0,05485,05483,2026-07-30T06:00:00,05451,05485,A,43.196415,-3.1899889,60,False,1,1
2026-07-30T03:48:22Z,6009J71500C4,71500,C4,0,05451,13206,2026-07-30T06:03:00,05485,05451,A,43.254723,-2.9436562,60,False,4,2AM
2026-07-30T03:48:22Z,6009J26104C1,26104,C1,0,13405,13404,2026-07-30T06:00:00,13200,13405,A,43.3262,-3.023556,60,False,1,2
2026-07-30T03:48:22Z,6009J26102C1,26102,C1,2,13400,13305,2026-07-30T05:49:38,13200,13405,56.0,43.29491,-2.9759414,60,False,,2
2026-07-30T03:48:22Z,6009J26001C2,26001,C2,1,13506,13506,2026-07-30T05:50:03,13506,13200,A,43.321514,-3.1123157,60,False,,
2026-07-30T03:48:22Z,6009J26000C2,26000,C2,0,13205,13200,2026-07-30T05:50:14,13200,13506,E,43.256733,-2.9322033,60,False,,
2026-07-30T03:48:22Z,6009J26003C2,26003,C2,0,13400,13501,2026-07-30T05:51:25,13506,13200,22.0,43.303474,-2.989595,60,False,,3
2026-07-30T03:48:22Z,6009J26002C2,26002,C2,1,13502,13501,2026-07-30T05:50:10,13200,13506,E,43.302948,-3.0169492,60,False,1,1
2026-07-30T03:48:22Z,6109J81702C1,81702,C1,0,11600,11518,2026-07-30T05:53:00,11508,11600,E,43.33877,-1.8007782,61,False,,2
2026-07-30T03:48:22Z,6109J32700C1,32700,C1,0,11508,11507,2026-07-30T06:03:00,11305,11508,A,43.266514,-1.9726831,61,False,2,2
2026-07-30T03:48:22Z,6109J32769C1,32769,C1,1,11503,11504,2026-07-30T05:49:00,11508,11400,83.0,43.21085,-2.026133,61,False,,1
2026-07-30T03:48:22Z,6209J71104C2,71104,C2,0,14223,05602,2026-07-30T06:01:00,05623,14223,A,43.452877,-3.8282192,62,True,2AM,2
2026-07-30T03:48:22Z,6209J71152C2,71152,C2,0,05602,05603,2026-07-30T05:50:33,05637,14223,E,43.452877,-3.8282192,62,True,,1
2026-07-30T03:48:22Z,6209J71351C3,71351,C3,0,14223,05602,2026-07-30T05:53:00,05657,14223,A,43.452858,-3.828213,62,True,9AM,7
2026-07-30T03:48:22Z,6209J71150C2,71150,C2,2,05621,05623,2026-07-30T05:52:16,05637,14223,21.0,43.3528,-4.0586276,62,True,,1
2026-07-30T03:48:22Z,4709J71080C1,71080,C1,0,05761,05762,2026-07-30T06:02:00,05803,05761,A,42.809772,-5.1800675,47,False,1,
2026-07-30T03:48:22Z,4709J71091C1,71091,C1,0,05790,05760,2026-07-30T05:56:00,05753,05761,14.0,42.776375,-5.130084,47,False,,
2026-07-30T03:48:22Z,2009J70502C7,70502,C7,0,05325,05327,2026-07-30T06:18:00,05329,05325,E,43.490948,-6.1104946,20,False,4,2
2026-07-30T03:48:22Z,2009J70752C6,70752,C6,0,05513,05509,2026-07-30T06:15:00,15211,05513,E,43.388065,-5.664932,20,False,3,2
2026-07-30T03:48:22Z,2009J22200C2,22200,C2,1,15218,15210,2026-07-30T05:51:00,16011,15211,11.0,43.354954,-5.8558044,20,False,2,2
2026-07-30T03:48:22Z,2009J70400C5,70400,C5,2,05431,05427,2026-07-30T05:54:00,15410,05443,E,43.290783,-5.667893,20,False,1,1
2026-07-30T03:48:22Z,2009J22101C1,22101,C1,3,15400,15401,2026-07-30T05:52:00,15410,15218,E,43.541653,-5.722776,20,False,1,1
2026-07-30T03:48:22Z,2009J70201C4,70201,C4,0,05211,05210,2026-07-30T06:17:00,15410,05211,E,43.58464,-5.772605,20,False,1,1
2026-07-30T03:48:22Z,2009J70501C7,70501,C7,2,05311,05308,2026-07-30T05:53:00,15211,05311,E,43.34864,-5.9676714,20,False,1,1
2026-07-30T03:48:22Z,2009J22004C1,22004,C1,0,15410,15401,2026-07-30T06:14:00,15118,15410,E,43.537712,-5.676047,20,False,2,2
2026-07-30T03:48:22Z,2009J70753C6,70753,C6,0,05509,05513,2026-07-30T06:00:00,05513,05509,E,43.3823,-5.7026434,20,False,1,4
2026-07-30T03:48:22Z,2009J22000C1,22000,C1,0,15211,15218,2026-07-30T05:57:00,15122,15211,E,43.36655,-5.854991,20,False,2,2
2026-07-30T03:48:22Z,2009J70755C6,70755,C6,0,05509,05513,2026-07-30T06:21:00,05513,05509,E,43.3823,-5.7026434,20,False,1,4
2026-07-30T03:48:22Z,2009J22002C1,22002,C1,0,15211,15218,2026-07-30T06:17:00,15122,15211,E,43.36655,-5.854991,20,False,2,2
2026-07-30T03:48:22Z,2009J70801C6,70801,C6,0,05509,05513,2026-07-30T06:17:00,05523,05509,E,43.3823,-5.7026434,20,False,1,4
2026-07-30T03:48:22Z,2009J70900C8,70900,C8,0,05377,05379,2026-07-30T05:56:00,05389,05373,E,43.17608,-5.754903,20,False,1,3
2026-07-30T03:48:22Z,2009J22103C1,22103,C1,0,15217,15212,2026-07-30T05:51:00,15410,15218,E,43.38812,-5.8272715,20,False,1,1
2026-07-30T03:48:22Z,2009J22303C3,22303,C3,0,15218,15211,2026-07-30T05:55:00,16405,15218,E,43.3588,-5.8573804,20,False,1,1
2026-07-30T03:48:22Z,2009J80851C6,80851,C6,7,05509,05511,2026-07-30T05:54:00,05534,05509,E,43.3823,-5.7026434,20,False,1,1
2026-07-30T03:48:22Z,4109J84901C2,84901,C2,0,61200,06002,2026-07-30T06:35:00,06006,61200,E,37.97462,-1.1315287,41,False,1,2
2026-07-30T03:48:22Z,4109J84900C2,84900,C2,0,06006,06005,2026-07-30T06:14:00,61200,06006,E,37.672035,-1.6961039,41,False,1,1
2026-07-30T03:48:22Z,4109J24701C1,24701,C1,3,60911,62109,2026-07-30T05:57:00,61200,60911,E,38.34553,-0.49576503,41,False,1,1
2026-07-30T03:48:22Z,4109J24700C1,24700,C1,3,61200,62001,2026-07-30T06:02:00,60911,61200,2.0,37.974358,-1.1278653,41,False,5,4
2026-07-30T03:48:22Z,1009J35973C2,35973,C2,6,70101,98003,2026-07-30T06:01:00,17000,70103,E,40.44277,-3.5339844,10,False,3,1
2026-07-30T03:48:22Z,1009J20413C4b,20413,C4b,0,37012,37011,2026-07-30T06:05:00,17005,37012,E,40.24143,-3.769159,10,True,2,1
2026-07-30T03:48:22Z,1009J76687C5,76687,C5,0,35012,35002,2026-07-30T06:15:00,37001,35012,E,40.25559,-3.8284667,10,False,1,1
2026-07-30T03:48:22Z,1009J21512C2,21512,C2,0,17000,18002,2026-07-30T06:14:00,70200,17000,E,40.47097,-3.68245,10,False,9,2
2026-07-30T03:48:22Z,1009J76203C5,76203,C5,0,35704,35703,2026-07-30T05:49:00,18003,37001,E,40.35043,-3.705141,10,False,2,1
2026-07-30T03:48:22Z,1009J21200C10,21200,C10,0,17000,18002,2026-07-30T06:06:00,10200,17000,E,40.470848,-3.682503,10,False,8,4
2026-07-30T03:48:22Z,1009J76204C5,76204,C5,0,18003,35702,2026-07-30T06:05:00,37001,18003,E,40.39592,-3.6779969,10,False,2,2
2026-07-30T03:48:22Z,1009J19805C1,19805,C1,0,98305,98304,2026-07-30T06:14:00,17000,98305,E,40.4924,-3.593483,10,False,2,1
2026-07-30T03:48:22Z,1009J19800C1,19800,C1,0,17000,98003,2026-07-30T05:54:00,98305,17000,E,40.47102,-3.6825693,10,False,12,2
2026-07-30T03:48:22Z,1009J19803C1,19803,C1,2,98305,98304,2026-07-30T06:01:00,17000,98305,E,40.4924,-3.593483,10,False,2,1
2026-07-30T03:48:22Z,1009J21001C8a,21001,C8a,0,17000,97201,2026-07-30T06:03:00,10203,17000,E,40.47113,-3.6828332,10,False,11,1
2026-07-30T03:48:22Z,1009J20005C3,20005,C3,1,60105,60104,2026-07-30T05:53:00,17000,60200,A,40.196156,-3.6648214,10,False,1,1
2026-07-30T03:48:22Z,1009J20004C3,20004,C3,11,18101,18000,2026-07-30T05:54:00,60200,17000,E,40.417023,-3.7031636,10,True,2,7
2026-07-30T03:48:22Z,1009J20202C4,20202,C4,11,37010,37002,2026-07-30T05:51:00,37012,18000,A,40.309868,-3.733689,10,True,2,2
2026-07-30T03:48:22Z,1009J20003C3,20003,C3,1,60101,60107,2026-07-30T05:51:00,17000,60200,E,40.331753,-3.6989367,10,False,1,1
2026-07-30T03:48:22Z,1009J20409C4b,20409,C4b,0,18000,18101,2026-07-30T05:59:00,17005,18000,E,40.40654,-3.6895106,10,True,5,1
2026-07-30T03:48:22Z,1009J20408C4b,20408,C4b,0,17005,17004,2026-07-30T06:24:00,37012,17005,E,40.644844,-3.7762609,10,True,3,3
2026-07-30T03:48:22Z,1009J20209C4a,20209,C4a,0,60100,18000,2026-07-30T06:00:00,19003,37012,A,40.40654,-3.6895106,10,True,2,6
2026-07-30T03:48:22Z,1009J21000C8a,21000,C8a,3,10203,10202,2026-07-30T05:53:00,70200,10203,6.0,40.5908,-4.130538,10,False,1,2
2026-07-30T03:48:22Z,1009J21804C7,21804,C7,0,10000,10001,2026-07-30T06:13:00,70103,10000,E,40.42163,-3.7193205,10,True,2,2
2026-07-30T03:48:22Z,1009J21605C2,21605,C2,0,70200,70105,2026-07-30T06:03:00,12006,70200,E,40.644257,-3.1823237,10,False,1,1
2026-07-30T03:48:22Z,1009J21603C2,21603,C2,1,70103,70111,2026-07-30T05:52:00,12006,70200,E,40.489193,-3.3662832,10,False,5,1
2026-07-30T03:48:22Z,1009J76360C5,76360,C5,0,35605,35604,2026-07-30T05:51:00,35609,35607,A,40.356674,-3.8156087,10,False,1,1
2026-07-30T03:48:22Z,1009J20407C4b,20407,C4b,9,60100,18000,2026-07-30T05:58:00,17005,37012,S,40.352676,-3.684073,10,True,2,5
2026-07-30T03:48:22Z,1009J20406C4b,20406,C4b,0,17005,17004,2026-07-30T06:11:00,37012,17005,E,40.644844,-3.7762609,10,True,3,3
2026-07-30T03:48:22Z,1009J21800C7,21800,C7,11,17000,18002,2026-07-30T06:04:00,70103,17000,E,40.47113,-3.6828332,10,False,10,2
2026-07-30T03:48:22Z,1009J20208C4,20208,C4,7,17000,18002,2026-07-30T05:59:00,37012,17000,E,40.471325,-3.6833096,10,True,2,8
2026-07-30T03:48:22Z,1009J76361C5,76361,C5,0,35609,35608,2026-07-30T06:20:00,35607,35609,E,40.405067,-3.7026901,10,False,2,2
2026-07-30T03:48:22Z,1009J20009C3,20009,C3,0,60200,60105,2026-07-30T06:15:00,17000,60200,E,40.035027,-3.6189713,10,True,1,1
2026-07-30T03:48:22Z,1009J76680C5,76680,C5,0,37001,35009,2026-07-30T06:16:00,35012,37001,E,40.34132,-3.7123663,10,False,6,2
2026-07-30T03:48:22Z,1009J20207C4a,20207,C4a,3,18000,18101,2026-07-30T05:50:00,19003,18000,E,40.40654,-3.6895106,10,True,6,1
2026-07-30T03:48:22Z,1009J20405C4b,20405,C4b,23,18000,18101,2026-07-30T05:50:00,17005,18000,E,40.40654,-3.6895106,10,True,5,1
2026-07-30T03:48:22Z,1009J76362C5,76362,C5,3,35607,35606,2026-07-30T05:56:00,35609,35607,E,40.330883,-3.8823783,10,False,2,1
2026-07-30T03:48:22Z,1009J76353C5,76353,C5,0,35603,35604,2026-07-30T05:51:00,35607,35609,E,40.377697,-3.791474,10,False,2,2
2026-07-30T03:48:22Z,1009J76681C5,76681,C5,0,35011,35001,2026-07-30T05:52:00,37001,35012,A,40.328766,-3.7714624,10,False,1,1
2026-07-30T03:48:22Z,1009J76674C5,76674,C5,2,35009,35001,2026-07-30T05:51:00,35012,37001,E,40.328766,-3.7714624,10,False,2,2
2026-07-30T03:48:22Z,1009J35975C2,35975,C2,0,70200,70105,2026-07-30T06:11:00,17000,70200,E,40.644257,-3.1823237,10,True,1,1
2026-07-30T03:48:22Z,1009J76364C5,76364,C5,0,35607,35606,2026-07-30T06:03:00,35609,35607,E,40.330883,-3.8823783,10,False,2,1
2026-07-30T03:48:22Z,1009J76683C5,76683,C5,0,35012,35002,2026-07-30T05:55:00,37001,35012,E,40.25559,-3.8284667,10,False,1,1
2026-07-30T03:48:22Z,1009J76366C5,76366,C5,0,35607,35606,2026-07-30T06:13:00,35609,35607,E,40.330883,-3.8823783,10,False,2,1
2026-07-30T03:48:22Z,1009J76685C5,76685,C5,0,35012,35002,2026-07-30T06:05:00,37001,35012,E,40.25559,-3.8284667,10,False,1,1
2026-07-30T03:48:22Z,1009J21303C10,21303,C10,1,18003,18000,2026-07-30T05:54:00,17000,10000,A,40.406666,-3.6893957,10,True,1,1
2026-07-30T03:48:22Z,1009J21501C2,21501,C2,0,70102,70101,2026-07-30T05:53:00,10203,70200,A,40.44277,-3.5339844,10,True,1,1
2026-07-30T03:48:22Z,1009J21104C10,21104,C10,4,10200,10104,2026-07-30T06:18:00,17000,10200,E,40.62599,-4.0081153,10,False,3,2
2026-07-30T03:48:22Z,1009J76355C5,76355,C5,1,35609,35608,2026-07-30T05:51:00,35607,35609,33.0,40.404507,-3.7163923,10,False,2,2
2026-07-30T03:48:22Z,1009J21809C7,21809,C7,0,70103,70111,2026-07-30T06:04:00,10000,70103,E,40.4889,-3.3666708,10,False,5,1
2026-07-30T03:48:22Z,1009J76676C5,76676,C5,0,37001,35009,2026-07-30T05:56:00,35012,37001,E,40.34132,-3.7123663,10,False,6,2
2026-07-30T03:48:22Z,1009J76357C5,76357,C5,0,35609,35608,2026-07-30T06:00:00,35607,35609,E,40.405067,-3.7026901,10,False,2,2
2026-07-30T03:48:22Z,1009J21807C7,21807,C7,0,18000,18001,2026-07-30T06:10:00,10000,18000,E,40.40667,-3.6893938,10,False,2,1
2026-07-30T03:48:22Z,1009J76358C5,76358,C5,0,35600,35608,2026-07-30T05:52:00,35609,35607,A,40.3989,-3.7442265,10,False,1,1
2026-07-30T03:48:22Z,1009J76359C5,76359,C5,0,35609,35608,2026-07-30T06:10:00,35607,35609,E,40.405067,-3.7026901,10,False,2,2
2026-07-30T03:48:22Z,1009J76678C5,76678,C5,0,37001,35009,2026-07-30T06:06:00,35012,37001,E,40.34132,-3.7123663,10,False,6,2
2026-07-30T03:48:22Z,1009J20411C4b,20411,C4b,4,37012,37011,2026-07-30T05:54:00,17005,37012,5.0,40.248974,-3.7607973,10,True,2,1
2026-07-30T03:48:22Z,1009J76679C5,76679,C5,0,35009,37001,2026-07-30T05:49:00,37001,35012,83.0,40.341717,-3.7184594,10,False,1,4
2026-07-30T03:48:22Z,1009J20008C3,20008,C3,0,17000,18002,2026-07-30T06:16:00,60200,17000,E,40.471382,-3.6834786,10,True,2,8
2026-07-30T03:48:22Z,1009J20206C4,20206,C4,0,37001,37010,2026-07-30T06:08:00,37012,37001,E,40.34132,-3.7123663,10,False,2,2
2026-07-30T03:48:22Z,1009J21500C2,21500,C2,20,70100,70108,2026-07-30T05:51:00,70200,17000,11.0,40.40344,-3.5919237,10,False,2,2
2026-07-30T03:48:22Z,1009J20601C8b,20601,C8b,0,17000,97201,2026-07-30T06:17:00,12006,17000,E,40.47113,-3.6828332,10,True,11,1
2026-07-30T03:48:22Z,1009J20212C4a,20212,C4a,1,19001,17009,2026-07-30T05:51:00,37012,19003,E,40.55402,-3.6837044,10,True,2,2
2026-07-30T03:48:22Z,1009J20007C3,20007,C3,0,60200,60105,2026-07-30T05:59:00,17000,60200,E,40.035027,-3.6189713,10,True,1,1
2026-07-30T03:48:22Z,1009J20211C4a,20211,C4a,0,37002,37010,2026-07-30T06:02:00,19003,37002,E,40.309868,-3.733689,10,True,1,1
2026-07-30T03:48:22Z,1009J21100C10,21100,C10,1,10100,10005,2026-07-30T05:52:00,17000,10200,A,40.494404,-3.8680208,10,False,4,1
2026-07-30T03:48:22Z,1009J21508C2,21508,C2,9,17000,18002,2026-07-30T06:09:00,70200,17000,E,40.47097,-3.68245,10,False,6,2
2026-07-30T03:48:22Z,1009J21506C2,21506,C2,0,18001,18000,2026-07-30T05:54:00,70200,17000,A,40.40667,-3.689395,10,False,2,3
2026-07-30T03:48:22Z,1009J21505C2,21505,C2,-2,70200,70105,2026-07-30T06:18:00,17000,70200,E,40.644257,-3.1823237,10,False,6,1
2026-07-30T03:48:22Z,1009J21703C2,21703,C2,0,18001,18002,2026-07-30T05:52:00,10203,70103,A,40.44655,-3.691473,10,False,1,1
2026-07-30T03:48:22Z,1009J20415C4b,20415,C4b,0,37012,37011,2026-07-30T06:15:00,17005,37012,E,40.24143,-3.769159,10,False,2,1
2026-07-30T03:48:22Z,1009J21504C2,21504,C2,16,18002,18001,2026-07-30T05:52:00,70200,18002,E,40.44655,-3.691473,10,False,2,2
2026-07-30T03:48:22Z,1009J20205C4a,20205,C4a,18,18000,18101,2026-07-30T05:50:00,19003,37012,16.0,40.40654,-3.6895106,10,True,5,1
2026-07-30T03:48:22Z,1009J20600C8b,20600,C8b,0,12006,12005,2026-07-30T06:03:00,70200,12006,E,40.737614,-4.0662985,10,False,2,1
2026-07-30T03:48:22Z,1009J21305C10,21305,C10,0,10100,10005,2026-07-30T06:12:00,17000,10100,E,40.52248,-3.8818293,10,False,5,1
2026-07-30T03:48:22Z,1009J20006C3,20006,C3,0,17000,18002,2026-07-30T06:01:00,60200,17000,E,40.471382,-3.6834786,10,True,2,8
2026-07-30T03:48:22Z,1009J20216C4a,20216,C4a,1,19003,19002,2026-07-30T06:08:00,37012,19003,E,40.546417,-3.6351175,10,True,2,2
2026-07-30T03:48:22Z,1009J21503C2,21503,C2,1,70104,70107,2026-07-30T05:52:00,17000,70200,E,40.53455,-3.2985828,10,False,1,1
2026-07-30T03:48:22Z,1009J20402C4b,20402,C4b,6,17005,17004,2026-07-30T05:54:00,37012,17005,5.0,40.64487,-3.7706945,10,True,3,3
2026-07-30T03:48:22Z,1009J76672C5,76672,C5,0,35002,35012,2026-07-30T05:51:00,35012,37001,E,40.283237,-3.7991464,10,False,2,1
2026-07-30T03:48:22Z,1009J21701C2,21701,C2,16,18001,18002,2026-07-30T05:52:00,17000,18000,8.0,40.425297,-3.690473,10,False,1,1
2026-07-30T03:48:22Z,1009J21304C10,21304,C10,0,17000,18002,2026-07-30T06:21:00,10100,17000,E,40.470848,-3.682503,10,True,8,4
2026-07-30T03:48:22Z,1009J20215C4a,20215,C4a,0,37012,37011,2026-07-30T06:21:00,19003,37012,E,40.24143,-3.769159,10,False,1,1
2026-07-30T03:52:54Z,3009J23500C1,23500,C1,14,51202,51203,2026-07-30T06:18:39,51203,51003,A,36.911682,-6.095153,30,False,4,6
2026-07-30T03:52:54Z,3009J23101C3,23101,C3,0,51003,50700,2026-07-30T06:08:00,40115,51003,E,37.392567,-5.9749827,30,False,,
2026-07-30T03:52:54Z,3009J23501C1,23501,C1,1,50700,50602,2026-07-30T05:57:35,50600,51003,A,37.58157,-5.6699624,30,False,1,1
2026-07-30T03:52:54Z,3009J23601C4,23601,C4,0,51003,51009,2026-07-30T06:00:00,51100,00000,A,37.4036,-5.936382,30,False,8,2
2026-07-30T03:52:54Z,3009J23505C1,23505,C1,0,51200,51112,2026-07-30T06:10:00,50600,51200,A,37.27829,-5.9103913,30,False,3,1
2026-07-30T03:52:54Z,3009J23701C5,23701,C5,0,43005,43004,2026-07-30T06:08:00,51103,43005,A,37.381527,-6.193782,30,False,3,
2026-07-30T03:52:54Z,3009J23502C1,23502,C1,0,51003,51100,2026-07-30T05:59:00,51200,51003,A,37.377792,-5.9795485,30,False,11,2
2026-07-30T03:52:54Z,3109J23421T1,23421,T1,0,51405,51414,2026-07-30T06:04:00,51450,51405,,36.529045,-6.2877955,31,False,5,1
2026-07-30T03:52:54Z,3109J23422T1,23422,T1,0,51450,51451,2026-07-30T05:56:00,51405,51450,,36.40869,-6.1343336,31,False,2,2
2026-07-30T03:52:54Z,3209J23303C1,23303,C1,3,54511,54512,2026-07-30T05:56:36,54516,54517,E,36.59906,-4.536344,32,False,2,1
2026-07-30T03:52:54Z,3209J23151C2,23151,C2,1,54412,54410,2026-07-30T05:58:42,54405,54517,A,36.705082,-4.545475,32,False,,
2026-07-30T03:52:54Z,4009J24103C2,24103,C2,-1,64006,64006,2026-07-30T05:40:36,64003,64100,E,38.96917,-0.5866923,40,False,3,3
2026-07-30T03:52:54Z,4009J24107C2,24107,C2,0,64100,64006,2026-07-30T06:14:00,64006,64100,A,38.96917,-0.5866923,40,False,1,
2026-07-30T03:52:54Z,4009J24200C1,24200,C1,0,69107,69105,2026-07-30T05:57:02,65000,69110,E,39.02619,-0.21494265,40,False,,3
2026-07-30T03:52:54Z,4009J24300C6,24300,C6,0,65000,65002,2026-07-30T06:07:00,65300,65000,,39.465065,-0.37811995,40,False,,
2026-07-30T03:52:54Z,4009J24380C6,24380,C6,2,65000,65002,2026-07-30T05:59:14,65312,65000,6.0,39.465065,-0.37811995,40,False,1,
2026-07-30T03:52:54Z,4009J84004C2,84004,C2,0,64003,64004,2026-07-30T06:18:00,65000,64003,,38.878082,-0.7535829,40,False,,
2026-07-30T03:52:54Z,4009J84601C5,84601,C5,0,67211,67212,2026-07-30T06:07:00,65008,67211,,39.947292,-0.5721675,40,False,,
2026-07-30T03:52:54Z,4009J84002C2,84002,C2,0,64006,64006,2026-07-30T05:44:00,65000,64003,E,38.96917,-0.5866923,40,False,,
2026-07-30T03:52:54Z,4009J24201C1,24201,C1,1,65000,64203,2026-07-30T05:59:50,69110,65000,10.0,39.461895,-0.37894493,40,False,,1
2026-07-30T03:52:54Z,4009J24001C2,24001,C2,0,64200,64107,2026-07-30T05:59:16,64006,65000,E,39.36203,-0.41514477,40,False,,1
2026-07-30T03:52:54Z,5109J25601R1,25601,R1,0,71801,78805,2026-07-30T05:58:30,79200,72305,A,41.387875,2.1697214,50,False,9,1
2026-07-30T03:52:54Z,5109J18121R16,18121,R16,-3,71802,71801,2026-07-30T05:58:08,65400,79400,A,41.379536,2.1411645,50,True,,
2026-07-30T03:52:54Z,5109J25604R1,25604,R1,2,79412,79410,2026-07-30T05:54:44,72305,79603,A,41.500538,2.3899064,50,True,2,2
2026-07-30T03:52:54Z,5109J28404R2N,28404,R2N,3,79101,79109,2026-07-30T05:58:19,72400,79104,E,41.636314,2.3562145,50,True,2,
2026-07-30T03:52:54Z,5109J25702R1,25702,R1,-1,72305,72305,2026-07-30T05:54:30,72305,79500,A,41.36431,2.1008937,50,True,3,3
2026-07-30T03:52:54Z,5109J28406R2N,28406,R2N,0,79104,79103,2026-07-30T06:11:00,72400,79104,A,41.671745,2.4542186,50,True,,
2026-07-30T03:52:54Z,5109J28506R2,28506,R2,1,71603,71604,2026-07-30T05:55:07,79100,71600,18.0,41.27745,1.9777229,50,True,2,
2026-07-30T03:52:54Z,5109J35516R3,35516,R3,1,77109,77107,2026-07-30T05:59:49,77102,77109,20.0,41.910973,2.2521224,50,False,,
2026-07-30T03:52:54Z,5109J15250R11,15250,R11,0,79309,79308,2026-07-30T06:00:00,79200,79309,,42.265114,2.968971,50,False,,
2026-07-30T03:52:54Z,5109J18120R16,18120,R16,0,65400,65402,2026-07-30T05:55:00,79400,65400,,40.807198,0.5228472,50,True,,
2026-07-30T03:52:54Z,5109J15772R11,15772,R11,0,79309,79303,2026-07-30T06:11:00,71801,79309,,42.265114,2.968971,50,True,,
2026-07-30T03:52:54Z,5109J33521R4,33521,R4,9,78600,78506,2026-07-30T06:03:32,78400,78600,9.0,41.72026,1.8264787,50,False,,
2026-07-30T03:52:54Z,5109J28263R2S,28263,R2S,0,71708,71707,2026-07-30T05:55:05,71700,79400,E,41.35488,2.1156967,50,True,,1
2026-07-30T03:52:54Z,5109J25704R1,25704,R1,0,79500,79412,2026-07-30T06:05:00,72305,79500,A,41.50672,2.4016483,50,True,5,2
2026-07-30T03:52:54Z,5109J77400R4,77400,R4,11,72208,72209,2026-07-30T06:02:00,78600,71600,A,41.47872,1.9255537,50,False,2,2
2026-07-30T03:52:54Z,5109J77502R4,77502,R4,1,72211,72210,2026-07-30T05:57:03,71600,78700,A,41.473316,1.967515,50,False,1,2
2026-07-30T03:52:54Z,5109J15002R15,15002,R15,0,71400,71401,2026-07-30T06:15:00,79400,71400,,41.160637,1.1000068,50,True,,
2026-07-30T03:52:54Z,5109J77602R4,77602,R4,3,72305,71801,2026-07-30T06:00:18,78600,72209,A,41.379536,2.1411612,50,False,1,
2026-07-30T03:52:54Z,5109J15000R15,15000,R15,-2,71500,71502,2026-07-30T06:03:18,79400,71400,E,41.11129,1.2534051,50,False,,
2026-07-30T03:52:54Z,5109J77702R4,77702,R4,1,78802,78806,2026-07-30T05:53:24,72209,78800,E,41.430275,2.1831505,50,True,,2
2026-07-30T03:52:54Z,5109J77504R4,77504,R4,0,71801,72305,2026-07-30T05:59:12,71600,78700,E,41.379536,2.1411612,50,False,,4
2026-07-30T03:52:54Z,5109J77506R4,77506,R4,1,78707,78708,2026-07-30T05:56:33,71600,78700,A,41.48388,2.1847994,50,True,2,2
2026-07-30T03:52:54Z,5109J77508R4,77508,R4,0,78700,78710,2026-07-30T06:03:00,71600,78700,A,41.567463,2.03963,50,False,3,2
2026-07-30T03:52:54Z,5109J25400R2,25400,R2,7,79004,79005,2026-07-30T05:56:35,79200,71700,34.0,41.453156,2.195185,50,True,,
2026-07-30T03:52:54Z,5109J28400R2N,28400,R2N,12,71801,71708,2026-07-30T05:56:48,72400,79100,31.0,41.371487,2.1318169,50,True,,
2026-07-30T03:52:54Z,5109J28500R2,28500,R2,3,71707,71708,2026-07-30T05:57:25,79104,71700,E,41.330997,2.0893226,50,True,4,
2026-07-30T03:52:54Z,5109J33520RL4,33520,RL4,3,78500,78501,2026-07-30T06:07:57,78600,78400,A,41.65576,1.4206176,50,False,2,
2026-07-30T03:52:54Z,5109J77402R4,77402,R4,2,72204,72205,2026-07-30T05:59:26,78600,71600,A,41.370678,1.7253983,50,False,2,2
2026-07-30T03:52:54Z,5109J77600R4,77600,R4,4,78800,78708,2026-07-30T05:56:38,78600,72209,A,41.48388,2.1847994,50,False,6,1
2026-07-30T03:52:54Z,5109J25501R2S,25501,R2S,3,79400,71802,2026-07-30T06:01:28,71600,79400,12.0,41.385433,2.192091,50,False,,
2026-07-30T03:52:54Z,5109J28556R2N,28556,R2N,2,71708,71801,2026-07-30T05:58:49,79400,72400,A,41.37954,2.1411655,50,True,2,
2026-07-30T03:52:54Z,5109J25602R1,25602,R1,2,79403,79009,2026-07-30T05:58:30,72305,79603,27.0,41.423203,2.2166822,50,True,,3
2026-07-30T03:52:54Z,6009J26105C1,26105,C1,0,13200,13205,2026-07-30T06:06:00,13405,13200,A,43.256733,-2.9322033,60,False,1,1
2026-07-30T03:52:54Z,6009J26600C3,26600,C3,0,13110,13115,2026-07-30T05:55:28,13106,13200,A,43.176933,-2.909058,60,False,2,2
2026-07-30T03:52:54Z,6009J26501C3,26501,C3,1,13113,13114,2026-07-30T05:55:50,13200,13100,36.0,43.23979,-2.8999605,60,True,,1
2026-07-30T03:52:54Z,6009J26005C2,26005,C2,0,13200,13205,2026-07-30T05:55:00,13506,13200,A,43.256733,-2.9322033,60,False,2,1
2026-07-30T03:52:54Z,6009J26102C1,26102,C1,1,13303,13208,2026-07-30T05:55:18,13200,13405,A,43.26169,-2.948731,60,False,2,2
2026-07-30T03:52:54Z,6009J26500C3,26500,C3,1,13101,13116,2026-07-30T05:54:07,13100,13200,E,43.04889,-3.0018198,60,False,2,2
2026-07-30T03:52:54Z,6009J26003C2,26003,C2,1,13501,13502,2026-07-30T05:53:02,13506,13200,E,43.304123,-3.010197,60,False,3,1
2026-07-30T03:52:54Z,6009J26004C2,26004,C2,0,13506,13505,2026-07-30T05:57:00,13200,13506,A,43.315636,-3.0911126,60,False,1,1
2026-07-30T03:52:54Z,6009J26002C2,26002,C2,1,13501,13400,2026-07-30T05:56:52,13200,13506,E,43.304123,-3.010197,60,False,1,2
2026-07-30T03:52:54Z,6009J26602C3,26602,C3,0,13200,13120,2026-07-30T06:02:00,13106,13200,A,43.25035,-2.930641,60,False,4,2
2026-07-30T03:52:54Z,6009J26503C3,26503,C3,3,13104,13106,2026-07-30T05:56:10,13200,13100,E,43.132793,-2.9697878,60,True,1,1
2026-07-30T03:52:54Z,6009J71503C4,71503,C4,0,05485,05483,2026-07-30T06:00:00,05451,05485,A,43.196415,-3.1899889,60,False,1,1
2026-07-30T03:52:54Z,6009J71500C4,71500,C4,0,05451,13206,2026-07-30T06:03:00,05485,05451,A,43.254723,-2.9436562,60,False,4,2AM
2026-07-30T03:52:54Z,6009J26104C1,26104,C1,0,13405,13404,2026-07-30T06:00:00,13200,13405,A,43.3262,-3.023556,60,False,1,2
2026-07-30T03:52:54Z,6009J26103C1,26103,C1,3,13303,13304,2026-07-30T05:55:49,13405,13200,21.0,43.26418,-2.9553094,60,False,,1
2026-07-30T03:52:54Z,6009J26502C3,26502,C3,2,13108,13117,2026-07-30T05:54:22,13100,13200,43.0,43.156513,-2.9293218,60,False,,2
2026-07-30T03:52:54Z,6109J81702C1,81702,C1,0,11600,11518,2026-07-30T05:53:00,11508,11600,E,43.33877,-1.8007782,61,False,,2
2026-07-30T03:52:54Z,6109J81769C1,81769,C1,0,11508,11511,2026-07-30T06:21:00,11600,11508,A,43.317684,-1.9766475,61,False,1,
2026-07-30T03:52:54Z,6109J32769C1,32769,C1,0,11505,11506,2026-07-30T05:55:09,11508,11400,E,43.2221,-2.015703,61,False,,1
2026-07-30T03:52:54Z,6109J32700C1,32700,C1,0,11508,11507,2026-07-30T06:03:00,11305,11508,A,43.266514,-1.9726831,61,False,2,2
2026-07-30T03:52:54Z,6109J35680C1,35680,C1,7,11506,11505,2026-07-30T05:55:08,11305,11508,38.0,43.23564,-1.9964436,61,False,,2
2026-07-30T03:52:54Z,6209J71104C2,71104,C2,0,14223,05602,2026-07-30T06:01:00,05623,14223,A,43.452877,-3.8282192,62,True,2AM,2
2026-07-30T03:52:54Z,6209J71103C2,71103,C2,0,05623,05622,2026-07-30T06:08:00,14223,05623,A,43.35649,-4.0702353,62,True,1,1
2026-07-30T03:52:54Z,6209J71152C2,71152,C2,0,05603,05604,2026-07-30T05:53:27,05637,14223,E,43.455097,-3.8411903,62,True,,1
2026-07-30T03:52:54Z,6209J71351C3,71351,C3,1,14223,05602,2026-07-30T05:53:39,05657,14223,67.0,43.45459,-3.8225906,62,True,,7
2026-07-30T03:52:54Z,6209J71150C2,71150,C2,1,05623,05637,2026-07-30T06:12:01,05637,14223,7.0,43.360752,-4.1001315,62,True,,
2026-07-30T03:52:54Z,4709J71080C1,71080,C1,0,05761,05762,2026-07-30T06:02:00,05803,05761,22.0,42.794872,-5.133844,47,False,,
2026-07-30T03:52:54Z,2009J70502C7,70502,C7,0,05325,05327,2026-07-30T06:18:00,05329,05325,E,43.490948,-6.1104946,20,False,4,2
2026-07-30T03:52:54Z,2009J70801C6,70801,C6,0,05509,05513,2026-07-30T06:17:00,05523,05509,E,43.3823,-5.7026434,20,False,1,4
2026-07-30T03:52:54Z,2009J70900C8,70900,C8,5,05377,05379,2026-07-30T06:01:00,05389,05373,E,43.17608,-5.754903,20,False,1,3
2026-07-30T03:52:54Z,2009J70400C5,70400,C5,2,05427,05426,2026-07-30T05:56:00,15410,05443,E,43.296936,-5.6802325,20,False,1,1
2026-07-30T03:52:54Z,2009J70501C7,70501,C7,0,05306,05304,2026-07-30T06:01:00,15211,05311,E,43.368706,-5.9585757,20,False,1,1
2026-07-30T03:52:54Z,2009J70753C6,70753,C6,5,05509,05513,2026-07-30T06:05:00,05513,05509,E,43.3823,-5.7026434,20,False,1,4
2026-07-30T03:52:54Z,2009J70201C4,70201,C4,0,05211,05210,2026-07-30T06:17:00,15410,05211,E,43.58464,-5.772605,20,False,1,1
2026-07-30T03:52:54Z,2009J70755C6,70755,C6,0,05509,05513,2026-07-30T06:21:00,05513,05509,E,43.3823,-5.7026434,20,False,1,4
2026-07-30T03:52:54Z,2009J22000C1,22000,C1,0,15211,15218,2026-07-30T05:57:00,15122,15211,E,43.36655,-5.854991,20,False,2,2
2026-07-30T03:52:54Z,2009J70752C6,70752,C6,0,05513,05509,2026-07-30T06:15:00,15211,05513,E,43.388065,-5.664932,20,False,3,2
2026-07-30T03:52:54Z,2009J22002C1,22002,C1,0,15211,15218,2026-07-30T06:17:00,15122,15211,E,43.36655,-5.854991,20,False,2,2
2026-07-30T03:52:54Z,2009J22004C1,22004,C1,0,15410,15401,2026-07-30T06:14:00,15118,15410,E,43.537712,-5.676047,20,False,2,2
2026-07-30T03:52:54Z,2009J22200C2,22200,C2,0,15209,15208,2026-07-30T05:56:00,16011,15211,A,43.306328,-5.855887,20,False,2,2
2026-07-30T03:52:54Z,2009J22101C1,22101,C1,0,15410,15410,2026-07-30T05:53:00,15410,15218,A,43.537712,-5.676047,20,False,1,1
2026-07-30T03:52:54Z,2009J22202C2,22202,C2,0,15211,15218,2026-07-30T06:23:00,16011,15211,E,43.366478,-5.855087,20,False,2,2
2026-07-30T03:52:54Z,2009J22103C1,22103,C1,1,15212,15300,2026-07-30T05:56:00,15410,15218,16.0,43.410156,-5.808799,20,False,1,3
2026-07-30T03:52:54Z,2009J22303C3,22303,C3,0,15218,15211,2026-07-30T05:55:00,16405,15218,E,43.3588,-5.8573804,20,False,1,1
2026-07-30T03:52:54Z,2009J80851C6,80851,C6,11,05509,05511,2026-07-30T05:58:00,05534,05509,E,43.3823,-5.7026434,20,False,1,1
2026-07-30T03:52:54Z,4109J84901C2,84901,C2,0,61200,06002,2026-07-30T06:35:00,06006,61200,E,37.97462,-1.1315287,41,False,1,2
2026-07-30T03:52:54Z,4109J84900C2,84900,C2,0,06006,06005,2026-07-30T06:14:00,61200,06006,E,37.672035,-1.6961039,41,False,1,1
2026-07-30T03:52:54Z,4109J24701C1,24701,C1,0,62109,62104,2026-07-30T06:06:00,61200,60911,E,38.329018,-0.5086223,41,False,1,1
2026-07-30T03:52:54Z,1009J76685C5,76685,C5,1,35012,35002,2026-07-30T06:06:00,37001,35012,E,40.25559,-3.8284667,10,False,2,1
2026-07-30T03:52:54Z,1009J20215C4a,20215,C4a,0,37012,37011,2026-07-30T06:21:00,19003,37012,E,40.24143,-3.769159,10,False,1,1
2026-07-30T03:52:54Z,1009J20413C4b,20413,C4b,0,37012,37011,2026-07-30T06:05:00,17005,37012,E,40.24143,-3.769159,10,True,2,1
2026-07-30T03:52:54Z,1009J21512C2,21512,C2,0,17000,18002,2026-07-30T06:14:00,70200,17000,E,40.47097,-3.68245,10,False,9,2
2026-07-30T03:52:54Z,1009J21200C10,21200,C10,0,17000,18002,2026-07-30T06:06:00,10200,17000,E,40.470848,-3.682503,10,False,8,4
2026-07-30T03:52:54Z,1009J21001C8a,21001,C8a,0,17000,97201,2026-07-30T06:03:00,10203,17000,E,40.47113,-3.6828332,10,False,11,1
2026-07-30T03:52:54Z,1009J35973C2,35973,C2,10,70101,98003,2026-07-30T06:05:00,17000,70103,5.0,40.43862,-3.546434,10,False,3,1
2026-07-30T03:52:54Z,1009J21000C8a,21000,C8a,2,10202,10201,2026-07-30T05:55:00,70200,10203,A,40.61781,-4.031033,10,False,2,2
2026-07-30T03:52:54Z,1009J76368C5,76368,C5,0,35607,35606,2026-07-30T06:23:00,35609,35607,E,40.330883,-3.8823783,10,False,2,1
2026-07-30T03:52:54Z,1009J21804C7,21804,C7,0,10000,10001,2026-07-30T06:13:00,70103,10000,E,40.42163,-3.7193205,10,True,2,2
2026-07-30T03:52:54Z,1009J21605C2,21605,C2,0,70200,70105,2026-07-30T06:03:00,12006,70200,E,40.644257,-3.1823237,10,False,1,1
2026-07-30T03:52:54Z,1009J76203C5,76203,C5,0,35702,18003,2026-07-30T05:55:00,18003,37001,E,40.3791,-3.6987777,10,False,2,1
2026-07-30T03:52:54Z,1009J76204C5,76204,C5,0,18003,35702,2026-07-30T06:05:00,37001,18003,E,40.39592,-3.6779969,10,False,2,2
2026-07-30T03:52:54Z,1009J21802C7,21802,C7,-2,17000,18002,2026-07-30T06:22:00,70103,17000,E,40.47113,-3.6828332,10,False,8,2
2026-07-30T03:52:54Z,1009J76689C5,76689,C5,0,35012,35002,2026-07-30T06:25:00,37001,35012,E,40.25559,-3.8284667,10,False,1,1
2026-07-30T03:52:54Z,1009J21603C2,21603,C2,1,70111,70112,2026-07-30T05:56:00,12006,70200,E,40.480347,-3.39294,10,False,1,1
2026-07-30T03:52:54Z,1009J76205C5,76205,C5,0,37001,35704,2026-07-30T06:22:00,18003,37001,E,40.34132,-3.7123663,10,False,4,1
2026-07-30T03:52:54Z,1009J19805C1,19805,C1,0,98305,98304,2026-07-30T06:14:00,17000,98305,E,40.4924,-3.593483,10,False,2,1
2026-07-30T03:52:54Z,1009J76360C5,76360,C5,0,35604,35603,2026-07-30T05:54:00,35609,35607,E,40.356674,-3.8156087,10,False,1,1
2026-07-30T03:52:54Z,1009J19800C1,19800,C1,3,17000,98003,2026-07-30T05:57:00,98305,17000,S,40.472935,-3.6817799,10,False,9,2
2026-07-30T03:52:54Z,1009J19803C1,19803,C1,6,98305,98304,2026-07-30T06:05:00,17000,98305,E,40.4924,-3.593483,10,False,2,1
2026-07-30T03:52:54Z,1009J21800C7,21800,C7,3,17000,18002,2026-07-30T05:56:00,70103,17000,16.0,40.46681,-3.6831422,10,False,10,2
2026-07-30T03:52:54Z,1009J76361C5,76361,C5,0,35609,35608,2026-07-30T06:20:00,35607,35609,E,40.405067,-3.7026901,10,False,2,2
2026-07-30T03:52:54Z,1009J19802C1,19802,C1,0,17000,98003,2026-07-30T06:24:00,98305,17000,E,40.47102,-3.6825693,10,False,12,2
2026-07-30T03:52:54Z,1009J76680C5,76680,C5,0,37001,35009,2026-07-30T06:16:00,35012,37001,E,40.34132,-3.7123663,10,False,6,2
2026-07-30T03:52:54Z,1009J21601C2,21601,C2,1,70003,70002,2026-07-30T05:54:00,12006,70200,E,40.37616,-3.6561291,10,True,1,1
2026-07-30T03:52:54Z,1009J76362C5,76362,C5,0,35606,35610,2026-07-30T05:56:00,35609,35607,A,40.34195,-3.8423326,10,False,1,1
2026-07-30T03:52:54Z,1009J76681C5,76681,C5,1,35001,35009,2026-07-30T05:55:00,37001,35012,A,40.34086,-3.7482634,10,False,1,1
2026-07-30T03:52:54Z,1009J35975C2,35975,C2,0,70200,70105,2026-07-30T06:11:00,17000,70200,E,40.644257,-3.1823237,10,True,1,1
2026-07-30T03:52:54Z,1009J76364C5,76364,C5,0,35607,35606,2026-07-30T06:03:00,35609,35607,E,40.330883,-3.8823783,10,False,2,1
2026-07-30T03:52:54Z,1009J76683C5,76683,C5,2,35012,35002,2026-07-30T05:57:00,37001,35012,E,40.25559,-3.8284667,10,False,1,1
2026-07-30T03:52:54Z,1009J20005C3,20005,C3,5,60105,60104,2026-07-30T05:57:00,17000,60200,13.0,40.166645,-3.6147342,10,False,1,1
2026-07-30T03:52:54Z,1009J76366C5,76366,C5,0,35607,35606,2026-07-30T06:13:00,35609,35607,E,40.330883,-3.8823783,10,False,2,1
2026-07-30T03:52:54Z,1009J21303C10,21303,C10,5,18003,18000,2026-07-30T05:58:00,17000,10000,S,40.3967,-3.6772034,10,True,1,1
2026-07-30T03:52:54Z,1009J20004C3,20004,C3,15,18101,18000,2026-07-30T05:58:00,60200,17000,S,40.417023,-3.7031636,10,True,2,7
2026-07-30T03:52:54Z,1009J21501C2,21501,C2,7,70112,70102,2026-07-30T05:55:00,10203,70200,22.0,40.461437,-3.44971,10,True,1,1
2026-07-30T03:52:54Z,1009J21104C10,21104,C10,8,10200,10104,2026-07-30T06:22:00,17000,10200,E,40.62599,-4.0081153,10,False,3,2
2026-07-30T03:52:54Z,1009J20202C4,20202,C4,13,37002,37011,2026-07-30T05:56:00,37012,18000,S,40.309868,-3.733689,10,True,2,2
2026-07-30T03:52:54Z,1009J20411C4b,20411,C4b,2,37011,37002,2026-07-30T05:55:00,17005,37012,22.0,40.293167,-3.7368052,10,True,1,1
2026-07-30T03:52:54Z,1009J20003C3,20003,C3,3,60107,60100,2026-07-30T05:56:00,17000,60200,S,40.40654,-3.6895106,10,False,1,4
2026-07-30T03:52:54Z,1009J20409C4b,20409,C4b,0,18000,18101,2026-07-30T05:59:00,17005,18000,E,40.40654,-3.6895106,10,True,5,1
2026-07-30T03:52:54Z,1009J20408C4b,20408,C4b,0,17005,17004,2026-07-30T06:24:00,37012,17005,E,40.644844,-3.7762609,10,True,3,3
2026-07-30T03:52:54Z,1009J20209C4a,20209,C4a,4,60100,18000,2026-07-30T06:04:00,19003,37012,A,40.40654,-3.6895106,10,True,2,6
2026-07-30T03:52:54Z,1009J21500C2,21500,C2,21,70108,70101,2026-07-30T05:56:00,70200,17000,16.0,40.428032,-3.5582678,10,False,2,2
2026-07-30T03:52:54Z,1009J20406C4b,20406,C4b,0,17005,17004,2026-07-30T06:11:00,37012,17005,E,40.644844,-3.7762609,10,True,3,3
2026-07-30T03:52:54Z,1009J20208C4,20208,C4,1,18002,18101,2026-07-30T05:57:00,37012,17000,A,40.417023,-3.7031636,10,True,8,2
2026-07-30T03:52:54Z,1009J20009C3,20009,C3,0,60200,60105,2026-07-30T06:15:00,17000,60200,E,40.035027,-3.6189713,10,True,1,1
2026-07-30T03:52:54Z,1009J20207C4a,20207,C4a,7,18000,18101,2026-07-30T05:54:00,19003,18000,E,40.40654,-3.6895106,10,True,6,1
2026-07-30T03:52:54Z,1009J20405C4b,20405,C4b,27,18000,18101,2026-07-30T05:54:00,17005,18000,E,40.40654,-3.6895106,10,True,5,1
2026-07-30T03:52:54Z,1009J20008C3,20008,C3,0,17000,18002,2026-07-30T06:16:00,60200,17000,E,40.471382,-3.6834786,10,True,2,8
2026-07-30T03:52:54Z,1009J20206C4,20206,C4,0,37001,37010,2026-07-30T06:08:00,37012,37001,E,40.34132,-3.7123663,10,False,2,2
2026-07-30T03:52:54Z,1009J20212C4a,20212,C4a,2,17009,17001,2026-07-30T05:58:00,37012,19003,11.0,40.5389,-3.6984155,10,True,2,2
2026-07-30T03:52:54Z,1009J20211C4a,20211,C4a,0,37002,37010,2026-07-30T06:02:00,19003,37002,E,40.309868,-3.733689,10,True,1,1
2026-07-30T03:52:54Z,1009J20601C8b,20601,C8b,0,17000,97201,2026-07-30T06:17:00,12006,17000,E,40.47113,-3.6828332,10,True,11,1
2026-07-30T03:52:54Z,1009J20210C4,20210,C4,0,37001,37010,2026-07-30T06:22:00,37012,37001,E,40.34132,-3.7123663,10,True,2,2
2026-07-30T03:52:54Z,1009J20011C3,20011,C3,0,60200,60105,2026-07-30T06:30:00,17000,60200,E,40.035027,-3.6189713,10,True,1,1
2026-07-30T03:52:54Z,1009J21100C10,21100,C10,2,10005,10007,2026-07-30T05:56:00,17000,10200,E,40.474438,-3.846226,10,False,1,1
2026-07-30T03:52:54Z,1009J21508C2,21508,C2,13,17000,18002,2026-07-30T06:13:00,70200,17000,E,40.47097,-3.68245,10,False,6,2
2026-07-30T03:52:54Z,1009J21506C2,21506,C2,0,18000,70002,2026-07-30T05:58:00,70200,17000,A,40.381775,-3.6681283,10,False,3,2
2026-07-30T03:52:54Z,1009J20218C4a,20218,C4a,0,19003,19002,2026-07-30T06:20:00,37012,19003,E,40.546417,-3.6351175,10,True,2,2
2026-07-30T03:52:54Z,1009J21505C2,21505,C2,2,70200,70105,2026-07-30T06:22:00,17000,70200,E,40.644257,-3.1823237,10,False,6,1
2026-07-30T03:52:54Z,1009J21703C2,21703,C2,0,18002,17000,2026-07-30T05:59:00,10203,70103,A,40.47097,-3.68245,10,False,1,10
2026-07-30T03:52:54Z,1009J20415C4b,20415,C4b,0,37012,37011,2026-07-30T06:15:00,17005,37012,E,40.24143,-3.769159,10,False,2,1
2026-07-30T03:52:54Z,1009J21504C2,21504,C2,20,18002,18001,2026-07-30T05:56:00,70200,18002,E,40.44655,-3.691473,10,False,2,2
2026-07-30T03:52:54Z,1009J20007C3,20007,C3,2,60200,60105,2026-07-30T06:01:00,17000,60200,7.0,40.044132,-3.6214645,10,True,3,1
2026-07-30T03:52:54Z,1009J21305C10,21305,C10,0,10100,10005,2026-07-30T06:12:00,17000,10100,E,40.52248,-3.8818293,10,False,5,1
2026-07-30T03:52:54Z,1009J20216C4a,20216,C4a,5,19003,19002,2026-07-30T06:12:00,37012,19003,E,40.546417,-3.6351175,10,True,2,2
2026-07-30T03:52:54Z,1009J21503C2,21503,C2,1,70107,70103,2026-07-30T05:59:00,17000,70200,E,40.50538,-3.3352833,10,False,1,5
2026-07-30T03:52:54Z,1009J21701C2,21701,C2,9,17000,17000,2026-07-30T05:52:00,17000,18000,A,40.47097,-3.68245,10,False,10,10
2026-07-30T03:52:54Z,1009J21304C10,21304,C10,0,17000,18002,2026-07-30T06:21:00,10100,17000,E,40.470848,-3.682503,10,True,8,4
2026-07-30T03:52:54Z,1009J20205C4a,20205,C4a,20,18101,18002,2026-07-30T05:57:00,19003,37012,13.0,40.420586,-3.7008312,10,True,1,6
2026-07-30T03:52:54Z,1009J20600C8b,20600,C8b,0,12006,12005,2026-07-30T06:03:00,70200,12006,E,40.737614,-4.0662985,10,False,2,1
2026-07-30T03:52:54Z,1009J20006C3,20006,C3,0,17000,18002,2026-07-30T06:01:00,60200,17000,E,40.471382,-3.6834786,10,True,2,8
2026-07-30T03:52:54Z,1009J20402C4b,20402,C4b,4,17004,17003,2026-07-30T05:56:00,37012,17005,A,40.558834,-3.7141593,10,False,3,2
2026-07-30T03:52:54Z,1009J20204C4,20204,C4,5,60100,37001,2026-07-30T05:56:00,37012,17000,A,40.34132,-3.7123663,10,True,1,2
2026-07-30T03:52:54Z,1009J76353C5,76353,C5,0,35610,35606,2026-07-30T05:58:00,35607,35609,A,40.32875,-3.8636916,10,False,2,2
2026-07-30T03:52:54Z,1009J76674C5,76674,C5,0,35001,35011,2026-07-30T05:51:00,35012,37001,E,40.328766,-3.7714624,10,False,2,2
2026-07-30T03:52:54Z,1009J76355C5,76355,C5,0,35600,35601,2026-07-30T05:55:00,35607,35609,E,40.386257,-3.7610443,10,False,2,2
2026-07-30T03:52:54Z,1009J21809C7,21809,C7,0,70103,70111,2026-07-30T06:04:00,10000,70103,E,40.4889,-3.3666708,10,False,5,1
2026-07-30T03:52:54Z,1009J76676C5,76676,C5,2,37001,35009,2026-07-30T05:58:00,35012,37001,E,40.34132,-3.7123663,10,False,4,2
2026-07-30T03:52:54Z,1009J76357C5,76357,C5,4,35609,35608,2026-07-30T06:04:00,35607,35609,E,40.405067,-3.7026901,10,False,2,2
2026-07-30T03:52:54Z,1009J21807C7,21807,C7,0,18000,18001,2026-07-30T06:10:00,10000,18000,E,40.40667,-3.6893938,10,False,2,1
2026-07-30T03:52:54Z,1009J76358C5,76358,C5,0,35608,35609,2026-07-30T05:58:00,35609,35607,A,40.405067,-3.7026901,10,False,1,1
2026-07-30T03:52:54Z,1009J76359C5,76359,C5,0,35609,35608,2026-07-30T06:10:00,35607,35609,E,40.405067,-3.7026901,10,False,2,2
2026-07-30T03:52:54Z,1009J76678C5,76678,C5,0,37001,35009,2026-07-30T06:06:00,35012,37001,E,40.34132,-3.7123663,10,False,6,2
