timestamp_utc,tripId,codTren,codLinea,retrasoMin,codEstAct,codEstSig,horaLlegadaSigEst,codEstDest,codEstOrig,porAvanc,latitud,longitud,nucleo,accesible,via,nextVia
2026-07-26T00:03:15Z,3004S23743C5,23743,C5,13,43004,43003,2026-07-26T00:04:16,51003,43005,E,37.381527,-6.193782,30,False,1,3
2026-07-26T00:03:15Z,3004S23578C1,23578,C1,17,50602,50700,2026-07-26T00:03:13,51003,50600,E,37.58157,-5.6699624,30,False,2,2
2026-07-26T00:03:15Z,3104S23245C1,23245,C1,57,51300,51300,2026-07-25T23:59:00,51300,51405,E,36.680237,-6.12622,31,False,2,2
2026-07-26T00:03:15Z,3204S23405C1,23405,C1,-1440,54516,54516,2026-07-26T00:16:21,54516,54517,A,36.541843,-4.6237864,32,False,1,1
2026-07-26T00:03:15Z,3204S23400C1,23400,C1,4,54503,54501,2026-07-26T00:02:40,54517,54516,E,36.69222,-4.48376,32,False,2,2
2026-07-26T00:03:15Z,3204S23402C1,23402,C1,1,54512,54511,2026-07-26T00:03:25,54517,54516,E,36.582317,-4.5670233,32,False,2,1
2026-07-26T00:03:15Z,5104S77566R4,77566,R4,71,72206,72205,2026-07-26T00:04:44,71600,78700,E,41.370678,1.7253983,50,False,1,1
2026-07-26T00:03:15Z,5104S28393R2S,28393,R2S,-2,71802,71801,2026-07-26T00:01:45,71700,79400,A,41.379513,2.1412146,50,False,,
2026-07-26T00:03:15Z,5104S77464R4,77464,R4,92,71801,78805,2026-07-26T00:04:02,78600,71600,E,41.379536,2.1411612,50,False,9,1
2026-07-26T00:03:15Z,5104S25795R1,25795,R1,-1,79403,79404,2026-07-26T00:02:46,79500,72305,E,41.42436,2.2305613,50,False,,1
2026-07-26T00:03:15Z,5104S25567R2S,25567,R2S,35,71706,71705,2026-07-26T00:03:01,71600,79400,E,41.30322,2.010665,50,False,1,4
2026-07-26T00:03:15Z,5104S77468R4,77468,R4,37,72305,71801,2026-07-26T00:04:28,78700,71600,24.0,41.366352,2.1114275,50,False,,
2026-07-26T00:03:15Z,5104S35564R4,35564,R4,55,78802,78806,2026-07-26T00:01:30,72209,78600,21.0,41.42859,2.184213,50,False,2,2
2026-07-26T00:03:15Z,6004S35689C3,35689,C3,3,13101,13121,2026-07-25T23:59:56,13200,13100,E,43.04889,-3.0018198,60,False,,1
2026-07-26T00:03:15Z,6004S26577C3,26577,C3,-1440,13200,13200,2026-07-26T00:00:39,13200,13100,A,43.260048,-2.928512,60,False,5,5
2026-07-26T00:03:15Z,6004S26576C3,26576,C3,0,13108,13117,2026-07-26T00:00:20,13100,13200,E,43.16316,-2.9277587,60,False,,2
2026-07-26T00:03:15Z,6004S71553C4,71553,C4,6,05451,05451,2026-07-25T23:59:35,05451,05485,E,43.25962,-2.9268775,60,False,,
2026-07-26T00:03:15Z,6004S29573C2,29573,C2,-1420,13506,13506,2026-07-26T00:00:10,13506,13200,E,43.321514,-3.1123157,60,False,1,1
2026-07-26T00:03:15Z,6004S71550C4,71550,C4,1,05483,05485,2026-07-26T00:01:00,05485,05451,73.0,43.19154,-3.1950915,60,False,,
2026-07-26T00:03:15Z,6104S35654C1,35654,C1,4,11408,11407,2026-07-26T00:06:39,11404,11508,E,43.10187,-2.0972357,61,False,2,2
2026-07-26T00:03:15Z,6204S71185C2,71185,C2,2,05605,05604,2026-07-26T00:02:43,14223,05637,E,43.44074,-3.8995621,62,True,,2
2026-07-26T00:03:15Z,6204S35949C1,26949,C1,3,14216,14220,2026-07-26T00:08:38,14223,14202,E,43.353184,-3.9495938,62,True,1,1
2026-07-26T00:03:15Z,2004S86269C4,86269,C4,8,05211,05210,2026-07-26T00:00:00,15410,05211,E,43.58464,-5.772605,20,False,1,1
2026-07-26T00:03:15Z,2004S22132C1,22132,C1,3,15212,15217,2026-07-26T00:02:00,15218,15410,E,43.404537,-5.81196,20,False,2,2
2026-07-26T00:03:15Z,2004S86265C4,86265,C4,68,05211,05210,2026-07-26T00:00:00,15410,05211,E,43.58464,-5.772605,20,False,1,1
2026-07-26T00:03:15Z,2004S22050C1,22050,C1,89,15410,15401,2026-07-26T00:02:00,15122,15410,E,43.537712,-5.676047,20,False,1,2
2026-07-26T00:03:15Z,2004S22358C3,22358,C3,-1438,15218,15218,2026-07-26T00:02:00,15218,16405,E,43.3588,-5.8573804,20,False,1,1
2026-07-26T00:03:15Z,2004S22139C1,22139,C1,-1436,15211,15211,2026-07-26T00:19:00,15211,15122,E,43.36655,-5.854991,20,False,1,1
2026-07-26T00:03:15Z,2004S22372C3,22372,C3,3,16403,16401,2026-07-26T00:03:00,15211,16403,23.0,43.555103,-5.918247,20,False,1,2
2026-07-26T00:03:15Z,4104S84931C2,84931,C2,87,61200,06002,2026-07-26T00:34:00,06006,61200,E,37.97462,-1.1315287,41,False,1,2
2026-07-26T00:03:15Z,4104S24723C1,24723,C1,-1425,61200,61200,2026-07-26T00:14:00,61200,60911,S,37.974686,-1.131078,41,False,1,1
2026-07-26T00:03:15Z,1004S27313C4,27313,C4,4,18002,17000,2026-07-26T00:06:00,17000,37012,A,40.471325,-3.6833096,10,True,6,3
2026-07-26T00:03:15Z,1004S76567C5,76567,C5,0,35607,35607,2026-07-25T23:53:00,35607,35609,S,40.330883,-3.8823783,10,False,1,1
2026-07-26T00:03:15Z,1004S27512C4b,27512,C4b,0,17005,17004,2026-07-26T00:05:00,18000,17005,15.0,40.64925,-3.760631,10,True,3,3
2026-07-26T00:03:15Z,1004S75530C2,75530,C2,-3,70103,70107,2026-07-27T00:01:00,70200,17000,A,40.50538,-3.3352833,10,False,1,2
2026-07-26T00:03:15Z,1004S75035C8a,75035,C8a,19,10203,10203,2026-07-25T23:59:00,10203,17000,E,40.58532,-4.1321955,10,False,3,3
2026-07-26T00:03:15Z,1004S27317C4,27317,C4,-2,37002,37010,2026-07-27T00:01:00,17000,37012,A,40.323135,-3.7273622,10,True,1,1
2026-07-26T00:03:15Z,1004S27318C4a,27318,C4a,1436,19003,19002,2026-07-28T00:00:00,17000,19003,E,40.546417,-3.6351175,10,False,2,2
2026-07-26T00:03:15Z,1004S76571C5,76571,C5,-1439,35607,35607,2026-07-26T00:13:00,35607,35609,A,40.330883,-3.8823783,10,False,2,2
2026-07-26T00:03:15Z,1004S77100C5,77100,C5,0,37001,35009,2026-07-27T00:06:00,35002,37001,E,40.34132,-3.7123663,10,False,6,2
2026-07-26T00:03:15Z,1004S76569C5,76569,C5,0,35606,35607,2026-07-26T00:03:00,35607,35609,38.0,40.32908,-3.8704834,10,False,2,2
2026-07-26T00:03:15Z,1004S19945C1,19945,C1,0,98305,98304,2026-07-27T00:12:00,18000,98305,E,40.4924,-3.593483,10,False,2,1
2026-07-26T00:03:15Z,1004S75877C7,75877,C7,-1443,10000,10000,2026-07-27T00:09:00,10000,70103,A,40.42163,-3.7193205,10,True,1,1
2026-07-26T00:03:15Z,1004S75875C7,75875,C7,15,10000,10000,2026-07-25T23:59:00,10000,70103,E,40.42163,-3.7193205,10,False,3,3
2026-07-26T00:03:15Z,1004S76792C5,76792,C5,0,37001,35009,2026-07-25T23:58:00,35012,37001,S,40.25559,-3.8284667,10,False,4,2
2026-07-26T00:03:15Z,1004S75172C10,75172,C10,-1440,17000,17000,2026-07-27T00:19:00,17000,10200,E,40.470848,-3.682503,10,False,12,12
2026-07-26T00:03:15Z,1004S27090C3,27090,C3,-1418,60200,60200,2026-07-26T00:00:00,60200,17000,E,40.035027,-3.6189713,10,True,3,3
2026-07-26T00:03:15Z,1004S27094C3,27094,C3,-1432,60200,60200,2026-07-26T00:45:00,60200,17000,E,40.035027,-3.6189713,10,True,3,3
2026-07-26T00:03:15Z,1004S75037C8a,75037,C8a,6,97100,10100,2026-07-26T00:10:00,10203,17000,8.0,40.493187,-3.738863,10,False,1,3
2026-07-26T00:03:15Z,1004S27095C3,27095,C3,4,60104,60103,2026-07-26T00:04:00,17000,60200,18.0,40.20548,-3.671167,10,False,1,1
2026-07-26T00:03:15Z,1004S27093C3,27093,C3,-1435,17000,17000,2026-07-26T00:13:00,17000,60200,E,40.471382,-3.6834786,10,True,5,5
2026-07-26T00:03:15Z,1004S76573C5,76573,C5,-1440,35607,35607,2026-07-26T00:23:00,35607,35609,E,40.330883,-3.8823783,10,False,2,2
2026-07-26T00:03:15Z,1004S76794C5,76794,C5,0,37001,35009,2026-07-27T00:16:00,35012,37001,E,40.34132,-3.7123663,10,False,6,2
2026-07-26T00:03:15Z,1004S76575C5,76575,C5,1,35609,35608,2026-07-27T00:11:00,35607,35609,E,40.405067,-3.7026901,10,False,2,2
2026-07-26T00:03:15Z,1004S27316C4a,27316,C4a,3,18002,18101,2026-07-26T00:03:00,18000,19003,23.0,40.439056,-3.6927862,10,True,8,2
2026-07-26T00:03:15Z,1004S19940C1,19940,C1,-1440,98305,98305,2026-07-27T00:05:00,98305,17000,A,40.4924,-3.593483,10,False,1,1
2026-07-26T00:03:15Z,1004S76576C5,76576,C5,0,35601,35600,2026-07-25T23:59:00,35609,35607,S,40.38357,-3.7686734,10,False,1,1
2026-07-26T00:03:15Z,1004S75529C2,75529,C2,-1439,17000,17000,2026-07-27T00:13:00,17000,70200,S,40.47097,-3.68245,10,False,10,10
2026-07-26T00:03:15Z,1004S27510C4b,27510,C4b,-1436,18000,18000,2026-07-26T00:20:00,18000,17005,S,40.40654,-3.6895106,10,True,6,6
2026-07-26T00:03:15Z,1004S76578C5,76578,C5,1,35606,35610,2026-07-26T00:01:00,35609,35607,A,40.34195,-3.8423326,10,False,1,1
2026-07-26T00:03:15Z,1004S27508C4b,27508,C4b,-1430,37012,37012,2026-07-26T00:33:00,37012,17005,S,40.24143,-3.769159,10,True,2,2
2026-07-26T00:03:15Z,1004S75268C10,75268,C10,-1431,10200,10200,2026-07-26T00:18:00,10200,17000,S,40.62599,-4.0081153,10,False,4,4
2026-07-26T00:03:15Z,1004S27643C8b,27643,C8b,-5,12002,12004,2026-07-27T00:06:00,12006,17000,A,40.69257,-4.035974,10,True,1,1
2026-07-26T00:03:15Z,1004S27506C4b,27506,C4b,3,37011,37012,2026-07-26T00:06:00,37012,17005,13.0,40.27857,-3.7384615,10,True,2,2
2026-07-26T00:03:15Z,1004S77098C5,77098,C5,2,35010,35002,2026-07-25T23:59:00,35002,37001,S,40.29673,-3.7924793,10,False,2,2
2026-07-26T00:03:15Z,1004S77099C5,77099,C5,0,35010,35011,2026-07-25T23:59:00,37001,35012,S,40.29673,-3.7924793,10,False,1,1
2026-07-26T00:03:15Z,1004S76265C5,76265,C5,-1440,18003,18003,2026-07-26T00:00:00,18003,37001,A,40.39592,-3.6779969,10,False,1,1
2026-07-26T00:07:38Z,3004S23743C5,23743,C5,13,43004,43003,2026-07-26T00:04:16,51003,43005,E,37.381527,-6.193782,30,False,1,3
2026-07-26T00:07:38Z,3004S23578C1,23578,C1,17,50602,50700,2026-07-26T00:03:13,51003,50600,E,37.58157,-5.6699624,30,False,2,2
2026-07-26T00:07:38Z,3104S23245C1,23245,C1,57,51300,51300,2026-07-25T23:59:00,51300,51405,E,36.680237,-6.12622,31,False,2,2
2026-07-26T00:07:38Z,3204S23405C1,23405,C1,-1440,54516,54516,2026-07-26T00:16:21,54516,54517,A,36.541843,-4.6237864,32,False,1,1
2026-07-26T00:07:38Z,3204S23400C1,23400,C1,4,54503,54501,2026-07-26T00:02:40,54517,54516,E,36.69222,-4.48376,32,False,2,2
2026-07-26T00:07:38Z,3204S23402C1,23402,C1,1,54512,54511,2026-07-26T00:03:25,54517,54516,E,36.582317,-4.5670233,32,False,2,1
2026-07-26T00:07:38Z,5104S77566R4,77566,R4,71,72206,72205,2026-07-26T00:04:44,71600,78700,E,41.370678,1.7253983,50,False,1,1
2026-07-26T00:07:38Z,5104S28393R2S,28393,R2S,-2,71802,71801,2026-07-26T00:01:45,71700,79400,A,41.379513,2.1412146,50,False,,
2026-07-26T00:07:38Z,5104S77464R4,77464,R4,92,71801,78805,2026-07-26T00:04:02,78600,71600,E,41.379536,2.1411612,50,False,9,1
2026-07-26T00:07:38Z,5104S25795R1,25795,R1,-1,79403,79404,2026-07-26T00:02:46,79500,72305,E,41.42436,2.2305613,50,False,,1
2026-07-26T00:07:38Z,5104S25567R2S,25567,R2S,35,71706,71705,2026-07-26T00:03:01,71600,79400,E,41.30322,2.010665,50,False,1,4
2026-07-26T00:07:38Z,5104S77468R4,77468,R4,37,72305,71801,2026-07-26T00:04:28,78700,71600,24.0,41.366352,2.1114275,50,False,,
2026-07-26T00:07:38Z,5104S35564R4,35564,R4,55,78802,78806,2026-07-26T00:01:30,72209,78600,21.0,41.42859,2.184213,50,False,2,2
2026-07-26T00:07:38Z,6004S35689C3,35689,C3,3,13101,13121,2026-07-25T23:59:56,13200,13100,E,43.04889,-3.0018198,60,False,,1
2026-07-26T00:07:38Z,6004S26577C3,26577,C3,-1440,13200,13200,2026-07-26T00:00:39,13200,13100,A,43.260048,-2.928512,60,False,5,5
2026-07-26T00:07:38Z,6004S26576C3,26576,C3,0,13108,13117,2026-07-26T00:00:20,13100,13200,E,43.16316,-2.9277587,60,False,,2
2026-07-26T00:07:38Z,6004S71553C4,71553,C4,6,05451,05451,2026-07-25T23:59:35,05451,05485,E,43.25962,-2.9268775,60,False,,
2026-07-26T00:07:38Z,6004S29573C2,29573,C2,-1420,13506,13506,2026-07-26T00:00:10,13506,13200,E,43.321514,-3.1123157,60,False,1,1
2026-07-26T00:07:38Z,6004S71550C4,71550,C4,1,05483,05485,2026-07-26T00:01:00,05485,05451,73.0,43.19154,-3.1950915,60,False,,
2026-07-26T00:07:38Z,6104S35654C1,35654,C1,4,11408,11407,2026-07-26T00:06:39,11404,11508,E,43.10187,-2.0972357,61,False,2,2
2026-07-26T00:07:38Z,6204S71185C2,71185,C2,2,05605,05604,2026-07-26T00:02:43,14223,05637,E,43.44074,-3.8995621,62,True,,2
2026-07-26T00:07:38Z,6204S35949C1,26949,C1,3,14216,14220,2026-07-26T00:08:38,14223,14202,E,43.353184,-3.9495938,62,True,1,1
2026-07-26T00:07:38Z,2004S86269C4,86269,C4,8,05211,05210,2026-07-26T00:00:00,15410,05211,E,43.58464,-5.772605,20,False,1,1
2026-07-26T00:07:38Z,2004S22132C1,22132,C1,3,15212,15217,2026-07-26T00:02:00,15218,15410,E,43.404537,-5.81196,20,False,2,2
2026-07-26T00:07:38Z,2004S86265C4,86265,C4,68,05211,05210,2026-07-26T00:00:00,15410,05211,E,43.58464,-5.772605,20,False,1,1
2026-07-26T00:07:38Z,2004S22050C1,22050,C1,89,15410,15401,2026-07-26T00:02:00,15122,15410,E,43.537712,-5.676047,20,False,1,2
2026-07-26T00:07:38Z,2004S22358C3,22358,C3,-1438,15218,15218,2026-07-26T00:02:00,15218,16405,E,43.3588,-5.8573804,20,False,1,1
2026-07-26T00:07:38Z,2004S22139C1,22139,C1,-1436,15211,15211,2026-07-26T00:19:00,15211,15122,E,43.36655,-5.854991,20,False,1,1
2026-07-26T00:07:38Z,2004S22372C3,22372,C3,3,16403,16401,2026-07-26T00:03:00,15211,16403,23.0,43.555103,-5.918247,20,False,1,2
2026-07-26T00:07:38Z,4104S84931C2,84931,C2,87,61200,06002,2026-07-26T00:34:00,06006,61200,E,37.97462,-1.1315287,41,False,1,2
2026-07-26T00:07:38Z,4104S24723C1,24723,C1,-1425,61200,61200,2026-07-26T00:14:00,61200,60911,S,37.974686,-1.131078,41,False,1,1
2026-07-26T00:07:38Z,1004S27313C4,27313,C4,4,18002,17000,2026-07-26T00:06:00,17000,37012,A,40.471325,-3.6833096,10,True,6,3
2026-07-26T00:07:38Z,1004S76567C5,76567,C5,0,35607,35607,2026-07-25T23:53:00,35607,35609,S,40.330883,-3.8823783,10,False,1,1
2026-07-26T00:07:38Z,1004S27512C4b,27512,C4b,0,17005,17004,2026-07-26T00:05:00,18000,17005,15.0,40.64925,-3.760631,10,True,3,3
2026-07-26T00:07:38Z,1004S75530C2,75530,C2,-3,70103,70107,2026-07-27T00:01:00,70200,17000,A,40.50538,-3.3352833,10,False,1,2
2026-07-26T00:07:38Z,1004S75035C8a,75035,C8a,19,10203,10203,2026-07-25T23:59:00,10203,17000,E,40.58532,-4.1321955,10,False,3,3
2026-07-26T00:07:38Z,1004S27317C4,27317,C4,-2,37002,37010,2026-07-27T00:01:00,17000,37012,A,40.323135,-3.7273622,10,True,1,1
2026-07-26T00:07:38Z,1004S27318C4a,27318,C4a,1436,19003,19002,2026-07-28T00:00:00,17000,19003,E,40.546417,-3.6351175,10,False,2,2
2026-07-26T00:07:38Z,1004S76571C5,76571,C5,-1439,35607,35607,2026-07-26T00:13:00,35607,35609,A,40.330883,-3.8823783,10,False,2,2
2026-07-26T00:07:38Z,1004S77100C5,77100,C5,0,37001,35009,2026-07-27T00:06:00,35002,37001,E,40.34132,-3.7123663,10,False,6,2
2026-07-26T00:07:38Z,1004S76569C5,76569,C5,0,35606,35607,2026-07-26T00:03:00,35607,35609,38.0,40.32908,-3.8704834,10,False,2,2
2026-07-26T00:07:38Z,1004S19945C1,19945,C1,0,98305,98304,2026-07-27T00:12:00,18000,98305,E,40.4924,-3.593483,10,False,2,1
2026-07-26T00:07:38Z,1004S75877C7,75877,C7,-1443,10000,10000,2026-07-27T00:09:00,10000,70103,A,40.42163,-3.7193205,10,True,1,1
2026-07-26T00:07:38Z,1004S75875C7,75875,C7,15,10000,10000,2026-07-25T23:59:00,10000,70103,E,40.42163,-3.7193205,10,False,3,3
2026-07-26T00:07:38Z,1004S76792C5,76792,C5,0,37001,35009,2026-07-25T23:58:00,35012,37001,S,40.25559,-3.8284667,10,False,4,2
2026-07-26T00:07:38Z,1004S75172C10,75172,C10,-1440,17000,17000,2026-07-27T00:19:00,17000,10200,E,40.470848,-3.682503,10,False,12,12
2026-07-26T00:07:38Z,1004S27090C3,27090,C3,-1418,60200,60200,2026-07-26T00:00:00,60200,17000,E,40.035027,-3.6189713,10,True,3,3
2026-07-26T00:07:38Z,1004S27094C3,27094,C3,-1432,60200,60200,2026-07-26T00:45:00,60200,17000,E,40.035027,-3.6189713,10,True,3,3
2026-07-26T00:07:38Z,1004S75037C8a,75037,C8a,6,97100,10100,2026-07-26T00:10:00,10203,17000,8.0,40.493187,-3.738863,10,False,1,3
2026-07-26T00:07:38Z,1004S27095C3,27095,C3,4,60104,60103,2026-07-26T00:04:00,17000,60200,18.0,40.20548,-3.671167,10,False,1,1
2026-07-26T00:07:38Z,1004S27093C3,27093,C3,-1435,17000,17000,2026-07-26T00:13:00,17000,60200,E,40.471382,-3.6834786,10,True,5,5
2026-07-26T00:07:38Z,1004S76573C5,76573,C5,-1440,35607,35607,2026-07-26T00:23:00,35607,35609,E,40.330883,-3.8823783,10,False,2,2
2026-07-26T00:07:38Z,1004S76794C5,76794,C5,0,37001,35009,2026-07-27T00:16:00,35012,37001,E,40.34132,-3.7123663,10,False,6,2
2026-07-26T00:07:38Z,1004S76575C5,76575,C5,1,35609,35608,2026-07-27T00:11:00,35607,35609,E,40.405067,-3.7026901,10,False,2,2
2026-07-26T00:07:38Z,1004S27316C4a,27316,C4a,3,18002,18101,2026-07-26T00:03:00,18000,19003,23.0,40.439056,-3.6927862,10,True,8,2
2026-07-26T00:07:38Z,1004S19940C1,19940,C1,-1440,98305,98305,2026-07-27T00:05:00,98305,17000,A,40.4924,-3.593483,10,False,1,1
2026-07-26T00:07:38Z,1004S76576C5,76576,C5,0,35601,35600,2026-07-25T23:59:00,35609,35607,S,40.38357,-3.7686734,10,False,1,1
2026-07-26T00:07:38Z,1004S75529C2,75529,C2,-1439,17000,17000,2026-07-27T00:13:00,17000,70200,S,40.47097,-3.68245,10,False,10,10
2026-07-26T00:07:38Z,1004S27510C4b,27510,C4b,-1436,18000,18000,2026-07-26T00:20:00,18000,17005,S,40.40654,-3.6895106,10,True,6,6
2026-07-26T00:07:38Z,1004S76578C5,76578,C5,1,35606,35610,2026-07-26T00:01:00,35609,35607,A,40.34195,-3.8423326,10,False,1,1
2026-07-26T00:07:38Z,1004S27508C4b,27508,C4b,-1430,37012,37012,2026-07-26T00:33:00,37012,17005,S,40.24143,-3.769159,10,True,2,2
2026-07-26T00:07:38Z,1004S75268C10,75268,C10,-1431,10200,10200,2026-07-26T00:18:00,10200,17000,S,40.62599,-4.0081153,10,False,4,4
2026-07-26T00:07:38Z,1004S27643C8b,27643,C8b,-5,12002,12004,2026-07-27T00:06:00,12006,17000,A,40.69257,-4.035974,10,True,1,1
2026-07-26T00:07:38Z,1004S27506C4b,27506,C4b,3,37011,37012,2026-07-26T00:06:00,37012,17005,13.0,40.27857,-3.7384615,10,True,2,2
2026-07-26T00:07:38Z,1004S77098C5,77098,C5,2,35010,35002,2026-07-25T23:59:00,35002,37001,S,40.29673,-3.7924793,10,False,2,2
2026-07-26T00:07:38Z,1004S77099C5,77099,C5,0,35010,35011,2026-07-25T23:59:00,37001,35012,S,40.29673,-3.7924793,10,False,1,1
2026-07-26T00:07:38Z,1004S76265C5,76265,C5,-1440,18003,18003,2026-07-26T00:00:00,18003,37001,A,40.39592,-3.6779969,10,False,1,1
2026-07-26T00:12:43Z,3004S23743C5,23743,C5,13,43004,43003,2026-07-26T00:04:16,51003,43005,E,37.381527,-6.193782,30,False,1,3
2026-07-26T00:12:43Z,3004S23578C1,23578,C1,17,50602,50700,2026-07-26T00:03:13,51003,50600,E,37.58157,-5.6699624,30,False,2,2
2026-07-26T00:12:43Z,3104S23245C1,23245,C1,57,51300,51300,2026-07-25T23:59:00,51300,51405,E,36.680237,-6.12622,31,False,2,2
2026-07-26T00:12:43Z,3204S23405C1,23405,C1,-1440,54516,54516,2026-07-26T00:16:21,54516,54517,A,36.541843,-4.6237864,32,False,1,1
2026-07-26T00:12:43Z,3204S23400C1,23400,C1,4,54503,54501,2026-07-26T00:02:40,54517,54516,E,36.69222,-4.48376,32,False,2,2
2026-07-26T00:12:43Z,3204S23402C1,23402,C1,1,54512,54511,2026-07-26T00:03:25,54517,54516,E,36.582317,-4.5670233,32,False,2,1
2026-07-26T00:12:43Z,5104S77566R4,77566,R4,71,72206,72205,2026-07-26T00:04:44,71600,78700,E,41.370678,1.7253983,50,False,1,1
2026-07-26T00:12:43Z,5104S28393R2S,28393,R2S,-2,71802,71801,2026-07-26T00:01:45,71700,79400,A,41.379513,2.1412146,50,False,,
2026-07-26T00:12:43Z,5104S77464R4,77464,R4,92,71801,78805,2026-07-26T00:04:02,78600,71600,E,41.379536,2.1411612,50,False,9,1
2026-07-26T00:12:43Z,5104S25795R1,25795,R1,-1,79403,79404,2026-07-26T00:02:46,79500,72305,E,41.42436,2.2305613,50,False,,1
2026-07-26T00:12:43Z,5104S25567R2S,25567,R2S,35,71706,71705,2026-07-26T00:03:01,71600,79400,E,41.30322,2.010665,50,False,1,4
2026-07-26T00:12:43Z,5104S77468R4,77468,R4,37,72305,71801,2026-07-26T00:04:28,78700,71600,24.0,41.366352,2.1114275,50,False,,
2026-07-26T00:12:43Z,5104S35564R4,35564,R4,55,78802,78806,2026-07-26T00:01:30,72209,78600,21.0,41.42859,2.184213,50,False,2,2
2026-07-26T00:12:43Z,6004S35689C3,35689,C3,3,13101,13121,2026-07-25T23:59:56,13200,13100,E,43.04889,-3.0018198,60,False,,1
2026-07-26T00:12:43Z,6004S26577C3,26577,C3,-1440,13200,13200,2026-07-26T00:00:39,13200,13100,A,43.260048,-2.928512,60,False,5,5
2026-07-26T00:12:43Z,6004S26576C3,26576,C3,0,13108,13117,2026-07-26T00:00:20,13100,13200,E,43.16316,-2.9277587,60,False,,2
2026-07-26T00:12:43Z,6004S71553C4,71553,C4,6,05451,05451,2026-07-25T23:59:35,05451,05485,E,43.25962,-2.9268775,60,False,,
2026-07-26T00:12:43Z,6004S29573C2,29573,C2,-1420,13506,13506,2026-07-26T00:00:10,13506,13200,E,43.321514,-3.1123157,60,False,1,1
2026-07-26T00:12:43Z,6004S71550C4,71550,C4,1,05483,05485,2026-07-26T00:01:00,05485,05451,73.0,43.19154,-3.1950915,60,False,,
2026-07-26T00:12:43Z,6104S35654C1,35654,C1,4,11408,11407,2026-07-26T00:06:39,11404,11508,E,43.10187,-2.0972357,61,False,2,2
2026-07-26T00:12:43Z,6204S71185C2,71185,C2,2,05605,05604,2026-07-26T00:02:43,14223,05637,E,43.44074,-3.8995621,62,True,,2
2026-07-26T00:12:43Z,6204S35949C1,26949,C1,3,14216,14220,2026-07-26T00:08:38,14223,14202,E,43.353184,-3.9495938,62,True,1,1
2026-07-26T00:12:43Z,2004S86269C4,86269,C4,8,05211,05210,2026-07-26T00:00:00,15410,05211,E,43.58464,-5.772605,20,False,1,1
2026-07-26T00:12:43Z,2004S22132C1,22132,C1,3,15212,15217,2026-07-26T00:02:00,15218,15410,E,43.404537,-5.81196,20,False,2,2
2026-07-26T00:12:43Z,2004S86265C4,86265,C4,68,05211,05210,2026-07-26T00:00:00,15410,05211,E,43.58464,-5.772605,20,False,1,1
2026-07-26T00:12:43Z,2004S22050C1,22050,C1,89,15410,15401,2026-07-26T00:02:00,15122,15410,E,43.537712,-5.676047,20,False,1,2
2026-07-26T00:12:43Z,2004S22358C3,22358,C3,-1438,15218,15218,2026-07-26T00:02:00,15218,16405,E,43.3588,-5.8573804,20,False,1,1
2026-07-26T00:12:43Z,2004S22139C1,22139,C1,-1436,15211,15211,2026-07-26T00:19:00,15211,15122,E,43.36655,-5.854991,20,False,1,1
2026-07-26T00:12:43Z,2004S22372C3,22372,C3,3,16403,16401,2026-07-26T00:03:00,15211,16403,23.0,43.555103,-5.918247,20,False,1,2
2026-07-26T00:12:43Z,4104S84931C2,84931,C2,87,61200,06002,2026-07-26T00:34:00,06006,61200,E,37.97462,-1.1315287,41,False,1,2
2026-07-26T00:12:43Z,4104S24723C1,24723,C1,-1425,61200,61200,2026-07-26T00:14:00,61200,60911,S,37.974686,-1.131078,41,False,1,1
2026-07-26T00:12:43Z,1004S27313C4,27313,C4,4,18002,17000,2026-07-26T00:06:00,17000,37012,A,40.471325,-3.6833096,10,True,6,3
2026-07-26T00:12:43Z,1004S76567C5,76567,C5,0,35607,35607,2026-07-25T23:53:00,35607,35609,S,40.330883,-3.8823783,10,False,1,1
2026-07-26T00:12:43Z,1004S27512C4b,27512,C4b,0,17005,17004,2026-07-26T00:05:00,18000,17005,15.0,40.64925,-3.760631,10,True,3,3
2026-07-26T00:12:43Z,1004S75530C2,75530,C2,-3,70103,70107,2026-07-27T00:01:00,70200,17000,A,40.50538,-3.3352833,10,False,1,2
2026-07-26T00:12:43Z,1004S75035C8a,75035,C8a,19,10203,10203,2026-07-25T23:59:00,10203,17000,E,40.58532,-4.1321955,10,False,3,3
2026-07-26T00:12:43Z,1004S27317C4,27317,C4,-2,37002,37010,2026-07-27T00:01:00,17000,37012,A,40.323135,-3.7273622,10,True,1,1
2026-07-26T00:12:43Z,1004S27318C4a,27318,C4a,1436,19003,19002,2026-07-28T00:00:00,17000,19003,E,40.546417,-3.6351175,10,False,2,2
2026-07-26T00:12:43Z,1004S76571C5,76571,C5,-1439,35607,35607,2026-07-26T00:13:00,35607,35609,A,40.330883,-3.8823783,10,False,2,2
2026-07-26T00:12:43Z,1004S77100C5,77100,C5,0,37001,35009,2026-07-27T00:06:00,35002,37001,E,40.34132,-3.7123663,10,False,6,2
2026-07-26T00:12:43Z,1004S76569C5,76569,C5,0,35606,35607,2026-07-26T00:03:00,35607,35609,38.0,40.32908,-3.8704834,10,False,2,2
2026-07-26T00:12:43Z,1004S19945C1,19945,C1,0,98305,98304,2026-07-27T00:12:00,18000,98305,E,40.4924,-3.593483,10,False,2,1
2026-07-26T00:12:43Z,1004S75877C7,75877,C7,-1443,10000,10000,2026-07-27T00:09:00,10000,70103,A,40.42163,-3.7193205,10,True,1,1
2026-07-26T00:12:43Z,1004S75875C7,75875,C7,15,10000,10000,2026-07-25T23:59:00,10000,70103,E,40.42163,-3.7193205,10,False,3,3
2026-07-26T00:12:43Z,1004S76792C5,76792,C5,0,37001,35009,2026-07-25T23:58:00,35012,37001,S,40.25559,-3.8284667,10,False,4,2
2026-07-26T00:12:43Z,1004S75172C10,75172,C10,-1440,17000,17000,2026-07-27T00:19:00,17000,10200,E,40.470848,-3.682503,10,False,12,12
2026-07-26T00:12:43Z,1004S27090C3,27090,C3,-1418,60200,60200,2026-07-26T00:00:00,60200,17000,E,40.035027,-3.6189713,10,True,3,3
2026-07-26T00:12:43Z,1004S27094C3,27094,C3,-1432,60200,60200,2026-07-26T00:45:00,60200,17000,E,40.035027,-3.6189713,10,True,3,3
2026-07-26T00:12:43Z,1004S75037C8a,75037,C8a,6,97100,10100,2026-07-26T00:10:00,10203,17000,8.0,40.493187,-3.738863,10,False,1,3
2026-07-26T00:12:43Z,1004S27095C3,27095,C3,4,60104,60103,2026-07-26T00:04:00,17000,60200,18.0,40.20548,-3.671167,10,False,1,1
2026-07-26T00:12:43Z,1004S27093C3,27093,C3,-1435,17000,17000,2026-07-26T00:13:00,17000,60200,E,40.471382,-3.6834786,10,True,5,5
2026-07-26T00:12:43Z,1004S76573C5,76573,C5,-1440,35607,35607,2026-07-26T00:23:00,35607,35609,E,40.330883,-3.8823783,10,False,2,2
2026-07-26T00:12:43Z,1004S76794C5,76794,C5,0,37001,35009,2026-07-27T00:16:00,35012,37001,E,40.34132,-3.7123663,10,False,6,2
2026-07-26T00:12:43Z,1004S76575C5,76575,C5,1,35609,35608,2026-07-27T00:11:00,35607,35609,E,40.405067,-3.7026901,10,False,2,2
2026-07-26T00:12:43Z,1004S27316C4a,27316,C4a,3,18002,18101,2026-07-26T00:03:00,18000,19003,23.0,40.439056,-3.6927862,10,True,8,2
2026-07-26T00:12:43Z,1004S19940C1,19940,C1,-1440,98305,98305,2026-07-27T00:05:00,98305,17000,A,40.4924,-3.593483,10,False,1,1
2026-07-26T00:12:43Z,1004S76576C5,76576,C5,0,35601,35600,2026-07-25T23:59:00,35609,35607,S,40.38357,-3.7686734,10,False,1,1
2026-07-26T00:12:43Z,1004S75529C2,75529,C2,-1439,17000,17000,2026-07-27T00:13:00,17000,70200,S,40.47097,-3.68245,10,False,10,10
2026-07-26T00:12:43Z,1004S27510C4b,27510,C4b,-1436,18000,18000,2026-07-26T00:20:00,18000,17005,S,40.40654,-3.6895106,10,True,6,6
2026-07-26T00:12:43Z,1004S76578C5,76578,C5,1,35606,35610,2026-07-26T00:01:00,35609,35607,A,40.34195,-3.8423326,10,False,1,1
2026-07-26T00:12:43Z,1004S27508C4b,27508,C4b,-1430,37012,37012,2026-07-26T00:33:00,37012,17005,S,40.24143,-3.769159,10,True,2,2
2026-07-26T00:12:43Z,1004S75268C10,75268,C10,-1431,10200,10200,2026-07-26T00:18:00,10200,17000,S,40.62599,-4.0081153,10,False,4,4
2026-07-26T00:12:43Z,1004S27643C8b,27643,C8b,-5,12002,12004,2026-07-27T00:06:00,12006,17000,A,40.69257,-4.035974,10,True,1,1
2026-07-26T00:12:43Z,1004S27506C4b,27506,C4b,3,37011,37012,2026-07-26T00:06:00,37012,17005,13.0,40.27857,-3.7384615,10,True,2,2
2026-07-26T00:12:43Z,1004S77098C5,77098,C5,2,35010,35002,2026-07-25T23:59:00,35002,37001,S,40.29673,-3.7924793,10,False,2,2
2026-07-26T00:12:43Z,1004S77099C5,77099,C5,0,35010,35011,2026-07-25T23:59:00,37001,35012,S,40.29673,-3.7924793,10,False,1,1
2026-07-26T00:12:43Z,1004S76265C5,76265,C5,-1440,18003,18003,2026-07-26T00:00:00,18003,37001,A,40.39592,-3.6779969,10,False,1,1
2026-07-26T00:17:41Z,3004S23743C5,23743,C5,13,43004,43003,2026-07-26T00:04:16,51003,43005,E,37.381527,-6.193782,30,False,1,3
2026-07-26T00:17:41Z,3004S23578C1,23578,C1,17,50602,50700,2026-07-26T00:03:13,51003,50600,E,37.58157,-5.6699624,30,False,2,2
2026-07-26T00:17:41Z,3104S23245C1,23245,C1,57,51300,51300,2026-07-25T23:59:00,51300,51405,E,36.680237,-6.12622,31,False,2,2
2026-07-26T00:17:41Z,3204S23405C1,23405,C1,-1440,54516,54516,2026-07-26T00:16:21,54516,54517,A,36.541843,-4.6237864,32,False,1,1
2026-07-26T00:17:41Z,3204S23400C1,23400,C1,4,54503,54501,2026-07-26T00:02:40,54517,54516,E,36.69222,-4.48376,32,False,2,2
2026-07-26T00:17:41Z,3204S23402C1,23402,C1,1,54512,54511,2026-07-26T00:03:25,54517,54516,E,36.582317,-4.5670233,32,False,2,1
2026-07-26T00:17:41Z,5104S77566R4,77566,R4,71,72206,72205,2026-07-26T00:04:44,71600,78700,E,41.370678,1.7253983,50,False,1,1
2026-07-26T00:17:41Z,5104S28393R2S,28393,R2S,-2,71802,71801,2026-07-26T00:01:45,71700,79400,A,41.379513,2.1412146,50,False,,
2026-07-26T00:17:41Z,5104S77464R4,77464,R4,92,71801,78805,2026-07-26T00:04:02,78600,71600,E,41.379536,2.1411612,50,False,9,1
2026-07-26T00:17:41Z,5104S25795R1,25795,R1,-1,79403,79404,2026-07-26T00:02:46,79500,72305,E,41.42436,2.2305613,50,False,,1
2026-07-26T00:17:41Z,5104S25567R2S,25567,R2S,35,71706,71705,2026-07-26T00:03:01,71600,79400,E,41.30322,2.010665,50,False,1,4
2026-07-26T00:17:41Z,5104S77468R4,77468,R4,37,72305,71801,2026-07-26T00:04:28,78700,71600,24.0,41.366352,2.1114275,50,False,,
2026-07-26T00:17:41Z,5104S35564R4,35564,R4,55,78802,78806,2026-07-26T00:01:30,72209,78600,21.0,41.42859,2.184213,50,False,2,2
2026-07-26T00:17:41Z,6004S35689C3,35689,C3,3,13101,13121,2026-07-25T23:59:56,13200,13100,E,43.04889,-3.0018198,60,False,,1
2026-07-26T00:17:41Z,6004S26577C3,26577,C3,-1440,13200,13200,2026-07-26T00:00:39,13200,13100,A,43.260048,-2.928512,60,False,5,5
2026-07-26T00:17:41Z,6004S26576C3,26576,C3,0,13108,13117,2026-07-26T00:00:20,13100,13200,E,43.16316,-2.9277587,60,False,,2
2026-07-26T00:17:41Z,6004S71553C4,71553,C4,6,05451,05451,2026-07-25T23:59:35,05451,05485,E,43.25962,-2.9268775,60,False,,
2026-07-26T00:17:41Z,6004S29573C2,29573,C2,-1420,13506,13506,2026-07-26T00:00:10,13506,13200,E,43.321514,-3.1123157,60,False,1,1
2026-07-26T00:17:41Z,6004S71550C4,71550,C4,1,05483,05485,2026-07-26T00:01:00,05485,05451,73.0,43.19154,-3.1950915,60,False,,
2026-07-26T00:17:41Z,6104S35654C1,35654,C1,4,11408,11407,2026-07-26T00:06:39,11404,11508,E,43.10187,-2.0972357,61,False,2,2
2026-07-26T00:17:41Z,6204S71185C2,71185,C2,2,05605,05604,2026-07-26T00:02:43,14223,05637,E,43.44074,-3.8995621,62,True,,2
2026-07-26T00:17:41Z,6204S35949C1,26949,C1,3,14216,14220,2026-07-26T00:08:38,14223,14202,E,43.353184,-3.9495938,62,True,1,1
2026-07-26T00:17:41Z,2004S86269C4,86269,C4,8,05211,05210,2026-07-26T00:00:00,15410,05211,E,43.58464,-5.772605,20,False,1,1
2026-07-26T00:17:41Z,2004S22132C1,22132,C1,3,15212,15217,2026-07-26T00:02:00,15218,15410,E,43.404537,-5.81196,20,False,2,2
2026-07-26T00:17:41Z,2004S86265C4,86265,C4,68,05211,05210,2026-07-26T00:00:00,15410,05211,E,43.58464,-5.772605,20,False,1,1
2026-07-26T00:17:41Z,2004S22050C1,22050,C1,89,15410,15401,2026-07-26T00:02:00,15122,15410,E,43.537712,-5.676047,20,False,1,2
2026-07-26T00:17:41Z,2004S22358C3,22358,C3,-1438,15218,15218,2026-07-26T00:02:00,15218,16405,E,43.3588,-5.8573804,20,False,1,1
2026-07-26T00:17:41Z,2004S22139C1,22139,C1,-1436,15211,15211,2026-07-26T00:19:00,15211,15122,E,43.36655,-5.854991,20,False,1,1
2026-07-26T00:17:41Z,2004S22372C3,22372,C3,3,16403,16401,2026-07-26T00:03:00,15211,16403,23.0,43.555103,-5.918247,20,False,1,2
2026-07-26T00:17:41Z,4104S84931C2,84931,C2,87,61200,06002,2026-07-26T00:34:00,06006,61200,E,37.97462,-1.1315287,41,False,1,2
2026-07-26T00:17:41Z,4104S24723C1,24723,C1,-1425,61200,61200,2026-07-26T00:14:00,61200,60911,S,37.974686,-1.131078,41,False,1,1
2026-07-26T00:17:41Z,1004S27313C4,27313,C4,4,18002,17000,2026-07-26T00:06:00,17000,37012,A,40.471325,-3.6833096,10,True,6,3
2026-07-26T00:17:41Z,1004S76567C5,76567,C5,0,35607,35607,2026-07-25T23:53:00,35607,35609,S,40.330883,-3.8823783,10,False,1,1
2026-07-26T00:17:41Z,1004S27512C4b,27512,C4b,0,17005,17004,2026-07-26T00:05:00,18000,17005,15.0,40.64925,-3.760631,10,True,3,3
2026-07-26T00:17:41Z,1004S75530C2,75530,C2,-3,70103,70107,2026-07-27T00:01:00,70200,17000,A,40.50538,-3.3352833,10,False,1,2
2026-07-26T00:17:41Z,1004S75035C8a,75035,C8a,19,10203,10203,2026-07-25T23:59:00,10203,17000,E,40.58532,-4.1321955,10,False,3,3
2026-07-26T00:17:41Z,1004S27317C4,27317,C4,-2,37002,37010,2026-07-27T00:01:00,17000,37012,A,40.323135,-3.7273622,10,True,1,1
2026-07-26T00:17:41Z,1004S27318C4a,27318,C4a,1436,19003,19002,2026-07-28T00:00:00,17000,19003,E,40.546417,-3.6351175,10,False,2,2
2026-07-26T00:17:41Z,1004S76571C5,76571,C5,-1439,35607,35607,2026-07-26T00:13:00,35607,35609,A,40.330883,-3.8823783,10,False,2,2
2026-07-26T00:17:41Z,1004S77100C5,77100,C5,0,37001,35009,2026-07-27T00:06:00,35002,37001,E,40.34132,-3.7123663,10,False,6,2
2026-07-26T00:17:41Z,1004S76569C5,76569,C5,0,35606,35607,2026-07-26T00:03:00,35607,35609,38.0,40.32908,-3.8704834,10,False,2,2
2026-07-26T00:17:41Z,1004S19945C1,19945,C1,0,98305,98304,2026-07-27T00:12:00,18000,98305,E,40.4924,-3.593483,10,False,2,1
2026-07-26T00:17:41Z,1004S75877C7,75877,C7,-1443,10000,10000,2026-07-27T00:09:00,10000,70103,A,40.42163,-3.7193205,10,True,1,1
2026-07-26T00:17:41Z,1004S75875C7,75875,C7,15,10000,10000,2026-07-25T23:59:00,10000,70103,E,40.42163,-3.7193205,10,False,3,3
2026-07-26T00:17:41Z,1004S76792C5,76792,C5,0,37001,35009,2026-07-25T23:58:00,35012,37001,S,40.25559,-3.8284667,10,False,4,2
2026-07-26T00:17:41Z,1004S75172C10,75172,C10,-1440,17000,17000,2026-07-27T00:19:00,17000,10200,E,40.470848,-3.682503,10,False,12,12
2026-07-26T00:17:41Z,1004S27090C3,27090,C3,-1418,60200,60200,2026-07-26T00:00:00,60200,17000,E,40.035027,-3.6189713,10,True,3,3
2026-07-26T00:17:41Z,1004S27094C3,27094,C3,-1432,60200,60200,2026-07-26T00:45:00,60200,17000,E,40.035027,-3.6189713,10,True,3,3
2026-07-26T00:17:41Z,1004S75037C8a,75037,C8a,6,97100,10100,2026-07-26T00:10:00,10203,17000,8.0,40.493187,-3.738863,10,False,1,3
2026-07-26T00:17:41Z,1004S27095C3,27095,C3,4,60104,60103,2026-07-26T00:04:00,17000,60200,18.0,40.20548,-3.671167,10,False,1,1
2026-07-26T00:17:41Z,1004S27093C3,27093,C3,-1435,17000,17000,2026-07-26T00:13:00,17000,60200,E,40.471382,-3.6834786,10,True,5,5
2026-07-26T00:17:41Z,1004S76573C5,76573,C5,-1440,35607,35607,2026-07-26T00:23:00,35607,35609,E,40.330883,-3.8823783,10,False,2,2
2026-07-26T00:17:41Z,1004S76794C5,76794,C5,0,37001,35009,2026-07-27T00:16:00,35012,37001,E,40.34132,-3.7123663,10,False,6,2
2026-07-26T00:17:41Z,1004S76575C5,76575,C5,1,35609,35608,2026-07-27T00:11:00,35607,35609,E,40.405067,-3.7026901,10,False,2,2
2026-07-26T00:17:41Z,1004S27316C4a,27316,C4a,3,18002,18101,2026-07-26T00:03:00,18000,19003,23.0,40.439056,-3.6927862,10,True,8,2
2026-07-26T00:17:41Z,1004S19940C1,19940,C1,-1440,98305,98305,2026-07-27T00:05:00,98305,17000,A,40.4924,-3.593483,10,False,1,1
2026-07-26T00:17:41Z,1004S76576C5,76576,C5,0,35601,35600,2026-07-25T23:59:00,35609,35607,S,40.38357,-3.7686734,10,False,1,1
2026-07-26T00:17:41Z,1004S75529C2,75529,C2,-1439,17000,17000,2026-07-27T00:13:00,17000,70200,S,40.47097,-3.68245,10,False,10,10
2026-07-26T00:17:41Z,1004S27510C4b,27510,C4b,-1436,18000,18000,2026-07-26T00:20:00,18000,17005,S,40.40654,-3.6895106,10,True,6,6
2026-07-26T00:17:41Z,1004S76578C5,76578,C5,1,35606,35610,2026-07-26T00:01:00,35609,35607,A,40.34195,-3.8423326,10,False,1,1
2026-07-26T00:17:41Z,1004S27508C4b,27508,C4b,-1430,37012,37012,2026-07-26T00:33:00,37012,17005,S,40.24143,-3.769159,10,True,2,2
2026-07-26T00:17:41Z,1004S75268C10,75268,C10,-1431,10200,10200,2026-07-26T00:18:00,10200,17000,S,40.62599,-4.0081153,10,False,4,4
2026-07-26T00:17:41Z,1004S27643C8b,27643,C8b,-5,12002,12004,2026-07-27T00:06:00,12006,17000,A,40.69257,-4.035974,10,True,1,1
2026-07-26T00:17:41Z,1004S27506C4b,27506,C4b,3,37011,37012,2026-07-26T00:06:00,37012,17005,13.0,40.27857,-3.7384615,10,True,2,2
2026-07-26T00:17:41Z,1004S77098C5,77098,C5,2,35010,35002,2026-07-25T23:59:00,35002,37001,S,40.29673,-3.7924793,10,False,2,2
2026-07-26T00:17:41Z,1004S77099C5,77099,C5,0,35010,35011,2026-07-25T23:59:00,37001,35012,S,40.29673,-3.7924793,10,False,1,1
2026-07-26T00:17:41Z,1004S76265C5,76265,C5,-1440,18003,18003,2026-07-26T00:00:00,18003,37001,A,40.39592,-3.6779969,10,False,1,1
2026-07-26T00:22:57Z,3004S23743C5,23743,C5,13,43004,43003,2026-07-26T00:04:16,51003,43005,E,37.381527,-6.193782,30,False,1,3
2026-07-26T00:22:57Z,3004S23578C1,23578,C1,17,50602,50700,2026-07-26T00:03:13,51003,50600,E,37.58157,-5.6699624,30,False,2,2
2026-07-26T00:22:57Z,3104S23245C1,23245,C1,57,51300,51300,2026-07-25T23:59:00,51300,51405,E,36.680237,-6.12622,31,False,2,2
2026-07-26T00:22:57Z,3204S23405C1,23405,C1,-1440,54516,54516,2026-07-26T00:16:21,54516,54517,A,36.541843,-4.6237864,32,False,1,1
2026-07-26T00:22:57Z,3204S23400C1,23400,C1,4,54503,54501,2026-07-26T00:02:40,54517,54516,E,36.69222,-4.48376,32,False,2,2
2026-07-26T00:22:57Z,3204S23402C1,23402,C1,1,54512,54511,2026-07-26T00:03:25,54517,54516,E,36.582317,-4.5670233,32,False,2,1
2026-07-26T00:22:57Z,5104S77566R4,77566,R4,71,72206,72205,2026-07-26T00:04:44,71600,78700,E,41.370678,1.7253983,50,False,1,1
2026-07-26T00:22:57Z,5104S28393R2S,28393,R2S,-2,71802,71801,2026-07-26T00:01:45,71700,79400,A,41.379513,2.1412146,50,False,,
2026-07-26T00:22:57Z,5104S77464R4,77464,R4,92,71801,78805,2026-07-26T00:04:02,78600,71600,E,41.379536,2.1411612,50,False,9,1
2026-07-26T00:22:57Z,5104S25795R1,25795,R1,-1,79403,79404,2026-07-26T00:02:46,79500,72305,E,41.42436,2.2305613,50,False,,1
2026-07-26T00:22:57Z,5104S25567R2S,25567,R2S,35,71706,71705,2026-07-26T00:03:01,71600,79400,E,41.30322,2.010665,50,False,1,4
2026-07-26T00:22:57Z,5104S77468R4,77468,R4,37,72305,71801,2026-07-26T00:04:28,78700,71600,24.0,41.366352,2.1114275,50,False,,
2026-07-26T00:22:57Z,5104S35564R4,35564,R4,55,78802,78806,2026-07-26T00:01:30,72209,78600,21.0,41.42859,2.184213,50,False,2,2
2026-07-26T00:22:57Z,6004S35689C3,35689,C3,3,13101,13121,2026-07-25T23:59:56,13200,13100,E,43.04889,-3.0018198,60,False,,1
2026-07-26T00:22:57Z,6004S26577C3,26577,C3,-1440,13200,13200,2026-07-26T00:00:39,13200,13100,A,43.260048,-2.928512,60,False,5,5
2026-07-26T00:22:57Z,6004S26576C3,26576,C3,0,13108,13117,2026-07-26T00:00:20,13100,13200,E,43.16316,-2.9277587,60,False,,2
2026-07-26T00:22:57Z,6004S71553C4,71553,C4,6,05451,05451,2026-07-25T23:59:35,05451,05485,E,43.25962,-2.9268775,60,False,,
2026-07-26T00:22:57Z,6004S29573C2,29573,C2,-1420,13506,13506,2026-07-26T00:00:10,13506,13200,E,43.321514,-3.1123157,60,False,1,1
2026-07-26T00:22:57Z,6004S71550C4,71550,C4,1,05483,05485,2026-07-26T00:01:00,05485,05451,73.0,43.19154,-3.1950915,60,False,,
2026-07-26T00:22:57Z,6104S35654C1,35654,C1,4,11408,11407,2026-07-26T00:06:39,11404,11508,E,43.10187,-2.0972357,61,False,2,2
2026-07-26T00:22:57Z,6204S71185C2,71185,C2,2,05605,05604,2026-07-26T00:02:43,14223,05637,E,43.44074,-3.8995621,62,True,,2
2026-07-26T00:22:57Z,6204S35949C1,26949,C1,3,14216,14220,2026-07-26T00:08:38,14223,14202,E,43.353184,-3.9495938,62,True,1,1
2026-07-26T00:22:57Z,2004S86269C4,86269,C4,8,05211,05210,2026-07-26T00:00:00,15410,05211,E,43.58464,-5.772605,20,False,1,1
2026-07-26T00:22:57Z,2004S22132C1,22132,C1,3,15212,15217,2026-07-26T00:02:00,15218,15410,E,43.404537,-5.81196,20,False,2,2
2026-07-26T00:22:57Z,2004S86265C4,86265,C4,68,05211,05210,2026-07-26T00:00:00,15410,05211,E,43.58464,-5.772605,20,False,1,1
2026-07-26T00:22:57Z,2004S22050C1,22050,C1,89,15410,15401,2026-07-26T00:02:00,15122,15410,E,43.537712,-5.676047,20,False,1,2
2026-07-26T00:22:57Z,2004S22358C3,22358,C3,-1438,15218,15218,2026-07-26T00:02:00,15218,16405,E,43.3588,-5.8573804,20,False,1,1
2026-07-26T00:22:57Z,2004S22139C1,22139,C1,-1436,15211,15211,2026-07-26T00:19:00,15211,15122,E,43.36655,-5.854991,20,False,1,1
2026-07-26T00:22:57Z,2004S22372C3,22372,C3,3,16403,16401,2026-07-26T00:03:00,15211,16403,23.0,43.555103,-5.918247,20,False,1,2
2026-07-26T00:22:57Z,4104S84931C2,84931,C2,87,61200,06002,2026-07-26T00:34:00,06006,61200,E,37.97462,-1.1315287,41,False,1,2
2026-07-26T00:22:57Z,4104S24723C1,24723,C1,-1425,61200,61200,2026-07-26T00:14:00,61200,60911,S,37.974686,-1.131078,41,False,1,1
2026-07-26T00:22:57Z,1004S27313C4,27313,C4,4,18002,17000,2026-07-26T00:06:00,17000,37012,A,40.471325,-3.6833096,10,True,6,3
2026-07-26T00:22:57Z,1004S76567C5,76567,C5,0,35607,35607,2026-07-25T23:53:00,35607,35609,S,40.330883,-3.8823783,10,False,1,1
2026-07-26T00:22:57Z,1004S27512C4b,27512,C4b,0,17005,17004,2026-07-26T00:05:00,18000,17005,15.0,40.64925,-3.760631,10,True,3,3
2026-07-26T00:22:57Z,1004S75530C2,75530,C2,-3,70103,70107,2026-07-27T00:01:00,70200,17000,A,40.50538,-3.3352833,10,False,1,2
2026-07-26T00:22:57Z,1004S75035C8a,75035,C8a,19,10203,10203,2026-07-25T23:59:00,10203,17000,E,40.58532,-4.1321955,10,False,3,3
2026-07-26T00:22:57Z,1004S27317C4,27317,C4,-2,37002,37010,2026-07-27T00:01:00,17000,37012,A,40.323135,-3.7273622,10,True,1,1
2026-07-26T00:22:57Z,1004S27318C4a,27318,C4a,1436,19003,19002,2026-07-28T00:00:00,17000,19003,E,40.546417,-3.6351175,10,False,2,2
2026-07-26T00:22:57Z,1004S76571C5,76571,C5,-1439,35607,35607,2026-07-26T00:13:00,35607,35609,A,40.330883,-3.8823783,10,False,2,2
2026-07-26T00:22:57Z,1004S77100C5,77100,C5,0,37001,35009,2026-07-27T00:06:00,35002,37001,E,40.34132,-3.7123663,10,False,6,2
2026-07-26T00:22:57Z,1004S76569C5,76569,C5,0,35606,35607,2026-07-26T00:03:00,35607,35609,38.0,40.32908,-3.8704834,10,False,2,2
2026-07-26T00:22:57Z,1004S19945C1,19945,C1,0,98305,98304,2026-07-27T00:12:00,18000,98305,E,40.4924,-3.593483,10,False,2,1
2026-07-26T00:22:57Z,1004S75877C7,75877,C7,-1443,10000,10000,2026-07-27T00:09:00,10000,70103,A,40.42163,-3.7193205,10,True,1,1
2026-07-26T00:22:57Z,1004S75875C7,75875,C7,15,10000,10000,2026-07-25T23:59:00,10000,70103,E,40.42163,-3.7193205,10,False,3,3
2026-07-26T00:22:57Z,1004S76792C5,76792,C5,0,37001,35009,2026-07-25T23:58:00,35012,37001,S,40.25559,-3.8284667,10,False,4,2
2026-07-26T00:22:57Z,1004S75172C10,75172,C10,-1440,17000,17000,2026-07-27T00:19:00,17000,10200,E,40.470848,-3.682503,10,False,12,12
2026-07-26T00:22:57Z,1004S27090C3,27090,C3,-1418,60200,60200,2026-07-26T00:00:00,60200,17000,E,40.035027,-3.6189713,10,True,3,3
2026-07-26T00:22:57Z,1004S27094C3,27094,C3,-1432,60200,60200,2026-07-26T00:45:00,60200,17000,E,40.035027,-3.6189713,10,True,3,3
2026-07-26T00:22:57Z,1004S75037C8a,75037,C8a,6,97100,10100,2026-07-26T00:10:00,10203,17000,8.0,40.493187,-3.738863,10,False,1,3
2026-07-26T00:22:57Z,1004S27095C3,27095,C3,4,60104,60103,2026-07-26T00:04:00,17000,60200,18.0,40.20548,-3.671167,10,False,1,1
2026-07-26T00:22:57Z,1004S27093C3,27093,C3,-1435,17000,17000,2026-07-26T00:13:00,17000,60200,E,40.471382,-3.6834786,10,True,5,5
2026-07-26T00:22:57Z,1004S76573C5,76573,C5,-1440,35607,35607,2026-07-26T00:23:00,35607,35609,E,40.330883,-3.8823783,10,False,2,2
2026-07-26T00:22:57Z,1004S76794C5,76794,C5,0,37001,35009,2026-07-27T00:16:00,35012,37001,E,40.34132,-3.7123663,10,False,6,2
2026-07-26T00:22:57Z,1004S76575C5,76575,C5,1,35609,35608,2026-07-27T00:11:00,35607,35609,E,40.405067,-3.7026901,10,False,2,2
2026-07-26T00:22:57Z,1004S27316C4a,27316,C4a,3,18002,18101,2026-07-26T00:03:00,18000,19003,23.0,40.439056,-3.6927862,10,True,8,2
2026-07-26T00:22:57Z,1004S19940C1,19940,C1,-1440,98305,98305,2026-07-27T00:05:00,98305,17000,A,40.4924,-3.593483,10,False,1,1
2026-07-26T00:22:57Z,1004S76576C5,76576,C5,0,35601,35600,2026-07-25T23:59:00,35609,35607,S,40.38357,-3.7686734,10,False,1,1
2026-07-26T00:22:57Z,1004S75529C2,75529,C2,-1439,17000,17000,2026-07-27T00:13:00,17000,70200,S,40.47097,-3.68245,10,False,10,10
2026-07-26T00:22:57Z,1004S27510C4b,27510,C4b,-1436,18000,18000,2026-07-26T00:20:00,18000,17005,S,40.40654,-3.6895106,10,True,6,6
2026-07-26T00:22:57Z,1004S76578C5,76578,C5,1,35606,35610,2026-07-26T00:01:00,35609,35607,A,40.34195,-3.8423326,10,False,1,1
2026-07-26T00:22:57Z,1004S27508C4b,27508,C4b,-1430,37012,37012,2026-07-26T00:33:00,37012,17005,S,40.24143,-3.769159,10,True,2,2
2026-07-26T00:22:57Z,1004S75268C10,75268,C10,-1431,10200,10200,2026-07-26T00:18:00,10200,17000,S,40.62599,-4.0081153,10,False,4,4
2026-07-26T00:22:57Z,1004S27643C8b,27643,C8b,-5,12002,12004,2026-07-27T00:06:00,12006,17000,A,40.69257,-4.035974,10,True,1,1
2026-07-26T00:22:57Z,1004S27506C4b,27506,C4b,3,37011,37012,2026-07-26T00:06:00,37012,17005,13.0,40.27857,-3.7384615,10,True,2,2
2026-07-26T00:22:57Z,1004S77098C5,77098,C5,2,35010,35002,2026-07-25T23:59:00,35002,37001,S,40.29673,-3.7924793,10,False,2,2
2026-07-26T00:22:57Z,1004S77099C5,77099,C5,0,35010,35011,2026-07-25T23:59:00,37001,35012,S,40.29673,-3.7924793,10,False,1,1
2026-07-26T00:22:57Z,1004S76265C5,76265,C5,-1440,18003,18003,2026-07-26T00:00:00,18003,37001,A,40.39592,-3.6779969,10,False,1,1
2026-07-26T00:27:48Z,3004S23743C5,23743,C5,13,43004,43003,2026-07-26T00:04:16,51003,43005,E,37.381527,-6.193782,30,False,1,3
2026-07-26T00:27:48Z,3004S23578C1,23578,C1,17,50602,50700,2026-07-26T00:03:13,51003,50600,E,37.58157,-5.6699624,30,False,2,2
2026-07-26T00:27:48Z,3104S23245C1,23245,C1,57,51300,51300,2026-07-25T23:59:00,51300,51405,E,36.680237,-6.12622,31,False,2,2
2026-07-26T00:27:48Z,3204S23405C1,23405,C1,-1440,54516,54516,2026-07-26T00:16:21,54516,54517,A,36.541843,-4.6237864,32,False,1,1
2026-07-26T00:27:48Z,3204S23400C1,23400,C1,4,54503,54501,2026-07-26T00:02:40,54517,54516,E,36.69222,-4.48376,32,False,2,2
2026-07-26T00:27:48Z,3204S23402C1,23402,C1,1,54512,54511,2026-07-26T00:03:25,54517,54516,E,36.582317,-4.5670233,32,False,2,1
2026-07-26T00:27:48Z,5104S77566R4,77566,R4,71,72206,72205,2026-07-26T00:04:44,71600,78700,E,41.370678,1.7253983,50,False,1,1
2026-07-26T00:27:48Z,5104S28393R2S,28393,R2S,-2,71802,71801,2026-07-26T00:01:45,71700,79400,A,41.379513,2.1412146,50,False,,
2026-07-26T00:27:48Z,5104S77464R4,77464,R4,92,71801,78805,2026-07-26T00:04:02,78600,71600,E,41.379536,2.1411612,50,False,9,1
2026-07-26T00:27:48Z,5104S25795R1,25795,R1,-1,79403,79404,2026-07-26T00:02:46,79500,72305,E,41.42436,2.2305613,50,False,,1
2026-07-26T00:27:48Z,5104S25567R2S,25567,R2S,35,71706,71705,2026-07-26T00:03:01,71600,79400,E,41.30322,2.010665,50,False,1,4
2026-07-26T00:27:48Z,5104S77468R4,77468,R4,37,72305,71801,2026-07-26T00:04:28,78700,71600,24.0,41.366352,2.1114275,50,False,,
2026-07-26T00:27:48Z,5104S35564R4,35564,R4,55,78802,78806,2026-07-26T00:01:30,72209,78600,21.0,41.42859,2.184213,50,False,2,2
2026-07-26T00:27:48Z,6004S35689C3,35689,C3,3,13101,13121,2026-07-25T23:59:56,13200,13100,E,43.04889,-3.0018198,60,False,,1
2026-07-26T00:27:48Z,6004S26577C3,26577,C3,-1440,13200,13200,2026-07-26T00:00:39,13200,13100,A,43.260048,-2.928512,60,False,5,5
2026-07-26T00:27:48Z,6004S26576C3,26576,C3,0,13108,13117,2026-07-26T00:00:20,13100,13200,E,43.16316,-2.9277587,60,False,,2
2026-07-26T00:27:48Z,6004S71553C4,71553,C4,6,05451,05451,2026-07-25T23:59:35,05451,05485,E,43.25962,-2.9268775,60,False,,
2026-07-26T00:27:48Z,6004S29573C2,29573,C2,-1420,13506,13506,2026-07-26T00:00:10,13506,13200,E,43.321514,-3.1123157,60,False,1,1
2026-07-26T00:27:48Z,6004S71550C4,71550,C4,1,05483,05485,2026-07-26T00:01:00,05485,05451,73.0,43.19154,-3.1950915,60,False,,
2026-07-26T00:27:48Z,6104S35654C1,35654,C1,4,11408,11407,2026-07-26T00:06:39,11404,11508,E,43.10187,-2.0972357,61,False,2,2
2026-07-26T00:27:48Z,6204S71185C2,71185,C2,2,05605,05604,2026-07-26T00:02:43,14223,05637,E,43.44074,-3.8995621,62,True,,2
2026-07-26T00:27:48Z,6204S35949C1,26949,C1,3,14216,14220,2026-07-26T00:08:38,14223,14202,E,43.353184,-3.9495938,62,True,1,1
2026-07-26T00:27:48Z,2004S86269C4,86269,C4,8,05211,05210,2026-07-26T00:00:00,15410,05211,E,43.58464,-5.772605,20,False,1,1
2026-07-26T00:27:48Z,2004S22132C1,22132,C1,3,15212,15217,2026-07-26T00:02:00,15218,15410,E,43.404537,-5.81196,20,False,2,2
2026-07-26T00:27:48Z,2004S86265C4,86265,C4,68,05211,05210,2026-07-26T00:00:00,15410,05211,E,43.58464,-5.772605,20,False,1,1
2026-07-26T00:27:48Z,2004S22050C1,22050,C1,89,15410,15401,2026-07-26T00:02:00,15122,15410,E,43.537712,-5.676047,20,False,1,2
2026-07-26T00:27:48Z,2004S22358C3,22358,C3,-1438,15218,15218,2026-07-26T00:02:00,15218,16405,E,43.3588,-5.8573804,20,False,1,1
2026-07-26T00:27:48Z,2004S22139C1,22139,C1,-1436,15211,15211,2026-07-26T00:19:00,15211,15122,E,43.36655,-5.854991,20,False,1,1
2026-07-26T00:27:48Z,2004S22372C3,22372,C3,3,16403,16401,2026-07-26T00:03:00,15211,16403,23.0,43.555103,-5.918247,20,False,1,2
2026-07-26T00:27:48Z,4104S84931C2,84931,C2,87,61200,06002,2026-07-26T00:34:00,06006,61200,E,37.97462,-1.1315287,41,False,1,2
2026-07-26T00:27:48Z,4104S24723C1,24723,C1,-1425,61200,61200,2026-07-26T00:14:00,61200,60911,S,37.974686,-1.131078,41,False,1,1
2026-07-26T00:27:48Z,1004S27313C4,27313,C4,4,18002,17000,2026-07-26T00:06:00,17000,37012,A,40.471325,-3.6833096,10,True,6,3
2026-07-26T00:27:48Z,1004S76567C5,76567,C5,0,35607,35607,2026-07-25T23:53:00,35607,35609,S,40.330883,-3.8823783,10,False,1,1
2026-07-26T00:27:48Z,1004S27512C4b,27512,C4b,0,17005,17004,2026-07-26T00:05:00,18000,17005,15.0,40.64925,-3.760631,10,True,3,3
2026-07-26T00:27:48Z,1004S75530C2,75530,C2,-3,70103,70107,2026-07-27T00:01:00,70200,17000,A,40.50538,-3.3352833,10,False,1,2
2026-07-26T00:27:48Z,1004S75035C8a,75035,C8a,19,10203,10203,2026-07-25T23:59:00,10203,17000,E,40.58532,-4.1321955,10,False,3,3
2026-07-26T00:27:48Z,1004S27317C4,27317,C4,-2,37002,37010,2026-07-27T00:01:00,17000,37012,A,40.323135,-3.7273622,10,True,1,1
2026-07-26T00:27:48Z,1004S27318C4a,27318,C4a,1436,19003,19002,2026-07-28T00:00:00,17000,19003,E,40.546417,-3.6351175,10,False,2,2
2026-07-26T00:27:48Z,1004S76571C5,76571,C5,-1439,35607,35607,2026-07-26T00:13:00,35607,35609,A,40.330883,-3.8823783,10,False,2,2
2026-07-26T00:27:48Z,1004S77100C5,77100,C5,0,37001,35009,2026-07-27T00:06:00,35002,37001,E,40.34132,-3.7123663,10,False,6,2
2026-07-26T00:27:48Z,1004S76569C5,76569,C5,0,35606,35607,2026-07-26T00:03:00,35607,35609,38.0,40.32908,-3.8704834,10,False,2,2
2026-07-26T00:27:48Z,1004S19945C1,19945,C1,0,98305,98304,2026-07-27T00:12:00,18000,98305,E,40.4924,-3.593483,10,False,2,1
2026-07-26T00:27:48Z,1004S75877C7,75877,C7,-1443,10000,10000,2026-07-27T00:09:00,10000,70103,A,40.42163,-3.7193205,10,True,1,1
2026-07-26T00:27:48Z,1004S75875C7,75875,C7,15,10000,10000,2026-07-25T23:59:00,10000,70103,E,40.42163,-3.7193205,10,False,3,3
2026-07-26T00:27:48Z,1004S76792C5,76792,C5,0,37001,35009,2026-07-25T23:58:00,35012,37001,S,40.25559,-3.8284667,10,False,4,2
2026-07-26T00:27:48Z,1004S75172C10,75172,C10,-1440,17000,17000,2026-07-27T00:19:00,17000,10200,E,40.470848,-3.682503,10,False,12,12
2026-07-26T00:27:48Z,1004S27090C3,27090,C3,-1418,60200,60200,2026-07-26T00:00:00,60200,17000,E,40.035027,-3.6189713,10,True,3,3
2026-07-26T00:27:48Z,1004S27094C3,27094,C3,-1432,60200,60200,2026-07-26T00:45:00,60200,17000,E,40.035027,-3.6189713,10,True,3,3
2026-07-26T00:27:48Z,1004S75037C8a,75037,C8a,6,97100,10100,2026-07-26T00:10:00,10203,17000,8.0,40.493187,-3.738863,10,False,1,3
2026-07-26T00:27:48Z,1004S27095C3,27095,C3,4,60104,60103,2026-07-26T00:04:00,17000,60200,18.0,40.20548,-3.671167,10,False,1,1
2026-07-26T00:27:48Z,1004S27093C3,27093,C3,-1435,17000,17000,2026-07-26T00:13:00,17000,60200,E,40.471382,-3.6834786,10,True,5,5
2026-07-26T00:27:48Z,1004S76573C5,76573,C5,-1440,35607,35607,2026-07-26T00:23:00,35607,35609,E,40.330883,-3.8823783,10,False,2,2
2026-07-26T00:27:48Z,1004S76794C5,76794,C5,0,37001,35009,2026-07-27T00:16:00,35012,37001,E,40.34132,-3.7123663,10,False,6,2
2026-07-26T00:27:48Z,1004S76575C5,76575,C5,1,35609,35608,2026-07-27T00:11:00,35607,35609,E,40.405067,-3.7026901,10,False,2,2
2026-07-26T00:27:48Z,1004S27316C4a,27316,C4a,3,18002,18101,2026-07-26T00:03:00,18000,19003,23.0,40.439056,-3.6927862,10,True,8,2
2026-07-26T00:27:48Z,1004S19940C1,19940,C1,-1440,98305,98305,2026-07-27T00:05:00,98305,17000,A,40.4924,-3.593483,10,False,1,1
2026-07-26T00:27:48Z,1004S76576C5,76576,C5,0,35601,35600,2026-07-25T23:59:00,35609,35607,S,40.38357,-3.7686734,10,False,1,1
2026-07-26T00:27:48Z,1004S75529C2,75529,C2,-1439,17000,17000,2026-07-27T00:13:00,17000,70200,S,40.47097,-3.68245,10,False,10,10
2026-07-26T00:27:48Z,1004S27510C4b,27510,C4b,-1436,18000,18000,2026-07-26T00:20:00,18000,17005,S,40.40654,-3.6895106,10,True,6,6
2026-07-26T00:27:48Z,1004S76578C5,76578,C5,1,35606,35610,2026-07-26T00:01:00,35609,35607,A,40.34195,-3.8423326,10,False,1,1
2026-07-26T00:27:48Z,1004S27508C4b,27508,C4b,-1430,37012,37012,2026-07-26T00:33:00,37012,17005,S,40.24143,-3.769159,10,True,2,2
2026-07-26T00:27:48Z,1004S75268C10,75268,C10,-1431,10200,10200,2026-07-26T00:18:00,10200,17000,S,40.62599,-4.0081153,10,False,4,4
2026-07-26T00:27:48Z,1004S27643C8b,27643,C8b,-5,12002,12004,2026-07-27T00:06:00,12006,17000,A,40.69257,-4.035974,10,True,1,1
2026-07-26T00:27:48Z,1004S27506C4b,27506,C4b,3,37011,37012,2026-07-26T00:06:00,37012,17005,13.0,40.27857,-3.7384615,10,True,2,2
2026-07-26T00:27:48Z,1004S77098C5,77098,C5,2,35010,35002,2026-07-25T23:59:00,35002,37001,S,40.29673,-3.7924793,10,False,2,2
2026-07-26T00:27:48Z,1004S77099C5,77099,C5,0,35010,35011,2026-07-25T23:59:00,37001,35012,S,40.29673,-3.7924793,10,False,1,1
2026-07-26T00:27:48Z,1004S76265C5,76265,C5,-1440,18003,18003,2026-07-26T00:00:00,18003,37001,A,40.39592,-3.6779969,10,False,1,1
2026-07-26T00:32:56Z,3004S23743C5,23743,C5,13,43004,43003,2026-07-26T00:04:16,51003,43005,E,37.381527,-6.193782,30,False,1,3
2026-07-26T00:32:56Z,3004S23578C1,23578,C1,17,50602,50700,2026-07-26T00:03:13,51003,50600,E,37.58157,-5.6699624,30,False,2,2
2026-07-26T00:32:56Z,3104S23245C1,23245,C1,57,51300,51300,2026-07-25T23:59:00,51300,51405,E,36.680237,-6.12622,31,False,2,2
2026-07-26T00:32:56Z,3204S23405C1,23405,C1,-1440,54516,54516,2026-07-26T00:16:21,54516,54517,A,36.541843,-4.6237864,32,False,1,1
2026-07-26T00:32:56Z,3204S23400C1,23400,C1,4,54503,54501,2026-07-26T00:02:40,54517,54516,E,36.69222,-4.48376,32,False,2,2
2026-07-26T00:32:56Z,3204S23402C1,23402,C1,1,54512,54511,2026-07-26T00:03:25,54517,54516,E,36.582317,-4.5670233,32,False,2,1
2026-07-26T00:32:56Z,5104S77566R4,77566,R4,71,72206,72205,2026-07-26T00:04:44,71600,78700,E,41.370678,1.7253983,50,False,1,1
2026-07-26T00:32:56Z,5104S28393R2S,28393,R2S,-2,71802,71801,2026-07-26T00:01:45,71700,79400,A,41.379513,2.1412146,50,False,,
2026-07-26T00:32:56Z,5104S77464R4,77464,R4,92,71801,78805,2026-07-26T00:04:02,78600,71600,E,41.379536,2.1411612,50,False,9,1
2026-07-26T00:32:56Z,5104S25795R1,25795,R1,-1,79403,79404,2026-07-26T00:02:46,79500,72305,E,41.42436,2.2305613,50,False,,1
2026-07-26T00:32:56Z,5104S25567R2S,25567,R2S,35,71706,71705,2026-07-26T00:03:01,71600,79400,E,41.30322,2.010665,50,False,1,4
2026-07-26T00:32:56Z,5104S77468R4,77468,R4,37,72305,71801,2026-07-26T00:04:28,78700,71600,24.0,41.366352,2.1114275,50,False,,
2026-07-26T00:32:56Z,5104S35564R4,35564,R4,55,78802,78806,2026-07-26T00:01:30,72209,78600,21.0,41.42859,2.184213,50,False,2,2
2026-07-26T00:32:56Z,6004S35689C3,35689,C3,3,13101,13121,2026-07-25T23:59:56,13200,13100,E,43.04889,-3.0018198,60,False,,1
2026-07-26T00:32:56Z,6004S26577C3,26577,C3,-1440,13200,13200,2026-07-26T00:00:39,13200,13100,A,43.260048,-2.928512,60,False,5,5
2026-07-26T00:32:56Z,6004S26576C3,26576,C3,0,13108,13117,2026-07-26T00:00:20,13100,13200,E,43.16316,-2.9277587,60,False,,2
2026-07-26T00:32:56Z,6004S71553C4,71553,C4,6,05451,05451,2026-07-25T23:59:35,05451,05485,E,43.25962,-2.9268775,60,False,,
2026-07-26T00:32:56Z,6004S29573C2,29573,C2,-1420,13506,13506,2026-07-26T00:00:10,13506,13200,E,43.321514,-3.1123157,60,False,1,1
2026-07-26T00:32:56Z,6004S71550C4,71550,C4,1,05483,05485,2026-07-26T00:01:00,05485,05451,73.0,43.19154,-3.1950915,60,False,,
2026-07-26T00:32:56Z,6104S35654C1,35654,C1,4,11408,11407,2026-07-26T00:06:39,11404,11508,E,43.10187,-2.0972357,61,False,2,2
2026-07-26T00:32:56Z,6204S71185C2,71185,C2,2,05605,05604,2026-07-26T00:02:43,14223,05637,E,43.44074,-3.8995621,62,True,,2
2026-07-26T00:32:56Z,6204S35949C1,26949,C1,3,14216,14220,2026-07-26T00:08:38,14223,14202,E,43.353184,-3.9495938,62,True,1,1
2026-07-26T00:32:56Z,2004S86269C4,86269,C4,8,05211,05210,2026-07-26T00:00:00,15410,05211,E,43.58464,-5.772605,20,False,1,1
2026-07-26T00:32:56Z,2004S22132C1,22132,C1,3,15212,15217,2026-07-26T00:02:00,15218,15410,E,43.404537,-5.81196,20,False,2,2
2026-07-26T00:32:56Z,2004S86265C4,86265,C4,68,05211,05210,2026-07-26T00:00:00,15410,05211,E,43.58464,-5.772605,20,False,1,1
2026-07-26T00:32:56Z,2004S22050C1,22050,C1,89,15410,15401,2026-07-26T00:02:00,15122,15410,E,43.537712,-5.676047,20,False,1,2
2026-07-26T00:32:56Z,2004S22358C3,22358,C3,-1438,15218,15218,2026-07-26T00:02:00,15218,16405,E,43.3588,-5.8573804,20,False,1,1
2026-07-26T00:32:56Z,2004S22139C1,22139,C1,-1436,15211,15211,2026-07-26T00:19:00,15211,15122,E,43.36655,-5.854991,20,False,1,1
2026-07-26T00:32:56Z,2004S22372C3,22372,C3,3,16403,16401,2026-07-26T00:03:00,15211,16403,23.0,43.555103,-5.918247,20,False,1,2
2026-07-26T00:32:56Z,4104S84931C2,84931,C2,87,61200,06002,2026-07-26T00:34:00,06006,61200,E,37.97462,-1.1315287,41,False,1,2
2026-07-26T00:32:56Z,4104S24723C1,24723,C1,-1425,61200,61200,2026-07-26T00:14:00,61200,60911,S,37.974686,-1.131078,41,False,1,1
2026-07-26T00:32:56Z,1004S27313C4,27313,C4,4,18002,17000,2026-07-26T00:06:00,17000,37012,A,40.471325,-3.6833096,10,True,6,3
2026-07-26T00:32:56Z,1004S76567C5,76567,C5,0,35607,35607,2026-07-25T23:53:00,35607,35609,S,40.330883,-3.8823783,10,False,1,1
2026-07-26T00:32:56Z,1004S27512C4b,27512,C4b,0,17005,17004,2026-07-26T00:05:00,18000,17005,15.0,40.64925,-3.760631,10,True,3,3
2026-07-26T00:32:56Z,1004S75530C2,75530,C2,-3,70103,70107,2026-07-27T00:01:00,70200,17000,A,40.50538,-3.3352833,10,False,1,2
2026-07-26T00:32:56Z,1004S75035C8a,75035,C8a,19,10203,10203,2026-07-25T23:59:00,10203,17000,E,40.58532,-4.1321955,10,False,3,3
2026-07-26T00:32:56Z,1004S27317C4,27317,C4,-2,37002,37010,2026-07-27T00:01:00,17000,37012,A,40.323135,-3.7273622,10,True,1,1
2026-07-26T00:32:56Z,1004S27318C4a,27318,C4a,1436,19003,19002,2026-07-28T00:00:00,17000,19003,E,40.546417,-3.6351175,10,False,2,2
2026-07-26T00:32:56Z,1004S76571C5,76571,C5,-1439,35607,35607,2026-07-26T00:13:00,35607,35609,A,40.330883,-3.8823783,10,False,2,2
2026-07-26T00:32:56Z,1004S77100C5,77100,C5,0,37001,35009,2026-07-27T00:06:00,35002,37001,E,40.34132,-3.7123663,10,False,6,2
2026-07-26T00:32:56Z,1004S76569C5,76569,C5,0,35606,35607,2026-07-26T00:03:00,35607,35609,38.0,40.32908,-3.8704834,10,False,2,2
2026-07-26T00:32:56Z,1004S19945C1,19945,C1,0,98305,98304,2026-07-27T00:12:00,18000,98305,E,40.4924,-3.593483,10,False,2,1
2026-07-26T00:32:56Z,1004S75877C7,75877,C7,-1443,10000,10000,2026-07-27T00:09:00,10000,70103,A,40.42163,-3.7193205,10,True,1,1
2026-07-26T00:32:56Z,1004S75875C7,75875,C7,15,10000,10000,2026-07-25T23:59:00,10000,70103,E,40.42163,-3.7193205,10,False,3,3
2026-07-26T00:32:56Z,1004S76792C5,76792,C5,0,37001,35009,2026-07-25T23:58:00,35012,37001,S,40.25559,-3.8284667,10,False,4,2
2026-07-26T00:32:56Z,1004S75172C10,75172,C10,-1440,17000,17000,2026-07-27T00:19:00,17000,10200,E,40.470848,-3.682503,10,False,12,12
2026-07-26T00:32:56Z,1004S27090C3,27090,C3,-1418,60200,60200,2026-07-26T00:00:00,60200,17000,E,40.035027,-3.6189713,10,True,3,3
2026-07-26T00:32:56Z,1004S27094C3,27094,C3,-1432,60200,60200,2026-07-26T00:45:00,60200,17000,E,40.035027,-3.6189713,10,True,3,3
2026-07-26T00:32:56Z,1004S75037C8a,75037,C8a,6,97100,10100,2026-07-26T00:10:00,10203,17000,8.0,40.493187,-3.738863,10,False,1,3
2026-07-26T00:32:56Z,1004S27095C3,27095,C3,4,60104,60103,2026-07-26T00:04:00,17000,60200,18.0,40.20548,-3.671167,10,False,1,1
2026-07-26T00:32:56Z,1004S27093C3,27093,C3,-1435,17000,17000,2026-07-26T00:13:00,17000,60200,E,40.471382,-3.6834786,10,True,5,5
2026-07-26T00:32:56Z,1004S76573C5,76573,C5,-1440,35607,35607,2026-07-26T00:23:00,35607,35609,E,40.330883,-3.8823783,10,False,2,2
2026-07-26T00:32:56Z,1004S76794C5,76794,C5,0,37001,35009,2026-07-27T00:16:00,35012,37001,E,40.34132,-3.7123663,10,False,6,2
2026-07-26T00:32:56Z,1004S76575C5,76575,C5,1,35609,35608,2026-07-27T00:11:00,35607,35609,E,40.405067,-3.7026901,10,False,2,2
2026-07-26T00:32:56Z,1004S27316C4a,27316,C4a,3,18002,18101,2026-07-26T00:03:00,18000,19003,23.0,40.439056,-3.6927862,10,True,8,2
2026-07-26T00:32:56Z,1004S19940C1,19940,C1,-1440,98305,98305,2026-07-27T00:05:00,98305,17000,A,40.4924,-3.593483,10,False,1,1
2026-07-26T00:32:56Z,1004S76576C5,76576,C5,0,35601,35600,2026-07-25T23:59:00,35609,35607,S,40.38357,-3.7686734,10,False,1,1
2026-07-26T00:32:56Z,1004S75529C2,75529,C2,-1439,17000,17000,2026-07-27T00:13:00,17000,70200,S,40.47097,-3.68245,10,False,10,10
2026-07-26T00:32:56Z,1004S27510C4b,27510,C4b,-1436,18000,18000,2026-07-26T00:20:00,18000,17005,S,40.40654,-3.6895106,10,True,6,6
2026-07-26T00:32:56Z,1004S76578C5,76578,C5,1,35606,35610,2026-07-26T00:01:00,35609,35607,A,40.34195,-3.8423326,10,False,1,1
2026-07-26T00:32:56Z,1004S27508C4b,27508,C4b,-1430,37012,37012,2026-07-26T00:33:00,37012,17005,S,40.24143,-3.769159,10,True,2,2
2026-07-26T00:32:56Z,1004S75268C10,75268,C10,-1431,10200,10200,2026-07-26T00:18:00,10200,17000,S,40.62599,-4.0081153,10,False,4,4
2026-07-26T00:32:56Z,1004S27643C8b,27643,C8b,-5,12002,12004,2026-07-27T00:06:00,12006,17000,A,40.69257,-4.035974,10,True,1,1
2026-07-26T00:32:56Z,1004S27506C4b,27506,C4b,3,37011,37012,2026-07-26T00:06:00,37012,17005,13.0,40.27857,-3.7384615,10,True,2,2
2026-07-26T00:32:56Z,1004S77098C5,77098,C5,2,35010,35002,2026-07-25T23:59:00,35002,37001,S,40.29673,-3.7924793,10,False,2,2
2026-07-26T00:32:56Z,1004S77099C5,77099,C5,0,35010,35011,2026-07-25T23:59:00,37001,35012,S,40.29673,-3.7924793,10,False,1,1
2026-07-26T00:32:56Z,1004S76265C5,76265,C5,-1440,18003,18003,2026-07-26T00:00:00,18003,37001,A,40.39592,-3.6779969,10,False,1,1
2026-07-26T00:37:37Z,3004S23743C5,23743,C5,13,43004,43003,2026-07-26T00:04:16,51003,43005,E,37.381527,-6.193782,30,False,1,3
2026-07-26T00:37:37Z,3004S23578C1,23578,C1,17,50602,50700,2026-07-26T00:03:13,51003,50600,E,37.58157,-5.6699624,30,False,2,2
2026-07-26T00:37:37Z,3104S23245C1,23245,C1,57,51300,51300,2026-07-25T23:59:00,51300,51405,E,36.680237,-6.12622,31,False,2,2
2026-07-26T00:37:37Z,3204S23405C1,23405,C1,-1440,54516,54516,2026-07-26T00:16:21,54516,54517,A,36.541843,-4.6237864,32,False,1,1
2026-07-26T00:37:37Z,3204S23400C1,23400,C1,4,54503,54501,2026-07-26T00:02:40,54517,54516,E,36.69222,-4.48376,32,False,2,2
2026-07-26T00:37:37Z,3204S23402C1,23402,C1,1,54512,54511,2026-07-26T00:03:25,54517,54516,E,36.582317,-4.5670233,32,False,2,1
2026-07-26T00:37:37Z,5104S77566R4,77566,R4,71,72206,72205,2026-07-26T00:04:44,71600,78700,E,41.370678,1.7253983,50,False,1,1
2026-07-26T00:37:37Z,5104S28393R2S,28393,R2S,-2,71802,71801,2026-07-26T00:01:45,71700,79400,A,41.379513,2.1412146,50,False,,
2026-07-26T00:37:37Z,5104S77464R4,77464,R4,92,71801,78805,2026-07-26T00:04:02,78600,71600,E,41.379536,2.1411612,50,False,9,1
2026-07-26T00:37:37Z,5104S25795R1,25795,R1,-1,79403,79404,2026-07-26T00:02:46,79500,72305,E,41.42436,2.2305613,50,False,,1
2026-07-26T00:37:37Z,5104S25567R2S,25567,R2S,35,71706,71705,2026-07-26T00:03:01,71600,79400,E,41.30322,2.010665,50,False,1,4
2026-07-26T00:37:37Z,5104S77468R4,77468,R4,37,72305,71801,2026-07-26T00:04:28,78700,71600,24.0,41.366352,2.1114275,50,False,,
2026-07-26T00:37:37Z,5104S35564R4,35564,R4,55,78802,78806,2026-07-26T00:01:30,72209,78600,21.0,41.42859,2.184213,50,False,2,2
2026-07-26T00:37:37Z,6004S35689C3,35689,C3,3,13101,13121,2026-07-25T23:59:56,13200,13100,E,43.04889,-3.0018198,60,False,,1
2026-07-26T00:37:37Z,6004S26577C3,26577,C3,-1440,13200,13200,2026-07-26T00:00:39,13200,13100,A,43.260048,-2.928512,60,False,5,5
2026-07-26T00:37:37Z,6004S26576C3,26576,C3,0,13108,13117,2026-07-26T00:00:20,13100,13200,E,43.16316,-2.9277587,60,False,,2
2026-07-26T00:37:37Z,6004S71553C4,71553,C4,6,05451,05451,2026-07-25T23:59:35,05451,05485,E,43.25962,-2.9268775,60,False,,
2026-07-26T00:37:37Z,6004S29573C2,29573,C2,-1420,13506,13506,2026-07-26T00:00:10,13506,13200,E,43.321514,-3.1123157,60,False,1,1
2026-07-26T00:37:37Z,6004S71550C4,71550,C4,1,05483,05485,2026-07-26T00:01:00,05485,05451,73.0,43.19154,-3.1950915,60,False,,
2026-07-26T00:37:37Z,6104S35654C1,35654,C1,4,11408,11407,2026-07-26T00:06:39,11404,11508,E,43.10187,-2.0972357,61,False,2,2
2026-07-26T00:37:37Z,6204S71185C2,71185,C2,2,05605,05604,2026-07-26T00:02:43,14223,05637,E,43.44074,-3.8995621,62,True,,2
2026-07-26T00:37:37Z,6204S35949C1,26949,C1,3,14216,14220,2026-07-26T00:08:38,14223,14202,E,43.353184,-3.9495938,62,True,1,1
2026-07-26T00:37:37Z,2004S86269C4,86269,C4,8,05211,05210,2026-07-26T00:00:00,15410,05211,E,43.58464,-5.772605,20,False,1,1
2026-07-26T00:37:37Z,2004S22132C1,22132,C1,3,15212,15217,2026-07-26T00:02:00,15218,15410,E,43.404537,-5.81196,20,False,2,2
2026-07-26T00:37:37Z,2004S86265C4,86265,C4,68,05211,05210,2026-07-26T00:00:00,15410,05211,E,43.58464,-5.772605,20,False,1,1
2026-07-26T00:37:37Z,2004S22050C1,22050,C1,89,15410,15401,2026-07-26T00:02:00,15122,15410,E,43.537712,-5.676047,20,False,1,2
2026-07-26T00:37:37Z,2004S22358C3,22358,C3,-1438,15218,15218,2026-07-26T00:02:00,15218,16405,E,43.3588,-5.8573804,20,False,1,1
2026-07-26T00:37:37Z,2004S22139C1,22139,C1,-1436,15211,15211,2026-07-26T00:19:00,15211,15122,E,43.36655,-5.854991,20,False,1,1
2026-07-26T00:37:37Z,2004S22372C3,22372,C3,3,16403,16401,2026-07-26T00:03:00,15211,16403,23.0,43.555103,-5.918247,20,False,1,2
2026-07-26T00:37:37Z,4104S84931C2,84931,C2,87,61200,06002,2026-07-26T00:34:00,06006,61200,E,37.97462,-1.1315287,41,False,1,2
2026-07-26T00:37:37Z,4104S24723C1,24723,C1,-1425,61200,61200,2026-07-26T00:14:00,61200,60911,S,37.974686,-1.131078,41,False,1,1
2026-07-26T00:37:37Z,1004S27313C4,27313,C4,4,18002,17000,2026-07-26T00:06:00,17000,37012,A,40.471325,-3.6833096,10,True,6,3
2026-07-26T00:37:37Z,1004S76567C5,76567,C5,0,35607,35607,2026-07-25T23:53:00,35607,35609,S,40.330883,-3.8823783,10,False,1,1
2026-07-26T00:37:37Z,1004S27512C4b,27512,C4b,0,17005,17004,2026-07-26T00:05:00,18000,17005,15.0,40.64925,-3.760631,10,True,3,3
2026-07-26T00:37:37Z,1004S75530C2,75530,C2,-3,70103,70107,2026-07-27T00:01:00,70200,17000,A,40.50538,-3.3352833,10,False,1,2
2026-07-26T00:37:37Z,1004S75035C8a,75035,C8a,19,10203,10203,2026-07-25T23:59:00,10203,17000,E,40.58532,-4.1321955,10,False,3,3
2026-07-26T00:37:37Z,1004S27317C4,27317,C4,-2,37002,37010,2026-07-27T00:01:00,17000,37012,A,40.323135,-3.7273622,10,True,1,1
2026-07-26T00:37:37Z,1004S27318C4a,27318,C4a,1436,19003,19002,2026-07-28T00:00:00,17000,19003,E,40.546417,-3.6351175,10,False,2,2
2026-07-26T00:37:37Z,1004S76571C5,76571,C5,-1439,35607,35607,2026-07-26T00:13:00,35607,35609,A,40.330883,-3.8823783,10,False,2,2
2026-07-26T00:37:37Z,1004S77100C5,77100,C5,0,37001,35009,2026-07-27T00:06:00,35002,37001,E,40.34132,-3.7123663,10,False,6,2
2026-07-26T00:37:37Z,1004S76569C5,76569,C5,0,35606,35607,2026-07-26T00:03:00,35607,35609,38.0,40.32908,-3.8704834,10,False,2,2
2026-07-26T00:37:37Z,1004S19945C1,19945,C1,0,98305,98304,2026-07-27T00:12:00,18000,98305,E,40.4924,-3.593483,10,False,2,1
2026-07-26T00:37:37Z,1004S75877C7,75877,C7,-1443,10000,10000,2026-07-27T00:09:00,10000,70103,A,40.42163,-3.7193205,10,True,1,1
2026-07-26T00:37:37Z,1004S75875C7,75875,C7,15,10000,10000,2026-07-25T23:59:00,10000,70103,E,40.42163,-3.7193205,10,False,3,3
2026-07-26T00:37:37Z,1004S76792C5,76792,C5,0,37001,35009,2026-07-25T23:58:00,35012,37001,S,40.25559,-3.8284667,10,False,4,2
2026-07-26T00:37:37Z,1004S75172C10,75172,C10,-1440,17000,17000,2026-07-27T00:19:00,17000,10200,E,40.470848,-3.682503,10,False,12,12
2026-07-26T00:37:37Z,1004S27090C3,27090,C3,-1418,60200,60200,2026-07-26T00:00:00,60200,17000,E,40.035027,-3.6189713,10,True,3,3
2026-07-26T00:37:37Z,1004S27094C3,27094,C3,-1432,60200,60200,2026-07-26T00:45:00,60200,17000,E,40.035027,-3.6189713,10,True,3,3
2026-07-26T00:37:37Z,1004S75037C8a,75037,C8a,6,97100,10100,2026-07-26T00:10:00,10203,17000,8.0,40.493187,-3.738863,10,False,1,3
2026-07-26T00:37:37Z,1004S27095C3,27095,C3,4,60104,60103,2026-07-26T00:04:00,17000,60200,18.0,40.20548,-3.671167,10,False,1,1
2026-07-26T00:37:37Z,1004S27093C3,27093,C3,-1435,17000,17000,2026-07-26T00:13:00,17000,60200,E,40.471382,-3.6834786,10,True,5,5
2026-07-26T00:37:37Z,1004S76573C5,76573,C5,-1440,35607,35607,2026-07-26T00:23:00,35607,35609,E,40.330883,-3.8823783,10,False,2,2
2026-07-26T00:37:37Z,1004S76794C5,76794,C5,0,37001,35009,2026-07-27T00:16:00,35012,37001,E,40.34132,-3.7123663,10,False,6,2
2026-07-26T00:37:37Z,1004S76575C5,76575,C5,1,35609,35608,2026-07-27T00:11:00,35607,35609,E,40.405067,-3.7026901,10,False,2,2
2026-07-26T00:37:37Z,1004S27316C4a,27316,C4a,3,18002,18101,2026-07-26T00:03:00,18000,19003,23.0,40.439056,-3.6927862,10,True,8,2
2026-07-26T00:37:37Z,1004S19940C1,19940,C1,-1440,98305,98305,2026-07-27T00:05:00,98305,17000,A,40.4924,-3.593483,10,False,1,1
2026-07-26T00:37:37Z,1004S76576C5,76576,C5,0,35601,35600,2026-07-25T23:59:00,35609,35607,S,40.38357,-3.7686734,10,False,1,1
2026-07-26T00:37:37Z,1004S75529C2,75529,C2,-1439,17000,17000,2026-07-27T00:13:00,17000,70200,S,40.47097,-3.68245,10,False,10,10
2026-07-26T00:37:37Z,1004S27510C4b,27510,C4b,-1436,18000,18000,2026-07-26T00:20:00,18000,17005,S,40.40654,-3.6895106,10,True,6,6
2026-07-26T00:37:37Z,1004S76578C5,76578,C5,1,35606,35610,2026-07-26T00:01:00,35609,35607,A,40.34195,-3.8423326,10,False,1,1
2026-07-26T00:37:37Z,1004S27508C4b,27508,C4b,-1430,37012,37012,2026-07-26T00:33:00,37012,17005,S,40.24143,-3.769159,10,True,2,2
2026-07-26T00:37:37Z,1004S75268C10,75268,C10,-1431,10200,10200,2026-07-26T00:18:00,10200,17000,S,40.62599,-4.0081153,10,False,4,4
2026-07-26T00:37:37Z,1004S27643C8b,27643,C8b,-5,12002,12004,2026-07-27T00:06:00,12006,17000,A,40.69257,-4.035974,10,True,1,1
2026-07-26T00:37:37Z,1004S27506C4b,27506,C4b,3,37011,37012,2026-07-26T00:06:00,37012,17005,13.0,40.27857,-3.7384615,10,True,2,2
2026-07-26T00:37:37Z,1004S77098C5,77098,C5,2,35010,35002,2026-07-25T23:59:00,35002,37001,S,40.29673,-3.7924793,10,False,2,2
2026-07-26T00:37:37Z,1004S77099C5,77099,C5,0,35010,35011,2026-07-25T23:59:00,37001,35012,S,40.29673,-3.7924793,10,False,1,1
2026-07-26T00:37:37Z,1004S76265C5,76265,C5,-1440,18003,18003,2026-07-26T00:00:00,18003,37001,A,40.39592,-3.6779969,10,False,1,1
2026-07-26T00:42:55Z,3004S23743C5,23743,C5,13,43004,43003,2026-07-26T00:04:16,51003,43005,E,37.381527,-6.193782,30,False,1,3
2026-07-26T00:42:55Z,3004S23578C1,23578,C1,17,50602,50700,2026-07-26T00:03:13,51003,50600,E,37.58157,-5.6699624,30,False,2,2
2026-07-26T00:42:55Z,3104S23245C1,23245,C1,57,51300,51300,2026-07-25T23:59:00,51300,51405,E,36.680237,-6.12622,31,False,2,2
2026-07-26T00:42:55Z,3204S23405C1,23405,C1,-1440,54516,54516,2026-07-26T00:16:21,54516,54517,A,36.541843,-4.6237864,32,False,1,1
2026-07-26T00:42:55Z,3204S23400C1,23400,C1,4,54503,54501,2026-07-26T00:02:40,54517,54516,E,36.69222,-4.48376,32,False,2,2
2026-07-26T00:42:55Z,3204S23402C1,23402,C1,1,54512,54511,2026-07-26T00:03:25,54517,54516,E,36.582317,-4.5670233,32,False,2,1
2026-07-26T00:42:55Z,5104S77566R4,77566,R4,71,72206,72205,2026-07-26T00:04:44,71600,78700,E,41.370678,1.7253983,50,False,1,1
2026-07-26T00:42:55Z,5104S28393R2S,28393,R2S,-2,71802,71801,2026-07-26T00:01:45,71700,79400,A,41.379513,2.1412146,50,False,,
2026-07-26T00:42:55Z,5104S77464R4,77464,R4,92,71801,78805,2026-07-26T00:04:02,78600,71600,E,41.379536,2.1411612,50,False,9,1
2026-07-26T00:42:55Z,5104S25795R1,25795,R1,-1,79403,79404,2026-07-26T00:02:46,79500,72305,E,41.42436,2.2305613,50,False,,1
2026-07-26T00:42:55Z,5104S25567R2S,25567,R2S,35,71706,71705,2026-07-26T00:03:01,71600,79400,E,41.30322,2.010665,50,False,1,4
2026-07-26T00:42:55Z,5104S77468R4,77468,R4,37,72305,71801,2026-07-26T00:04:28,78700,71600,24.0,41.366352,2.1114275,50,False,,
2026-07-26T00:42:55Z,5104S35564R4,35564,R4,55,78802,78806,2026-07-26T00:01:30,72209,78600,21.0,41.42859,2.184213,50,False,2,2
2026-07-26T00:42:55Z,6004S35689C3,35689,C3,3,13101,13121,2026-07-25T23:59:56,13200,13100,E,43.04889,-3.0018198,60,False,,1
2026-07-26T00:42:55Z,6004S26577C3,26577,C3,-1440,13200,13200,2026-07-26T00:00:39,13200,13100,A,43.260048,-2.928512,60,False,5,5
2026-07-26T00:42:55Z,6004S26576C3,26576,C3,0,13108,13117,2026-07-26T00:00:20,13100,13200,E,43.16316,-2.9277587,60,False,,2
2026-07-26T00:42:55Z,6004S71553C4,71553,C4,6,05451,05451,2026-07-25T23:59:35,05451,05485,E,43.25962,-2.9268775,60,False,,
2026-07-26T00:42:55Z,6004S29573C2,29573,C2,-1420,13506,13506,2026-07-26T00:00:10,13506,13200,E,43.321514,-3.1123157,60,False,1,1
2026-07-26T00:42:55Z,6004S71550C4,71550,C4,1,05483,05485,2026-07-26T00:01:00,05485,05451,73.0,43.19154,-3.1950915,60,False,,
2026-07-26T00:42:55Z,6104S35654C1,35654,C1,4,11408,11407,2026-07-26T00:06:39,11404,11508,E,43.10187,-2.0972357,61,False,2,2
2026-07-26T00:42:55Z,6204S71185C2,71185,C2,2,05605,05604,2026-07-26T00:02:43,14223,05637,E,43.44074,-3.8995621,62,True,,2
2026-07-26T00:42:55Z,6204S35949C1,26949,C1,3,14216,14220,2026-07-26T00:08:38,14223,14202,E,43.353184,-3.9495938,62,True,1,1
2026-07-26T00:42:55Z,2004S86269C4,86269,C4,8,05211,05210,2026-07-26T00:00:00,15410,05211,E,43.58464,-5.772605,20,False,1,1
2026-07-26T00:42:55Z,2004S22132C1,22132,C1,3,15212,15217,2026-07-26T00:02:00,15218,15410,E,43.404537,-5.81196,20,False,2,2
2026-07-26T00:42:55Z,2004S86265C4,86265,C4,68,05211,05210,2026-07-26T00:00:00,15410,05211,E,43.58464,-5.772605,20,False,1,1
2026-07-26T00:42:55Z,2004S22050C1,22050,C1,89,15410,15401,2026-07-26T00:02:00,15122,15410,E,43.537712,-5.676047,20,False,1,2
2026-07-26T00:42:55Z,2004S22358C3,22358,C3,-1438,15218,15218,2026-07-26T00:02:00,15218,16405,E,43.3588,-5.8573804,20,False,1,1
2026-07-26T00:42:55Z,2004S22139C1,22139,C1,-1436,15211,15211,2026-07-26T00:19:00,15211,15122,E,43.36655,-5.854991,20,False,1,1
2026-07-26T00:42:55Z,2004S22372C3,22372,C3,3,16403,16401,2026-07-26T00:03:00,15211,16403,23.0,43.555103,-5.918247,20,False,1,2
2026-07-26T00:42:55Z,4104S84931C2,84931,C2,87,61200,06002,2026-07-26T00:34:00,06006,61200,E,37.97462,-1.1315287,41,False,1,2
2026-07-26T00:42:55Z,4104S24723C1,24723,C1,-1425,61200,61200,2026-07-26T00:14:00,61200,60911,S,37.974686,-1.131078,41,False,1,1
2026-07-26T00:42:55Z,1004S27313C4,27313,C4,4,18002,17000,2026-07-26T00:06:00,17000,37012,A,40.471325,-3.6833096,10,True,6,3
2026-07-26T00:42:55Z,1004S76567C5,76567,C5,0,35607,35607,2026-07-25T23:53:00,35607,35609,S,40.330883,-3.8823783,10,False,1,1
2026-07-26T00:42:55Z,1004S27512C4b,27512,C4b,0,17005,17004,2026-07-26T00:05:00,18000,17005,15.0,40.64925,-3.760631,10,True,3,3
2026-07-26T00:42:55Z,1004S75530C2,75530,C2,-3,70103,70107,2026-07-27T00:01:00,70200,17000,A,40.50538,-3.3352833,10,False,1,2
2026-07-26T00:42:55Z,1004S75035C8a,75035,C8a,19,10203,10203,2026-07-25T23:59:00,10203,17000,E,40.58532,-4.1321955,10,False,3,3
2026-07-26T00:42:55Z,1004S27317C4,27317,C4,-2,37002,37010,2026-07-27T00:01:00,17000,37012,A,40.323135,-3.7273622,10,True,1,1
2026-07-26T00:42:55Z,1004S27318C4a,27318,C4a,1436,19003,19002,2026-07-28T00:00:00,17000,19003,E,40.546417,-3.6351175,10,False,2,2
2026-07-26T00:42:55Z,1004S76571C5,76571,C5,-1439,35607,35607,2026-07-26T00:13:00,35607,35609,A,40.330883,-3.8823783,10,False,2,2
2026-07-26T00:42:55Z,1004S77100C5,77100,C5,0,37001,35009,2026-07-27T00:06:00,35002,37001,E,40.34132,-3.7123663,10,False,6,2
2026-07-26T00:42:55Z,1004S76569C5,76569,C5,0,35606,35607,2026-07-26T00:03:00,35607,35609,38.0,40.32908,-3.8704834,10,False,2,2
2026-07-26T00:42:55Z,1004S19945C1,19945,C1,0,98305,98304,2026-07-27T00:12:00,18000,98305,E,40.4924,-3.593483,10,False,2,1
2026-07-26T00:42:55Z,1004S75877C7,75877,C7,-1443,10000,10000,2026-07-27T00:09:00,10000,70103,A,40.42163,-3.7193205,10,True,1,1
2026-07-26T00:42:55Z,1004S75875C7,75875,C7,15,10000,10000,2026-07-25T23:59:00,10000,70103,E,40.42163,-3.7193205,10,False,3,3
2026-07-26T00:42:55Z,1004S76792C5,76792,C5,0,37001,35009,2026-07-25T23:58:00,35012,37001,S,40.25559,-3.8284667,10,False,4,2
2026-07-26T00:42:55Z,1004S75172C10,75172,C10,-1440,17000,17000,2026-07-27T00:19:00,17000,10200,E,40.470848,-3.682503,10,False,12,12
2026-07-26T00:42:55Z,1004S27090C3,27090,C3,-1418,60200,60200,2026-07-26T00:00:00,60200,17000,E,40.035027,-3.6189713,10,True,3,3
2026-07-26T00:42:55Z,1004S27094C3,27094,C3,-1432,60200,60200,2026-07-26T00:45:00,60200,17000,E,40.035027,-3.6189713,10,True,3,3
2026-07-26T00:42:55Z,1004S75037C8a,75037,C8a,6,97100,10100,2026-07-26T00:10:00,10203,17000,8.0,40.493187,-3.738863,10,False,1,3
2026-07-26T00:42:55Z,1004S27095C3,27095,C3,4,60104,60103,2026-07-26T00:04:00,17000,60200,18.0,40.20548,-3.671167,10,False,1,1
2026-07-26T00:42:55Z,1004S27093C3,27093,C3,-1435,17000,17000,2026-07-26T00:13:00,17000,60200,E,40.471382,-3.6834786,10,True,5,5
2026-07-26T00:42:55Z,1004S76573C5,76573,C5,-1440,35607,35607,2026-07-26T00:23:00,35607,35609,E,40.330883,-3.8823783,10,False,2,2
2026-07-26T00:42:55Z,1004S76794C5,76794,C5,0,37001,35009,2026-07-27T00:16:00,35012,37001,E,40.34132,-3.7123663,10,False,6,2
2026-07-26T00:42:55Z,1004S76575C5,76575,C5,1,35609,35608,2026-07-27T00:11:00,35607,35609,E,40.405067,-3.7026901,10,False,2,2
2026-07-26T00:42:55Z,1004S27316C4a,27316,C4a,3,18002,18101,2026-07-26T00:03:00,18000,19003,23.0,40.439056,-3.6927862,10,True,8,2
2026-07-26T00:42:55Z,1004S19940C1,19940,C1,-1440,98305,98305,2026-07-27T00:05:00,98305,17000,A,40.4924,-3.593483,10,False,1,1
2026-07-26T00:42:55Z,1004S76576C5,76576,C5,0,35601,35600,2026-07-25T23:59:00,35609,35607,S,40.38357,-3.7686734,10,False,1,1
2026-07-26T00:42:55Z,1004S75529C2,75529,C2,-1439,17000,17000,2026-07-27T00:13:00,17000,70200,S,40.47097,-3.68245,10,False,10,10
2026-07-26T00:42:55Z,1004S27510C4b,27510,C4b,-1436,18000,18000,2026-07-26T00:20:00,18000,17005,S,40.40654,-3.6895106,10,True,6,6
2026-07-26T00:42:55Z,1004S76578C5,76578,C5,1,35606,35610,2026-07-26T00:01:00,35609,35607,A,40.34195,-3.8423326,10,False,1,1
2026-07-26T00:42:55Z,1004S27508C4b,27508,C4b,-1430,37012,37012,2026-07-26T00:33:00,37012,17005,S,40.24143,-3.769159,10,True,2,2
2026-07-26T00:42:55Z,1004S75268C10,75268,C10,-1431,10200,10200,2026-07-26T00:18:00,10200,17000,S,40.62599,-4.0081153,10,False,4,4
2026-07-26T00:42:55Z,1004S27643C8b,27643,C8b,-5,12002,12004,2026-07-27T00:06:00,12006,17000,A,40.69257,-4.035974,10,True,1,1
2026-07-26T00:42:55Z,1004S27506C4b,27506,C4b,3,37011,37012,2026-07-26T00:06:00,37012,17005,13.0,40.27857,-3.7384615,10,True,2,2
2026-07-26T00:42:55Z,1004S77098C5,77098,C5,2,35010,35002,2026-07-25T23:59:00,35002,37001,S,40.29673,-3.7924793,10,False,2,2
2026-07-26T00:42:55Z,1004S77099C5,77099,C5,0,35010,35011,2026-07-25T23:59:00,37001,35012,S,40.29673,-3.7924793,10,False,1,1
2026-07-26T00:42:55Z,1004S76265C5,76265,C5,-1440,18003,18003,2026-07-26T00:00:00,18003,37001,A,40.39592,-3.6779969,10,False,1,1
2026-07-26T00:47:41Z,3004S23743C5,23743,C5,13,43004,43003,2026-07-26T00:04:16,51003,43005,E,37.381527,-6.193782,30,False,1,3
2026-07-26T00:47:41Z,3004S23578C1,23578,C1,17,50602,50700,2026-07-26T00:03:13,51003,50600,E,37.58157,-5.6699624,30,False,2,2
2026-07-26T00:47:41Z,3104S23245C1,23245,C1,57,51300,51300,2026-07-25T23:59:00,51300,51405,E,36.680237,-6.12622,31,False,2,2
2026-07-26T00:47:41Z,3204S23405C1,23405,C1,-1440,54516,54516,2026-07-26T00:16:21,54516,54517,A,36.541843,-4.6237864,32,False,1,1
2026-07-26T00:47:41Z,3204S23400C1,23400,C1,4,54503,54501,2026-07-26T00:02:40,54517,54516,E,36.69222,-4.48376,32,False,2,2
2026-07-26T00:47:41Z,3204S23402C1,23402,C1,1,54512,54511,2026-07-26T00:03:25,54517,54516,E,36.582317,-4.5670233,32,False,2,1
2026-07-26T00:47:41Z,5104S77566R4,77566,R4,71,72206,72205,2026-07-26T00:04:44,71600,78700,E,41.370678,1.7253983,50,False,1,1
2026-07-26T00:47:41Z,5104S28393R2S,28393,R2S,-2,71802,71801,2026-07-26T00:01:45,71700,79400,A,41.379513,2.1412146,50,False,,
2026-07-26T00:47:41Z,5104S77464R4,77464,R4,92,71801,78805,2026-07-26T00:04:02,78600,71600,E,41.379536,2.1411612,50,False,9,1
2026-07-26T00:47:41Z,5104S25795R1,25795,R1,-1,79403,79404,2026-07-26T00:02:46,79500,72305,E,41.42436,2.2305613,50,False,,1
2026-07-26T00:47:41Z,5104S25567R2S,25567,R2S,35,71706,71705,2026-07-26T00:03:01,71600,79400,E,41.30322,2.010665,50,False,1,4
2026-07-26T00:47:41Z,5104S77468R4,77468,R4,37,72305,71801,2026-07-26T00:04:28,78700,71600,24.0,41.366352,2.1114275,50,False,,
2026-07-26T00:47:41Z,5104S35564R4,35564,R4,55,78802,78806,2026-07-26T00:01:30,72209,78600,21.0,41.42859,2.184213,50,False,2,2
2026-07-26T00:47:41Z,6004S35689C3,35689,C3,3,13101,13121,2026-07-25T23:59:56,13200,13100,E,43.04889,-3.0018198,60,False,,1
2026-07-26T00:47:41Z,6004S26577C3,26577,C3,-1440,13200,13200,2026-07-26T00:00:39,13200,13100,A,43.260048,-2.928512,60,False,5,5
2026-07-26T00:47:41Z,6004S26576C3,26576,C3,0,13108,13117,2026-07-26T00:00:20,13100,13200,E,43.16316,-2.9277587,60,False,,2
2026-07-26T00:47:41Z,6004S71553C4,71553,C4,6,05451,05451,2026-07-25T23:59:35,05451,05485,E,43.25962,-2.9268775,60,False,,
2026-07-26T00:47:41Z,6004S29573C2,29573,C2,-1420,13506,13506,2026-07-26T00:00:10,13506,13200,E,43.321514,-3.1123157,60,False,1,1
2026-07-26T00:47:41Z,6004S71550C4,71550,C4,1,05483,05485,2026-07-26T00:01:00,05485,05451,73.0,43.19154,-3.1950915,60,False,,
2026-07-26T00:47:41Z,6104S35654C1,35654,C1,4,11408,11407,2026-07-26T00:06:39,11404,11508,E,43.10187,-2.0972357,61,False,2,2
2026-07-26T00:47:41Z,6204S71185C2,71185,C2,2,05605,05604,2026-07-26T00:02:43,14223,05637,E,43.44074,-3.8995621,62,True,,2
2026-07-26T00:47:41Z,6204S35949C1,26949,C1,3,14216,14220,2026-07-26T00:08:38,14223,14202,E,43.353184,-3.9495938,62,True,1,1
2026-07-26T00:47:41Z,2004S86269C4,86269,C4,8,05211,05210,2026-07-26T00:00:00,15410,05211,E,43.58464,-5.772605,20,False,1,1
2026-07-26T00:47:41Z,2004S22132C1,22132,C1,3,15212,15217,2026-07-26T00:02:00,15218,15410,E,43.404537,-5.81196,20,False,2,2
2026-07-26T00:47:41Z,2004S86265C4,86265,C4,68,05211,05210,2026-07-26T00:00:00,15410,05211,E,43.58464,-5.772605,20,False,1,1
2026-07-26T00:47:41Z,2004S22050C1,22050,C1,89,15410,15401,2026-07-26T00:02:00,15122,15410,E,43.537712,-5.676047,20,False,1,2
2026-07-26T00:47:41Z,2004S22358C3,22358,C3,-1438,15218,15218,2026-07-26T00:02:00,15218,16405,E,43.3588,-5.8573804,20,False,1,1
2026-07-26T00:47:41Z,2004S22139C1,22139,C1,-1436,15211,15211,2026-07-26T00:19:00,15211,15122,E,43.36655,-5.854991,20,False,1,1
2026-07-26T00:47:41Z,2004S22372C3,22372,C3,3,16403,16401,2026-07-26T00:03:00,15211,16403,23.0,43.555103,-5.918247,20,False,1,2
2026-07-26T00:47:41Z,4104S84931C2,84931,C2,87,61200,06002,2026-07-26T00:34:00,06006,61200,E,37.97462,-1.1315287,41,False,1,2
2026-07-26T00:47:41Z,4104S24723C1,24723,C1,-1425,61200,61200,2026-07-26T00:14:00,61200,60911,S,37.974686,-1.131078,41,False,1,1
2026-07-26T00:47:41Z,1004S27313C4,27313,C4,4,18002,17000,2026-07-26T00:06:00,17000,37012,A,40.471325,-3.6833096,10,True,6,3
2026-07-26T00:47:41Z,1004S76567C5,76567,C5,0,35607,35607,2026-07-25T23:53:00,35607,35609,S,40.330883,-3.8823783,10,False,1,1
2026-07-26T00:47:41Z,1004S27512C4b,27512,C4b,0,17005,17004,2026-07-26T00:05:00,18000,17005,15.0,40.64925,-3.760631,10,True,3,3
2026-07-26T00:47:41Z,1004S75530C2,75530,C2,-3,70103,70107,2026-07-27T00:01:00,70200,17000,A,40.50538,-3.3352833,10,False,1,2
2026-07-26T00:47:41Z,1004S75035C8a,75035,C8a,19,10203,10203,2026-07-25T23:59:00,10203,17000,E,40.58532,-4.1321955,10,False,3,3
2026-07-26T00:47:41Z,1004S27317C4,27317,C4,-2,37002,37010,2026-07-27T00:01:00,17000,37012,A,40.323135,-3.7273622,10,True,1,1
2026-07-26T00:47:41Z,1004S27318C4a,27318,C4a,1436,19003,19002,2026-07-28T00:00:00,17000,19003,E,40.546417,-3.6351175,10,False,2,2
2026-07-26T00:47:41Z,1004S76571C5,76571,C5,-1439,35607,35607,2026-07-26T00:13:00,35607,35609,A,40.330883,-3.8823783,10,False,2,2
2026-07-26T00:47:41Z,1004S77100C5,77100,C5,0,37001,35009,2026-07-27T00:06:00,35002,37001,E,40.34132,-3.7123663,10,False,6,2
2026-07-26T00:47:41Z,1004S76569C5,76569,C5,0,35606,35607,2026-07-26T00:03:00,35607,35609,38.0,40.32908,-3.8704834,10,False,2,2
2026-07-26T00:47:41Z,1004S19945C1,19945,C1,0,98305,98304,2026-07-27T00:12:00,18000,98305,E,40.4924,-3.593483,10,False,2,1
2026-07-26T00:47:41Z,1004S75877C7,75877,C7,-1443,10000,10000,2026-07-27T00:09:00,10000,70103,A,40.42163,-3.7193205,10,True,1,1
2026-07-26T00:47:41Z,1004S75875C7,75875,C7,15,10000,10000,2026-07-25T23:59:00,10000,70103,E,40.42163,-3.7193205,10,False,3,3
2026-07-26T00:47:41Z,1004S76792C5,76792,C5,0,37001,35009,2026-07-25T23:58:00,35012,37001,S,40.25559,-3.8284667,10,False,4,2
2026-07-26T00:47:41Z,1004S75172C10,75172,C10,-1440,17000,17000,2026-07-27T00:19:00,17000,10200,E,40.470848,-3.682503,10,False,12,12
2026-07-26T00:47:41Z,1004S27090C3,27090,C3,-1418,60200,60200,2026-07-26T00:00:00,60200,17000,E,40.035027,-3.6189713,10,True,3,3
2026-07-26T00:47:41Z,1004S27094C3,27094,C3,-1432,60200,60200,2026-07-26T00:45:00,60200,17000,E,40.035027,-3.6189713,10,True,3,3
2026-07-26T00:47:41Z,1004S75037C8a,75037,C8a,6,97100,10100,2026-07-26T00:10:00,10203,17000,8.0,40.493187,-3.738863,10,False,1,3
2026-07-26T00:47:41Z,1004S27095C3,27095,C3,4,60104,60103,2026-07-26T00:04:00,17000,60200,18.0,40.20548,-3.671167,10,False,1,1
2026-07-26T00:47:41Z,1004S27093C3,27093,C3,-1435,17000,17000,2026-07-26T00:13:00,17000,60200,E,40.471382,-3.6834786,10,True,5,5
2026-07-26T00:47:41Z,1004S76573C5,76573,C5,-1440,35607,35607,2026-07-26T00:23:00,35607,35609,E,40.330883,-3.8823783,10,False,2,2
2026-07-26T00:47:41Z,1004S76794C5,76794,C5,0,37001,35009,2026-07-27T00:16:00,35012,37001,E,40.34132,-3.7123663,10,False,6,2
2026-07-26T00:47:41Z,1004S76575C5,76575,C5,1,35609,35608,2026-07-27T00:11:00,35607,35609,E,40.405067,-3.7026901,10,False,2,2
2026-07-26T00:47:41Z,1004S27316C4a,27316,C4a,3,18002,18101,2026-07-26T00:03:00,18000,19003,23.0,40.439056,-3.6927862,10,True,8,2
2026-07-26T00:47:41Z,1004S19940C1,19940,C1,-1440,98305,98305,2026-07-27T00:05:00,98305,17000,A,40.4924,-3.593483,10,False,1,1
2026-07-26T00:47:41Z,1004S76576C5,76576,C5,0,35601,35600,2026-07-25T23:59:00,35609,35607,S,40.38357,-3.7686734,10,False,1,1
2026-07-26T00:47:41Z,1004S75529C2,75529,C2,-1439,17000,17000,2026-07-27T00:13:00,17000,70200,S,40.47097,-3.68245,10,False,10,10
2026-07-26T00:47:41Z,1004S27510C4b,27510,C4b,-1436,18000,18000,2026-07-26T00:20:00,18000,17005,S,40.40654,-3.6895106,10,True,6,6
2026-07-26T00:47:41Z,1004S76578C5,76578,C5,1,35606,35610,2026-07-26T00:01:00,35609,35607,A,40.34195,-3.8423326,10,False,1,1
2026-07-26T00:47:41Z,1004S27508C4b,27508,C4b,-1430,37012,37012,2026-07-26T00:33:00,37012,17005,S,40.24143,-3.769159,10,True,2,2
2026-07-26T00:47:41Z,1004S75268C10,75268,C10,-1431,10200,10200,2026-07-26T00:18:00,10200,17000,S,40.62599,-4.0081153,10,False,4,4
2026-07-26T00:47:41Z,1004S27643C8b,27643,C8b,-5,12002,12004,2026-07-27T00:06:00,12006,17000,A,40.69257,-4.035974,10,True,1,1
2026-07-26T00:47:41Z,1004S27506C4b,27506,C4b,3,37011,37012,2026-07-26T00:06:00,37012,17005,13.0,40.27857,-3.7384615,10,True,2,2
2026-07-26T00:47:41Z,1004S77098C5,77098,C5,2,35010,35002,2026-07-25T23:59:00,35002,37001,S,40.29673,-3.7924793,10,False,2,2
2026-07-26T00:47:41Z,1004S77099C5,77099,C5,0,35010,35011,2026-07-25T23:59:00,37001,35012,S,40.29673,-3.7924793,10,False,1,1
2026-07-26T00:47:41Z,1004S76265C5,76265,C5,-1440,18003,18003,2026-07-26T00:00:00,18003,37001,A,40.39592,-3.6779969,10,False,1,1
2026-07-26T00:52:41Z,3004S23743C5,23743,C5,13,43004,43003,2026-07-26T00:04:16,51003,43005,E,37.381527,-6.193782,30,False,1,3
2026-07-26T00:52:41Z,3004S23578C1,23578,C1,17,50602,50700,2026-07-26T00:03:13,51003,50600,E,37.58157,-5.6699624,30,False,2,2
2026-07-26T00:52:41Z,3104S23245C1,23245,C1,57,51300,51300,2026-07-25T23:59:00,51300,51405,E,36.680237,-6.12622,31,False,2,2
2026-07-26T00:52:41Z,3204S23405C1,23405,C1,-1440,54516,54516,2026-07-26T00:16:21,54516,54517,A,36.541843,-4.6237864,32,False,1,1
2026-07-26T00:52:41Z,3204S23400C1,23400,C1,4,54503,54501,2026-07-26T00:02:40,54517,54516,E,36.69222,-4.48376,32,False,2,2
2026-07-26T00:52:41Z,3204S23402C1,23402,C1,1,54512,54511,2026-07-26T00:03:25,54517,54516,E,36.582317,-4.5670233,32,False,2,1
2026-07-26T00:52:41Z,5104S77566R4,77566,R4,71,72206,72205,2026-07-26T00:04:44,71600,78700,E,41.370678,1.7253983,50,False,1,1
2026-07-26T00:52:41Z,5104S28393R2S,28393,R2S,-2,71802,71801,2026-07-26T00:01:45,71700,79400,A,41.379513,2.1412146,50,False,,
2026-07-26T00:52:41Z,5104S77464R4,77464,R4,92,71801,78805,2026-07-26T00:04:02,78600,71600,E,41.379536,2.1411612,50,False,9,1
2026-07-26T00:52:41Z,5104S25795R1,25795,R1,-1,79403,79404,2026-07-26T00:02:46,79500,72305,E,41.42436,2.2305613,50,False,,1
2026-07-26T00:52:41Z,5104S25567R2S,25567,R2S,35,71706,71705,2026-07-26T00:03:01,71600,79400,E,41.30322,2.010665,50,False,1,4
2026-07-26T00:52:41Z,5104S77468R4,77468,R4,37,72305,71801,2026-07-26T00:04:28,78700,71600,24.0,41.366352,2.1114275,50,False,,
2026-07-26T00:52:41Z,5104S35564R4,35564,R4,55,78802,78806,2026-07-26T00:01:30,72209,78600,21.0,41.42859,2.184213,50,False,2,2
2026-07-26T00:52:41Z,6004S35689C3,35689,C3,3,13101,13121,2026-07-25T23:59:56,13200,13100,E,43.04889,-3.0018198,60,False,,1
2026-07-26T00:52:41Z,6004S26577C3,26577,C3,-1440,13200,13200,2026-07-26T00:00:39,13200,13100,A,43.260048,-2.928512,60,False,5,5
2026-07-26T00:52:41Z,6004S26576C3,26576,C3,0,13108,13117,2026-07-26T00:00:20,13100,13200,E,43.16316,-2.9277587,60,False,,2
2026-07-26T00:52:41Z,6004S71553C4,71553,C4,6,05451,05451,2026-07-25T23:59:35,05451,05485,E,43.25962,-2.9268775,60,False,,
2026-07-26T00:52:41Z,6004S29573C2,29573,C2,-1420,13506,13506,2026-07-26T00:00:10,13506,13200,E,43.321514,-3.1123157,60,False,1,1
2026-07-26T00:52:41Z,6004S71550C4,71550,C4,1,05483,05485,2026-07-26T00:01:00,05485,05451,73.0,43.19154,-3.1950915,60,False,,
2026-07-26T00:52:41Z,6104S35654C1,35654,C1,4,11408,11407,2026-07-26T00:06:39,11404,11508,E,43.10187,-2.0972357,61,False,2,2
2026-07-26T00:52:41Z,6204S71185C2,71185,C2,2,05605,05604,2026-07-26T00:02:43,14223,05637,E,43.44074,-3.8995621,62,True,,2
2026-07-26T00:52:41Z,6204S35949C1,26949,C1,3,14216,14220,2026-07-26T00:08:38,14223,14202,E,43.353184,-3.9495938,62,True,1,1
2026-07-26T00:52:41Z,2004S86269C4,86269,C4,8,05211,05210,2026-07-26T00:00:00,15410,05211,E,43.58464,-5.772605,20,False,1,1
2026-07-26T00:52:41Z,2004S22132C1,22132,C1,3,15212,15217,2026-07-26T00:02:00,15218,15410,E,43.404537,-5.81196,20,False,2,2
2026-07-26T00:52:41Z,2004S86265C4,86265,C4,68,05211,05210,2026-07-26T00:00:00,15410,05211,E,43.58464,-5.772605,20,False,1,1
2026-07-26T00:52:41Z,2004S22050C1,22050,C1,89,15410,15401,2026-07-26T00:02:00,15122,15410,E,43.537712,-5.676047,20,False,1,2
2026-07-26T00:52:41Z,2004S22358C3,22358,C3,-1438,15218,15218,2026-07-26T00:02:00,15218,16405,E,43.3588,-5.8573804,20,False,1,1
2026-07-26T00:52:41Z,2004S22139C1,22139,C1,-1436,15211,15211,2026-07-26T00:19:00,15211,15122,E,43.36655,-5.854991,20,False,1,1
2026-07-26T00:52:41Z,2004S22372C3,22372,C3,3,16403,16401,2026-07-26T00:03:00,15211,16403,23.0,43.555103,-5.918247,20,False,1,2
2026-07-26T00:52:41Z,4104S84931C2,84931,C2,87,61200,06002,2026-07-26T00:34:00,06006,61200,E,37.97462,-1.1315287,41,False,1,2
2026-07-26T00:52:41Z,4104S24723C1,24723,C1,-1425,61200,61200,2026-07-26T00:14:00,61200,60911,S,37.974686,-1.131078,41,False,1,1
2026-07-26T00:52:41Z,1004S27313C4,27313,C4,4,18002,17000,2026-07-26T00:06:00,17000,37012,A,40.471325,-3.6833096,10,True,6,3
2026-07-26T00:52:41Z,1004S76567C5,76567,C5,0,35607,35607,2026-07-25T23:53:00,35607,35609,S,40.330883,-3.8823783,10,False,1,1
2026-07-26T00:52:41Z,1004S27512C4b,27512,C4b,0,17005,17004,2026-07-26T00:05:00,18000,17005,15.0,40.64925,-3.760631,10,True,3,3
2026-07-26T00:52:41Z,1004S75530C2,75530,C2,-3,70103,70107,2026-07-27T00:01:00,70200,17000,A,40.50538,-3.3352833,10,False,1,2
2026-07-26T00:52:41Z,1004S75035C8a,75035,C8a,19,10203,10203,2026-07-25T23:59:00,10203,17000,E,40.58532,-4.1321955,10,False,3,3
2026-07-26T00:52:41Z,1004S27317C4,27317,C4,-2,37002,37010,2026-07-27T00:01:00,17000,37012,A,40.323135,-3.7273622,10,True,1,1
2026-07-26T00:52:41Z,1004S27318C4a,27318,C4a,1436,19003,19002,2026-07-28T00:00:00,17000,19003,E,40.546417,-3.6351175,10,False,2,2
2026-07-26T00:52:41Z,1004S76571C5,76571,C5,-1439,35607,35607,2026-07-26T00:13:00,35607,35609,A,40.330883,-3.8823783,10,False,2,2
2026-07-26T00:52:41Z,1004S77100C5,77100,C5,0,37001,35009,2026-07-27T00:06:00,35002,37001,E,40.34132,-3.7123663,10,False,6,2
2026-07-26T00:52:41Z,1004S76569C5,76569,C5,0,35606,35607,2026-07-26T00:03:00,35607,35609,38.0,40.32908,-3.8704834,10,False,2,2
2026-07-26T00:52:41Z,1004S19945C1,19945,C1,0,98305,98304,2026-07-27T00:12:00,18000,98305,E,40.4924,-3.593483,10,False,2,1
2026-07-26T00:52:41Z,1004S75877C7,75877,C7,-1443,10000,10000,2026-07-27T00:09:00,10000,70103,A,40.42163,-3.7193205,10,True,1,1
2026-07-26T00:52:41Z,1004S75875C7,75875,C7,15,10000,10000,2026-07-25T23:59:00,10000,70103,E,40.42163,-3.7193205,10,False,3,3
2026-07-26T00:52:41Z,1004S76792C5,76792,C5,0,37001,35009,2026-07-25T23:58:00,35012,37001,S,40.25559,-3.8284667,10,False,4,2
2026-07-26T00:52:41Z,1004S75172C10,75172,C10,-1440,17000,17000,2026-07-27T00:19:00,17000,10200,E,40.470848,-3.682503,10,False,12,12
2026-07-26T00:52:41Z,1004S27090C3,27090,C3,-1418,60200,60200,2026-07-26T00:00:00,60200,17000,E,40.035027,-3.6189713,10,True,3,3
2026-07-26T00:52:41Z,1004S27094C3,27094,C3,-1432,60200,60200,2026-07-26T00:45:00,60200,17000,E,40.035027,-3.6189713,10,True,3,3
2026-07-26T00:52:41Z,1004S75037C8a,75037,C8a,6,97100,10100,2026-07-26T00:10:00,10203,17000,8.0,40.493187,-3.738863,10,False,1,3
2026-07-26T00:52:41Z,1004S27095C3,27095,C3,4,60104,60103,2026-07-26T00:04:00,17000,60200,18.0,40.20548,-3.671167,10,False,1,1
2026-07-26T00:52:41Z,1004S27093C3,27093,C3,-1435,17000,17000,2026-07-26T00:13:00,17000,60200,E,40.471382,-3.6834786,10,True,5,5
2026-07-26T00:52:41Z,1004S76573C5,76573,C5,-1440,35607,35607,2026-07-26T00:23:00,35607,35609,E,40.330883,-3.8823783,10,False,2,2
2026-07-26T00:52:41Z,1004S76794C5,76794,C5,0,37001,35009,2026-07-27T00:16:00,35012,37001,E,40.34132,-3.7123663,10,False,6,2
2026-07-26T00:52:41Z,1004S76575C5,76575,C5,1,35609,35608,2026-07-27T00:11:00,35607,35609,E,40.405067,-3.7026901,10,False,2,2
2026-07-26T00:52:41Z,1004S27316C4a,27316,C4a,3,18002,18101,2026-07-26T00:03:00,18000,19003,23.0,40.439056,-3.6927862,10,True,8,2
2026-07-26T00:52:41Z,1004S19940C1,19940,C1,-1440,98305,98305,2026-07-27T00:05:00,98305,17000,A,40.4924,-3.593483,10,False,1,1
2026-07-26T00:52:41Z,1004S76576C5,76576,C5,0,35601,35600,2026-07-25T23:59:00,35609,35607,S,40.38357,-3.7686734,10,False,1,1
2026-07-26T00:52:41Z,1004S75529C2,75529,C2,-1439,17000,17000,2026-07-27T00:13:00,17000,70200,S,40.47097,-3.68245,10,False,10,10
2026-07-26T00:52:41Z,1004S27510C4b,27510,C4b,-1436,18000,18000,2026-07-26T00:20:00,18000,17005,S,40.40654,-3.6895106,10,True,6,6
2026-07-26T00:52:41Z,1004S76578C5,76578,C5,1,35606,35610,2026-07-26T00:01:00,35609,35607,A,40.34195,-3.8423326,10,False,1,1
2026-07-26T00:52:41Z,1004S27508C4b,27508,C4b,-1430,37012,37012,2026-07-26T00:33:00,37012,17005,S,40.24143,-3.769159,10,True,2,2
2026-07-26T00:52:41Z,1004S75268C10,75268,C10,-1431,10200,10200,2026-07-26T00:18:00,10200,17000,S,40.62599,-4.0081153,10,False,4,4
2026-07-26T00:52:41Z,1004S27643C8b,27643,C8b,-5,12002,12004,2026-07-27T00:06:00,12006,17000,A,40.69257,-4.035974,10,True,1,1
2026-07-26T00:52:41Z,1004S27506C4b,27506,C4b,3,37011,37012,2026-07-26T00:06:00,37012,17005,13.0,40.27857,-3.7384615,10,True,2,2
2026-07-26T00:52:41Z,1004S77098C5,77098,C5,2,35010,35002,2026-07-25T23:59:00,35002,37001,S,40.29673,-3.7924793,10,False,2,2
2026-07-26T00:52:41Z,1004S77099C5,77099,C5,0,35010,35011,2026-07-25T23:59:00,37001,35012,S,40.29673,-3.7924793,10,False,1,1
2026-07-26T00:52:41Z,1004S76265C5,76265,C5,-1440,18003,18003,2026-07-26T00:00:00,18003,37001,A,40.39592,-3.6779969,10,False,1,1
2026-07-26T00:57:33Z,3004S23743C5,23743,C5,13,43004,43003,2026-07-26T00:04:16,51003,43005,E,37.381527,-6.193782,30,False,1,3
2026-07-26T00:57:33Z,3004S23578C1,23578,C1,17,50602,50700,2026-07-26T00:03:13,51003,50600,E,37.58157,-5.6699624,30,False,2,2
2026-07-26T00:57:33Z,3104S23245C1,23245,C1,57,51300,51300,2026-07-25T23:59:00,51300,51405,E,36.680237,-6.12622,31,False,2,2
2026-07-26T00:57:33Z,3204S23405C1,23405,C1,-1440,54516,54516,2026-07-26T00:16:21,54516,54517,A,36.541843,-4.6237864,32,False,1,1
2026-07-26T00:57:33Z,3204S23400C1,23400,C1,4,54503,54501,2026-07-26T00:02:40,54517,54516,E,36.69222,-4.48376,32,False,2,2
2026-07-26T00:57:33Z,3204S23402C1,23402,C1,1,54512,54511,2026-07-26T00:03:25,54517,54516,E,36.582317,-4.5670233,32,False,2,1
2026-07-26T00:57:33Z,5104S77566R4,77566,R4,71,72206,72205,2026-07-26T00:04:44,71600,78700,E,41.370678,1.7253983,50,False,1,1
2026-07-26T00:57:33Z,5104S28393R2S,28393,R2S,-2,71802,71801,2026-07-26T00:01:45,71700,79400,A,41.379513,2.1412146,50,False,,
2026-07-26T00:57:33Z,5104S77464R4,77464,R4,92,71801,78805,2026-07-26T00:04:02,78600,71600,E,41.379536,2.1411612,50,False,9,1
2026-07-26T00:57:33Z,5104S25795R1,25795,R1,-1,79403,79404,2026-07-26T00:02:46,79500,72305,E,41.42436,2.2305613,50,False,,1
2026-07-26T00:57:33Z,5104S25567R2S,25567,R2S,35,71706,71705,2026-07-26T00:03:01,71600,79400,E,41.30322,2.010665,50,False,1,4
2026-07-26T00:57:33Z,5104S77468R4,77468,R4,37,72305,71801,2026-07-26T00:04:28,78700,71600,24.0,41.366352,2.1114275,50,False,,
2026-07-26T00:57:33Z,5104S35564R4,35564,R4,55,78802,78806,2026-07-26T00:01:30,72209,78600,21.0,41.42859,2.184213,50,False,2,2
2026-07-26T00:57:33Z,6004S35689C3,35689,C3,3,13101,13121,2026-07-25T23:59:56,13200,13100,E,43.04889,-3.0018198,60,False,,1
2026-07-26T00:57:33Z,6004S26577C3,26577,C3,-1440,13200,13200,2026-07-26T00:00:39,13200,13100,A,43.260048,-2.928512,60,False,5,5
2026-07-26T00:57:33Z,6004S26576C3,26576,C3,0,13108,13117,2026-07-26T00:00:20,13100,13200,E,43.16316,-2.9277587,60,False,,2
2026-07-26T00:57:33Z,6004S71553C4,71553,C4,6,05451,05451,2026-07-25T23:59:35,05451,05485,E,43.25962,-2.9268775,60,False,,
2026-07-26T00:57:33Z,6004S29573C2,29573,C2,-1420,13506,13506,2026-07-26T00:00:10,13506,13200,E,43.321514,-3.1123157,60,False,1,1
2026-07-26T00:57:33Z,6004S71550C4,71550,C4,1,05483,05485,2026-07-26T00:01:00,05485,05451,73.0,43.19154,-3.1950915,60,False,,
2026-07-26T00:57:33Z,6104S35654C1,35654,C1,4,11408,11407,2026-07-26T00:06:39,11404,11508,E,43.10187,-2.0972357,61,False,2,2
2026-07-26T00:57:33Z,6204S71185C2,71185,C2,2,05605,05604,2026-07-26T00:02:43,14223,05637,E,43.44074,-3.8995621,62,True,,2
2026-07-26T00:57:33Z,6204S35949C1,26949,C1,3,14216,14220,2026-07-26T00:08:38,14223,14202,E,43.353184,-3.9495938,62,True,1,1
2026-07-26T00:57:33Z,2004S86269C4,86269,C4,8,05211,05210,2026-07-26T00:00:00,15410,05211,E,43.58464,-5.772605,20,False,1,1
2026-07-26T00:57:33Z,2004S22132C1,22132,C1,3,15212,15217,2026-07-26T00:02:00,15218,15410,E,43.404537,-5.81196,20,False,2,2
2026-07-26T00:57:33Z,2004S86265C4,86265,C4,68,05211,05210,2026-07-26T00:00:00,15410,05211,E,43.58464,-5.772605,20,False,1,1
2026-07-26T00:57:33Z,2004S22050C1,22050,C1,89,15410,15401,2026-07-26T00:02:00,15122,15410,E,43.537712,-5.676047,20,False,1,2
2026-07-26T00:57:33Z,2004S22358C3,22358,C3,-1438,15218,15218,2026-07-26T00:02:00,15218,16405,E,43.3588,-5.8573804,20,False,1,1
2026-07-26T00:57:33Z,2004S22139C1,22139,C1,-1436,15211,15211,2026-07-26T00:19:00,15211,15122,E,43.36655,-5.854991,20,False,1,1
2026-07-26T00:57:33Z,2004S22372C3,22372,C3,3,16403,16401,2026-07-26T00:03:00,15211,16403,23.0,43.555103,-5.918247,20,False,1,2
2026-07-26T00:57:33Z,4104S84931C2,84931,C2,87,61200,06002,2026-07-26T00:34:00,06006,61200,E,37.97462,-1.1315287,41,False,1,2
2026-07-26T00:57:33Z,4104S24723C1,24723,C1,-1425,61200,61200,2026-07-26T00:14:00,61200,60911,S,37.974686,-1.131078,41,False,1,1
2026-07-26T00:57:33Z,1004S27313C4,27313,C4,4,18002,17000,2026-07-26T00:06:00,17000,37012,A,40.471325,-3.6833096,10,True,6,3
2026-07-26T00:57:33Z,1004S76567C5,76567,C5,0,35607,35607,2026-07-25T23:53:00,35607,35609,S,40.330883,-3.8823783,10,False,1,1
2026-07-26T00:57:33Z,1004S27512C4b,27512,C4b,0,17005,17004,2026-07-26T00:05:00,18000,17005,15.0,40.64925,-3.760631,10,True,3,3
2026-07-26T00:57:33Z,1004S75530C2,75530,C2,-3,70103,70107,2026-07-27T00:01:00,70200,17000,A,40.50538,-3.3352833,10,False,1,2
2026-07-26T00:57:33Z,1004S75035C8a,75035,C8a,19,10203,10203,2026-07-25T23:59:00,10203,17000,E,40.58532,-4.1321955,10,False,3,3
2026-07-26T00:57:33Z,1004S27317C4,27317,C4,-2,37002,37010,2026-07-27T00:01:00,17000,37012,A,40.323135,-3.7273622,10,True,1,1
2026-07-26T00:57:33Z,1004S27318C4a,27318,C4a,1436,19003,19002,2026-07-28T00:00:00,17000,19003,E,40.546417,-3.6351175,10,False,2,2
2026-07-26T00:57:33Z,1004S76571C5,76571,C5,-1439,35607,35607,2026-07-26T00:13:00,35607,35609,A,40.330883,-3.8823783,10,False,2,2
2026-07-26T00:57:33Z,1004S77100C5,77100,C5,0,37001,35009,2026-07-27T00:06:00,35002,37001,E,40.34132,-3.7123663,10,False,6,2
2026-07-26T00:57:33Z,1004S76569C5,76569,C5,0,35606,35607,2026-07-26T00:03:00,35607,35609,38.0,40.32908,-3.8704834,10,False,2,2
2026-07-26T00:57:33Z,1004S19945C1,19945,C1,0,98305,98304,2026-07-27T00:12:00,18000,98305,E,40.4924,-3.593483,10,False,2,1
2026-07-26T00:57:33Z,1004S75877C7,75877,C7,-1443,10000,10000,2026-07-27T00:09:00,10000,70103,A,40.42163,-3.7193205,10,True,1,1
2026-07-26T00:57:33Z,1004S75875C7,75875,C7,15,10000,10000,2026-07-25T23:59:00,10000,70103,E,40.42163,-3.7193205,10,False,3,3
2026-07-26T00:57:33Z,1004S76792C5,76792,C5,0,37001,35009,2026-07-25T23:58:00,35012,37001,S,40.25559,-3.8284667,10,False,4,2
2026-07-26T00:57:33Z,1004S75172C10,75172,C10,-1440,17000,17000,2026-07-27T00:19:00,17000,10200,E,40.470848,-3.682503,10,False,12,12
2026-07-26T00:57:33Z,1004S27090C3,27090,C3,-1418,60200,60200,2026-07-26T00:00:00,60200,17000,E,40.035027,-3.6189713,10,True,3,3
2026-07-26T00:57:33Z,1004S27094C3,27094,C3,-1432,60200,60200,2026-07-26T00:45:00,60200,17000,E,40.035027,-3.6189713,10,True,3,3
2026-07-26T00:57:33Z,1004S75037C8a,75037,C8a,6,97100,10100,2026-07-26T00:10:00,10203,17000,8.0,40.493187,-3.738863,10,False,1,3
2026-07-26T00:57:33Z,1004S27095C3,27095,C3,4,60104,60103,2026-07-26T00:04:00,17000,60200,18.0,40.20548,-3.671167,10,False,1,1
2026-07-26T00:57:33Z,1004S27093C3,27093,C3,-1435,17000,17000,2026-07-26T00:13:00,17000,60200,E,40.471382,-3.6834786,10,True,5,5
2026-07-26T00:57:33Z,1004S76573C5,76573,C5,-1440,35607,35607,2026-07-26T00:23:00,35607,35609,E,40.330883,-3.8823783,10,False,2,2
2026-07-26T00:57:33Z,1004S76794C5,76794,C5,0,37001,35009,2026-07-27T00:16:00,35012,37001,E,40.34132,-3.7123663,10,False,6,2
2026-07-26T00:57:33Z,1004S76575C5,76575,C5,1,35609,35608,2026-07-27T00:11:00,35607,35609,E,40.405067,-3.7026901,10,False,2,2
2026-07-26T00:57:33Z,1004S27316C4a,27316,C4a,3,18002,18101,2026-07-26T00:03:00,18000,19003,23.0,40.439056,-3.6927862,10,True,8,2
2026-07-26T00:57:33Z,1004S19940C1,19940,C1,-1440,98305,98305,2026-07-27T00:05:00,98305,17000,A,40.4924,-3.593483,10,False,1,1
2026-07-26T00:57:33Z,1004S76576C5,76576,C5,0,35601,35600,2026-07-25T23:59:00,35609,35607,S,40.38357,-3.7686734,10,False,1,1
2026-07-26T00:57:33Z,1004S75529C2,75529,C2,-1439,17000,17000,2026-07-27T00:13:00,17000,70200,S,40.47097,-3.68245,10,False,10,10
2026-07-26T00:57:33Z,1004S27510C4b,27510,C4b,-1436,18000,18000,2026-07-26T00:20:00,18000,17005,S,40.40654,-3.6895106,10,True,6,6
2026-07-26T00:57:33Z,1004S76578C5,76578,C5,1,35606,35610,2026-07-26T00:01:00,35609,35607,A,40.34195,-3.8423326,10,False,1,1
2026-07-26T00:57:33Z,1004S27508C4b,27508,C4b,-1430,37012,37012,2026-07-26T00:33:00,37012,17005,S,40.24143,-3.769159,10,True,2,2
2026-07-26T00:57:33Z,1004S75268C10,75268,C10,-1431,10200,10200,2026-07-26T00:18:00,10200,17000,S,40.62599,-4.0081153,10,False,4,4
2026-07-26T00:57:33Z,1004S27643C8b,27643,C8b,-5,12002,12004,2026-07-27T00:06:00,12006,17000,A,40.69257,-4.035974,10,True,1,1
2026-07-26T00:57:33Z,1004S27506C4b,27506,C4b,3,37011,37012,2026-07-26T00:06:00,37012,17005,13.0,40.27857,-3.7384615,10,True,2,2
2026-07-26T00:57:33Z,1004S77098C5,77098,C5,2,35010,35002,2026-07-25T23:59:00,35002,37001,S,40.29673,-3.7924793,10,False,2,2
2026-07-26T00:57:33Z,1004S77099C5,77099,C5,0,35010,35011,2026-07-25T23:59:00,37001,35012,S,40.29673,-3.7924793,10,False,1,1
2026-07-26T00:57:33Z,1004S76265C5,76265,C5,-1440,18003,18003,2026-07-26T00:00:00,18003,37001,A,40.39592,-3.6779969,10,False,1,1
2026-07-26T01:03:20Z,3004S23743C5,23743,C5,13,43004,43003,2026-07-26T00:04:16,51003,43005,E,37.381527,-6.193782,30,False,1,3
2026-07-26T01:03:20Z,3004S23578C1,23578,C1,17,50602,50700,2026-07-26T00:03:13,51003,50600,E,37.58157,-5.6699624,30,False,2,2
2026-07-26T01:03:20Z,3104S23245C1,23245,C1,57,51300,51300,2026-07-25T23:59:00,51300,51405,E,36.680237,-6.12622,31,False,2,2
2026-07-26T01:03:20Z,3204S23405C1,23405,C1,-1440,54516,54516,2026-07-26T00:16:21,54516,54517,A,36.541843,-4.6237864,32,False,1,1
2026-07-26T01:03:20Z,3204S23400C1,23400,C1,4,54503,54501,2026-07-26T00:02:40,54517,54516,E,36.69222,-4.48376,32,False,2,2
2026-07-26T01:03:20Z,3204S23402C1,23402,C1,1,54512,54511,2026-07-26T00:03:25,54517,54516,E,36.582317,-4.5670233,32,False,2,1
2026-07-26T01:03:20Z,5104S77566R4,77566,R4,71,72206,72205,2026-07-26T00:04:44,71600,78700,E,41.370678,1.7253983,50,False,1,1
2026-07-26T01:03:20Z,5104S28393R2S,28393,R2S,-2,71802,71801,2026-07-26T00:01:45,71700,79400,A,41.379513,2.1412146,50,False,,
2026-07-26T01:03:20Z,5104S77464R4,77464,R4,92,71801,78805,2026-07-26T00:04:02,78600,71600,E,41.379536,2.1411612,50,False,9,1
2026-07-26T01:03:20Z,5104S25795R1,25795,R1,-1,79403,79404,2026-07-26T00:02:46,79500,72305,E,41.42436,2.2305613,50,False,,1
2026-07-26T01:03:20Z,5104S25567R2S,25567,R2S,35,71706,71705,2026-07-26T00:03:01,71600,79400,E,41.30322,2.010665,50,False,1,4
2026-07-26T01:03:20Z,5104S77468R4,77468,R4,37,72305,71801,2026-07-26T00:04:28,78700,71600,24.0,41.366352,2.1114275,50,False,,
2026-07-26T01:03:20Z,5104S35564R4,35564,R4,55,78802,78806,2026-07-26T00:01:30,72209,78600,21.0,41.42859,2.184213,50,False,2,2
2026-07-26T01:03:20Z,6004S35689C3,35689,C3,3,13101,13121,2026-07-25T23:59:56,13200,13100,E,43.04889,-3.0018198,60,False,,1
2026-07-26T01:03:20Z,6004S26577C3,26577,C3,-1440,13200,13200,2026-07-26T00:00:39,13200,13100,A,43.260048,-2.928512,60,False,5,5
2026-07-26T01:03:20Z,6004S26576C3,26576,C3,0,13108,13117,2026-07-26T00:00:20,13100,13200,E,43.16316,-2.9277587,60,False,,2
2026-07-26T01:03:20Z,6004S71553C4,71553,C4,6,05451,05451,2026-07-25T23:59:35,05451,05485,E,43.25962,-2.9268775,60,False,,
2026-07-26T01:03:20Z,6004S29573C2,29573,C2,-1420,13506,13506,2026-07-26T00:00:10,13506,13200,E,43.321514,-3.1123157,60,False,1,1
2026-07-26T01:03:20Z,6004S71550C4,71550,C4,1,05483,05485,2026-07-26T00:01:00,05485,05451,73.0,43.19154,-3.1950915,60,False,,
2026-07-26T01:03:20Z,6104S35654C1,35654,C1,4,11408,11407,2026-07-26T00:06:39,11404,11508,E,43.10187,-2.0972357,61,False,2,2
2026-07-26T01:03:20Z,6204S71185C2,71185,C2,2,05605,05604,2026-07-26T00:02:43,14223,05637,E,43.44074,-3.8995621,62,True,,2
2026-07-26T01:03:20Z,6204S35949C1,26949,C1,3,14216,14220,2026-07-26T00:08:38,14223,14202,E,43.353184,-3.9495938,62,True,1,1
2026-07-26T01:03:20Z,2004S86269C4,86269,C4,8,05211,05210,2026-07-26T00:00:00,15410,05211,E,43.58464,-5.772605,20,False,1,1
2026-07-26T01:03:20Z,2004S22132C1,22132,C1,3,15212,15217,2026-07-26T00:02:00,15218,15410,E,43.404537,-5.81196,20,False,2,2
2026-07-26T01:03:20Z,2004S86265C4,86265,C4,68,05211,05210,2026-07-26T00:00:00,15410,05211,E,43.58464,-5.772605,20,False,1,1
2026-07-26T01:03:20Z,2004S22050C1,22050,C1,89,15410,15401,2026-07-26T00:02:00,15122,15410,E,43.537712,-5.676047,20,False,1,2
2026-07-26T01:03:20Z,2004S22358C3,22358,C3,-1438,15218,15218,2026-07-26T00:02:00,15218,16405,E,43.3588,-5.8573804,20,False,1,1
2026-07-26T01:03:20Z,2004S22139C1,22139,C1,-1436,15211,15211,2026-07-26T00:19:00,15211,15122,E,43.36655,-5.854991,20,False,1,1
2026-07-26T01:03:20Z,2004S22372C3,22372,C3,3,16403,16401,2026-07-26T00:03:00,15211,16403,23.0,43.555103,-5.918247,20,False,1,2
2026-07-26T01:03:20Z,4104S84931C2,84931,C2,87,61200,06002,2026-07-26T00:34:00,06006,61200,E,37.97462,-1.1315287,41,False,1,2
2026-07-26T01:03:20Z,4104S24723C1,24723,C1,-1425,61200,61200,2026-07-26T00:14:00,61200,60911,S,37.974686,-1.131078,41,False,1,1
2026-07-26T01:03:20Z,1004S27313C4,27313,C4,4,18002,17000,2026-07-26T00:06:00,17000,37012,A,40.471325,-3.6833096,10,True,6,3
2026-07-26T01:03:20Z,1004S76567C5,76567,C5,0,35607,35607,2026-07-25T23:53:00,35607,35609,S,40.330883,-3.8823783,10,False,1,1
2026-07-26T01:03:20Z,1004S27512C4b,27512,C4b,0,17005,17004,2026-07-26T00:05:00,18000,17005,15.0,40.64925,-3.760631,10,True,3,3
2026-07-26T01:03:20Z,1004S75530C2,75530,C2,-3,70103,70107,2026-07-27T00:01:00,70200,17000,A,40.50538,-3.3352833,10,False,1,2
2026-07-26T01:03:20Z,1004S75035C8a,75035,C8a,19,10203,10203,2026-07-25T23:59:00,10203,17000,E,40.58532,-4.1321955,10,False,3,3
2026-07-26T01:03:20Z,1004S27317C4,27317,C4,-2,37002,37010,2026-07-27T00:01:00,17000,37012,A,40.323135,-3.7273622,10,True,1,1
2026-07-26T01:03:20Z,1004S27318C4a,27318,C4a,1436,19003,19002,2026-07-28T00:00:00,17000,19003,E,40.546417,-3.6351175,10,False,2,2
2026-07-26T01:03:20Z,1004S76571C5,76571,C5,-1439,35607,35607,2026-07-26T00:13:00,35607,35609,A,40.330883,-3.8823783,10,False,2,2
2026-07-26T01:03:20Z,1004S77100C5,77100,C5,0,37001,35009,2026-07-27T00:06:00,35002,37001,E,40.34132,-3.7123663,10,False,6,2
2026-07-26T01:03:20Z,1004S76569C5,76569,C5,0,35606,35607,2026-07-26T00:03:00,35607,35609,38.0,40.32908,-3.8704834,10,False,2,2
2026-07-26T01:03:20Z,1004S19945C1,19945,C1,0,98305,98304,2026-07-27T00:12:00,18000,98305,E,40.4924,-3.593483,10,False,2,1
2026-07-26T01:03:20Z,1004S75877C7,75877,C7,-1443,10000,10000,2026-07-27T00:09:00,10000,70103,A,40.42163,-3.7193205,10,True,1,1
2026-07-26T01:03:20Z,1004S75875C7,75875,C7,15,10000,10000,2026-07-25T23:59:00,10000,70103,E,40.42163,-3.7193205,10,False,3,3
2026-07-26T01:03:20Z,1004S76792C5,76792,C5,0,37001,35009,2026-07-25T23:58:00,35012,37001,S,40.25559,-3.8284667,10,False,4,2
2026-07-26T01:03:20Z,1004S75172C10,75172,C10,-1440,17000,17000,2026-07-27T00:19:00,17000,10200,E,40.470848,-3.682503,10,False,12,12
2026-07-26T01:03:20Z,1004S27090C3,27090,C3,-1418,60200,60200,2026-07-26T00:00:00,60200,17000,E,40.035027,-3.6189713,10,True,3,3
2026-07-26T01:03:20Z,1004S27094C3,27094,C3,-1432,60200,60200,2026-07-26T00:45:00,60200,17000,E,40.035027,-3.6189713,10,True,3,3
2026-07-26T01:03:20Z,1004S75037C8a,75037,C8a,6,97100,10100,2026-07-26T00:10:00,10203,17000,8.0,40.493187,-3.738863,10,False,1,3
2026-07-26T01:03:20Z,1004S27095C3,27095,C3,4,60104,60103,2026-07-26T00:04:00,17000,60200,18.0,40.20548,-3.671167,10,False,1,1
2026-07-26T01:03:20Z,1004S27093C3,27093,C3,-1435,17000,17000,2026-07-26T00:13:00,17000,60200,E,40.471382,-3.6834786,10,True,5,5
2026-07-26T01:03:20Z,1004S76573C5,76573,C5,-1440,35607,35607,2026-07-26T00:23:00,35607,35609,E,40.330883,-3.8823783,10,False,2,2
2026-07-26T01:03:20Z,1004S76794C5,76794,C5,0,37001,35009,2026-07-27T00:16:00,35012,37001,E,40.34132,-3.7123663,10,False,6,2
2026-07-26T01:03:20Z,1004S76575C5,76575,C5,1,35609,35608,2026-07-27T00:11:00,35607,35609,E,40.405067,-3.7026901,10,False,2,2
2026-07-26T01:03:20Z,1004S27316C4a,27316,C4a,3,18002,18101,2026-07-26T00:03:00,18000,19003,23.0,40.439056,-3.6927862,10,True,8,2
2026-07-26T01:03:20Z,1004S19940C1,19940,C1,-1440,98305,98305,2026-07-27T00:05:00,98305,17000,A,40.4924,-3.593483,10,False,1,1
2026-07-26T01:03:20Z,1004S76576C5,76576,C5,0,35601,35600,2026-07-25T23:59:00,35609,35607,S,40.38357,-3.7686734,10,False,1,1
2026-07-26T01:03:20Z,1004S75529C2,75529,C2,-1439,17000,17000,2026-07-27T00:13:00,17000,70200,S,40.47097,-3.68245,10,False,10,10
2026-07-26T01:03:20Z,1004S27510C4b,27510,C4b,-1436,18000,18000,2026-07-26T00:20:00,18000,17005,S,40.40654,-3.6895106,10,True,6,6
2026-07-26T01:03:20Z,1004S76578C5,76578,C5,1,35606,35610,2026-07-26T00:01:00,35609,35607,A,40.34195,-3.8423326,10,False,1,1
2026-07-26T01:03:20Z,1004S27508C4b,27508,C4b,-1430,37012,37012,2026-07-26T00:33:00,37012,17005,S,40.24143,-3.769159,10,True,2,2
2026-07-26T01:03:20Z,1004S75268C10,75268,C10,-1431,10200,10200,2026-07-26T00:18:00,10200,17000,S,40.62599,-4.0081153,10,False,4,4
2026-07-26T01:03:20Z,1004S27643C8b,27643,C8b,-5,12002,12004,2026-07-27T00:06:00,12006,17000,A,40.69257,-4.035974,10,True,1,1
2026-07-26T01:03:20Z,1004S27506C4b,27506,C4b,3,37011,37012,2026-07-26T00:06:00,37012,17005,13.0,40.27857,-3.7384615,10,True,2,2
2026-07-26T01:03:20Z,1004S77098C5,77098,C5,2,35010,35002,2026-07-25T23:59:00,35002,37001,S,40.29673,-3.7924793,10,False,2,2
2026-07-26T01:03:20Z,1004S77099C5,77099,C5,0,35010,35011,2026-07-25T23:59:00,37001,35012,S,40.29673,-3.7924793,10,False,1,1
2026-07-26T01:03:20Z,1004S76265C5,76265,C5,-1440,18003,18003,2026-07-26T00:00:00,18003,37001,A,40.39592,-3.6779969,10,False,1,1
2026-07-26T01:07:30Z,3004S23743C5,23743,C5,13,43004,43003,2026-07-26T00:04:16,51003,43005,E,37.381527,-6.193782,30,False,1,3
2026-07-26T01:07:30Z,3004S23578C1,23578,C1,17,50602,50700,2026-07-26T00:03:13,51003,50600,E,37.58157,-5.6699624,30,False,2,2
2026-07-26T01:07:30Z,3104S23245C1,23245,C1,57,51300,51300,2026-07-25T23:59:00,51300,51405,E,36.680237,-6.12622,31,False,2,2
2026-07-26T01:07:30Z,3204S23405C1,23405,C1,-1440,54516,54516,2026-07-26T00:16:21,54516,54517,A,36.541843,-4.6237864,32,False,1,1
2026-07-26T01:07:30Z,3204S23400C1,23400,C1,4,54503,54501,2026-07-26T00:02:40,54517,54516,E,36.69222,-4.48376,32,False,2,2
2026-07-26T01:07:30Z,3204S23402C1,23402,C1,1,54512,54511,2026-07-26T00:03:25,54517,54516,E,36.582317,-4.5670233,32,False,2,1
2026-07-26T01:07:30Z,5104S77566R4,77566,R4,71,72206,72205,2026-07-26T00:04:44,71600,78700,E,41.370678,1.7253983,50,False,1,1
2026-07-26T01:07:30Z,5104S28393R2S,28393,R2S,-2,71802,71801,2026-07-26T00:01:45,71700,79400,A,41.379513,2.1412146,50,False,,
2026-07-26T01:07:30Z,5104S77464R4,77464,R4,92,71801,78805,2026-07-26T00:04:02,78600,71600,E,41.379536,2.1411612,50,False,9,1
2026-07-26T01:07:30Z,5104S25795R1,25795,R1,-1,79403,79404,2026-07-26T00:02:46,79500,72305,E,41.42436,2.2305613,50,False,,1
2026-07-26T01:07:30Z,5104S25567R2S,25567,R2S,35,71706,71705,2026-07-26T00:03:01,71600,79400,E,41.30322,2.010665,50,False,1,4
2026-07-26T01:07:30Z,5104S77468R4,77468,R4,37,72305,71801,2026-07-26T00:04:28,78700,71600,24.0,41.366352,2.1114275,50,False,,
2026-07-26T01:07:30Z,5104S35564R4,35564,R4,55,78802,78806,2026-07-26T00:01:30,72209,78600,21.0,41.42859,2.184213,50,False,2,2
2026-07-26T01:07:30Z,6004S35689C3,35689,C3,3,13101,13121,2026-07-25T23:59:56,13200,13100,E,43.04889,-3.0018198,60,False,,1
2026-07-26T01:07:30Z,6004S26577C3,26577,C3,-1440,13200,13200,2026-07-26T00:00:39,13200,13100,A,43.260048,-2.928512,60,False,5,5
2026-07-26T01:07:30Z,6004S26576C3,26576,C3,0,13108,13117,2026-07-26T00:00:20,13100,13200,E,43.16316,-2.9277587,60,False,,2
2026-07-26T01:07:30Z,6004S71553C4,71553,C4,6,05451,05451,2026-07-25T23:59:35,05451,05485,E,43.25962,-2.9268775,60,False,,
2026-07-26T01:07:30Z,6004S29573C2,29573,C2,-1420,13506,13506,2026-07-26T00:00:10,13506,13200,E,43.321514,-3.1123157,60,False,1,1
2026-07-26T01:07:30Z,6004S71550C4,71550,C4,1,05483,05485,2026-07-26T00:01:00,05485,05451,73.0,43.19154,-3.1950915,60,False,,
2026-07-26T01:07:30Z,6104S35654C1,35654,C1,4,11408,11407,2026-07-26T00:06:39,11404,11508,E,43.10187,-2.0972357,61,False,2,2
2026-07-26T01:07:30Z,6204S71185C2,71185,C2,2,05605,05604,2026-07-26T00:02:43,14223,05637,E,43.44074,-3.8995621,62,True,,2
2026-07-26T01:07:30Z,6204S35949C1,26949,C1,3,14216,14220,2026-07-26T00:08:38,14223,14202,E,43.353184,-3.9495938,62,True,1,1
2026-07-26T01:07:30Z,2004S86269C4,86269,C4,8,05211,05210,2026-07-26T00:00:00,15410,05211,E,43.58464,-5.772605,20,False,1,1
2026-07-26T01:07:30Z,2004S22132C1,22132,C1,3,15212,15217,2026-07-26T00:02:00,15218,15410,E,43.404537,-5.81196,20,False,2,2
2026-07-26T01:07:30Z,2004S86265C4,86265,C4,68,05211,05210,2026-07-26T00:00:00,15410,05211,E,43.58464,-5.772605,20,False,1,1
2026-07-26T01:07:30Z,2004S22050C1,22050,C1,89,15410,15401,2026-07-26T00:02:00,15122,15410,E,43.537712,-5.676047,20,False,1,2
2026-07-26T01:07:30Z,2004S22358C3,22358,C3,-1438,15218,15218,2026-07-26T00:02:00,15218,16405,E,43.3588,-5.8573804,20,False,1,1
2026-07-26T01:07:30Z,2004S22139C1,22139,C1,-1436,15211,15211,2026-07-26T00:19:00,15211,15122,E,43.36655,-5.854991,20,False,1,1
2026-07-26T01:07:30Z,2004S22372C3,22372,C3,3,16403,16401,2026-07-26T00:03:00,15211,16403,23.0,43.555103,-5.918247,20,False,1,2
2026-07-26T01:07:30Z,4104S84931C2,84931,C2,87,61200,06002,2026-07-26T00:34:00,06006,61200,E,37.97462,-1.1315287,41,False,1,2
2026-07-26T01:07:30Z,4104S24723C1,24723,C1,-1425,61200,61200,2026-07-26T00:14:00,61200,60911,S,37.974686,-1.131078,41,False,1,1
2026-07-26T01:07:30Z,1004S27313C4,27313,C4,4,18002,17000,2026-07-26T00:06:00,17000,37012,A,40.471325,-3.6833096,10,True,6,3
2026-07-26T01:07:30Z,1004S76567C5,76567,C5,0,35607,35607,2026-07-25T23:53:00,35607,35609,S,40.330883,-3.8823783,10,False,1,1
2026-07-26T01:07:30Z,1004S27512C4b,27512,C4b,0,17005,17004,2026-07-26T00:05:00,18000,17005,15.0,40.64925,-3.760631,10,True,3,3
2026-07-26T01:07:30Z,1004S75530C2,75530,C2,-3,70103,70107,2026-07-27T00:01:00,70200,17000,A,40.50538,-3.3352833,10,False,1,2
2026-07-26T01:07:30Z,1004S75035C8a,75035,C8a,19,10203,10203,2026-07-25T23:59:00,10203,17000,E,40.58532,-4.1321955,10,False,3,3
2026-07-26T01:07:30Z,1004S27317C4,27317,C4,-2,37002,37010,2026-07-27T00:01:00,17000,37012,A,40.323135,-3.7273622,10,True,1,1
2026-07-26T01:07:30Z,1004S27318C4a,27318,C4a,1436,19003,19002,2026-07-28T00:00:00,17000,19003,E,40.546417,-3.6351175,10,False,2,2
2026-07-26T01:07:30Z,1004S76571C5,76571,C5,-1439,35607,35607,2026-07-26T00:13:00,35607,35609,A,40.330883,-3.8823783,10,False,2,2
2026-07-26T01:07:30Z,1004S77100C5,77100,C5,0,37001,35009,2026-07-27T00:06:00,35002,37001,E,40.34132,-3.7123663,10,False,6,2
2026-07-26T01:07:30Z,1004S76569C5,76569,C5,0,35606,35607,2026-07-26T00:03:00,35607,35609,38.0,40.32908,-3.8704834,10,False,2,2
2026-07-26T01:07:30Z,1004S19945C1,19945,C1,0,98305,98304,2026-07-27T00:12:00,18000,98305,E,40.4924,-3.593483,10,False,2,1
2026-07-26T01:07:30Z,1004S75877C7,75877,C7,-1443,10000,10000,2026-07-27T00:09:00,10000,70103,A,40.42163,-3.7193205,10,True,1,1
2026-07-26T01:07:30Z,1004S75875C7,75875,C7,15,10000,10000,2026-07-25T23:59:00,10000,70103,E,40.42163,-3.7193205,10,False,3,3
2026-07-26T01:07:30Z,1004S76792C5,76792,C5,0,37001,35009,2026-07-25T23:58:00,35012,37001,S,40.25559,-3.8284667,10,False,4,2
2026-07-26T01:07:30Z,1004S75172C10,75172,C10,-1440,17000,17000,2026-07-27T00:19:00,17000,10200,E,40.470848,-3.682503,10,False,12,12
2026-07-26T01:07:30Z,1004S27090C3,27090,C3,-1418,60200,60200,2026-07-26T00:00:00,60200,17000,E,40.035027,-3.6189713,10,True,3,3
2026-07-26T01:07:30Z,1004S27094C3,27094,C3,-1432,60200,60200,2026-07-26T00:45:00,60200,17000,E,40.035027,-3.6189713,10,True,3,3
2026-07-26T01:07:30Z,1004S75037C8a,75037,C8a,6,97100,10100,2026-07-26T00:10:00,10203,17000,8.0,40.493187,-3.738863,10,False,1,3
2026-07-26T01:07:30Z,1004S27095C3,27095,C3,4,60104,60103,2026-07-26T00:04:00,17000,60200,18.0,40.20548,-3.671167,10,False,1,1
2026-07-26T01:07:30Z,1004S27093C3,27093,C3,-1435,17000,17000,2026-07-26T00:13:00,17000,60200,E,40.471382,-3.6834786,10,True,5,5
2026-07-26T01:07:30Z,1004S76573C5,76573,C5,-1440,35607,35607,2026-07-26T00:23:00,35607,35609,E,40.330883,-3.8823783,10,False,2,2
2026-07-26T01:07:30Z,1004S76794C5,76794,C5,0,37001,35009,2026-07-27T00:16:00,35012,37001,E,40.34132,-3.7123663,10,False,6,2
2026-07-26T01:07:30Z,1004S76575C5,76575,C5,1,35609,35608,2026-07-27T00:11:00,35607,35609,E,40.405067,-3.7026901,10,False,2,2
2026-07-26T01:07:30Z,1004S27316C4a,27316,C4a,3,18002,18101,2026-07-26T00:03:00,18000,19003,23.0,40.439056,-3.6927862,10,True,8,2
2026-07-26T01:07:30Z,1004S19940C1,19940,C1,-1440,98305,98305,2026-07-27T00:05:00,98305,17000,A,40.4924,-3.593483,10,False,1,1
2026-07-26T01:07:30Z,1004S76576C5,76576,C5,0,35601,35600,2026-07-25T23:59:00,35609,35607,S,40.38357,-3.7686734,10,False,1,1
2026-07-26T01:07:30Z,1004S75529C2,75529,C2,-1439,17000,17000,2026-07-27T00:13:00,17000,70200,S,40.47097,-3.68245,10,False,10,10
2026-07-26T01:07:30Z,1004S27510C4b,27510,C4b,-1436,18000,18000,2026-07-26T00:20:00,18000,17005,S,40.40654,-3.6895106,10,True,6,6
2026-07-26T01:07:30Z,1004S76578C5,76578,C5,1,35606,35610,2026-07-26T00:01:00,35609,35607,A,40.34195,-3.8423326,10,False,1,1
2026-07-26T01:07:30Z,1004S27508C4b,27508,C4b,-1430,37012,37012,2026-07-26T00:33:00,37012,17005,S,40.24143,-3.769159,10,True,2,2
2026-07-26T01:07:30Z,1004S75268C10,75268,C10,-1431,10200,10200,2026-07-26T00:18:00,10200,17000,S,40.62599,-4.0081153,10,False,4,4
2026-07-26T01:07:30Z,1004S27643C8b,27643,C8b,-5,12002,12004,2026-07-27T00:06:00,12006,17000,A,40.69257,-4.035974,10,True,1,1
2026-07-26T01:07:30Z,1004S27506C4b,27506,C4b,3,37011,37012,2026-07-26T00:06:00,37012,17005,13.0,40.27857,-3.7384615,10,True,2,2
2026-07-26T01:07:30Z,1004S77098C5,77098,C5,2,35010,35002,2026-07-25T23:59:00,35002,37001,S,40.29673,-3.7924793,10,False,2,2
2026-07-26T01:07:30Z,1004S77099C5,77099,C5,0,35010,35011,2026-07-25T23:59:00,37001,35012,S,40.29673,-3.7924793,10,False,1,1
2026-07-26T01:07:30Z,1004S76265C5,76265,C5,-1440,18003,18003,2026-07-26T00:00:00,18003,37001,A,40.39592,-3.6779969,10,False,1,1
2026-07-26T01:12:41Z,3004S23743C5,23743,C5,13,43004,43003,2026-07-26T00:04:16,51003,43005,E,37.381527,-6.193782,30,False,1,3
2026-07-26T01:12:41Z,3004S23578C1,23578,C1,17,50602,50700,2026-07-26T00:03:13,51003,50600,E,37.58157,-5.6699624,30,False,2,2
2026-07-26T01:12:41Z,3104S23245C1,23245,C1,57,51300,51300,2026-07-25T23:59:00,51300,51405,E,36.680237,-6.12622,31,False,2,2
2026-07-26T01:12:41Z,3204S23405C1,23405,C1,-1440,54516,54516,2026-07-26T00:16:21,54516,54517,A,36.541843,-4.6237864,32,False,1,1
2026-07-26T01:12:41Z,3204S23400C1,23400,C1,4,54503,54501,2026-07-26T00:02:40,54517,54516,E,36.69222,-4.48376,32,False,2,2
2026-07-26T01:12:41Z,3204S23402C1,23402,C1,1,54512,54511,2026-07-26T00:03:25,54517,54516,E,36.582317,-4.5670233,32,False,2,1
2026-07-26T01:12:41Z,5104S77566R4,77566,R4,71,72206,72205,2026-07-26T00:04:44,71600,78700,E,41.370678,1.7253983,50,False,1,1
2026-07-26T01:12:41Z,5104S28393R2S,28393,R2S,-2,71802,71801,2026-07-26T00:01:45,71700,79400,A,41.379513,2.1412146,50,False,,
2026-07-26T01:12:41Z,5104S77464R4,77464,R4,92,71801,78805,2026-07-26T00:04:02,78600,71600,E,41.379536,2.1411612,50,False,9,1
2026-07-26T01:12:41Z,5104S25795R1,25795,R1,-1,79403,79404,2026-07-26T00:02:46,79500,72305,E,41.42436,2.2305613,50,False,,1
2026-07-26T01:12:41Z,5104S25567R2S,25567,R2S,35,71706,71705,2026-07-26T00:03:01,71600,79400,E,41.30322,2.010665,50,False,1,4
2026-07-26T01:12:41Z,5104S77468R4,77468,R4,37,72305,71801,2026-07-26T00:04:28,78700,71600,24.0,41.366352,2.1114275,50,False,,
2026-07-26T01:12:41Z,5104S35564R4,35564,R4,55,78802,78806,2026-07-26T00:01:30,72209,78600,21.0,41.42859,2.184213,50,False,2,2
2026-07-26T01:12:41Z,6004S35689C3,35689,C3,3,13101,13121,2026-07-25T23:59:56,13200,13100,E,43.04889,-3.0018198,60,False,,1
2026-07-26T01:12:41Z,6004S26577C3,26577,C3,-1440,13200,13200,2026-07-26T00:00:39,13200,13100,A,43.260048,-2.928512,60,False,5,5
2026-07-26T01:12:41Z,6004S26576C3,26576,C3,0,13108,13117,2026-07-26T00:00:20,13100,13200,E,43.16316,-2.9277587,60,False,,2
2026-07-26T01:12:41Z,6004S71553C4,71553,C4,6,05451,05451,2026-07-25T23:59:35,05451,05485,E,43.25962,-2.9268775,60,False,,
2026-07-26T01:12:41Z,6004S29573C2,29573,C2,-1420,13506,13506,2026-07-26T00:00:10,13506,13200,E,43.321514,-3.1123157,60,False,1,1
2026-07-26T01:12:41Z,6004S71550C4,71550,C4,1,05483,05485,2026-07-26T00:01:00,05485,05451,73.0,43.19154,-3.1950915,60,False,,
2026-07-26T01:12:41Z,6104S35654C1,35654,C1,4,11408,11407,2026-07-26T00:06:39,11404,11508,E,43.10187,-2.0972357,61,False,2,2
2026-07-26T01:12:41Z,6204S71185C2,71185,C2,2,05605,05604,2026-07-26T00:02:43,14223,05637,E,43.44074,-3.8995621,62,True,,2
2026-07-26T01:12:41Z,6204S35949C1,26949,C1,3,14216,14220,2026-07-26T00:08:38,14223,14202,E,43.353184,-3.9495938,62,True,1,1
2026-07-26T01:12:41Z,2004S86269C4,86269,C4,8,05211,05210,2026-07-26T00:00:00,15410,05211,E,43.58464,-5.772605,20,False,1,1
2026-07-26T01:12:41Z,2004S22132C1,22132,C1,3,15212,15217,2026-07-26T00:02:00,15218,15410,E,43.404537,-5.81196,20,False,2,2
2026-07-26T01:12:41Z,2004S86265C4,86265,C4,68,05211,05210,2026-07-26T00:00:00,15410,05211,E,43.58464,-5.772605,20,False,1,1
2026-07-26T01:12:41Z,2004S22050C1,22050,C1,89,15410,15401,2026-07-26T00:02:00,15122,15410,E,43.537712,-5.676047,20,False,1,2
2026-07-26T01:12:41Z,2004S22358C3,22358,C3,-1438,15218,15218,2026-07-26T00:02:00,15218,16405,E,43.3588,-5.8573804,20,False,1,1
2026-07-26T01:12:41Z,2004S22139C1,22139,C1,-1436,15211,15211,2026-07-26T00:19:00,15211,15122,E,43.36655,-5.854991,20,False,1,1
2026-07-26T01:12:41Z,2004S22372C3,22372,C3,3,16403,16401,2026-07-26T00:03:00,15211,16403,23.0,43.555103,-5.918247,20,False,1,2
2026-07-26T01:12:41Z,4104S84931C2,84931,C2,87,61200,06002,2026-07-26T00:34:00,06006,61200,E,37.97462,-1.1315287,41,False,1,2
2026-07-26T01:12:41Z,4104S24723C1,24723,C1,-1425,61200,61200,2026-07-26T00:14:00,61200,60911,S,37.974686,-1.131078,41,False,1,1
2026-07-26T01:12:41Z,1004S27313C4,27313,C4,4,18002,17000,2026-07-26T00:06:00,17000,37012,A,40.471325,-3.6833096,10,True,6,3
2026-07-26T01:12:41Z,1004S76567C5,76567,C5,0,35607,35607,2026-07-25T23:53:00,35607,35609,S,40.330883,-3.8823783,10,False,1,1
2026-07-26T01:12:41Z,1004S27512C4b,27512,C4b,0,17005,17004,2026-07-26T00:05:00,18000,17005,15.0,40.64925,-3.760631,10,True,3,3
2026-07-26T01:12:41Z,1004S75530C2,75530,C2,-3,70103,70107,2026-07-27T00:01:00,70200,17000,A,40.50538,-3.3352833,10,False,1,2
2026-07-26T01:12:41Z,1004S75035C8a,75035,C8a,19,10203,10203,2026-07-25T23:59:00,10203,17000,E,40.58532,-4.1321955,10,False,3,3
2026-07-26T01:12:41Z,1004S27317C4,27317,C4,-2,37002,37010,2026-07-27T00:01:00,17000,37012,A,40.323135,-3.7273622,10,True,1,1
2026-07-26T01:12:41Z,1004S27318C4a,27318,C4a,1436,19003,19002,2026-07-28T00:00:00,17000,19003,E,40.546417,-3.6351175,10,False,2,2
2026-07-26T01:12:41Z,1004S76571C5,76571,C5,-1439,35607,35607,2026-07-26T00:13:00,35607,35609,A,40.330883,-3.8823783,10,False,2,2
2026-07-26T01:12:41Z,1004S77100C5,77100,C5,0,37001,35009,2026-07-27T00:06:00,35002,37001,E,40.34132,-3.7123663,10,False,6,2
2026-07-26T01:12:41Z,1004S76569C5,76569,C5,0,35606,35607,2026-07-26T00:03:00,35607,35609,38.0,40.32908,-3.8704834,10,False,2,2
2026-07-26T01:12:41Z,1004S19945C1,19945,C1,0,98305,98304,2026-07-27T00:12:00,18000,98305,E,40.4924,-3.593483,10,False,2,1
2026-07-26T01:12:41Z,1004S75877C7,75877,C7,-1443,10000,10000,2026-07-27T00:09:00,10000,70103,A,40.42163,-3.7193205,10,True,1,1
2026-07-26T01:12:41Z,1004S75875C7,75875,C7,15,10000,10000,2026-07-25T23:59:00,10000,70103,E,40.42163,-3.7193205,10,False,3,3
2026-07-26T01:12:41Z,1004S76792C5,76792,C5,0,37001,35009,2026-07-25T23:58:00,35012,37001,S,40.25559,-3.8284667,10,False,4,2
2026-07-26T01:12:41Z,1004S75172C10,75172,C10,-1440,17000,17000,2026-07-27T00:19:00,17000,10200,E,40.470848,-3.682503,10,False,12,12
2026-07-26T01:12:41Z,1004S27090C3,27090,C3,-1418,60200,60200,2026-07-26T00:00:00,60200,17000,E,40.035027,-3.6189713,10,True,3,3
2026-07-26T01:12:41Z,1004S27094C3,27094,C3,-1432,60200,60200,2026-07-26T00:45:00,60200,17000,E,40.035027,-3.6189713,10,True,3,3
2026-07-26T01:12:41Z,1004S75037C8a,75037,C8a,6,97100,10100,2026-07-26T00:10:00,10203,17000,8.0,40.493187,-3.738863,10,False,1,3
2026-07-26T01:12:41Z,1004S27095C3,27095,C3,4,60104,60103,2026-07-26T00:04:00,17000,60200,18.0,40.20548,-3.671167,10,False,1,1
2026-07-26T01:12:41Z,1004S27093C3,27093,C3,-1435,17000,17000,2026-07-26T00:13:00,17000,60200,E,40.471382,-3.6834786,10,True,5,5
2026-07-26T01:12:41Z,1004S76573C5,76573,C5,-1440,35607,35607,2026-07-26T00:23:00,35607,35609,E,40.330883,-3.8823783,10,False,2,2
2026-07-26T01:12:41Z,1004S76794C5,76794,C5,0,37001,35009,2026-07-27T00:16:00,35012,37001,E,40.34132,-3.7123663,10,False,6,2
2026-07-26T01:12:41Z,1004S76575C5,76575,C5,1,35609,35608,2026-07-27T00:11:00,35607,35609,E,40.405067,-3.7026901,10,False,2,2
2026-07-26T01:12:41Z,1004S27316C4a,27316,C4a,3,18002,18101,2026-07-26T00:03:00,18000,19003,23.0,40.439056,-3.6927862,10,True,8,2
2026-07-26T01:12:41Z,1004S19940C1,19940,C1,-1440,98305,98305,2026-07-27T00:05:00,98305,17000,A,40.4924,-3.593483,10,False,1,1
2026-07-26T01:12:41Z,1004S76576C5,76576,C5,0,35601,35600,2026-07-25T23:59:00,35609,35607,S,40.38357,-3.7686734,10,False,1,1
2026-07-26T01:12:41Z,1004S75529C2,75529,C2,-1439,17000,17000,2026-07-27T00:13:00,17000,70200,S,40.47097,-3.68245,10,False,10,10
2026-07-26T01:12:41Z,1004S27510C4b,27510,C4b,-1436,18000,18000,2026-07-26T00:20:00,18000,17005,S,40.40654,-3.6895106,10,True,6,6
2026-07-26T01:12:41Z,1004S76578C5,76578,C5,1,35606,35610,2026-07-26T00:01:00,35609,35607,A,40.34195,-3.8423326,10,False,1,1
2026-07-26T01:12:41Z,1004S27508C4b,27508,C4b,-1430,37012,37012,2026-07-26T00:33:00,37012,17005,S,40.24143,-3.769159,10,True,2,2
2026-07-26T01:12:41Z,1004S75268C10,75268,C10,-1431,10200,10200,2026-07-26T00:18:00,10200,17000,S,40.62599,-4.0081153,10,False,4,4
2026-07-26T01:12:41Z,1004S27643C8b,27643,C8b,-5,12002,12004,2026-07-27T00:06:00,12006,17000,A,40.69257,-4.035974,10,True,1,1
2026-07-26T01:12:41Z,1004S27506C4b,27506,C4b,3,37011,37012,2026-07-26T00:06:00,37012,17005,13.0,40.27857,-3.7384615,10,True,2,2
2026-07-26T01:12:41Z,1004S77098C5,77098,C5,2,35010,35002,2026-07-25T23:59:00,35002,37001,S,40.29673,-3.7924793,10,False,2,2
2026-07-26T01:12:41Z,1004S77099C5,77099,C5,0,35010,35011,2026-07-25T23:59:00,37001,35012,S,40.29673,-3.7924793,10,False,1,1
2026-07-26T01:12:41Z,1004S76265C5,76265,C5,-1440,18003,18003,2026-07-26T00:00:00,18003,37001,A,40.39592,-3.6779969,10,False,1,1
2026-07-26T01:17:38Z,3004S23743C5,23743,C5,13,43004,43003,2026-07-26T00:04:16,51003,43005,E,37.381527,-6.193782,30,False,1,3
2026-07-26T01:17:38Z,3004S23578C1,23578,C1,17,50602,50700,2026-07-26T00:03:13,51003,50600,E,37.58157,-5.6699624,30,False,2,2
2026-07-26T01:17:38Z,3104S23245C1,23245,C1,57,51300,51300,2026-07-25T23:59:00,51300,51405,E,36.680237,-6.12622,31,False,2,2
2026-07-26T01:17:38Z,3204S23405C1,23405,C1,-1440,54516,54516,2026-07-26T00:16:21,54516,54517,A,36.541843,-4.6237864,32,False,1,1
2026-07-26T01:17:38Z,3204S23400C1,23400,C1,4,54503,54501,2026-07-26T00:02:40,54517,54516,E,36.69222,-4.48376,32,False,2,2
2026-07-26T01:17:38Z,3204S23402C1,23402,C1,1,54512,54511,2026-07-26T00:03:25,54517,54516,E,36.582317,-4.5670233,32,False,2,1
2026-07-26T01:17:38Z,5104S77566R4,77566,R4,71,72206,72205,2026-07-26T00:04:44,71600,78700,E,41.370678,1.7253983,50,False,1,1
2026-07-26T01:17:38Z,5104S28393R2S,28393,R2S,-2,71802,71801,2026-07-26T00:01:45,71700,79400,A,41.379513,2.1412146,50,False,,
2026-07-26T01:17:38Z,5104S77464R4,77464,R4,92,71801,78805,2026-07-26T00:04:02,78600,71600,E,41.379536,2.1411612,50,False,9,1
2026-07-26T01:17:38Z,5104S25795R1,25795,R1,-1,79403,79404,2026-07-26T00:02:46,79500,72305,E,41.42436,2.2305613,50,False,,1
2026-07-26T01:17:38Z,5104S25567R2S,25567,R2S,35,71706,71705,2026-07-26T00:03:01,71600,79400,E,41.30322,2.010665,50,False,1,4
2026-07-26T01:17:38Z,5104S77468R4,77468,R4,37,72305,71801,2026-07-26T00:04:28,78700,71600,24.0,41.366352,2.1114275,50,False,,
2026-07-26T01:17:38Z,5104S35564R4,35564,R4,55,78802,78806,2026-07-26T00:01:30,72209,78600,21.0,41.42859,2.184213,50,False,2,2
2026-07-26T01:17:38Z,6004S35689C3,35689,C3,3,13101,13121,2026-07-25T23:59:56,13200,13100,E,43.04889,-3.0018198,60,False,,1
2026-07-26T01:17:38Z,6004S26577C3,26577,C3,-1440,13200,13200,2026-07-26T00:00:39,13200,13100,A,43.260048,-2.928512,60,False,5,5
2026-07-26T01:17:38Z,6004S26576C3,26576,C3,0,13108,13117,2026-07-26T00:00:20,13100,13200,E,43.16316,-2.9277587,60,False,,2
2026-07-26T01:17:38Z,6004S71553C4,71553,C4,6,05451,05451,2026-07-25T23:59:35,05451,05485,E,43.25962,-2.9268775,60,False,,
2026-07-26T01:17:38Z,6004S29573C2,29573,C2,-1420,13506,13506,2026-07-26T00:00:10,13506,13200,E,43.321514,-3.1123157,60,False,1,1
2026-07-26T01:17:38Z,6004S71550C4,71550,C4,1,05483,05485,2026-07-26T00:01:00,05485,05451,73.0,43.19154,-3.1950915,60,False,,
2026-07-26T01:17:38Z,6104S35654C1,35654,C1,4,11408,11407,2026-07-26T00:06:39,11404,11508,E,43.10187,-2.0972357,61,False,2,2
2026-07-26T01:17:38Z,6204S71185C2,71185,C2,2,05605,05604,2026-07-26T00:02:43,14223,05637,E,43.44074,-3.8995621,62,True,,2
2026-07-26T01:17:38Z,6204S35949C1,26949,C1,3,14216,14220,2026-07-26T00:08:38,14223,14202,E,43.353184,-3.9495938,62,True,1,1
2026-07-26T01:17:38Z,2004S86269C4,86269,C4,8,05211,05210,2026-07-26T00:00:00,15410,05211,E,43.58464,-5.772605,20,False,1,1
2026-07-26T01:17:38Z,2004S22132C1,22132,C1,3,15212,15217,2026-07-26T00:02:00,15218,15410,E,43.404537,-5.81196,20,False,2,2
2026-07-26T01:17:38Z,2004S86265C4,86265,C4,68,05211,05210,2026-07-26T00:00:00,15410,05211,E,43.58464,-5.772605,20,False,1,1
2026-07-26T01:17:38Z,2004S22050C1,22050,C1,89,15410,15401,2026-07-26T00:02:00,15122,15410,E,43.537712,-5.676047,20,False,1,2
2026-07-26T01:17:38Z,2004S22358C3,22358,C3,-1438,15218,15218,2026-07-26T00:02:00,15218,16405,E,43.3588,-5.8573804,20,False,1,1
2026-07-26T01:17:38Z,2004S22139C1,22139,C1,-1436,15211,15211,2026-07-26T00:19:00,15211,15122,E,43.36655,-5.854991,20,False,1,1
2026-07-26T01:17:38Z,2004S22372C3,22372,C3,3,16403,16401,2026-07-26T00:03:00,15211,16403,23.0,43.555103,-5.918247,20,False,1,2
2026-07-26T01:17:38Z,4104S84931C2,84931,C2,87,61200,06002,2026-07-26T00:34:00,06006,61200,E,37.97462,-1.1315287,41,False,1,2
2026-07-26T01:17:38Z,4104S24723C1,24723,C1,-1425,61200,61200,2026-07-26T00:14:00,61200,60911,S,37.974686,-1.131078,41,False,1,1
2026-07-26T01:17:38Z,1004S27313C4,27313,C4,4,18002,17000,2026-07-26T00:06:00,17000,37012,A,40.471325,-3.6833096,10,True,6,3
2026-07-26T01:17:38Z,1004S76567C5,76567,C5,0,35607,35607,2026-07-25T23:53:00,35607,35609,S,40.330883,-3.8823783,10,False,1,1
2026-07-26T01:17:38Z,1004S27512C4b,27512,C4b,0,17005,17004,2026-07-26T00:05:00,18000,17005,15.0,40.64925,-3.760631,10,True,3,3
2026-07-26T01:17:38Z,1004S75530C2,75530,C2,-3,70103,70107,2026-07-27T00:01:00,70200,17000,A,40.50538,-3.3352833,10,False,1,2
2026-07-26T01:17:38Z,1004S75035C8a,75035,C8a,19,10203,10203,2026-07-25T23:59:00,10203,17000,E,40.58532,-4.1321955,10,False,3,3
2026-07-26T01:17:38Z,1004S27317C4,27317,C4,-2,37002,37010,2026-07-27T00:01:00,17000,37012,A,40.323135,-3.7273622,10,True,1,1
2026-07-26T01:17:38Z,1004S27318C4a,27318,C4a,1436,19003,19002,2026-07-28T00:00:00,17000,19003,E,40.546417,-3.6351175,10,False,2,2
2026-07-26T01:17:38Z,1004S76571C5,76571,C5,-1439,35607,35607,2026-07-26T00:13:00,35607,35609,A,40.330883,-3.8823783,10,False,2,2
2026-07-26T01:17:38Z,1004S77100C5,77100,C5,0,37001,35009,2026-07-27T00:06:00,35002,37001,E,40.34132,-3.7123663,10,False,6,2
2026-07-26T01:17:38Z,1004S76569C5,76569,C5,0,35606,35607,2026-07-26T00:03:00,35607,35609,38.0,40.32908,-3.8704834,10,False,2,2
2026-07-26T01:17:38Z,1004S19945C1,19945,C1,0,98305,98304,2026-07-27T00:12:00,18000,98305,E,40.4924,-3.593483,10,False,2,1
2026-07-26T01:17:38Z,1004S75877C7,75877,C7,-1443,10000,10000,2026-07-27T00:09:00,10000,70103,A,40.42163,-3.7193205,10,True,1,1
2026-07-26T01:17:38Z,1004S75875C7,75875,C7,15,10000,10000,2026-07-25T23:59:00,10000,70103,E,40.42163,-3.7193205,10,False,3,3
2026-07-26T01:17:38Z,1004S76792C5,76792,C5,0,37001,35009,2026-07-25T23:58:00,35012,37001,S,40.25559,-3.8284667,10,False,4,2
2026-07-26T01:17:38Z,1004S75172C10,75172,C10,-1440,17000,17000,2026-07-27T00:19:00,17000,10200,E,40.470848,-3.682503,10,False,12,12
2026-07-26T01:17:38Z,1004S27090C3,27090,C3,-1418,60200,60200,2026-07-26T00:00:00,60200,17000,E,40.035027,-3.6189713,10,True,3,3
2026-07-26T01:17:38Z,1004S27094C3,27094,C3,-1432,60200,60200,2026-07-26T00:45:00,60200,17000,E,40.035027,-3.6189713,10,True,3,3
2026-07-26T01:17:38Z,1004S75037C8a,75037,C8a,6,97100,10100,2026-07-26T00:10:00,10203,17000,8.0,40.493187,-3.738863,10,False,1,3
2026-07-26T01:17:38Z,1004S27095C3,27095,C3,4,60104,60103,2026-07-26T00:04:00,17000,60200,18.0,40.20548,-3.671167,10,False,1,1
2026-07-26T01:17:38Z,1004S27093C3,27093,C3,-1435,17000,17000,2026-07-26T00:13:00,17000,60200,E,40.471382,-3.6834786,10,True,5,5
2026-07-26T01:17:38Z,1004S76573C5,76573,C5,-1440,35607,35607,2026-07-26T00:23:00,35607,35609,E,40.330883,-3.8823783,10,False,2,2
2026-07-26T01:17:38Z,1004S76794C5,76794,C5,0,37001,35009,2026-07-27T00:16:00,35012,37001,E,40.34132,-3.7123663,10,False,6,2
2026-07-26T01:17:38Z,1004S76575C5,76575,C5,1,35609,35608,2026-07-27T00:11:00,35607,35609,E,40.405067,-3.7026901,10,False,2,2
2026-07-26T01:17:38Z,1004S27316C4a,27316,C4a,3,18002,18101,2026-07-26T00:03:00,18000,19003,23.0,40.439056,-3.6927862,10,True,8,2
2026-07-26T01:17:38Z,1004S19940C1,19940,C1,-1440,98305,98305,2026-07-27T00:05:00,98305,17000,A,40.4924,-3.593483,10,False,1,1
2026-07-26T01:17:38Z,1004S76576C5,76576,C5,0,35601,35600,2026-07-25T23:59:00,35609,35607,S,40.38357,-3.7686734,10,False,1,1
2026-07-26T01:17:38Z,1004S75529C2,75529,C2,-1439,17000,17000,2026-07-27T00:13:00,17000,70200,S,40.47097,-3.68245,10,False,10,10
2026-07-26T01:17:38Z,1004S27510C4b,27510,C4b,-1436,18000,18000,2026-07-26T00:20:00,18000,17005,S,40.40654,-3.6895106,10,True,6,6
2026-07-26T01:17:38Z,1004S76578C5,76578,C5,1,35606,35610,2026-07-26T00:01:00,35609,35607,A,40.34195,-3.8423326,10,False,1,1
2026-07-26T01:17:38Z,1004S27508C4b,27508,C4b,-1430,37012,37012,2026-07-26T00:33:00,37012,17005,S,40.24143,-3.769159,10,True,2,2
2026-07-26T01:17:38Z,1004S75268C10,75268,C10,-1431,10200,10200,2026-07-26T00:18:00,10200,17000,S,40.62599,-4.0081153,10,False,4,4
2026-07-26T01:17:38Z,1004S27643C8b,27643,C8b,-5,12002,12004,2026-07-27T00:06:00,12006,17000,A,40.69257,-4.035974,10,True,1,1
2026-07-26T01:17:38Z,1004S27506C4b,27506,C4b,3,37011,37012,2026-07-26T00:06:00,37012,17005,13.0,40.27857,-3.7384615,10,True,2,2
2026-07-26T01:17:38Z,1004S77098C5,77098,C5,2,35010,35002,2026-07-25T23:59:00,35002,37001,S,40.29673,-3.7924793,10,False,2,2
2026-07-26T01:17:38Z,1004S77099C5,77099,C5,0,35010,35011,2026-07-25T23:59:00,37001,35012,S,40.29673,-3.7924793,10,False,1,1
2026-07-26T01:17:38Z,1004S76265C5,76265,C5,-1440,18003,18003,2026-07-26T00:00:00,18003,37001,A,40.39592,-3.6779969,10,False,1,1
2026-07-26T01:22:38Z,3004S23743C5,23743,C5,13,43004,43003,2026-07-26T00:04:16,51003,43005,E,37.381527,-6.193782,30,False,1,3
2026-07-26T01:22:38Z,3004S23578C1,23578,C1,17,50602,50700,2026-07-26T00:03:13,51003,50600,E,37.58157,-5.6699624,30,False,2,2
2026-07-26T01:22:38Z,3104S23245C1,23245,C1,57,51300,51300,2026-07-25T23:59:00,51300,51405,E,36.680237,-6.12622,31,False,2,2
2026-07-26T01:22:38Z,3204S23405C1,23405,C1,-1440,54516,54516,2026-07-26T00:16:21,54516,54517,A,36.541843,-4.6237864,32,False,1,1
2026-07-26T01:22:38Z,3204S23400C1,23400,C1,4,54503,54501,2026-07-26T00:02:40,54517,54516,E,36.69222,-4.48376,32,False,2,2
2026-07-26T01:22:38Z,3204S23402C1,23402,C1,1,54512,54511,2026-07-26T00:03:25,54517,54516,E,36.582317,-4.5670233,32,False,2,1
2026-07-26T01:22:38Z,5104S77566R4,77566,R4,71,72206,72205,2026-07-26T00:04:44,71600,78700,E,41.370678,1.7253983,50,False,1,1
2026-07-26T01:22:38Z,5104S28393R2S,28393,R2S,-2,71802,71801,2026-07-26T00:01:45,71700,79400,A,41.379513,2.1412146,50,False,,
2026-07-26T01:22:38Z,5104S77464R4,77464,R4,92,71801,78805,2026-07-26T00:04:02,78600,71600,E,41.379536,2.1411612,50,False,9,1
2026-07-26T01:22:38Z,5104S25795R1,25795,R1,-1,79403,79404,2026-07-26T00:02:46,79500,72305,E,41.42436,2.2305613,50,False,,1
2026-07-26T01:22:38Z,5104S25567R2S,25567,R2S,35,71706,71705,2026-07-26T00:03:01,71600,79400,E,41.30322,2.010665,50,False,1,4
2026-07-26T01:22:38Z,5104S77468R4,77468,R4,37,72305,71801,2026-07-26T00:04:28,78700,71600,24.0,41.366352,2.1114275,50,False,,
2026-07-26T01:22:38Z,5104S35564R4,35564,R4,55,78802,78806,2026-07-26T00:01:30,72209,78600,21.0,41.42859,2.184213,50,False,2,2
2026-07-26T01:22:38Z,6004S35689C3,35689,C3,3,13101,13121,2026-07-25T23:59:56,13200,13100,E,43.04889,-3.0018198,60,False,,1
2026-07-26T01:22:38Z,6004S26577C3,26577,C3,-1440,13200,13200,2026-07-26T00:00:39,13200,13100,A,43.260048,-2.928512,60,False,5,5
2026-07-26T01:22:38Z,6004S26576C3,26576,C3,0,13108,13117,2026-07-26T00:00:20,13100,13200,E,43.16316,-2.9277587,60,False,,2
2026-07-26T01:22:38Z,6004S71553C4,71553,C4,6,05451,05451,2026-07-25T23:59:35,05451,05485,E,43.25962,-2.9268775,60,False,,
2026-07-26T01:22:38Z,6004S29573C2,29573,C2,-1420,13506,13506,2026-07-26T00:00:10,13506,13200,E,43.321514,-3.1123157,60,False,1,1
2026-07-26T01:22:38Z,6004S71550C4,71550,C4,1,05483,05485,2026-07-26T00:01:00,05485,05451,73.0,43.19154,-3.1950915,60,False,,
2026-07-26T01:22:38Z,6104S35654C1,35654,C1,4,11408,11407,2026-07-26T00:06:39,11404,11508,E,43.10187,-2.0972357,61,False,2,2
2026-07-26T01:22:38Z,6204S71185C2,71185,C2,2,05605,05604,2026-07-26T00:02:43,14223,05637,E,43.44074,-3.8995621,62,True,,2
2026-07-26T01:22:38Z,6204S35949C1,26949,C1,3,14216,14220,2026-07-26T00:08:38,14223,14202,E,43.353184,-3.9495938,62,True,1,1
2026-07-26T01:22:38Z,2004S86269C4,86269,C4,8,05211,05210,2026-07-26T00:00:00,15410,05211,E,43.58464,-5.772605,20,False,1,1
2026-07-26T01:22:38Z,2004S22132C1,22132,C1,3,15212,15217,2026-07-26T00:02:00,15218,15410,E,43.404537,-5.81196,20,False,2,2
2026-07-26T01:22:38Z,2004S86265C4,86265,C4,68,05211,05210,2026-07-26T00:00:00,15410,05211,E,43.58464,-5.772605,20,False,1,1
2026-07-26T01:22:38Z,2004S22050C1,22050,C1,89,15410,15401,2026-07-26T00:02:00,15122,15410,E,43.537712,-5.676047,20,False,1,2
2026-07-26T01:22:38Z,2004S22358C3,22358,C3,-1438,15218,15218,2026-07-26T00:02:00,15218,16405,E,43.3588,-5.8573804,20,False,1,1
2026-07-26T01:22:38Z,2004S22139C1,22139,C1,-1436,15211,15211,2026-07-26T00:19:00,15211,15122,E,43.36655,-5.854991,20,False,1,1
2026-07-26T01:22:38Z,2004S22372C3,22372,C3,3,16403,16401,2026-07-26T00:03:00,15211,16403,23.0,43.555103,-5.918247,20,False,1,2
2026-07-26T01:22:38Z,4104S84931C2,84931,C2,87,61200,06002,2026-07-26T00:34:00,06006,61200,E,37.97462,-1.1315287,41,False,1,2
2026-07-26T01:22:38Z,4104S24723C1,24723,C1,-1425,61200,61200,2026-07-26T00:14:00,61200,60911,S,37.974686,-1.131078,41,False,1,1
2026-07-26T01:22:38Z,1004S27313C4,27313,C4,4,18002,17000,2026-07-26T00:06:00,17000,37012,A,40.471325,-3.6833096,10,True,6,3
2026-07-26T01:22:38Z,1004S76567C5,76567,C5,0,35607,35607,2026-07-25T23:53:00,35607,35609,S,40.330883,-3.8823783,10,False,1,1
2026-07-26T01:22:38Z,1004S27512C4b,27512,C4b,0,17005,17004,2026-07-26T00:05:00,18000,17005,15.0,40.64925,-3.760631,10,True,3,3
2026-07-26T01:22:38Z,1004S75530C2,75530,C2,-3,70103,70107,2026-07-27T00:01:00,70200,17000,A,40.50538,-3.3352833,10,False,1,2
2026-07-26T01:22:38Z,1004S75035C8a,75035,C8a,19,10203,10203,2026-07-25T23:59:00,10203,17000,E,40.58532,-4.1321955,10,False,3,3
2026-07-26T01:22:38Z,1004S27317C4,27317,C4,-2,37002,37010,2026-07-27T00:01:00,17000,37012,A,40.323135,-3.7273622,10,True,1,1
2026-07-26T01:22:38Z,1004S27318C4a,27318,C4a,1436,19003,19002,2026-07-28T00:00:00,17000,19003,E,40.546417,-3.6351175,10,False,2,2
2026-07-26T01:22:38Z,1004S76571C5,76571,C5,-1439,35607,35607,2026-07-26T00:13:00,35607,35609,A,40.330883,-3.8823783,10,False,2,2
2026-07-26T01:22:38Z,1004S77100C5,77100,C5,0,37001,35009,2026-07-27T00:06:00,35002,37001,E,40.34132,-3.7123663,10,False,6,2
2026-07-26T01:22:38Z,1004S76569C5,76569,C5,0,35606,35607,2026-07-26T00:03:00,35607,35609,38.0,40.32908,-3.8704834,10,False,2,2
2026-07-26T01:22:38Z,1004S19945C1,19945,C1,0,98305,98304,2026-07-27T00:12:00,18000,98305,E,40.4924,-3.593483,10,False,2,1
2026-07-26T01:22:38Z,1004S75877C7,75877,C7,-1443,10000,10000,2026-07-27T00:09:00,10000,70103,A,40.42163,-3.7193205,10,True,1,1
2026-07-26T01:22:38Z,1004S75875C7,75875,C7,15,10000,10000,2026-07-25T23:59:00,10000,70103,E,40.42163,-3.7193205,10,False,3,3
2026-07-26T01:22:38Z,1004S76792C5,76792,C5,0,37001,35009,2026-07-25T23:58:00,35012,37001,S,40.25559,-3.8284667,10,False,4,2
2026-07-26T01:22:38Z,1004S75172C10,75172,C10,-1440,17000,17000,2026-07-27T00:19:00,17000,10200,E,40.470848,-3.682503,10,False,12,12
2026-07-26T01:22:38Z,1004S27090C3,27090,C3,-1418,60200,60200,2026-07-26T00:00:00,60200,17000,E,40.035027,-3.6189713,10,True,3,3
2026-07-26T01:22:38Z,1004S27094C3,27094,C3,-1432,60200,60200,2026-07-26T00:45:00,60200,17000,E,40.035027,-3.6189713,10,True,3,3
2026-07-26T01:22:38Z,1004S75037C8a,75037,C8a,6,97100,10100,2026-07-26T00:10:00,10203,17000,8.0,40.493187,-3.738863,10,False,1,3
2026-07-26T01:22:38Z,1004S27095C3,27095,C3,4,60104,60103,2026-07-26T00:04:00,17000,60200,18.0,40.20548,-3.671167,10,False,1,1
2026-07-26T01:22:38Z,1004S27093C3,27093,C3,-1435,17000,17000,2026-07-26T00:13:00,17000,60200,E,40.471382,-3.6834786,10,True,5,5
2026-07-26T01:22:38Z,1004S76573C5,76573,C5,-1440,35607,35607,2026-07-26T00:23:00,35607,35609,E,40.330883,-3.8823783,10,False,2,2
2026-07-26T01:22:38Z,1004S76794C5,76794,C5,0,37001,35009,2026-07-27T00:16:00,35012,37001,E,40.34132,-3.7123663,10,False,6,2
2026-07-26T01:22:38Z,1004S76575C5,76575,C5,1,35609,35608,2026-07-27T00:11:00,35607,35609,E,40.405067,-3.7026901,10,False,2,2
2026-07-26T01:22:38Z,1004S27316C4a,27316,C4a,3,18002,18101,2026-07-26T00:03:00,18000,19003,23.0,40.439056,-3.6927862,10,True,8,2
2026-07-26T01:22:38Z,1004S19940C1,19940,C1,-1440,98305,98305,2026-07-27T00:05:00,98305,17000,A,40.4924,-3.593483,10,False,1,1
2026-07-26T01:22:38Z,1004S76576C5,76576,C5,0,35601,35600,2026-07-25T23:59:00,35609,35607,S,40.38357,-3.7686734,10,False,1,1
2026-07-26T01:22:38Z,1004S75529C2,75529,C2,-1439,17000,17000,2026-07-27T00:13:00,17000,70200,S,40.47097,-3.68245,10,False,10,10
2026-07-26T01:22:38Z,1004S27510C4b,27510,C4b,-1436,18000,18000,2026-07-26T00:20:00,18000,17005,S,40.40654,-3.6895106,10,True,6,6
2026-07-26T01:22:38Z,1004S76578C5,76578,C5,1,35606,35610,2026-07-26T00:01:00,35609,35607,A,40.34195,-3.8423326,10,False,1,1
2026-07-26T01:22:38Z,1004S27508C4b,27508,C4b,-1430,37012,37012,2026-07-26T00:33:00,37012,17005,S,40.24143,-3.769159,10,True,2,2
2026-07-26T01:22:38Z,1004S75268C10,75268,C10,-1431,10200,10200,2026-07-26T00:18:00,10200,17000,S,40.62599,-4.0081153,10,False,4,4
2026-07-26T01:22:38Z,1004S27643C8b,27643,C8b,-5,12002,12004,2026-07-27T00:06:00,12006,17000,A,40.69257,-4.035974,10,True,1,1
2026-07-26T01:22:38Z,1004S27506C4b,27506,C4b,3,37011,37012,2026-07-26T00:06:00,37012,17005,13.0,40.27857,-3.7384615,10,True,2,2
2026-07-26T01:22:38Z,1004S77098C5,77098,C5,2,35010,35002,2026-07-25T23:59:00,35002,37001,S,40.29673,-3.7924793,10,False,2,2
2026-07-26T01:22:38Z,1004S77099C5,77099,C5,0,35010,35011,2026-07-25T23:59:00,37001,35012,S,40.29673,-3.7924793,10,False,1,1
2026-07-26T01:22:38Z,1004S76265C5,76265,C5,-1440,18003,18003,2026-07-26T00:00:00,18003,37001,A,40.39592,-3.6779969,10,False,1,1
2026-07-26T01:27:31Z,3004S23743C5,23743,C5,13,43004,43003,2026-07-26T00:04:16,51003,43005,E,37.381527,-6.193782,30,False,1,3
2026-07-26T01:27:31Z,3004S23578C1,23578,C1,17,50602,50700,2026-07-26T00:03:13,51003,50600,E,37.58157,-5.6699624,30,False,2,2
2026-07-26T01:27:31Z,3104S23245C1,23245,C1,57,51300,51300,2026-07-25T23:59:00,51300,51405,E,36.680237,-6.12622,31,False,2,2
2026-07-26T01:27:31Z,3204S23405C1,23405,C1,-1440,54516,54516,2026-07-26T00:16:21,54516,54517,A,36.541843,-4.6237864,32,False,1,1
2026-07-26T01:27:31Z,3204S23400C1,23400,C1,4,54503,54501,2026-07-26T00:02:40,54517,54516,E,36.69222,-4.48376,32,False,2,2
2026-07-26T01:27:31Z,3204S23402C1,23402,C1,1,54512,54511,2026-07-26T00:03:25,54517,54516,E,36.582317,-4.5670233,32,False,2,1
2026-07-26T01:27:31Z,5104S77566R4,77566,R4,71,72206,72205,2026-07-26T00:04:44,71600,78700,E,41.370678,1.7253983,50,False,1,1
2026-07-26T01:27:31Z,5104S28393R2S,28393,R2S,-2,71802,71801,2026-07-26T00:01:45,71700,79400,A,41.379513,2.1412146,50,False,,
2026-07-26T01:27:31Z,5104S77464R4,77464,R4,92,71801,78805,2026-07-26T00:04:02,78600,71600,E,41.379536,2.1411612,50,False,9,1
2026-07-26T01:27:31Z,5104S25795R1,25795,R1,-1,79403,79404,2026-07-26T00:02:46,79500,72305,E,41.42436,2.2305613,50,False,,1
2026-07-26T01:27:31Z,5104S25567R2S,25567,R2S,35,71706,71705,2026-07-26T00:03:01,71600,79400,E,41.30322,2.010665,50,False,1,4
2026-07-26T01:27:31Z,5104S77468R4,77468,R4,37,72305,71801,2026-07-26T00:04:28,78700,71600,24.0,41.366352,2.1114275,50,False,,
2026-07-26T01:27:31Z,5104S35564R4,35564,R4,55,78802,78806,2026-07-26T00:01:30,72209,78600,21.0,41.42859,2.184213,50,False,2,2
2026-07-26T01:27:31Z,6004S35689C3,35689,C3,3,13101,13121,2026-07-25T23:59:56,13200,13100,E,43.04889,-3.0018198,60,False,,1
2026-07-26T01:27:31Z,6004S26577C3,26577,C3,-1440,13200,13200,2026-07-26T00:00:39,13200,13100,A,43.260048,-2.928512,60,False,5,5
2026-07-26T01:27:31Z,6004S26576C3,26576,C3,0,13108,13117,2026-07-26T00:00:20,13100,13200,E,43.16316,-2.9277587,60,False,,2
2026-07-26T01:27:31Z,6004S71553C4,71553,C4,6,05451,05451,2026-07-25T23:59:35,05451,05485,E,43.25962,-2.9268775,60,False,,
2026-07-26T01:27:31Z,6004S29573C2,29573,C2,-1420,13506,13506,2026-07-26T00:00:10,13506,13200,E,43.321514,-3.1123157,60,False,1,1
2026-07-26T01:27:31Z,6004S71550C4,71550,C4,1,05483,05485,2026-07-26T00:01:00,05485,05451,73.0,43.19154,-3.1950915,60,False,,
2026-07-26T01:27:31Z,6104S35654C1,35654,C1,4,11408,11407,2026-07-26T00:06:39,11404,11508,E,43.10187,-2.0972357,61,False,2,2
2026-07-26T01:27:31Z,6204S71185C2,71185,C2,2,05605,05604,2026-07-26T00:02:43,14223,05637,E,43.44074,-3.8995621,62,True,,2
2026-07-26T01:27:31Z,6204S35949C1,26949,C1,3,14216,14220,2026-07-26T00:08:38,14223,14202,E,43.353184,-3.9495938,62,True,1,1
2026-07-26T01:27:31Z,2004S86269C4,86269,C4,8,05211,05210,2026-07-26T00:00:00,15410,05211,E,43.58464,-5.772605,20,False,1,1
2026-07-26T01:27:31Z,2004S22132C1,22132,C1,3,15212,15217,2026-07-26T00:02:00,15218,15410,E,43.404537,-5.81196,20,False,2,2
2026-07-26T01:27:31Z,2004S86265C4,86265,C4,68,05211,05210,2026-07-26T00:00:00,15410,05211,E,43.58464,-5.772605,20,False,1,1
2026-07-26T01:27:31Z,2004S22050C1,22050,C1,89,15410,15401,2026-07-26T00:02:00,15122,15410,E,43.537712,-5.676047,20,False,1,2
2026-07-26T01:27:31Z,2004S22358C3,22358,C3,-1438,15218,15218,2026-07-26T00:02:00,15218,16405,E,43.3588,-5.8573804,20,False,1,1
2026-07-26T01:27:31Z,2004S22139C1,22139,C1,-1436,15211,15211,2026-07-26T00:19:00,15211,15122,E,43.36655,-5.854991,20,False,1,1
2026-07-26T01:27:31Z,2004S22372C3,22372,C3,3,16403,16401,2026-07-26T00:03:00,15211,16403,23.0,43.555103,-5.918247,20,False,1,2
2026-07-26T01:27:31Z,4104S84931C2,84931,C2,87,61200,06002,2026-07-26T00:34:00,06006,61200,E,37.97462,-1.1315287,41,False,1,2
2026-07-26T01:27:31Z,4104S24723C1,24723,C1,-1425,61200,61200,2026-07-26T00:14:00,61200,60911,S,37.974686,-1.131078,41,False,1,1
2026-07-26T01:27:31Z,1004S27313C4,27313,C4,4,18002,17000,2026-07-26T00:06:00,17000,37012,A,40.471325,-3.6833096,10,True,6,3
2026-07-26T01:27:31Z,1004S76567C5,76567,C5,0,35607,35607,2026-07-25T23:53:00,35607,35609,S,40.330883,-3.8823783,10,False,1,1
2026-07-26T01:27:31Z,1004S27512C4b,27512,C4b,0,17005,17004,2026-07-26T00:05:00,18000,17005,15.0,40.64925,-3.760631,10,True,3,3
2026-07-26T01:27:31Z,1004S75530C2,75530,C2,-3,70103,70107,2026-07-27T00:01:00,70200,17000,A,40.50538,-3.3352833,10,False,1,2
2026-07-26T01:27:31Z,1004S75035C8a,75035,C8a,19,10203,10203,2026-07-25T23:59:00,10203,17000,E,40.58532,-4.1321955,10,False,3,3
2026-07-26T01:27:31Z,1004S27317C4,27317,C4,-2,37002,37010,2026-07-27T00:01:00,17000,37012,A,40.323135,-3.7273622,10,True,1,1
2026-07-26T01:27:31Z,1004S27318C4a,27318,C4a,1436,19003,19002,2026-07-28T00:00:00,17000,19003,E,40.546417,-3.6351175,10,False,2,2
2026-07-26T01:27:31Z,1004S76571C5,76571,C5,-1439,35607,35607,2026-07-26T00:13:00,35607,35609,A,40.330883,-3.8823783,10,False,2,2
2026-07-26T01:27:31Z,1004S77100C5,77100,C5,0,37001,35009,2026-07-27T00:06:00,35002,37001,E,40.34132,-3.7123663,10,False,6,2
2026-07-26T01:27:31Z,1004S76569C5,76569,C5,0,35606,35607,2026-07-26T00:03:00,35607,35609,38.0,40.32908,-3.8704834,10,False,2,2
2026-07-26T01:27:31Z,1004S19945C1,19945,C1,0,98305,98304,2026-07-27T00:12:00,18000,98305,E,40.4924,-3.593483,10,False,2,1
2026-07-26T01:27:31Z,1004S75877C7,75877,C7,-1443,10000,10000,2026-07-27T00:09:00,10000,70103,A,40.42163,-3.7193205,10,True,1,1
2026-07-26T01:27:31Z,1004S75875C7,75875,C7,15,10000,10000,2026-07-25T23:59:00,10000,70103,E,40.42163,-3.7193205,10,False,3,3
2026-07-26T01:27:31Z,1004S76792C5,76792,C5,0,37001,35009,2026-07-25T23:58:00,35012,37001,S,40.25559,-3.8284667,10,False,4,2
2026-07-26T01:27:31Z,1004S75172C10,75172,C10,-1440,17000,17000,2026-07-27T00:19:00,17000,10200,E,40.470848,-3.682503,10,False,12,12
2026-07-26T01:27:31Z,1004S27090C3,27090,C3,-1418,60200,60200,2026-07-26T00:00:00,60200,17000,E,40.035027,-3.6189713,10,True,3,3
2026-07-26T01:27:31Z,1004S27094C3,27094,C3,-1432,60200,60200,2026-07-26T00:45:00,60200,17000,E,40.035027,-3.6189713,10,True,3,3
2026-07-26T01:27:31Z,1004S75037C8a,75037,C8a,6,97100,10100,2026-07-26T00:10:00,10203,17000,8.0,40.493187,-3.738863,10,False,1,3
2026-07-26T01:27:31Z,1004S27095C3,27095,C3,4,60104,60103,2026-07-26T00:04:00,17000,60200,18.0,40.20548,-3.671167,10,False,1,1
2026-07-26T01:27:31Z,1004S27093C3,27093,C3,-1435,17000,17000,2026-07-26T00:13:00,17000,60200,E,40.471382,-3.6834786,10,True,5,5
2026-07-26T01:27:31Z,1004S76573C5,76573,C5,-1440,35607,35607,2026-07-26T00:23:00,35607,35609,E,40.330883,-3.8823783,10,False,2,2
2026-07-26T01:27:31Z,1004S76794C5,76794,C5,0,37001,35009,2026-07-27T00:16:00,35012,37001,E,40.34132,-3.7123663,10,False,6,2
2026-07-26T01:27:31Z,1004S76575C5,76575,C5,1,35609,35608,2026-07-27T00:11:00,35607,35609,E,40.405067,-3.7026901,10,False,2,2
2026-07-26T01:27:31Z,1004S27316C4a,27316,C4a,3,18002,18101,2026-07-26T00:03:00,18000,19003,23.0,40.439056,-3.6927862,10,True,8,2
2026-07-26T01:27:31Z,1004S19940C1,19940,C1,-1440,98305,98305,2026-07-27T00:05:00,98305,17000,A,40.4924,-3.593483,10,False,1,1
2026-07-26T01:27:31Z,1004S76576C5,76576,C5,0,35601,35600,2026-07-25T23:59:00,35609,35607,S,40.38357,-3.7686734,10,False,1,1
2026-07-26T01:27:31Z,1004S75529C2,75529,C2,-1439,17000,17000,2026-07-27T00:13:00,17000,70200,S,40.47097,-3.68245,10,False,10,10
2026-07-26T01:27:31Z,1004S27510C4b,27510,C4b,-1436,18000,18000,2026-07-26T00:20:00,18000,17005,S,40.40654,-3.6895106,10,True,6,6
2026-07-26T01:27:31Z,1004S76578C5,76578,C5,1,35606,35610,2026-07-26T00:01:00,35609,35607,A,40.34195,-3.8423326,10,False,1,1
2026-07-26T01:27:31Z,1004S27508C4b,27508,C4b,-1430,37012,37012,2026-07-26T00:33:00,37012,17005,S,40.24143,-3.769159,10,True,2,2
2026-07-26T01:27:31Z,1004S75268C10,75268,C10,-1431,10200,10200,2026-07-26T00:18:00,10200,17000,S,40.62599,-4.0081153,10,False,4,4
2026-07-26T01:27:31Z,1004S27643C8b,27643,C8b,-5,12002,12004,2026-07-27T00:06:00,12006,17000,A,40.69257,-4.035974,10,True,1,1
2026-07-26T01:27:31Z,1004S27506C4b,27506,C4b,3,37011,37012,2026-07-26T00:06:00,37012,17005,13.0,40.27857,-3.7384615,10,True,2,2
2026-07-26T01:27:31Z,1004S77098C5,77098,C5,2,35010,35002,2026-07-25T23:59:00,35002,37001,S,40.29673,-3.7924793,10,False,2,2
2026-07-26T01:27:31Z,1004S77099C5,77099,C5,0,35010,35011,2026-07-25T23:59:00,37001,35012,S,40.29673,-3.7924793,10,False,1,1
2026-07-26T01:27:31Z,1004S76265C5,76265,C5,-1440,18003,18003,2026-07-26T00:00:00,18003,37001,A,40.39592,-3.6779969,10,False,1,1
2026-07-26T01:32:53Z,3004S23743C5,23743,C5,13,43004,43003,2026-07-26T00:04:16,51003,43005,E,37.381527,-6.193782,30,False,1,3
2026-07-26T01:32:53Z,3004S23578C1,23578,C1,17,50602,50700,2026-07-26T00:03:13,51003,50600,E,37.58157,-5.6699624,30,False,2,2
2026-07-26T01:32:53Z,3104S23245C1,23245,C1,57,51300,51300,2026-07-25T23:59:00,51300,51405,E,36.680237,-6.12622,31,False,2,2
2026-07-26T01:32:53Z,3204S23405C1,23405,C1,-1440,54516,54516,2026-07-26T00:16:21,54516,54517,A,36.541843,-4.6237864,32,False,1,1
2026-07-26T01:32:53Z,3204S23400C1,23400,C1,4,54503,54501,2026-07-26T00:02:40,54517,54516,E,36.69222,-4.48376,32,False,2,2
2026-07-26T01:32:53Z,3204S23402C1,23402,C1,1,54512,54511,2026-07-26T00:03:25,54517,54516,E,36.582317,-4.5670233,32,False,2,1
2026-07-26T01:32:53Z,5104S77566R4,77566,R4,71,72206,72205,2026-07-26T00:04:44,71600,78700,E,41.370678,1.7253983,50,False,1,1
2026-07-26T01:32:53Z,5104S28393R2S,28393,R2S,-2,71802,71801,2026-07-26T00:01:45,71700,79400,A,41.379513,2.1412146,50,False,,
2026-07-26T01:32:53Z,5104S77464R4,77464,R4,92,71801,78805,2026-07-26T00:04:02,78600,71600,E,41.379536,2.1411612,50,False,9,1
2026-07-26T01:32:53Z,5104S25795R1,25795,R1,-1,79403,79404,2026-07-26T00:02:46,79500,72305,E,41.42436,2.2305613,50,False,,1
2026-07-26T01:32:53Z,5104S25567R2S,25567,R2S,35,71706,71705,2026-07-26T00:03:01,71600,79400,E,41.30322,2.010665,50,False,1,4
2026-07-26T01:32:53Z,5104S77468R4,77468,R4,37,72305,71801,2026-07-26T00:04:28,78700,71600,24.0,41.366352,2.1114275,50,False,,
2026-07-26T01:32:53Z,5104S35564R4,35564,R4,55,78802,78806,2026-07-26T00:01:30,72209,78600,21.0,41.42859,2.184213,50,False,2,2
2026-07-26T01:32:53Z,6004S35689C3,35689,C3,3,13101,13121,2026-07-25T23:59:56,13200,13100,E,43.04889,-3.0018198,60,False,,1
2026-07-26T01:32:53Z,6004S26577C3,26577,C3,-1440,13200,13200,2026-07-26T00:00:39,13200,13100,A,43.260048,-2.928512,60,False,5,5
2026-07-26T01:32:53Z,6004S26576C3,26576,C3,0,13108,13117,2026-07-26T00:00:20,13100,13200,E,43.16316,-2.9277587,60,False,,2
2026-07-26T01:32:53Z,6004S71553C4,71553,C4,6,05451,05451,2026-07-25T23:59:35,05451,05485,E,43.25962,-2.9268775,60,False,,
2026-07-26T01:32:53Z,6004S29573C2,29573,C2,-1420,13506,13506,2026-07-26T00:00:10,13506,13200,E,43.321514,-3.1123157,60,False,1,1
2026-07-26T01:32:53Z,6004S71550C4,71550,C4,1,05483,05485,2026-07-26T00:01:00,05485,05451,73.0,43.19154,-3.1950915,60,False,,
2026-07-26T01:32:53Z,6104S35654C1,35654,C1,4,11408,11407,2026-07-26T00:06:39,11404,11508,E,43.10187,-2.0972357,61,False,2,2
2026-07-26T01:32:53Z,6204S71185C2,71185,C2,2,05605,05604,2026-07-26T00:02:43,14223,05637,E,43.44074,-3.8995621,62,True,,2
2026-07-26T01:32:53Z,6204S35949C1,26949,C1,3,14216,14220,2026-07-26T00:08:38,14223,14202,E,43.353184,-3.9495938,62,True,1,1
2026-07-26T01:32:53Z,2004S86269C4,86269,C4,8,05211,05210,2026-07-26T00:00:00,15410,05211,E,43.58464,-5.772605,20,False,1,1
2026-07-26T01:32:53Z,2004S22132C1,22132,C1,3,15212,15217,2026-07-26T00:02:00,15218,15410,E,43.404537,-5.81196,20,False,2,2
2026-07-26T01:32:53Z,2004S86265C4,86265,C4,68,05211,05210,2026-07-26T00:00:00,15410,05211,E,43.58464,-5.772605,20,False,1,1
2026-07-26T01:32:53Z,2004S22050C1,22050,C1,89,15410,15401,2026-07-26T00:02:00,15122,15410,E,43.537712,-5.676047,20,False,1,2
2026-07-26T01:32:53Z,2004S22358C3,22358,C3,-1438,15218,15218,2026-07-26T00:02:00,15218,16405,E,43.3588,-5.8573804,20,False,1,1
2026-07-26T01:32:53Z,2004S22139C1,22139,C1,-1436,15211,15211,2026-07-26T00:19:00,15211,15122,E,43.36655,-5.854991,20,False,1,1
2026-07-26T01:32:53Z,2004S22372C3,22372,C3,3,16403,16401,2026-07-26T00:03:00,15211,16403,23.0,43.555103,-5.918247,20,False,1,2
2026-07-26T01:32:53Z,4104S84931C2,84931,C2,87,61200,06002,2026-07-26T00:34:00,06006,61200,E,37.97462,-1.1315287,41,False,1,2
2026-07-26T01:32:53Z,4104S24723C1,24723,C1,-1425,61200,61200,2026-07-26T00:14:00,61200,60911,S,37.974686,-1.131078,41,False,1,1
2026-07-26T01:32:53Z,1004S27313C4,27313,C4,4,18002,17000,2026-07-26T00:06:00,17000,37012,A,40.471325,-3.6833096,10,True,6,3
2026-07-26T01:32:53Z,1004S76567C5,76567,C5,0,35607,35607,2026-07-25T23:53:00,35607,35609,S,40.330883,-3.8823783,10,False,1,1
2026-07-26T01:32:53Z,1004S27512C4b,27512,C4b,0,17005,17004,2026-07-26T00:05:00,18000,17005,15.0,40.64925,-3.760631,10,True,3,3
2026-07-26T01:32:53Z,1004S75530C2,75530,C2,-3,70103,70107,2026-07-27T00:01:00,70200,17000,A,40.50538,-3.3352833,10,False,1,2
2026-07-26T01:32:53Z,1004S75035C8a,75035,C8a,19,10203,10203,2026-07-25T23:59:00,10203,17000,E,40.58532,-4.1321955,10,False,3,3
2026-07-26T01:32:53Z,1004S27317C4,27317,C4,-2,37002,37010,2026-07-27T00:01:00,17000,37012,A,40.323135,-3.7273622,10,True,1,1
2026-07-26T01:32:53Z,1004S27318C4a,27318,C4a,1436,19003,19002,2026-07-28T00:00:00,17000,19003,E,40.546417,-3.6351175,10,False,2,2
2026-07-26T01:32:53Z,1004S76571C5,76571,C5,-1439,35607,35607,2026-07-26T00:13:00,35607,35609,A,40.330883,-3.8823783,10,False,2,2
2026-07-26T01:32:53Z,1004S77100C5,77100,C5,0,37001,35009,2026-07-27T00:06:00,35002,37001,E,40.34132,-3.7123663,10,False,6,2
2026-07-26T01:32:53Z,1004S76569C5,76569,C5,0,35606,35607,2026-07-26T00:03:00,35607,35609,38.0,40.32908,-3.8704834,10,False,2,2
2026-07-26T01:32:53Z,1004S19945C1,19945,C1,0,98305,98304,2026-07-27T00:12:00,18000,98305,E,40.4924,-3.593483,10,False,2,1
2026-07-26T01:32:53Z,1004S75877C7,75877,C7,-1443,10000,10000,2026-07-27T00:09:00,10000,70103,A,40.42163,-3.7193205,10,True,1,1
2026-07-26T01:32:53Z,1004S75875C7,75875,C7,15,10000,10000,2026-07-25T23:59:00,10000,70103,E,40.42163,-3.7193205,10,False,3,3
2026-07-26T01:32:53Z,1004S76792C5,76792,C5,0,37001,35009,2026-07-25T23:58:00,35012,37001,S,40.25559,-3.8284667,10,False,4,2
2026-07-26T01:32:53Z,1004S75172C10,75172,C10,-1440,17000,17000,2026-07-27T00:19:00,17000,10200,E,40.470848,-3.682503,10,False,12,12
2026-07-26T01:32:53Z,1004S27090C3,27090,C3,-1418,60200,60200,2026-07-26T00:00:00,60200,17000,E,40.035027,-3.6189713,10,True,3,3
2026-07-26T01:32:53Z,1004S27094C3,27094,C3,-1432,60200,60200,2026-07-26T00:45:00,60200,17000,E,40.035027,-3.6189713,10,True,3,3
2026-07-26T01:32:53Z,1004S75037C8a,75037,C8a,6,97100,10100,2026-07-26T00:10:00,10203,17000,8.0,40.493187,-3.738863,10,False,1,3
2026-07-26T01:32:53Z,1004S27095C3,27095,C3,4,60104,60103,2026-07-26T00:04:00,17000,60200,18.0,40.20548,-3.671167,10,False,1,1
2026-07-26T01:32:53Z,1004S27093C3,27093,C3,-1435,17000,17000,2026-07-26T00:13:00,17000,60200,E,40.471382,-3.6834786,10,True,5,5
2026-07-26T01:32:53Z,1004S76573C5,76573,C5,-1440,35607,35607,2026-07-26T00:23:00,35607,35609,E,40.330883,-3.8823783,10,False,2,2
2026-07-26T01:32:53Z,1004S76794C5,76794,C5,0,37001,35009,2026-07-27T00:16:00,35012,37001,E,40.34132,-3.7123663,10,False,6,2
2026-07-26T01:32:53Z,1004S76575C5,76575,C5,1,35609,35608,2026-07-27T00:11:00,35607,35609,E,40.405067,-3.7026901,10,False,2,2
2026-07-26T01:32:53Z,1004S27316C4a,27316,C4a,3,18002,18101,2026-07-26T00:03:00,18000,19003,23.0,40.439056,-3.6927862,10,True,8,2
2026-07-26T01:32:53Z,1004S19940C1,19940,C1,-1440,98305,98305,2026-07-27T00:05:00,98305,17000,A,40.4924,-3.593483,10,False,1,1
2026-07-26T01:32:53Z,1004S76576C5,76576,C5,0,35601,35600,2026-07-25T23:59:00,35609,35607,S,40.38357,-3.7686734,10,False,1,1
2026-07-26T01:32:53Z,1004S75529C2,75529,C2,-1439,17000,17000,2026-07-27T00:13:00,17000,70200,S,40.47097,-3.68245,10,False,10,10
2026-07-26T01:32:53Z,1004S27510C4b,27510,C4b,-1436,18000,18000,2026-07-26T00:20:00,18000,17005,S,40.40654,-3.6895106,10,True,6,6
2026-07-26T01:32:53Z,1004S76578C5,76578,C5,1,35606,35610,2026-07-26T00:01:00,35609,35607,A,40.34195,-3.8423326,10,False,1,1
2026-07-26T01:32:53Z,1004S27508C4b,27508,C4b,-1430,37012,37012,2026-07-26T00:33:00,37012,17005,S,40.24143,-3.769159,10,True,2,2
2026-07-26T01:32:53Z,1004S75268C10,75268,C10,-1431,10200,10200,2026-07-26T00:18:00,10200,17000,S,40.62599,-4.0081153,10,False,4,4
2026-07-26T01:32:53Z,1004S27643C8b,27643,C8b,-5,12002,12004,2026-07-27T00:06:00,12006,17000,A,40.69257,-4.035974,10,True,1,1
2026-07-26T01:32:53Z,1004S27506C4b,27506,C4b,3,37011,37012,2026-07-26T00:06:00,37012,17005,13.0,40.27857,-3.7384615,10,True,2,2
2026-07-26T01:32:53Z,1004S77098C5,77098,C5,2,35010,35002,2026-07-25T23:59:00,35002,37001,S,40.29673,-3.7924793,10,False,2,2
2026-07-26T01:32:53Z,1004S77099C5,77099,C5,0,35010,35011,2026-07-25T23:59:00,37001,35012,S,40.29673,-3.7924793,10,False,1,1
2026-07-26T01:32:53Z,1004S76265C5,76265,C5,-1440,18003,18003,2026-07-26T00:00:00,18003,37001,A,40.39592,-3.6779969,10,False,1,1
2026-07-26T01:37:49Z,3004S23743C5,23743,C5,13,43004,43003,2026-07-26T00:04:16,51003,43005,E,37.381527,-6.193782,30,False,1,3
2026-07-26T01:37:49Z,3004S23578C1,23578,C1,17,50602,50700,2026-07-26T00:03:13,51003,50600,E,37.58157,-5.6699624,30,False,2,2
2026-07-26T01:37:49Z,3104S23245C1,23245,C1,57,51300,51300,2026-07-25T23:59:00,51300,51405,E,36.680237,-6.12622,31,False,2,2
2026-07-26T01:37:49Z,3204S23405C1,23405,C1,-1440,54516,54516,2026-07-26T00:16:21,54516,54517,A,36.541843,-4.6237864,32,False,1,1
2026-07-26T01:37:49Z,3204S23400C1,23400,C1,4,54503,54501,2026-07-26T00:02:40,54517,54516,E,36.69222,-4.48376,32,False,2,2
2026-07-26T01:37:49Z,3204S23402C1,23402,C1,1,54512,54511,2026-07-26T00:03:25,54517,54516,E,36.582317,-4.5670233,32,False,2,1
2026-07-26T01:37:49Z,5104S77566R4,77566,R4,71,72206,72205,2026-07-26T00:04:44,71600,78700,E,41.370678,1.7253983,50,False,1,1
2026-07-26T01:37:49Z,5104S28393R2S,28393,R2S,-2,71802,71801,2026-07-26T00:01:45,71700,79400,A,41.379513,2.1412146,50,False,,
2026-07-26T01:37:49Z,5104S77464R4,77464,R4,92,71801,78805,2026-07-26T00:04:02,78600,71600,E,41.379536,2.1411612,50,False,9,1
2026-07-26T01:37:49Z,5104S25795R1,25795,R1,-1,79403,79404,2026-07-26T00:02:46,79500,72305,E,41.42436,2.2305613,50,False,,1
2026-07-26T01:37:49Z,5104S25567R2S,25567,R2S,35,71706,71705,2026-07-26T00:03:01,71600,79400,E,41.30322,2.010665,50,False,1,4
2026-07-26T01:37:49Z,5104S77468R4,77468,R4,37,72305,71801,2026-07-26T00:04:28,78700,71600,24.0,41.366352,2.1114275,50,False,,
2026-07-26T01:37:49Z,5104S35564R4,35564,R4,55,78802,78806,2026-07-26T00:01:30,72209,78600,21.0,41.42859,2.184213,50,False,2,2
2026-07-26T01:37:49Z,6004S35689C3,35689,C3,3,13101,13121,2026-07-25T23:59:56,13200,13100,E,43.04889,-3.0018198,60,False,,1
2026-07-26T01:37:49Z,6004S26577C3,26577,C3,-1440,13200,13200,2026-07-26T00:00:39,13200,13100,A,43.260048,-2.928512,60,False,5,5
2026-07-26T01:37:49Z,6004S26576C3,26576,C3,0,13108,13117,2026-07-26T00:00:20,13100,13200,E,43.16316,-2.9277587,60,False,,2
2026-07-26T01:37:49Z,6004S71553C4,71553,C4,6,05451,05451,2026-07-25T23:59:35,05451,05485,E,43.25962,-2.9268775,60,False,,
2026-07-26T01:37:49Z,6004S29573C2,29573,C2,-1420,13506,13506,2026-07-26T00:00:10,13506,13200,E,43.321514,-3.1123157,60,False,1,1
2026-07-26T01:37:49Z,6004S71550C4,71550,C4,1,05483,05485,2026-07-26T00:01:00,05485,05451,73.0,43.19154,-3.1950915,60,False,,
2026-07-26T01:37:49Z,6104S35654C1,35654,C1,4,11408,11407,2026-07-26T00:06:39,11404,11508,E,43.10187,-2.0972357,61,False,2,2
2026-07-26T01:37:49Z,6204S71185C2,71185,C2,2,05605,05604,2026-07-26T00:02:43,14223,05637,E,43.44074,-3.8995621,62,True,,2
2026-07-26T01:37:49Z,6204S35949C1,26949,C1,3,14216,14220,2026-07-26T00:08:38,14223,14202,E,43.353184,-3.9495938,62,True,1,1
2026-07-26T01:37:49Z,2004S86269C4,86269,C4,8,05211,05210,2026-07-26T00:00:00,15410,05211,E,43.58464,-5.772605,20,False,1,1
2026-07-26T01:37:49Z,2004S22132C1,22132,C1,3,15212,15217,2026-07-26T00:02:00,15218,15410,E,43.404537,-5.81196,20,False,2,2
2026-07-26T01:37:49Z,2004S86265C4,86265,C4,68,05211,05210,2026-07-26T00:00:00,15410,05211,E,43.58464,-5.772605,20,False,1,1
2026-07-26T01:37:49Z,2004S22050C1,22050,C1,89,15410,15401,2026-07-26T00:02:00,15122,15410,E,43.537712,-5.676047,20,False,1,2
2026-07-26T01:37:49Z,2004S22358C3,22358,C3,-1438,15218,15218,2026-07-26T00:02:00,15218,16405,E,43.3588,-5.8573804,20,False,1,1
2026-07-26T01:37:49Z,2004S22139C1,22139,C1,-1436,15211,15211,2026-07-26T00:19:00,15211,15122,E,43.36655,-5.854991,20,False,1,1
2026-07-26T01:37:49Z,2004S22372C3,22372,C3,3,16403,16401,2026-07-26T00:03:00,15211,16403,23.0,43.555103,-5.918247,20,False,1,2
2026-07-26T01:37:49Z,4104S84931C2,84931,C2,87,61200,06002,2026-07-26T00:34:00,06006,61200,E,37.97462,-1.1315287,41,False,1,2
2026-07-26T01:37:49Z,4104S24723C1,24723,C1,-1425,61200,61200,2026-07-26T00:14:00,61200,60911,S,37.974686,-1.131078,41,False,1,1
2026-07-26T01:37:49Z,1004S27313C4,27313,C4,4,18002,17000,2026-07-26T00:06:00,17000,37012,A,40.471325,-3.6833096,10,True,6,3
2026-07-26T01:37:49Z,1004S76567C5,76567,C5,0,35607,35607,2026-07-25T23:53:00,35607,35609,S,40.330883,-3.8823783,10,False,1,1
2026-07-26T01:37:49Z,1004S27512C4b,27512,C4b,0,17005,17004,2026-07-26T00:05:00,18000,17005,15.0,40.64925,-3.760631,10,True,3,3
2026-07-26T01:37:49Z,1004S75530C2,75530,C2,-3,70103,70107,2026-07-27T00:01:00,70200,17000,A,40.50538,-3.3352833,10,False,1,2
2026-07-26T01:37:49Z,1004S75035C8a,75035,C8a,19,10203,10203,2026-07-25T23:59:00,10203,17000,E,40.58532,-4.1321955,10,False,3,3
2026-07-26T01:37:49Z,1004S27317C4,27317,C4,-2,37002,37010,2026-07-27T00:01:00,17000,37012,A,40.323135,-3.7273622,10,True,1,1
2026-07-26T01:37:49Z,1004S27318C4a,27318,C4a,1436,19003,19002,2026-07-28T00:00:00,17000,19003,E,40.546417,-3.6351175,10,False,2,2
2026-07-26T01:37:49Z,1004S76571C5,76571,C5,-1439,35607,35607,2026-07-26T00:13:00,35607,35609,A,40.330883,-3.8823783,10,False,2,2
2026-07-26T01:37:49Z,1004S77100C5,77100,C5,0,37001,35009,2026-07-27T00:06:00,35002,37001,E,40.34132,-3.7123663,10,False,6,2
2026-07-26T01:37:49Z,1004S76569C5,76569,C5,0,35606,35607,2026-07-26T00:03:00,35607,35609,38.0,40.32908,-3.8704834,10,False,2,2
2026-07-26T01:37:49Z,1004S19945C1,19945,C1,0,98305,98304,2026-07-27T00:12:00,18000,98305,E,40.4924,-3.593483,10,False,2,1
2026-07-26T01:37:49Z,1004S75877C7,75877,C7,-1443,10000,10000,2026-07-27T00:09:00,10000,70103,A,40.42163,-3.7193205,10,True,1,1
2026-07-26T01:37:49Z,1004S75875C7,75875,C7,15,10000,10000,2026-07-25T23:59:00,10000,70103,E,40.42163,-3.7193205,10,False,3,3
2026-07-26T01:37:49Z,1004S76792C5,76792,C5,0,37001,35009,2026-07-25T23:58:00,35012,37001,S,40.25559,-3.8284667,10,False,4,2
2026-07-26T01:37:49Z,1004S75172C10,75172,C10,-1440,17000,17000,2026-07-27T00:19:00,17000,10200,E,40.470848,-3.682503,10,False,12,12
2026-07-26T01:37:49Z,1004S27090C3,27090,C3,-1418,60200,60200,2026-07-26T00:00:00,60200,17000,E,40.035027,-3.6189713,10,True,3,3
2026-07-26T01:37:49Z,1004S27094C3,27094,C3,-1432,60200,60200,2026-07-26T00:45:00,60200,17000,E,40.035027,-3.6189713,10,True,3,3
2026-07-26T01:37:49Z,1004S75037C8a,75037,C8a,6,97100,10100,2026-07-26T00:10:00,10203,17000,8.0,40.493187,-3.738863,10,False,1,3
2026-07-26T01:37:49Z,1004S27095C3,27095,C3,4,60104,60103,2026-07-26T00:04:00,17000,60200,18.0,40.20548,-3.671167,10,False,1,1
2026-07-26T01:37:49Z,1004S27093C3,27093,C3,-1435,17000,17000,2026-07-26T00:13:00,17000,60200,E,40.471382,-3.6834786,10,True,5,5
2026-07-26T01:37:49Z,1004S76573C5,76573,C5,-1440,35607,35607,2026-07-26T00:23:00,35607,35609,E,40.330883,-3.8823783,10,False,2,2
2026-07-26T01:37:49Z,1004S76794C5,76794,C5,0,37001,35009,2026-07-27T00:16:00,35012,37001,E,40.34132,-3.7123663,10,False,6,2
2026-07-26T01:37:49Z,1004S76575C5,76575,C5,1,35609,35608,2026-07-27T00:11:00,35607,35609,E,40.405067,-3.7026901,10,False,2,2
2026-07-26T01:37:49Z,1004S27316C4a,27316,C4a,3,18002,18101,2026-07-26T00:03:00,18000,19003,23.0,40.439056,-3.6927862,10,True,8,2
2026-07-26T01:37:49Z,1004S19940C1,19940,C1,-1440,98305,98305,2026-07-27T00:05:00,98305,17000,A,40.4924,-3.593483,10,False,1,1
2026-07-26T01:37:49Z,1004S76576C5,76576,C5,0,35601,35600,2026-07-25T23:59:00,35609,35607,S,40.38357,-3.7686734,10,False,1,1
2026-07-26T01:37:49Z,1004S75529C2,75529,C2,-1439,17000,17000,2026-07-27T00:13:00,17000,70200,S,40.47097,-3.68245,10,False,10,10
2026-07-26T01:37:49Z,1004S27510C4b,27510,C4b,-1436,18000,18000,2026-07-26T00:20:00,18000,17005,S,40.40654,-3.6895106,10,True,6,6
2026-07-26T01:37:49Z,1004S76578C5,76578,C5,1,35606,35610,2026-07-26T00:01:00,35609,35607,A,40.34195,-3.8423326,10,False,1,1
2026-07-26T01:37:49Z,1004S27508C4b,27508,C4b,-1430,37012,37012,2026-07-26T00:33:00,37012,17005,S,40.24143,-3.769159,10,True,2,2
2026-07-26T01:37:49Z,1004S75268C10,75268,C10,-1431,10200,10200,2026-07-26T00:18:00,10200,17000,S,40.62599,-4.0081153,10,False,4,4
2026-07-26T01:37:49Z,1004S27643C8b,27643,C8b,-5,12002,12004,2026-07-27T00:06:00,12006,17000,A,40.69257,-4.035974,10,True,1,1
2026-07-26T01:37:49Z,1004S27506C4b,27506,C4b,3,37011,37012,2026-07-26T00:06:00,37012,17005,13.0,40.27857,-3.7384615,10,True,2,2
2026-07-26T01:37:49Z,1004S77098C5,77098,C5,2,35010,35002,2026-07-25T23:59:00,35002,37001,S,40.29673,-3.7924793,10,False,2,2
2026-07-26T01:37:49Z,1004S77099C5,77099,C5,0,35010,35011,2026-07-25T23:59:00,37001,35012,S,40.29673,-3.7924793,10,False,1,1
2026-07-26T01:37:49Z,1004S76265C5,76265,C5,-1440,18003,18003,2026-07-26T00:00:00,18003,37001,A,40.39592,-3.6779969,10,False,1,1
2026-07-26T01:42:37Z,6005D26578C3,26578,C3,0,13200,13120,2026-07-26T03:58:00,13100,13200,,43.260048,-2.928512,60,False,3,2
2026-07-26T01:47:40Z,6005D26578C3,26578,C3,0,13200,13120,2026-07-26T03:58:00,13100,13200,,43.260048,-2.928512,60,False,3,2
2026-07-26T01:52:41Z,6005D26578C3,26578,C3,0,13200,13120,2026-07-26T03:58:00,13100,13200,,43.260048,-2.928512,60,False,3,2
2026-07-26T01:57:34Z,6005D26578C3,26578,C3,1,13200,13120,2026-07-26T03:59:25,13100,13200,1.0,43.259987,-2.9286184,60,False,3,2
2026-07-26T02:03:05Z,6005D26578C3,26578,C3,-1,13114,13113,2026-07-26T04:05:05,13100,13200,E,43.24241,-2.9163692,60,False,,2
2026-07-26T02:07:32Z,6005D26578C3,26578,C3,0,13113,13118,2026-07-26T04:10:15,13100,13200,E,43.236897,-2.889748,60,False,,2
2026-07-26T02:12:40Z,6005D26578C3,26578,C3,0,13112,13111,2026-07-26T04:13:49,13100,13200,E,43.22361,-2.882291,60,False,,2
2026-07-26T02:17:39Z,6005D26578C3,26578,C3,0,13110,13115,2026-07-26T04:21:13,13100,13200,A,43.176933,-2.909058,60,False,2,2
2026-07-26T02:17:39Z,6105D89680C1,89680,C1,0,11600,11518,2026-07-26T04:34:00,11508,11600,A,43.330643,-1.8169186,61,False,,2
2026-07-26T02:22:58Z,6005D26578C3,26578,C3,1,13115,13109,2026-07-26T04:23:49,13100,13200,E,43.176933,-2.909058,60,False,,2
2026-07-26T02:22:58Z,6105D80716C1,80716,C1,0,11600,11518,2026-07-26T04:42:00,11516,11600,A,43.330643,-1.8169186,61,False,,2
2026-07-26T02:22:58Z,6105D89680C1,89680,C1,0,11600,11518,2026-07-26T04:34:00,11508,11600,A,43.330643,-1.8169186,61,False,,2
2026-07-26T02:27:35Z,6005D26578C3,26578,C3,2,13108,13117,2026-07-26T04:29:46,13100,13200,22.0,43.16316,-2.9277587,60,False,,2
2026-07-26T02:27:35Z,6105D89680C1,89680,C1,0,11600,11518,2026-07-26T04:34:00,11508,11600,A,43.330643,-1.8169186,61,False,,2
2026-07-26T02:27:35Z,6105D80716C1,80716,C1,0,11600,11518,2026-07-26T04:42:00,11516,11600,A,43.330643,-1.8169186,61,False,,2
2026-07-26T02:32:53Z,5105D25400R2,25400,R2,0,71700,71701,2026-07-26T04:51:00,79104,71700,,41.27745,1.9777229,50,True,10,
2026-07-26T02:32:53Z,6005D26578C3,26578,C3,0,13106,13104,2026-07-26T04:34:47,13100,13200,A,43.132793,-2.9697878,60,False,2,2
2026-07-26T02:32:53Z,6105D82769C1,82769,C1,0,11400,11402,2026-07-26T04:58:00,11404,11400,A,43.040184,-2.256515,61,False,1,1
2026-07-26T02:32:53Z,6105D89680C1,89680,C1,0,11600,11518,2026-07-26T04:34:00,11508,11600,E,43.33877,-1.8007782,61,False,,2
2026-07-26T02:32:53Z,6105D80716C1,80716,C1,0,11600,11518,2026-07-26T04:42:00,11516,11600,A,43.330643,-1.8169186,61,False,,2
2026-07-26T02:32:53Z,1005D76352C5,76352,C5,0,35607,35606,2026-07-26T05:03:00,35609,35607,E,40.330883,-3.8823783,10,False,2,1
2026-07-26T02:32:53Z,1005D27203C4a,27203,C4a,0,18000,18101,2026-07-26T05:00:00,19003,18000,E,40.40654,-3.6895106,10,True,6,1
2026-07-26T02:37:31Z,5105D77600R4,77600,R4,0,72209,72210,2026-07-26T04:54:00,78700,72209,,41.47872,1.9255537,50,False,,4
2026-07-26T02:37:31Z,5105D35510R1,26510,R1,0,79500,79412,2026-07-26T04:53:00,72305,79500,A,41.50672,2.4016483,50,True,2,
2026-07-26T02:37:31Z,6005D26578C3,26578,C3,1,13104,13103,2026-07-26T04:41:05,13100,13200,27.0,43.123367,-2.9806316,60,False,,2
2026-07-26T02:37:31Z,6105D82769C1,82769,C1,0,11400,11402,2026-07-26T04:58:00,11404,11400,A,43.040184,-2.256515,61,False,1,1
2026-07-26T02:37:31Z,6105D81700C1,81700,C1,0,11600,11518,2026-07-26T04:57:00,11508,11600,A,43.330643,-1.8169186,61,False,,2
2026-07-26T02:37:31Z,6105D80716C1,80716,C1,0,11600,11518,2026-07-26T04:42:00,11516,11600,A,43.330643,-1.8169186,61,False,,2
2026-07-26T02:37:31Z,1005D27403C4b,27403,C4b,0,17000,17001,2026-07-26T05:08:00,17005,17000,E,40.471325,-3.6833096,10,True,5,1
2026-07-26T02:37:31Z,1005D76352C5,76352,C5,0,35607,35606,2026-07-26T05:03:00,35609,35607,E,40.330883,-3.8823783,10,False,2,1
2026-07-26T02:37:31Z,1005D27205C4a,27205,C4a,0,37012,37011,2026-07-26T05:09:00,19003,37012,E,40.24143,-3.769159,10,False,1,1
2026-07-26T02:37:31Z,1005D27203C4a,27203,C4a,0,18000,18101,2026-07-26T05:00:00,19003,18000,E,40.40654,-3.6895106,10,True,6,1
2026-07-26T02:42:57Z,5105D25400R2,25400,R2,-3,71700,71701,2026-07-26T04:47:51,79104,71700,E,41.27745,1.9777229,50,True,,
2026-07-26T02:42:57Z,5105D28557R2N,28557,R2N,0,79400,71802,2026-07-26T05:07:00,72400,79400,,41.399246,2.1742988,50,True,,
2026-07-26T02:42:57Z,5105D77600R4,77600,R4,0,72209,72210,2026-07-26T04:54:00,78700,72209,,41.47872,1.9255537,50,False,,4
2026-07-26T02:42:57Z,6005D26578C3,26578,C3,2,13103,13102,2026-07-26T04:44:30,13100,13200,42.0,43.08598,-3.002298,60,False,,2
2026-07-26T02:42:57Z,6105D82769C1,82769,C1,0,11400,11402,2026-07-26T04:58:00,11404,11400,A,43.040184,-2.256515,61,False,1,1
2026-07-26T02:42:57Z,6105D81700C1,81700,C1,0,11600,11518,2026-07-26T04:57:00,11508,11600,A,43.330643,-1.8169186,61,False,,2
2026-07-26T02:42:57Z,1005D76352C5,76352,C5,0,35607,35606,2026-07-26T05:03:00,35609,35607,E,40.330883,-3.8823783,10,False,2,1
2026-07-26T02:42:57Z,1005D27403C4b,27403,C4b,0,17000,17001,2026-07-26T05:08:00,17005,17000,E,40.471325,-3.6833096,10,True,5,1
2026-07-26T02:42:57Z,1005D76354C5,76354,C5,0,35607,35606,2026-07-26T05:13:00,35609,35607,E,40.330883,-3.8823783,10,False,2,1
2026-07-26T02:42:57Z,1005D76675C5,76675,C5,0,35012,35002,2026-07-26T05:15:00,37001,35012,E,40.25559,-3.8284667,10,False,1,1
2026-07-26T02:42:57Z,1005D27000C3,27000,C3,0,17000,18002,2026-07-26T05:16:00,60200,17000,E,40.471382,-3.6834786,10,True,2,8
2026-07-26T02:42:57Z,1005D27203C4a,27203,C4a,0,18000,18101,2026-07-26T05:00:00,19003,18000,E,40.40654,-3.6895106,10,True,6,1
2026-07-26T02:42:57Z,1005D27205C4a,27205,C4a,0,37012,37011,2026-07-26T05:09:00,19003,37012,E,40.24143,-3.769159,10,False,1,1
2026-07-26T02:47:42Z,5105D35510R1,26510,R1,0,79500,79412,2026-07-26T04:53:00,72305,79500,A,41.50672,2.4016483,50,True,2,
2026-07-26T02:47:42Z,5105D25400R2,25400,R2,2,71700,71701,2026-07-26T04:52:36,79104,71700,14.0,41.27745,1.9777229,50,True,,2
2026-07-26T02:47:42Z,5105D25702R1,25702,R1,0,79500,79412,2026-07-26T05:05:00,72305,79500,,41.53325,2.4456325,50,True,,2
2026-07-26T02:47:42Z,5105D28557R2N,28557,R2N,0,79400,71802,2026-07-26T05:07:00,72400,79400,,41.399246,2.1742988,50,True,,
2026-07-26T02:47:42Z,5105D77504R4,77504,R4,0,78700,78710,2026-07-26T05:03:00,71600,78700,A,41.567463,2.03963,50,False,3,2
2026-07-26T02:47:42Z,6005D26500C3,26500,C3,0,13200,13120,2026-07-26T05:02:00,13100,13200,A,43.25035,-2.930641,60,False,5,2
2026-07-26T02:47:42Z,6005D26501C3,26501,C3,0,13100,13116,2026-07-26T05:06:00,13200,13100,A,43.035866,-3.0039182,60,False,2,1
2026-07-26T02:47:42Z,6005D26578C3,26578,C3,1,13121,13101,2026-07-26T04:48:02,13100,13200,E,43.05786,-2.996093,60,False,,2
2026-07-26T02:47:42Z,6105D82769C1,82769,C1,0,11400,11402,2026-07-26T04:58:00,11404,11400,E,43.086685,-2.3198454,61,False,,1
2026-07-26T02:47:42Z,6105D81700C1,81700,C1,0,11600,11518,2026-07-26T04:57:00,11508,11600,A,43.330643,-1.8169186,61,False,,2
2026-07-26T02:47:42Z,2005D22101C1,22101,C1,0,15218,15211,2026-07-26T05:20:00,15410,15218,E,43.3588,-5.8573804,20,False,1,1
2026-07-26T02:47:42Z,1005D19799C1,19799,C1,0,18000,18001,2026-07-26T05:18:00,98305,18000,E,40.470993,-3.6825814,10,False,1,1
2026-07-26T02:47:42Z,1005D76675C5,76675,C5,0,35012,35002,2026-07-26T05:15:00,37001,35012,E,40.25559,-3.8284667,10,False,1,1
2026-07-26T02:47:42Z,1005D76354C5,76354,C5,0,35607,35606,2026-07-26T05:13:00,35609,35607,E,40.330883,-3.8823783,10,False,2,1
2026-07-26T02:47:42Z,1005D27403C4b,27403,C4b,0,17000,17001,2026-07-26T05:08:00,17005,17000,E,40.471325,-3.6833096,10,True,5,1
2026-07-26T02:47:42Z,1005D27000C3,27000,C3,0,17000,18002,2026-07-26T05:16:00,60200,17000,E,40.471382,-3.6834786,10,True,2,8
2026-07-26T02:47:42Z,1005D27203C4a,27203,C4a,0,18000,18101,2026-07-26T05:00:00,19003,18000,E,40.40654,-3.6895106,10,True,6,1
2026-07-26T02:47:42Z,1005D76352C5,76352,C5,0,35607,35606,2026-07-26T05:03:00,35609,35607,E,40.330883,-3.8823783,10,False,2,1
2026-07-26T02:47:42Z,1005D27405C4b,27405,C4b,0,18000,18101,2026-07-26T05:19:00,17005,18000,E,40.40654,-3.6895106,10,True,5,1
2026-07-26T02:47:42Z,1005D27205C4a,27205,C4a,0,37012,37011,2026-07-26T05:09:00,19003,37012,E,40.24143,-3.769159,10,False,1,1
2026-07-26T02:53:02Z,5105D35510R1,26510,R1,0,79412,79410,2026-07-26T04:55:21,72305,79500,A,41.500538,2.3899064,50,True,2,2
2026-07-26T02:53:02Z,5105D25400R2,25400,R2,2,71701,71703,2026-07-26T05:00:59,79104,71700,A,41.27745,1.9777229,50,True,2,2
2026-07-26T02:53:02Z,5105D77504R4,77504,R4,0,78700,78710,2026-07-26T05:03:00,71600,78700,A,41.567463,2.03963,50,False,3,2
2026-07-26T02:53:02Z,6005D26578C3,26578,C3,2,13100,13100,2026-07-26T04:57:34,13100,13200,A,42.99472,-3.0158784,60,False,,
2026-07-26T02:53:02Z,6005D29606C1,29606,C1,0,13405,13404,2026-07-26T05:08:00,13200,13405,A,43.3262,-3.023556,60,False,2,2
2026-07-26T02:53:02Z,6005D26501C3,26501,C3,0,13100,13116,2026-07-26T05:06:00,13200,13100,A,43.035866,-3.0039182,60,False,2,1
2026-07-26T02:53:02Z,6005D26500C3,26500,C3,0,13200,13120,2026-07-26T05:02:00,13100,13200,A,43.25035,-2.930641,60,False,5,2
2026-07-26T02:53:02Z,6105D82769C1,82769,C1,0,11400,11402,2026-07-26T04:58:00,11404,11400,E,43.086685,-2.3198454,61,False,,1
2026-07-26T02:53:02Z,6105D81700C1,81700,C1,0,11600,11518,2026-07-26T04:57:00,11508,11600,A,43.330643,-1.8169186,61,False,,2
2026-07-26T02:53:02Z,2005D22101C1,22101,C1,0,15218,15211,2026-07-26T05:20:00,15410,15218,E,43.3588,-5.8573804,20,False,1,1
2026-07-26T02:53:02Z,1005D76354C5,76354,C5,0,35607,35606,2026-07-26T05:13:00,35609,35607,E,40.330883,-3.8823783,10,False,2,1
2026-07-26T02:53:02Z,1005D76356C5,76356,C5,0,35607,35606,2026-07-26T05:23:00,35609,35607,E,40.330883,-3.8823783,10,False,2,1
2026-07-26T02:53:02Z,1005D27001C3,27001,C3,0,60200,60105,2026-07-26T05:30:00,17000,60200,E,40.035027,-3.6189713,10,True,1,1
2026-07-26T02:53:02Z,1005D76675C5,76675,C5,0,35012,35002,2026-07-26T05:15:00,37001,35012,E,40.25559,-3.8284667,10,False,1,1
2026-07-26T02:53:02Z,1005D76677C5,76677,C5,0,35012,35002,2026-07-26T05:25:00,37001,35012,E,40.25559,-3.8284667,10,False,1,1
2026-07-26T02:53:02Z,1005D27000C3,27000,C3,0,17000,18002,2026-07-26T05:16:00,60200,17000,E,40.471382,-3.6834786,10,True,2,8
2026-07-26T02:53:02Z,1005D27403C4b,27403,C4b,0,17000,17001,2026-07-26T05:08:00,17005,17000,E,40.471325,-3.6833096,10,True,5,1
2026-07-26T02:53:02Z,1005D76352C5,76352,C5,0,35607,35606,2026-07-26T05:03:00,35609,35607,E,40.330883,-3.8823783,10,False,2,1
2026-07-26T02:53:02Z,1005D19799C1,19799,C1,0,18000,18001,2026-07-26T05:18:00,98305,18000,E,40.470993,-3.6825814,10,False,1,1
2026-07-26T02:53:02Z,1005D27205C4a,27205,C4a,0,37012,37011,2026-07-26T05:09:00,19003,37012,E,40.24143,-3.769159,10,False,1,1
2026-07-26T02:53:02Z,1005D27203C4a,27203,C4a,0,18000,18101,2026-07-26T05:00:00,19003,18000,E,40.40654,-3.6895106,10,True,6,1
2026-07-26T02:53:02Z,1005D27405C4b,27405,C4b,0,18000,18101,2026-07-26T05:19:00,17005,18000,E,40.40654,-3.6895106,10,True,5,1
2026-07-26T02:57:35Z,5105D35510R1,26510,R1,4,79412,79410,2026-07-26T04:58:51,72305,79500,30.0,41.504814,2.3981528,50,True,,2
2026-07-26T02:57:35Z,5105D77504R4,77504,R4,0,78700,78710,2026-07-26T05:03:00,71600,78700,A,41.567463,2.03963,50,False,3,2
2026-07-26T02:57:35Z,5105D25400R2,25400,R2,4,71701,71703,2026-07-26T05:02:51,79104,71700,32.0,41.27745,1.9777229,50,True,,2
2026-07-26T02:57:35Z,6005D26578C3,26578,C3,1,13100,13100,2026-07-26T04:57:19,13100,13200,E,42.99472,-3.0158784,60,False,,
2026-07-26T02:57:35Z,6005D29606C1,29606,C1,0,13405,13404,2026-07-26T05:08:00,13200,13405,A,43.3262,-3.023556,60,False,2,2
2026-07-26T02:57:35Z,6005D26501C3,26501,C3,0,13100,13116,2026-07-26T05:06:00,13200,13100,A,43.035866,-3.0039182,60,False,2,1
2026-07-26T02:57:35Z,6005D26500C3,26500,C3,0,13200,13120,2026-07-26T05:02:00,13100,13200,A,43.035866,-3.0039182,60,False,5,2
2026-07-26T02:57:35Z,6105D82769C1,82769,C1,0,11400,11402,2026-07-26T04:58:00,11404,11400,E,43.086685,-2.3198454,61,False,,1
2026-07-26T02:57:35Z,2005D22101C1,22101,C1,0,15218,15211,2026-07-26T05:20:00,15410,15218,E,43.3588,-5.8573804,20,False,1,1
2026-07-26T02:57:35Z,1005D76354C5,76354,C5,0,35607,35606,2026-07-26T05:13:00,35609,35607,E,40.330883,-3.8823783,10,False,2,1
2026-07-26T02:57:35Z,1005D76356C5,76356,C5,0,35607,35606,2026-07-26T05:23:00,35609,35607,E,40.330883,-3.8823783,10,False,2,1
2026-07-26T02:57:35Z,1005D27001C3,27001,C3,0,60200,60105,2026-07-26T05:30:00,17000,60200,E,40.035027,-3.6189713,10,True,1,1
2026-07-26T02:57:35Z,1005D76675C5,76675,C5,0,35012,35002,2026-07-26T05:15:00,37001,35012,E,40.25559,-3.8284667,10,False,1,1
2026-07-26T02:57:35Z,1005D76677C5,76677,C5,0,35012,35002,2026-07-26T05:25:00,37001,35012,E,40.25559,-3.8284667,10,False,1,1
2026-07-26T02:57:35Z,1005D27403C4b,27403,C4b,0,17000,17001,2026-07-26T05:08:00,17005,17000,E,40.471325,-3.6833096,10,True,5,1
2026-07-26T02:57:35Z,1005D27000C3,27000,C3,0,17000,18002,2026-07-26T05:16:00,60200,17000,E,40.471382,-3.6834786,10,True,2,8
2026-07-26T02:57:35Z,1005D76352C5,76352,C5,0,35607,35606,2026-07-26T05:03:00,35609,35607,E,40.330883,-3.8823783,10,False,2,1
2026-07-26T02:57:35Z,1005D19799C1,19799,C1,0,18000,18001,2026-07-26T05:18:00,98305,18000,E,40.470993,-3.6825814,10,False,1,1
2026-07-26T02:57:35Z,1005D27205C4a,27205,C4a,3,37012,37011,2026-07-26T05:12:00,19003,37012,E,40.24143,-3.769159,10,False,1,1
2026-07-26T02:57:35Z,1005D27203C4a,27203,C4a,0,18000,18101,2026-07-26T05:00:00,19003,18000,E,40.40654,-3.6895106,10,True,6,1
2026-07-26T02:57:35Z,1005D27405C4b,27405,C4b,0,18000,18101,2026-07-26T05:19:00,17005,18000,E,40.40654,-3.6895106,10,True,5,1
2026-07-26T03:03:02Z,5105D35510R1,26510,R1,2,79408,79407,2026-07-26T05:05:44,72305,79500,A,41.47691,2.310406,50,True,2,2
2026-07-26T03:03:02Z,5105D25400R2,25400,R2,1,71704,71705,2026-07-26T05:07:59,79104,71700,A,41.27877,1.9793723,50,True,2,2
2026-07-26T03:03:02Z,5105D77504R4,77504,R4,0,78710,78709,2026-07-26T05:07:05,71600,78700,A,41.561966,2.0962272,50,False,2,2
2026-07-26T03:03:02Z,5105D28400R2N,28400,R2N,0,79007,79006,2026-07-26T05:06:52,72400,79100,A,41.533474,2.2177799,50,True,2,
2026-07-26T03:03:02Z,5105D28250R2S,28250,R2S,0,71700,71701,2026-07-26T05:20:00,79400,71700,,41.219913,1.7308453,50,True,,
2026-07-26T03:03:02Z,5105D28557R2N,28557,R2N,3,79400,71802,2026-07-26T05:10:01,72400,79400,27.0,41.39739,2.171821,50,True,,
2026-07-26T03:03:02Z,5105D25702R1,25702,R1,1,79500,79412,2026-07-26T05:05:34,72305,79500,30.0,41.524616,2.4328277,50,True,,2
2026-07-26T03:03:02Z,6005D29606C1,29606,C1,0,13405,13404,2026-07-26T05:08:00,13200,13405,A,43.3262,-3.023556,60,False,2,2
2026-07-26T03:03:02Z,6005D26501C3,26501,C3,2,13100,13116,2026-07-26T05:07:33,13200,13100,4.0,42.995808,-3.0141504,60,False,2,1
2026-07-26T03:03:02Z,6105D32769C1,32769,C1,0,11404,11405,2026-07-26T05:17:00,11508,11404,A,43.052605,-2.1791906,61,False,2,1
2026-07-26T03:03:02Z,2005D22101C1,22101,C1,0,15218,15211,2026-07-26T05:20:00,15410,15218,E,43.3588,-5.8573804,20,False,1,1
2026-07-26T03:03:02Z,1005D76352C5,76352,C5,0,35606,35610,2026-07-26T05:06:00,35609,35607,A,40.34195,-3.8423326,10,False,1,1
2026-07-26T03:03:02Z,1005D76354C5,76354,C5,0,35607,35606,2026-07-26T05:13:00,35609,35607,E,40.330883,-3.8823783,10,False,2,1
2026-07-26T03:03:02Z,1005D27205C4a,27205,C4a,3,37012,37011,2026-07-26T05:12:00,19003,37012,E,40.24143,-3.769159,10,True,2,1
2026-07-26T03:03:02Z,1005D27202C4,27202,C4,0,18000,60100,2026-07-26T05:36:00,37012,18000,E,40.40654,-3.6895106,10,True,7,1
2026-07-26T03:03:02Z,1005D76202C5,76202,C5,0,18003,35702,2026-07-26T05:31:00,37001,18003,E,40.39592,-3.6779969,10,False,2,2
2026-07-26T03:03:02Z,1005D27001C3,27001,C3,0,60200,60105,2026-07-26T05:30:00,17000,60200,E,40.035027,-3.6189713,10,True,1,1
2026-07-26T03:03:02Z,1005D76358C5,76358,C5,0,35607,35606,2026-07-26T05:33:00,35609,35607,E,40.330883,-3.8823783,10,False,2,1
2026-07-26T03:03:02Z,1005D76677C5,76677,C5,0,35012,35002,2026-07-26T05:25:00,37001,35012,E,40.25559,-3.8284667,10,False,1,1
2026-07-26T03:03:02Z,1005D76356C5,76356,C5,0,35607,35606,2026-07-26T05:23:00,35609,35607,E,40.330883,-3.8823783,10,False,2,1
2026-07-26T03:03:02Z,1005D76675C5,76675,C5,0,35012,35002,2026-07-26T05:15:00,37001,35012,E,40.25559,-3.8284667,10,False,1,1
2026-07-26T03:03:02Z,1005D19799C1,19799,C1,0,18000,18001,2026-07-26T05:18:00,98305,18000,E,40.470993,-3.6825814,10,True,1,1
2026-07-26T03:03:02Z,1005D75601C2,75601,C2,0,70200,70105,2026-07-26T05:38:00,10203,70200,E,40.644257,-3.1823237,10,True,1,1
2026-07-26T03:03:02Z,1005D75500C2,75500,C2,0,17000,18002,2026-07-26T05:32:00,70200,17000,E,40.47097,-3.68245,10,False,9,2
2026-07-26T03:03:02Z,1005D27403C4b,27403,C4b,0,17000,17001,2026-07-26T05:08:00,17005,17000,E,40.471325,-3.6833096,10,True,5,1
2026-07-26T03:03:02Z,1005D27203C4a,27203,C4a,5,18000,18101,2026-07-26T05:05:00,19003,18000,S,40.40936,-3.6927185,10,True,6,1
2026-07-26T03:03:02Z,1005D27405C4b,27405,C4b,0,18000,18101,2026-07-26T05:19:00,17005,18000,E,40.40654,-3.6895106,10,True,5,1
2026-07-26T03:03:02Z,1005D27000C3,27000,C3,0,17000,18002,2026-07-26T05:16:00,60200,17000,E,40.471382,-3.6834786,10,True,2,8
2026-07-26T03:07:34Z,3005D23501C1,23501,C1,0,51003,50703,2026-07-26T05:31:00,50600,51003,A,37.479904,-5.9399505,30,False,8,1
2026-07-26T03:07:34Z,5105D28557R2N,28557,R2N,0,71802,71801,2026-07-26T05:11:54,72400,79400,A,41.37954,2.1411655,50,True,,
2026-07-26T03:07:34Z,5105D25702R1,25702,R1,2,79412,79410,2026-07-26T05:09:01,72305,79500,E,41.50672,2.4016483,50,True,2,2
2026-07-26T03:07:34Z,5105D28400R2N,28400,R2N,1,79006,79011,2026-07-26T05:11:36,72400,79100,A,41.510387,2.199821,50,True,2,2
2026-07-26T03:07:34Z,5105D77504R4,77504,R4,0,78709,78704,2026-07-26T05:09:38,71600,78700,E,41.561966,2.0962272,50,False,,2
2026-07-26T03:07:34Z,5105D35510R1,26510,R1,1,79406,79405,2026-07-26T05:10:08,72305,79500,A,41.46291,2.2722147,50,True,2,2
2026-07-26T03:07:34Z,5105D25400R2,25400,R2,2,71704,71705,2026-07-26T05:08:37,79104,71700,61.0,41.278255,1.978729,50,True,,2
2026-07-26T03:07:34Z,6005D26502C3,26502,C3,0,13200,13120,2026-07-26T05:22:00,13100,13200,A,43.25035,-2.930641,60,False,4,2
2026-07-26T03:07:34Z,6005D29606C1,29606,C1,0,13405,13404,2026-07-26T05:08:00,13200,13405,A,43.3262,-3.023556,60,False,,2
2026-07-26T03:07:34Z,6005D26501C3,26501,C3,1,13116,13101,2026-07-26T05:08:38,13200,13100,E,43.035866,-3.0039182,60,False,,1
2026-07-26T03:07:34Z,6005D26500C3,26500,C3,0,13114,13113,2026-07-26T05:10:29,13100,13200,E,43.24241,-2.9163692,60,False,,2
2026-07-26T03:07:34Z,6005D29609C1,29609,C1,0,13200,13205,2026-07-26T05:19:00,13405,13200,A,43.256733,-2.9322033,60,False,2,1
2026-07-26T03:07:34Z,6105D32769C1,32769,C1,0,11404,11405,2026-07-26T05:17:00,11508,11404,A,43.052605,-2.1791906,61,False,2,1
2026-07-26T03:07:34Z,2005D22101C1,22101,C1,1,15218,15211,2026-07-26T05:21:00,15410,15218,E,43.3588,-5.8573804,20,False,1,1
2026-07-26T03:07:34Z,1005D76353C5,76353,C5,0,35609,35608,2026-07-26T05:40:00,35607,35609,E,40.405067,-3.7026901,10,False,2,2
2026-07-26T03:07:34Z,1005D76672C5,76672,C5,0,37001,35009,2026-07-26T05:36:00,35012,37001,E,40.34132,-3.7123663,10,False,6,2
2026-07-26T03:07:34Z,1005D27205C4a,27205,C4a,0,37011,37002,2026-07-26T05:12:00,19003,37012,A,40.309868,-3.733689,10,True,1,1
2026-07-26T03:07:34Z,1005D76354C5,76354,C5,0,35607,35606,2026-07-26T05:13:00,35609,35607,E,40.330883,-3.8823783,10,False,2,1
2026-07-26T03:07:34Z,1005D27206C4,27206,C4,0,17000,18002,2026-07-26T05:39:00,37012,17000,E,40.471325,-3.6833096,10,True,2,8
2026-07-26T03:07:34Z,1005D27202C4,27202,C4,0,18000,60100,2026-07-26T05:36:00,37012,18000,E,40.40654,-3.6895106,10,True,7,1
2026-07-26T03:07:34Z,1005D76202C5,76202,C5,0,18003,35702,2026-07-26T05:31:00,37001,18003,E,40.39592,-3.6779969,10,False,2,2
2026-07-26T03:07:34Z,1005D76358C5,76358,C5,0,35607,35606,2026-07-26T05:33:00,35609,35607,E,40.330883,-3.8823783,10,False,2,1
2026-07-26T03:07:34Z,1005D27203C4a,27203,C4a,0,17000,17001,2026-07-26T05:16:00,19003,18000,A,40.501648,-3.6821797,10,True,3,1
2026-07-26T03:07:34Z,1005D76677C5,76677,C5,0,35012,35002,2026-07-26T05:25:00,37001,35012,E,40.25559,-3.8284667,10,False,1,1
2026-07-26T03:07:34Z,1005D27405C4b,27405,C4b,3,18000,18101,2026-07-26T05:22:00,17005,18000,E,40.40654,-3.6895106,10,True,6,1
2026-07-26T03:07:34Z,1005D76679C5,76679,C5,0,35012,35002,2026-07-26T05:36:00,37001,35012,E,40.25559,-3.8284667,10,False,1,1
2026-07-26T03:07:34Z,1005D76356C5,76356,C5,0,35607,35606,2026-07-26T05:23:00,35609,35607,E,40.330883,-3.8823783,10,False,2,1
2026-07-26T03:07:34Z,1005D27000C3,27000,C3,0,17000,18002,2026-07-26T05:16:00,60200,17000,E,40.471382,-3.6834786,10,True,2,8
2026-07-26T03:07:34Z,1005D76675C5,76675,C5,0,35012,35002,2026-07-26T05:15:00,37001,35012,E,40.25559,-3.8284667,10,False,1,1
2026-07-26T03:07:34Z,1005D76352C5,76352,C5,0,35605,35604,2026-07-26T05:11:00,35609,35607,A,40.356674,-3.8156087,10,False,0,1
2026-07-26T03:07:34Z,1005D27001C3,27001,C3,0,60200,60105,2026-07-26T05:30:00,17000,60200,E,40.035027,-3.6189713,10,True,1,1
2026-07-26T03:07:34Z,1005D27409C4b,27409,C4b,0,37012,37011,2026-07-26T05:39:00,17005,37012,E,40.24143,-3.769159,10,True,2,1
2026-07-26T03:07:34Z,1005D19799C1,19799,C1,0,18000,18001,2026-07-26T05:18:00,98305,18000,E,40.470993,-3.6825814,10,True,1,1
2026-07-26T03:07:34Z,1005D75601C2,75601,C2,0,70200,70105,2026-07-26T05:38:00,10203,70200,E,40.644257,-3.1823237,10,True,1,1
2026-07-26T03:07:34Z,1005D75500C2,75500,C2,0,17000,18002,2026-07-26T05:32:00,70200,17000,E,40.47097,-3.68245,10,False,9,2
2026-07-26T03:07:34Z,1005D27403C4b,27403,C4b,0,17001,17009,2026-07-26T05:13:00,17005,17000,A,40.54373,-3.7003317,10,True,1,1
2026-07-26T03:12:58Z,3005D23501C1,23501,C1,0,51003,50703,2026-07-26T05:31:00,50600,51003,A,37.479904,-5.9399505,30,False,8,1
2026-07-26T03:12:58Z,5105D28557R2N,28557,R2N,1,71801,71708,2026-07-26T05:20:01,72400,79400,A,41.35488,2.1156967,50,True,12,1
2026-07-26T03:12:58Z,5105D25400R2,25400,R2,2,71706,71709,2026-07-26T05:15:30,79104,71700,A,41.30931,2.0274873,50,True,2,2
2026-07-26T03:12:58Z,5105D25702R1,25702,R1,3,79409,79408,2026-07-26T05:16:30,72305,79500,E,41.47896,2.3195477,50,True,2,2
2026-07-26T03:12:58Z,5105D77504R4,77504,R4,1,78703,78705,2026-07-26T05:16:44,71600,78700,A,41.513508,2.1183457,50,False,2,2
2026-07-26T03:12:58Z,5105D35510R1,26510,R1,3,79404,79403,2026-07-26T05:17:36,72305,79500,A,41.45508,2.2600708,50,True,2,2
2026-07-26T03:12:58Z,5105D28400R2N,28400,R2N,1,79011,79005,2026-07-26T05:15:23,72400,79100,13.0,41.50736,2.1974647,50,True,2,2
2026-07-26T03:12:58Z,5105D77600R4,77600,R4,17,72210,72211,2026-07-26T05:19:13,78700,72209,19.0,41.466763,1.9749588,50,False,,2
2026-07-26T03:12:58Z,6005D26502C3,26502,C3,0,13200,13120,2026-07-26T05:22:00,13100,13200,A,43.25035,-2.930641,60,False,4,2
2026-07-26T03:12:58Z,6005D26500C3,26500,C3,1,13113,13118,2026-07-26T05:15:19,13100,13200,E,43.236897,-2.889748,60,False,,2
2026-07-26T03:12:58Z,6005D29504C2,29504,C2,0,13506,13505,2026-07-26T05:28:00,13200,13506,A,43.315636,-3.0911126,60,False,1,1
2026-07-26T03:12:58Z,6005D29609C1,29609,C1,0,13200,13205,2026-07-26T05:19:00,13405,13200,A,43.256733,-2.9322033,60,False,2,1
2026-07-26T03:12:58Z,6005D26501C3,26501,C3,1,13102,13103,2026-07-26T05:14:39,13200,13100,E,43.07418,-2.9994733,60,False,1,1
2026-07-26T03:12:58Z,6005D29606C1,29606,C1,1,13402,13401,2026-07-26T05:14:28,13200,13405,15.0,43.312153,-3.0028865,60,False,2,2
2026-07-26T03:12:58Z,6105D32769C1,32769,C1,0,11404,11405,2026-07-26T05:17:00,11508,11404,A,43.052605,-2.1791906,61,False,2,1
2026-07-26T03:12:58Z,2005D22101C1,22101,C1,7,15218,15211,2026-07-26T05:27:00,15410,15218,E,43.3588,-5.8573804,20,False,1,1
2026-07-26T03:12:58Z,1005D76202C5,76202,C5,0,18003,35702,2026-07-26T05:31:00,37001,18003,E,40.39592,-3.6779969,10,False,2,2
2026-07-26T03:12:58Z,1005D27203C4a,27203,C4a,0,17000,17001,2026-07-26T05:16:00,19003,18000,E,40.471325,-3.6833096,10,True,3,1
2026-07-26T03:12:58Z,1005D27202C4,27202,C4,1,18000,60100,2026-07-26T05:37:00,37012,18000,E,40.40654,-3.6895106,10,True,3,1
2026-07-26T03:12:58Z,1005D27001C3,27001,C3,0,60200,60105,2026-07-26T05:30:00,17000,60200,E,40.035027,-3.6189713,10,True,1,1
2026-07-26T03:12:58Z,1005D19799C1,19799,C1,0,18000,18001,2026-07-26T05:18:00,98305,18000,E,40.470993,-3.6825814,10,True,1,1
2026-07-26T03:12:58Z,1005D27407C4b,27407,C4b,0,18000,18101,2026-07-26T05:43:00,17005,18000,E,40.40654,-3.6895106,10,True,5,1
2026-07-26T03:12:58Z,1005D76352C5,76352,C5,0,35603,35602,2026-07-26T05:16:00,35609,35607,A,40.381268,-3.7802126,10,False,1,1
2026-07-26T03:12:58Z,1005D76353C5,76353,C5,0,35609,35608,2026-07-26T05:40:00,35607,35609,E,40.405067,-3.7026901,10,False,2,2
2026-07-26T03:12:58Z,1005D76360C5,76360,C5,0,35607,35606,2026-07-26T05:43:00,35609,35607,E,40.330883,-3.8823783,10,False,2,1
2026-07-26T03:12:58Z,1005D76675C5,76675,C5,0,35002,35010,2026-07-26T05:17:00,37001,35012,A,40.29673,-3.7924793,10,False,1,1
2026-07-26T03:12:58Z,1005D27405C4b,27405,C4b,8,18000,18101,2026-07-26T05:27:00,17005,18000,E,40.40654,-3.6895106,10,True,6,1
2026-07-26T03:12:58Z,1005D76358C5,76358,C5,0,35607,35606,2026-07-26T05:33:00,35609,35607,E,40.330883,-3.8823783,10,False,2,1
2026-07-26T03:12:58Z,1005D76681C5,76681,C5,0,35012,35002,2026-07-26T05:45:00,37001,35012,E,40.25559,-3.8284667,10,False,1,1
2026-07-26T03:12:58Z,1005D76677C5,76677,C5,0,35012,35002,2026-07-26T05:25:00,37001,35012,E,40.25559,-3.8284667,10,False,1,1
2026-07-26T03:12:58Z,1005D27000C3,27000,C3,0,17000,18002,2026-07-26T05:16:00,60200,17000,E,40.471382,-3.6834786,10,True,2,8
2026-07-26T03:12:58Z,1005D76679C5,76679,C5,0,35012,35002,2026-07-26T05:36:00,37001,35012,E,40.25559,-3.8284667,10,False,1,1
2026-07-26T03:12:58Z,1005D76672C5,76672,C5,0,37001,35009,2026-07-26T05:36:00,35012,37001,E,40.34132,-3.7123663,10,False,6,2
2026-07-26T03:12:58Z,1005D27409C4b,27409,C4b,0,37012,37011,2026-07-26T05:39:00,17005,37012,E,40.24143,-3.769159,10,True,2,1
2026-07-26T03:12:58Z,1005D75601C2,75601,C2,0,70200,70105,2026-07-26T05:38:00,10203,70200,E,40.644257,-3.1823237,10,True,1,1
2026-07-26T03:12:58Z,1005D76354C5,76354,C5,0,35606,35610,2026-07-26T05:16:00,35609,35607,A,40.34195,-3.8423326,10,False,1,1
2026-07-26T03:12:58Z,1005D76356C5,76356,C5,0,35607,35606,2026-07-26T05:23:00,35609,35607,E,40.330883,-3.8823783,10,False,2,1
2026-07-26T03:12:58Z,1005D75500C2,75500,C2,0,17000,18002,2026-07-26T05:32:00,70200,17000,E,40.47097,-3.68245,10,False,9,2
2026-07-26T03:12:58Z,1005D27403C4b,27403,C4b,1,17009,17003,2026-07-26T05:17:00,17005,17000,A,40.558834,-3.7141593,10,True,1,1
2026-07-26T03:12:58Z,1005D27205C4a,27205,C4a,1,37002,37010,2026-07-26T05:15:00,19003,37012,E,40.309868,-3.733689,10,True,1,1
2026-07-26T03:12:58Z,1005D27206C4,27206,C4,0,17000,18002,2026-07-26T05:39:00,37012,17000,E,40.471325,-3.6833096,10,True,2,8
2026-07-26T03:17:57Z,3005D23501C1,23501,C1,0,51003,50703,2026-07-26T05:31:00,50600,51003,A,37.479904,-5.9399505,30,False,8,1
2026-07-26T03:17:57Z,4005D80015C3,80015,C3,0,66200,66201,2026-07-26T05:41:00,66206,66200,,39.570892,-1.2023381,40,False,2,1
2026-07-26T03:17:57Z,5105D25702R1,25702,R1,2,79407,79406,2026-07-26T05:20:41,72305,79500,E,41.47691,2.310406,50,True,2,2
2026-07-26T03:17:57Z,5105D28557R2N,28557,R2N,-1,71708,71707,2026-07-26T05:23:08,72400,79400,A,41.3306,2.0894625,50,True,,
2026-07-26T03:17:57Z,5105D28263R2S,28263,R2S,0,79400,71802,2026-07-26T05:38:00,71700,79400,,41.3834,2.1864636,50,False,,
2026-07-26T03:17:57Z,5105D25400R2,25400,R2,3,71709,71707,2026-07-26T05:21:02,79104,71700,18.0,41.313164,2.0386405,50,True,2,4
2026-07-26T03:17:57Z,5105D28400R2N,28400,R2N,2,79005,79004,2026-07-26T05:21:50,72400,79100,32.0,41.46727,2.1869066,50,True,,2
2026-07-26T03:17:57Z,5105D35510R1,26510,R1,1,79403,79009,2026-07-26T05:25:25,72305,79500,E,41.42436,2.2305613,50,True,,3
2026-07-26T03:17:57Z,5105D77600R4,77600,R4,14,72300,72301,2026-07-26T05:24:31,78700,72209,A,41.38308,2.0479817,50,False,2,2
2026-07-26T03:17:57Z,5105D77504R4,77504,R4,1,78705,78706,2026-07-26T05:20:35,71600,78700,E,41.513508,2.1183457,50,False,,2
2026-07-26T03:17:57Z,5105D28250R2S,28250,R2S,1,71700,71701,2026-07-26T05:20:49,79400,71700,49.0,41.222393,1.771304,50,True,,2
2026-07-26T03:17:57Z,6005D26500C3,26500,C3,0,13111,13110,2026-07-26T05:24:16,13100,13200,A,43.17912,-2.9028738,60,False,2,2
2026-07-26T03:17:57Z,6005D29504C2,29504,C2,0,13506,13505,2026-07-26T05:28:00,13200,13506,A,43.315636,-3.0911126,60,False,1,1
2026-07-26T03:17:57Z,6005D29609C1,29609,C1,0,13200,13205,2026-07-26T05:19:00,13405,13200,A,43.256733,-2.9322033,60,False,2,1
2026-07-26T03:17:57Z,6005D29606C1,29606,C1,2,13400,13305,2026-07-26T05:19:31,13200,13405,42.0,43.29668,-2.977729,60,False,,2
2026-07-26T03:17:57Z,6005D26503C3,26503,C3,0,13100,13116,2026-07-26T05:36:00,13200,13100,A,43.035866,-3.0039182,60,False,2,1
2026-07-26T03:17:57Z,6005D26501C3,26501,C3,2,13103,13104,2026-07-26T05:20:53,13200,13100,38.0,43.11088,-2.9923773,60,False,,1
2026-07-26T03:17:57Z,6005D26502C3,26502,C3,0,13200,13120,2026-07-26T05:22:00,13100,13200,A,43.25035,-2.930641,60,False,4,2
2026-07-26T03:17:57Z,2005D22101C1,22101,C1,12,15218,15211,2026-07-26T05:32:00,15410,15218,E,43.3588,-5.8573804,20,False,1,1
2026-07-26T03:17:57Z,1005D76202C5,76202,C5,2,18003,35702,2026-07-26T05:33:00,37001,18003,E,40.39592,-3.6779969,10,False,2,2
2026-07-26T03:17:57Z,1005D27204C4,27204,C4,0,18000,60100,2026-07-26T05:45:00,37012,18000,E,40.40654,-3.6895106,10,True,7,1
2026-07-26T03:17:57Z,1005D27202C4,27202,C4,6,18000,60100,2026-07-26T05:42:00,37012,18000,E,40.40654,-3.6895106,10,True,3,1
2026-07-26T03:17:57Z,1005D27209C4a,27209,C4a,0,37012,37011,2026-07-26T05:49:00,19003,37012,E,40.24143,-3.769159,10,False,1,1
2026-07-26T03:17:57Z,1005D76203C5,76203,C5,0,37001,35704,2026-07-26T05:47:00,18003,37001,E,40.34132,-3.7123663,10,False,4,1
2026-07-26T03:17:57Z,1005D27407C4b,27407,C4b,0,18000,18101,2026-07-26T05:43:00,17005,18000,E,40.40654,-3.6895106,10,True,5,1
2026-07-26T03:17:57Z,1005D27001C3,27001,C3,0,60200,60105,2026-07-26T05:30:00,17000,60200,E,40.035027,-3.6189713,10,True,1,1
2026-07-26T03:17:57Z,1005D19799C1,19799,C1,0,18001,18002,2026-07-26T05:22:00,98305,18000,A,40.470993,-3.6825814,10,True,1,3
2026-07-26T03:17:57Z,1005D75000C8a,75000,C8a,0,10203,10202,2026-07-26T05:48:00,70103,10203,E,40.58532,-4.1321955,10,False,3,2
2026-07-26T03:17:57Z,1005D76352C5,76352,C5,0,35601,35600,2026-07-26T05:19:00,35609,35607,A,40.386257,-3.7610443,10,False,1,1
2026-07-26T03:17:57Z,1005D76360C5,76360,C5,0,35607,35606,2026-07-26T05:43:00,35609,35607,E,40.330883,-3.8823783,10,False,2,1
2026-07-26T03:17:57Z,1005D76353C5,76353,C5,0,35609,35608,2026-07-26T05:40:00,35607,35609,E,40.405067,-3.7026901,10,False,2,2
2026-07-26T03:17:57Z,1005D76672C5,76672,C5,0,37001,35009,2026-07-26T05:36:00,35012,37001,E,40.34132,-3.7123663,10,False,6,2
2026-07-26T03:17:57Z,1005D76354C5,76354,C5,0,35605,35604,2026-07-26T05:21:00,35609,35607,A,40.356674,-3.8156087,10,False,1,1
2026-07-26T03:17:57Z,1005D76355C5,76355,C5,0,35609,35608,2026-07-26T05:50:00,35607,35609,E,40.405067,-3.7026901,10,False,2,2
2026-07-26T03:17:57Z,1005D76674C5,76674,C5,0,37001,35009,2026-07-26T05:46:00,35012,37001,E,40.34132,-3.7123663,10,False,6,2
2026-07-26T03:17:57Z,1005D76356C5,76356,C5,3,35607,35606,2026-07-26T05:26:00,35609,35607,E,40.330883,-3.8823783,10,False,2,1
2026-07-26T03:17:57Z,1005D76675C5,76675,C5,1,35011,35001,2026-07-26T05:23:00,37001,35012,A,40.328766,-3.7714624,10,False,1,1
2026-07-26T03:17:57Z,1005D76358C5,76358,C5,0,35607,35606,2026-07-26T05:33:00,35609,35607,E,40.330883,-3.8823783,10,False,2,1
2026-07-26T03:17:57Z,1005D76677C5,76677,C5,0,35012,35002,2026-07-26T05:25:00,37001,35012,E,40.25559,-3.8284667,10,False,1,1
2026-07-26T03:17:57Z,1005D76679C5,76679,C5,0,35012,35002,2026-07-26T05:36:00,37001,35012,E,40.25559,-3.8284667,10,False,1,1
2026-07-26T03:17:57Z,1005D27409C4b,27409,C4b,0,37012,37011,2026-07-26T05:39:00,17005,37012,E,40.24143,-3.769159,10,True,2,1
2026-07-26T03:17:57Z,1005D27405C4b,27405,C4b,0,18000,18101,2026-07-26T05:19:00,17005,18000,39.0,40.410725,-3.6957254,10,True,6,1
2026-07-26T03:17:57Z,1005D75800C7,75800,C7,0,17000,18002,2026-07-26T05:49:00,70103,17000,E,40.47113,-3.6828332,10,False,7,2
2026-07-26T03:17:57Z,1005D76681C5,76681,C5,0,35012,35002,2026-07-26T05:45:00,37001,35012,E,40.25559,-3.8284667,10,False,1,1
2026-07-26T03:17:57Z,1005D75601C2,75601,C2,0,70200,70105,2026-07-26T05:38:00,10203,70200,E,40.644257,-3.1823237,10,True,1,1
2026-07-26T03:17:57Z,1005D75500C2,75500,C2,0,17000,18002,2026-07-26T05:32:00,70200,17000,E,40.47097,-3.68245,10,False,9,2
2026-07-26T03:17:57Z,1005D27000C3,27000,C3,1,18002,18101,2026-07-26T05:21:00,60200,17000,E,40.4466,-3.6920877,10,True,8,2
2026-07-26T03:17:57Z,1005D27403C4b,27403,C4b,1,17003,17004,2026-07-26T05:21:00,17005,17000,E,40.558834,-3.7141593,10,False,1,2
2026-07-26T03:17:57Z,1005D27205C4a,27205,C4a,3,37010,37001,2026-07-26T05:21:00,19003,37012,19.0,40.327583,-3.725227,10,True,1,1
2026-07-26T03:17:57Z,1005D27206C4,27206,C4,0,17000,18002,2026-07-26T05:39:00,37012,17000,E,40.471325,-3.6833096,10,True,2,8
2026-07-26T03:17:57Z,1005D27203C4a,27203,C4a,2,17001,17009,2026-07-26T05:23:00,19003,18000,A,40.54373,-3.7003317,10,True,1,1
2026-07-26T03:22:45Z,3005D23501C1,23501,C1,2,51003,50703,2026-07-26T05:33:10,50600,51003,2.0,37.392567,-5.9749837,30,False,8,1
2026-07-26T03:22:45Z,4005D80015C3,80015,C3,0,66200,66201,2026-07-26T05:41:00,66206,66200,,39.570892,-1.2023381,40,False,2,1
2026-07-26T03:22:45Z,4005D24103C2,24103,C2,0,64100,64006,2026-07-26T05:42:00,64003,64100,,38.992313,-0.5246103,40,False,,
2026-07-26T03:22:45Z,4005D24001C2,24001,C2,0,65000,64203,2026-07-26T05:43:00,64006,65000,,39.466305,-0.37739235,40,False,,1
2026-07-26T03:22:45Z,5105D28264R2S,28264,R2S,0,71700,71701,2026-07-26T05:43:00,79400,71700,,41.219913,1.7308453,50,False,,
2026-07-26T03:22:45Z,5105D28557R2N,28557,R2N,-1,71707,72400,2026-07-26T05:29:10,72400,79400,A,41.30425,2.0733776,50,True,,1
2026-07-26T03:22:45Z,5105D77600R4,77600,R4,13,72301,72302,2026-07-26T05:28:08,78700,72209,A,41.36865,2.0602896,50,False,2,2
2026-07-26T03:22:45Z,5105D25702R1,25702,R1,1,79405,79404,2026-07-26T05:24:17,72305,79500,E,41.46291,2.2722147,50,True,2,2
2026-07-26T03:22:45Z,5105D28250R2S,28250,R2S,1,71701,71703,2026-07-26T05:30:19,79400,71700,E,41.23921,1.8097008,50,True,2,2
2026-07-26T03:22:45Z,5105D15000R15,15000,R15,0,71400,71401,2026-07-26T05:45:00,79400,71400,,41.160637,1.1000068,50,False,,
2026-07-26T03:22:45Z,5105D25400R2,25400,R2,3,71707,71708,2026-07-26T05:26:23,79104,71700,E,41.330997,2.0893226,50,True,4,2
2026-07-26T03:22:45Z,5105D77504R4,77504,R4,2,78706,78707,2026-07-26T05:25:21,71600,78700,3.0,41.49266,2.1475983,50,False,2,2
2026-07-26T03:22:45Z,5105D28400R2N,28400,R2N,3,79004,79009,2026-07-26T05:27:55,72400,79100,A,41.409042,2.1873875,50,True,2,1
2026-07-26T03:22:45Z,5105D35510R1,26510,R1,3,79403,79009,2026-07-26T05:26:53,72305,79500,50.0,41.42921,2.2040572,50,True,,3
2026-07-26T03:22:45Z,6005D26500C3,26500,C3,0,13110,13115,2026-07-26T05:25:03,13100,13200,E,43.176933,-2.909058,60,False,2,2
2026-07-26T03:22:45Z,6005D26501C3,26501,C3,2,13104,13106,2026-07-26T05:24:55,13200,13100,E,43.132793,-2.9697878,60,False,,1
2026-07-26T03:22:45Z,6005D26502C3,26502,C3,0,13120,13119,2026-07-26T05:25:22,13100,13200,E,43.25035,-2.930641,60,False,,2
2026-07-26T03:22:45Z,6005D29606C1,29606,C1,1,13303,13208,2026-07-26T05:23:36,13200,13405,E,43.26418,-2.9553094,60,False,2,2
2026-07-26T03:22:45Z,6005D29504C2,29504,C2,0,13506,13505,2026-07-26T05:28:00,13200,13506,A,43.315636,-3.0911126,60,False,1,1
2026-07-26T03:22:45Z,6005D26503C3,26503,C3,0,13100,13116,2026-07-26T05:36:00,13200,13100,A,43.035866,-3.0039182,60,False,2,1
2026-07-26T03:22:45Z,6005D29609C1,29609,C1,1,13206,13207,2026-07-26T05:23:01,13405,13200,43.0,43.25571,-2.9452634,60,False,1,1
2026-07-26T03:22:45Z,6105D32769C1,32769,C1,3,11405,11406,2026-07-26T05:22:06,11508,11404,S,43.052605,-2.1791906,61,False,,1
2026-07-26T03:22:45Z,2005D22101C1,22101,C1,0,15217,15212,2026-07-26T05:26:00,15410,15218,A,43.404537,-5.81196,20,False,1,1
2026-07-26T03:22:45Z,1005D27209C4a,27209,C4a,0,37012,37011,2026-07-26T05:49:00,19003,37012,E,40.24143,-3.769159,10,False,1,1
2026-07-26T03:22:45Z,1005D27003C3,27003,C3,0,60200,60105,2026-07-26T06:00:00,17000,60200,E,40.035027,-3.6189713,10,True,1,1
2026-07-26T03:22:45Z,1005D27407C4b,27407,C4b,0,18000,18101,2026-07-26T05:43:00,17005,18000,E,40.40654,-3.6895106,10,True,5,1
2026-07-26T03:22:45Z,1005D76202C5,76202,C5,7,18003,35702,2026-07-26T05:38:00,37001,18003,E,40.39592,-3.6779969,10,False,2,2
2026-07-26T03:22:45Z,1005D75000C8a,75000,C8a,0,10203,10202,2026-07-26T05:48:00,70103,10203,E,40.58532,-4.1321955,10,False,3,2
2026-07-26T03:22:45Z,1005D27207C4a,27207,C4a,0,18000,18101,2026-07-26T05:53:00,19003,18000,E,40.40654,-3.6895106,10,True,6,1
2026-07-26T03:22:45Z,1005D27202C4,27202,C4,11,18000,60100,2026-07-26T05:47:00,37012,18000,E,40.40654,-3.6895106,10,True,3,1
2026-07-26T03:22:45Z,1005D76203C5,76203,C5,0,37001,35704,2026-07-26T05:47:00,18003,37001,E,40.34132,-3.7123663,10,False,4,1
2026-07-26T03:22:45Z,1005D76360C5,76360,C5,0,35607,35606,2026-07-26T05:43:00,35609,35607,E,40.330883,-3.8823783,10,False,2,1
2026-07-26T03:22:45Z,1005D27405C4b,27405,C4b,0,18002,17000,2026-07-26T05:31:00,17005,18000,A,40.471325,-3.6833096,10,True,6,5
2026-07-26T03:22:45Z,1005D27001C3,27001,C3,1,60200,60105,2026-07-26T05:31:00,17000,60200,E,40.035027,-3.6189713,10,True,1,1
2026-07-26T03:22:45Z,1005D76362C5,76362,C5,0,35607,35606,2026-07-26T05:53:00,35609,35607,E,40.330883,-3.8823783,10,False,2,1
2026-07-26T03:22:45Z,1005D19800C1,19800,C1,0,17000,98003,2026-07-26T05:54:00,98305,17000,E,40.47102,-3.6825693,10,False,12,2
2026-07-26T03:22:45Z,1005D76681C5,76681,C5,0,35012,35002,2026-07-26T05:45:00,37001,35012,E,40.25559,-3.8284667,10,False,1,1
2026-07-26T03:22:45Z,1005D19799C1,19799,C1,3,18002,17000,2026-07-26T05:33:00,98305,18000,A,40.47102,-3.6825693,10,True,1,12
2026-07-26T03:22:45Z,1005D27000C3,27000,C3,2,18101,18000,2026-07-26T05:28:00,60200,17000,E,40.417023,-3.7031636,10,True,2,7
2026-07-26T03:22:45Z,1005D76352C5,76352,C5,0,35608,35609,2026-07-26T05:28:00,35609,35607,A,40.405067,-3.7026901,10,False,1,1
2026-07-26T03:22:45Z,1005D76683C5,76683,C5,0,35012,35002,2026-07-26T05:55:00,37001,35012,E,40.25559,-3.8284667,10,False,1,1
2026-07-26T03:22:45Z,1005D76353C5,76353,C5,0,35609,35608,2026-07-26T05:40:00,35607,35609,E,40.405067,-3.7026901,10,False,2,2
2026-07-26T03:22:45Z,1005D76675C5,76675,C5,0,35001,35009,2026-07-26T05:24:00,37001,35012,E,40.328766,-3.7714624,10,False,1,1
2026-07-26T03:22:45Z,1005D27409C4b,27409,C4b,0,37012,37011,2026-07-26T05:39:00,17005,37012,E,40.24143,-3.769159,10,True,2,1
2026-07-26T03:22:45Z,1005D27210C4a,27210,C4a,0,19003,19002,2026-07-26T05:49:00,37012,19003,E,40.546417,-3.6351175,10,True,2,2
2026-07-26T03:22:45Z,1005D76358C5,76358,C5,0,35607,35606,2026-07-26T05:33:00,35609,35607,E,40.330883,-3.8823783,10,False,2,1
2026-07-26T03:22:45Z,1005D75800C7,75800,C7,0,17000,18002,2026-07-26T05:49:00,70103,17000,E,40.47113,-3.6828332,10,False,7,2
2026-07-26T03:22:45Z,1005D76677C5,76677,C5,4,35012,35002,2026-07-26T05:29:00,37001,35012,E,40.25559,-3.8284667,10,False,1,1
2026-07-26T03:22:45Z,1005D75601C2,75601,C2,0,70200,70105,2026-07-26T05:38:00,10203,70200,E,40.644257,-3.1823237,10,True,1,1
2026-07-26T03:22:45Z,1005D76679C5,76679,C5,0,35012,35002,2026-07-26T05:36:00,37001,35012,E,40.25559,-3.8284667,10,False,1,1
2026-07-26T03:22:45Z,1005D75500C2,75500,C2,0,17000,18002,2026-07-26T05:32:00,70200,17000,E,40.47097,-3.68245,10,False,9,2
2026-07-26T03:22:45Z,1005D76672C5,76672,C5,0,37001,35009,2026-07-26T05:36:00,35012,37001,E,40.34132,-3.7123663,10,False,6,2
2026-07-26T03:22:45Z,1005D27403C4b,27403,C4b,2,17004,17005,2026-07-26T05:31:00,17005,17000,E,40.59852,-3.7158544,10,False,2,3
2026-07-26T03:22:45Z,1005D76354C5,76354,C5,0,35604,35603,2026-07-26T05:24:00,35609,35607,E,40.356674,-3.8156087,10,False,1,1
2026-07-26T03:22:45Z,1005D76355C5,76355,C5,0,35609,35608,2026-07-26T05:50:00,35607,35609,E,40.405067,-3.7026901,10,False,2,2
2026-07-26T03:22:45Z,1005D27205C4a,27205,C4a,0,60100,18000,2026-07-26T05:32:00,19003,37012,A,40.40654,-3.6895106,10,True,2,6
2026-07-26T03:22:45Z,1005D76674C5,76674,C5,0,37001,35009,2026-07-26T05:46:00,35012,37001,E,40.34132,-3.7123663,10,False,6,2
2026-07-26T03:22:45Z,1005D76356C5,76356,C5,0,35606,35610,2026-07-26T05:26:00,35609,35607,A,40.34195,-3.8423326,10,False,1,1
2026-07-26T03:22:45Z,1005D27206C4,27206,C4,0,17000,18002,2026-07-26T05:39:00,37012,17000,E,40.471325,-3.6833096,10,True,2,8
2026-07-26T03:22:45Z,1005D27203C4a,27203,C4a,1,17009,19001,2026-07-26T05:25:00,19003,18000,A,40.55402,-3.6837044,10,True,1,1
2026-07-26T03:22:45Z,1005D27204C4,27204,C4,0,18000,60100,2026-07-26T05:45:00,37012,18000,E,40.40654,-3.6895106,10,True,7,1
2026-07-26T03:27:51Z,3005D23501C1,23501,C1,2,51003,50703,2026-07-26T05:33:10,50600,51003,51.0,37.436756,-5.9563956,30,False,,1
2026-07-26T03:27:51Z,3205D23303C1,23303,C1,1,54501,54503,2026-07-26T05:30:09,54516,54517,21.0,36.69845,-4.4603477,32,False,1,1
2026-07-26T03:27:51Z,4005D80015C3,80015,C3,0,66200,66201,2026-07-26T05:41:00,66206,66200,,39.570892,-1.2023381,40,False,2,1
2026-07-26T03:27:51Z,4005D24103C2,24103,C2,0,64100,64006,2026-07-26T05:42:00,64003,64100,A,38.96917,-0.5866923,40,False,1,
2026-07-26T03:27:51Z,4005D24001C2,24001,C2,0,65000,64203,2026-07-26T05:43:00,64006,65000,,39.466305,-0.37739235,40,False,,1
2026-07-26T03:27:51Z,5105D28250R2S,28250,R2S,-1,71703,71704,2026-07-26T05:33:18,79400,71700,A,41.26706,1.9571267,50,True,,
2026-07-26T03:27:51Z,5105D25604R1,25604,R1,-1,79602,79601,2026-07-26T05:32:11,72305,79603,A,41.586533,2.5813315,50,False,,
2026-07-26T03:27:51Z,5105D28400R2N,28400,R2N,2,79009,71802,2026-07-26T05:33:13,72400,79100,E,41.409042,2.1873875,50,True,1,
2026-07-26T03:27:51Z,5105D25702R1,25702,R1,2,79403,79009,2026-07-26T05:38:21,72305,79500,A,41.408962,2.187447,50,True,2,3
2026-07-26T03:27:51Z,5105D15000R15,15000,R15,0,71400,71401,2026-07-26T05:45:00,79400,71400,,41.160637,1.1000068,50,False,,
2026-07-26T03:27:51Z,5105D77600R4,77600,R4,15,72301,72302,2026-07-26T05:29:42,78700,72209,52.0,41.375816,2.0546436,50,False,,2
2026-07-26T03:27:51Z,5105D25400R2,25400,R2,5,71708,71801,2026-07-26T05:33:42,79104,71700,1.0,41.354904,2.115462,50,True,2,13
2026-07-26T03:27:51Z,5105D35510R1,26510,R1,-1,78804,78805,2026-07-26T05:29:39,72305,79500,A,41.387875,2.1697214,50,True,,2
2026-07-26T03:27:51Z,5105D28556R2N,28556,R2N,0,72400,71707,2026-07-26T05:46:00,79400,72400,,41.30425,2.0733776,50,True,1,4
2026-07-26T03:27:51Z,5105D77504R4,77504,R4,0,78708,78800,2026-07-26T05:30:03,71600,78700,43.0,41.476845,2.18634,50,False,,5
2026-07-26T03:27:51Z,5105D28264R2S,28264,R2S,0,71700,71701,2026-07-26T05:43:00,79400,71700,,41.219913,1.7308453,50,False,,
2026-07-26T03:27:51Z,5105D28557R2N,28557,R2N,2,71707,72400,2026-07-26T05:31:35,72400,79400,36.0,41.322304,2.0651762,50,True,,1
2026-07-26T03:27:51Z,6005D26500C3,26500,C3,0,13109,13108,2026-07-26T05:28:37,13100,13200,E,43.169456,-2.9183524,60,False,,2
2026-07-26T03:27:51Z,6005D26501C3,26501,C3,-1,13117,13108,2026-07-26T05:30:36,13200,13100,E,43.153534,-2.9381597,60,False,,1
2026-07-26T03:27:51Z,6005D26502C3,26502,C3,-1,13114,13113,2026-07-26T05:28:55,13100,13200,E,43.24241,-2.9163692,60,False,,2
2026-07-26T03:27:51Z,6005D29504C2,29504,C2,1,13505,13508,2026-07-26T05:31:40,13200,13506,A,43.319363,-3.0674317,60,False,1,1
2026-07-26T03:27:51Z,6005D29609C1,29609,C1,2,13304,13305,2026-07-26T05:30:22,13405,13200,A,43.2878,-2.975288,60,False,1,1
2026-07-26T03:27:51Z,6005D26503C3,26503,C3,0,13100,13116,2026-07-26T05:36:00,13200,13100,A,43.035866,-3.0039182,60,False,2,1
2026-07-26T03:27:51Z,6005D29606C1,29606,C1,2,13206,13205,2026-07-26T05:29:08,13200,13405,32.0,43.254032,-2.9397862,60,False,2,2
2026-07-26T03:27:51Z,6105D35680C1,35680,C1,-7,11508,11507,2026-07-26T05:40:00,11404,11508,A,43.266514,-1.9726831,61,False,2,2
2026-07-26T03:27:51Z,6105D32769C1,32769,C1,3,11408,11409,2026-07-26T05:29:25,11508,11404,E,43.093952,-2.1255136,61,False,1,1
2026-07-26T03:27:51Z,2005D22101C1,22101,C1,1,15212,15300,2026-07-26T05:31:00,15410,15218,19.0,43.411358,-5.8084607,20,False,1,3
2026-07-26T03:27:51Z,1005D76202C5,76202,C5,12,18003,35702,2026-07-26T05:43:00,37001,18003,E,40.39592,-3.6779969,10,False,2,2
2026-07-26T03:27:51Z,1005D27204C4,27204,C4,0,18000,60100,2026-07-26T05:45:00,37012,18000,E,40.40654,-3.6895106,10,True,7,1
2026-07-26T03:27:51Z,1005D27209C4a,27209,C4a,0,37012,37011,2026-07-26T05:49:00,19003,37012,E,40.24143,-3.769159,10,False,1,1
2026-07-26T03:27:51Z,1005D27202C4,27202,C4,16,18000,60100,2026-07-26T05:52:00,37012,18000,E,40.40654,-3.6895106,10,True,3,1
2026-07-26T03:27:51Z,1005D76203C5,76203,C5,0,37001,35704,2026-07-26T05:47:00,18003,37001,E,40.34132,-3.7123663,10,False,4,1
2026-07-26T03:27:51Z,1005D27407C4b,27407,C4b,0,18000,18101,2026-07-26T05:43:00,17005,18000,E,40.40654,-3.6895106,10,True,5,1
2026-07-26T03:27:51Z,1005D27002C3,27002,C3,0,17000,18002,2026-07-26T05:58:00,60200,17000,E,40.471382,-3.6834786,10,True,2,8
2026-07-26T03:27:51Z,1005D19800C1,19800,C1,0,17000,98003,2026-07-26T05:54:00,98305,17000,E,40.47102,-3.6825693,10,False,12,2
2026-07-26T03:27:51Z,1005D75000C8a,75000,C8a,0,10203,10202,2026-07-26T05:48:00,70103,10203,E,40.58532,-4.1321955,10,False,3,2
2026-07-26T03:27:51Z,1005D27207C4a,27207,C4a,0,18000,18101,2026-07-26T05:53:00,19003,18000,E,40.40654,-3.6895106,10,True,6,1
2026-07-26T03:27:51Z,1005D19803C1,19803,C1,0,98305,98304,2026-07-26T05:59:00,17000,98305,E,40.4924,-3.593483,10,False,2,1
2026-07-26T03:27:51Z,1005D19799C1,19799,C1,0,17000,98003,2026-07-26T05:34:00,98305,18000,E,40.47102,-3.6825693,10,True,11,2
2026-07-26T03:27:51Z,1005D76360C5,76360,C5,0,35607,35606,2026-07-26T05:43:00,35609,35607,E,40.330883,-3.8823783,10,False,2,1
2026-07-26T03:27:51Z,1005D76352C5,76352,C5,3,35609,35609,2026-07-26T05:31:00,35609,35607,A,40.405067,-3.7026901,10,False,2,2
2026-07-26T03:27:51Z,1005D76353C5,76353,C5,0,35609,35608,2026-07-26T05:40:00,35607,35609,E,40.405067,-3.7026901,10,False,2,2
2026-07-26T03:27:51Z,1005D76672C5,76672,C5,0,37001,35009,2026-07-26T05:36:00,35012,37001,E,40.34132,-3.7123663,10,False,6,2
2026-07-26T03:27:51Z,1005D76357C5,76357,C5,0,35609,35608,2026-07-26T06:00:00,35607,35609,E,40.405067,-3.7026901,10,False,2,2
2026-07-26T03:27:51Z,1005D76676C5,76676,C5,0,37001,35009,2026-07-26T05:56:00,35012,37001,E,40.34132,-3.7123663,10,False,6,2
2026-07-26T03:27:51Z,1005D27210C4a,27210,C4a,0,19003,19002,2026-07-26T05:49:00,37012,19003,E,40.546417,-3.6351175,10,True,2,2
2026-07-26T03:27:51Z,1005D76358C5,76358,C5,2,35607,35606,2026-07-26T05:35:00,35609,35607,E,40.330883,-3.8823783,10,False,2,1
2026-07-26T03:27:51Z,1005D76677C5,76677,C5,0,35011,35001,2026-07-26T05:32:00,37001,35012,A,40.328766,-3.7714624,10,False,1,1
2026-07-26T03:27:51Z,1005D76679C5,76679,C5,0,35012,35002,2026-07-26T05:36:00,37001,35012,E,40.25559,-3.8284667,10,False,1,1
2026-07-26T03:27:51Z,1005D76354C5,76354,C5,0,35601,35600,2026-07-26T05:29:00,35609,35607,A,40.386257,-3.7610443,10,False,1,1
2026-07-26T03:27:51Z,1005D76355C5,76355,C5,0,35609,35608,2026-07-26T05:50:00,35607,35609,E,40.405067,-3.7026901,10,False,2,2
2026-07-26T03:27:51Z,1005D76674C5,76674,C5,0,37001,35009,2026-07-26T05:46:00,35012,37001,E,40.34132,-3.7123663,10,False,6,2
2026-07-26T03:27:51Z,1005D27405C4b,27405,C4b,4,18002,17000,2026-07-26T05:35:00,17005,18000,S,40.4466,-3.6920877,10,True,6,5
2026-07-26T03:27:51Z,1005D27411C4b,27411,C4b,0,37012,37011,2026-07-26T05:59:00,17005,37012,E,40.24143,-3.769159,10,True,2,1
2026-07-26T03:27:51Z,1005D76362C5,76362,C5,0,35607,35606,2026-07-26T05:53:00,35609,35607,E,40.330883,-3.8823783,10,False,2,1
2026-07-26T03:27:51Z,1005D76356C5,76356,C5,0,35605,35604,2026-07-26T05:31:00,35609,35607,A,40.356674,-3.8156087,10,False,1,1
2026-07-26T03:27:51Z,1005D76681C5,76681,C5,0,35012,35002,2026-07-26T05:45:00,37001,35012,E,40.25559,-3.8284667,10,False,1,1
2026-07-26T03:27:51Z,1005D27000C3,27000,C3,2,18000,60100,2026-07-26T05:35:00,60200,17000,E,40.40654,-3.6895106,10,True,6,3
2026-07-26T03:27:51Z,1005D76683C5,76683,C5,0,35012,35002,2026-07-26T05:55:00,37001,35012,E,40.25559,-3.8284667,10,False,1,1
2026-07-26T03:27:51Z,1005D27003C3,27003,C3,0,60200,60105,2026-07-26T06:00:00,17000,60200,E,40.035027,-3.6189713,10,True,1,1
2026-07-26T03:27:51Z,1005D27409C4b,27409,C4b,0,37012,37011,2026-07-26T05:39:00,17005,37012,E,40.24143,-3.769159,10,True,2,1
2026-07-26T03:27:51Z,1005D75603C2,75603,C2,0,70200,70105,2026-07-26T06:04:00,12006,70200,E,40.644257,-3.1823237,10,False,1,1
2026-07-26T03:27:51Z,1005D75800C7,75800,C7,0,17000,18002,2026-07-26T05:49:00,70103,17000,E,40.47113,-3.6828332,10,False,7,2
2026-07-26T03:27:51Z,1005D76675C5,76675,C5,1,35009,37001,2026-07-26T05:29:00,37001,35012,69.0,40.341595,-3.723487,10,False,1,4
2026-07-26T03:27:51Z,1005D75601C2,75601,C2,0,70200,70105,2026-07-26T05:38:00,10203,70200,E,40.644257,-3.1823237,10,True,1,1
2026-07-26T03:27:51Z,1005D75500C2,75500,C2,4,17000,18002,2026-07-26T05:36:00,70200,17000,E,40.47097,-3.68245,10,False,6,2
2026-07-26T03:27:51Z,1005D27403C4b,27403,C4b,8,17004,17005,2026-07-26T05:37:00,17005,17000,S,40.60307,-3.7190464,10,False,2,3
2026-07-26T03:27:51Z,1005D27404C4b,27404,C4b,0,17005,17004,2026-07-26T05:59:00,37012,17005,E,40.644844,-3.7762609,10,True,3,3
2026-07-26T03:27:51Z,1005D27206C4,27206,C4,0,17000,18002,2026-07-26T05:39:00,37012,17000,E,40.471325,-3.6833096,10,True,2,8
2026-07-26T03:27:51Z,1005D27203C4a,27203,C4a,3,19001,19002,2026-07-26T05:30:00,19003,18000,E,40.55402,-3.6837044,10,True,1,1
2026-07-26T03:27:51Z,1005D27402C4,27402,C4,0,17000,18002,2026-07-26T06:01:00,37012,17000,E,40.471325,-3.6833096,10,True,2,8
2026-07-26T03:32:53Z,3005D23501C1,23501,C1,2,50703,50704,2026-07-26T05:36:08,50600,51003,A,37.486298,-5.932888,30,False,2,1
2026-07-26T03:32:53Z,3205D23303C1,23303,C1,1,54505,54520,2026-07-26T05:36:01,54516,54517,E,36.677452,-4.490335,32,False,1,1
2026-07-26T03:32:53Z,4005D80015C3,80015,C3,0,66200,66201,2026-07-26T05:41:00,66206,66200,,39.570892,-1.2023381,40,False,,1
2026-07-26T03:32:53Z,4005D24001C2,24001,C2,0,65000,64203,2026-07-26T05:43:00,64006,65000,,39.466305,-0.37739235,40,False,,1
2026-07-26T03:32:53Z,4005D24103C2,24103,C2,0,64100,64006,2026-07-26T05:42:00,64003,64100,A,38.96917,-0.5866923,40,False,1,
2026-07-26T03:32:53Z,5105D25602R1,25602,R1,5,79412,79410,2026-07-26T05:34:23,72305,79500,A,41.500538,2.3899064,50,False,2,2
2026-07-26T03:32:53Z,5105D25604R1,25604,R1,1,79601,79600,2026-07-26T05:37:28,72305,79603,A,41.577496,2.549442,50,False,1,2
2026-07-26T03:32:53Z,5105D28402R2N,28402,R2N,3,79100,79007,2026-07-26T05:36:53,72400,79100,18.0,41.586895,2.2886431,50,True,,2
2026-07-26T03:32:53Z,5105D28250R2S,28250,R2S,-1,71704,71705,2026-07-26T05:36:28,79400,71700,A,41.27877,1.9793742,50,True,,2
2026-07-26T03:32:53Z,5105D18120R16,18120,R16,0,65400,65402,2026-07-26T05:55:00,79400,65400,,40.807198,0.5228472,50,True,,
2026-07-26T03:32:53Z,5105D25702R1,25702,R1,3,79403,79009,2026-07-26T05:39:16,72305,79500,27.0,41.423203,2.2166822,50,True,,3
2026-07-26T03:32:53Z,5105D15000R15,15000,R15,0,71400,71401,2026-07-26T05:45:00,79400,71400,,41.160637,1.1000068,50,False,,
2026-07-26T03:32:53Z,5105D25400R2,25400,R2,2,71801,71802,2026-07-26T05:36:17,79104,71700,E,41.37951,2.1412168,50,True,13,
2026-07-26T03:32:53Z,5105D28400R2N,28400,R2N,2,79009,71802,2026-07-26T05:33:25,72400,79100,87.0,41.394543,2.168017,50,True,,
2026-07-26T03:32:53Z,5105D77600R4,77600,R4,15,72303,72305,2026-07-26T05:34:52,78700,72209,30.0,41.357113,2.0799096,50,False,,1
2026-07-26T03:32:53Z,5105D35510R1,26510,R1,1,78805,71801,2026-07-26T05:36:38,72305,79500,3.0,41.387875,2.1697214,50,True,2,
2026-07-26T03:32:53Z,5105D77504R4,77504,R4,2,78801,78802,2026-07-26T05:36:51,71600,78700,A,41.430275,2.1831505,50,False,2,2
2026-07-26T03:32:53Z,5105D28263R2S,28263,R2S,4,79400,71802,2026-07-26T05:41:35,71700,79400,12.0,41.385433,2.192091,50,False,,
2026-07-26T03:32:53Z,6005D26502C3,26502,C3,0,13113,13118,2026-07-26T05:34:18,13100,13200,E,43.236897,-2.889748,60,False,,2
2026-07-26T03:32:53Z,6005D26500C3,26500,C3,0,13117,13107,2026-07-26T05:34:12,13100,13200,E,43.153534,-2.9381597,60,False,,
2026-07-26T03:32:53Z,6005D29504C2,29504,C2,1,13504,13509,2026-07-26T05:35:28,13200,13506,A,43.30822,-3.0529044,60,False,1,1
2026-07-26T03:32:53Z,6005D29609C1,29609,C1,3,13400,13401,2026-07-26T05:35:42,13405,13200,A,43.308567,-2.9939837,60,False,1,1
2026-07-26T03:32:53Z,6005D26503C3,26503,C3,1,13100,13116,2026-07-26T05:37:21,13200,13100,8.0,42.99689,-3.012422,60,False,2,1
2026-07-26T03:32:53Z,6105D32769C1,32769,C1,4,11409,11500,2026-07-26T05:38:59,11508,11404,E,43.10187,-2.0972357,61,False,,1
2026-07-26T03:32:53Z,6105D82701C1,82701,C1,0,11305,11306,2026-07-26T05:53:00,11404,11305,A,43.050964,-2.3305266,61,False,1,1
2026-07-26T03:32:53Z,6105D35680C1,35680,C1,-7,11507,11506,2026-07-26T05:44:00,11404,11508,E,43.266514,-1.9726831,61,False,2,2
2026-07-26T03:32:53Z,6205D71152C2,71152,C2,0,14223,05602,2026-07-26T05:48:00,05637,14223,A,43.452877,-3.8282192,62,True,1AM,2
2026-07-26T03:32:53Z,2005D22101C1,22101,C1,2,15300,15301,2026-07-26T05:35:00,15410,15218,26.0,43.448795,-5.8177824,20,False,3,1
2026-07-26T03:32:53Z,1005D76685C5,76685,C5,0,35012,35002,2026-07-26T06:05:00,37001,35012,E,40.25559,-3.8284667,10,False,1,1
2026-07-26T03:32:53Z,1005D27204C4,27204,C4,0,18000,60100,2026-07-26T05:45:00,37012,18000,E,40.40654,-3.6895106,10,True,7,1
2026-07-26T03:32:53Z,1005D27003C3,27003,C3,0,60200,60105,2026-07-26T06:00:00,17000,60200,E,40.035027,-3.6189713,10,True,1,1
2026-07-26T03:32:53Z,1005D27209C4a,27209,C4a,0,37012,37011,2026-07-26T05:49:00,19003,37012,E,40.24143,-3.769159,10,False,1,1
2026-07-26T03:32:53Z,1005D27407C4b,27407,C4b,0,18000,18101,2026-07-26T05:43:00,17005,18000,E,40.40654,-3.6895106,10,True,5,1
2026-07-26T03:32:53Z,1005D75000C8a,75000,C8a,0,10203,10202,2026-07-26T05:48:00,70103,10203,E,40.58532,-4.1321955,10,False,3,2
2026-07-26T03:32:53Z,1005D27207C4a,27207,C4a,0,18000,18101,2026-07-26T05:53:00,19003,18000,E,40.40654,-3.6895106,10,True,6,1
2026-07-26T03:32:53Z,1005D76360C5,76360,C5,0,35607,35606,2026-07-26T05:43:00,35609,35607,E,40.330883,-3.8823783,10,False,2,1
2026-07-26T03:32:53Z,1005D27202C4,27202,C4,4,18000,60100,2026-07-26T05:40:00,37012,18000,S,40.403778,-3.686404,10,True,3,1
2026-07-26T03:32:53Z,1005D76202C5,76202,C5,0,35702,35703,2026-07-26T05:33:00,37001,18003,E,40.3791,-3.6987777,10,False,2,2
2026-07-26T03:32:53Z,1005D76203C5,76203,C5,0,37001,35704,2026-07-26T05:47:00,18003,37001,E,40.34132,-3.7123663,10,False,4,1
2026-07-26T03:32:53Z,1005D27001C3,27001,C3,3,60105,60104,2026-07-26T05:38:00,17000,60200,E,40.196156,-3.6648214,10,False,1,1
2026-07-26T03:32:53Z,1005D27002C3,27002,C3,0,17000,18002,2026-07-26T05:58:00,60200,17000,E,40.471382,-3.6834786,10,True,2,8
2026-07-26T03:32:53Z,1005D19800C1,19800,C1,0,17000,98003,2026-07-26T05:54:00,98305,17000,E,40.47102,-3.6825693,10,False,12,2
2026-07-26T03:32:53Z,1005D27405C4b,27405,C4b,1,17000,17001,2026-07-26T05:36:00,17005,18000,19.0,40.482002,-3.6786895,10,True,3,1
2026-07-26T03:32:53Z,1005D19803C1,19803,C1,0,98305,98304,2026-07-26T05:59:00,17000,98305,E,40.4924,-3.593483,10,False,2,1
2026-07-26T03:32:53Z,1005D76362C5,76362,C5,0,35607,35606,2026-07-26T05:53:00,35609,35607,E,40.330883,-3.8823783,10,False,2,1
2026-07-26T03:32:53Z,1005D76681C5,76681,C5,0,35012,35002,2026-07-26T05:45:00,37001,35012,E,40.25559,-3.8284667,10,False,1,1
2026-07-26T03:32:53Z,1005D19799C1,19799,C1,3,17000,98003,2026-07-26T05:37:00,98305,18000,S,40.47403,-3.6813269,10,True,11,2
2026-07-26T03:32:53Z,1005D76672C5,76672,C5,3,37001,35009,2026-07-26T05:39:00,35012,37001,E,40.34132,-3.7123663,10,False,4,2
2026-07-26T03:32:53Z,1005D76357C5,76357,C5,0,35609,35608,2026-07-26T06:00:00,35607,35609,E,40.405067,-3.7026901,10,False,2,2
2026-07-26T03:32:53Z,1005D27000C3,27000,C3,6,18000,60100,2026-07-26T05:39:00,60200,17000,11.0,40.401596,-3.6837425,10,True,6,3
2026-07-26T03:32:53Z,1005D76676C5,76676,C5,0,37001,35009,2026-07-26T05:56:00,35012,37001,E,40.34132,-3.7123663,10,False,6,2
2026-07-26T03:32:53Z,1005D76364C5,76364,C5,0,35607,35606,2026-07-26T06:03:00,35609,35607,E,40.330883,-3.8823783,10,False,2,1
2026-07-26T03:32:53Z,1005D76683C5,76683,C5,0,35012,35002,2026-07-26T05:55:00,37001,35012,E,40.25559,-3.8284667,10,False,1,1
2026-07-26T03:32:53Z,1005D27210C4a,27210,C4a,0,19003,19002,2026-07-26T05:49:00,37012,19003,E,40.546417,-3.6351175,10,True,2,2
2026-07-26T03:32:53Z,1005D76358C5,76358,C5,1,35606,35610,2026-07-26T05:37:00,35609,35607,A,40.34195,-3.8423326,10,False,1,1
2026-07-26T03:32:53Z,1005D76677C5,76677,C5,1,35001,35009,2026-07-26T05:35:00,37001,35012,A,40.34086,-3.7482634,10,False,1,1
2026-07-26T03:32:53Z,1005D27409C4b,27409,C4b,1,37012,37011,2026-07-26T05:40:00,17005,37012,E,40.24143,-3.769159,10,True,2,1
2026-07-26T03:32:53Z,1005D76679C5,76679,C5,5,35012,35002,2026-07-26T05:41:00,37001,35012,E,40.25559,-3.8284667,10,False,1,1
2026-07-26T03:32:53Z,1005D75603C2,75603,C2,0,70200,70105,2026-07-26T06:04:00,12006,70200,E,40.644257,-3.1823237,10,False,1,1
2026-07-26T03:32:53Z,1005D76353C5,76353,C5,4,35609,35608,2026-07-26T05:44:00,35607,35609,E,40.405067,-3.7026901,10,False,2,2
2026-07-26T03:32:53Z,1005D75800C7,75800,C7,0,17000,18002,2026-07-26T05:49:00,70103,17000,E,40.47113,-3.6828332,10,False,7,2
2026-07-26T03:32:53Z,1005D76354C5,76354,C5,0,35608,35609,2026-07-26T05:38:00,35609,35607,A,40.405067,-3.7026901,10,False,1,1
2026-07-26T03:32:53Z,1005D76355C5,76355,C5,0,35609,35608,2026-07-26T05:50:00,35607,35609,E,40.405067,-3.7026901,10,False,2,2
2026-07-26T03:32:53Z,1005D75502C2,75502,C2,0,17000,18002,2026-07-26T06:05:00,70200,17000,E,40.47097,-3.68245,10,False,9,2
2026-07-26T03:32:53Z,1005D76674C5,76674,C5,0,37001,35009,2026-07-26T05:46:00,35012,37001,E,40.34132,-3.7123663,10,False,6,2
2026-07-26T03:32:53Z,1005D27411C4b,27411,C4b,0,37012,37011,2026-07-26T05:59:00,17005,37012,E,40.24143,-3.769159,10,True,2,1
2026-07-26T03:32:53Z,1005D76356C5,76356,C5,0,35604,35603,2026-07-26T05:34:00,35609,35607,E,40.356674,-3.8156087,10,False,1,1
2026-07-26T03:32:53Z,1005D75601C2,75601,C2,3,70200,70105,2026-07-26T05:41:00,10203,70200,S,40.640057,-3.1864417,10,True,2,1
2026-07-26T03:32:53Z,1005D75500C2,75500,C2,1,18002,18001,2026-07-26T05:37:00,70200,17000,A,40.42352,-3.6912522,10,False,4,2
2026-07-26T03:32:53Z,1005D27206C4,27206,C4,0,17000,18002,2026-07-26T05:39:00,37012,17000,E,40.471325,-3.6833096,10,True,2,8
2026-07-26T03:32:53Z,1005D27404C4b,27404,C4b,0,17005,17004,2026-07-26T05:59:00,37012,17005,E,40.644844,-3.7762609,10,True,3,3
2026-07-26T03:32:53Z,1005D27203C4a,27203,C4a,5,19002,19003,2026-07-26T05:35:00,19003,18000,26.0,40.545727,-3.6450727,10,True,1,2
2026-07-26T03:32:53Z,1005D27402C4,27402,C4,0,17000,18002,2026-07-26T06:01:00,37012,17000,E,40.471325,-3.6833096,10,True,2,8
2026-07-26T03:37:37Z,3005D23501C1,23501,C1,2,50704,50702,2026-07-26T05:43:28,50600,51003,E,37.486298,-5.932888,30,False,2,1
2026-07-26T03:37:37Z,3205D23303C1,23303,C1,0,54518,54508,2026-07-26T05:38:23,54516,54517,E,36.645103,-4.485182,32,False,,1
2026-07-26T03:37:37Z,4005D80015C3,80015,C3,0,66200,66201,2026-07-26T05:41:00,66206,66200,,39.570892,-1.2023381,40,False,,1
2026-07-26T03:37:37Z,4005D24001C2,24001,C2,1,65000,64203,2026-07-26T05:44:19,64006,65000,14.0,39.460117,-0.37949064,40,False,,1
2026-07-26T03:37:37Z,4005D24103C2,24103,C2,1,64100,64006,2026-07-26T05:42:52,64003,64100,22.0,38.986176,-0.53893757,40,False,,3
2026-07-26T03:37:37Z,5105D28250R2S,28250,R2S,0,71705,71706,2026-07-26T05:40:47,79400,71700,E,41.27877,1.9793742,50,True,2,
2026-07-26T03:37:37Z,5105D25602R1,25602,R1,7,79410,79409,2026-07-26T05:38:56,72305,79500,E,41.500538,2.3899064,50,False,,2
2026-07-26T03:37:37Z,5105D25601R1,25601,R1,0,72305,71801,2026-07-26T05:54:00,79200,72305,,41.36431,2.1008937,50,False,,
2026-07-26T03:37:37Z,5105D35516R3,23516,R3,0,77109,77107,2026-07-26T05:59:00,77102,77109,,41.931114,2.248626,50,False,,
2026-07-26T03:37:37Z,5105D25604R1,25604,R1,3,79601,79600,2026-07-26T05:39:02,72305,79603,E,41.586533,2.5813315,50,False,,2
2026-07-26T03:37:37Z,5105D18120R16,18120,R16,0,65400,65402,2026-07-26T05:55:00,79400,65400,,40.807198,0.5228472,50,True,,
2026-07-26T03:37:37Z,5105D28402R2N,28402,R2N,2,79007,79006,2026-07-26T05:39:19,72400,79100,E,41.54973,2.2454193,50,True,,2
2026-07-26T03:37:37Z,5105D28400R2N,28400,R2N,-2,71801,71708,2026-07-26T05:43:00,72400,79100,E,41.37954,2.1411655,50,True,,
2026-07-26T03:37:37Z,5105D25702R1,25702,R1,0,79009,78804,2026-07-26T05:41:24,72305,79500,1.0,41.408825,2.1872976,50,True,,2
2026-07-26T03:37:37Z,5105D15000R15,15000,R15,0,71400,71401,2026-07-26T05:45:00,79400,71400,,41.160637,1.1000068,50,False,,
2026-07-26T03:37:37Z,5105D77600R4,77600,R4,15,72305,71801,2026-07-26T05:41:38,78700,72209,30.0,41.367237,2.1139646,50,False,,
2026-07-26T03:37:37Z,5105D77504R4,77504,R4,2,78802,78806,2026-07-26T05:39:19,71600,78700,E,41.430275,2.1831505,50,False,2,2
2026-07-26T03:37:37Z,5105D28263R2S,28263,R2S,-1,71802,71801,2026-07-26T05:42:23,71700,79400,A,41.379513,2.1412146,50,False,,
2026-07-26T03:37:37Z,5105D25400R2,25400,R2,3,71801,71802,2026-07-26T05:36:51,79104,71700,S,41.37951,2.1412168,50,True,,
2026-07-26T03:37:37Z,5105D35510R1,26510,R1,-1,71801,72305,2026-07-26T05:43:21,72305,79500,E,41.379536,2.1411612,50,True,,
2026-07-26T03:37:37Z,6005D29504C2,29504,C2,1,13507,13503,2026-07-26T05:38:51,13200,13506,E,43.307487,-3.0410612,60,False,,1
2026-07-26T03:37:37Z,6005D26502C3,26502,C3,0,13111,13110,2026-07-26T05:43:46,13100,13200,A,43.17912,-2.9028738,60,False,2,2
2026-07-26T03:37:37Z,6005D29609C1,29609,C1,3,13402,13403,2026-07-26T05:39:22,13405,13200,E,43.312733,-3.004488,60,False,1,1
2026-07-26T03:37:37Z,6005D26501C3,26501,C3,-2,13110,13111,2026-07-26T05:42:24,13200,13100,A,43.210075,-2.888758,60,False,,1
2026-07-26T03:37:37Z,6005D26500C3,26500,C3,0,13106,13104,2026-07-26T05:39:09,13100,13200,A,43.132793,-2.9697878,60,False,,2
2026-07-26T03:37:37Z,6005D26504C3,26504,C3,0,13200,13120,2026-07-26T05:52:00,13100,13200,A,43.25035,-2.930641,60,False,3,2
2026-07-26T03:37:37Z,6005D26503C3,26503,C3,0,13116,13101,2026-07-26T05:38:28,13200,13100,E,43.035866,-3.0039182,60,False,,1
2026-07-26T03:37:37Z,6005D29507C2,29507,C2,0,13200,13205,2026-07-26T05:49:00,13506,13200,A,43.256733,-2.9322033,60,False,2,1
2026-07-26T03:37:37Z,6105D35680C1,35680,C1,-7,11506,11505,2026-07-26T05:48:00,11404,11508,E,43.247425,-1.988344,61,False,2,2
2026-07-26T03:37:37Z,6105D82701C1,82701,C1,0,11305,11306,2026-07-26T05:53:00,11404,11305,A,43.050964,-2.3305266,61,False,1,1
2026-07-26T03:37:37Z,6105D81702C1,81702,C1,0,11600,11518,2026-07-26T05:53:00,11508,11600,A,43.330643,-1.8169186,61,False,,2
2026-07-26T03:37:37Z,6105D32769C1,32769,C1,4,11500,11501,2026-07-26T05:41:55,11508,11404,A,43.139435,-2.074181,61,False,1,1
2026-07-26T03:37:37Z,6205D71152C2,71152,C2,0,14223,05602,2026-07-26T05:48:00,05637,14223,A,43.452877,-3.8282192,62,True,1AM,2
2026-07-26T03:37:37Z,4705D71080C1,71080,C1,0,05761,05762,2026-07-26T06:02:00,05803,05761,A,42.809772,-5.1800675,47,False,1,
2026-07-26T03:37:37Z,1005D27207C4a,27207,C4a,0,18000,18101,2026-07-26T05:53:00,19003,18000,E,40.40654,-3.6895106,10,True,6,1
2026-07-26T03:37:37Z,1005D76683C5,76683,C5,0,35012,35002,2026-07-26T05:55:00,37001,35012,E,40.25559,-3.8284667,10,False,1,1
2026-07-26T03:37:37Z,1005D76685C5,76685,C5,0,35012,35002,2026-07-26T06:05:00,37001,35012,E,40.25559,-3.8284667,10,False,1,1
2026-07-26T03:37:37Z,1005D27405C4b,27405,C4b,0,17009,17003,2026-07-26T05:43:00,17005,18000,A,40.558834,-3.7141593,10,True,1,1
2026-07-26T03:37:37Z,1005D76202C5,76202,C5,0,37001,37001,2026-07-26T05:38:00,37001,18003,A,40.34132,-3.7123663,10,False,6,6
2026-07-26T03:37:37Z,1005D76203C5,76203,C5,0,37001,35704,2026-07-26T05:47:00,18003,37001,E,40.34132,-3.7123663,10,False,4,1
2026-07-26T03:37:37Z,1005D76204C5,76204,C5,0,18003,35702,2026-07-26T06:05:00,37001,18003,E,40.39592,-3.6779969,10,False,2,2
2026-07-26T03:37:37Z,1005D27208C4,27208,C4,0,18000,60100,2026-07-26T06:11:00,37012,18000,E,40.40654,-3.6895106,10,True,7,1
2026-07-26T03:37:37Z,1005D19800C1,19800,C1,0,17000,98003,2026-07-26T05:54:00,98305,17000,E,40.47102,-3.6825693,10,False,12,2
2026-07-26T03:37:37Z,1005D27003C3,27003,C3,0,60200,60105,2026-07-26T06:00:00,17000,60200,E,40.035027,-3.6189713,10,True,1,1
2026-07-26T03:37:37Z,1005D19803C1,19803,C1,0,98305,98304,2026-07-26T05:59:00,17000,98305,E,40.4924,-3.593483,10,False,2,1
2026-07-26T03:37:37Z,1005D75502C2,75502,C2,0,17000,18002,2026-07-26T06:05:00,70200,17000,E,40.47097,-3.68245,10,False,9,2
2026-07-26T03:37:37Z,1005D75500C2,75500,C2,1,18001,18000,2026-07-26T05:43:00,70200,17000,A,40.40667,-3.689395,10,False,2,3
2026-07-26T03:37:37Z,1005D76360C5,76360,C5,0,35607,35606,2026-07-26T05:43:00,35609,35607,E,40.330883,-3.8823783,10,False,2,1
2026-07-26T03:37:37Z,1005D76362C5,76362,C5,0,35607,35606,2026-07-26T05:53:00,35609,35607,E,40.330883,-3.8823783,10,False,2,1
2026-07-26T03:37:37Z,1005D76681C5,76681,C5,0,35012,35002,2026-07-26T05:45:00,37001,35012,E,40.25559,-3.8284667,10,False,1,1
2026-07-26T03:37:37Z,1005D27202C4,27202,C4,8,18000,60100,2026-07-26T05:44:00,37012,18000,6.0,40.403778,-3.686404,10,True,3,1
2026-07-26T03:37:37Z,1005D76364C5,76364,C5,0,35607,35606,2026-07-26T06:03:00,35609,35607,E,40.330883,-3.8823783,10,False,2,1
2026-07-26T03:37:37Z,1005D76357C5,76357,C5,0,35609,35608,2026-07-26T06:00:00,35607,35609,E,40.405067,-3.7026901,10,False,2,2
2026-07-26T03:37:37Z,1005D27001C3,27001,C3,2,60104,60103,2026-07-26T05:42:00,17000,60200,A,40.242844,-3.7038615,10,False,1,1
2026-07-26T03:37:37Z,1005D76676C5,76676,C5,0,37001,35009,2026-07-26T05:56:00,35012,37001,E,40.34132,-3.7123663,10,False,6,2
2026-07-26T03:37:37Z,1005D76358C5,76358,C5,0,35605,35604,2026-07-26T05:41:00,35609,35607,A,40.356674,-3.8156087,10,False,1,1
2026-07-26T03:37:37Z,1005D76677C5,76677,C5,1,35009,37001,2026-07-26T05:39:00,37001,35012,E,40.34086,-3.7482634,10,False,1,4
2026-07-26T03:37:37Z,1005D27002C3,27002,C3,0,17000,18002,2026-07-26T05:58:00,60200,17000,E,40.471382,-3.6834786,10,True,2,8
2026-07-26T03:37:37Z,1005D75811C7,75811,C7,0,70103,70111,2026-07-26T06:08:00,10000,70103,E,40.4889,-3.3666708,10,False,5,1
2026-07-26T03:37:37Z,1005D76359C5,76359,C5,0,35609,35608,2026-07-26T06:10:00,35607,35609,E,40.405067,-3.7026901,10,False,2,2
2026-07-26T03:37:37Z,1005D76678C5,76678,C5,0,37001,35009,2026-07-26T06:06:00,35012,37001,E,40.34132,-3.7123663,10,False,6,2
2026-07-26T03:37:37Z,1005D27411C4b,27411,C4b,0,37012,37011,2026-07-26T05:59:00,17005,37012,E,40.24143,-3.769159,10,True,2,1
2026-07-26T03:37:37Z,1005D76679C5,76679,C5,0,35011,35001,2026-07-26T05:43:00,37001,35012,A,40.328766,-3.7714624,10,False,1,1
2026-07-26T03:37:37Z,1005D76672C5,76672,C5,1,35009,35001,2026-07-26T05:40:00,35012,37001,A,40.328766,-3.7714624,10,False,2,2
2026-07-26T03:37:37Z,1005D27210C4a,27210,C4a,3,19003,19002,2026-07-26T05:52:00,37012,19003,E,40.546417,-3.6351175,10,True,2,2
2026-07-26T03:37:37Z,1005D27211C4a,27211,C4a,0,37012,37011,2026-07-26T06:09:00,19003,37012,E,40.24143,-3.769159,10,False,1,1
2026-07-26T03:37:37Z,1005D76353C5,76353,C5,1,35609,35608,2026-07-26T05:41:00,35607,35609,11.0,40.405666,-3.7140598,10,False,2,2
2026-07-26T03:37:37Z,1005D27409C4b,27409,C4b,4,37012,37011,2026-07-26T05:43:00,17005,37012,7.0,40.24637,-3.7672026,10,True,2,1
2026-07-26T03:37:37Z,1005D75603C2,75603,C2,0,70200,70105,2026-07-26T06:04:00,12006,70200,E,40.644257,-3.1823237,10,False,1,1
2026-07-26T03:37:37Z,1005D75800C7,75800,C7,0,17000,18002,2026-07-26T05:49:00,70103,17000,E,40.47113,-3.6828332,10,False,7,2
2026-07-26T03:37:37Z,1005D75601C2,75601,C2,2,70105,70104,2026-07-26T05:44:00,10203,70200,A,40.53455,-3.2985828,10,False,1,1
2026-07-26T03:37:37Z,1005D76354C5,76354,C5,2,35608,35609,2026-07-26T05:40:00,35609,35607,57.0,40.404,-3.720709,10,False,1,1
2026-07-26T03:37:37Z,1005D76355C5,76355,C5,0,35609,35608,2026-07-26T05:50:00,35607,35609,E,40.405067,-3.7026901,10,False,2,2
2026-07-26T03:37:37Z,1005D76674C5,76674,C5,0,37001,35009,2026-07-26T05:46:00,35012,37001,E,40.34132,-3.7123663,10,False,6,2
2026-07-26T03:37:37Z,1005D27205C4a,27205,C4a,5,18000,18101,2026-07-26T05:39:00,19003,37012,23.0,40.40654,-3.6895106,10,True,6,1
2026-07-26T03:37:37Z,1005D27206C4,27206,C4,0,18002,18101,2026-07-26T05:43:00,37012,17000,A,40.417023,-3.7031636,10,True,0,2
2026-07-26T03:37:37Z,1005D27404C4b,27404,C4b,4,17005,17004,2026-07-26T06:03:00,37012,17005,E,40.644844,-3.7762609,10,True,3,3
2026-07-26T03:37:37Z,1005D76356C5,76356,C5,0,35603,35602,2026-07-26T05:36:00,35609,35607,S,40.377697,-3.791474,10,False,1,1
2026-07-26T03:37:37Z,1005D27402C4,27402,C4,0,17000,18002,2026-07-26T06:01:00,37012,17000,E,40.471325,-3.6833096,10,True,2,8
2026-07-26T03:37:37Z,1005D27204C4,27204,C4,2,18000,60100,2026-07-26T05:47:00,37012,18000,E,40.40654,-3.6895106,10,True,2,1
2026-07-26T03:37:37Z,1005D27209C4a,27209,C4a,0,37012,37011,2026-07-26T05:49:00,19003,37012,E,40.24143,-3.769159,10,False,1,1
2026-07-26T03:37:37Z,1005D27407C4b,27407,C4b,0,18000,18101,2026-07-26T05:43:00,17005,18000,E,40.40654,-3.6895106,10,True,5,1
2026-07-26T03:37:37Z,1005D75000C8a,75000,C8a,0,10203,10202,2026-07-26T05:48:00,70103,10203,E,40.58532,-4.1321955,10,False,3,2
