timestamp_utc,tripId,codTren,codLinea,retrasoMin,codEstAct,codEstSig,horaLlegadaSigEst,codEstDest,codEstOrig,porAvanc,latitud,longitud,nucleo,accesible,via,nextVia
2026-07-03T00:02:56Z,1081V21228C10,21228,C10,-701,17000,18002,2026-07-03T01:25:00,10200,17000,A,40.44655,-3.691473,10,False,7,4
2026-07-03T00:07:06Z,1081V21228C10,21228,C10,-701,17000,18002,2026-07-03T01:25:00,10200,17000,A,40.44655,-3.691473,10,False,7,4
2026-07-03T00:12:16Z,1081V76096C3,76096,C3,-1348,60200,60200,2026-07-04T02:12:00,60200,60100,E,40.035027,-3.6189713,10,True,5,5
2026-07-03T00:17:26Z,1081V76096C3,76096,C3,-1343,60200,60200,2026-07-04T02:17:00,60200,60100,E,40.035027,-3.6189713,10,True,5,5
2026-07-03T00:22:15Z,1081V76096C3,76096,C3,-1338,60200,60200,2026-07-04T02:22:00,60200,60100,E,40.035027,-3.6189713,10,True,5,5
2026-07-03T00:27:06Z,1081V76096C3,76096,C3,-1334,60200,60200,2026-07-04T02:26:00,60200,60100,E,40.035027,-3.6189713,10,True,5,5
2026-07-03T00:32:42Z,1081V76096C3,76096,C3,-1334,60200,60200,2026-07-04T02:26:00,60200,60100,E,40.035027,-3.6189713,10,True,5,5
2026-07-03T00:37:22Z,1081V76096C3,76096,C3,-1334,60200,60200,2026-07-04T02:26:00,60200,60100,E,40.035027,-3.6189713,10,True,5,5
2026-07-03T00:42:28Z,1081V76096C3,76096,C3,-1334,60200,60200,2026-07-04T02:26:00,60200,60100,E,40.035027,-3.6189713,10,True,5,5
2026-07-03T00:47:26Z,1081V76096C3,76096,C3,-1334,60200,60200,2026-07-04T02:26:00,60200,60100,E,40.035027,-3.6189713,10,True,5,5
2026-07-03T00:52:31Z,1081V76096C3,76096,C3,-1334,60200,60200,2026-07-04T02:26:00,60200,60100,E,40.035027,-3.6189713,10,True,5,5
2026-07-03T00:57:05Z,1081V76096C3,76096,C3,-1334,60200,60200,2026-07-04T02:26:00,60200,60100,E,40.035027,-3.6189713,10,True,5,5
2026-07-03T01:02:36Z,1081V76096C3,76096,C3,-1334,60200,60200,2026-07-04T02:26:00,60200,60100,E,40.035027,-3.6189713,10,True,5,5
2026-07-03T01:07:03Z,1081V76096C3,76096,C3,-1334,60200,60200,2026-07-04T02:26:00,60200,60100,E,40.035027,-3.6189713,10,True,5,5
2026-07-03T01:12:14Z,1081V76096C3,76096,C3,-1334,60200,60200,2026-07-04T02:26:00,60200,60100,E,40.035027,-3.6189713,10,True,5,5
2026-07-03T01:17:09Z,1081V76096C3,76096,C3,-1334,60200,60200,2026-07-04T02:26:00,60200,60100,E,40.035027,-3.6189713,10,True,5,5
2026-07-03T01:22:12Z,1081V76096C3,76096,C3,-1334,60200,60200,2026-07-04T02:26:00,60200,60100,E,40.035027,-3.6189713,10,True,5,5
2026-07-03T01:27:01Z,1081V76096C3,76096,C3,-1334,60200,60200,2026-07-04T02:26:00,60200,60100,E,40.035027,-3.6189713,10,True,5,5
2026-07-03T01:32:37Z,1081V21807C7,21807,C7,1,18002,17000,2026-07-03T06:23:00,10000,18000,E,40.44655,-3.691473,10,True,3,10
2026-07-03T01:37:20Z,1081V21807C7,21807,C7,6,18002,17000,2026-07-03T06:28:00,10000,18000,E,40.44655,-3.691473,10,True,3,10
2026-07-03T01:42:13Z,1081V21807C7,21807,C7,10,18002,17000,2026-07-03T06:32:00,10000,18000,E,40.44655,-3.691473,10,True,3,10
2026-07-03T01:47:10Z,1081V21807C7,21807,C7,15,18002,17000,2026-07-03T06:37:00,10000,18000,E,40.44655,-3.691473,10,True,3,10
2026-07-03T01:52:32Z,1081V21807C7,21807,C7,19,18002,17000,2026-07-03T06:41:00,10000,18000,E,40.44655,-3.691473,10,True,3,10
2026-07-03T01:57:02Z,1081V21807C7,21807,C7,19,18002,17000,2026-07-03T06:41:00,10000,18000,E,40.44655,-3.691473,10,True,3,10
2026-07-03T02:02:49Z,1081V21807C7,21807,C7,19,18002,17000,2026-07-03T06:41:00,10000,18000,E,40.44655,-3.691473,10,True,3,10
2026-07-03T02:07:04Z,1081V21807C7,21807,C7,19,18002,17000,2026-07-03T06:41:00,10000,18000,E,40.44655,-3.691473,10,True,3,10
2026-07-03T02:12:17Z,1081V21807C7,21807,C7,19,18002,17000,2026-07-03T06:41:00,10000,18000,E,40.44655,-3.691473,10,True,3,10
2026-07-03T02:17:23Z,5181V77502R4,77502,R4,0,78700,78710,2026-07-03T04:33:00,71600,78700,,41.56993,2.0143688,50,False,,2
2026-07-03T02:22:13Z,5181V77502R4,77502,R4,0,78700,78710,2026-07-03T04:33:00,71600,78700,,41.56993,2.0143688,50,False,,2
2026-07-03T02:27:18Z,5181V77502R4,77502,R4,0,78700,78710,2026-07-03T04:33:00,71600,78700,,41.56993,2.0143688,50,False,,2
2026-07-03T02:27:18Z,6181V80716C1,80716,C1,0,11600,11518,2026-07-03T04:44:00,11516,11600,A,43.330643,-1.8169186,61,False,,2
2026-07-03T02:27:18Z,1081V20203C4a,20203,C4a,0,18000,18101,2026-07-03T04:57:00,19003,18000,E,40.40654,-3.6895106,10,True,6,1
2026-07-03T02:32:24Z,5181V77502R4,77502,R4,0,78710,78709,2026-07-03T04:36:40,71600,78700,A,41.561966,2.0962272,50,False,2,2
2026-07-03T02:32:24Z,6181V80716C1,80716,C1,0,11600,11518,2026-07-03T04:44:00,11516,11600,A,43.330643,-1.8169186,61,False,,2
2026-07-03T02:32:24Z,1081V19502C5,19502,C5,0,35607,35606,2026-07-03T05:01:00,35012,35607,E,40.330883,-3.8823783,10,False,2,1
2026-07-03T02:32:24Z,1081V21500C2,21500,C2,0,17000,18002,2026-07-03T05:04:00,70200,17000,E,40.47097,-3.68245,10,False,9,2
2026-07-03T02:32:24Z,1081V21601C2,21601,C2,0,70200,70105,2026-07-03T05:05:00,12006,70200,E,40.644257,-3.1823237,10,False,1,1
2026-07-03T02:32:24Z,1081V20203C4a,20203,C4a,0,18000,18101,2026-07-03T04:57:00,19003,18000,E,40.40654,-3.6895106,10,True,6,1
2026-07-03T02:32:24Z,1081V20205C4a,20205,C4a,0,37012,37011,2026-07-03T05:07:00,19003,37012,E,40.24143,-3.769159,10,False,1,1
2026-07-03T02:37:19Z,5181V77502R4,77502,R4,-1,78709,78704,2026-07-03T04:39:02,71600,78700,E,41.561966,2.0962272,50,False,,2
2026-07-03T02:37:19Z,5181V77600R4,77600,R4,0,72209,72210,2026-07-03T04:54:00,78600,72209,E,41.47872,1.9255537,50,False,,4
2026-07-03T02:37:19Z,6181V80716C1,80716,C1,0,11600,11518,2026-07-03T04:44:00,11516,11600,A,43.330643,-1.8169186,61,False,,2
2026-07-03T02:37:19Z,1081V20403C4b,20403,C4b,0,17000,17001,2026-07-03T05:10:00,17005,17000,E,40.471325,-3.6833096,10,True,5,1
2026-07-03T02:37:19Z,1081V21500C2,21500,C2,0,17000,18002,2026-07-03T05:04:00,70200,17000,E,40.47097,-3.68245,10,False,9,2
2026-07-03T02:37:19Z,1081V21703C2,21703,C2,0,70103,70111,2026-07-03T05:08:00,10203,70103,E,40.489193,-3.3662832,10,False,5,1
2026-07-03T02:37:19Z,1081V19502C5,19502,C5,0,35607,35606,2026-07-03T05:01:00,35012,35607,E,40.330883,-3.8823783,10,False,2,1
2026-07-03T02:37:19Z,1081V21601C2,21601,C2,0,70200,70105,2026-07-03T05:05:00,12006,70200,E,40.644257,-3.1823237,10,False,1,1
2026-07-03T02:37:19Z,1081V20203C4a,20203,C4a,0,18000,18101,2026-07-03T04:57:00,19003,18000,E,40.40654,-3.6895106,10,True,6,1
2026-07-03T02:37:19Z,1081V20205C4a,20205,C4a,0,37012,37011,2026-07-03T05:07:00,19003,37012,E,40.24143,-3.769159,10,False,1,1
2026-07-03T02:42:11Z,5181V77502R4,77502,R4,0,78703,78705,2026-07-03T04:46:05,71600,78700,A,41.513508,2.1183457,50,False,2,2
2026-07-03T02:42:11Z,5181V77400R4,77400,R4,0,71600,72201,2026-07-03T05:02:00,78600,71600,A,41.186302,1.5250856,50,False,2,
2026-07-03T02:42:11Z,6181V80716C1,80716,C1,0,11600,11518,2026-07-03T04:44:00,11516,11600,E,43.33877,-1.8007782,61,False,,2
2026-07-03T02:42:11Z,1081V20403C4b,20403,C4b,0,17000,17001,2026-07-03T05:10:00,17005,17000,E,40.471325,-3.6833096,10,True,5,1
2026-07-03T02:42:11Z,1081V19502C5,19502,C5,0,35607,35606,2026-07-03T05:01:00,35012,35607,E,40.330883,-3.8823783,10,False,2,1
2026-07-03T02:42:11Z,1081V20205C4a,20205,C4a,0,37012,37011,2026-07-03T05:07:00,19003,37012,E,40.24143,-3.769159,10,False,1,1
2026-07-03T02:42:11Z,1081V21703C2,21703,C2,0,70103,70111,2026-07-03T05:08:00,10203,70103,E,40.489193,-3.3662832,10,False,5,1
2026-07-03T02:42:11Z,1081V21700C7,21700,C7,0,17000,18002,2026-07-03T05:14:00,18000,17000,E,40.47113,-3.6828332,10,False,7,2
2026-07-03T02:42:11Z,1081V20203C4a,20203,C4a,0,18000,18101,2026-07-03T04:57:00,19003,18000,E,40.40654,-3.6895106,10,True,6,1
2026-07-03T02:42:11Z,1081V21601C2,21601,C2,0,70200,70105,2026-07-03T05:05:00,12006,70200,E,40.644257,-3.1823237,10,False,1,1
2026-07-03T02:42:11Z,1081V21500C2,21500,C2,0,17000,18002,2026-07-03T05:04:00,70200,17000,E,40.47097,-3.68245,10,False,9,2
2026-07-03T02:47:08Z,5181V77400R4,77400,R4,0,71600,72201,2026-07-03T05:02:00,78600,71600,,41.186302,1.5250856,50,False,2,
2026-07-03T02:47:08Z,5181V25602R1,25602,R1,0,79603,79602,2026-07-03T05:04:00,72305,79603,,41.614597,2.666027,50,True,,
2026-07-03T02:47:08Z,5181V77504R4,77504,R4,0,78700,78710,2026-07-03T05:03:00,71600,78700,,41.56993,2.0143688,50,False,,2
2026-07-03T02:47:08Z,5181V77502R4,77502,R4,-1,78705,78706,2026-07-03T04:49:27,71600,78700,E,41.513508,2.1183457,50,False,,2
2026-07-03T02:47:08Z,6081V26501C3,26501,C3,0,13100,13116,2026-07-03T05:06:00,13200,13100,A,43.035866,-3.0039182,60,False,2,1
2026-07-03T02:47:08Z,6081V26500C3,26500,C3,0,13200,13120,2026-07-03T05:02:00,13100,13200,A,43.25035,-2.930641,60,False,5,2
2026-07-03T02:47:08Z,6181V32769C1,32769,C1,0,11400,11402,2026-07-03T05:08:00,11600,11400,A,43.040184,-2.256515,61,False,4,1
2026-07-03T02:47:08Z,1081V21703C2,21703,C2,0,70103,70111,2026-07-03T05:08:00,10203,70103,E,40.489193,-3.3662832,10,False,5,1
2026-07-03T02:47:08Z,1081V20403C4b,20403,C4b,0,17000,17001,2026-07-03T05:10:00,17005,17000,E,40.471325,-3.6833096,10,True,5,1
2026-07-03T02:47:08Z,1081V20205C4a,20205,C4a,0,37012,37011,2026-07-03T05:07:00,19003,37012,E,40.24143,-3.769159,10,False,1,1
2026-07-03T02:47:08Z,1081V19799C1,19799,C1,0,18000,18001,2026-07-03T05:18:00,98305,18000,E,40.470993,-3.6825814,10,False,1,1
2026-07-03T02:47:08Z,1081V19502C5,19502,C5,0,35607,35606,2026-07-03T05:01:00,35012,35607,E,40.330883,-3.8823783,10,False,2,1
2026-07-03T02:47:08Z,1081V20002C3,20002,C3,0,17000,18002,2026-07-03T05:16:00,60200,17000,E,40.471382,-3.6834786,10,True,2,8
2026-07-03T02:47:08Z,1081V19504C5,19504,C5,0,35607,35606,2026-07-03T05:16:00,35012,35607,E,40.330883,-3.8823783,10,False,2,1
2026-07-03T02:47:08Z,1081V21501C2,21501,C2,0,70200,70105,2026-07-03T05:24:00,10203,70200,E,40.644257,-3.1823237,10,False,1,1
2026-07-03T02:47:08Z,1081V19503C5,19503,C5,0,35012,35002,2026-07-03T05:16:00,35607,35012,E,40.25559,-3.8284667,10,False,1,1
2026-07-03T02:47:08Z,1081V20203C4a,20203,C4a,0,18000,18101,2026-07-03T04:57:00,19003,18000,E,40.40654,-3.6895106,10,True,6,1
2026-07-03T02:47:08Z,1081V21700C7,21700,C7,0,17000,18002,2026-07-03T05:14:00,18000,17000,E,40.47113,-3.6828332,10,False,7,2
2026-07-03T02:47:08Z,1081V21500C2,21500,C2,0,17000,18002,2026-07-03T05:04:00,70200,17000,E,40.47097,-3.68245,10,False,9,2
2026-07-03T02:47:08Z,1081V21601C2,21601,C2,0,70200,70105,2026-07-03T05:05:00,12006,70200,E,40.644257,-3.1823237,10,True,1,1
2026-07-03T02:52:15Z,5181V77400R4,77400,R4,0,71600,72201,2026-07-03T05:02:00,78600,71600,,41.186302,1.5250856,50,False,2,
2026-07-03T02:52:15Z,5181V25602R1,25602,R1,0,79603,79602,2026-07-03T05:04:00,72305,79603,,41.614597,2.666027,50,True,,
2026-07-03T02:52:15Z,5181V77600R4,77600,R4,-2,72210,72211,2026-07-03T04:59:53,78600,72209,E,41.473316,1.967515,50,False,,2
2026-07-03T02:52:15Z,5181V25400R2,25400,R2,2,71701,71703,2026-07-03T05:01:18,79104,71700,A,41.27745,1.9777229,50,True,2,2
2026-07-03T02:52:15Z,5181V33520RL4,15620,RL4,0,78400,78402,2026-07-03T05:13:00,78600,78400,,41.620644,0.6340701,50,False,,
2026-07-03T02:52:15Z,5181V77502R4,77502,R4,1,78706,78707,2026-07-03T04:54:02,71600,78700,32.0,41.48812,2.1534443,50,False,2,2
2026-07-03T02:52:15Z,6081V26100C1,26100,C1,0,13405,13404,2026-07-03T05:06:00,13200,13405,A,43.3262,-3.023556,60,False,1,2
2026-07-03T02:52:15Z,6081V26500C3,26500,C3,0,13200,13120,2026-07-03T05:02:00,13100,13200,A,43.25035,-2.930641,60,False,5,2
2026-07-03T02:52:15Z,6081V26501C3,26501,C3,0,13100,13116,2026-07-03T05:06:00,13200,13100,A,43.035866,-3.0039182,60,False,2,1
2026-07-03T02:52:15Z,6181V32770C1,32770,C1,0,11516,11515,2026-07-03T05:06:00,11400,11516,A,43.31916,-1.9170784,61,False,2,2
2026-07-03T02:52:15Z,6181V32769C1,32769,C1,0,11400,11402,2026-07-03T05:08:00,11600,11400,A,43.040184,-2.256515,61,False,4,1
2026-07-03T02:52:15Z,1081V19799C1,19799,C1,0,18000,18001,2026-07-03T05:18:00,98305,18000,E,40.470993,-3.6825814,10,False,1,1
2026-07-03T02:52:15Z,1081V21703C2,21703,C2,0,70103,70111,2026-07-03T05:08:00,10203,70103,E,40.489193,-3.3662832,10,False,5,1
2026-07-03T02:52:15Z,1081V19502C5,19502,C5,3,35607,35606,2026-07-03T05:04:00,35012,35607,E,40.330883,-3.8823783,10,False,2,1
2026-07-03T02:52:15Z,1081V20002C3,20002,C3,0,17000,18002,2026-07-03T05:16:00,60200,17000,E,40.471382,-3.6834786,10,True,2,8
2026-07-03T02:52:15Z,1081V20403C4b,20403,C4b,0,17000,17001,2026-07-03T05:10:00,17005,17000,E,40.471325,-3.6833096,10,True,5,1
2026-07-03T02:52:15Z,1081V20407C4b,20407,C4b,0,37012,37011,2026-07-03T05:26:00,17005,37012,E,40.24143,-3.769159,10,True,2,1
2026-07-03T02:52:15Z,1081V20205C4a,20205,C4a,1,37012,37011,2026-07-03T05:08:00,19003,37012,E,40.24143,-3.769159,10,False,1,1
2026-07-03T02:52:15Z,1081V21501C2,21501,C2,0,70200,70105,2026-07-03T05:24:00,10203,70200,E,40.644257,-3.1823237,10,False,1,1
2026-07-03T02:52:15Z,1081V21700C7,21700,C7,0,17000,18002,2026-07-03T05:14:00,18000,17000,E,40.47113,-3.6828332,10,False,7,2
2026-07-03T02:52:15Z,1081V20203C4a,20203,C4a,0,18000,18101,2026-07-03T04:57:00,19003,18000,E,40.40654,-3.6895106,10,True,6,1
2026-07-03T02:52:15Z,1081V21601C2,21601,C2,5,70200,70105,2026-07-03T05:10:00,12006,70200,E,40.644257,-3.1823237,10,True,1,1
2026-07-03T02:52:15Z,1081V21500C2,21500,C2,0,17000,18002,2026-07-03T05:04:00,70200,17000,E,40.47097,-3.68245,10,False,9,2
2026-07-03T02:52:15Z,1081V19504C5,19504,C5,2,35607,35606,2026-07-03T05:18:00,35012,35607,E,40.330883,-3.8823783,10,False,1,1
2026-07-03T02:52:15Z,1081V20003C3,20003,C3,0,60200,60105,2026-07-03T05:27:00,17000,60200,E,40.035027,-3.6189713,10,False,1,1
2026-07-03T02:52:15Z,1081V19503C5,19503,C5,0,35012,35002,2026-07-03T05:16:00,35607,35012,E,40.25559,-3.8284667,10,False,1,1
2026-07-03T02:52:15Z,1081V19505C5,19505,C5,0,35012,35002,2026-07-03T05:25:00,35607,35012,E,40.25559,-3.8284667,10,False,1,1
2026-07-03T02:57:00Z,3081V23500C1,23500,C1,0,51003,51100,2026-07-03T05:12:00,51203,51003,A,37.377792,-5.9795485,30,False,9,2
2026-07-03T02:57:00Z,4081V84002C2,84002,C2,0,64003,64004,2026-07-03T05:23:00,65000,64003,,38.878082,-0.7535829,40,False,,
2026-07-03T02:57:00Z,4081V24101C2,24101,C2,0,64100,64006,2026-07-03T05:17:00,64006,64100,,38.992313,-0.5246103,40,False,,
2026-07-03T02:57:00Z,5181V77600R4,77600,R4,1,72210,72211,2026-07-03T05:02:36,78600,72209,30.0,41.46234,1.978572,50,False,,2
2026-07-03T02:57:00Z,5181V77400R4,77400,R4,1,71600,72201,2026-07-03T05:03:08,78600,71600,12.0,41.18673,1.5300918,50,False,1,
2026-07-03T02:57:00Z,5181V33520RL4,15620,RL4,0,78400,78402,2026-07-03T05:13:00,78600,78400,,41.620644,0.6340701,50,False,,
2026-07-03T02:57:00Z,5181V25400R2,25400,R2,4,71701,71703,2026-07-03T05:03:01,79104,71700,24.0,41.27745,1.9777229,50,True,,2
2026-07-03T02:57:00Z,6081V26000C2,26000,C2,0,13506,13505,2026-07-03T05:13:00,13200,13506,A,43.315636,-3.0911126,60,False,1,1
2026-07-03T02:57:00Z,6081V26100C1,26100,C1,0,13405,13404,2026-07-03T05:06:00,13200,13405,A,43.3262,-3.023556,60,False,1,2
2026-07-03T02:57:00Z,6081V26001C2,26001,C2,0,13200,13205,2026-07-03T05:11:00,13506,13200,A,43.256733,-2.9322033,60,False,1,1
2026-07-03T02:57:00Z,6081V26501C3,26501,C3,0,13100,13116,2026-07-03T05:06:00,13200,13100,A,43.035866,-3.0039182,60,False,2,1
2026-07-03T02:57:00Z,6081V26500C3,26500,C3,0,13200,13120,2026-07-03T05:02:00,13100,13200,A,43.25035,-2.930641,60,False,5,2
2026-07-03T02:57:00Z,6181V32770C1,32770,C1,0,11516,11515,2026-07-03T05:06:00,11400,11516,A,43.31916,-1.9170784,61,False,2,2
2026-07-03T02:57:00Z,6181V32769C1,32769,C1,0,11400,11402,2026-07-03T05:08:00,11600,11400,A,43.040184,-2.256515,61,False,4,1
2026-07-03T02:57:00Z,1081V19799C1,19799,C1,0,18000,18001,2026-07-03T05:18:00,98305,18000,E,40.470993,-3.6825814,10,False,1,1
2026-07-03T02:57:00Z,1081V19502C5,19502,C5,8,35607,35606,2026-07-03T05:09:00,35012,35607,E,40.330883,-3.8823783,10,False,2,1
2026-07-03T02:57:00Z,1081V21703C2,21703,C2,0,70103,70111,2026-07-03T05:08:00,10203,70103,E,40.489193,-3.3662832,10,False,5,1
2026-07-03T02:57:00Z,1081V20002C3,20002,C3,0,17000,18002,2026-07-03T05:16:00,60200,17000,E,40.471382,-3.6834786,10,True,2,8
2026-07-03T02:57:00Z,1081V21603C2,21603,C2,0,70200,70105,2026-07-03T05:34:00,12006,70200,E,40.644257,-3.1823237,10,False,1,1
2026-07-03T02:57:00Z,1081V20403C4b,20403,C4b,0,17000,17001,2026-07-03T05:10:00,17005,17000,E,40.471325,-3.6833096,10,True,5,1
2026-07-03T02:57:00Z,1081V20407C4b,20407,C4b,0,37012,37011,2026-07-03T05:26:00,17005,37012,E,40.24143,-3.769159,10,True,2,1
2026-07-03T02:57:00Z,1081V20405C4b,20405,C4b,0,18000,18101,2026-07-03T05:27:00,17005,18000,E,40.40654,-3.6895106,10,False,6,1
2026-07-03T02:57:00Z,1081V20205C4a,20205,C4a,6,37012,37011,2026-07-03T05:13:00,19003,37012,E,40.24143,-3.769159,10,False,1,1
2026-07-03T02:57:00Z,1081V20204C4,20204,C4,0,17000,18002,2026-07-03T05:30:00,37012,17000,E,40.471325,-3.6833096,10,True,2,8
2026-07-03T02:57:00Z,1081V21501C2,21501,C2,0,70200,70105,2026-07-03T05:24:00,10203,70200,E,40.644257,-3.1823237,10,False,1,1
2026-07-03T02:57:00Z,1081V21700C7,21700,C7,0,17000,18002,2026-07-03T05:14:00,18000,17000,E,40.47113,-3.6828332,10,False,7,2
2026-07-03T02:57:00Z,1081V21601C2,21601,C2,10,70200,70105,2026-07-03T05:15:00,12006,70200,E,40.644257,-3.1823237,10,True,1,1
2026-07-03T02:57:00Z,1081V19504C5,19504,C5,7,35607,35606,2026-07-03T05:23:00,35012,35607,E,40.330883,-3.8823783,10,False,1,1
2026-07-03T02:57:00Z,1081V19503C5,19503,C5,0,35012,35002,2026-07-03T05:16:00,35607,35012,E,40.25559,-3.8284667,10,False,1,1
2026-07-03T02:57:00Z,1081V19505C5,19505,C5,0,35012,35002,2026-07-03T05:25:00,35607,35012,E,40.25559,-3.8284667,10,False,1,1
2026-07-03T02:57:00Z,1081V20203C4a,20203,C4a,1,18000,18101,2026-07-03T04:58:00,19003,18000,50.0,40.41166,-3.6976469,10,True,6,1
2026-07-03T02:57:00Z,1081V20202C4,20202,C4,0,18000,60100,2026-07-03T05:30:00,37012,18000,E,40.40654,-3.6895106,10,True,7,1
2026-07-03T02:57:00Z,1081V21500C2,21500,C2,0,17000,18002,2026-07-03T05:04:00,70200,17000,E,40.47097,-3.68245,10,False,9,2
2026-07-03T02:57:00Z,1081V20003C3,20003,C3,0,60200,60105,2026-07-03T05:27:00,17000,60200,E,40.035027,-3.6189713,10,False,1,1
2026-07-03T03:02:34Z,3081V23500C1,23500,C1,0,51003,51100,2026-07-03T05:12:00,51203,51003,A,37.377792,-5.9795485,30,False,9,2
2026-07-03T03:02:34Z,4081V84002C2,84002,C2,0,64003,64004,2026-07-03T05:23:00,65000,64003,,38.878082,-0.7535829,40,False,,
2026-07-03T03:02:34Z,4081V24101C2,24101,C2,0,64100,64006,2026-07-03T05:17:00,64006,64100,,38.992313,-0.5246103,40,False,,
2026-07-03T03:02:34Z,5181V25602R1,25602,R1,1,79602,79601,2026-07-03T05:10:00,72305,79603,A,41.586533,2.5813315,50,True,1,1
2026-07-03T03:02:34Z,5181V77502R4,77502,R4,1,78801,78802,2026-07-03T05:06:02,71600,78700,A,41.430275,2.1831505,50,False,2,2
2026-07-03T03:02:34Z,5181V33520RL4,15620,RL4,0,78400,78402,2026-07-03T05:13:00,78600,78400,,41.620644,0.6340701,50,False,,
2026-07-03T03:02:34Z,5181V77504R4,77504,R4,0,78710,78709,2026-07-03T05:07:04,71600,78700,A,41.561966,2.0962272,50,False,2,2
2026-07-03T03:02:34Z,5181V77400R4,77400,R4,-2,72201,72202,2026-07-03T05:08:26,78600,71600,E,41.220802,1.5381482,50,False,,2
2026-07-03T03:02:34Z,5181V28400R2N,28400,R2N,1,79100,79007,2026-07-03T05:04:47,72400,79100,51.0,41.566265,2.2763984,50,True,,2
2026-07-03T03:02:34Z,5181V25400R2,25400,R2,3,71703,71704,2026-07-03T05:06:32,79104,71700,E,41.27745,1.9777229,50,True,,
2026-07-03T03:02:34Z,5181V28557R2N,28557,R2N,1,79400,71802,2026-07-03T05:07:55,72400,79400,44.0,41.39622,2.1702611,50,True,,
2026-07-03T03:02:34Z,6081V26000C2,26000,C2,0,13506,13505,2026-07-03T05:13:00,13200,13506,A,43.315636,-3.0911126,60,False,1,1
2026-07-03T03:02:34Z,6081V26100C1,26100,C1,0,13405,13404,2026-07-03T05:06:00,13200,13405,A,43.3262,-3.023556,60,False,1,2
2026-07-03T03:02:34Z,6081V26001C2,26001,C2,0,13200,13205,2026-07-03T05:11:00,13506,13200,A,43.256733,-2.9322033,60,False,1,1
2026-07-03T03:02:34Z,6081V26501C3,26501,C3,1,13100,13116,2026-07-03T05:06:59,13200,13100,7.0,42.99662,-3.012854,60,False,,1
2026-07-03T03:02:34Z,6081V26500C3,26500,C3,2,13200,13120,2026-07-03T05:03:59,13100,13200,18.0,43.258923,-2.9304106,60,False,,2
2026-07-03T03:02:34Z,6181V32770C1,32770,C1,0,11516,11515,2026-07-03T05:06:00,11400,11516,A,43.31916,-1.9170784,61,False,2,2
2026-07-03T03:02:34Z,6181V32769C1,32769,C1,0,11400,11402,2026-07-03T05:08:00,11600,11400,E,43.086685,-2.3198454,61,False,,1
2026-07-03T03:02:34Z,6181V32700C1,32700,C1,0,11600,11518,2026-07-03T05:16:00,11305,11600,A,43.330643,-1.8169186,61,False,,2
2026-07-03T03:02:34Z,6281V71150C2,71150,C2,0,14223,05602,2026-07-03T05:18:00,05637,14223,A,43.452877,-3.8282192,62,True,2,2
2026-07-03T03:02:34Z,1081V20004C3,20004,C3,0,17000,18002,2026-07-03T05:33:00,60200,17000,E,40.471382,-3.6834786,10,True,2,8
2026-07-03T03:02:34Z,1081V20202C4,20202,C4,0,18000,60100,2026-07-03T05:30:00,37012,18000,E,40.40654,-3.6895106,10,True,7,1
2026-07-03T03:02:34Z,1081V21701C2,21701,C2,0,18000,18001,2026-07-03T05:32:00,17000,18000,E,40.40667,-3.689395,10,False,2,1
2026-07-03T03:02:34Z,1081V20003C3,20003,C3,0,60200,60105,2026-07-03T05:27:00,17000,60200,E,40.035027,-3.6189713,10,False,1,1
2026-07-03T03:02:34Z,1081V19799C1,19799,C1,0,18000,18001,2026-07-03T05:18:00,98305,18000,E,40.470993,-3.6825814,10,False,1,1
2026-07-03T03:02:34Z,1081V21700C7,21700,C7,0,17000,18002,2026-07-03T05:14:00,18000,17000,E,40.47113,-3.6828332,10,False,7,2
2026-07-03T03:02:34Z,1081V19506C5,19506,C5,0,35607,35606,2026-07-03T05:30:00,35012,35607,E,40.330883,-3.8823783,10,False,2,1
2026-07-03T03:02:34Z,1081V19505C5,19505,C5,0,35012,35002,2026-07-03T05:25:00,35607,35012,E,40.25559,-3.8284667,10,False,1,1
2026-07-03T03:02:34Z,1081V20203C4a,20203,C4a,0,17000,17001,2026-07-03T05:13:00,19003,18000,A,40.501648,-3.6821797,10,True,4,1
2026-07-03T03:02:34Z,1081V20405C4b,20405,C4b,0,18000,18101,2026-07-03T05:27:00,17005,18000,E,40.40654,-3.6895106,10,False,6,1
2026-07-03T03:02:34Z,1081V20403C4b,20403,C4b,0,17000,17001,2026-07-03T05:10:00,17005,17000,E,40.471325,-3.6833096,10,True,5,1
2026-07-03T03:02:34Z,1081V21601C2,21601,C2,4,70200,70105,2026-07-03T05:09:00,12006,70200,16.0,40.63086,-3.1955404,10,True,1,1
2026-07-03T03:02:34Z,1081V35973C2,35973,C2,0,70103,70102,2026-07-03T05:36:00,17000,70103,E,40.489193,-3.3662832,10,False,5,5
2026-07-03T03:02:34Z,1081V19509C5,19509,C5,0,35012,35002,2026-07-03T05:33:00,35607,35012,E,40.25559,-3.8284667,10,False,1,1
2026-07-03T03:02:34Z,1081V19504C5,19504,C5,13,35607,35606,2026-07-03T05:29:00,35012,35607,E,40.330883,-3.8823783,10,False,1,1
2026-07-03T03:02:34Z,1081V19503C5,19503,C5,0,35012,35002,2026-07-03T05:16:00,35607,35012,E,40.25559,-3.8284667,10,False,1,1
2026-07-03T03:02:34Z,1081V21501C2,21501,C2,1,70200,70105,2026-07-03T05:25:00,10203,70200,E,40.644257,-3.1823237,10,False,2,1
2026-07-03T03:02:34Z,1081V19502C5,19502,C5,0,35610,35605,2026-07-03T05:06:00,35012,35607,A,40.3503,-3.8317595,10,False,1,1
2026-07-03T03:02:34Z,1081V21100C10,21100,C10,0,10200,10104,2026-07-03T05:34:00,17000,10200,E,40.62599,-4.0081153,10,False,4,2
2026-07-03T03:02:34Z,1081V21703C2,21703,C2,0,70103,70111,2026-07-03T05:08:00,10203,70103,E,40.489193,-3.3662832,10,False,5,1
2026-07-03T03:02:34Z,1081V21504C2,21504,C2,0,18002,18001,2026-07-03T05:36:00,70200,18002,E,40.44655,-3.691473,10,True,2,2
2026-07-03T03:02:34Z,1081V21603C2,21603,C2,0,70200,70105,2026-07-03T05:34:00,12006,70200,E,40.644257,-3.1823237,10,False,4,1
2026-07-03T03:02:34Z,1081V20205C4a,20205,C4a,1,37012,37011,2026-07-03T05:08:00,19003,37012,5.0,40.244957,-3.7677615,10,False,1,1
2026-07-03T03:02:34Z,1081V20002C3,20002,C3,0,17000,18002,2026-07-03T05:16:00,60200,17000,E,40.471382,-3.6834786,10,True,2,8
2026-07-03T03:02:34Z,1081V20204C4,20204,C4,0,17000,18002,2026-07-03T05:30:00,37012,17000,E,40.471325,-3.6833096,10,True,2,8
2026-07-03T03:02:34Z,1081V20209C4a,20209,C4a,0,37012,37011,2026-07-03T05:37:00,19003,37012,E,40.24143,-3.769159,10,False,1,1
2026-07-03T03:02:34Z,1081V20407C4b,20407,C4b,0,37012,37011,2026-07-03T05:26:00,17005,37012,E,40.24143,-3.769159,10,True,2,1
2026-07-03T03:07:03Z,3081V23500C1,23500,C1,0,51003,51100,2026-07-03T05:12:00,51203,51003,A,37.479904,-5.9399505,30,False,9,2
2026-07-03T03:07:03Z,3081V23501C1,23501,C1,0,51003,50703,2026-07-03T05:31:00,50600,51003,A,37.479904,-5.9399505,30,False,8,1
2026-07-03T03:07:03Z,4081V84002C2,84002,C2,0,64003,64004,2026-07-03T05:23:00,65000,64003,,38.878082,-0.7535829,40,False,,
2026-07-03T03:07:03Z,4081V24101C2,24101,C2,0,64100,64006,2026-07-03T05:17:00,64006,64100,,38.992313,-0.5246103,40,False,,
2026-07-03T03:07:03Z,5181V25702R1,25702,R1,2,79412,79410,2026-07-03T05:08:47,72305,79500,A,41.500538,2.3899064,50,True,2,2
2026-07-03T03:07:03Z,5181V28400R2N,28400,R2N,1,79006,79011,2026-07-03T05:11:34,72400,79100,A,41.510387,2.199821,50,True,2,2
2026-07-03T03:07:03Z,5181V77600R4,77600,R4,1,72300,72301,2026-07-03T05:11:41,78600,72209,6.0,41.40998,2.0208638,50,False,2,2
2026-07-03T03:07:03Z,5181V77502R4,77502,R4,2,78802,78806,2026-07-03T05:08:42,71600,78700,E,41.430275,2.1831505,50,False,2,2
2026-07-03T03:07:03Z,5181V77400R4,77400,R4,0,72201,72202,2026-07-03T05:10:26,78600,71600,57.0,41.251022,1.5734696,50,False,,2
2026-07-03T03:07:03Z,5181V33520RL4,15620,RL4,0,78400,78402,2026-07-03T05:13:00,78600,78400,57.0,41.620644,0.6340701,50,False,,
2026-07-03T03:07:03Z,5181V77504R4,77504,R4,-1,78709,78704,2026-07-03T05:09:19,71600,78700,E,41.561966,2.0962272,50,False,,2
2026-07-03T03:07:03Z,5181V25400R2,25400,R2,2,71704,71705,2026-07-03T05:09:16,79104,71700,25.0,41.27778,1.9781352,50,True,2,2
2026-07-03T03:07:03Z,5181V28557R2N,28557,R2N,-2,71802,71801,2026-07-03T05:10:04,72400,79400,A,41.37954,2.1411655,50,True,,
2026-07-03T03:07:03Z,5181V25602R1,25602,R1,0,79601,79600,2026-07-03T05:13:13,72305,79603,A,41.577496,2.549442,50,True,1,2
2026-07-03T03:07:03Z,6081V26500C3,26500,C3,0,13114,13113,2026-07-03T05:09:52,13100,13200,E,43.24241,-2.9163692,60,False,,2
2026-07-03T03:07:03Z,6081V26101C1,26101,C1,0,13200,13205,2026-07-03T05:22:00,13405,13200,A,43.256733,-2.9322033,60,False,2,1
2026-07-03T03:07:03Z,6081V26501C3,26501,C3,0,13116,13101,2026-07-03T05:08:07,13200,13100,E,43.035866,-3.0039182,60,False,,1
2026-07-03T03:07:03Z,6081V26100C1,26100,C1,1,13404,13403,2026-07-03T05:09:07,13200,13405,E,43.3262,-3.023556,60,False,2,2
2026-07-03T03:07:03Z,6081V26502C3,26502,C3,0,13200,13120,2026-07-03T05:22:00,13100,13200,A,43.25035,-2.930641,60,False,3,2
2026-07-03T03:07:03Z,6081V26000C2,26000,C2,0,13506,13505,2026-07-03T05:13:00,13200,13506,A,43.315636,-3.0911126,60,False,1,1
2026-07-03T03:07:03Z,6081V26001C2,26001,C2,0,13200,13205,2026-07-03T05:11:00,13506,13200,A,43.256733,-2.9322033,60,False,1,1
2026-07-03T03:07:03Z,6181V32769C1,32769,C1,0,11400,11402,2026-07-03T05:08:00,11600,11400,E,43.086685,-2.3198454,61,False,,1
2026-07-03T03:07:03Z,6181V32770C1,32770,C1,-1,11515,11514,2026-07-03T05:08:16,11400,11516,E,43.31916,-1.9170784,61,False,,2
2026-07-03T03:07:03Z,6181V32700C1,32700,C1,0,11600,11518,2026-07-03T05:16:00,11305,11600,A,43.330643,-1.8169186,61,False,,2
2026-07-03T03:07:03Z,6281V71150C2,71150,C2,0,14223,05602,2026-07-03T05:18:00,05637,14223,A,43.452877,-3.8282192,62,True,2,2
2026-07-03T03:07:03Z,1081V19506C5,19506,C5,0,35607,35606,2026-07-03T05:30:00,35012,35607,E,40.330883,-3.8823783,10,False,2,1
2026-07-03T03:07:03Z,1081V21701C2,21701,C2,0,18000,18001,2026-07-03T05:32:00,17000,18000,E,40.40667,-3.689395,10,False,2,1
2026-07-03T03:07:03Z,1081V19505C5,19505,C5,0,35012,35002,2026-07-03T05:25:00,35607,35012,E,40.25559,-3.8284667,10,False,1,1
2026-07-03T03:07:03Z,1081V21700C7,21700,C7,0,17000,18002,2026-07-03T05:14:00,18000,17000,E,40.47113,-3.6828332,10,False,7,2
2026-07-03T03:07:03Z,1081V20203C4a,20203,C4a,4,17000,17001,2026-07-03T05:17:00,19003,18000,A,40.501648,-3.6821797,10,True,4,1
2026-07-03T03:07:03Z,1081V20004C3,20004,C3,0,17000,18002,2026-07-03T05:33:00,60200,17000,E,40.471382,-3.6834786,10,True,2,8
2026-07-03T03:07:03Z,1081V20202C4,20202,C4,0,18000,60100,2026-07-03T05:30:00,37012,18000,E,40.40654,-3.6895106,10,True,7,1
2026-07-03T03:07:03Z,1081V20003C3,20003,C3,0,60200,60105,2026-07-03T05:27:00,17000,60200,E,40.035027,-3.6189713,10,False,1,1
2026-07-03T03:07:03Z,1081V19799C1,19799,C1,0,18000,18001,2026-07-03T05:18:00,98305,18000,E,40.470993,-3.6825814,10,False,1,1
2026-07-03T03:07:03Z,1081V20002C3,20002,C3,0,17000,18002,2026-07-03T05:16:00,60200,17000,E,40.471382,-3.6834786,10,True,2,8
2026-07-03T03:07:03Z,1081V20209C4a,20209,C4a,0,37012,37011,2026-07-03T05:37:00,19003,37012,E,40.24143,-3.769159,10,False,1,1
2026-07-03T03:07:03Z,1081V20407C4b,20407,C4b,0,37012,37011,2026-07-03T05:26:00,17005,37012,E,40.24143,-3.769159,10,True,2,1
2026-07-03T03:07:03Z,1081V20405C4b,20405,C4b,0,18000,18101,2026-07-03T05:27:00,17005,18000,E,40.40654,-3.6895106,10,False,6,1
2026-07-03T03:07:03Z,1081V20403C4b,20403,C4b,0,17000,17001,2026-07-03T05:10:00,17005,17000,E,40.471325,-3.6833096,10,True,5,1
2026-07-03T03:07:03Z,1081V21601C2,21601,C2,2,70105,70104,2026-07-03T05:11:00,12006,70200,0.0,40.55645,-3.270942,10,False,1,1
2026-07-03T03:07:03Z,1081V35973C2,35973,C2,0,70103,70102,2026-07-03T05:36:00,17000,70103,E,40.489193,-3.3662832,10,False,5,5
2026-07-03T03:07:03Z,1081V19509C5,19509,C5,0,35012,35002,2026-07-03T05:33:00,35607,35012,E,40.25559,-3.8284667,10,False,1,1
2026-07-03T03:07:03Z,1081V19504C5,19504,C5,17,35607,35606,2026-07-03T05:33:00,35012,35607,E,40.330883,-3.8823783,10,False,1,1
2026-07-03T03:07:03Z,1081V19503C5,19503,C5,0,35012,35002,2026-07-03T05:16:00,35607,35012,E,40.25559,-3.8284667,10,False,1,1
2026-07-03T03:07:03Z,1081V21501C2,21501,C2,6,70200,70105,2026-07-03T05:30:00,10203,70200,E,40.644257,-3.1823237,10,False,2,1
2026-07-03T03:07:03Z,1081V19502C5,19502,C5,1,35605,35604,2026-07-03T05:10:00,35012,35607,A,40.356674,-3.8156087,10,False,0,1
2026-07-03T03:07:03Z,1081V21100C10,21100,C10,0,10200,10104,2026-07-03T05:34:00,17000,10200,E,40.62599,-4.0081153,10,False,4,2
2026-07-03T03:07:03Z,1081V20205C4a,20205,C4a,6,37012,37011,2026-07-03T05:13:00,19003,37012,0.0,40.24856,-3.7652202,10,False,1,1
2026-07-03T03:07:03Z,1081V20204C4,20204,C4,0,17000,18002,2026-07-03T05:30:00,37012,17000,E,40.471325,-3.6833096,10,True,2,8
2026-07-03T03:07:03Z,1081V21703C2,21703,C2,1,70103,70111,2026-07-03T05:09:00,10203,70103,0.0,40.489193,-3.3662832,10,False,1,1
2026-07-03T03:07:03Z,1081V21504C2,21504,C2,0,18002,18001,2026-07-03T05:36:00,70200,18002,E,40.44655,-3.691473,10,True,2,2
2026-07-03T03:07:03Z,1081V21603C2,21603,C2,5,70200,70105,2026-07-03T05:39:00,12006,70200,E,40.644257,-3.1823237,10,False,4,1
2026-07-03T03:07:03Z,1081V21503C2,21503,C2,0,70200,70105,2026-07-03T05:43:00,17000,70200,E,40.644257,-3.1823237,10,False,1,1
2026-07-03T03:12:28Z,3081V23501C1,23501,C1,0,51003,50703,2026-07-03T05:31:00,50600,51003,A,37.479904,-5.9399505,30,False,8,1
2026-07-03T03:12:28Z,3081V23500C1,23500,C1,0,51100,51110,2026-07-03T05:15:09,51203,51003,E,37.377792,-5.9795485,30,False,2,2
2026-07-03T03:12:28Z,4081V84002C2,84002,C2,0,64003,64004,2026-07-03T05:23:00,65000,64003,,38.878082,-0.7535829,40,False,,
2026-07-03T03:12:28Z,4081V24101C2,24101,C2,0,64100,64006,2026-07-03T05:17:00,64006,64100,,38.992313,-0.5246103,40,False,,
2026-07-03T03:12:28Z,5181V77402R4,77402,R4,0,71600,72201,2026-07-03T05:32:00,78600,71600,,41.186302,1.5250856,50,False,,2
2026-07-03T03:12:28Z,5181V77600R4,77600,R4,1,72301,72302,2026-07-03T05:16:15,78600,72209,E,41.38308,2.0479817,50,False,2,2
2026-07-03T03:12:28Z,5181V25702R1,25702,R1,4,79410,79409,2026-07-03T05:14:17,72305,79500,35.0,41.495014,2.3780513,50,True,,2
2026-07-03T03:12:28Z,5181V77502R4,77502,R4,2,78806,78804,2026-07-03T05:16:24,71600,78700,32.0,41.41141,2.1868947,50,False,,2
2026-07-03T03:12:28Z,5181V28400R2N,28400,R2N,-1,79011,79005,2026-07-03T05:13:26,72400,79100,E,41.510387,2.199821,50,True,,2
2026-07-03T03:12:28Z,5181V77504R4,77504,R4,0,78703,78705,2026-07-03T05:16:06,71600,78700,A,41.513508,2.1183457,50,False,2,2
2026-07-03T03:12:28Z,5181V33520RL4,15620,RL4,0,78400,78402,2026-07-03T05:13:00,78600,78400,,41.620644,0.6340701,50,False,,
2026-07-03T03:12:28Z,5181V77400R4,77400,R4,2,72202,72203,2026-07-03T05:18:41,78600,71600,9.0,41.277767,1.605382,50,False,,2
2026-07-03T03:12:28Z,5181V25400R2,25400,R2,3,71705,71706,2026-07-03T05:14:29,79104,71700,28.0,41.28573,1.9880524,50,True,,
2026-07-03T03:12:28Z,5181V28557R2N,28557,R2N,0,71801,71708,2026-07-03T05:19:10,72400,79400,E,41.37954,2.1411655,50,True,12,1
2026-07-03T03:12:28Z,5181V25602R1,25602,R1,0,79600,79502,2026-07-03T05:15:26,72305,79603,A,41.568428,2.5260491,50,True,2,2
2026-07-03T03:12:28Z,6081V26100C1,26100,C1,1,13401,13400,2026-07-03T05:14:18,13200,13405,E,43.308567,-2.9939837,60,False,2,2
2026-07-03T03:12:28Z,6081V26000C2,26000,C2,0,13505,13508,2026-07-03T05:16:25,13200,13506,A,43.319363,-3.0674317,60,False,1,1
2026-07-03T03:12:28Z,6081V26500C3,26500,C3,2,13113,13118,2026-07-03T05:15:47,13100,13200,E,43.236897,-2.889748,60,False,,2
2026-07-03T03:12:28Z,6081V26001C2,26001,C2,1,13205,13206,2026-07-03T05:13:53,13506,13200,E,43.256733,-2.9322033,60,False,,1
2026-07-03T03:12:28Z,6081V26101C1,26101,C1,0,13200,13205,2026-07-03T05:22:00,13405,13200,A,43.256733,-2.9322033,60,False,2,1
2026-07-03T03:12:28Z,6081V26501C3,26501,C3,1,13121,13102,2026-07-03T05:13:11,13200,13100,E,43.05786,-2.996093,60,False,,1
2026-07-03T03:12:28Z,6081V26502C3,26502,C3,0,13200,13120,2026-07-03T05:22:00,13100,13200,A,43.25035,-2.930641,60,False,3,2
2026-07-03T03:12:28Z,6181V32700C1,32700,C1,0,11600,11518,2026-07-03T05:16:00,11305,11600,8.0,43.338013,-1.8020144,61,False,,2
2026-07-03T03:12:28Z,6181V32769C1,32769,C1,8,11400,11402,2026-07-03T05:16:27,11600,11400,48.0,43.065323,-2.2942789,61,False,,1
2026-07-03T03:12:28Z,6281V71150C2,71150,C2,0,14223,05602,2026-07-03T05:18:00,05637,14223,A,43.452877,-3.8282192,62,True,2,2
2026-07-03T03:12:28Z,6281V71100C2,71100,C2,0,14223,05602,2026-07-03T05:25:00,05623,14223,A,43.452877,-3.8282192,62,True,8,2
2026-07-03T03:12:28Z,1081V21503C2,21503,C2,0,70200,70105,2026-07-03T05:43:00,17000,70200,E,40.644257,-3.1823237,10,False,1,1
2026-07-03T03:12:28Z,1081V20203C4a,20203,C4a,10,17000,17001,2026-07-03T05:23:00,19003,18000,A,40.501648,-3.6821797,10,True,4,1
2026-07-03T03:12:28Z,1081V20004C3,20004,C3,0,17000,18002,2026-07-03T05:33:00,60200,17000,E,40.471382,-3.6834786,10,True,2,8
2026-07-03T03:12:28Z,1081V21701C2,21701,C2,0,18000,18001,2026-07-03T05:32:00,17000,18000,E,40.40667,-3.689395,10,False,2,1
2026-07-03T03:12:28Z,1081V20202C4,20202,C4,0,18000,60100,2026-07-03T05:30:00,37012,18000,E,40.40654,-3.6895106,10,True,7,1
2026-07-03T03:12:28Z,1081V19513C5,19513,C5,0,35012,35002,2026-07-03T05:41:00,35607,35012,E,40.25559,-3.8284667,10,False,1,1
2026-07-03T03:12:28Z,1081V20003C3,20003,C3,0,60200,60105,2026-07-03T05:27:00,17000,60200,E,40.035027,-3.6189713,10,False,1,1
2026-07-03T03:12:28Z,1081V21700C7,21700,C7,2,17000,18002,2026-07-03T05:16:00,18000,17000,E,40.47113,-3.6828332,10,False,7,2
2026-07-03T03:12:28Z,1081V21601C2,21601,C2,0,70107,70103,2026-07-03T05:20:00,12006,70200,E,40.50538,-3.3352833,10,False,1,5
2026-07-03T03:12:28Z,1081V35973C2,35973,C2,0,70103,70102,2026-07-03T05:36:00,17000,70103,E,40.489193,-3.3662832,10,False,5,5
2026-07-03T03:12:28Z,1081V19503C5,19503,C5,0,35012,35002,2026-07-03T05:16:00,35607,35012,E,40.25559,-3.8284667,10,False,1,1
2026-07-03T03:12:28Z,1081V19508C5,19508,C5,0,35607,35606,2026-07-03T05:42:00,35012,35607,E,40.330883,-3.8823783,10,False,2,1
2026-07-03T03:12:28Z,1081V19506C5,19506,C5,0,35607,35606,2026-07-03T05:30:00,35012,35607,E,40.330883,-3.8823783,10,False,2,1
2026-07-03T03:12:28Z,1081V19509C5,19509,C5,0,35012,35002,2026-07-03T05:33:00,35607,35012,E,40.25559,-3.8284667,10,False,1,1
2026-07-03T03:12:28Z,1081V19505C5,19505,C5,0,35012,35002,2026-07-03T05:25:00,35607,35012,E,40.25559,-3.8284667,10,False,1,1
2026-07-03T03:12:28Z,1081V19504C5,19504,C5,0,35607,35606,2026-07-03T05:16:00,35012,35607,E,40.330883,-3.8823783,10,False,1,1
2026-07-03T03:12:28Z,1081V20005C3,20005,C3,0,60200,60105,2026-07-03T05:47:00,17000,60200,E,40.035027,-3.6189713,10,False,1,1
2026-07-03T03:12:28Z,1081V21303C10,21303,C10,0,10000,18005,2026-07-03T05:42:00,17000,10000,E,40.421413,-3.7190256,10,False,1,1
2026-07-03T03:12:28Z,1081V20405C4b,20405,C4b,0,18000,18101,2026-07-03T05:27:00,17005,18000,E,40.40654,-3.6895106,10,False,6,1
2026-07-03T03:12:28Z,1081V21501C2,21501,C2,11,70200,70105,2026-07-03T05:35:00,10203,70200,E,40.644257,-3.1823237,10,False,2,1
2026-07-03T03:12:28Z,1081V20403C4b,20403,C4b,6,17000,17001,2026-07-03T05:16:00,17005,17000,E,40.471325,-3.6833096,10,True,5,1
2026-07-03T03:12:28Z,1081V19502C5,19502,C5,1,35603,35602,2026-07-03T05:15:00,35012,35607,A,40.381268,-3.7802126,10,False,1,1
2026-07-03T03:12:28Z,1081V21100C10,21100,C10,0,10200,10104,2026-07-03T05:34:00,17000,10200,E,40.62599,-4.0081153,10,False,4,2
2026-07-03T03:12:28Z,1081V21506C2,21506,C2,0,17000,18002,2026-07-03T05:44:00,70200,17000,E,40.47097,-3.68245,10,False,9,2
2026-07-03T03:12:28Z,1081V21703C2,21703,C2,0,70112,70102,2026-07-03T05:15:00,10203,70103,A,40.454636,-3.4796963,10,False,1,1
2026-07-03T03:12:28Z,1081V21504C2,21504,C2,0,18002,18001,2026-07-03T05:36:00,70200,18002,E,40.44655,-3.691473,10,True,2,2
2026-07-03T03:12:28Z,1081V21603C2,21603,C2,10,70200,70105,2026-07-03T05:44:00,12006,70200,E,40.644257,-3.1823237,10,False,4,1
2026-07-03T03:12:28Z,1081V19799C1,19799,C1,0,18000,18001,2026-07-03T05:18:00,98305,18000,E,40.470993,-3.6825814,10,False,1,1
2026-07-03T03:12:28Z,1081V20002C3,20002,C3,0,17000,18002,2026-07-03T05:16:00,60200,17000,E,40.471382,-3.6834786,10,True,2,8
2026-07-03T03:12:28Z,1081V20209C4a,20209,C4a,0,37012,37011,2026-07-03T05:37:00,19003,37012,E,40.24143,-3.769159,10,False,1,1
2026-07-03T03:12:28Z,1081V20407C4b,20407,C4b,0,37012,37011,2026-07-03T05:26:00,17005,37012,E,40.24143,-3.769159,10,True,2,1
2026-07-03T03:12:28Z,1081V20205C4a,20205,C4a,4,37011,37002,2026-07-03T05:14:00,19003,37012,45.0,40.298183,-3.7362497,10,True,1,1
2026-07-03T03:12:28Z,1081V20402C4b,20402,C4b,0,17005,17004,2026-07-03T05:48:00,37012,17005,E,40.644844,-3.7762609,10,True,3,3
2026-07-03T03:12:28Z,1081V20204C4,20204,C4,0,17000,18002,2026-07-03T05:30:00,37012,17000,E,40.471325,-3.6833096,10,True,2,8
2026-07-03T03:17:08Z,3081V23500C1,23500,C1,1,51110,51200,2026-07-03T05:37:32,51203,51003,E,37.362885,-5.97583,30,False,,2
2026-07-03T03:17:08Z,3081V23501C1,23501,C1,0,51003,50703,2026-07-03T05:31:00,50600,51003,A,37.479904,-5.9399505,30,False,8,1
2026-07-03T03:17:08Z,4081V24101C2,24101,C2,0,64100,64006,2026-07-03T05:17:00,64006,64100,E,38.992313,-0.5246103,40,False,,
2026-07-03T03:17:08Z,4081V80015C3,80015,C3,0,66200,66201,2026-07-03T05:41:00,65002,66200,,39.570892,-1.2023381,40,False,2,1
2026-07-03T03:17:08Z,4081V84002C2,84002,C2,0,64003,64004,2026-07-03T05:23:00,65000,64003,,38.878082,-0.7535829,40,False,,
2026-07-03T03:17:08Z,4081V24000C2,24000,C2,0,64006,64100,2026-07-03T05:36:00,65000,64006,,38.96917,-0.5866923,40,False,,2
2026-07-03T03:17:08Z,5181V25702R1,25702,R1,3,79408,79407,2026-07-03T05:18:32,72305,79500,E,41.47896,2.3195477,50,True,2,2
2026-07-03T03:17:08Z,5181V77600R4,77600,R4,3,72301,72302,2026-07-03T05:18:07,78600,72209,72.0,41.37278,2.0569305,50,False,,2
2026-07-03T03:17:08Z,5181V77502R4,77502,R4,1,78805,71801,2026-07-03T05:21:50,71600,78700,E,41.387875,2.1697214,50,False,2,
2026-07-03T03:17:08Z,5181V77504R4,77504,R4,-1,78705,78706,2026-07-03T05:19:19,71600,78700,E,41.513508,2.1183457,50,False,,2
2026-07-03T03:17:08Z,5181V78288R2,78288,R2,2,71700,71701,2026-07-03T05:21:39,79200,71700,22.0,41.27745,1.9777229,50,True,,2
2026-07-03T03:17:08Z,5181V25400R2,25400,R2,2,71709,71707,2026-07-03T05:19:53,79104,71700,E,41.30931,2.0274873,50,True,,4
2026-07-03T03:17:08Z,5181V28400R2N,28400,R2N,2,79005,79004,2026-07-03T05:22:22,72400,79100,10.0,41.478924,2.1874464,50,True,2,2
2026-07-03T03:17:08Z,5181V28557R2N,28557,R2N,1,71801,71708,2026-07-03T05:19:43,72400,79400,55.0,41.36803,2.1231782,50,True,,1
2026-07-03T03:17:08Z,5181V77400R4,77400,R4,1,72203,72204,2026-07-03T05:22:39,78600,71600,A,41.344524,1.7035463,50,False,2,2
2026-07-03T03:17:08Z,5181V25602R1,25602,R1,0,79502,79501,2026-07-03T05:18:16,72305,79603,E,41.568428,2.5260491,50,True,,2
2026-07-03T03:17:08Z,6081V26500C3,26500,C3,1,13112,13111,2026-07-03T05:18:52,13100,13200,E,43.22361,-2.882291,60,False,,2
2026-07-03T03:17:08Z,6081V26502C3,26502,C3,0,13200,13120,2026-07-03T05:22:00,13100,13200,A,43.25035,-2.930641,60,False,3,2
2026-07-03T03:17:08Z,6081V26501C3,26501,C3,1,13103,13104,2026-07-03T05:19:36,13200,13100,E,43.0935,-2.9995618,60,False,,1
2026-07-03T03:17:08Z,6081V26100C1,26100,C1,1,13305,13304,2026-07-03T05:18:45,13200,13405,E,43.2878,-2.975288,60,False,2,2
2026-07-03T03:17:08Z,6081V26000C2,26000,C2,0,13508,13504,2026-07-03T05:18:25,13200,13506,E,43.319363,-3.0674317,60,False,,1
2026-07-03T03:17:08Z,6081V26503C3,26503,C3,0,13100,13116,2026-07-03T05:36:00,13200,13100,A,43.035866,-3.0039182,60,False,2,1
2026-07-03T03:17:08Z,6081V26101C1,26101,C1,0,13200,13205,2026-07-03T05:22:00,13405,13200,A,43.256733,-2.9322033,60,False,2,1
2026-07-03T03:17:08Z,6081V26600C3,26600,C3,0,13200,13120,2026-07-03T05:32:00,13106,13200,A,43.25035,-2.930641,60,False,4,2
2026-07-03T03:17:08Z,6081V71501C4,71501,C4,0,05485,05483,2026-07-03T05:32:00,05451,05485,A,43.196415,-3.1899889,60,False,1,1
2026-07-03T03:17:08Z,6081V26001C2,26001,C2,2,13208,13303,2026-07-03T05:17:36,13506,13200,41.0,43.26169,-2.948731,60,False,1,1
2026-07-03T03:17:08Z,6181V32769C1,32769,C1,7,11402,11404,2026-07-03T05:21:03,11600,11400,E,43.040184,-2.256515,61,False,,1
2026-07-03T03:17:08Z,6281V71102C2,71102,C2,0,14223,05602,2026-07-03T05:33:00,05623,14223,A,43.452877,-3.8282192,62,True,8AM,2
2026-07-03T03:17:08Z,6281V71100C2,71100,C2,0,14223,05602,2026-07-03T05:25:00,05623,14223,A,43.452877,-3.8282192,62,True,8,2
2026-07-03T03:17:08Z,6281V71150C2,71150,C2,1,14223,05602,2026-07-03T05:19:22,05637,14223,21.0,43.45701,-3.8147542,62,True,2,2
2026-07-03T03:17:08Z,4181V24700C1,24700,C1,0,61200,62001,2026-07-03T05:59:00,60911,61200,E,37.974686,-1.131078,41,False,2,4
2026-07-03T03:17:08Z,4181V24701C1,24701,C1,0,60911,62109,2026-07-03T05:54:00,61200,60911,E,38.34553,-0.49576503,41,False,1,1
2026-07-03T03:17:08Z,1081V21504C2,21504,C2,0,18002,18001,2026-07-03T05:36:00,70200,18002,E,40.44655,-3.691473,10,True,2,2
2026-07-03T03:17:08Z,1081V19504C5,19504,C5,2,35606,35610,2026-07-03T05:21:00,35012,35607,A,40.34195,-3.8423326,10,False,1,1
2026-07-03T03:17:08Z,1081V21603C2,21603,C2,15,70200,70105,2026-07-03T05:49:00,12006,70200,E,40.644257,-3.1823237,10,False,4,1
2026-07-03T03:17:08Z,1081V19503C5,19503,C5,1,35002,35010,2026-07-03T05:18:00,35607,35012,E,40.283237,-3.7991464,10,False,3,1
2026-07-03T03:17:08Z,1081V21503C2,21503,C2,0,70200,70105,2026-07-03T05:43:00,17000,70200,E,40.644257,-3.1823237,10,False,1,1
2026-07-03T03:17:08Z,1081V19506C5,19506,C5,0,35607,35606,2026-07-03T05:30:00,35012,35607,E,40.330883,-3.8823783,10,False,2,1
2026-07-03T03:17:08Z,1081V21701C2,21701,C2,0,18000,18001,2026-07-03T05:32:00,17000,18000,E,40.40667,-3.689395,10,False,2,1
2026-07-03T03:17:08Z,1081V19505C5,19505,C5,0,35012,35002,2026-07-03T05:25:00,35607,35012,E,40.25559,-3.8284667,10,False,1,1
2026-07-03T03:17:08Z,1081V20005C3,20005,C3,0,60200,60105,2026-07-03T05:47:00,17000,60200,E,40.035027,-3.6189713,10,False,1,1
2026-07-03T03:17:08Z,1081V21700C7,21700,C7,7,17000,18002,2026-07-03T05:21:00,18000,17000,E,40.47113,-3.6828332,10,False,7,2
2026-07-03T03:17:08Z,1081V20203C4a,20203,C4a,7,17000,17001,2026-07-03T05:20:00,19003,18000,A,40.501648,-3.6821797,10,True,6,1
2026-07-03T03:17:08Z,1081V21601C2,21601,C2,1,70103,70111,2026-07-03T05:23:00,12006,70200,E,40.489193,-3.3662832,10,False,5,1
2026-07-03T03:17:08Z,1081V20004C3,20004,C3,0,17000,18002,2026-07-03T05:33:00,60200,17000,E,40.471382,-3.6834786,10,True,2,8
2026-07-03T03:17:08Z,1081V35973C2,35973,C2,0,70103,70102,2026-07-03T05:36:00,17000,70103,E,40.489193,-3.3662832,10,False,5,5
2026-07-03T03:17:08Z,1081V20202C4,20202,C4,0,18000,60100,2026-07-03T05:30:00,37012,18000,E,40.40654,-3.6895106,10,True,7,1
2026-07-03T03:17:08Z,1081V19513C5,19513,C5,0,35012,35002,2026-07-03T05:41:00,35607,35012,E,40.25559,-3.8284667,10,False,1,1
2026-07-03T03:17:08Z,1081V20405C4b,20405,C4b,0,18000,18101,2026-07-03T05:27:00,17005,18000,E,40.40654,-3.6895106,10,False,6,1
2026-07-03T03:17:08Z,1081V19508C5,19508,C5,0,35607,35606,2026-07-03T05:42:00,35012,35607,E,40.330883,-3.8823783,10,False,2,1
2026-07-03T03:17:08Z,1081V20403C4b,20403,C4b,11,17000,17001,2026-07-03T05:21:00,17005,17000,E,40.471325,-3.6833096,10,True,5,1
2026-07-03T03:17:08Z,1081V19509C5,19509,C5,0,35012,35002,2026-07-03T05:33:00,35607,35012,E,40.25559,-3.8284667,10,False,1,1
2026-07-03T03:17:08Z,1081V21303C10,21303,C10,0,10000,18005,2026-07-03T05:42:00,17000,10000,E,40.421413,-3.7190256,10,False,1,1
2026-07-03T03:17:08Z,1081V21501C2,21501,C2,16,70200,70105,2026-07-03T05:40:00,10203,70200,E,40.644257,-3.1823237,10,False,2,1
2026-07-03T03:17:08Z,1081V20411C4b,20411,C4b,0,37012,37011,2026-07-03T05:50:00,17005,37012,E,40.24143,-3.769159,10,True,2,1
2026-07-03T03:17:08Z,1081V20212C4a,20212,C4a,0,19003,19002,2026-07-03T05:44:00,37012,19003,E,40.546417,-3.6351175,10,True,2,2
2026-07-03T03:17:08Z,1081V19502C5,19502,C5,0,35601,35600,2026-07-03T05:17:00,35012,35607,A,40.386257,-3.7610443,10,False,1,1
2026-07-03T03:17:08Z,1081V20205C4a,20205,C4a,4,37010,37001,2026-07-03T05:20:00,19003,37012,25.0,40.328987,-3.7245529,10,True,1,1
2026-07-03T03:17:08Z,1081V21100C10,21100,C10,0,10200,10104,2026-07-03T05:34:00,17000,10200,E,40.62599,-4.0081153,10,False,4,2
2026-07-03T03:17:08Z,1081V20402C4b,20402,C4b,0,17005,17004,2026-07-03T05:48:00,37012,17005,E,40.644844,-3.7762609,10,True,3,3
2026-07-03T03:17:08Z,1081V20204C4,20204,C4,0,17000,18002,2026-07-03T05:30:00,37012,17000,E,40.471325,-3.6833096,10,True,2,8
2026-07-03T03:17:08Z,1081V21000C8a,21000,C8a,0,10203,10202,2026-07-03T05:50:00,70200,10203,E,40.58532,-4.1321955,10,False,3,2
2026-07-03T03:17:08Z,1081V20003C3,20003,C3,0,60200,60105,2026-07-03T05:27:00,17000,60200,E,40.035027,-3.6189713,10,False,1,1
2026-07-03T03:17:08Z,1081V19799C1,19799,C1,0,18000,18001,2026-07-03T05:18:00,98305,18000,E,40.470993,-3.6825814,10,False,1,1
2026-07-03T03:17:08Z,1081V21506C2,21506,C2,0,17000,18002,2026-07-03T05:44:00,70200,17000,E,40.47097,-3.68245,10,False,9,2
2026-07-03T03:17:08Z,1081V20209C4a,20209,C4a,0,37012,37011,2026-07-03T05:37:00,19003,37012,E,40.24143,-3.769159,10,False,1,1
2026-07-03T03:17:08Z,1081V21703C2,21703,C2,2,70102,70101,2026-07-03T05:22:00,10203,70103,E,40.454636,-3.4796963,10,False,1,1
2026-07-03T03:17:08Z,1081V20207C4a,20207,C4a,0,18000,18101,2026-07-03T05:47:00,19003,18000,E,40.40654,-3.6895106,10,True,6,1
2026-07-03T03:22:27Z,3081V23501C1,23501,C1,2,51003,50703,2026-07-03T05:33:02,50600,51003,2.0,37.392567,-5.9749837,30,False,8,1
2026-07-03T03:22:27Z,4081V24101C2,24101,C2,6,64006,64006,2026-07-03T05:22:40,64006,64100,A,38.96917,-0.5866923,40,False,3,3
2026-07-03T03:22:27Z,4081V84002C2,84002,C2,0,64003,64004,2026-07-03T05:23:00,65000,64003,,38.878082,-0.7535829,40,False,,
2026-07-03T03:22:27Z,4081V24001C2,24001,C2,0,65000,64203,2026-07-03T05:43:00,64006,65000,,39.466305,-0.37739235,40,False,,1
2026-07-03T03:22:27Z,4081V24103C2,24103,C2,0,64100,64006,2026-07-03T05:42:00,64006,64100,,38.992313,-0.5246103,40,False,,
2026-07-03T03:22:27Z,4081V80015C3,80015,C3,0,66200,66201,2026-07-03T05:41:00,65002,66200,,39.570892,-1.2023381,40,False,2,1
2026-07-03T03:22:27Z,4081V24000C2,24000,C2,0,64006,64100,2026-07-03T05:36:00,65000,64006,,38.96917,-0.5866923,40,False,,2
2026-07-03T03:22:27Z,5181V77600R4,77600,R4,2,72305,71801,2026-07-03T05:29:14,78600,72209,E,41.36431,2.1008937,50,False,1,
2026-07-03T03:22:27Z,5181V77502R4,77502,R4,0,71801,72305,2026-07-03T05:29:06,71600,78700,E,41.379536,2.1411612,50,False,,4
2026-07-03T03:22:27Z,5181V77602R4,77602,R4,-2,72210,72211,2026-07-03T05:30:21,78600,72209,A,41.43529,2.0024726,50,False,,2
2026-07-03T03:22:27Z,5181V77504R4,77504,R4,1,78707,78708,2026-07-03T05:26:33,71600,78700,A,41.48388,2.1847994,50,False,2,2
2026-07-03T03:22:27Z,5181V25702R1,25702,R1,3,79406,79405,2026-07-03T05:24:15,72305,79500,5.0,41.468693,2.2867389,50,True,2,2
2026-07-03T03:22:27Z,5181V15000R15,15000,R15,0,71400,71401,2026-07-03T05:45:00,79400,71400,5.0,41.160637,1.1000068,50,False,,
2026-07-03T03:22:27Z,5181V28264R2S,28264,R2S,0,71601,71602,2026-07-03T05:26:10,79400,71600,A,41.19241,1.6064517,50,False,2,2
2026-07-03T03:22:27Z,5181V25400R2,25400,R2,4,71707,71708,2026-07-03T05:26:57,79104,71700,E,41.330997,2.0893226,50,True,4,2
2026-07-03T03:22:27Z,5181V78288R2,78288,R2,3,71701,71703,2026-07-03T05:31:41,79200,71700,A,41.27745,1.9777229,50,True,2,2
2026-07-03T03:22:27Z,5181V28400R2N,28400,R2N,3,79004,79009,2026-07-03T05:27:54,72400,79100,A,41.409042,2.1873875,50,True,2,1
2026-07-03T03:22:27Z,5181V77400R4,77400,R4,2,72204,72205,2026-07-03T05:29:07,78600,71600,A,41.370678,1.7253983,50,False,2,2
2026-07-03T03:22:27Z,5181V28557R2N,28557,R2N,2,71708,71707,2026-07-03T05:25:39,72400,79400,34.0,41.340946,2.114146,50,True,,
2026-07-03T03:22:27Z,5181V25602R1,25602,R1,1,79500,79412,2026-07-03T05:28:16,72305,79603,A,41.50672,2.4016483,50,True,2,2
2026-07-03T03:22:27Z,6081V26002C2,26002,C2,0,13506,13505,2026-07-03T05:35:00,13200,13506,A,43.315636,-3.0911126,60,False,3,1
2026-07-03T03:22:27Z,6081V26102C1,26102,C1,0,13405,13404,2026-07-03T05:38:00,13200,13405,A,43.3262,-3.023556,60,False,2,2
2026-07-03T03:22:27Z,6081V26003C2,26003,C2,0,13200,13205,2026-07-03T05:33:00,13506,13200,A,43.256733,-2.9322033,60,False,1,1
2026-07-03T03:22:27Z,6081V71501C4,71501,C4,0,05485,05483,2026-07-03T05:32:00,05451,05485,A,43.196415,-3.1899889,60,False,1,1
2026-07-03T03:22:27Z,6081V26101C1,26101,C1,2,13200,13205,2026-07-03T05:23:34,13405,13200,S,43.256733,-2.9322033,60,False,2,1
2026-07-03T03:22:27Z,6081V26001C2,26001,C2,1,13304,13305,2026-07-03T05:23:19,13506,13200,51.0,43.282043,-2.9761224,60,False,,1
2026-07-03T03:22:27Z,6081V26500C3,26500,C3,1,13110,13115,2026-07-03T05:26:04,13100,13200,A,43.176933,-2.909058,60,False,2,2
2026-07-03T03:22:27Z,6081V26501C3,26501,C3,2,13104,13106,2026-07-03T05:25:14,13200,13100,E,43.132793,-2.9697878,60,False,,1
2026-07-03T03:22:27Z,6081V26503C3,26503,C3,0,13100,13116,2026-07-03T05:36:00,13200,13100,A,43.035866,-3.0039182,60,False,2,1
2026-07-03T03:22:27Z,6081V26100C1,26100,C1,1,13303,13208,2026-07-03T05:23:25,13200,13405,46.0,43.263844,-2.952015,60,False,,2
2026-07-03T03:22:27Z,6081V26502C3,26502,C3,1,13200,13120,2026-07-03T05:23:13,13100,13200,56.0,43.2551,-2.9329724,60,False,,2
2026-07-03T03:22:27Z,6081V26600C3,26600,C3,0,13200,13120,2026-07-03T05:32:00,13106,13200,A,43.25035,-2.930641,60,False,4,2
2026-07-03T03:22:27Z,6181V32769C1,32769,C1,8,11404,11405,2026-07-03T05:24:32,11600,11400,27.0,43.046097,-2.2023056,61,False,,1
2026-07-03T03:22:27Z,6181V32770C1,32770,C1,0,11511,11510,2026-07-03T05:25:24,11400,11516,39.0,43.309265,-1.9766194,61,False,,2
2026-07-03T03:22:27Z,6181V32700C1,32700,C1,4,11518,11516,2026-07-03T05:33:01,11305,11600,17.0,43.325092,-1.8314714,61,False,,2
2026-07-03T03:22:27Z,6281V71102C2,71102,C2,0,14223,05602,2026-07-03T05:33:00,05623,14223,A,43.452877,-3.8282192,62,True,8AM,2
2026-07-03T03:22:27Z,6281V71100C2,71100,C2,0,14223,05602,2026-07-03T05:25:00,05623,14223,A,43.452877,-3.8282192,62,True,,2
2026-07-03T03:22:27Z,4181V24700C1,24700,C1,0,61200,62001,2026-07-03T05:59:00,60911,61200,E,37.974686,-1.131078,41,False,2,4
2026-07-03T03:22:27Z,4181V24701C1,24701,C1,0,60911,62109,2026-07-03T05:54:00,61200,60911,E,38.34553,-0.49576503,41,False,1,1
2026-07-03T03:22:27Z,1081V19510C5,19510,C5,0,35607,35606,2026-07-03T05:53:00,35012,35607,E,40.330883,-3.8823783,10,False,2,1
2026-07-03T03:22:27Z,1081V21603C2,21603,C2,0,70200,70105,2026-07-03T05:34:00,12006,70200,E,40.644257,-3.1823237,10,False,4,1
2026-07-03T03:22:27Z,1081V20004C3,20004,C3,0,17000,18002,2026-07-03T05:33:00,60200,17000,E,40.471382,-3.6834786,10,True,2,8
2026-07-03T03:22:27Z,1081V20202C4,20202,C4,0,18000,60100,2026-07-03T05:30:00,37012,18000,E,40.40654,-3.6895106,10,True,7,1
2026-07-03T03:22:27Z,1081V19799C1,19799,C1,6,18000,18001,2026-07-03T05:24:00,98305,18000,E,40.470993,-3.6825814,10,False,1,1
2026-07-03T03:22:27Z,1081V19513C5,19513,C5,0,35012,35002,2026-07-03T05:41:00,35607,35012,E,40.25559,-3.8284667,10,False,1,1
2026-07-03T03:22:27Z,1081V21800C7,21800,C7,0,17000,18002,2026-07-03T05:53:00,70103,17000,E,40.47113,-3.6828332,10,False,7,2
2026-07-03T03:22:27Z,1081V21503C2,21503,C2,0,70200,70105,2026-07-03T05:43:00,17000,70200,E,40.644257,-3.1823237,10,False,1,1
2026-07-03T03:22:27Z,1081V21701C2,21701,C2,0,18000,18001,2026-07-03T05:32:00,17000,18000,E,40.40667,-3.689395,10,False,2,1
2026-07-03T03:22:27Z,1081V21700C7,21700,C7,12,17000,18002,2026-07-03T05:26:00,18000,17000,E,40.47113,-3.6828332,10,False,7,2
2026-07-03T03:22:27Z,1081V21601C2,21601,C2,0,70111,70112,2026-07-03T05:26:00,12006,70200,E,40.480347,-3.39294,10,False,1,1
2026-07-03T03:22:27Z,1081V35973C2,35973,C2,0,70103,70102,2026-07-03T05:36:00,17000,70103,E,40.489193,-3.3662832,10,False,5,5
2026-07-03T03:22:27Z,1081V19508C5,19508,C5,0,35607,35606,2026-07-03T05:42:00,35012,35607,E,40.330883,-3.8823783,10,False,2,1
2026-07-03T03:22:27Z,1081V20003C3,20003,C3,4,60200,60105,2026-07-03T05:31:00,17000,60200,3.0,40.03893,-3.6198823,10,False,5,1
2026-07-03T03:22:27Z,1081V19509C5,19509,C5,0,35012,35002,2026-07-03T05:33:00,35607,35012,E,40.25559,-3.8284667,10,False,1,1
2026-07-03T03:22:27Z,1081V19800C1,19800,C1,0,17000,98003,2026-07-03T05:54:00,98305,17000,E,40.47102,-3.6825693,10,False,12,2
2026-07-03T03:22:27Z,1081V19503C5,19503,C5,0,35001,35009,2026-07-03T05:25:00,35607,35012,A,40.34086,-3.7482634,10,False,1,1
2026-07-03T03:22:27Z,1081V19506C5,19506,C5,0,35607,35606,2026-07-03T05:30:00,35012,35607,E,40.330883,-3.8823783,10,False,2,1
2026-07-03T03:22:27Z,1081V20005C3,20005,C3,0,60200,60105,2026-07-03T05:47:00,17000,60200,E,40.035027,-3.6189713,10,False,1,1
2026-07-03T03:22:27Z,1081V19504C5,19504,C5,0,35610,35605,2026-07-03T05:21:00,35012,35607,S,40.34195,-3.8423326,10,False,1,1
2026-07-03T03:22:27Z,1081V21303C10,21303,C10,0,10000,18005,2026-07-03T05:42:00,17000,10000,E,40.421413,-3.7190256,10,False,1,1
2026-07-03T03:22:27Z,1081V20203C4a,20203,C4a,13,17000,17001,2026-07-03T05:26:00,19003,18000,8.0,40.47378,-3.682301,10,True,6,1
2026-07-03T03:22:27Z,1081V20403C4b,20403,C4b,16,17000,17001,2026-07-03T05:26:00,17005,17000,E,40.471325,-3.6833096,10,True,5,1
2026-07-03T03:22:27Z,1081V20007C3,20007,C3,0,60200,60105,2026-07-03T05:59:00,17000,60200,E,40.035027,-3.6189713,10,True,1,1
2026-07-03T03:22:27Z,1081V21501C2,21501,C2,5,70200,70105,2026-07-03T05:29:00,10203,70200,16.0,40.63086,-3.1955404,10,False,2,1
2026-07-03T03:22:27Z,1081V20411C4b,20411,C4b,0,37012,37011,2026-07-03T05:50:00,17005,37012,E,40.24143,-3.769159,10,True,2,1
2026-07-03T03:22:27Z,1081V20212C4a,20212,C4a,0,19003,19002,2026-07-03T05:44:00,37012,19003,E,40.546417,-3.6351175,10,True,2,2
2026-07-03T03:22:27Z,1081V20205C4a,20205,C4a,2,60100,18000,2026-07-03T05:32:00,19003,37012,S,40.352676,-3.684073,10,True,2,6
2026-07-03T03:22:27Z,1081V19502C5,19502,C5,0,35608,35609,2026-07-03T05:25:00,35012,35607,A,40.405067,-3.7026901,10,False,1,1
2026-07-03T03:22:27Z,1081V20402C4b,20402,C4b,0,17005,17004,2026-07-03T05:48:00,37012,17005,E,40.644844,-3.7762609,10,True,3,3
2026-07-03T03:22:27Z,1081V20204C4,20204,C4,0,17000,18002,2026-07-03T05:30:00,37012,17000,E,40.471325,-3.6833096,10,True,2,8
2026-07-03T03:22:27Z,1081V21100C10,21100,C10,0,10200,10104,2026-07-03T05:34:00,17000,10200,E,40.62599,-4.0081153,10,False,4,2
2026-07-03T03:22:27Z,1081V19519C5,19519,C5,0,35012,35002,2026-07-03T05:56:00,35607,35012,E,40.25559,-3.8284667,10,False,1,1
2026-07-03T03:22:27Z,1081V20705C5,20705,C5,0,35002,35010,2026-07-03T05:50:00,35607,35002,E,40.283237,-3.7991464,10,False,1,1
2026-07-03T03:22:27Z,1081V21000C8a,21000,C8a,0,10203,10202,2026-07-03T05:50:00,70200,10203,E,40.58532,-4.1321955,10,False,3,2
2026-07-03T03:22:27Z,1081V20209C4a,20209,C4a,0,37012,37011,2026-07-03T05:37:00,19003,37012,E,40.24143,-3.769159,10,False,1,1
2026-07-03T03:22:27Z,1081V20208C4,20208,C4,0,17000,18002,2026-07-03T05:52:00,37012,17000,E,40.471325,-3.6833096,10,True,2,8
2026-07-03T03:22:27Z,1081V21506C2,21506,C2,0,17000,18002,2026-07-03T05:44:00,70200,17000,E,40.47097,-3.68245,10,False,9,2
2026-07-03T03:22:27Z,1081V20207C4a,20207,C4a,0,18000,18101,2026-07-03T05:47:00,19003,18000,E,40.40654,-3.6895106,10,True,6,1
2026-07-03T03:22:27Z,1081V20405C4b,20405,C4b,0,18000,18101,2026-07-03T05:27:00,17005,18000,E,40.40654,-3.6895106,10,False,6,1
2026-07-03T03:22:27Z,1081V21703C2,21703,C2,2,70101,70108,2026-07-03T05:26:00,10203,70103,8.0,40.44277,-3.5339844,10,False,1,1
2026-07-03T03:22:27Z,1081V21504C2,21504,C2,0,18002,18001,2026-07-03T05:36:00,70200,18002,E,40.44655,-3.691473,10,True,2,2
2026-07-03T03:27:04Z,3081V23501C1,23501,C1,2,51003,50703,2026-07-03T05:33:02,50600,51003,45.0,37.430935,-5.953526,30,False,,1
2026-07-03T03:27:04Z,3281V23303C1,23303,C1,1,54501,54503,2026-07-03T05:29:43,54516,54517,10.0,36.70121,-4.454409,32,False,1,1
2026-07-03T03:27:04Z,4081V24301C6,24301,C6,0,65300,65209,2026-07-03T05:44:00,65000,65300,,39.988213,-0.052072257,40,False,,1
2026-07-03T03:27:04Z,4081V24103C2,24103,C2,0,64100,64006,2026-07-03T05:42:00,64006,64100,,38.992313,-0.5246103,40,False,,
2026-07-03T03:27:04Z,4081V24001C2,24001,C2,0,65000,64203,2026-07-03T05:43:00,64006,65000,,39.466305,-0.37739235,40,False,,1
2026-07-03T03:27:04Z,4081V80015C3,80015,C3,0,66200,66201,2026-07-03T05:41:00,65002,66200,,39.570892,-1.2023381,40,False,2,1
2026-07-03T03:27:04Z,4081V24000C2,24000,C2,0,64006,64100,2026-07-03T05:36:00,65000,64006,A,38.992313,-0.5246103,40,False,3,2
2026-07-03T03:27:04Z,5181V28400R2N,28400,R2N,2,79009,71802,2026-07-03T05:33:19,72400,79100,A,41.392376,2.1651223,50,True,1,
2026-07-03T03:27:04Z,5181V77400R4,77400,R4,0,72205,72206,2026-07-03T05:32:10,78600,71600,A,41.39581,1.7681432,50,False,2,2
2026-07-03T03:27:04Z,5181V25702R1,25702,R1,3,79404,79403,2026-07-03T05:29:50,72305,79500,E,41.445705,2.2490852,50,True,2,2
2026-07-03T03:27:04Z,5181V77402R4,77402,R4,2,71600,72201,2026-07-03T05:33:34,78600,71600,6.0,41.186615,1.5275857,50,False,1,2
2026-07-03T03:27:04Z,5181V77600R4,77600,R4,1,71801,78805,2026-07-03T05:33:25,78600,72209,A,41.387875,2.1697214,50,False,,1
2026-07-03T03:27:04Z,5181V28264R2S,28264,R2S,1,71602,71603,2026-07-03T05:29:54,79400,71600,E,41.19241,1.6064517,50,False,2,2
2026-07-03T03:27:04Z,5181V77502R4,77502,R4,-1,72305,72303,2026-07-03T05:32:13,71600,78700,A,41.357582,2.070575,50,False,4,1
2026-07-03T03:27:04Z,5181V78288R2,78288,R2,3,71701,71703,2026-07-03T05:32:18,79200,71700,33.0,41.27745,1.9777229,50,True,,2
2026-07-03T03:27:04Z,5181V77602R4,77602,R4,-4,72211,72300,2026-07-03T05:30:32,78600,72209,A,41.40998,2.0208638,50,False,,2
2026-07-03T03:27:04Z,5181V30540R14,15040,R14,0,78400,73001,2026-07-03T05:47:00,79400,78400,,41.620464,0.6339146,50,False,,
2026-07-03T03:27:04Z,5181V78844R11,15770,R11,0,79309,79303,2026-07-03T06:00:00,71801,79309,,42.265114,2.968971,50,True,,
2026-07-03T03:27:04Z,5181V15000R15,15000,R15,0,71400,71401,2026-07-03T05:45:00,79400,71400,,41.160637,1.1000068,50,False,,
2026-07-03T03:27:04Z,5181V25400R2,25400,R2,4,71708,71801,2026-07-03T05:33:15,79104,71700,A,41.37951,2.1412168,50,True,2,
2026-07-03T03:27:04Z,5181V28556R2N,28556,R2N,0,72400,71707,2026-07-03T05:46:00,79400,72400,,41.30425,2.0733776,50,True,1,4
2026-07-03T03:27:04Z,5181V28557R2N,28557,R2N,3,71707,72400,2026-07-03T05:32:50,72400,79400,3.0,41.3306,2.0894625,50,True,3,1
2026-07-03T03:27:04Z,5181V25602R1,25602,R1,2,79412,79410,2026-07-03T05:30:39,72305,79603,A,41.500538,2.3899064,50,True,2,2
2026-07-03T03:27:04Z,5181V25604R1,25604,R1,1,79602,79601,2026-07-03T05:34:22,72305,79603,A,41.586533,2.5813315,50,True,1,
2026-07-03T03:27:04Z,6081V26000C2,26000,C2,2,13502,13501,2026-07-03T05:28:35,13200,13506,E,43.302948,-3.0169492,60,False,1,1
2026-07-03T03:27:04Z,6081V26002C2,26002,C2,0,13506,13505,2026-07-03T05:35:00,13200,13506,A,43.315636,-3.0911126,60,False,3,1
2026-07-03T03:27:04Z,6081V26101C1,26101,C1,1,13208,13303,2026-07-03T05:27:54,13405,13200,E,43.26169,-2.948731,60,False,1,1
2026-07-03T03:27:04Z,6081V26102C1,26102,C1,0,13405,13404,2026-07-03T05:38:00,13200,13405,A,43.3262,-3.023556,60,False,2,2
2026-07-03T03:27:04Z,6081V26003C2,26003,C2,0,13200,13205,2026-07-03T05:33:00,13506,13200,A,43.256733,-2.9322033,60,False,1,1
2026-07-03T03:27:04Z,6081V71501C4,71501,C4,0,05485,05483,2026-07-03T05:32:00,05451,05485,A,43.196415,-3.1899889,60,False,1,1
2026-07-03T03:27:04Z,6081V26001C2,26001,C2,1,13400,13501,2026-07-03T05:30:19,13506,13200,E,43.300213,-2.9843163,60,False,1,3
2026-07-03T03:27:04Z,6081V26100C1,26100,C1,0,13205,13200,2026-07-03T05:29:15,13200,13405,E,43.256733,-2.9322033,60,False,2,
2026-07-03T03:27:04Z,6081V26501C3,26501,C3,-1,13107,13117,2026-07-03T05:28:12,13200,13100,E,43.144993,-2.9434426,60,False,,1
2026-07-03T03:27:04Z,6081V26503C3,26503,C3,0,13100,13116,2026-07-03T05:36:00,13200,13100,A,43.035866,-3.0039182,60,False,2,1
2026-07-03T03:27:04Z,6081V26502C3,26502,C3,-1,13114,13113,2026-07-03T05:29:07,13100,13200,E,43.24241,-2.9163692,60,False,,2
2026-07-03T03:27:04Z,6081V26500C3,26500,C3,3,13110,13115,2026-07-03T05:27:33,13100,13200,46.0,43.17912,-2.9028738,60,False,2,2
2026-07-03T03:27:04Z,6081V26600C3,26600,C3,0,13200,13120,2026-07-03T05:32:00,13106,13200,A,43.25035,-2.930641,60,False,4,2
2026-07-03T03:27:04Z,6181V32769C1,32769,C1,7,11406,11407,2026-07-03T05:29:08,11600,11400,E,43.068367,-2.1625364,61,False,1,1
2026-07-03T03:27:04Z,6181V32770C1,32770,C1,-3,11509,11508,2026-07-03T05:30:05,11400,11516,E,43.299118,-1.9562813,61,False,,2
2026-07-03T03:27:04Z,6181V32700C1,32700,C1,-2,11516,11515,2026-07-03T05:30:05,11305,11600,A,43.31916,-1.9170784,61,False,,2
2026-07-03T03:27:04Z,6281V71100C2,71100,C2,1,05602,05605,2026-07-03T05:32:48,05623,14223,E,43.452877,-3.8282192,62,True,,1
2026-07-03T03:27:04Z,6281V71102C2,71102,C2,0,14223,05602,2026-07-03T05:33:00,05623,14223,A,43.452877,-3.8282192,62,True,8AM,2
2026-07-03T03:27:04Z,4181V24701C1,24701,C1,0,60911,62109,2026-07-03T05:54:00,61200,60911,E,38.34553,-0.49576503,41,False,1,1
2026-07-03T03:27:04Z,4181V24700C1,24700,C1,0,61200,62001,2026-07-03T05:59:00,60911,61200,E,37.974686,-1.131078,41,False,2,4
2026-07-03T03:27:04Z,1081V19519C5,19519,C5,0,35012,35002,2026-07-03T05:56:00,35607,35012,E,40.25559,-3.8284667,10,False,1,1
2026-07-03T03:27:04Z,1081V20413C4b,20413,C4b,0,37012,37011,2026-07-03T06:05:00,17005,37012,E,40.24143,-3.769159,10,True,2,1
2026-07-03T03:27:04Z,1081V21000C8a,21000,C8a,0,10203,10202,2026-07-03T05:50:00,70200,10203,E,40.58532,-4.1321955,10,False,3,2
2026-07-03T03:27:04Z,1081V19508C5,19508,C5,0,35607,35606,2026-07-03T05:42:00,35012,35607,E,40.330883,-3.8823783,10,False,2,1
2026-07-03T03:27:04Z,1081V21605C2,21605,C2,0,70200,70105,2026-07-03T06:03:00,12006,70200,E,40.644257,-3.1823237,10,False,1,1
2026-07-03T03:27:04Z,1081V19509C5,19509,C5,0,35012,35002,2026-07-03T05:33:00,35607,35012,E,40.25559,-3.8284667,10,False,1,1
2026-07-03T03:27:04Z,1081V19504C5,19504,C5,1,35603,35602,2026-07-03T05:30:00,35012,35607,A,40.381268,-3.7802126,10,False,1,1
2026-07-03T03:27:04Z,1081V19503C5,19503,C5,0,35009,37001,2026-07-03T05:28:00,35607,35012,E,40.34086,-3.7482634,10,False,1,4
2026-07-03T03:27:04Z,1081V19506C5,19506,C5,0,35607,35606,2026-07-03T05:30:00,35012,35607,E,40.330883,-3.8823783,10,False,2,1
2026-07-03T03:27:04Z,1081V19505C5,19505,C5,1,35012,35002,2026-07-03T05:26:00,35607,35012,E,40.25559,-3.8284667,10,False,1,1
2026-07-03T03:27:04Z,1081V19510C5,19510,C5,0,35607,35606,2026-07-03T05:53:00,35012,35607,E,40.330883,-3.8823783,10,False,2,1
2026-07-03T03:27:04Z,1081V19799C1,19799,C1,11,18000,18001,2026-07-03T05:29:00,98305,18000,E,40.470993,-3.6825814,10,False,1,1
2026-07-03T03:27:04Z,1081V19513C5,19513,C5,0,35012,35002,2026-07-03T05:41:00,35607,35012,E,40.25559,-3.8284667,10,False,1,1
2026-07-03T03:27:04Z,1081V20705C5,20705,C5,0,35002,35010,2026-07-03T05:50:00,35607,35002,E,40.283237,-3.7991464,10,False,1,1
2026-07-03T03:27:04Z,1081V21303C10,21303,C10,0,10000,18005,2026-07-03T05:42:00,17000,10000,E,40.421413,-3.7190256,10,False,1,1
2026-07-03T03:27:04Z,1081V21603C2,21603,C2,1,70200,70105,2026-07-03T05:35:00,12006,70200,0.0,40.644257,-3.1823237,10,False,4,1
2026-07-03T03:27:04Z,1081V21800C7,21800,C7,0,17000,18002,2026-07-03T05:53:00,70103,17000,E,40.47113,-3.6828332,10,False,7,2
2026-07-03T03:27:04Z,1081V21601C2,21601,C2,0,70112,70102,2026-07-03T05:29:00,12006,70200,E,40.464172,-3.4414766,10,True,1,1
2026-07-03T03:27:04Z,1081V35973C2,35973,C2,0,70103,70102,2026-07-03T05:36:00,17000,70103,E,40.489193,-3.3662832,10,False,5,5
2026-07-03T03:27:04Z,1081V21501C2,21501,C2,3,70105,70104,2026-07-03T05:31:00,10203,70200,0.0,40.56094,-3.2652874,10,False,1,1
2026-07-03T03:27:04Z,1081V19800C1,19800,C1,0,17000,98003,2026-07-03T05:54:00,98305,17000,E,40.47102,-3.6825693,10,False,12,2
2026-07-03T03:27:04Z,1081V20411C4b,20411,C4b,0,37012,37011,2026-07-03T05:50:00,17005,37012,E,40.24143,-3.769159,10,True,2,1
2026-07-03T03:27:04Z,1081V19803C1,19803,C1,0,98305,98304,2026-07-03T05:59:00,17000,98305,E,40.4924,-3.593483,10,False,2,1
2026-07-03T03:27:04Z,1081V20212C4a,20212,C4a,0,19003,19002,2026-07-03T05:44:00,37012,19003,E,40.546417,-3.6351175,10,True,2,2
2026-07-03T03:27:04Z,1081V20005C3,20005,C3,0,60200,60105,2026-07-03T05:47:00,17000,60200,E,40.035027,-3.6189713,10,False,1,1
2026-07-03T03:27:04Z,1081V19502C5,19502,C5,0,35609,18000,2026-07-03T05:29:00,35012,35607,E,40.405067,-3.7026901,10,False,1,10
2026-07-03T03:27:04Z,1081V21100C10,21100,C10,0,10200,10104,2026-07-03T05:34:00,17000,10200,E,40.62599,-4.0081153,10,False,4,2
2026-07-03T03:27:04Z,1081V21508C2,21508,C2,0,17000,18002,2026-07-03T06:00:00,70200,17000,E,40.47097,-3.68245,10,False,9,2
2026-07-03T03:27:04Z,1081V21506C2,21506,C2,0,17000,18002,2026-07-03T05:44:00,70200,17000,E,40.47097,-3.68245,10,False,9,2
2026-07-03T03:27:04Z,1081V20203C4a,20203,C4a,13,17001,17009,2026-07-03T05:31:00,19003,18000,20.0,40.511246,-3.6840262,10,True,1,1
2026-07-03T03:27:04Z,1081V20207C4a,20207,C4a,0,18000,18101,2026-07-03T05:47:00,19003,18000,E,40.40654,-3.6895106,10,True,6,1
2026-07-03T03:27:04Z,1081V21703C2,21703,C2,3,70108,70100,2026-07-03T05:31:00,10203,70103,0.0,40.423397,-3.561349,10,False,1,1
2026-07-03T03:27:04Z,1081V21504C2,21504,C2,0,18002,18001,2026-07-03T05:36:00,70200,18002,E,40.44655,-3.691473,10,True,2,2
2026-07-03T03:27:04Z,1081V21503C2,21503,C2,0,70200,70105,2026-07-03T05:43:00,17000,70200,E,40.644257,-3.1823237,10,False,1,1
2026-07-03T03:27:04Z,1081V21701C2,21701,C2,0,18000,18001,2026-07-03T05:32:00,17000,18000,E,40.40667,-3.689395,10,False,2,1
2026-07-03T03:27:04Z,1081V20004C3,20004,C3,0,17000,18002,2026-07-03T05:33:00,60200,17000,E,40.471382,-3.6834786,10,True,2,8
2026-07-03T03:27:04Z,1081V20405C4b,20405,C4b,1,18000,18101,2026-07-03T05:28:00,17005,18000,50.0,40.41166,-3.6976469,10,False,7,1
2026-07-03T03:27:04Z,1081V20007C3,20007,C3,0,60200,60105,2026-07-03T05:59:00,17000,60200,E,40.035027,-3.6189713,10,True,1,1
2026-07-03T03:27:04Z,1081V20403C4b,20403,C4b,21,17000,17001,2026-07-03T05:31:00,17005,17000,E,40.471325,-3.6833096,10,True,6,1
2026-07-03T03:27:04Z,1081V20006C3,20006,C3,0,17000,18002,2026-07-03T06:01:00,60200,17000,E,40.471382,-3.6834786,10,True,2,8
2026-07-03T03:27:04Z,1081V20202C4,20202,C4,4,18000,60100,2026-07-03T05:34:00,37012,18000,0.0,40.402462,-3.6847947,10,True,4,1
2026-07-03T03:27:04Z,1081V20003C3,20003,C3,0,60105,60104,2026-07-03T05:32:00,17000,60200,A,40.196156,-3.6648214,10,False,1,1
2026-07-03T03:27:04Z,1081V20402C4b,20402,C4b,0,17005,17004,2026-07-03T05:48:00,37012,17005,E,40.644844,-3.7762609,10,True,3,3
2026-07-03T03:27:04Z,1081V20409C4b,20409,C4b,0,18000,18101,2026-07-03T05:59:00,17005,18000,E,40.40654,-3.6895106,10,False,6,1
2026-07-03T03:27:04Z,1081V20209C4a,20209,C4a,0,37012,37011,2026-07-03T05:37:00,19003,37012,E,40.24143,-3.769159,10,False,1,1
2026-07-03T03:27:04Z,1081V20208C4,20208,C4,0,17000,18002,2026-07-03T05:52:00,37012,17000,E,40.471325,-3.6833096,10,True,2,8
2026-07-03T03:32:25Z,3081V23501C1,23501,C1,1,50703,50704,2026-07-03T05:34:52,50600,51003,E,37.479904,-5.9399505,30,False,1,1
2026-07-03T03:32:25Z,3081V23101C3,23101,C3,0,51003,50700,2026-07-03T06:08:00,40115,51003,A,37.59084,-5.7277255,30,False,,
2026-07-03T03:32:25Z,3281V23303C1,23303,C1,1,54505,54520,2026-07-03T05:36:02,54516,54517,E,36.677452,-4.490335,32,False,1,1
2026-07-03T03:32:25Z,4081V24301C6,24301,C6,0,65300,65209,2026-07-03T05:44:00,65000,65300,,39.988213,-0.052072257,40,False,,1
2026-07-03T03:32:25Z,4081V24001C2,24001,C2,0,65000,64203,2026-07-03T05:43:00,64006,65000,,39.466305,-0.37739235,40,False,,1
2026-07-03T03:32:25Z,4081V24103C2,24103,C2,0,64100,64006,2026-07-03T05:42:00,64006,64100,,38.992313,-0.5246103,40,False,,
2026-07-03T03:32:25Z,4081V80015C3,80015,C3,0,66200,66201,2026-07-03T05:41:00,65002,66200,,39.570892,-1.2023381,40,False,,1
2026-07-03T03:32:25Z,4081V24200C1,24200,C1,0,69110,69107,2026-07-03T05:51:00,65000,69110,A,39.02619,-0.21494265,40,False,1,
2026-07-03T03:32:25Z,4081V24000C2,24000,C2,1,64006,64100,2026-07-03T05:36:48,65000,64006,26.0,38.980938,-0.5738526,40,False,,2
2026-07-03T03:32:25Z,5181V78802R11,15720,R11,0,71801,71802,2026-07-03T05:50:00,79309,71801,,41.379505,2.1412053,50,True,,
2026-07-03T03:32:25Z,5181V18120R16,18120,R16,0,65400,65402,2026-07-03T05:55:00,79400,65400,,40.807198,0.5228472,50,True,,
2026-07-03T03:32:25Z,5181V78844R11,15770,R11,0,79309,79303,2026-07-03T06:00:00,71801,79309,,42.265114,2.968971,50,True,,
2026-07-03T03:32:25Z,5181V28264R2S,28264,R2S,3,71603,71604,2026-07-03T05:34:44,79400,71600,21.0,41.196507,1.6412646,50,False,,2
2026-07-03T03:32:25Z,5181V28402R2N,28402,R2N,2,79100,79007,2026-07-03T05:35:48,72400,79100,31.0,41.578262,2.2845714,50,True,,2
2026-07-03T03:32:25Z,5181V28263R2S,28263,R2S,1,79400,71802,2026-07-03T05:38:59,71700,79400,33.0,41.39409,2.1910489,50,True,,
2026-07-03T03:32:25Z,5181V30540R14,15040,R14,0,78400,73001,2026-07-03T05:47:00,79400,78400,,41.620464,0.6339146,50,False,,
2026-07-03T03:32:25Z,5181V15000R15,15000,R15,0,71400,71401,2026-07-03T05:45:00,79400,71400,,41.160637,1.1000068,50,False,,
2026-07-03T03:32:25Z,5181V25400R2,25400,R2,4,71801,71802,2026-07-03T05:38:29,79104,71700,A,41.392376,2.1651204,50,True,13,
2026-07-03T03:32:25Z,5181V25602R1,25602,R1,2,79410,79409,2026-07-03T05:34:06,72305,79603,E,41.500538,2.3899064,50,True,,2
2026-07-03T03:32:25Z,5181V25604R1,25604,R1,0,79601,79600,2026-07-03T05:36:16,72305,79603,A,41.577496,2.549442,50,True,1,2
2026-07-03T03:32:25Z,5181V28400R2N,28400,R2N,3,79009,71802,2026-07-03T05:33:46,72400,79100,72.0,41.39704,2.1713567,50,True,,
2026-07-03T03:32:25Z,5181V77400R4,77400,R4,1,72206,72207,2026-07-03T05:37:03,78600,71600,A,41.41933,1.7952268,50,False,2,2
2026-07-03T03:32:25Z,5181V25702R1,25702,R1,4,79403,79009,2026-07-03T05:40:01,72305,79500,15.0,41.420113,2.2232883,50,True,,3
2026-07-03T03:32:25Z,5181V78288R2,78288,R2,0,71704,71705,2026-07-03T05:36:51,79200,71700,A,41.27877,1.9793723,50,True,2,2
2026-07-03T03:32:25Z,5181V77504R4,77504,R4,1,78801,78802,2026-07-03T05:36:05,71600,78700,A,41.430275,2.1831505,50,False,2,2
2026-07-03T03:32:25Z,5181V77402R4,77402,R4,2,71600,72201,2026-07-03T05:33:34,78600,71600,82.0,41.213863,1.5354117,50,False,,2
2026-07-03T03:32:25Z,5181V77506R4,77506,R4,0,78710,78709,2026-07-03T05:36:34,71600,78700,A,41.561966,2.0962272,50,True,2,2
2026-07-03T03:32:25Z,5181V77600R4,77600,R4,2,78805,78804,2026-07-03T05:37:30,78600,72209,A,41.391907,2.1806386,50,False,1,1
2026-07-03T03:32:25Z,5181V77502R4,77502,R4,0,72303,72302,2026-07-03T05:35:32,71600,78700,A,41.36865,2.0602896,50,False,1,1
2026-07-03T03:32:25Z,5181V77702R4,77702,R4,0,78800,78801,2026-07-03T05:47:00,72209,78800,,41.470253,2.1794534,50,True,5,2
2026-07-03T03:32:25Z,6081V26102C1,26102,C1,0,13405,13404,2026-07-03T05:38:00,13200,13405,A,43.3262,-3.023556,60,False,2,2
2026-07-03T03:32:25Z,6081V26003C2,26003,C2,0,13200,13205,2026-07-03T05:33:00,13506,13200,A,43.256733,-2.9322033,60,False,,1
2026-07-03T03:32:25Z,6081V26002C2,26002,C2,0,13506,13505,2026-07-03T05:35:00,13200,13506,A,43.315636,-3.0911126,60,False,,1
2026-07-03T03:32:25Z,6081V26101C1,26101,C1,1,13304,13305,2026-07-03T05:33:34,13405,13200,40.0,43.280796,-2.9757602,60,False,,1
2026-07-03T03:32:25Z,6081V26500C3,26500,C3,1,13108,13117,2026-07-03T05:32:39,13100,13200,E,43.16316,-2.9277587,60,False,,2
2026-07-03T03:32:25Z,6081V71501C4,71501,C4,1,05485,05483,2026-07-03T05:32:49,05451,05485,77.0,43.194992,-3.1917229,60,False,,1
2026-07-03T03:32:25Z,6081V26103C1,26103,C1,0,13200,13205,2026-07-03T05:44:00,13405,13200,A,43.256733,-2.9322033,60,False,2,1
2026-07-03T03:32:25Z,6081V26001C2,26001,C2,3,13502,13503,2026-07-03T05:34:34,13506,13200,E,43.30382,-3.0147576,60,False,1,1
2026-07-03T03:32:25Z,6081V26000C2,26000,C2,2,13501,13400,2026-07-03T05:35:37,13200,13506,18.0,43.304512,-3.0051634,60,False,,2
2026-07-03T03:32:25Z,6081V26503C3,26503,C3,1,13100,13116,2026-07-03T05:37:07,13200,13100,5.0,42.99608,-3.0137181,60,False,2,1
2026-07-03T03:32:25Z,6081V26502C3,26502,C3,1,13113,13118,2026-07-03T05:34:31,13100,13200,E,43.236897,-2.889748,60,False,,2
2026-07-03T03:32:25Z,6081V26600C3,26600,C3,0,13120,13119,2026-07-03T05:35:19,13106,13200,E,43.25035,-2.930641,60,False,2,2
2026-07-03T03:32:25Z,6181V32770C1,32770,C1,0,11508,11507,2026-07-03T05:36:34,11400,11516,A,43.266514,-1.9726831,61,False,2,2
2026-07-03T03:32:25Z,6181V30600C1,16000,C1,0,11600,11518,2026-07-03T05:50:00,11200,11600,A,43.330643,-1.8169186,61,False,,1
2026-07-03T03:32:25Z,6181V32700C1,32700,C1,-1,11515,11514,2026-07-03T05:33:45,11305,11600,E,43.31916,-1.9170784,61,False,,2
2026-07-03T03:32:25Z,6181V32769C1,32769,C1,7,11408,11409,2026-07-03T05:32:31,11600,11400,E,43.093952,-2.1255136,61,False,,1
2026-07-03T03:32:25Z,6281V71152C2,71152,C2,0,14223,05602,2026-07-03T05:48:00,05637,14223,A,43.452877,-3.8282192,62,True,1AM,2
2026-07-03T03:32:25Z,6281V71102C2,71102,C2,0,14223,05602,2026-07-03T05:33:12,05623,14223,72.0,43.45434,-3.8234468,62,True,,2
2026-07-03T03:32:25Z,4781V71091C1,71091,C1,0,05761,05790,2026-07-03T05:47:00,05753,05761,A,42.786263,-5.12754,47,False,,
2026-07-03T03:32:25Z,2081V70753C6,70753,C6,0,05509,05513,2026-07-03T06:00:00,05513,05509,E,43.3823,-5.7026434,20,False,1,4
2026-07-03T03:32:25Z,2081V70750C6,70750,C6,0,05513,05509,2026-07-03T05:47:00,05501,05513,E,43.388065,-5.664932,20,False,3,2
2026-07-03T03:32:25Z,2081V22000C1,22000,C1,0,15211,15218,2026-07-03T05:57:00,15122,15211,E,43.36655,-5.854991,20,False,2,2
2026-07-03T03:32:25Z,2081V22200C2,22200,C2,0,15211,15218,2026-07-03T05:47:00,16011,15211,E,43.366478,-5.855087,20,False,2,2
2026-07-03T03:32:25Z,2081V70501C7,70501,C7,0,05311,05308,2026-07-03T05:51:00,05501,05311,E,43.34864,-5.9676714,20,False,1,1
2026-07-03T03:32:25Z,2081V80851C6,80851,C6,0,05509,05511,2026-07-03T05:47:00,05534,05509,E,43.3823,-5.7026434,20,False,1,1
2026-07-03T03:32:25Z,2081V70900C8,70900,C8,0,05373,05375,2026-07-03T05:43:00,05389,05373,E,43.21386,-5.784103,20,False,2,2
2026-07-03T03:32:25Z,2081V22103C1,22103,C1,0,15218,15211,2026-07-03T05:45:00,15410,15218,E,43.3588,-5.8573804,20,False,1,1
2026-07-03T03:32:25Z,2081V22303C3,22303,C3,0,15218,15211,2026-07-03T05:55:00,16405,15218,E,43.3588,-5.8573804,20,False,1,1
2026-07-03T03:32:25Z,2081V22101C1,22101,C1,0,15300,15301,2026-07-03T05:33:00,15410,15218,78.0,43.46038,-5.820628,20,False,3,1
2026-07-03T03:32:25Z,4181V84901C2,84901,C2,0,61200,06002,2026-07-03T06:35:00,06006,61200,E,37.97462,-1.1315287,41,False,1,2
2026-07-03T03:32:25Z,4181V24701C1,24701,C1,0,60911,62109,2026-07-03T05:54:00,61200,60911,E,38.34553,-0.49576503,41,False,1,1
2026-07-03T03:32:25Z,4181V24700C1,24700,C1,0,61200,62001,2026-07-03T05:59:00,60911,61200,E,37.974686,-1.131078,41,False,2,4
2026-07-03T03:32:25Z,1081V19525C5,19525,C5,0,35012,35002,2026-07-03T06:02:00,35607,35012,E,40.25559,-3.8284667,10,False,1,1
2026-07-03T03:32:25Z,1081V20413C4b,20413,C4b,0,37012,37011,2026-07-03T06:05:00,17005,37012,E,40.24143,-3.769159,10,True,2,1
2026-07-03T03:32:25Z,1081V19800C1,19800,C1,-1,17000,98003,2026-07-03T05:53:00,98305,17000,A,40.484917,-3.6630294,10,False,7,2
2026-07-03T03:32:25Z,1081V19803C1,19803,C1,0,98305,98304,2026-07-03T05:59:00,17000,98305,E,40.4924,-3.593483,10,False,2,1
2026-07-03T03:32:25Z,1081V19508C5,19508,C5,0,35607,35606,2026-07-03T05:42:00,35012,35607,E,40.330883,-3.8823783,10,False,2,1
2026-07-03T03:32:25Z,1081V20005C3,20005,C3,0,60200,60105,2026-07-03T05:47:00,17000,60200,E,40.035027,-3.6189713,10,False,1,1
2026-07-03T03:32:25Z,1081V20203C4a,20203,C4a,14,17009,19001,2026-07-03T05:35:00,19003,18000,A,40.55402,-3.6837044,10,True,1,1
2026-07-03T03:32:25Z,1081V21200C10,21200,C10,0,17000,18002,2026-07-03T06:06:00,10200,17000,E,40.470848,-3.682503,10,False,8,4
2026-07-03T03:32:25Z,1081V21001C8a,21001,C8a,0,17000,97201,2026-07-03T06:03:00,10203,17000,E,40.47113,-3.6828332,10,False,11,1
2026-07-03T03:32:25Z,1081V21000C8a,21000,C8a,0,10203,10202,2026-07-03T05:50:00,70200,10203,E,40.58532,-4.1321955,10,False,3,2
2026-07-03T03:32:25Z,1081V21605C2,21605,C2,0,70200,70105,2026-07-03T06:03:00,12006,70200,E,40.644257,-3.1823237,10,False,1,1
2026-07-03T03:32:25Z,1081V19509C5,19509,C5,0,35012,35002,2026-07-03T05:33:00,35607,35012,78.0,40.27763,-3.8059592,10,False,2,1
2026-07-03T03:32:25Z,1081V21603C2,21603,C2,6,70200,70105,2026-07-03T05:40:00,12006,70200,4.0,40.640896,-3.185618,10,False,4,1
2026-07-03T03:32:25Z,1081V21800C7,21800,C7,0,17000,18002,2026-07-03T05:53:00,70103,17000,E,40.47113,-3.6828332,10,False,7,2
2026-07-03T03:32:25Z,1081V19504C5,19504,C5,0,35602,35601,2026-07-03T05:31:00,35012,35607,S,40.381268,-3.7802126,10,False,1,1
2026-07-03T03:32:25Z,1081V19503C5,19503,C5,0,35704,35703,2026-07-03T05:33:00,35607,35012,A,40.367134,-3.7043796,10,False,1,1
2026-07-03T03:32:25Z,1081V19506C5,19506,C5,0,35610,35605,2026-07-03T05:35:00,35012,35607,A,40.3503,-3.8317595,10,False,1,1
2026-07-03T03:32:25Z,1081V19505C5,19505,C5,1,35002,35010,2026-07-03T05:27:00,35607,35012,E,40.283237,-3.7991464,10,False,3,1
2026-07-03T03:32:25Z,1081V19510C5,19510,C5,0,35607,35606,2026-07-03T05:53:00,35012,35607,E,40.330883,-3.8823783,10,False,2,1
2026-07-03T03:32:25Z,1081V19513C5,19513,C5,0,35012,35002,2026-07-03T05:41:00,35607,35012,E,40.25559,-3.8284667,10,False,1,1
2026-07-03T03:32:25Z,1081V19512C5,19512,C5,0,35607,35606,2026-07-03T06:01:00,35012,35607,E,40.330883,-3.8823783,10,False,2,1
2026-07-03T03:32:25Z,1081V20705C5,20705,C5,0,35002,35010,2026-07-03T05:50:00,35607,35002,E,40.283237,-3.7991464,10,False,1,1
2026-07-03T03:32:25Z,1081V19519C5,19519,C5,0,35012,35002,2026-07-03T05:56:00,35607,35012,E,40.25559,-3.8284667,10,False,1,1
2026-07-03T03:32:25Z,1081V21601C2,21601,C2,3,70102,70101,2026-07-03T05:37:00,12006,70200,7.0,40.453808,-3.4834974,10,True,1,1
2026-07-03T03:32:25Z,1081V21303C10,21303,C10,0,10000,18005,2026-07-03T05:42:00,17000,10000,E,40.421413,-3.7190256,10,False,1,1
2026-07-03T03:32:25Z,1081V20007C3,20007,C3,0,60200,60105,2026-07-03T05:59:00,17000,60200,E,40.035027,-3.6189713,10,True,1,1
2026-07-03T03:32:25Z,1081V21501C2,21501,C2,1,70107,70103,2026-07-03T05:40:00,10203,70200,E,40.50538,-3.3352833,10,False,1,5
2026-07-03T03:32:25Z,1081V20411C4b,20411,C4b,0,37012,37011,2026-07-03T05:50:00,17005,37012,E,40.24143,-3.769159,10,True,2,1
2026-07-03T03:32:25Z,1081V20212C4a,20212,C4a,0,19003,19002,2026-07-03T05:44:00,37012,19003,E,40.546417,-3.6351175,10,True,2,2
2026-07-03T03:32:25Z,1081V19502C5,19502,C5,0,18003,35702,2026-07-03T05:33:00,35012,35607,E,40.39592,-3.6779969,10,False,2,2
2026-07-03T03:32:25Z,1081V20211C4a,20211,C4a,0,37002,37010,2026-07-03T06:02:00,19003,37002,E,40.309868,-3.733689,10,True,1,1
2026-07-03T03:32:25Z,1081V20403C4b,20403,C4b,22,17001,17009,2026-07-03T05:37:00,17005,17000,7.0,40.504963,-3.6830616,10,True,1,1
2026-07-03T03:32:25Z,1081V20205C4a,20205,C4a,0,18101,18002,2026-07-03T05:37:00,19003,37012,E,40.417023,-3.7031636,10,True,1,6
2026-07-03T03:32:25Z,1081V20600C8b,20600,C8b,0,12006,12005,2026-07-03T06:03:00,70200,12006,E,40.737614,-4.0662985,10,False,2,1
2026-07-03T03:32:25Z,1081V20006C3,20006,C3,0,17000,18002,2026-07-03T06:01:00,60200,17000,E,40.471382,-3.6834786,10,True,2,8
2026-07-03T03:32:25Z,1081V20402C4b,20402,C4b,0,17005,17004,2026-07-03T05:48:00,37012,17005,E,40.644844,-3.7762609,10,True,3,3
2026-07-03T03:32:25Z,1081V21100C10,21100,C10,1,10200,10104,2026-07-03T05:35:00,17000,10200,12.0,40.62555,-4.0034814,10,False,4,2
2026-07-03T03:32:25Z,1081V21809C7,21809,C7,0,70103,70111,2026-07-03T06:04:00,10000,70103,E,40.4889,-3.3666708,10,False,5,1
2026-07-03T03:32:25Z,1081V21508C2,21508,C2,0,17000,18002,2026-07-03T06:00:00,70200,17000,E,40.47097,-3.68245,10,False,9,2
2026-07-03T03:32:25Z,1081V20202C4,20202,C4,2,60100,37001,2026-07-03T05:36:00,37012,18000,E,40.352676,-3.684073,10,True,1,2
2026-07-03T03:32:25Z,1081V20003C3,20003,C3,0,60104,60103,2026-07-03T05:37:00,17000,60200,A,40.242844,-3.7038615,10,False,1,1
2026-07-03T03:32:25Z,1081V21506C2,21506,C2,0,17000,18002,2026-07-03T05:44:00,70200,17000,E,40.47097,-3.68245,10,False,9,2
2026-07-03T03:32:25Z,1081V20409C4b,20409,C4b,0,18000,18101,2026-07-03T05:59:00,17005,18000,E,40.40654,-3.6895106,10,False,6,1
2026-07-03T03:32:25Z,1081V20407C4b,20407,C4b,12,37012,37011,2026-07-03T05:38:00,17005,37012,E,40.24143,-3.769159,10,False,1,1
2026-07-03T03:32:25Z,1081V21504C2,21504,C2,0,18002,18001,2026-07-03T05:36:00,70200,18002,E,40.44655,-3.691473,10,True,2,2
2026-07-03T03:32:25Z,1081V20208C4,20208,C4,0,17000,18002,2026-07-03T05:52:00,37012,17000,E,40.471325,-3.6833096,10,True,2,8
2026-07-03T03:32:25Z,1081V20207C4a,20207,C4a,0,18000,18101,2026-07-03T05:47:00,19003,18000,E,40.40654,-3.6895106,10,True,6,1
2026-07-03T03:32:25Z,1081V21701C2,21701,C2,2,18000,18001,2026-07-03T05:34:00,17000,18000,E,40.40667,-3.689395,10,False,2,1
2026-07-03T03:32:25Z,1081V20405C4b,20405,C4b,0,17000,17001,2026-07-03T05:43:00,17005,18000,A,40.501648,-3.6821797,10,False,4,1
2026-07-03T03:32:25Z,1081V21503C2,21503,C2,0,70200,70105,2026-07-03T05:43:00,17000,70200,E,40.644257,-3.1823237,10,False,1,1
2026-07-03T03:37:06Z,3081V23501C1,23501,C1,1,50704,50702,2026-07-03T05:41:52,50600,51003,E,37.486298,-5.932888,30,False,,1
2026-07-03T03:37:06Z,3081V23500C1,23500,C1,3,51200,51202,2026-07-03T05:55:17,51203,51003,A,37.018406,-5.9459043,30,False,2,2
2026-07-03T03:37:06Z,3081V23101C3,23101,C3,0,51003,50700,2026-07-03T06:08:00,40115,51003,A,37.59084,-5.7277255,30,False,,
2026-07-03T03:37:06Z,3281V23303C1,23303,C1,0,54520,54518,2026-07-03T05:37:15,54516,54517,E,36.656197,-4.4803596,32,False,,1
2026-07-03T03:37:06Z,4081V24200C1,24200,C1,0,69110,69107,2026-07-03T05:51:00,65000,69110,A,39.02619,-0.21494265,40,False,1,
2026-07-03T03:37:06Z,4081V24201C1,24201,C1,0,65000,64203,2026-07-03T05:59:00,69110,65000,A,39.42246,-0.39274746,40,False,5,1
2026-07-03T03:37:06Z,4081V24103C2,24103,C2,0,64100,64006,2026-07-03T05:42:00,64006,64100,,38.992313,-0.5246103,40,False,,
2026-07-03T03:37:06Z,4081V24301C6,24301,C6,0,65300,65209,2026-07-03T05:44:00,65000,65300,,39.988213,-0.052072257,40,False,,1
2026-07-03T03:37:06Z,4081V24380C6,24380,C6,0,65000,65002,2026-07-03T05:57:00,65312,65000,A,39.441483,-0.37143394,40,False,21,
2026-07-03T03:37:06Z,4081V24000C2,24000,C2,0,64100,64007,2026-07-03T05:42:21,65000,64006,E,38.992313,-0.5246103,40,False,2,2
2026-07-03T03:37:06Z,4081V24001C2,24001,C2,1,65000,64203,2026-07-03T05:43:47,64006,65000,15.0,39.459675,-0.37964287,40,False,,1
2026-07-03T03:37:06Z,4081V80015C3,80015,C3,0,66200,66201,2026-07-03T05:41:00,65002,66200,,39.570892,-1.2023381,40,False,,1
2026-07-03T03:37:06Z,5181V28402R2N,28402,R2N,1,79007,79006,2026-07-03T05:38:17,72400,79100,E,41.54973,2.2454193,50,True,,2
2026-07-03T03:37:06Z,5181V28264R2S,28264,R2S,3,71700,71701,2026-07-03T05:45:55,79400,71600,A,41.23921,1.8097008,50,False,,
2026-07-03T03:37:06Z,5181V78288R2,78288,R2,0,71705,71706,2026-07-03T05:41:06,79200,71700,A,41.30321,2.0106592,50,True,2,
2026-07-03T03:37:06Z,5181V28263R2S,28263,R2S,-2,71802,71801,2026-07-03T05:41:21,71700,79400,A,41.379513,2.1412146,50,True,,
2026-07-03T03:37:06Z,5181V28400R2N,28400,R2N,-2,71801,71708,2026-07-03T05:43:14,72400,79100,E,41.37954,2.1411655,50,True,,
2026-07-03T03:37:06Z,5181V77400R4,77400,R4,1,72207,72208,2026-07-03T05:43:49,78600,71600,E,41.41933,1.7952268,50,False,2,2
2026-07-03T03:37:06Z,5181V78802R11,15720,R11,0,71801,71802,2026-07-03T05:50:00,79309,71801,,41.379505,2.1412053,50,True,,
2026-07-03T03:37:06Z,5181V77504R4,77504,R4,1,78802,78806,2026-07-03T05:38:19,71600,78700,E,41.430275,2.1831505,50,False,2,2
2026-07-03T03:37:06Z,5181V78940R11,15250,R11,0,79309,79308,2026-07-03T05:54:00,79200,79309,,42.265114,2.968971,50,False,,
2026-07-03T03:37:06Z,5181V77506R4,77506,R4,-1,78709,78704,2026-07-03T05:39:15,71600,78700,E,41.561966,2.0962272,50,True,,2
2026-07-03T03:37:06Z,5181V18120R16,18120,R16,0,65400,65402,2026-07-03T05:55:00,79400,65400,,40.807198,0.5228472,50,True,,
2026-07-03T03:37:06Z,5181V77600R4,77600,R4,1,78804,78806,2026-07-03T05:41:42,78600,72209,E,41.391907,2.1806386,50,False,1,1
2026-07-03T03:37:06Z,5181V77502R4,77502,R4,-1,72302,72301,2026-07-03T05:38:55,71600,78700,A,41.38308,2.0479817,50,False,,1
2026-07-03T03:37:06Z,5181V78844R11,15770,R11,0,79309,79303,2026-07-03T06:00:00,71801,79309,,42.265114,2.968971,50,True,,
2026-07-03T03:37:06Z,5181V30540R14,15040,R14,0,78400,73001,2026-07-03T05:47:00,79400,78400,,41.620464,0.6339146,50,False,,
2026-07-03T03:37:06Z,5181V78846R11,15760,R11,0,79315,79312,2026-07-03T05:56:00,71801,79315,,42.424557,3.1579165,50,True,,
2026-07-03T03:37:06Z,5181V15000R15,15000,R15,0,71400,71401,2026-07-03T05:45:00,79400,71400,,41.160637,1.1000068,50,False,,
2026-07-03T03:37:06Z,5181V77602R4,77602,R4,1,72300,72301,2026-07-03T05:41:52,78600,72209,3.0,41.40998,2.0208638,50,False,2,2
2026-07-03T03:37:06Z,5181V77702R4,77702,R4,0,78800,78801,2026-07-03T05:47:00,72209,78800,,41.470253,2.1794534,50,True,5,2
2026-07-03T03:37:06Z,5181V25400R2,25400,R2,7,71801,71802,2026-07-03T05:40:48,79104,71700,5.0,41.37951,2.1412168,50,True,13,
2026-07-03T03:37:06Z,5181V25602R1,25602,R1,1,79408,79407,2026-07-03T05:39:21,72305,79603,A,41.47691,2.310406,50,True,2,2
2026-07-03T03:37:06Z,5181V25604R1,25604,R1,1,79600,79502,2026-07-03T05:40:06,72305,79603,A,41.568428,2.5260491,50,True,2,2
2026-07-03T03:37:06Z,5181V25702R1,25702,R1,1,79009,78804,2026-07-03T05:42:09,72305,79500,A,41.391903,2.1806395,50,True,3,2
2026-07-03T03:37:06Z,6081V26503C3,26503,C3,0,13116,13101,2026-07-03T05:37:56,13200,13100,E,43.035866,-3.0039182,60,False,,1
2026-07-03T03:37:06Z,6081V26001C2,26001,C2,3,13503,13507,2026-07-03T05:36:45,13506,13200,S,43.301556,-3.0287716,60,False,,1
2026-07-03T03:37:06Z,6081V26000C2,26000,C2,0,13305,13304,2026-07-03T05:39:24,13200,13506,A,43.27778,-2.972136,60,False,2,2
2026-07-03T03:37:06Z,6081V26502C3,26502,C3,0,13111,13110,2026-07-03T05:43:39,13100,13200,A,43.17912,-2.9028738,60,False,2,2
2026-07-03T03:37:06Z,6081V26600C3,26600,C3,-1,13114,13113,2026-07-03T05:38:55,13106,13200,E,43.24241,-2.9163692,60,False,,2
2026-07-03T03:37:06Z,6081V26501C3,26501,C3,-1,13110,13111,2026-07-03T05:42:33,13200,13100,A,43.210075,-2.888758,60,False,,1
2026-07-03T03:37:06Z,6081V26002C2,26002,C2,1,13505,13508,2026-07-03T05:39:19,13200,13506,23.0,43.318485,-3.086137,60,False,1,1
2026-07-03T03:37:06Z,6081V26101C1,26101,C1,1,13400,13401,2026-07-03T05:38:30,13405,13200,E,43.300285,-2.9842513,60,False,1,1
2026-07-03T03:37:06Z,6081V26504C3,26504,C3,0,13200,13120,2026-07-03T05:52:00,13100,13200,E,43.300285,-2.9842513,60,False,5,2
2026-07-03T03:37:06Z,6081V26102C1,26102,C1,0,13405,13404,2026-07-03T05:38:00,13200,13405,A,43.3262,-3.023556,60,False,2,2
2026-07-03T03:37:06Z,6081V71501C4,71501,C4,0,05481,05479,2026-07-03T05:39:34,05451,05485,E,43.20345,-3.1704924,60,False,,1
2026-07-03T03:37:06Z,6081V26500C3,26500,C3,1,13107,13106,2026-07-03T05:37:58,13100,13200,E,43.144993,-2.9434426,60,False,,2
2026-07-03T03:37:06Z,6081V26103C1,26103,C1,0,13200,13205,2026-07-03T05:44:00,13405,13200,A,43.256733,-2.9322033,60,False,2,1
2026-07-03T03:37:06Z,6081V26003C2,26003,C2,1,13206,13207,2026-07-03T05:36:32,13506,13200,S,43.254475,-2.94373,60,False,,1
2026-07-03T03:37:06Z,6181V32770C1,32770,C1,1,11508,11507,2026-07-03T05:37:32,11400,11516,E,43.27241,-1.9637448,61,False,,2
2026-07-03T03:37:06Z,6181V30600C1,16000,C1,0,11600,11518,2026-07-03T05:50:00,11200,11600,A,43.330643,-1.8169186,61,False,,1
2026-07-03T03:37:06Z,6181V32769C1,32769,C1,7,11409,11500,2026-07-03T05:41:47,11600,11400,E,43.10187,-2.0972357,61,False,,1
2026-07-03T03:37:06Z,6181V32700C1,32700,C1,0,11514,11522,2026-07-03T05:37:35,11305,11600,E,43.31945,-1.9370648,61,False,,2
2026-07-03T03:37:06Z,6281V71351C3,71351,C3,0,14223,05602,2026-07-03T05:53:00,05657,14223,A,43.452858,-3.828213,62,True,9,7
2026-07-03T03:37:06Z,6281V71152C2,71152,C2,0,14223,05602,2026-07-03T05:48:00,05637,14223,A,43.452877,-3.8282192,62,True,1AM,2
2026-07-03T03:37:06Z,4781V71091C1,71091,C1,0,05761,05790,2026-07-03T05:47:00,05753,05761,A,42.786263,-5.12754,47,False,,
2026-07-03T03:37:06Z,4781V71080C1,71080,C1,0,05761,05762,2026-07-03T06:02:00,05803,05761,A,42.809772,-5.1800675,47,False,1,
2026-07-03T03:37:06Z,2081V70753C6,70753,C6,0,05509,05513,2026-07-03T06:00:00,05513,05509,E,43.3823,-5.7026434,20,False,1,4
2026-07-03T03:37:06Z,2081V22200C2,22200,C2,0,15211,15218,2026-07-03T05:47:00,16011,15211,E,43.366478,-5.855087,20,False,2,2
2026-07-03T03:37:06Z,2081V70750C6,70750,C6,0,05513,05509,2026-07-03T05:47:00,05501,05513,E,43.388065,-5.664932,20,False,3,2
2026-07-03T03:37:06Z,2081V70752C6,70752,C6,0,05513,05509,2026-07-03T06:15:00,05501,05513,E,43.388065,-5.664932,20,False,3,2
2026-07-03T03:37:06Z,2081V22101C1,22101,C1,0,15301,15302,2026-07-03T05:38:00,15410,15218,E,43.461365,-5.826372,20,False,1,1
2026-07-03T03:37:06Z,2081V70400C5,70400,C5,0,05437,05436,2026-07-03T05:38:00,05201,05443,E,43.27609,-5.604815,20,False,1,1
2026-07-03T03:37:06Z,2081V70501C7,70501,C7,0,05311,05308,2026-07-03T05:51:00,05501,05311,E,43.34864,-5.9676714,20,False,1,1
2026-07-03T03:37:06Z,2081V80851C6,80851,C6,0,05509,05511,2026-07-03T05:47:00,05534,05509,E,43.3823,-5.7026434,20,False,1,1
2026-07-03T03:37:06Z,2081V22000C1,22000,C1,0,15211,15218,2026-07-03T05:57:00,15122,15211,E,43.36655,-5.854991,20,False,2,2
2026-07-03T03:37:06Z,2081V70900C8,70900,C8,0,05373,05375,2026-07-03T05:43:00,05389,05373,E,43.21386,-5.784103,20,False,2,2
2026-07-03T03:37:06Z,2081V22103C1,22103,C1,0,15218,15211,2026-07-03T05:45:00,15410,15218,E,43.3588,-5.8573804,20,False,1,1
2026-07-03T03:37:06Z,2081V22303C3,22303,C3,0,15218,15211,2026-07-03T05:55:00,16405,15218,E,43.3588,-5.8573804,20,False,1,1
2026-07-03T03:37:06Z,4181V84900C2,84900,C2,0,06006,06005,2026-07-03T06:14:00,61200,06006,E,37.672035,-1.6961039,41,False,1,1
2026-07-03T03:37:06Z,4181V84901C2,84901,C2,0,61200,06002,2026-07-03T06:35:00,06006,61200,E,37.97462,-1.1315287,41,False,1,2
2026-07-03T03:37:06Z,4181V24700C1,24700,C1,0,61200,62001,2026-07-03T05:59:00,60911,61200,E,37.974686,-1.131078,41,False,2,4
2026-07-03T03:37:06Z,4181V24701C1,24701,C1,0,60911,62109,2026-07-03T05:54:00,61200,60911,E,38.34553,-0.49576503,41,False,1,1
2026-07-03T03:37:06Z,1081V21605C2,21605,C2,0,70200,70105,2026-07-03T06:03:00,12006,70200,E,40.644257,-3.1823237,10,False,1,1
2026-07-03T03:37:06Z,1081V19504C5,19504,C5,0,35608,35609,2026-07-03T05:40:00,35012,35607,A,40.405067,-3.7026901,10,False,1,1
2026-07-03T03:37:06Z,1081V19503C5,19503,C5,0,35703,35702,2026-07-03T05:35:00,35607,35012,S,40.367134,-3.7043796,10,False,1,1
2026-07-03T03:37:06Z,1081V21603C2,21603,C2,3,70105,70104,2026-07-03T05:41:00,12006,70200,S,40.367134,-3.7043796,10,False,1,1
2026-07-03T03:37:06Z,1081V21800C7,21800,C7,0,17000,18002,2026-07-03T05:53:00,70103,17000,E,40.47113,-3.6828332,10,False,7,2
2026-07-03T03:37:06Z,1081V19506C5,19506,C5,0,35610,35605,2026-07-03T05:35:00,35012,35607,S,40.34195,-3.8423326,10,False,1,1
2026-07-03T03:37:06Z,1081V21601C2,21601,C2,3,70101,70108,2026-07-03T05:41:00,12006,70200,0.0,40.44277,-3.5339844,10,False,1,1
2026-07-03T03:37:06Z,1081V35975C2,35975,C2,0,70200,70105,2026-07-03T06:11:00,17000,70200,E,40.644257,-3.1823237,10,False,1,1
2026-07-03T03:37:06Z,1081V35973C2,35973,C2,0,70102,70101,2026-07-03T05:42:00,17000,70103,E,40.454636,-3.4796963,10,False,5,3
2026-07-03T03:37:06Z,1081V19529C5,19529,C5,0,35012,35002,2026-07-03T06:08:00,35607,35012,E,40.25559,-3.8284667,10,False,1,1
2026-07-03T03:37:06Z,1081V19505C5,19505,C5,0,35001,35009,2026-07-03T05:34:00,35607,35012,A,40.34086,-3.7482634,10,False,0,1
2026-07-03T03:37:06Z,1081V19525C5,19525,C5,0,35012,35002,2026-07-03T06:02:00,35607,35012,E,40.25559,-3.8284667,10,False,1,1
2026-07-03T03:37:06Z,1081V19510C5,19510,C5,0,35607,35606,2026-07-03T05:53:00,35012,35607,E,40.330883,-3.8823783,10,False,2,1
2026-07-03T03:37:06Z,1081V19800C1,19800,C1,3,17000,98003,2026-07-03T05:57:00,98305,17000,A,40.484917,-3.6630294,10,False,7,2
2026-07-03T03:37:06Z,1081V19803C1,19803,C1,0,98305,98304,2026-07-03T05:59:00,17000,98305,E,40.4924,-3.593483,10,False,2,1
2026-07-03T03:37:06Z,1081V21510C2,21510,C2,0,17000,18002,2026-07-03T06:09:00,70200,17000,E,40.47097,-3.68245,10,False,9,2
2026-07-03T03:37:06Z,1081V20005C3,20005,C3,0,60200,60105,2026-07-03T05:47:00,17000,60200,E,40.035027,-3.6189713,10,False,1,1
2026-07-03T03:37:06Z,1081V19513C5,19513,C5,1,35012,35002,2026-07-03T05:42:00,35607,35012,E,40.25559,-3.8284667,10,False,1,1
2026-07-03T03:37:06Z,1081V19512C5,19512,C5,0,35607,35606,2026-07-03T06:01:00,35012,35607,E,40.330883,-3.8823783,10,False,2,1
2026-07-03T03:37:06Z,1081V20203C4a,20203,C4a,12,19002,19003,2026-07-03T05:39:00,19003,18000,A,40.546417,-3.6351175,10,True,1,2
2026-07-03T03:37:06Z,1081V20202C4,20202,C4,0,37010,37002,2026-07-03T05:40:00,37012,18000,A,40.309868,-3.733689,10,True,2,2
2026-07-03T03:37:06Z,1081V20003C3,20003,C3,0,60103,60102,2026-07-03T05:42:00,17000,60200,A,40.305756,-3.707588,10,True,1,1
2026-07-03T03:37:06Z,1081V20705C5,20705,C5,0,35002,35010,2026-07-03T05:50:00,35607,35002,E,40.283237,-3.7991464,10,False,1,1
2026-07-03T03:37:06Z,1081V20704C5,20704,C5,0,35607,35606,2026-07-03T06:07:00,35002,35607,E,40.330883,-3.8823783,10,False,2,1
2026-07-03T03:37:06Z,1081V19519C5,19519,C5,0,35012,35002,2026-07-03T05:56:00,35607,35012,E,40.25559,-3.8284667,10,False,1,1
2026-07-03T03:37:06Z,1081V21200C10,21200,C10,0,17000,18002,2026-07-03T06:06:00,10200,17000,E,40.470848,-3.682503,10,False,8,4
2026-07-03T03:37:06Z,1081V21001C8a,21001,C8a,0,17000,97201,2026-07-03T06:03:00,10203,17000,E,40.47113,-3.6828332,10,False,11,1
2026-07-03T03:37:06Z,1081V21000C8a,21000,C8a,0,10203,10202,2026-07-03T05:50:00,70200,10203,E,40.58532,-4.1321955,10,False,3,2
2026-07-03T03:37:06Z,1081V21303C10,21303,C10,0,10000,18005,2026-07-03T05:42:00,17000,10000,E,40.421413,-3.7190256,10,False,1,1
2026-07-03T03:37:06Z,1081V20002C3,20002,C3,24,17000,18002,2026-07-03T05:40:00,60200,17000,25.0,40.464596,-3.6842506,10,True,3,8
2026-07-03T03:37:06Z,1081V21501C2,21501,C2,2,70103,70111,2026-07-03T05:43:00,10203,70200,E,40.489193,-3.3662832,10,False,0,1
2026-07-03T03:37:06Z,1081V20409C4b,20409,C4b,0,18000,18101,2026-07-03T05:59:00,17005,18000,E,40.40654,-3.6895106,10,False,6,1
2026-07-03T03:37:06Z,1081V20411C4b,20411,C4b,0,37012,37011,2026-07-03T05:50:00,17005,37012,E,40.24143,-3.769159,10,True,2,1
2026-07-03T03:37:06Z,1081V20212C4a,20212,C4a,0,19003,19002,2026-07-03T05:44:00,37012,19003,E,40.546417,-3.6351175,10,True,2,2
2026-07-03T03:37:06Z,1081V19502C5,19502,C5,0,35703,35704,2026-07-03T05:37:00,35012,35607,A,40.35043,-3.705141,10,False,2,2
2026-07-03T03:37:06Z,1081V20211C4a,20211,C4a,0,37002,37010,2026-07-03T06:02:00,19003,37002,E,40.309868,-3.733689,10,True,1,1
2026-07-03T03:37:06Z,1081V21100C10,21100,C10,2,10104,10103,2026-07-03T05:41:00,17000,10200,E,40.60039,-3.98222,10,False,2,2
2026-07-03T03:37:06Z,1081V21508C2,21508,C2,0,17000,18002,2026-07-03T06:00:00,70200,17000,E,40.47097,-3.68245,10,False,9,2
2026-07-03T03:37:06Z,1081V21506C2,21506,C2,0,17000,18002,2026-07-03T05:44:00,70200,17000,E,40.47097,-3.68245,10,False,9,2
2026-07-03T03:37:06Z,1081V20407C4b,20407,C4b,16,37012,37011,2026-07-03T05:42:00,17005,37012,17.0,40.248974,-3.7607973,10,False,1,1
2026-07-03T03:37:06Z,1081V21701C2,21701,C2,7,18000,18001,2026-07-03T05:39:00,17000,18000,E,40.40667,-3.689395,10,False,2,1
2026-07-03T03:37:06Z,1081V20406C4b,20406,C4b,0,17005,17004,2026-07-03T06:11:00,37012,17005,E,40.644844,-3.7762609,10,False,3,3
2026-07-03T03:37:06Z,1081V20216C4a,20216,C4a,0,19003,19002,2026-07-03T06:07:00,37012,19003,E,40.546417,-3.6351175,10,True,2,2
2026-07-03T03:37:06Z,1081V20208C4,20208,C4,0,17000,18002,2026-07-03T05:52:00,37012,17000,E,40.471325,-3.6833096,10,True,2,8
2026-07-03T03:37:06Z,1081V20009C3,20009,C3,0,60200,60105,2026-07-03T06:15:00,17000,60200,E,40.035027,-3.6189713,10,False,1,1
2026-07-03T03:37:06Z,1081V20413C4b,20413,C4b,0,37012,37011,2026-07-03T06:05:00,17005,37012,E,40.24143,-3.769159,10,True,2,1
2026-07-03T03:37:06Z,1081V20207C4a,20207,C4a,0,18000,18101,2026-07-03T05:47:00,19003,18000,E,40.40654,-3.6895106,10,True,6,1
2026-07-03T03:37:06Z,1081V20405C4b,20405,C4b,0,17000,17001,2026-07-03T05:43:00,17005,18000,A,40.501648,-3.6821797,10,False,6,1
2026-07-03T03:37:06Z,1081V20206C4,20206,C4,0,37001,37010,2026-07-03T06:08:00,37012,37001,E,40.34132,-3.7123663,10,False,0,2
2026-07-03T03:37:06Z,1081V20007C3,20007,C3,0,60200,60105,2026-07-03T05:59:00,17000,60200,E,40.035027,-3.6189713,10,True,1,1
2026-07-03T03:37:06Z,1081V21700C7,21700,C7,27,17000,18002,2026-07-03T05:41:00,18000,17000,0.0,40.47113,-3.6828332,10,True,10,2
2026-07-03T03:37:06Z,1081V20403C4b,20403,C4b,22,17009,17003,2026-07-03T05:40:00,17005,17000,1.0,40.543926,-3.700455,10,True,1,1
2026-07-03T03:37:06Z,1081V19508C5,19508,C5,2,35607,35606,2026-07-03T05:44:00,35012,35607,E,40.330883,-3.8823783,10,False,2,1
2026-07-03T03:37:06Z,1081V20205C4a,20205,C4a,1,17000,17001,2026-07-03T05:49:00,19003,37012,A,40.501648,-3.6821797,10,True,4,1
2026-07-03T03:37:06Z,1081V20204C4,20204,C4,11,17000,18002,2026-07-03T05:41:00,37012,17000,E,40.471325,-3.6833096,10,True,2,8
2026-07-03T03:37:06Z,1081V19509C5,19509,C5,0,35010,35011,2026-07-03T05:36:00,35607,35012,A,40.312492,-3.78335,10,False,1,1
2026-07-03T03:37:06Z,1081V20600C8b,20600,C8b,0,12006,12005,2026-07-03T06:03:00,70200,12006,E,40.737614,-4.0662985,10,False,2,1
2026-07-03T03:37:06Z,1081V20006C3,20006,C3,0,17000,18002,2026-07-03T06:01:00,60200,17000,E,40.471382,-3.6834786,10,True,2,8
2026-07-03T03:37:06Z,1081V20402C4b,20402,C4b,0,17005,17004,2026-07-03T05:48:00,37012,17005,E,40.644844,-3.7762609,10,True,3,3
2026-07-03T03:37:06Z,1081V21809C7,21809,C7,0,70103,70111,2026-07-03T06:04:00,10000,70103,E,40.4889,-3.3666708,10,False,5,1
2026-07-03T03:42:12Z,3081V23501C1,23501,C1,1,50702,50701,2026-07-03T05:48:16,50600,51003,A,37.574757,-5.8031654,30,False,1,1
2026-07-03T03:42:12Z,3081V23101C3,23101,C3,0,51003,50700,2026-07-03T06:08:00,40115,51003,A,37.59084,-5.7277255,30,False,,
2026-07-03T03:42:12Z,3081V23601C4,23601,C4,0,51003,51009,2026-07-03T06:00:00,00000,00000,A,37.4036,-5.936382,30,False,8,2
2026-07-03T03:42:12Z,3081V23502C1,23502,C1,0,51003,51100,2026-07-03T05:59:00,51200,51003,A,37.377792,-5.9795485,30,False,9,2
2026-07-03T03:42:12Z,3081V23500C1,23500,C1,2,51200,51202,2026-07-03T05:54:05,51203,51003,14.0,37.15265,-5.791065,30,False,,2
2026-07-03T03:42:12Z,3181V23422T1,23422,T1,0,51450,51451,2026-07-03T05:56:00,51405,51450,,36.40869,-6.1343336,31,False,2,2
2026-07-03T03:42:12Z,3281V23303C1,23303,C1,2,54509,54519,2026-07-03T05:45:42,54516,54517,A,36.613625,-4.509399,32,False,1,1
2026-07-03T03:42:12Z,4081V24200C1,24200,C1,0,69110,69107,2026-07-03T05:51:00,65000,69110,A,39.02619,-0.21494265,40,False,1,
2026-07-03T03:42:12Z,4081V24201C1,24201,C1,0,65000,64203,2026-07-03T05:59:00,69110,65000,A,39.42246,-0.39274746,40,False,5,1
2026-07-03T03:42:12Z,4081V24001C2,24001,C2,-1,64203,64202,2026-07-03T05:45:19,64006,65000,A,39.409157,-0.39521617,40,False,,1
2026-07-03T03:42:12Z,4081V24380C6,24380,C6,0,65000,65002,2026-07-03T05:57:00,65312,65000,A,39.441483,-0.37143394,40,False,21,
2026-07-03T03:42:12Z,4081V24103C2,24103,C2,4,64100,64006,2026-07-03T05:45:53,64006,64100,45.0,38.97975,-0.5539133,40,False,,3
2026-07-03T03:42:12Z,4081V24000C2,24000,C2,2,64100,64007,2026-07-03T05:43:43,65000,64006,66.0,39.02324,-0.47936463,40,False,,2
2026-07-03T03:42:12Z,4081V24301C6,24301,C6,0,65300,65209,2026-07-03T05:44:00,65000,65300,51.0,39.970226,-0.06315692,40,False,,1
2026-07-03T03:42:12Z,5181V28263R2S,28263,R2S,0,71801,71708,2026-07-03T05:50:50,71700,79400,A,41.35488,2.1156967,50,True,12,
2026-07-03T03:42:12Z,5181V78288R2,78288,R2,0,71706,71709,2026-07-03T05:44:26,79200,71700,E,41.30321,2.0106592,50,True,2,2
2026-07-03T03:42:12Z,5181V78802R11,15720,R11,0,71801,71802,2026-07-03T05:50:00,79309,71801,,41.379505,2.1412053,50,True,,
2026-07-03T03:42:12Z,5181V78940R11,15250,R11,0,79309,79308,2026-07-03T05:54:00,79200,79309,,42.265114,2.968971,50,False,,
2026-07-03T03:42:12Z,5181V18120R16,18120,R16,0,65400,65402,2026-07-03T05:55:00,79400,65400,,40.807198,0.5228472,50,True,,
2026-07-03T03:42:12Z,5181V28400R2N,28400,R2N,1,71801,71708,2026-07-03T05:45:41,72400,79100,39.0,41.36946,2.12935,50,True,,1
2026-07-03T03:42:12Z,5181V78844R11,15770,R11,0,79309,79303,2026-07-03T06:00:00,71801,79309,39.0,42.265114,2.968971,50,True,,
2026-07-03T03:42:12Z,5181V77400R4,77400,R4,3,72208,72209,2026-07-03T05:54:05,78600,71600,A,41.47872,1.9255537,50,False,2,2
2026-07-03T03:42:12Z,5181V77402R4,77402,R4,2,72202,72203,2026-07-03T05:48:46,78600,71600,E,41.273575,1.6003745,50,False,2,2
2026-07-03T03:42:12Z,5181V30540R14,15040,R14,0,78400,73001,2026-07-03T05:47:00,79400,78400,,41.620464,0.6339146,50,False,,
2026-07-03T03:42:12Z,5181V77600R4,77600,R4,1,78806,78802,2026-07-03T05:45:39,78600,72209,E,41.42185,2.1869605,50,False,1,1
2026-07-03T03:42:12Z,5181V78846R11,15760,R11,0,79315,79312,2026-07-03T05:56:00,71801,79315,,42.424557,3.1579165,50,True,,
2026-07-03T03:42:12Z,5181V77506R4,77506,R4,0,78703,78705,2026-07-03T05:46:19,71600,78700,A,41.513508,2.1183457,50,True,2,2
2026-07-03T03:42:12Z,5181V15000R15,15000,R15,0,71400,71401,2026-07-03T05:45:00,79400,71400,,41.160637,1.1000068,50,False,,
2026-07-03T03:42:12Z,5181V77502R4,77502,R4,-1,72301,72300,2026-07-03T05:45:35,71600,78700,A,41.40998,2.0208638,50,False,,1
2026-07-03T03:42:12Z,5181V77602R4,77602,R4,0,72301,72302,2026-07-03T05:45:00,78600,72209,E,41.38308,2.0479817,50,False,,2
2026-07-03T03:42:12Z,5181V77504R4,77504,R4,-1,78804,78805,2026-07-03T05:44:53,71600,78700,A,41.387875,2.1697214,50,False,,2
2026-07-03T03:42:12Z,5181V28404R2N,28404,R2N,0,79103,79102,2026-07-03T05:44:44,72400,79104,E,41.671745,2.4542186,50,True,,2
2026-07-03T03:42:12Z,5181V25400R2,25400,R2,7,71801,71802,2026-07-03T05:40:48,79104,71700,S,41.37951,2.1412168,50,True,,
2026-07-03T03:42:12Z,5181V28402R2N,28402,R2N,3,79006,79011,2026-07-03T05:44:19,72400,79100,24.0,41.527935,2.2134697,50,True,2,2
2026-07-03T03:42:12Z,5181V28506R2,28506,R2,-1,71601,71602,2026-07-03T05:46:38,79100,71600,A,41.27745,1.9777229,50,True,2,2
2026-07-03T03:42:12Z,5181V28264R2S,28264,R2S,10,71700,71701,2026-07-03T05:52:54,79400,71600,A,41.23921,1.8097008,50,False,3,2
2026-07-03T03:42:12Z,5181V28556R2N,28556,R2N,1,72400,71707,2026-07-03T05:46:56,79400,72400,18.0,41.30112,2.061063,50,True,,4
2026-07-03T03:42:12Z,5181V25602R1,25602,R1,1,79406,79405,2026-07-03T05:43:45,72305,79603,E,41.468693,2.2867389,50,True,2,2
2026-07-03T03:42:12Z,5181V25604R1,25604,R1,0,79501,79500,2026-07-03T05:46:24,72305,79603,A,41.53325,2.4456325,50,True,2,2
2026-07-03T03:42:12Z,5181V25702R1,25702,R1,1,78804,78805,2026-07-03T05:43:43,72305,79500,16.0,41.391903,2.1806395,50,True,2,2
2026-07-03T03:42:12Z,6081V26504C3,26504,C3,0,13200,13120,2026-07-03T05:52:00,13100,13200,A,43.25035,-2.930641,60,False,5,2
2026-07-03T03:42:12Z,6081V26503C3,26503,C3,0,13102,13103,2026-07-03T05:44:02,13200,13100,E,43.07418,-2.9994733,60,False,1,1
2026-07-03T03:42:12Z,6081V26001C2,26001,C2,2,13504,13508,2026-07-03T05:44:21,13506,13200,E,43.31141,-3.0604117,60,False,3,1
2026-07-03T03:42:12Z,6081V26000C2,26000,C2,1,13303,13208,2026-07-03T05:43:53,13200,13506,A,43.26169,-2.948731,60,False,2,2
2026-07-03T03:42:12Z,6081V26102C1,26102,C1,1,13402,13401,2026-07-03T05:43:45,13200,13405,E,43.312733,-3.004488,60,False,2,2
2026-07-03T03:42:12Z,6081V26003C2,26003,C2,0,13304,13305,2026-07-03T05:43:52,13506,13200,E,43.27778,-2.972136,60,False,,1
2026-07-03T03:42:12Z,6081V26002C2,26002,C2,2,13504,13509,2026-07-03T05:43:16,13200,13506,A,43.30822,-3.0529044,60,False,1,1
2026-07-03T03:42:12Z,6081V26101C1,26101,C1,1,13403,13404,2026-07-03T05:43:47,13405,13200,E,43.318596,-3.0152624,60,False,1,1
2026-07-03T03:42:12Z,6081V26103C1,26103,C1,0,13200,13205,2026-07-03T05:44:00,13405,13200,A,43.256733,-2.9322033,60,False,2,1
2026-07-03T03:42:12Z,6081V26502C3,26502,C3,-1,13110,13115,2026-07-03T05:44:29,13100,13200,A,43.176933,-2.909058,60,False,2,2
2026-07-03T03:42:12Z,6081V26600C3,26600,C3,0,13113,13118,2026-07-03T05:44:17,13106,13200,E,43.236897,-2.889748,60,False,,2
2026-07-03T03:42:12Z,6081V26501C3,26501,C3,0,13110,13111,2026-07-03T05:44:00,13200,13100,61.0,43.20015,-2.9004223,60,False,,1
2026-07-03T03:42:12Z,6081V71501C4,71501,C4,0,05479,05477,2026-07-03T05:42:47,05451,05485,E,43.20397,-3.1448612,60,False,,1
2026-07-03T03:42:12Z,6081V26005C2,26005,C2,0,13200,13205,2026-07-03T05:55:00,13506,13200,A,43.256733,-2.9322033,60,False,2,1
2026-07-03T03:42:12Z,6081V26500C3,26500,C3,2,13104,13103,2026-07-03T05:45:31,13100,13200,E,43.132793,-2.9697878,60,False,,2
2026-07-03T03:42:12Z,6081V26004C2,26004,C2,0,13506,13505,2026-07-03T05:57:00,13200,13506,A,43.315636,-3.0911126,60,False,1,1
2026-07-03T03:42:12Z,6181V32770C1,32770,C1,-1,11506,11505,2026-07-03T05:43:46,11400,11516,E,43.247425,-1.988344,61,False,,2
2026-07-03T03:42:12Z,6181V30600C1,16000,C1,0,11600,11518,2026-07-03T05:50:00,11200,11600,A,43.330643,-1.8169186,61,False,,1
2026-07-03T03:42:12Z,6181V32769C1,32769,C1,6,11500,11501,2026-07-03T05:44:16,11600,11400,E,43.1356,-2.079181,61,False,1,1
2026-07-03T03:42:12Z,6181V32700C1,32700,C1,-1,11512,11511,2026-07-03T05:43:48,11305,11600,41.0,43.32058,-1.9756432,61,False,,2
2026-07-03T03:42:12Z,6281V71351C3,71351,C3,0,14223,05602,2026-07-03T05:53:00,05657,14223,A,43.452858,-3.828213,62,True,9,7
2026-07-03T03:42:12Z,6281V71152C2,71152,C2,0,14223,05602,2026-07-03T05:48:00,05637,14223,A,43.452877,-3.8282192,62,True,1AM,2
2026-07-03T03:42:12Z,4781V71080C1,71080,C1,0,05761,05762,2026-07-03T06:02:00,05803,05761,A,42.809772,-5.1800675,47,False,1,
2026-07-03T03:42:12Z,4781V71091C1,71091,C1,0,05761,05790,2026-07-03T05:47:00,05753,05761,A,42.786263,-5.12754,47,False,,
2026-07-03T03:42:12Z,2081V70502C7,70502,C7,0,05325,05327,2026-07-03T06:18:00,05329,05325,E,43.490948,-6.1104946,20,False,4,2
2026-07-03T03:42:12Z,2081V22000C1,22000,C1,0,15211,15218,2026-07-03T05:57:00,15122,15211,E,43.36655,-5.854991,20,False,2,2
2026-07-03T03:42:12Z,2081V70752C6,70752,C6,0,05513,05509,2026-07-03T06:15:00,05501,05513,E,43.388065,-5.664932,20,False,3,2
2026-07-03T03:42:12Z,2081V22200C2,22200,C2,0,15211,15218,2026-07-03T05:47:00,16011,15211,E,43.366478,-5.855087,20,False,2,2
2026-07-03T03:42:12Z,2081V22101C1,22101,C1,0,15302,15303,2026-07-03T05:41:00,15410,15218,A,43.52077,-5.746301,20,False,1,1
2026-07-03T03:42:12Z,2081V22004C1,22004,C1,0,15410,15401,2026-07-03T06:14:00,15118,15410,E,43.537712,-5.676047,20,False,2,2
2026-07-03T03:42:12Z,2081V70400C5,70400,C5,0,05436,05435,2026-07-03T05:40:00,05201,05443,S,43.27836,-5.615333,20,False,1,1
2026-07-03T03:42:12Z,2081V80851C6,80851,C6,0,05509,05511,2026-07-03T05:47:00,05534,05509,E,43.3823,-5.7026434,20,False,1,1
2026-07-03T03:42:12Z,2081V70501C7,70501,C7,0,05311,05308,2026-07-03T05:51:00,05501,05311,E,43.34864,-5.9676714,20,False,1,1
2026-07-03T03:42:12Z,2081V70801C6,70801,C6,0,05509,05513,2026-07-03T06:17:00,05523,05509,E,43.3823,-5.7026434,20,False,1,4
2026-07-03T03:42:12Z,2081V70753C6,70753,C6,0,05509,05513,2026-07-03T06:00:00,05513,05509,E,43.3823,-5.7026434,20,False,1,4
2026-07-03T03:42:12Z,2081V22103C1,22103,C1,0,15218,15211,2026-07-03T05:45:00,15410,15218,E,43.3588,-5.8573804,20,False,1,1
2026-07-03T03:42:12Z,2081V22303C3,22303,C3,0,15218,15211,2026-07-03T05:55:00,16405,15218,E,43.3588,-5.8573804,20,False,1,1
2026-07-03T03:42:12Z,2081V70900C8,70900,C8,0,05373,05375,2026-07-03T05:43:00,05389,05373,52.0,43.207108,-5.7868347,20,False,2,2
2026-07-03T03:42:12Z,4181V84900C2,84900,C2,0,06006,06005,2026-07-03T06:14:00,61200,06006,E,37.672035,-1.6961039,41,False,1,1
2026-07-03T03:42:12Z,4181V84901C2,84901,C2,0,61200,06002,2026-07-03T06:35:00,06006,61200,E,37.97462,-1.1315287,41,False,1,2
2026-07-03T03:42:12Z,4181V24700C1,24700,C1,0,61200,62001,2026-07-03T05:59:00,60911,61200,E,37.974686,-1.131078,41,False,2,4
2026-07-03T03:42:12Z,4181V24701C1,24701,C1,0,60911,62109,2026-07-03T05:54:00,61200,60911,E,38.34553,-0.49576503,41,False,1,1
2026-07-03T03:42:12Z,1081V21000C8a,21000,C8a,2,10203,10202,2026-07-03T05:52:00,70200,10203,E,40.58532,-4.1321955,10,False,1,2
2026-07-03T03:42:12Z,1081V21804C7,21804,C7,0,10000,10001,2026-07-03T06:13:00,70103,10000,E,40.42163,-3.7193205,10,False,2,2
2026-07-03T03:42:12Z,1081V21605C2,21605,C2,0,70200,70105,2026-07-03T06:03:00,12006,70200,E,40.644257,-3.1823237,10,False,1,1
2026-07-03T03:42:12Z,1081V21700C7,21700,C7,28,18002,18001,2026-07-03T05:46:00,18000,17000,1.0,40.44631,-3.6914947,10,True,2,2
2026-07-03T03:42:12Z,1081V21603C2,21603,C2,4,70104,70107,2026-07-03T05:46:00,12006,70200,1.0,40.52959,-3.304821,10,False,1,1
2026-07-03T03:42:12Z,1081V19508C5,19508,C5,1,35606,35610,2026-07-03T05:46:00,35012,35607,A,40.34195,-3.8423326,10,False,1,1
2026-07-03T03:42:12Z,1081V21800C7,21800,C7,0,17000,18002,2026-07-03T05:53:00,70103,17000,E,40.47113,-3.6828332,10,False,7,2
2026-07-03T03:42:12Z,1081V19509C5,19509,C5,0,35001,35009,2026-07-03T05:42:00,35607,35012,A,40.34086,-3.7482634,10,False,1,1
2026-07-03T03:42:12Z,1081V19504C5,19504,C5,0,35609,18000,2026-07-03T05:44:00,35012,35607,E,40.405067,-3.7026901,10,False,1,10
2026-07-03T03:42:12Z,1081V19503C5,19503,C5,0,18003,18000,2026-07-03T05:43:00,35607,35012,E,40.39592,-3.6779969,10,False,1,9
2026-07-03T03:42:12Z,1081V19506C5,19506,C5,2,35603,35602,2026-07-03T05:45:00,35012,35607,A,40.381268,-3.7802126,10,False,1,1
2026-07-03T03:42:12Z,1081V19505C5,19505,C5,0,35009,37001,2026-07-03T05:37:00,35607,35012,A,40.34132,-3.7123663,10,False,1,4
2026-07-03T03:42:12Z,1081V21512C2,21512,C2,0,17000,18002,2026-07-03T06:14:00,70200,17000,E,40.47097,-3.68245,10,False,9,2
2026-07-03T03:42:12Z,1081V19510C5,19510,C5,0,35607,35606,2026-07-03T05:53:00,35012,35607,E,40.330883,-3.8823783,10,False,2,1
2026-07-03T03:42:12Z,1081V21601C2,21601,C2,4,70108,70100,2026-07-03T05:46:00,12006,70200,1.0,40.423058,-3.5615792,10,True,1,1
2026-07-03T03:42:12Z,1081V35975C2,35975,C2,0,70200,70105,2026-07-03T06:11:00,17000,70200,E,40.644257,-3.1823237,10,False,1,1
2026-07-03T03:42:12Z,1081V21510C2,21510,C2,0,17000,18002,2026-07-03T06:09:00,70200,17000,E,40.47097,-3.68245,10,False,9,2
2026-07-03T03:42:12Z,1081V35973C2,35973,C2,0,70101,98003,2026-07-03T05:55:00,17000,70103,A,40.471153,-3.6823752,10,False,3,1
2026-07-03T03:42:12Z,1081V20708C5,20708,C5,0,35607,35606,2026-07-03T06:13:00,35002,35607,E,40.330883,-3.8823783,10,False,2,1
2026-07-03T03:42:12Z,1081V19805C1,19805,C1,0,98305,98304,2026-07-03T06:14:00,17000,98305,E,40.4924,-3.593483,10,False,2,1
2026-07-03T03:42:12Z,1081V19529C5,19529,C5,0,35012,35002,2026-07-03T06:08:00,35607,35012,E,40.25559,-3.8284667,10,False,1,1
2026-07-03T03:42:12Z,1081V19525C5,19525,C5,0,35012,35002,2026-07-03T06:02:00,35607,35012,E,40.25559,-3.8284667,10,False,1,1
2026-07-03T03:42:12Z,1081V19800C1,19800,C1,8,17000,98003,2026-07-03T06:02:00,98305,17000,A,40.484917,-3.6630294,10,False,7,2
2026-07-03T03:42:12Z,1081V19803C1,19803,C1,0,98305,98304,2026-07-03T05:59:00,17000,98305,E,40.4924,-3.593483,10,False,2,1
2026-07-03T03:42:12Z,1081V19799C1,19799,C1,12,17000,98003,2026-07-03T05:46:00,98305,18000,1.0,40.475674,-3.6806574,10,False,7,2
2026-07-03T03:42:12Z,1081V19513C5,19513,C5,2,35002,35010,2026-07-03T05:44:00,35607,35012,A,40.29673,-3.7924793,10,False,3,1
2026-07-03T03:42:12Z,1081V19512C5,19512,C5,0,35607,35606,2026-07-03T06:01:00,35012,35607,E,40.330883,-3.8823783,10,False,2,1
2026-07-03T03:42:12Z,1081V20705C5,20705,C5,3,35002,35010,2026-07-03T05:53:00,35607,35002,E,40.283237,-3.7991464,10,False,1,1
2026-07-03T03:42:12Z,1081V20704C5,20704,C5,0,35607,35606,2026-07-03T06:07:00,35002,35607,E,40.330883,-3.8823783,10,False,2,1
2026-07-03T03:42:12Z,1081V19519C5,19519,C5,0,35012,35002,2026-07-03T05:56:00,35607,35012,E,40.25559,-3.8284667,10,False,1,1
2026-07-03T03:42:12Z,1081V20005C3,20005,C3,3,60200,60105,2026-07-03T05:50:00,17000,60200,11.0,40.04848,-3.6245103,10,True,3,1
2026-07-03T03:42:12Z,1081V21200C10,21200,C10,0,17000,18002,2026-07-03T06:06:00,10200,17000,E,40.470848,-3.682503,10,False,8,4
2026-07-03T03:42:12Z,1081V21001C8a,21001,C8a,0,17000,97201,2026-07-03T06:03:00,10203,17000,E,40.47113,-3.6828332,10,False,11,1
2026-07-03T03:42:12Z,1081V21303C10,21303,C10,2,10000,18005,2026-07-03T05:44:00,17000,10000,E,40.421413,-3.7190256,10,False,1,1
2026-07-03T03:42:12Z,1081V21501C2,21501,C2,1,70111,70112,2026-07-03T05:46:00,10203,70200,E,40.480347,-3.39294,10,False,1,1
2026-07-03T03:42:12Z,1081V21104C10,21104,C10,0,10200,10104,2026-07-03T06:14:00,17000,10200,E,40.62599,-4.0081153,10,False,4,2
2026-07-03T03:42:12Z,1081V20004C3,20004,C3,13,17000,18002,2026-07-03T05:46:00,60200,17000,1.0,40.471382,-3.6834786,10,True,4,8
2026-07-03T03:42:12Z,1081V20202C4,20202,C4,1,37002,37011,2026-07-03T05:44:00,37012,18000,E,40.309868,-3.733689,10,True,2,2
2026-07-03T03:42:12Z,1081V21500C2,21500,C2,42,17000,18002,2026-07-03T05:46:00,70200,17000,1.0,40.466434,-3.6831985,10,False,12,2
2026-07-03T03:42:12Z,1081V20411C4b,20411,C4b,4,37012,37011,2026-07-03T05:54:00,17005,37012,E,40.24143,-3.769159,10,False,1,1
2026-07-03T03:42:12Z,1081V20212C4a,20212,C4a,1,19003,19002,2026-07-03T05:45:00,37012,19003,E,40.546417,-3.6351175,10,True,2,2
2026-07-03T03:42:12Z,1081V20003C3,20003,C3,4,60103,60102,2026-07-03T05:46:00,17000,60200,21.0,40.256126,-3.7042274,10,True,1,1
2026-07-03T03:42:12Z,1081V19502C5,19502,C5,1,37001,35009,2026-07-03T05:44:00,35012,35607,A,40.34086,-3.7482634,10,False,6,2
2026-07-03T03:42:12Z,1081V20211C4a,20211,C4a,0,37002,37010,2026-07-03T06:02:00,19003,37002,E,40.309868,-3.733689,10,True,1,1
2026-07-03T03:42:12Z,1081V20002C3,20002,C3,25,18002,18101,2026-07-03T05:45:00,60200,17000,26.0,40.438072,-3.6928773,10,True,8,2
2026-07-03T03:42:12Z,1081V20409C4b,20409,C4b,0,18000,18101,2026-07-03T05:59:00,17005,18000,E,40.40654,-3.6895106,10,False,6,1
2026-07-03T03:42:12Z,1081V21100C10,21100,C10,2,10103,10101,2026-07-03T05:46:00,17000,10200,21.0,40.568554,-3.9439106,10,False,2,2
2026-07-03T03:42:12Z,1081V21508C2,21508,C2,0,17000,18002,2026-07-03T06:00:00,70200,17000,E,40.47097,-3.68245,10,False,9,2
2026-07-03T03:42:12Z,1081V21506C2,21506,C2,2,17000,18002,2026-07-03T05:46:00,70200,17000,E,40.47097,-3.68245,10,False,10,2
2026-07-03T03:42:12Z,1081V21505C2,21505,C2,0,70200,70105,2026-07-03T06:20:00,17000,70200,E,40.644257,-3.1823237,10,False,1,1
2026-07-03T03:42:12Z,1081V21703C2,21703,C2,3,70002,18000,2026-07-03T05:49:00,10203,70103,E,40.381775,-3.6681283,10,False,1,2
2026-07-03T03:42:12Z,1081V20415C4b,20415,C4b,0,37012,37011,2026-07-03T06:15:00,17005,37012,E,40.24143,-3.769159,10,True,2,1
2026-07-03T03:42:12Z,1081V20209C4a,20209,C4a,10,37012,37011,2026-07-03T05:47:00,19003,37012,17.0,40.248974,-3.7607973,10,True,2,1
2026-07-03T03:42:12Z,1081V20407C4b,20407,C4b,13,37002,37010,2026-07-03T05:44:00,17005,37012,A,40.323135,-3.7273622,10,True,1,1
2026-07-03T03:42:12Z,1081V21701C2,21701,C2,12,18000,18001,2026-07-03T05:44:00,17000,18000,E,40.40667,-3.689395,10,False,2,1
2026-07-03T03:42:12Z,1081V20406C4b,20406,C4b,0,17005,17004,2026-07-03T06:11:00,37012,17005,E,40.644844,-3.7762609,10,False,3,3
2026-07-03T03:42:12Z,1081V21305C10,21305,C10,0,10100,10005,2026-07-03T06:12:00,17000,10100,E,40.52248,-3.8818293,10,False,5,1
2026-07-03T03:42:12Z,1081V20208C4,20208,C4,0,17000,18002,2026-07-03T05:52:00,37012,17000,E,40.471325,-3.6833096,10,True,2,8
2026-07-03T03:42:12Z,1081V20009C3,20009,C3,0,60200,60105,2026-07-03T06:15:00,17000,60200,E,40.035027,-3.6189713,10,False,1,1
2026-07-03T03:42:12Z,1081V20216C4a,20216,C4a,0,19003,19002,2026-07-03T06:07:00,37012,19003,E,40.546417,-3.6351175,10,True,2,2
2026-07-03T03:42:12Z,1081V20207C4a,20207,C4a,0,18000,18101,2026-07-03T05:47:00,19003,18000,E,40.40654,-3.6895106,10,True,6,1
2026-07-03T03:42:12Z,1081V21503C2,21503,C2,7,70200,70105,2026-07-03T05:50:00,17000,70200,0.0,40.644257,-3.1823237,10,False,2,1
2026-07-03T03:42:12Z,1081V20405C4b,20405,C4b,2,17000,17001,2026-07-03T05:45:00,17005,18000,26.0,40.479324,-3.6803045,10,False,6,1
2026-07-03T03:42:12Z,1081V20008C3,20008,C3,0,17000,18002,2026-07-03T06:16:00,60200,17000,E,40.471382,-3.6834786,10,True,2,8
2026-07-03T03:42:12Z,1081V20206C4,20206,C4,0,37001,37010,2026-07-03T06:08:00,37012,37001,E,40.34132,-3.7123663,10,False,0,2
2026-07-03T03:42:12Z,1081V20413C4b,20413,C4b,0,37012,37011,2026-07-03T06:05:00,17005,37012,E,40.24143,-3.769159,10,True,2,1
2026-07-03T03:42:12Z,1081V20007C3,20007,C3,0,60200,60105,2026-07-03T05:59:00,17000,60200,E,40.035027,-3.6189713,10,True,1,1
2026-07-03T03:42:12Z,1081V20403C4b,20403,C4b,20,17004,17005,2026-07-03T05:51:00,17005,17000,E,40.59852,-3.7158544,10,False,2,3
2026-07-03T03:42:12Z,1081V20205C4a,20205,C4a,1,17000,17001,2026-07-03T05:49:00,19003,37012,E,40.471325,-3.6833096,10,True,3,1
2026-07-03T03:42:12Z,1081V20600C8b,20600,C8b,0,12006,12005,2026-07-03T06:03:00,70200,12006,E,40.737614,-4.0662985,10,False,2,1
2026-07-03T03:42:12Z,1081V20006C3,20006,C3,0,17000,18002,2026-07-03T06:01:00,60200,17000,E,40.471382,-3.6834786,10,True,2,8
2026-07-03T03:42:12Z,1081V20402C4b,20402,C4b,0,17005,17004,2026-07-03T05:48:00,37012,17005,E,40.644844,-3.7762609,10,True,3,3
2026-07-03T03:42:12Z,1081V20204C4,20204,C4,11,18002,18101,2026-07-03T05:45:00,37012,17000,A,40.417023,-3.7031636,10,True,8,2
2026-07-03T03:42:12Z,1081V21809C7,21809,C7,0,70103,70111,2026-07-03T06:04:00,10000,70103,E,40.4889,-3.3666708,10,False,5,1
2026-07-03T03:42:12Z,1081V21807C7,21807,C7,0,18000,18001,2026-07-03T06:10:00,10000,18000,E,40.40667,-3.6893938,10,True,2,1
2026-07-03T03:47:12Z,3081V23101C3,23101,C3,0,51003,50700,2026-07-03T06:08:00,40115,51003,A,37.59084,-5.7277255,30,False,,
2026-07-03T03:47:12Z,3081V23505C1,23505,C1,0,51200,51112,2026-07-03T06:10:00,50600,51200,A,37.27829,-5.9103913,30,False,3,1
2026-07-03T03:47:12Z,3081V23502C1,23502,C1,0,51003,51100,2026-07-03T05:59:00,51200,51003,A,37.377792,-5.9795485,30,False,9,2
2026-07-03T03:47:12Z,3081V23601C4,23601,C4,0,51003,51009,2026-07-03T06:00:00,00000,00000,A,37.4036,-5.936382,30,False,8,2
2026-07-03T03:47:12Z,3081V23500C1,23500,C1,2,51200,51202,2026-07-03T05:54:05,51203,51003,49.0,37.099277,-5.854892,30,False,,2
2026-07-03T03:47:12Z,3081V23501C1,23501,C1,-1,50701,50700,2026-07-03T05:51:27,50600,51003,E,37.574757,-5.8031654,30,False,,1
2026-07-03T03:47:12Z,3181V23422T1,23422,T1,0,51450,51451,2026-07-03T05:56:00,51405,51450,,36.40869,-6.1343336,31,False,2,2
2026-07-03T03:47:12Z,3281V23303C1,23303,C1,2,54519,54510,2026-07-03T05:48:12,54516,54517,42.0,36.612034,-4.5119004,32,False,1,1
2026-07-03T03:47:12Z,4081V76600C3,76600,C3,0,66206,66207,2026-07-03T06:07:00,65002,66206,A,39.47113,-0.72308433,40,False,1,1
2026-07-03T03:47:12Z,4081V24301C6,24301,C6,0,65209,65208,2026-07-03T05:48:15,65000,65300,E,39.954987,-0.07685744,40,False,,1
2026-07-03T03:47:12Z,4081V24380C6,24380,C6,0,65000,65002,2026-07-03T05:57:00,65312,65000,A,39.441483,-0.37143394,40,False,21,
2026-07-03T03:47:12Z,4081V84601C5,84601,C5,0,67211,67212,2026-07-03T06:07:00,65008,67211,,39.947292,-0.5721675,40,False,,
2026-07-03T03:47:12Z,4081V24200C1,24200,C1,1,69110,69107,2026-07-03T05:52:25,65000,69110,10.0,38.977135,-0.18031932,40,False,1,
2026-07-03T03:47:12Z,4081V24300C6,24300,C6,0,65000,65002,2026-07-03T06:07:00,65300,65000,,39.465065,-0.37811995,40,False,,
2026-07-03T03:47:12Z,4081V24201C1,24201,C1,0,65000,64203,2026-07-03T05:59:00,69110,65000,A,39.42246,-0.39274746,40,False,5,1
2026-07-03T03:47:12Z,4081V84001C2,84001,C2,0,64006,64005,2026-07-03T06:11:00,64003,64006,,38.96917,-0.5866923,40,False,,
2026-07-03T03:47:12Z,4081V24000C2,24000,C2,0,64102,64103,2026-07-03T05:50:40,65000,64006,A,39.120583,-0.4546326,40,False,2,2
2026-07-03T03:47:12Z,5181V28404R2N,28404,R2N,1,79102,79101,2026-07-03T05:49:54,72400,79104,E,41.637882,2.4045222,50,True,2,2
2026-07-03T03:47:12Z,5181V28402R2N,28402,R2N,3,79005,79004,2026-07-03T05:52:31,72400,79100,E,41.48419,2.1882799,50,True,2,2
2026-07-03T03:47:12Z,5181V28506R2,28506,R2,-1,71602,71603,2026-07-03T05:49:55,79100,71600,E,41.27745,1.9777229,50,True,,2
2026-07-03T03:47:12Z,5181V28264R2S,28264,R2S,8,71700,71701,2026-07-03T05:50:41,79400,71600,39.0,41.220303,1.7631973,50,False,,2
2026-07-03T03:47:12Z,5181V28263R2S,28263,R2S,1,71801,71708,2026-07-03T05:51:44,71700,79400,21.0,41.37439,2.1345673,50,True,,
2026-07-03T03:47:12Z,5181V78288R2,78288,R2,0,71707,71708,2026-07-03T05:53:42,79200,71700,A,41.354904,2.115462,50,True,,
2026-07-03T03:47:12Z,5181V78802R11,15720,R11,0,71801,71802,2026-07-03T05:50:00,79309,71801,E,41.379505,2.1412053,50,True,,
2026-07-03T03:47:12Z,5181V33520RL4,15620,RL4,-8,78500,78501,2026-07-03T05:57:01,78600,78400,A,41.65576,1.4206176,50,False,,
2026-07-03T03:47:12Z,5181V28400R2N,28400,R2N,1,71708,71707,2026-07-03T05:50:13,72400,79100,20.0,41.346672,2.1148698,50,True,1,1
2026-07-03T03:47:12Z,5181V77400R4,77400,R4,3,72208,72209,2026-07-03T05:53:55,78600,71600,E,41.44866,1.865482,50,False,,2
2026-07-03T03:47:12Z,5181V78940R11,15250,R11,0,79309,79308,2026-07-03T05:54:00,79200,79309,,42.265114,2.968971,50,False,,
2026-07-03T03:47:12Z,5181V18120R16,18120,R16,0,65400,65402,2026-07-03T05:55:00,79400,65400,,40.807198,0.5228472,50,True,,
2026-07-03T03:47:12Z,5181V78844R11,15770,R11,0,79309,79303,2026-07-03T06:00:00,71801,79309,,42.265114,2.968971,50,True,,
2026-07-03T03:47:12Z,5181V25704R1,25704,R1,0,79500,79412,2026-07-03T06:05:00,72305,79500,A,41.50672,2.4016483,50,True,5,2
2026-07-03T03:47:12Z,5181V77402R4,77402,R4,3,72202,72203,2026-07-03T05:50:11,78600,71600,55.0,41.298107,1.6317593,50,False,,2
2026-07-03T03:47:12Z,5181V77600R4,77600,R4,0,78801,78800,2026-07-03T05:49:34,78600,72209,A,41.470253,2.1794534,50,False,1,6
2026-07-03T03:47:12Z,5181V30540R14,15040,R14,0,78400,73001,2026-07-03T05:47:00,79400,78400,,41.620464,0.6339146,50,False,,
2026-07-03T03:47:12Z,5181V77502R4,77502,R4,0,72300,72211,2026-07-03T05:51:20,71600,78700,A,41.43529,2.0024726,50,False,1,1
2026-07-03T03:47:12Z,5181V78846R11,15760,R11,0,79315,79312,2026-07-03T05:56:00,71801,79315,,42.424557,3.1579165,50,True,,
2026-07-03T03:47:12Z,5181V25400R2,25400,R2,9,79009,79004,2026-07-03T05:51:30,79104,71700,E,41.409042,2.1873875,50,True,2,1
2026-07-03T03:47:12Z,5181V77602R4,77602,R4,3,72301,72302,2026-07-03T05:48:05,78600,72209,74.0,41.372482,2.0571694,50,False,,2
2026-07-03T03:47:12Z,5181V77702R4,77702,R4,0,78801,78802,2026-07-03T05:49:49,72209,78800,A,41.430275,2.1831505,50,True,,2
2026-07-03T03:47:12Z,5181V28556R2N,28556,R2N,1,72400,71707,2026-07-03T05:46:56,79400,72400,S,41.30425,2.0733776,50,True,,4
2026-07-03T03:47:12Z,5181V25602R1,25602,R1,2,79404,79403,2026-07-03T05:50:58,72305,79603,A,41.42436,2.2305613,50,True,2,2
2026-07-03T03:47:12Z,5181V25604R1,25604,R1,1,79500,79412,2026-07-03T05:52:07,72305,79603,A,41.50672,2.4016483,50,True,2,2
2026-07-03T03:47:12Z,5181V77504R4,77504,R4,1,78804,78805,2026-07-03T05:46:33,71600,78700,S,41.391907,2.1806386,50,False,,2
2026-07-03T03:47:12Z,5181V25702R1,25702,R1,2,78805,71801,2026-07-03T05:50:12,72305,79500,21.0,41.385975,2.1636086,50,True,2,7
2026-07-03T03:47:12Z,5181V33521R4,15631,R4,0,78600,78506,2026-07-03T05:55:29,78400,78600,29.0,41.72026,1.8264605,50,False,,
2026-07-03T03:47:12Z,5181V77506R4,77506,R4,-1,78705,78706,2026-07-03T05:49:26,71600,78700,E,41.513508,2.1183457,50,True,,2
2026-07-03T03:47:12Z,6081V26005C2,26005,C2,0,13200,13205,2026-07-03T05:55:00,13506,13200,A,43.256733,-2.9322033,60,False,2,1
2026-07-03T03:47:12Z,6081V26500C3,26500,C3,2,13103,13102,2026-07-03T05:49:16,13100,13200,E,43.0935,-2.9995618,60,False,2,
2026-07-03T03:47:12Z,6081V26504C3,26504,C3,0,13200,13120,2026-07-03T05:52:00,13100,13200,A,43.25035,-2.930641,60,False,5,2
2026-07-03T03:47:12Z,6081V26004C2,26004,C2,0,13506,13505,2026-07-03T05:57:00,13200,13506,A,43.315636,-3.0911126,60,False,1,1
2026-07-03T03:47:12Z,6081V26602C3,26602,C3,0,13200,13120,2026-07-03T06:02:00,13106,13200,A,43.25035,-2.930641,60,False,4,2
2026-07-03T03:47:12Z,6081V26103C1,26103,C1,0,13206,13207,2026-07-03T05:47:27,13405,13200,60.0,43.256363,-2.9456644,60,False,,1
2026-07-03T03:47:12Z,6081V26503C3,26503,C3,1,13103,13104,2026-07-03T05:50:25,13200,13100,32.0,43.10852,-2.9943979,60,False,,1
2026-07-03T03:47:12Z,6081V26600C3,26600,C3,-1,13111,13110,2026-07-03T05:53:08,13106,13200,E,43.210075,-2.888758,60,False,,2
2026-07-03T03:47:12Z,6081V71503C4,71503,C4,0,05485,05483,2026-07-03T06:00:00,05451,05485,A,43.196415,-3.1899889,60,False,1,1
2026-07-03T03:47:12Z,6081V26102C1,26102,C1,1,13400,13305,2026-07-03T05:49:13,13200,13405,27.0,43.298336,-2.9798303,60,False,2,2
2026-07-03T03:47:12Z,6081V71501C4,71501,C4,0,05475,05474,2026-07-03T05:48:14,05451,05485,40.0,43.212017,-3.1256123,60,False,,1
2026-07-03T03:47:12Z,6081V26003C2,26003,C2,0,13400,13501,2026-07-03T05:51:05,13506,13200,E,43.300213,-2.9843163,60,False,1,3
2026-07-03T03:47:12Z,6081V26002C2,26002,C2,4,13507,13503,2026-07-03T05:48:36,13200,13506,E,43.307487,-3.0410612,60,False,1,1
2026-07-03T03:47:12Z,6081V71500C4,71500,C4,0,05451,13206,2026-07-03T06:03:00,05485,05451,A,43.254723,-2.9436562,60,False,4,2AM
2026-07-03T03:47:12Z,6081V26001C2,26001,C2,5,13508,13505,2026-07-03T05:51:03,13506,13200,E,43.31141,-3.0604117,60,False,1,1
2026-07-03T03:47:12Z,6081V26000C2,26000,C2,1,13206,13205,2026-07-03T05:49:11,13200,13506,E,43.254475,-2.94373,60,False,2,2
2026-07-03T03:47:12Z,6081V26104C1,26104,C1,0,13405,13404,2026-07-03T06:00:00,13200,13405,A,43.3262,-3.023556,60,False,1,2
2026-07-03T03:47:12Z,6181V32770C1,32770,C1,-2,11504,11503,2026-07-03T05:50:27,11400,11516,E,43.21556,-2.0203028,61,False,,2
2026-07-03T03:47:12Z,6181V30600C1,16000,C1,0,11600,11518,2026-07-03T05:50:00,11200,11600,41.0,43.33523,-1.8073015,61,False,,1
2026-07-03T03:47:12Z,6181V32700C1,32700,C1,1,11511,11510,2026-07-03T05:51:55,11305,11600,2.0,43.317684,-1.9766475,61,False,2,2
2026-07-03T03:47:12Z,6181V32769C1,32769,C1,6,11502,11503,2026-07-03T05:49:06,11600,11400,E,43.162556,-2.0704687,61,False,1,1
2026-07-03T03:47:12Z,6281V71104C2,71104,C2,0,14223,05602,2026-07-03T06:01:00,05623,14223,A,43.452877,-3.8282192,62,True,2,2
2026-07-03T03:47:12Z,6281V71351C3,71351,C3,0,14223,05602,2026-07-03T05:53:00,05657,14223,A,43.452858,-3.828213,62,True,9,7
2026-07-03T03:47:12Z,6281V71152C2,71152,C2,1,14223,05602,2026-07-03T05:48:38,05637,14223,47.0,43.45565,-3.8191857,62,True,,2
2026-07-03T03:47:12Z,4781V71080C1,71080,C1,0,05761,05762,2026-07-03T06:02:00,05803,05761,A,42.809772,-5.1800675,47,False,1,
2026-07-03T03:47:12Z,4781V71091C1,71091,C1,0,05761,05790,2026-07-03T05:47:00,05753,05761,S,42.80314,-5.130908,47,False,,
2026-07-03T03:47:12Z,2081V70502C7,70502,C7,0,05325,05327,2026-07-03T06:18:00,05329,05325,E,43.490948,-6.1104946,20,False,4,2
2026-07-03T03:47:12Z,2081V22002C1,22002,C1,0,15211,15218,2026-07-03T06:17:00,15122,15211,E,43.36655,-5.854991,20,False,2,2
2026-07-03T03:47:12Z,2081V70750C6,70750,C6,0,05509,05507,2026-07-03T05:51:00,05501,05513,E,43.3823,-5.7026434,20,False,2,2
2026-07-03T03:47:12Z,2081V22200C2,22200,C2,0,15218,15210,2026-07-03T05:50:00,16011,15211,E,43.3588,-5.8573804,20,False,2,2
2026-07-03T03:47:12Z,2081V70752C6,70752,C6,0,05513,05509,2026-07-03T06:15:00,05501,05513,E,43.388065,-5.664932,20,False,3,2
2026-07-03T03:47:12Z,2081V22101C1,22101,C1,0,15303,15400,2026-07-03T05:45:00,15410,15218,E,43.52077,-5.746301,20,False,1,1
2026-07-03T03:47:12Z,2081V70400C5,70400,C5,0,05431,05427,2026-07-03T05:52:00,05201,05443,E,43.290783,-5.667893,20,False,1,1
2026-07-03T03:47:12Z,2081V70201C4,70201,C4,0,05211,05210,2026-07-03T06:17:00,05201,05211,E,43.58464,-5.772605,20,False,1,1
2026-07-03T03:47:12Z,2081V70501C7,70501,C7,0,05311,05308,2026-07-03T05:51:00,05501,05311,E,43.34864,-5.9676714,20,False,1,1
2026-07-03T03:47:12Z,2081V70753C6,70753,C6,0,05509,05513,2026-07-03T06:00:00,05513,05509,E,43.3823,-5.7026434,20,False,1,4
2026-07-03T03:47:12Z,2081V22000C1,22000,C1,0,15211,15218,2026-07-03T05:57:00,15122,15211,E,43.36655,-5.854991,20,False,2,2
2026-07-03T03:47:12Z,2081V70755C6,70755,C6,0,05509,05513,2026-07-03T06:21:00,05513,05509,E,43.3823,-5.7026434,20,False,1,4
2026-07-03T03:47:12Z,2081V22303C3,22303,C3,0,15218,15211,2026-07-03T05:55:00,16405,15218,E,43.3588,-5.8573804,20,False,1,1
2026-07-03T03:47:12Z,2081V70801C6,70801,C6,0,05509,05513,2026-07-03T06:17:00,05523,05509,E,43.3823,-5.7026434,20,False,1,4
2026-07-03T03:47:12Z,2081V22004C1,22004,C1,0,15410,15401,2026-07-03T06:14:00,15118,15410,E,43.537712,-5.676047,20,False,2,2
2026-07-03T03:47:12Z,2081V70900C8,70900,C8,0,05377,05379,2026-07-03T05:56:00,05389,05373,E,43.17608,-5.754903,20,False,2,3
2026-07-03T03:47:12Z,2081V22103C1,22103,C1,0,15217,15212,2026-07-03T05:51:00,15410,15218,A,43.404537,-5.81196,20,False,1,1
2026-07-03T03:47:12Z,4181V84900C2,84900,C2,0,06006,06005,2026-07-03T06:14:00,61200,06006,E,37.672035,-1.6961039,41,False,1,1
2026-07-03T03:47:12Z,4181V84901C2,84901,C2,0,61200,06002,2026-07-03T06:35:00,06006,61200,E,37.97462,-1.1315287,41,False,1,2
2026-07-03T03:47:12Z,4181V24700C1,24700,C1,0,61200,62001,2026-07-03T05:59:00,60911,61200,14.0,37.97231,-1.1085999,41,False,2,4
2026-07-03T03:47:12Z,1081V20413C4b,20413,C4b,0,37012,37011,2026-07-03T06:05:00,17005,37012,E,40.24143,-3.769159,10,True,2,1
2026-07-03T03:47:12Z,1081V21000C8a,21000,C8a,1,10203,10202,2026-07-03T05:51:00,70200,10203,21.0,40.59907,-4.1192164,10,False,1,2
2026-07-03T03:47:12Z,1081V21804C7,21804,C7,0,10000,10001,2026-07-03T06:13:00,70103,10000,E,40.42163,-3.7193205,10,False,2,2
2026-07-03T03:47:12Z,1081V19508C5,19508,C5,1,35606,35610,2026-07-03T05:46:00,35012,35607,S,40.32875,-3.8636916,10,False,1,1
2026-07-03T03:47:12Z,1081V21605C2,21605,C2,0,70200,70105,2026-07-03T06:03:00,12006,70200,E,40.644257,-3.1823237,10,False,1,1
2026-07-03T03:47:12Z,1081V21603C2,21603,C2,4,70107,70103,2026-07-03T05:53:00,12006,70200,0.0,40.50538,-3.3352833,10,False,1,5
2026-07-03T03:47:12Z,1081V19509C5,19509,C5,0,35009,37001,2026-07-03T05:45:00,35607,35012,0.0,40.50538,-3.3352833,10,False,1,4
2026-07-03T03:47:12Z,1081V21800C7,21800,C7,0,17000,18002,2026-07-03T05:53:00,70103,17000,E,40.47113,-3.6828332,10,False,7,2
2026-07-03T03:47:12Z,1081V19504C5,19504,C5,0,18003,35702,2026-07-03T05:49:00,35012,35607,A,40.3791,-3.6987777,10,False,2,2
2026-07-03T03:47:12Z,1081V35975C2,35975,C2,0,70200,70105,2026-07-03T06:11:00,17000,70200,E,40.644257,-3.1823237,10,False,1,1
2026-07-03T03:47:12Z,1081V19503C5,19503,C5,0,18000,35609,2026-07-03T05:44:00,35607,35012,S,40.406326,-3.6896772,10,False,9,2
2026-07-03T03:47:12Z,1081V35973C2,35973,C2,5,70101,98003,2026-07-03T06:00:00,17000,70103,0.0,40.43862,-3.546434,10,False,3,1
2026-07-03T03:47:12Z,1081V20708C5,20708,C5,0,35607,35606,2026-07-03T06:13:00,35002,35607,E,40.330883,-3.8823783,10,False,2,1
2026-07-03T03:47:12Z,1081V19506C5,19506,C5,0,35601,35600,2026-07-03T05:46:00,35012,35607,A,40.386257,-3.7610443,10,False,1,1
2026-07-03T03:47:12Z,1081V20707C5,20707,C5,0,35002,35010,2026-07-03T06:15:00,35607,35002,E,40.283237,-3.7991464,10,False,1,1
2026-07-03T03:47:12Z,1081V19505C5,19505,C5,1,37001,35704,2026-07-03T05:41:00,35607,35012,E,40.34132,-3.7123663,10,False,4,1
2026-07-03T03:47:12Z,1081V19805C1,19805,C1,0,98305,98304,2026-07-03T06:14:00,17000,98305,E,40.4924,-3.593483,10,False,2,1
2026-07-03T03:47:12Z,1081V19529C5,19529,C5,0,35012,35002,2026-07-03T06:08:00,35607,35012,E,40.25559,-3.8284667,10,False,1,1
2026-07-03T03:47:12Z,1081V19525C5,19525,C5,0,35012,35002,2026-07-03T06:02:00,35607,35012,E,40.25559,-3.8284667,10,False,1,1
2026-07-03T03:47:12Z,1081V21512C2,21512,C2,0,17000,18002,2026-07-03T06:14:00,70200,17000,E,40.47097,-3.68245,10,False,9,2
2026-07-03T03:47:12Z,1081V19510C5,19510,C5,0,35607,35606,2026-07-03T05:53:00,35012,35607,E,40.330883,-3.8823783,10,False,2,1
2026-07-03T03:47:12Z,1081V19800C1,19800,C1,13,17000,98003,2026-07-03T06:07:00,98305,17000,A,40.484917,-3.6630294,10,False,7,2
2026-07-03T03:47:12Z,1081V19803C1,19803,C1,0,98305,98304,2026-07-03T05:59:00,17000,98305,E,40.4924,-3.593483,10,False,2,1
2026-07-03T03:47:12Z,1081V21510C2,21510,C2,0,17000,18002,2026-07-03T06:09:00,70200,17000,E,40.47097,-3.68245,10,False,9,2
2026-07-03T03:47:12Z,1081V19533C5,19533,C5,0,35012,35002,2026-07-03T06:20:00,35607,35012,E,40.25559,-3.8284667,10,False,1,1
2026-07-03T03:47:12Z,1081V20004C3,20004,C3,14,18002,18101,2026-07-03T05:51:00,60200,17000,E,40.4466,-3.6920877,10,True,8,2
2026-07-03T03:47:12Z,1081V19799C1,19799,C1,12,98003,98304,2026-07-03T05:52:00,98305,18000,17.0,40.48362,-3.6550236,10,False,2,2
2026-07-03T03:47:12Z,1081V20202C4,20202,C4,4,37011,37012,2026-07-03T05:54:00,37012,18000,0.0,40.280834,-3.7382047,10,True,2,1
2026-07-03T03:47:12Z,1081V19513C5,19513,C5,0,35010,35011,2026-07-03T05:44:00,35607,35012,S,40.29673,-3.7924793,10,False,1,1
2026-07-03T03:47:12Z,1081V20003C3,20003,C3,5,60102,60109,2026-07-03T05:49:00,17000,60200,2.0,40.305756,-3.707588,10,False,1,1
2026-07-03T03:47:12Z,1081V20002C3,20002,C3,21,18000,60100,2026-07-03T05:54:00,60200,17000,E,40.352676,-3.6839325,10,True,7,3
2026-07-03T03:47:12Z,1081V19512C5,19512,C5,0,35607,35606,2026-07-03T06:01:00,35012,35607,E,40.330883,-3.8823783,10,False,2,1
2026-07-03T03:47:12Z,1081V20705C5,20705,C5,8,35002,35010,2026-07-03T05:58:00,35607,35002,E,40.283237,-3.7991464,10,False,1,1
2026-07-03T03:47:12Z,1081V20409C4b,20409,C4b,0,18000,18101,2026-07-03T05:59:00,17005,18000,E,40.40654,-3.6895106,10,False,6,1
2026-07-03T03:47:12Z,1081V20704C5,20704,C5,0,35607,35606,2026-07-03T06:07:00,35002,35607,E,40.330883,-3.8823783,10,False,2,1
2026-07-03T03:47:12Z,1081V20209C4a,20209,C4a,7,37002,37010,2026-07-03T05:49:00,19003,37012,A,40.323135,-3.7273622,10,True,0,1
2026-07-03T03:47:12Z,1081V19519C5,19519,C5,0,35012,35002,2026-07-03T05:56:00,35607,35012,E,40.25559,-3.8284667,10,False,1,1
2026-07-03T03:47:12Z,1081V21200C10,21200,C10,0,17000,18002,2026-07-03T06:06:00,10200,17000,E,40.470848,-3.682503,10,False,8,4
2026-07-03T03:47:12Z,1081V21001C8a,21001,C8a,0,17000,97201,2026-07-03T06:03:00,10203,17000,E,40.47113,-3.6828332,10,False,11,1
2026-07-03T03:47:12Z,1081V19520C5,19520,C5,0,35607,35606,2026-07-03T06:19:00,35012,35607,E,40.330883,-3.8823783,10,False,2,1
2026-07-03T03:47:12Z,1081V21303C10,21303,C10,7,10000,18005,2026-07-03T05:49:00,17000,10000,E,40.421413,-3.7190256,10,False,1,1
2026-07-03T03:47:12Z,1081V21501C2,21501,C2,2,70112,70102,2026-07-03T05:50:00,10203,70200,E,40.464172,-3.4414766,10,False,1,1
2026-07-03T03:47:12Z,1081V21104C10,21104,C10,0,10200,10104,2026-07-03T06:14:00,17000,10200,E,40.62599,-4.0081153,10,False,4,2
2026-07-03T03:47:12Z,1081V20407C4b,20407,C4b,18,37002,37010,2026-07-03T05:49:00,17005,37012,2.0,40.310135,-3.7335668,10,True,1,1
2026-07-03T03:47:12Z,1081V21500C2,21500,C2,38,18001,18000,2026-07-03T05:52:00,70200,17000,A,40.40667,-3.689395,10,False,2,3
2026-07-03T03:47:12Z,1081V20406C4b,20406,C4b,0,17005,17004,2026-07-03T06:11:00,37012,17005,E,40.644844,-3.7762609,10,False,3,3
2026-07-03T03:47:12Z,1081V20208C4,20208,C4,0,17000,18002,2026-07-03T05:52:00,37012,17000,E,40.471325,-3.6833096,10,True,2,8
2026-07-03T03:47:12Z,1081V20207C4a,20207,C4a,2,18000,18101,2026-07-03T05:49:00,19003,18000,E,40.40654,-3.6895106,10,True,6,1
2026-07-03T03:47:12Z,1081V20009C3,20009,C3,0,60200,60105,2026-07-03T06:15:00,17000,60200,E,40.035027,-3.6189713,10,True,1,1
2026-07-03T03:47:12Z,1081V20405C4b,20405,C4b,0,17009,17003,2026-07-03T05:51:00,17005,18000,A,40.558834,-3.7141593,10,False,1,1
2026-07-03T03:47:12Z,1081V20008C3,20008,C3,0,17000,18002,2026-07-03T06:16:00,60200,17000,E,40.471382,-3.6834786,10,True,2,8
2026-07-03T03:47:12Z,1081V20206C4,20206,C4,0,37001,37010,2026-07-03T06:08:00,37012,37001,E,40.34132,-3.7123663,10,False,0,2
2026-07-03T03:47:12Z,1081V20601C8b,20601,C8b,0,17000,97201,2026-07-03T06:17:00,12006,17000,E,40.47113,-3.6828332,10,False,11,1
2026-07-03T03:47:12Z,1081V20007C3,20007,C3,0,60200,60105,2026-07-03T05:59:00,17000,60200,E,40.035027,-3.6189713,10,True,1,1
2026-07-03T03:47:12Z,1081V20403C4b,20403,C4b,16,17005,17005,2026-07-03T05:47:00,17005,17000,A,40.644844,-3.7762609,10,True,3,3
2026-07-03T03:47:12Z,1081V20205C4a,20205,C4a,6,17000,17001,2026-07-03T05:54:00,19003,37012,E,40.471325,-3.6833096,10,True,3,1
2026-07-03T03:47:12Z,1081V20411C4b,20411,C4b,3,37012,37011,2026-07-03T05:53:00,17005,37012,0.0,40.24856,-3.7652202,10,False,1,1
2026-07-03T03:47:12Z,1081V20600C8b,20600,C8b,0,12006,12005,2026-07-03T06:03:00,70200,12006,E,40.737614,-4.0662985,10,False,2,1
2026-07-03T03:47:12Z,1081V20006C3,20006,C3,0,17000,18002,2026-07-03T06:01:00,60200,17000,E,40.471382,-3.6834786,10,True,2,8
2026-07-03T03:47:12Z,1081V20204C4,20204,C4,13,18101,18000,2026-07-03T05:53:00,37012,17000,E,40.417023,-3.7031636,10,True,2,7
2026-07-03T03:47:12Z,1081V21809C7,21809,C7,0,70103,70111,2026-07-03T06:04:00,10000,70103,E,40.4889,-3.3666708,10,False,5,1
2026-07-03T03:47:12Z,1081V21807C7,21807,C7,0,18000,18001,2026-07-03T06:10:00,10000,18000,E,40.40667,-3.6893938,10,True,2,1
2026-07-03T03:47:12Z,1081V20212C4a,20212,C4a,2,19002,19001,2026-07-03T05:49:00,37012,19003,35.0,40.55089,-3.6644058,10,False,2,2
2026-07-03T03:47:12Z,1081V19502C5,19502,C5,2,35009,35001,2026-07-03T05:48:00,35012,35607,A,40.328766,-3.7714624,10,False,2,2
2026-07-03T03:47:12Z,1081V20211C4a,20211,C4a,0,37002,37010,2026-07-03T06:02:00,19003,37002,E,40.309868,-3.733689,10,True,1,1
2026-07-03T03:47:12Z,1081V21100C10,21100,C10,1,10100,10005,2026-07-03T05:52:00,17000,10200,A,40.494404,-3.8680208,10,False,4,1
2026-07-03T03:47:12Z,1081V21508C2,21508,C2,0,17000,18002,2026-07-03T06:00:00,70200,17000,E,40.47097,-3.68245,10,False,9,2
2026-07-03T03:47:12Z,1081V21506C2,21506,C2,3,18002,18001,2026-07-03T05:51:00,70200,17000,A,40.42352,-3.6912522,10,False,2,2
2026-07-03T03:47:12Z,1081V21505C2,21505,C2,0,70200,70105,2026-07-03T06:20:00,17000,70200,E,40.644257,-3.1823237,10,False,1,1
2026-07-03T03:47:12Z,1081V21703C2,21703,C2,8,70002,18000,2026-07-03T05:54:00,10203,70103,E,40.381775,-3.6681283,10,False,1,2
2026-07-03T03:47:12Z,1081V20415C4b,20415,C4b,0,37012,37011,2026-07-03T06:15:00,17005,37012,E,40.24143,-3.769159,10,True,2,1
2026-07-03T03:47:12Z,1081V21305C10,21305,C10,0,10100,10005,2026-07-03T06:12:00,17000,10100,E,40.52248,-3.8818293,10,False,5,1
2026-07-03T03:47:12Z,1081V20216C4a,20216,C4a,0,19003,19002,2026-07-03T06:07:00,37012,19003,E,40.546417,-3.6351175,10,True,2,2
2026-07-03T03:47:12Z,1081V21701C2,21701,C2,1,18001,18002,2026-07-03T05:37:00,17000,18000,S,40.42352,-3.6912522,10,True,2,1
2026-07-03T03:47:12Z,1081V21503C2,21503,C2,4,70105,70104,2026-07-03T05:51:00,17000,70200,1.0,40.560673,-3.2656178,10,False,1,1
2026-07-03T03:47:12Z,1081V21304C10,21304,C10,0,17000,18002,2026-07-03T06:21:00,10100,17000,E,40.470848,-3.682503,10,False,8,4
2026-07-03T03:47:12Z,1081V20215C4a,20215,C4a,0,37012,37011,2026-07-03T06:21:00,19003,37012,E,40.24143,-3.769159,10,False,1,1
2026-07-03T03:52:14Z,3081V23500C1,23500,C1,14,51202,51203,2026-07-03T06:18:40,51203,51003,A,37.04439,-5.914801,30,False,4,6
2026-07-03T03:52:14Z,3081V23501C1,23501,C1,2,50700,50602,2026-07-03T05:58:58,50600,51003,A,37.58157,-5.6699624,30,False,1,1
2026-07-03T03:52:14Z,3081V23601C4,23601,C4,0,51003,51009,2026-07-03T06:00:00,00000,00000,A,37.4036,-5.936382,30,False,8,2
2026-07-03T03:52:14Z,3081V23701C5,23701,C5,0,43005,43004,2026-07-03T06:08:00,51103,43005,A,37.381527,-6.193782,30,False,3,
2026-07-03T03:52:14Z,3081V23101C3,23101,C3,0,51003,50700,2026-07-03T06:08:00,40115,51003,A,37.59084,-5.7277255,30,False,,
2026-07-03T03:52:14Z,3081V23502C1,23502,C1,0,51003,51100,2026-07-03T05:59:00,51200,51003,A,37.377792,-5.9795485,30,False,9,2
2026-07-03T03:52:14Z,3081V23505C1,23505,C1,0,51200,51112,2026-07-03T06:10:00,50600,51200,A,37.27829,-5.9103913,30,False,3,1
2026-07-03T03:52:14Z,3181V23421T1,23421,T1,0,51405,51414,2026-07-03T06:04:00,51450,51405,,36.529045,-6.2877955,31,False,5,1
2026-07-03T03:52:14Z,3181V23422T1,23422,T1,0,51450,51451,2026-07-03T05:56:00,51405,51450,,36.40869,-6.1343336,31,False,2,2
2026-07-03T03:52:14Z,3281V23151C2,23151,C2,-1,54412,54410,2026-07-03T05:57:28,54405,54517,A,36.705082,-4.545475,32,False,,
2026-07-03T03:52:14Z,3281V23303C1,23303,C1,1,54511,54512,2026-07-03T05:55:17,54516,54517,20.0,36.59777,-4.5435266,32,False,2,1
2026-07-03T03:52:14Z,4081V84601C5,84601,C5,0,67211,67212,2026-07-03T06:07:00,65008,67211,,39.947292,-0.5721675,40,False,,
2026-07-03T03:52:14Z,4081V24000C2,24000,C2,0,64103,64104,2026-07-03T05:54:55,65000,64006,E,39.120583,-0.4546326,40,False,,2
2026-07-03T03:52:14Z,4081V76600C3,76600,C3,0,66206,66207,2026-07-03T06:07:00,65002,66206,A,39.47113,-0.72308433,40,False,1,1
2026-07-03T03:52:14Z,4081V84001C2,84001,C2,0,64006,64005,2026-07-03T06:11:00,64003,64006,,38.96917,-0.5866923,40,False,,
2026-07-03T03:52:14Z,4081V24001C2,24001,C2,1,64200,64107,2026-07-03T05:59:36,64006,65000,A,39.284313,-0.430191,40,False,3,1
2026-07-03T03:52:14Z,4081V24200C1,24200,C1,1,69107,69105,2026-07-03T05:58:18,65000,69110,A,39.079094,-0.22619021,40,False,1,3
2026-07-03T03:52:14Z,4081V24300C6,24300,C6,0,65000,65002,2026-07-03T06:07:00,65300,65000,,39.465065,-0.37811995,40,False,,
2026-07-03T03:52:14Z,4081V24201C1,24201,C1,0,65000,64203,2026-07-03T05:59:00,69110,65000,A,39.42246,-0.39274746,40,False,,1
2026-07-03T03:52:14Z,4081V24301C6,24301,C6,0,65207,65206,2026-07-03T05:57:18,65000,65300,A,39.85307,-0.15246475,40,False,1,1
2026-07-03T03:52:14Z,4081V24380C6,24380,C6,1,65000,65002,2026-07-03T05:58:11,65312,65000,12.0,39.461174,-0.37922958,40,False,21,
2026-07-03T03:52:14Z,4081V84004C2,84004,C2,0,64003,64004,2026-07-03T06:18:00,64006,64003,,38.878082,-0.7535829,40,False,,
2026-07-03T03:52:14Z,4081V76654C3,76654,C3,0,65000,65002,2026-07-03T06:13:00,66200,65000,,39.466278,-0.37721187,40,False,,4B
2026-07-03T03:52:14Z,5181V25604R1,25604,R1,1,79412,79410,2026-07-03T05:53:56,72305,79603,E,41.50672,2.4016483,50,True,2,2
2026-07-03T03:52:14Z,5181V28264R2S,28264,R2S,8,71701,71703,2026-07-03T05:59:42,79400,71600,E,41.23921,1.8097008,50,False,2,2
2026-07-03T03:52:14Z,5181V28263R2S,28263,R2S,-1,71708,71707,2026-07-03T05:55:00,71700,79400,E,41.35488,2.1156967,50,True,,1
2026-07-03T03:52:14Z,5181V28400R2N,28400,R2N,1,71707,72400,2026-07-03T05:57:22,72400,79100,E,41.3306,2.0894625,50,True,3,1
2026-07-03T03:52:14Z,5181V77400R4,77400,R4,1,72209,72210,2026-07-03T05:55:37,78600,71600,E,41.47872,1.9255537,50,False,2,2
2026-07-03T03:52:14Z,5181V77504R4,77504,R4,0,71801,72305,2026-07-03T05:59:08,71600,78700,E,41.379536,2.1411612,50,False,8,4
2026-07-03T03:52:14Z,5181V25702R1,25702,R1,2,71801,72305,2026-07-03T05:57:49,72305,79500,18.0,41.374706,2.134745,50,True,,
2026-07-03T03:52:14Z,5181V78288R2,78288,R2,3,71707,71708,2026-07-03T05:56:57,79200,71700,2.0,41.330997,2.0893226,50,True,4,
2026-07-03T03:52:14Z,5181V33521R4,15631,R4,0,78600,78506,2026-07-03T05:55:29,78400,78600,71.0,41.72026,1.8264221,50,False,,
2026-07-03T03:52:14Z,5181V78940R11,15250,R11,0,79309,79308,2026-07-03T05:54:00,79200,79309,,42.265114,2.968971,50,False,,
2026-07-03T03:52:14Z,5181V18120R16,18120,R16,0,65400,65402,2026-07-03T05:55:00,79400,65400,,40.807198,0.5228472,50,True,,
2026-07-03T03:52:14Z,5181V77506R4,77506,R4,1,78706,78707,2026-07-03T05:53:54,71600,78700,39.0,41.48713,2.1547232,50,True,,2
2026-07-03T03:52:14Z,5181V18121R16,18121,R16,6,79400,71802,2026-07-03T06:00:48,65400,79400,12.0,41.385166,2.1913948,50,True,,
2026-07-03T03:52:14Z,5181V25704R1,25704,R1,0,79500,79412,2026-07-03T06:05:00,72305,79500,A,41.50672,2.4016483,50,True,5,2
2026-07-03T03:52:14Z,5181V15002R15,15002,R15,0,71400,71401,2026-07-03T06:15:00,79400,71400,,41.160637,1.1000068,50,True,,
2026-07-03T03:52:14Z,5181V78846R11,15760,R11,0,79315,79312,2026-07-03T05:56:00,71801,79315,,42.424557,3.1579165,50,True,,
2026-07-03T03:52:14Z,5181V77402R4,77402,R4,4,72203,72204,2026-07-03T05:56:07,78600,71600,19.0,41.31903,1.6691386,50,False,2,2
2026-07-03T03:52:14Z,5181V77600R4,77600,R4,2,78800,78708,2026-07-03T05:54:54,78600,72209,E,41.48388,2.1847994,50,False,6,1
2026-07-03T03:52:14Z,5181V15000R15,15000,R15,-2,71500,71502,2026-07-03T06:03:18,79400,71400,A,41.13657,1.3734233,50,False,,
2026-07-03T03:52:14Z,5181V77502R4,77502,R4,0,72211,72210,2026-07-03T05:55:32,71600,78700,A,41.473316,1.967515,50,False,,2
2026-07-03T03:52:14Z,5181V25400R2,25400,R2,8,79004,79005,2026-07-03T05:58:03,79104,71700,E,41.436115,2.1933901,50,True,1,
2026-07-03T03:52:14Z,5181V77602R4,77602,R4,3,72305,71801,2026-07-03T05:59:30,78600,72209,A,41.379536,2.1411612,50,False,1,
2026-07-03T03:52:14Z,5181V28556R2N,28556,R2N,0,71708,71801,2026-07-03T05:57:08,79400,72400,E,41.35488,2.1156967,50,True,,
2026-07-03T03:52:14Z,5181V25602R1,25602,R1,1,79403,79009,2026-07-03T05:58:24,72305,79603,E,41.42436,2.2305613,50,True,,3
2026-07-03T03:52:14Z,5181V25601R1,25601,R1,0,71801,78805,2026-07-03T05:58:42,79200,72305,A,41.387875,2.1697214,50,False,9,1
2026-07-03T03:52:14Z,5181V78844R11,15770,R11,0,79309,79303,2026-07-03T06:00:00,71801,79309,,42.265114,2.968971,50,True,,
2026-07-03T03:52:14Z,5181V28404R2N,28404,R2N,1,79101,79109,2026-07-03T05:56:26,72400,79104,13.0,41.636,2.347324,50,True,2,2
2026-07-03T03:52:14Z,5181V77702R4,77702,R4,2,78802,78806,2026-07-03T05:53:56,72209,78800,7.0,41.430275,2.1831505,50,True,2,2
2026-07-03T03:52:14Z,5181V28402R2N,28402,R2N,5,79004,79009,2026-07-03T06:00:09,72400,79100,A,41.409042,2.1873875,50,True,2,1
2026-07-03T03:52:14Z,6081V26005C2,26005,C2,0,13200,13205,2026-07-03T05:55:00,13506,13200,A,43.256733,-2.9322033,60,False,2,1
2026-07-03T03:52:14Z,6081V26500C3,26500,C3,3,13102,13121,2026-07-03T05:51:33,13100,13200,E,43.07418,-2.9994733,60,False,,2
2026-07-03T03:52:14Z,6081V26004C2,26004,C2,0,13506,13505,2026-07-03T05:57:00,13200,13506,A,43.315636,-3.0911126,60,False,1,1
2026-07-03T03:52:14Z,6081V26103C1,26103,C1,0,13304,13305,2026-07-03T05:54:35,13405,13200,A,43.2878,-2.975288,60,False,1,1
2026-07-03T03:52:14Z,6081V26502C3,26502,C3,-1,13117,13107,2026-07-03T05:53:20,13100,13200,E,43.153534,-2.9381597,60,False,,
2026-07-03T03:52:14Z,6081V71503C4,71503,C4,0,05485,05483,2026-07-03T06:00:00,05451,05485,A,43.196415,-3.1899889,60,False,1,1
2026-07-03T03:52:14Z,6081V71501C4,71501,C4,-1,05471,05470,2026-07-03T05:53:00,05451,05485,E,43.208946,-3.09538,60,False,,1
2026-07-03T03:52:14Z,6081V71500C4,71500,C4,0,05451,13206,2026-07-03T06:03:00,05485,05451,A,43.254723,-2.9436562,60,False,4,2AM
2026-07-03T03:52:14Z,6081V26501C3,26501,C3,1,13113,13114,2026-07-03T05:56:11,13200,13100,18.0,43.236897,-2.889748,60,False,1,1
2026-07-03T03:52:14Z,6081V26104C1,26104,C1,0,13405,13404,2026-07-03T06:00:00,13200,13405,A,43.3262,-3.023556,60,False,1,2
2026-07-03T03:52:14Z,6081V26102C1,26102,C1,1,13303,13208,2026-07-03T05:54:42,13200,13405,A,43.26169,-2.948731,60,False,2,2
2026-07-03T03:52:14Z,6081V26003C2,26003,C2,1,13501,13502,2026-07-03T05:52:32,13506,13200,E,43.304123,-3.010197,60,False,3,1
2026-07-03T03:52:14Z,6081V26002C2,26002,C2,3,13502,13501,2026-07-03T05:51:51,13200,13506,E,43.302948,-3.0169492,60,False,,1
2026-07-03T03:52:14Z,6081V26503C3,26503,C3,2,13104,13106,2026-07-03T05:54:31,13200,13100,E,43.132793,-2.9697878,60,False,,1
2026-07-03T03:52:14Z,6081V26001C2,26001,C2,5,13505,13506,2026-07-03T05:53:55,13506,13200,38.0,43.31228,-3.1005244,60,False,,
2026-07-03T03:52:14Z,6081V26105C1,26105,C1,0,13200,13205,2026-07-03T06:06:00,13405,13200,A,43.256733,-2.9322033,60,False,1,1
2026-07-03T03:52:14Z,6081V26504C3,26504,C3,1,13200,13120,2026-07-03T05:53:19,13100,13200,38.0,43.25705,-2.93198,60,False,5,2
2026-07-03T03:52:14Z,6081V26600C3,26600,C3,0,13110,13115,2026-07-03T05:54:43,13106,13200,A,43.176933,-2.909058,60,False,2,2
2026-07-03T03:52:14Z,6081V26602C3,26602,C3,0,13200,13120,2026-07-03T06:02:00,13106,13200,A,43.25035,-2.930641,60,False,4,2
2026-07-03T03:52:14Z,6181V32770C1,32770,C1,-1,11503,11502,2026-07-03T05:54:40,11400,11516,E,43.18919,-2.0554729,61,False,,2
2026-07-03T03:52:14Z,6181V32700C1,32700,C1,0,11510,11509,2026-07-03T05:54:17,11305,11600,E,43.304573,-1.9636635,61,False,,2
2026-07-03T03:52:14Z,6181V32769C1,32769,C1,7,11503,11504,2026-07-03T05:54:45,11600,11400,33.0,43.19595,-2.0440726,61,False,,1
2026-07-03T03:52:14Z,6281V71104C2,71104,C2,0,14223,05602,2026-07-03T06:01:00,05623,14223,A,43.452877,-3.8282192,62,True,2,2
2026-07-03T03:52:14Z,6281V71351C3,71351,C3,1,14223,05602,2026-07-03T05:54:06,05657,14223,32.0,43.45643,-3.816627,62,True,9,7
2026-07-03T03:52:14Z,4781V71080C1,71080,C1,0,05761,05762,2026-07-03T06:02:00,05803,05761,17.0,42.79889,-5.133953,47,False,,
2026-07-03T03:52:14Z,4781V71091C1,71091,C1,0,05790,05760,2026-07-03T05:56:00,05753,05761,56.0,42.77844,-5.1003585,47,False,,
2026-07-03T03:52:14Z,2081V70755C6,70755,C6,0,05509,05513,2026-07-03T06:21:00,05513,05509,E,43.3823,-5.7026434,20,False,1,4
2026-07-03T03:52:14Z,2081V22200C2,22200,C2,0,15209,15208,2026-07-03T05:56:00,16011,15211,A,43.306328,-5.855887,20,False,2,2
2026-07-03T03:52:14Z,2081V70502C7,70502,C7,0,05325,05327,2026-07-03T06:18:00,05329,05325,E,43.490948,-6.1104946,20,False,4,2
2026-07-03T03:52:14Z,2081V22101C1,22101,C1,0,15400,15401,2026-07-03T05:49:00,15410,15218,E,43.541653,-5.722776,20,False,1,1
2026-07-03T03:52:14Z,2081V70750C6,70750,C6,0,05507,05505,2026-07-03T05:56:00,05501,05513,E,43.381004,-5.7487216,20,False,2,2
2026-07-03T03:52:14Z,2081V70752C6,70752,C6,0,05513,05509,2026-07-03T06:15:00,05501,05513,E,43.388065,-5.664932,20,False,3,2
2026-07-03T03:52:14Z,2081V22202C2,22202,C2,0,15211,15218,2026-07-03T06:23:00,16011,15211,E,43.366478,-5.855087,20,False,2,2
2026-07-03T03:52:14Z,2081V70400C5,70400,C5,0,05427,05426,2026-07-03T05:54:00,05201,05443,E,43.296936,-5.6802325,20,False,1,1
2026-07-03T03:52:14Z,2081V70201C4,70201,C4,0,05211,05210,2026-07-03T06:17:00,05201,05211,E,43.58464,-5.772605,20,False,1,1
2026-07-03T03:52:14Z,2081V70501C7,70501,C7,0,05308,05306,2026-07-03T05:53:00,05501,05311,E,43.356472,-5.9650364,20,False,1,1
2026-07-03T03:52:14Z,2081V22000C1,22000,C1,0,15211,15218,2026-07-03T05:57:00,15122,15211,E,43.36655,-5.854991,20,False,2,2
2026-07-03T03:52:14Z,2081V70753C6,70753,C6,0,05509,05513,2026-07-03T06:00:00,05513,05509,E,43.3823,-5.7026434,20,False,1,4
2026-07-03T03:52:14Z,2081V70801C6,70801,C6,0,05509,05513,2026-07-03T06:17:00,05523,05509,E,43.3823,-5.7026434,20,False,1,4
2026-07-03T03:52:14Z,2081V22002C1,22002,C1,0,15211,15218,2026-07-03T06:17:00,15122,15211,E,43.36655,-5.854991,20,False,2,2
2026-07-03T03:52:14Z,2081V70900C8,70900,C8,0,05379,05381,2026-07-03T05:59:00,05389,05373,A,43.16655,-5.7221513,20,False,3,2
2026-07-03T03:52:14Z,2081V22004C1,22004,C1,0,15410,15401,2026-07-03T06:14:00,15118,15410,E,43.537712,-5.676047,20,False,2,2
2026-07-03T03:52:14Z,2081V22103C1,22103,C1,0,15212,15300,2026-07-03T05:55:00,15410,15218,27.0,43.41456,-5.807554,20,False,1,3
2026-07-03T03:52:14Z,2081V22303C3,22303,C3,0,15218,15211,2026-07-03T05:55:00,16405,15218,E,43.3588,-5.8573804,20,False,1,1
2026-07-03T03:52:14Z,4181V84901C2,84901,C2,0,61200,06002,2026-07-03T06:35:00,06006,61200,E,37.97462,-1.1315287,41,False,1,2
2026-07-03T03:52:14Z,4181V24701C1,24701,C1,0,62109,62104,2026-07-03T06:06:00,61200,60911,A,38.289753,-0.58249927,41,False,1,1
2026-07-03T03:52:14Z,4181V84900C2,84900,C2,0,06006,06005,2026-07-03T06:14:00,61200,06006,E,37.672035,-1.6961039,41,False,1,1
2026-07-03T03:52:14Z,4181V24700C1,24700,C1,0,61200,62001,2026-07-03T05:59:00,60911,61200,50.0,37.99171,-1.0561229,41,False,2,4
2026-07-03T03:52:14Z,1081V19520C5,19520,C5,0,35607,35606,2026-07-03T06:19:00,35012,35607,E,40.330883,-3.8823783,10,False,2,1
2026-07-03T03:52:14Z,1081V21503C2,21503,C2,1,70107,70103,2026-07-03T05:59:00,17000,70200,E,40.50538,-3.3352833,10,False,1,5
2026-07-03T03:52:14Z,1081V21000C8a,21000,C8a,2,10202,10201,2026-07-03T05:55:00,70200,10203,A,40.61781,-4.031033,10,False,2,2
2026-07-03T03:52:14Z,1081V21304C10,21304,C10,0,17000,18002,2026-07-03T06:21:00,10100,17000,E,40.470848,-3.682503,10,False,8,4
2026-07-03T03:52:14Z,1081V21804C7,21804,C7,0,10000,10001,2026-07-03T06:13:00,70103,10000,E,40.42163,-3.7193205,10,False,2,2
2026-07-03T03:52:14Z,1081V20215C4a,20215,C4a,0,37012,37011,2026-07-03T06:21:00,19003,37012,E,40.24143,-3.769159,10,False,1,1
2026-07-03T03:52:14Z,1081V21605C2,21605,C2,0,70200,70105,2026-07-03T06:03:00,12006,70200,E,40.644257,-3.1823237,10,False,1,1
2026-07-03T03:52:14Z,1081V20413C4b,20413,C4b,1,37012,37011,2026-07-03T06:06:00,17005,37012,E,40.24143,-3.769159,10,False,1,1
2026-07-03T03:52:14Z,1081V21802C7,21802,C7,0,17000,18002,2026-07-03T06:24:00,70103,17000,E,40.47113,-3.6828332,10,True,7,2
2026-07-03T03:52:14Z,1081V21603C2,21603,C2,3,70103,70111,2026-07-03T05:54:00,12006,70200,E,40.489193,-3.3662832,10,False,5,1
2026-07-03T03:52:14Z,1081V19508C5,19508,C5,0,35604,35603,2026-07-03T05:53:00,35012,35607,E,40.356674,-3.8156087,10,False,1,1
2026-07-03T03:52:14Z,1081V21601C2,21601,C2,1,70003,70002,2026-07-03T05:54:00,12006,70200,E,40.37616,-3.6561291,10,True,1,1
2026-07-03T03:52:14Z,1081V35975C2,35975,C2,0,70200,70105,2026-07-03T06:11:00,17000,70200,E,40.644257,-3.1823237,10,False,1,1
2026-07-03T03:52:14Z,1081V19509C5,19509,C5,0,35704,35703,2026-07-03T05:50:00,35607,35012,E,40.35043,-3.705141,10,False,1,1
2026-07-03T03:52:14Z,1081V19504C5,19504,C5,0,35703,35704,2026-07-03T05:53:00,35012,35607,A,40.35043,-3.705141,10,False,2,2
2026-07-03T03:52:14Z,1081V35973C2,35973,C2,10,70101,98003,2026-07-03T06:05:00,17000,70103,0.0,40.43862,-3.546434,10,False,3,1
2026-07-03T03:52:14Z,1081V20708C5,20708,C5,0,35607,35606,2026-07-03T06:13:00,35002,35607,E,40.330883,-3.8823783,10,False,2,1
2026-07-03T03:52:14Z,1081V19503C5,19503,C5,2,35609,35608,2026-07-03T05:51:00,35607,35012,S,40.405067,-3.7026901,10,False,2,2
2026-07-03T03:52:14Z,1081V20707C5,20707,C5,0,35002,35010,2026-07-03T06:15:00,35607,35002,E,40.283237,-3.7991464,10,False,1,1
2026-07-03T03:52:14Z,1081V19805C1,19805,C1,0,98305,98304,2026-07-03T06:14:00,17000,98305,E,40.4924,-3.593483,10,False,2,1
2026-07-03T03:52:14Z,1081V19506C5,19506,C5,0,35608,35609,2026-07-03T05:54:00,35012,35607,E,40.4924,-3.593483,10,False,1,1
2026-07-03T03:52:14Z,1081V19529C5,19529,C5,0,35012,35002,2026-07-03T06:08:00,35607,35012,E,40.25559,-3.8284667,10,False,1,1
2026-07-03T03:52:14Z,1081V19525C5,19525,C5,0,35012,35002,2026-07-03T06:02:00,35607,35012,E,40.25559,-3.8284667,10,False,1,1
2026-07-03T03:52:14Z,1081V19505C5,19505,C5,0,35703,35702,2026-07-03T05:44:00,35607,35012,E,40.367134,-3.7043796,10,False,1,1
2026-07-03T03:52:14Z,1081V21512C2,21512,C2,0,17000,18002,2026-07-03T06:14:00,70200,17000,E,40.47097,-3.68245,10,False,9,2
2026-07-03T03:52:14Z,1081V19510C5,19510,C5,0,35606,35610,2026-07-03T05:56:00,35012,35607,A,40.34195,-3.8423326,10,False,1,1
2026-07-03T03:52:14Z,1081V21510C2,21510,C2,0,17000,18002,2026-07-03T06:09:00,70200,17000,E,40.47097,-3.68245,10,False,9,2
2026-07-03T03:52:14Z,1081V19799C1,19799,C1,7,98305,98305,2026-07-03T05:52:00,98305,18000,A,40.4924,-3.593483,10,False,1,1
2026-07-03T03:52:14Z,1081V19513C5,19513,C5,0,35009,37001,2026-07-03T05:53:00,35607,35012,A,40.34132,-3.7123663,10,False,1,4
2026-07-03T03:52:14Z,1081V19512C5,19512,C5,0,35607,35606,2026-07-03T06:01:00,35012,35607,E,40.330883,-3.8823783,10,False,2,1
2026-07-03T03:52:14Z,1081V20705C5,20705,C5,1,35011,35001,2026-07-03T05:56:00,35607,35002,A,40.328766,-3.7714624,10,False,1,1
2026-07-03T03:52:14Z,1081V20704C5,20704,C5,0,35607,35606,2026-07-03T06:07:00,35002,35607,E,40.330883,-3.8823783,10,False,2,1
2026-07-03T03:52:14Z,1081V19800C1,19800,C1,1,17000,98003,2026-07-03T05:55:00,98305,17000,27.0,40.47841,-3.6795244,10,False,12,2
2026-07-03T03:52:14Z,1081V19519C5,19519,C5,4,35012,35002,2026-07-03T06:00:00,35607,35012,E,40.25559,-3.8284667,10,False,1,1
2026-07-03T03:52:14Z,1081V19803C1,19803,C1,0,98305,98304,2026-07-03T05:59:00,17000,98305,E,40.4924,-3.593483,10,False,2,1
2026-07-03T03:52:14Z,1081V19802C1,19802,C1,0,17000,98003,2026-07-03T06:24:00,98305,17000,E,40.47102,-3.6825693,10,False,12,2
2026-07-03T03:52:14Z,1081V21200C10,21200,C10,0,17000,18002,2026-07-03T06:06:00,10200,17000,E,40.470848,-3.682503,10,False,8,4
2026-07-03T03:52:14Z,1081V19533C5,19533,C5,0,35012,35002,2026-07-03T06:20:00,35607,35012,E,40.25559,-3.8284667,10,False,1,1
2026-07-03T03:52:14Z,1081V21001C8a,21001,C8a,0,17000,97201,2026-07-03T06:03:00,10203,17000,E,40.47113,-3.6828332,10,False,11,1
2026-07-03T03:52:14Z,1081V21303C10,21303,C10,12,10000,18005,2026-07-03T05:54:00,17000,10000,E,40.421413,-3.7190256,10,False,1,1
2026-07-03T03:52:14Z,1081V20005C3,20005,C3,5,60105,60104,2026-07-03T05:57:00,17000,60200,1.0,40.16757,-3.6157548,10,False,1,1
2026-07-03T03:52:14Z,1081V21501C2,21501,C2,3,70102,70101,2026-07-03T05:56:00,10203,70200,21.0,40.452152,-3.4910996,10,False,1,1
2026-07-03T03:52:14Z,1081V21104C10,21104,C10,2,10200,10104,2026-07-03T06:16:00,17000,10200,E,40.62599,-4.0081153,10,False,3,2
2026-07-03T03:52:14Z,1081V21500C2,21500,C2,38,18000,70002,2026-07-03T05:56:00,70200,17000,E,40.381775,-3.6681283,10,False,3,2
2026-07-03T03:52:14Z,1081V20411C4b,20411,C4b,0,37002,37010,2026-07-03T05:55:00,17005,37012,A,40.323135,-3.7273622,10,True,1,1
2026-07-03T03:52:14Z,1081V20004C3,20004,C3,14,18101,18000,2026-07-03T05:57:00,60200,17000,1.0,40.416855,-3.7032573,10,True,2,7
2026-07-03T03:52:14Z,1081V20003C3,20003,C3,2,60107,60100,2026-07-03T05:55:00,17000,60200,A,40.352676,-3.6839325,10,False,1,4
2026-07-03T03:52:14Z,1081V20206C4,20206,C4,0,37001,37010,2026-07-03T06:08:00,37012,37001,E,40.34132,-3.7123663,10,False,0,2
2026-07-03T03:52:14Z,1081V20601C8b,20601,C8b,0,17000,97201,2026-07-03T06:17:00,12006,17000,E,40.47113,-3.6828332,10,False,11,1
2026-07-03T03:52:14Z,1081V20212C4a,20212,C4a,2,17009,17001,2026-07-03T05:58:00,37012,19003,1.0,40.54373,-3.7003317,10,True,2,2
2026-07-03T03:52:14Z,1081V19502C5,19502,C5,1,35010,35002,2026-07-03T05:56:00,35012,35607,A,40.283237,-3.7991464,10,False,2,2
2026-07-03T03:52:14Z,1081V20211C4a,20211,C4a,0,37002,37010,2026-07-03T06:02:00,19003,37002,E,40.309868,-3.733689,10,True,1,1
2026-07-03T03:52:14Z,1081V20210C4,20210,C4,0,37001,37010,2026-07-03T06:22:00,37012,37001,E,40.34132,-3.7123663,10,True,2,2
2026-07-03T03:52:14Z,1081V20011C3,20011,C3,0,60200,60105,2026-07-03T06:30:00,17000,60200,E,40.035027,-3.6189713,10,True,1,1
2026-07-03T03:52:14Z,1081V20007C3,20007,C3,1,60200,60105,2026-07-03T06:00:00,17000,60200,12.0,40.04913,-3.6257164,10,True,5,1
2026-07-03T03:52:14Z,1081V21100C10,21100,C10,0,10005,10007,2026-07-03T05:54:00,17000,10200,A,40.474438,-3.846226,10,False,1,1
2026-07-03T03:52:14Z,1081V21508C2,21508,C2,0,17000,18002,2026-07-03T06:00:00,70200,17000,E,40.47097,-3.68245,10,False,9,2
2026-07-03T03:52:14Z,1081V21506C2,21506,C2,8,18002,18001,2026-07-03T05:56:00,70200,17000,E,40.44655,-3.691473,10,False,2,2
2026-07-03T03:52:14Z,1081V20218C4a,20218,C4a,0,19003,19002,2026-07-03T06:20:00,37012,19003,E,40.546417,-3.6351175,10,True,2,2
2026-07-03T03:52:14Z,1081V21505C2,21505,C2,0,70200,70105,2026-07-03T06:20:00,17000,70200,E,40.644257,-3.1823237,10,False,1,1
2026-07-03T03:52:14Z,1081V21703C2,21703,C2,6,18000,18001,2026-07-03T05:54:00,10203,70103,E,40.42352,-3.6912522,10,False,1,1
2026-07-03T03:52:14Z,1081V20205C4a,20205,C4a,7,17000,17001,2026-07-03T05:55:00,19003,37012,27.0,40.479656,-3.68032,10,True,3,1
2026-07-03T03:52:14Z,1081V20415C4b,20415,C4b,0,37012,37011,2026-07-03T06:15:00,17005,37012,E,40.24143,-3.769159,10,True,2,1
2026-07-03T03:52:14Z,1081V20600C8b,20600,C8b,0,12006,12005,2026-07-03T06:03:00,70200,12006,E,40.737614,-4.0662985,10,False,2,1
2026-07-03T03:52:14Z,1081V21504C2,21504,C2,16,18001,18000,2026-07-03T05:58:00,70200,18002,A,40.40667,-3.689395,10,True,2,3
2026-07-03T03:52:14Z,1081V20006C3,20006,C3,0,17000,18002,2026-07-03T06:01:00,60200,17000,E,40.471382,-3.6834786,10,True,2,8
2026-07-03T03:52:14Z,1081V21305C10,21305,C10,0,10100,10005,2026-07-03T06:12:00,17000,10100,E,40.52248,-3.8818293,10,False,5,1
2026-07-03T03:52:14Z,1081V20402C4b,20402,C4b,9,17005,17004,2026-07-03T05:57:00,37012,17005,E,40.644844,-3.7762609,10,True,3,3
2026-07-03T03:52:14Z,1081V20216C4a,20216,C4a,0,19003,19002,2026-07-03T06:07:00,37012,19003,E,40.546417,-3.6351175,10,True,2,2
2026-07-03T03:52:14Z,1081V21701C2,21701,C2,20,18001,18002,2026-07-03T05:56:00,17000,18000,A,40.44655,-3.691473,10,True,1,1
2026-07-03T03:52:14Z,1081V20409C4b,20409,C4b,0,18000,18101,2026-07-03T05:59:00,17005,18000,E,40.40654,-3.6895106,10,False,6,1
2026-07-03T03:52:14Z,1081V20408C4b,20408,C4b,0,17005,17004,2026-07-03T06:24:00,37012,17005,E,40.644844,-3.7762609,10,False,3,3
2026-07-03T03:52:14Z,1081V20209C4a,20209,C4a,9,37010,37001,2026-07-03T05:55:00,19003,37012,E,40.323135,-3.7273622,10,True,1,1
2026-07-03T03:52:14Z,1081V20407C4b,20407,C4b,17,37001,60100,2026-07-03T05:56:00,17005,37012,E,40.34132,-3.7123663,10,True,1,2
2026-07-03T03:52:14Z,1081V20406C4b,20406,C4b,0,17005,17004,2026-07-03T06:11:00,37012,17005,E,40.644844,-3.7762609,10,False,3,3
2026-07-03T03:52:14Z,1081V20204C4,20204,C4,12,18000,60100,2026-07-03T05:59:00,37012,17000,1.0,40.40654,-3.6895106,10,True,6,1
2026-07-03T03:52:14Z,1081V20208C4,20208,C4,3,17000,18002,2026-07-03T05:55:00,37012,17000,E,40.471325,-3.6833096,10,True,2,8
2026-07-03T03:52:14Z,1081V20009C3,20009,C3,0,60200,60105,2026-07-03T06:15:00,17000,60200,E,40.035027,-3.6189713,10,True,1,1
2026-07-03T03:52:14Z,1081V21809C7,21809,C7,0,70103,70111,2026-07-03T06:04:00,10000,70103,E,40.4889,-3.3666708,10,False,5,1
2026-07-03T03:52:14Z,1081V21807C7,21807,C7,0,18000,18001,2026-07-03T06:10:00,10000,18000,E,40.40667,-3.6893938,10,True,2,1
2026-07-03T03:52:14Z,1081V19537C5,19537,C5,0,35012,35002,2026-07-03T06:25:00,35607,35012,E,40.25559,-3.8284667,10,False,1,1
2026-07-03T03:52:14Z,1081V20207C4a,20207,C4a,7,18000,18101,2026-07-03T05:54:00,19003,18000,4.0,40.407066,-3.6900842,10,True,5,1
2026-07-03T03:52:14Z,1081V20405C4b,20405,C4b,4,17009,17003,2026-07-03T05:55:00,17005,18000,E,40.54373,-3.7003317,10,False,1,1
2026-07-03T03:52:14Z,1081V20008C3,20008,C3,0,17000,18002,2026-07-03T06:16:00,60200,17000,E,40.471382,-3.6834786,10,True,2,8
2026-07-03T03:57:26Z,3081V23500C1,23500,C1,17,51202,51203,2026-07-03T06:21:32,51203,51003,A,36.911682,-6.095153,30,False,4,6
2026-07-03T03:57:26Z,3081V23501C1,23501,C1,2,50602,50600,2026-07-03T06:09:24,50600,51003,A,37.661293,-5.5310225,30,False,1,6
2026-07-03T03:57:26Z,3081V23505C1,23505,C1,0,51200,51112,2026-07-03T06:10:00,50600,51200,A,37.27829,-5.9103913,30,False,3,1
2026-07-03T03:57:26Z,3081V23101C3,23101,C3,0,51003,50700,2026-07-03T06:08:00,40115,51003,A,37.59084,-5.7277255,30,False,,
2026-07-03T03:57:26Z,3081V23801C5,23801,C5,0,51003,43000,2026-07-03T06:23:00,43005,51003,A,37.434105,-5.9807305,30,False,8,2
2026-07-03T03:57:26Z,3081V23504C1,23504,C1,0,50700,50701,2026-07-03T06:15:00,51200,50700,A,37.574757,-5.8031654,30,False,4,2
2026-07-03T03:57:26Z,3081V23502C1,23502,C1,-1,51100,51110,2026-07-03T06:01:21,51200,51003,A,37.362885,-5.97583,30,False,2,2
2026-07-03T03:57:26Z,3081V23701C5,23701,C5,0,43005,43004,2026-07-03T06:08:00,51103,43005,A,37.381527,-6.193782,30,False,3,
2026-07-03T03:57:26Z,3181V23421T1,23421,T1,0,51405,51414,2026-07-03T06:04:00,51450,51405,,36.529045,-6.2877955,31,False,5,1
2026-07-03T03:57:26Z,3181V23422T1,23422,T1,0,51452,51453,2026-07-03T06:01:00,51405,51450,A,36.4204,-6.144762,31,False,2,2
2026-07-03T03:57:26Z,3281V23303C1,23303,C1,1,54513,54514,2026-07-03T05:59:31,54516,54517,A,36.564964,-4.6067243,32,False,1,1
2026-07-03T03:57:26Z,3281V23302C1,23302,C1,0,54516,54515,2026-07-03T06:12:00,54517,54516,A,36.55467,-4.6145897,32,False,1,1
2026-07-03T03:57:26Z,3281V23151C2,23151,C2,-1,54410,54408,2026-07-03T06:03:20,54405,54517,A,36.73392,-4.6084566,32,False,,
2026-07-03T03:57:26Z,4081V84004C2,84004,C2,0,64003,64004,2026-07-03T06:18:00,64006,64003,,38.878082,-0.7535829,40,False,,
2026-07-03T03:57:26Z,4081V76654C3,76654,C3,0,65000,65002,2026-07-03T06:13:00,66200,65000,,39.466278,-0.37721187,40,False,,4B
2026-07-03T03:57:26Z,4081V84601C5,84601,C5,0,67211,67212,2026-07-03T06:07:00,65008,67211,,39.947292,-0.5721675,40,False,,
2026-07-03T03:57:26Z,4081V24000C2,24000,C2,0,64104,64105,2026-07-03T06:01:27,65000,64006,E,39.153164,-0.4508683,40,False,,2
2026-07-03T03:57:26Z,4081V84001C2,84001,C2,0,64006,64005,2026-07-03T06:11:00,64003,64006,,38.96917,-0.5866923,40,False,,
2026-07-03T03:57:26Z,4081V76600C3,76600,C3,0,66206,66207,2026-07-03T06:07:00,65002,66206,A,39.47113,-0.72308433,40,False,1,1
2026-07-03T03:57:26Z,4081V24001C2,24001,C2,0,64107,64105,2026-07-03T06:06:52,64006,65000,A,39.19323,-0.4412666,40,False,1,1
2026-07-03T03:57:26Z,4081V24200C1,24200,C1,3,69105,69104,2026-07-03T06:10:30,65000,69110,A,39.177853,-0.26344925,40,False,3,2
2026-07-03T03:57:26Z,4081V24003C2,24003,C2,0,65000,64203,2026-07-03T06:18:00,64006,65000,,39.466305,-0.37739235,40,False,,1
2026-07-03T03:57:26Z,4081V24300C6,24300,C6,0,65000,65002,2026-07-03T06:07:00,65300,65000,,39.465065,-0.37811995,40,False,,
2026-07-03T03:57:26Z,4081V24201C1,24201,C1,-1,64203,64202,2026-07-03T06:01:06,69110,65000,A,39.409153,-0.39521268,40,False,,1
2026-07-03T03:57:26Z,4081V24202C1,24202,C1,0,69110,69107,2026-07-03T06:16:00,65000,69110,A,39.02619,-0.21494265,40,False,2,
2026-07-03T03:57:26Z,4081V24301C6,24301,C6,1,65207,65206,2026-07-03T05:58:05,65000,65300,86.0,39.85936,-0.14587583,40,False,,1
2026-07-03T03:57:26Z,4081V24107C2,24107,C2,0,64100,64006,2026-07-03T06:14:00,64006,64100,A,38.96917,-0.5866923,40,False,1,
2026-07-03T03:57:26Z,4081V24380C6,24380,C6,0,65002,65003,2026-07-03T06:03:31,65312,65000,E,39.441483,-0.37143394,40,False,,
2026-07-03T03:57:26Z,4081V24381C6,24381,C6,0,65300,65208,2026-07-03T06:16:00,65000,65300,,39.988213,-0.052072257,40,False,,1
2026-07-03T03:57:26Z,5181V78844R11,15770,R11,0,79309,79303,2026-07-03T06:00:00,71801,79309,,42.265114,2.968971,50,True,,
2026-07-03T03:57:26Z,5181V28404R2N,28404,R2N,0,79100,79007,2026-07-03T06:03:48,72400,79104,A,41.617252,2.2944446,50,True,2,2
2026-07-03T03:57:26Z,5181V25601R1,25601,R1,-1,78805,78804,2026-07-03T06:02:05,79200,72305,A,41.391903,2.1806395,50,False,1,1
2026-07-03T03:57:26Z,5181V28402R2N,28402,R2N,5,79009,71802,2026-07-03T06:05:32,72400,79100,A,41.392376,2.1651223,50,True,1,
2026-07-03T03:57:26Z,5181V25703R1,25703,R1,0,72305,71801,2026-07-03T06:15:00,79600,72305,A,41.36431,2.1008937,50,False,,
2026-07-03T03:57:26Z,5181V28506R2,28506,R2,1,71700,71701,2026-07-03T06:05:47,79100,71600,A,41.27745,1.9777229,50,True,3,2
2026-07-03T03:57:26Z,5181V25604R1,25604,R1,2,79409,79408,2026-07-03T06:01:36,72305,79603,A,41.47896,2.3195477,50,True,2,2
2026-07-03T03:57:26Z,5181V28264R2S,28264,R2S,6,71703,71704,2026-07-03T06:03:03,79400,71600,A,41.26706,1.9571267,50,False,2,
2026-07-03T03:57:26Z,5181V28263R2S,28263,R2S,2,71707,71709,2026-07-03T06:02:30,71700,79400,E,41.3306,2.0894625,50,True,1,1
2026-07-03T03:57:26Z,5181V78288R2,78288,R2,2,71708,71801,2026-07-03T06:02:23,79200,71700,17.0,41.361725,2.1161096,50,True,,
2026-07-03T03:57:26Z,5181V28400R2N,28400,R2N,2,71707,72400,2026-07-03T05:58:10,72400,79100,87.0,41.301285,2.0645964,50,True,,1
2026-07-03T03:57:26Z,5181V77510R4,77510,R4,1,78600,78604,2026-07-03T06:03:45,72204,78600,29.0,41.70704,1.8393303,50,False,,2
2026-07-03T03:57:26Z,5181V77400R4,77400,R4,1,72210,72211,2026-07-03T06:03:08,78600,71600,18.0,41.467136,1.9745908,50,False,,
2026-07-03T03:57:26Z,5181V77504R4,77504,R4,2,71801,72305,2026-07-03T06:00:38,71600,78700,54.0,41.368095,2.1210122,50,False,,4
2026-07-03T03:57:26Z,5181V78802R11,15720,R11,8,71801,71802,2026-07-03T05:58:29,79309,71801,54.0,41.368095,2.1210122,50,True,,
2026-07-03T03:57:26Z,5181V18121R16,18121,R16,3,71802,71801,2026-07-03T06:03:59,65400,79400,A,41.379536,2.1411645,50,True,,
2026-07-03T03:57:26Z,5181V25606R1,25606,R1,0,79602,79601,2026-07-03T06:01:34,72305,79603,E,41.601646,2.6246321,50,False,1,1
2026-07-03T03:57:26Z,5181V25704R1,25704,R1,0,79500,79412,2026-07-03T06:05:00,72305,79500,A,41.50672,2.4016483,50,True,5,2
2026-07-03T03:57:26Z,5181V15002R15,15002,R15,0,71400,71401,2026-07-03T06:15:00,79400,71400,,41.160637,1.1000068,50,True,,
2026-07-03T03:57:26Z,5181V33521RL4,15631,RL4,0,78506,78505,2026-07-03T06:03:29,78400,78600,24.0,41.74013,1.6793612,50,False,,
2026-07-03T03:57:26Z,5181V15000R15,15000,R15,-2,71500,71502,2026-07-03T06:03:25,79400,71400,E,41.11129,1.2534051,50,False,,
2026-07-03T03:57:26Z,5181V25400R2,25400,R2,9,79004,79005,2026-07-03T05:58:36,79104,71700,80.0,41.473648,2.186663,50,True,,
2026-07-03T03:57:26Z,5181V77402R4,77402,R4,4,72204,72205,2026-07-03T06:01:07,78600,71600,7.0,41.346355,1.7050755,50,False,2,2
2026-07-03T03:57:26Z,5181V77600R4,77600,R4,5,78708,78707,2026-07-03T06:01:39,78600,72209,A,41.481228,2.1669743,50,False,1,1
2026-07-03T03:57:26Z,5181V25501R2S,25501,R2S,5,79400,71802,2026-07-03T06:03:22,71600,79400,40.0,41.396538,2.1884978,50,False,,
2026-07-03T03:57:26Z,5181V28556R2N,28556,R2N,-1,71801,71802,2026-07-03T06:02:16,79400,72400,E,41.37954,2.1411655,50,True,,
2026-07-03T03:57:26Z,5181V25602R1,25602,R1,1,79009,78804,2026-07-03T06:03:17,72305,79603,A,41.391903,2.1806395,50,True,3,2
2026-07-03T03:57:26Z,5181V77502R4,77502,R4,1,72210,72209,2026-07-03T06:01:00,71600,78700,10.0,41.473316,1.967515,50,False,1,1
2026-07-03T03:57:26Z,5181V77404R4,77404,R4,2,71600,72201,2026-07-03T06:03:42,78600,71600,10.0,41.186607,1.529261,50,False,,2
2026-07-03T03:57:26Z,5181V77602R4,77602,R4,2,71801,78805,2026-07-03T06:03:44,78600,72209,A,41.387875,2.1697214,50,False,9,1
2026-07-03T03:57:26Z,5181V77702R4,77702,R4,-1,78804,78805,2026-07-03T05:59:41,72209,78800,A,41.387875,2.1697214,50,True,,2
2026-07-03T03:57:26Z,6081V26005C2,26005,C2,0,13206,13207,2026-07-03T05:58:24,13506,13200,E,43.254475,-2.94373,60,False,1,1
2026-07-03T03:57:26Z,6081V26501C3,26501,C3,1,13119,13120,2026-07-03T05:58:46,13200,13100,E,43.240112,-2.924082,60,False,,1
2026-07-03T03:57:26Z,6081V26504C3,26504,C3,-1,13114,13113,2026-07-03T05:59:07,13100,13200,E,43.24241,-2.9163692,60,False,,2
2026-07-03T03:57:26Z,6081V26602C3,26602,C3,0,13200,13120,2026-07-03T06:02:00,13106,13200,A,43.25035,-2.930641,60,False,4,2
2026-07-03T03:57:26Z,6081V26105C1,26105,C1,0,13200,13205,2026-07-03T06:06:00,13405,13200,A,43.256733,-2.9322033,60,False,1,1
2026-07-03T03:57:26Z,6081V26102C1,26102,C1,0,13206,13205,2026-07-03T05:59:14,13200,13405,E,43.25448,-2.9437528,60,False,,2
2026-07-03T03:57:26Z,6081V26003C2,26003,C2,3,13503,13507,2026-07-03T05:58:38,13506,13200,E,43.301556,-3.0287716,60,False,,1
2026-07-03T03:57:26Z,6081V26002C2,26002,C2,0,13400,13305,2026-07-03T05:59:28,13200,13506,E,43.300213,-2.9843163,60,False,,2
2026-07-03T03:57:26Z,6081V26500C3,26500,C3,5,13101,13116,2026-07-03T05:58:17,13100,13200,56.0,43.04166,-3.0035927,60,False,,2
2026-07-03T03:57:26Z,6081V26505C3,26505,C3,0,13100,13116,2026-07-03T06:17:00,13200,13100,A,43.035866,-3.0039182,60,False,2,1
2026-07-03T03:57:26Z,6081V71503C4,71503,C4,0,05485,05483,2026-07-03T06:00:00,05451,05485,A,43.196415,-3.1899889,60,False,1,1
2026-07-03T03:57:26Z,6081V26004C2,26004,C2,3,13506,13505,2026-07-03T06:00:16,13200,13506,5.0,43.320312,-3.1117506,60,False,1,1
2026-07-03T03:57:26Z,6081V71501C4,71501,C4,0,05469,05467,2026-07-03T06:00:34,05451,05485,37.0,43.195923,-3.0641196,60,False,,1
2026-07-03T03:57:26Z,6081V71500C4,71500,C4,0,05451,13206,2026-07-03T06:03:00,05485,05451,A,43.254723,-2.9436562,60,False,4,2AM
2026-07-03T03:57:26Z,6081V26104C1,26104,C1,0,13405,13404,2026-07-03T06:00:00,13200,13405,A,43.3262,-3.023556,60,False,1,2
2026-07-03T03:57:26Z,6081V26103C1,26103,C1,0,13305,13400,2026-07-03T05:58:01,13405,13200,80.0,43.29879,-2.9810023,60,False,,1
2026-07-03T03:57:26Z,6081V26502C3,26502,C3,1,13107,13106,2026-07-03T05:57:50,13100,13200,E,43.144993,-2.9434426,60,False,,2
2026-07-03T03:57:26Z,6181V32769C1,32769,C1,6,11505,11506,2026-07-03T06:00:59,11600,11400,E,43.2221,-2.015703,61,False,,1
2026-07-03T03:57:26Z,6181V32702C1,32702,C1,0,11600,11518,2026-07-03T06:13:00,11305,11600,A,43.330643,-1.8169186,61,False,,2
2026-07-03T03:57:26Z,6181V32701C1,32701,C1,0,11305,11306,2026-07-03T06:12:00,11600,11305,A,43.050964,-2.3305266,61,False,1,1
2026-07-03T03:57:26Z,6181V32700C1,32700,C1,0,11508,11507,2026-07-03T06:03:09,11305,11600,A,43.266514,-1.9726831,61,False,2,2
2026-07-03T03:57:26Z,6181V30600C1,16000,C1,4,11518,11516,2026-07-03T06:05:02,11200,11600,30.0,43.330685,-1.8421742,61,False,,1
2026-07-03T03:57:26Z,6281V71103C2,71103,C2,0,05623,05622,2026-07-03T06:08:00,14223,05623,A,43.35649,-4.0702353,62,True,1,1
2026-07-03T03:57:26Z,6281V71104C2,71104,C2,0,14223,05602,2026-07-03T06:01:00,05623,14223,A,43.452877,-3.8282192,62,True,2AM,2
2026-07-03T03:57:26Z,6281V71152C2,71152,C2,1,05604,05605,2026-07-03T05:58:42,05637,14223,74.0,43.446075,-3.8888319,62,True,,1
2026-07-03T03:57:26Z,6281V71150C2,71150,C2,4,05623,05637,2026-07-03T06:15:28,05637,14223,14.0,43.359188,-4.112478,62,True,,
2026-07-03T03:57:26Z,6281V35902C1,26902,C1,0,14223,14230,2026-07-03T06:13:00,14210,14223,A,43.45403,-3.8277466,62,True,1,1
2026-07-03T03:57:26Z,6281V71351C3,71351,C3,3,05602,05651,2026-07-03T06:01:04,05657,14223,27.0,43.44784,-3.833859,62,True,,1
2026-07-03T03:57:26Z,4781V71091C1,71091,C1,0,05760,05755,2026-07-03T06:00:00,05753,05761,35.0,42.771923,-5.059964,47,False,,
2026-07-03T03:57:26Z,4781V71080C1,71080,C1,0,05761,05762,2026-07-03T06:02:00,05803,05761,61.0,42.78958,-5.1566,47,False,,
2026-07-03T03:57:26Z,2081V70801C6,70801,C6,0,05509,05513,2026-07-03T06:17:00,05523,05509,E,43.3823,-5.7026434,20,False,1,4
2026-07-03T03:57:26Z,2081V70900C8,70900,C8,0,05381,05380,2026-07-03T06:02:00,05389,05373,E,43.16655,-5.7221513,20,False,2,2
2026-07-03T03:57:26Z,2081V22305C3,22305,C3,0,15218,15211,2026-07-03T06:30:00,16405,15218,E,43.3588,-5.8573804,20,False,1,1
2026-07-03T03:57:26Z,2081V70400C5,70400,C5,0,05426,05421,2026-07-03T05:59:00,05201,05443,68.0,43.319904,-5.6577463,20,False,1,1
2026-07-03T03:57:26Z,2081V70501C7,70501,C7,0,05304,05303,2026-07-03T06:04:00,05501,05311,A,43.35863,-5.8975425,20,False,1,1
2026-07-03T03:57:26Z,2081V70754C6,70754,C6,0,05513,05509,2026-07-03T06:37:00,05501,05513,E,43.388065,-5.664932,20,False,3,2
2026-07-03T03:57:26Z,2081V70201C4,70201,C4,0,05211,05210,2026-07-03T06:17:00,05201,05211,E,43.58464,-5.772605,20,False,1,1
2026-07-03T03:57:26Z,2081V70753C6,70753,C6,0,05509,05513,2026-07-03T06:00:00,05513,05509,63.0,43.38721,-5.676054,20,False,1,4
2026-07-03T03:57:26Z,2081V22000C1,22000,C1,0,15218,15209,2026-07-03T06:03:00,15122,15211,6.0,43.355576,-5.8559995,20,False,2,2
2026-07-03T03:57:26Z,2081V70755C6,70755,C6,0,05509,05513,2026-07-03T06:21:00,05513,05509,E,43.3823,-5.7026434,20,False,1,4
2026-07-03T03:57:26Z,2081V70752C6,70752,C6,0,05513,05509,2026-07-03T06:15:00,05501,05513,E,43.388065,-5.664932,20,False,3,2
2026-07-03T03:57:26Z,2081V70502C7,70502,C7,0,05325,05327,2026-07-03T06:18:00,05329,05325,E,43.490948,-6.1104946,20,False,4,2
2026-07-03T03:57:26Z,2081V22202C2,22202,C2,0,15211,15218,2026-07-03T06:23:00,16011,15211,E,43.366478,-5.855087,20,False,2,2
2026-07-03T03:57:26Z,2081V22002C1,22002,C1,0,15211,15218,2026-07-03T06:17:00,15122,15211,E,43.36655,-5.854991,20,False,2,2
2026-07-03T03:57:26Z,2081V22004C1,22004,C1,0,15410,15401,2026-07-03T06:14:00,15118,15410,E,43.537712,-5.676047,20,False,2,2
2026-07-03T03:57:26Z,2081V22200C2,22200,C2,0,16001,16002,2026-07-03T06:05:00,16011,15211,A,43.33089,-5.7768655,20,False,1,1
2026-07-03T03:57:26Z,2081V22101C1,22101,C1,0,15410,15410,2026-07-03T05:53:00,15410,15218,A,43.537712,-5.676047,20,False,1,1
2026-07-03T03:57:26Z,2081V22103C1,22103,C1,0,15300,15301,2026-07-03T05:58:00,15410,15218,80.0,43.460476,-5.8211493,20,False,3,1
2026-07-03T03:57:26Z,2081V22303C3,22303,C3,0,15211,15217,2026-07-03T05:58:00,16405,15218,E,43.36655,-5.854991,20,False,1,1
2026-07-03T03:57:26Z,4181V84901C2,84901,C2,0,61200,06002,2026-07-03T06:35:00,06006,61200,E,37.97462,-1.1315287,41,False,1,2
2026-07-03T03:57:26Z,4181V84900C2,84900,C2,0,06006,06005,2026-07-03T06:14:00,61200,06006,E,37.672035,-1.6961039,41,False,1,1
2026-07-03T03:57:26Z,4181V24701C1,24701,C1,0,62109,62104,2026-07-03T06:06:00,61200,60911,28.0,38.305084,-0.51839244,41,False,1,1
2026-07-03T03:57:26Z,4181V24700C1,24700,C1,0,62001,62002,2026-07-03T06:07:00,60911,61200,A,38.077694,-0.94445074,41,False,4,4
2026-07-03T03:57:26Z,4581V71601C1,71601,C1,0,05951,05952,2026-07-03T06:27:00,05977,05951,E,37.603638,-0.97674686,45,False,1,2
2026-07-03T03:57:26Z,1081V19520C5,19520,C5,0,35607,35606,2026-07-03T06:19:00,35012,35607,E,40.330883,-3.8823783,10,False,2,1
2026-07-03T03:57:26Z,1081V21000C8a,21000,C8a,4,10201,10200,2026-07-03T06:03:00,70200,10203,S,40.61781,-4.031033,10,False,2,2
2026-07-03T03:57:26Z,1081V21804C7,21804,C7,0,10000,10001,2026-07-03T06:13:00,70103,10000,E,40.42163,-3.7193205,10,False,2,2
2026-07-03T03:57:26Z,1081V21802C7,21802,C7,0,17000,18002,2026-07-03T06:24:00,70103,17000,E,40.47113,-3.6828332,10,True,7,2
2026-07-03T03:57:26Z,1081V21503C2,21503,C2,6,70107,70103,2026-07-03T06:04:00,17000,70200,S,40.50538,-3.3352833,10,False,1,5
2026-07-03T03:57:26Z,1081V20712C5,20712,C5,0,35607,35606,2026-07-03T06:25:00,35002,35607,E,40.330883,-3.8823783,10,False,2,1
2026-07-03T03:57:26Z,1081V21304C10,21304,C10,0,17000,18002,2026-07-03T06:21:00,10100,17000,E,40.470848,-3.682503,10,False,8,4
2026-07-03T03:57:26Z,1081V21603C2,21603,C2,9,70103,70111,2026-07-03T06:00:00,12006,70200,E,40.489193,-3.3662832,10,False,5,1
2026-07-03T03:57:26Z,1081V20215C4a,20215,C4a,0,37012,37011,2026-07-03T06:21:00,19003,37012,E,40.24143,-3.769159,10,False,1,1
2026-07-03T03:57:26Z,1081V21601C2,21601,C2,4,70002,18000,2026-07-03T06:04:00,12006,70200,E,40.381775,-3.6681283,10,True,1,2
2026-07-03T03:57:26Z,1081V35975C2,35975,C2,0,70200,70105,2026-07-03T06:11:00,17000,70200,E,40.644257,-3.1823237,10,False,1,1
2026-07-03T03:57:26Z,1081V20413C4b,20413,C4b,6,37012,37011,2026-07-03T06:11:00,17005,37012,E,40.24143,-3.769159,10,False,1,1
2026-07-03T03:57:26Z,1081V20708C5,20708,C5,0,35607,35606,2026-07-03T06:13:00,35002,35607,E,40.330883,-3.8823783,10,False,2,1
2026-07-03T03:57:26Z,1081V20707C5,20707,C5,0,35002,35010,2026-07-03T06:15:00,35607,35002,E,40.283237,-3.7991464,10,False,1,1
2026-07-03T03:57:26Z,1081V19805C1,19805,C1,0,98305,98304,2026-07-03T06:14:00,17000,98305,E,40.4924,-3.593483,10,False,2,1
2026-07-03T03:57:26Z,1081V19529C5,19529,C5,0,35012,35002,2026-07-03T06:08:00,35607,35012,E,40.25559,-3.8284667,10,False,1,1
2026-07-03T03:57:26Z,1081V19807C1,19807,C1,0,98305,98304,2026-07-03T06:29:00,17000,98305,E,40.4924,-3.593483,10,False,2,1
2026-07-03T03:57:26Z,1081V19800C1,19800,C1,3,98003,98304,2026-07-03T06:03:00,98305,17000,6.0,40.48446,-3.6602037,10,True,2,2
2026-07-03T03:57:26Z,1081V19508C5,19508,C5,0,35603,35602,2026-07-03T05:55:00,35012,35607,S,40.377697,-3.791474,10,False,1,1
2026-07-03T03:57:26Z,1081V19525C5,19525,C5,0,35012,35002,2026-07-03T06:02:00,35607,35012,E,40.25559,-3.8284667,10,False,1,1
2026-07-03T03:57:26Z,1081V19803C1,19803,C1,0,98305,98304,2026-07-03T05:59:00,17000,98305,E,40.4924,-3.593483,10,False,2,1
2026-07-03T03:57:26Z,1081V19509C5,19509,C5,0,35702,18003,2026-07-03T05:56:00,35607,35012,E,40.3791,-3.6987777,10,False,1,1
2026-07-03T03:57:26Z,1081V19802C1,19802,C1,0,17000,98003,2026-07-03T06:24:00,98305,17000,E,40.47102,-3.6825693,10,False,12,2
2026-07-03T03:57:26Z,1081V19504C5,19504,C5,0,37001,35009,2026-07-03T05:59:00,35012,35607,A,40.34086,-3.7482634,10,False,0,2
2026-07-03T03:57:26Z,1081V19533C5,19533,C5,0,35012,35002,2026-07-03T06:20:00,35607,35012,E,40.25559,-3.8284667,10,False,1,1
2026-07-03T03:57:26Z,1081V20005C3,20005,C3,5,60104,60103,2026-07-03T06:02:00,17000,60200,8.0,40.200302,-3.6676416,10,False,1,1
2026-07-03T03:57:26Z,1081V20004C3,20004,C3,14,18000,60100,2026-07-03T06:04:00,60200,17000,E,40.40654,-3.6895106,10,True,7,3
2026-07-03T03:57:26Z,1081V19503C5,19503,C5,0,35600,35601,2026-07-03T05:54:00,35607,35012,S,40.386257,-3.7610443,10,False,2,2
2026-07-03T03:57:26Z,1081V19506C5,19506,C5,0,35609,18000,2026-07-03T05:58:00,35012,35607,A,40.406326,-3.6896772,10,False,1,10
2026-07-03T03:57:26Z,1081V19505C5,19505,C5,0,18003,18000,2026-07-03T05:52:00,35607,35012,E,40.39592,-3.6779969,10,False,1,9
2026-07-03T03:57:26Z,1081V21512C2,21512,C2,0,17000,18002,2026-07-03T06:14:00,70200,17000,E,40.47097,-3.68245,10,False,9,2
2026-07-03T03:57:26Z,1081V19510C5,19510,C5,0,35605,35604,2026-07-03T06:01:00,35012,35607,A,40.356674,-3.8156087,10,False,1,1
2026-07-03T03:57:26Z,1081V21510C2,21510,C2,0,17000,18002,2026-07-03T06:09:00,70200,17000,E,40.47097,-3.68245,10,False,9,2
2026-07-03T03:57:26Z,1081V20003C3,20003,C3,4,60100,18000,2026-07-03T06:07:00,17000,60200,S,40.352676,-3.6839325,10,True,4,5
2026-07-03T03:57:26Z,1081V20206C4,20206,C4,0,37001,37010,2026-07-03T06:08:00,37012,37001,E,40.34132,-3.7123663,10,False,0,2
2026-07-03T03:57:26Z,1081V20601C8b,20601,C8b,0,17000,97201,2026-07-03T06:17:00,12006,17000,E,40.47113,-3.6828332,10,False,11,1
2026-07-03T03:57:26Z,1081V19513C5,19513,C5,0,37001,35704,2026-07-03T05:56:00,35607,35012,S,40.34132,-3.7123663,10,False,4,1
2026-07-03T03:57:26Z,1081V20205C4a,20205,C4a,8,17001,17009,2026-07-03T06:01:00,19003,37012,28.0,40.51516,-3.6842942,10,True,1,1
2026-07-03T03:57:26Z,1081V20600C8b,20600,C8b,0,12006,12005,2026-07-03T06:03:00,70200,12006,E,40.737614,-4.0662985,10,False,2,1
2026-07-03T03:57:26Z,1081V20006C3,20006,C3,0,17000,18002,2026-07-03T06:01:00,60200,17000,E,40.471382,-3.6834786,10,True,2,8
2026-07-03T03:57:26Z,1081V19799C1,19799,C1,17,98304,98305,2026-07-03T06:02:00,98305,18000,8.0,40.481922,-3.613845,10,False,2,1
2026-07-03T03:57:26Z,1081V19512C5,19512,C5,0,35607,35606,2026-07-03T06:01:00,35012,35607,E,40.330883,-3.8823783,10,False,2,1
2026-07-03T03:57:26Z,1081V20705C5,20705,C5,0,35009,37001,2026-07-03T06:01:00,35607,35002,A,40.34132,-3.7123663,10,False,1,4
2026-07-03T03:57:26Z,1081V20402C4b,20402,C4b,14,17005,17004,2026-07-03T06:02:00,37012,17005,23.0,40.65318,-3.7526922,10,True,3,3
2026-07-03T03:57:26Z,1081V20204C4,20204,C4,10,60100,37001,2026-07-03T06:01:00,37012,17000,A,40.34132,-3.7123663,10,True,1,2
2026-07-03T03:57:26Z,1081V20704C5,20704,C5,0,35607,35606,2026-07-03T06:07:00,35002,35607,E,40.330883,-3.8823783,10,False,2,1
2026-07-03T03:57:26Z,1081V21809C7,21809,C7,0,70103,70111,2026-07-03T06:04:00,10000,70103,E,40.4889,-3.3666708,10,False,5,1
2026-07-03T03:57:26Z,1081V19519C5,19519,C5,0,35010,35011,2026-07-03T05:59:00,35607,35012,A,40.312492,-3.78335,10,False,1,1
2026-07-03T03:57:26Z,1081V21807C7,21807,C7,0,18000,18001,2026-07-03T06:10:00,10000,18000,E,40.40667,-3.6893938,10,True,2,1
2026-07-03T03:57:26Z,1081V19537C5,19537,C5,0,35012,35002,2026-07-03T06:25:00,35607,35012,E,40.25559,-3.8284667,10,False,1,1
2026-07-03T03:57:26Z,1081V21002C8a,21002,C8a,0,10203,10202,2026-07-03T06:28:00,70103,10203,E,40.58532,-4.1321955,10,False,3,2
2026-07-03T03:57:26Z,1081V19539C5,19539,C5,0,35012,35002,2026-07-03T06:30:00,35607,35012,E,40.25559,-3.8284667,10,False,1,1
2026-07-03T03:57:26Z,1081V20002C3,20002,C3,22,60107,60101,2026-07-03T06:00:00,60200,17000,A,40.331753,-3.6989367,10,False,2,2
2026-07-03T03:57:26Z,1081V21200C10,21200,C10,0,17000,18002,2026-07-03T06:06:00,10200,17000,E,40.470848,-3.682503,10,False,8,4
2026-07-03T03:57:26Z,1081V20409C4b,20409,C4b,3,18000,18101,2026-07-03T06:02:00,17005,18000,E,40.40654,-3.6895106,10,False,5,1
2026-07-03T03:57:26Z,1081V21001C8a,21001,C8a,0,17000,97201,2026-07-03T06:03:00,10203,17000,E,40.47113,-3.6828332,10,False,11,1
2026-07-03T03:57:26Z,1081V20408C4b,20408,C4b,0,17005,17004,2026-07-03T06:24:00,37012,17005,E,40.644844,-3.7762609,10,False,3,3
2026-07-03T03:57:26Z,1081V21303C10,21303,C10,17,10000,18005,2026-07-03T05:59:00,17000,10000,E,40.421413,-3.7190256,10,False,1,1
2026-07-03T03:57:26Z,1081V21501C2,21501,C2,0,70108,70100,2026-07-03T06:01:00,10203,70200,E,40.423397,-3.561349,10,False,1,1
2026-07-03T03:57:26Z,1081V21104C10,21104,C10,8,10200,10104,2026-07-03T06:22:00,17000,10200,E,40.62599,-4.0081153,10,False,3,2
2026-07-03T03:57:26Z,1081V21500C2,21500,C2,39,70002,70003,2026-07-03T05:59:00,70200,17000,A,40.37616,-3.6561291,10,False,2,2
2026-07-03T03:57:26Z,1081V20209C4a,20209,C4a,11,37001,60100,2026-07-03T06:01:00,19003,37012,10.0,40.341133,-3.7090409,10,True,1,2
2026-07-03T03:57:26Z,1081V20411C4b,20411,C4b,3,37002,37010,2026-07-03T05:58:00,17005,37012,70.0,40.31916,-3.7292705,10,True,1,1
2026-07-03T03:57:26Z,1081V20407C4b,20407,C4b,17,60100,18000,2026-07-03T06:06:00,17005,37012,4.0,40.355442,-3.6839526,10,True,2,6
2026-07-03T03:57:26Z,1081V20406C4b,20406,C4b,0,17005,17004,2026-07-03T06:11:00,37012,17005,E,40.644844,-3.7762609,10,False,3,3
2026-07-03T03:57:26Z,1081V19502C5,19502,C5,0,35002,35012,2026-07-03T05:58:00,35012,35607,80.0,40.261528,-3.8229513,10,False,2,1
2026-07-03T03:57:26Z,1081V20212C4a,20212,C4a,0,17000,18002,2026-07-03T06:06:00,37012,19003,A,40.4466,-3.6920877,10,True,0,8
2026-07-03T03:57:26Z,1081V20211C4a,20211,C4a,0,37002,37010,2026-07-03T06:02:00,19003,37002,E,40.309868,-3.733689,10,True,1,1
2026-07-03T03:57:26Z,1081V20208C4,20208,C4,5,18002,18101,2026-07-03T06:01:00,37012,17000,10.0,40.44332,-3.6923914,10,True,8,2
2026-07-03T03:57:26Z,1081V20210C4,20210,C4,0,37001,37010,2026-07-03T06:22:00,37012,37001,E,40.34132,-3.7123663,10,True,2,2
2026-07-03T03:57:26Z,1081V20009C3,20009,C3,0,60200,60105,2026-07-03T06:15:00,17000,60200,E,40.035027,-3.6189713,10,True,1,1
2026-07-03T03:57:26Z,1081V20011C3,20011,C3,0,60200,60105,2026-07-03T06:30:00,17000,60200,E,40.035027,-3.6189713,10,True,1,1
2026-07-03T03:57:26Z,1081V20207C4a,20207,C4a,4,18002,17000,2026-07-03T06:03:00,19003,18000,A,40.471325,-3.6833096,10,True,6,3
2026-07-03T03:57:26Z,1081V20405C4b,20405,C4b,1,17004,17005,2026-07-03T06:05:00,17005,18000,A,40.644844,-3.7762609,10,False,2,3
2026-07-03T03:57:26Z,1081V21100C10,21100,C10,0,10002,10001,2026-07-03T06:05:00,17000,10200,A,40.448578,-3.7855594,10,False,1,1
2026-07-03T03:57:26Z,1081V20008C3,20008,C3,0,17000,18002,2026-07-03T06:16:00,60200,17000,E,40.471382,-3.6834786,10,True,2,8
2026-07-03T03:57:26Z,1081V21509C2,21509,C2,0,70200,70105,2026-07-03T06:33:00,10203,70200,E,40.644257,-3.1823237,10,False,1,1
2026-07-03T03:57:26Z,1081V21506C2,21506,C2,9,18001,18000,2026-07-03T06:03:00,70200,17000,S,40.40667,-3.689395,10,False,2,3
2026-07-03T03:57:26Z,1081V20218C4a,20218,C4a,0,19003,19002,2026-07-03T06:20:00,37012,19003,E,40.546417,-3.6351175,10,True,2,2
2026-07-03T03:57:26Z,1081V21505C2,21505,C2,0,70200,70105,2026-07-03T06:20:00,17000,70200,E,40.644257,-3.1823237,10,False,1,1
2026-07-03T03:57:26Z,1081V21703C2,21703,C2,9,18001,18002,2026-07-03T06:01:00,10203,70103,E,40.42352,-3.6912522,10,False,1,1
2026-07-03T03:57:26Z,1081V20217C4a,20217,C4a,0,37012,37011,2026-07-03T06:31:00,19003,37012,E,40.24143,-3.769159,10,False,1,1
2026-07-03T03:57:26Z,1081V20415C4b,20415,C4b,1,37012,37011,2026-07-03T06:16:00,17005,37012,E,40.24143,-3.769159,10,True,2,1
2026-07-03T03:57:26Z,1081V21504C2,21504,C2,14,18000,70002,2026-07-03T06:00:00,70200,18002,A,40.381775,-3.6681283,10,True,3,2
2026-07-03T03:57:26Z,1081V21305C10,21305,C10,0,10100,10005,2026-07-03T06:12:00,17000,10100,E,40.52248,-3.8818293,10,False,5,1
2026-07-03T03:57:26Z,1081V20216C4a,20216,C4a,0,19003,19002,2026-07-03T06:07:00,37012,19003,E,40.546417,-3.6351175,10,True,2,2
2026-07-03T03:57:26Z,1081V21701C2,21701,C2,21,18002,17000,2026-07-03T06:04:00,17000,18000,A,40.47097,-3.68245,10,True,1,10
2026-07-03T04:02:57Z,3081V23101C3,23101,C3,0,51003,50700,2026-07-03T06:08:00,40115,51003,A,37.59084,-5.7277255,30,False,,
2026-07-03T04:02:57Z,3081V23505C1,23505,C1,2,51200,51112,2026-07-03T06:12:12,50600,51200,5.0,37.190704,-5.7950764,30,False,3,1
2026-07-03T04:02:57Z,3081V23500C1,23500,C1,4,51202,51203,2026-07-03T06:09:29,51203,51003,43.0,36.980663,-6.019509,30,False,,6
2026-07-03T04:02:57Z,3081V23506C1,23506,C1,0,50600,50602,2026-07-03T06:24:00,51200,50600,A,37.58157,-5.6699624,30,False,6,2
2026-07-03T04:02:57Z,3081V23601C4,23601,C4,3,51009,51010,2026-07-03T06:08:01,00000,00000,A,37.370792,-5.939321,30,False,2,2
2026-07-03T04:02:57Z,3081V23509C1,23509,C1,0,51203,51202,2026-07-03T06:28:00,50600,51203,,36.911682,-6.095153,30,False,6,1
2026-07-03T04:02:57Z,3081V23701C5,23701,C5,0,43005,43004,2026-07-03T06:08:00,51103,43005,A,37.381527,-6.193782,30,False,3,
2026-07-03T04:02:57Z,3081V23501C1,23501,C1,3,50602,50600,2026-07-03T06:09:40,50600,51003,E,37.58157,-5.6699624,30,False,,6
2026-07-03T04:02:57Z,3081V23801C5,23801,C5,0,51003,43000,2026-07-03T06:23:00,43005,51003,A,37.434105,-5.9807305,30,False,8,2
2026-07-03T04:02:57Z,3081V23502C1,23502,C1,0,51110,51113,2026-07-03T06:05:00,51200,51003,E,37.362885,-5.97583,30,False,,2
2026-07-03T04:02:57Z,3081V23504C1,23504,C1,0,50700,50701,2026-07-03T06:15:00,51200,50700,A,37.574757,-5.8031654,30,False,4,2
2026-07-03T04:02:57Z,3181V23201C1,23201,C1,0,51405,51414,2026-07-03T06:17:00,51205,51405,,36.52884,-6.288062,31,False,5,1
2026-07-03T04:02:57Z,3181V23422T1,23422,T1,0,51454,51455,2026-07-03T06:06:00,51405,51450,A,36.428635,-6.1433587,31,False,2,2
2026-07-03T04:02:57Z,3181V23421T1,23421,T1,0,51405,51414,2026-07-03T06:04:00,51450,51405,37.0,36.526443,-6.2849402,31,False,,1
2026-07-03T04:02:57Z,3281V23303C1,23303,C1,-1,54516,54516,2026-07-03T06:04:58,54516,54517,A,36.541843,-4.6237864,32,False,1,1
2026-07-03T04:02:57Z,3281V23302C1,23302,C1,0,54516,54515,2026-07-03T06:12:00,54517,54516,A,36.55467,-4.6145897,32,False,1,1
2026-07-03T04:02:57Z,3281V23151C2,23151,C2,1,54408,54407,2026-07-03T06:09:41,54405,54517,A,36.73282,-4.664533,32,False,,
2026-07-03T04:02:57Z,3281V23305C1,23305,C1,1,54501,54503,2026-07-03T06:05:07,54516,54517,21.0,36.69845,-4.4603477,32,False,1,1
2026-07-03T04:02:57Z,4081V24301C6,24301,C6,0,65205,65204,2026-07-03T06:05:26,65000,65300,E,39.8208,-0.16240054,40,False,,1
2026-07-03T04:02:57Z,4081V24107C2,24107,C2,0,64100,64006,2026-07-03T06:14:00,64006,64100,A,38.96917,-0.5866923,40,False,1,
2026-07-03T04:02:57Z,4081V24380C6,24380,C6,-1,65003,65008,2026-07-03T06:16:53,65312,65000,A,39.620403,-0.30291957,40,False,,4
2026-07-03T04:02:57Z,4081V80001C3,80001,C3,0,66200,66201,2026-07-03T06:26:00,66206,66200,,39.570892,-1.2023381,40,False,2,1
2026-07-03T04:02:57Z,4081V24381C6,24381,C6,0,65300,65208,2026-07-03T06:16:00,65000,65300,A,39.93293,-0.09658491,40,False,1,1
2026-07-03T04:02:57Z,4081V24000C2,24000,C2,1,64105,64107,2026-07-03T06:10:56,65000,64006,9.0,39.19323,-0.4412666,40,False,,2
2026-07-03T04:02:57Z,4081V24200C1,24200,C1,4,69105,69104,2026-07-03T06:11:30,65000,69110,20.0,39.09845,-0.23702875,40,False,,2
2026-07-03T04:02:57Z,4081V24003C2,24003,C2,0,65000,64203,2026-07-03T06:18:00,64006,65000,,39.466305,-0.37739235,40,False,,1
2026-07-03T04:02:57Z,4081V76600C3,76600,C3,1,66206,66207,2026-07-03T06:08:04,65002,66206,24.0,39.43474,-0.7700504,40,False,,1
2026-07-03T04:02:57Z,4081V84004C2,84004,C2,0,64003,64004,2026-07-03T06:18:00,64006,64003,,38.878082,-0.7535829,40,False,,
2026-07-03T04:02:57Z,4081V76654C3,76654,C3,0,65000,65002,2026-07-03T06:13:00,66200,65000,,39.466278,-0.37721187,40,False,,4B
2026-07-03T04:02:57Z,4081V84601C5,84601,C5,0,67211,67212,2026-07-03T06:07:00,65008,67211,,39.947292,-0.5721675,40,False,,
2026-07-03T04:02:57Z,4081V30433C6,14433,C6,0,65312,65311,2026-07-03T06:20:00,65000,65312,,39.988213,-0.052072257,40,False,,
2026-07-03T04:02:57Z,4081V24300C6,24300,C6,2,65000,65002,2026-07-03T06:09:00,65300,65000,10.0,39.461826,-0.37905377,40,False,21,
2026-07-03T04:02:57Z,4081V24202C1,24202,C1,0,69110,69107,2026-07-03T06:16:00,65000,69110,A,39.02619,-0.21494265,40,False,2,
2026-07-03T04:02:57Z,4081V24001C2,24001,C2,1,64107,64105,2026-07-03T06:07:57,64006,65000,35.0,39.252445,-0.43442407,40,False,,1
2026-07-03T04:02:57Z,4081V84001C2,84001,C2,0,64006,64005,2026-07-03T06:11:00,64003,64006,,38.96917,-0.5866923,40,False,,
2026-07-03T04:02:57Z,5181V15002R15,15002,R15,0,71400,71401,2026-07-03T06:15:00,79400,71400,,41.160637,1.1000068,50,True,,
2026-07-03T04:02:57Z,5181V15000R15,15000,R15,1,71500,71502,2026-07-03T06:06:23,79400,71400,59.0,41.131557,1.3234906,50,False,,
2026-07-03T04:02:57Z,5181V28506R2,28506,R2,4,71700,71701,2026-07-03T06:08:52,79100,71600,E,41.27745,1.9777229,50,True,3,2
2026-07-03T04:02:57Z,5181V25400R2,25400,R2,11,79005,79011,2026-07-03T06:04:17,79104,71700,E,41.48419,2.1882799,50,True,,1
2026-07-03T04:02:57Z,5181V28264R2S,28264,R2S,7,71704,71705,2026-07-03T06:06:37,79400,71600,A,41.27877,1.9793742,50,False,2,2
2026-07-03T04:02:57Z,5181V28265R2S,28265,R2S,1,79400,71802,2026-07-03T06:08:37,71700,79400,41.0,41.396965,2.1882174,50,True,,
2026-07-03T04:02:57Z,5181V28556R2N,28556,R2N,1,71801,71802,2026-07-03T06:03:38,79400,72400,77.0,41.388607,2.1600883,50,True,,
2026-07-03T04:02:57Z,5181V25602R1,25602,R1,0,78804,78805,2026-07-03T06:03:52,72305,79603,E,41.391903,2.1806395,50,True,,2
2026-07-03T04:02:57Z,5181V25601R1,25601,R1,-1,78804,79009,2026-07-03T06:04:38,79200,72305,E,41.391903,2.1806395,50,False,,4
2026-07-03T04:02:57Z,5181V28263R2S,28263,R2S,0,71709,71706,2026-07-03T06:03:04,71700,79400,E,41.30931,2.0274873,50,True,,1
2026-07-03T04:02:57Z,5181V25604R1,25604,R1,0,79407,79406,2026-07-03T06:05:12,72305,79603,E,41.47691,2.310406,50,True,2,2
2026-07-03T04:02:57Z,5181V78802R11,15720,R11,8,79009,79104,2026-07-03T06:41:17,79309,71801,E,41.40904,2.1873913,50,True,2,1
2026-07-03T04:02:57Z,5181V18121R16,18121,R16,2,71801,71600,2026-07-03T06:50:06,65400,79400,A,41.185722,1.5248666,50,True,12,
2026-07-03T04:02:57Z,5181V28404R2N,28404,R2N,-1,79007,79006,2026-07-03T06:06:12,72400,79104,A,41.533474,2.2177799,50,True,,2
2026-07-03T04:02:57Z,5181V77502R4,77502,R4,1,72209,72208,2026-07-03T06:09:31,71600,78700,15.0,41.473595,1.9168091,50,False,,1
2026-07-03T04:02:57Z,5181V77702R4,77702,R4,0,78805,71801,2026-07-03T06:06:22,72209,78800,E,41.387875,2.1697214,50,True,,8
2026-07-03T04:02:57Z,5181V28402R2N,28402,R2N,6,79009,71802,2026-07-03T06:06:31,72400,79100,24.0,41.40506,2.1820295,50,True,,
2026-07-03T04:02:57Z,5181V77504R4,77504,R4,1,72305,72303,2026-07-03T06:03:50,71600,78700,63.0,41.35796,2.0819662,50,False,,1
2026-07-03T04:02:57Z,5181V77704R4,77704,R4,0,78800,78801,2026-07-03T06:17:00,72209,78800,,41.470253,2.1794534,50,False,5,2
2026-07-03T04:02:57Z,5181V77400R4,77400,R4,0,72211,72300,2026-07-03T06:05:24,78600,71600,11.0,41.43529,2.0024726,50,False,,2
2026-07-03T04:02:57Z,5181V77402R4,77402,R4,3,72206,72207,2026-07-03T06:08:51,78600,71600,A,41.41933,1.7952268,50,False,2,2
2026-07-03T04:02:57Z,5181V77600R4,77600,R4,1,78706,78705,2026-07-03T06:04:09,78600,72209,E,41.49266,2.1475983,50,False,,1
2026-07-03T04:02:57Z,5181V77404R4,77404,R4,0,72201,72202,2026-07-03T06:10:00,78600,71600,E,41.220802,1.5381482,50,False,,2
2026-07-03T04:02:57Z,5181V77602R4,77602,R4,1,78805,78804,2026-07-03T06:07:09,78600,72209,A,41.391907,2.1806386,50,False,1,1
2026-07-03T04:02:57Z,5181V33521RL4,15631,RL4,0,78506,78505,2026-07-03T06:03:29,78400,78600,90.0,41.738773,1.631638,50,False,,
2026-07-03T04:02:57Z,5181V77506R4,77506,R4,1,78801,78802,2026-07-03T06:06:03,71600,78700,A,41.430275,2.1831505,50,True,2,2
2026-07-03T04:02:57Z,5181V77508R4,77508,R4,0,78710,78709,2026-07-03T06:06:30,71600,78700,E,41.567463,2.03963,50,False,,2
2026-07-03T04:02:57Z,5181V25704R1,25704,R1,1,79500,79412,2026-07-03T06:06:03,72305,79500,17.0,41.528194,2.4384904,50,True,5,2
2026-07-03T04:02:57Z,5181V25606R1,25606,R1,-1,79601,79600,2026-07-03T06:03:56,72305,79603,E,41.586533,2.5813315,50,False,,2
2026-07-03T04:02:57Z,5181V25501R2S,25501,R2S,2,71802,71801,2026-07-03T06:06:19,71600,79400,A,41.379513,2.1412146,50,False,,
2026-07-03T04:02:57Z,5181V25701R1,25701,R1,0,71801,78805,2026-07-03T06:07:46,79600,72305,A,41.387875,2.1697214,50,True,9,1
2026-07-03T04:02:57Z,5181V25502R2S,25502,R2S,0,71601,71602,2026-07-03T06:04:34,79400,71600,E,41.189453,1.5750299,50,False,,2
2026-07-03T04:02:57Z,5181V78288R2,78288,R2,0,71801,71802,2026-07-03T06:05:45,79200,71700,E,41.37951,2.1412168,50,True,,
2026-07-03T04:02:57Z,5181V77310R3,77310,R3,1,77109,77107,2026-07-03T06:09:45,77102,77109,41.0,41.890503,2.2573068,50,False,,1
2026-07-03T04:02:57Z,5181V77510R4,77510,R4,-1,78604,78605,2026-07-03T06:08:02,72204,78600,A,41.628757,1.8689924,50,False,,2
2026-07-03T04:02:57Z,5181V78900R11,30900,R11,0,71801,71802,2026-07-03T06:20:00,79316,71801,,41.379505,2.1412053,50,False,,
2026-07-03T04:02:57Z,6081V26500C3,26500,C3,4,13100,13100,2026-07-03T06:04:16,13100,13200,A,42.99472,-3.0158784,60,False,,
2026-07-03T04:02:57Z,6081V26004C2,26004,C2,3,13508,13504,2026-07-03T06:04:52,13200,13506,E,43.319363,-3.0674317,60,False,1,1
2026-07-03T04:02:57Z,6081V26103C1,26103,C1,1,13402,13403,2026-07-03T06:03:50,13405,13200,E,43.312733,-3.004488,60,False,,1
2026-07-03T04:02:57Z,6081V26007C2,26007,C2,0,13200,13205,2026-07-03T06:17:00,13506,13200,A,43.256733,-2.9322033,60,False,2,1
2026-07-03T04:02:57Z,6081V26601C3,26601,C3,0,13106,13107,2026-07-03T06:16:00,13200,13106,A,43.144993,-2.9434426,60,False,4,1
2026-07-03T04:02:57Z,6081V71503C4,71503,C4,2,05483,05481,2026-07-03T06:04:43,05451,05485,E,43.20345,-3.1704924,60,False,,
2026-07-03T04:02:57Z,6081V71501C4,71501,C4,-2,05467,05465,2026-07-03T06:04:45,05451,05485,E,43.201958,-3.050459,60,False,,1
2026-07-03T04:02:57Z,6081V26502C3,26502,C3,2,13104,13103,2026-07-03T06:06:28,13100,13200,25.0,43.132793,-2.9697878,60,False,,2
2026-07-03T04:02:57Z,6081V26006C2,26006,C2,0,13506,13505,2026-07-03T06:19:00,13200,13506,A,43.315636,-3.0911126,60,False,1,1
2026-07-03T04:02:57Z,6081V26105C1,26105,C1,0,13200,13205,2026-07-03T06:06:00,13405,13200,A,43.256733,-2.9322033,60,False,1,1
2026-07-03T04:02:57Z,6081V26504C3,26504,C3,1,13113,13118,2026-07-03T06:05:00,13100,13200,E,43.236897,-2.889748,60,False,,2
2026-07-03T04:02:57Z,6081V71500C4,71500,C4,1,05451,13206,2026-07-03T06:03:37,05485,05451,71.0,43.2548,-2.9385183,60,False,,2AM
2026-07-03T04:02:57Z,6081V26505C3,26505,C3,0,13100,13116,2026-07-03T06:17:00,13200,13100,A,43.035866,-3.0039182,60,False,2,1
2026-07-03T04:02:57Z,6081V26003C2,26003,C2,2,13504,13508,2026-07-03T06:06:22,13506,13200,E,43.31141,-3.0604117,60,False,3,1
2026-07-03T04:02:57Z,6081V26104C1,26104,C1,1,13403,13402,2026-07-03T06:03:58,13200,13405,E,43.318596,-3.0152624,60,False,2,2
2026-07-03T04:02:57Z,6081V26002C2,26002,C2,1,13303,13208,2026-07-03T06:05:40,13200,13506,A,43.26169,-2.948731,60,False,2,2
2026-07-03T04:02:57Z,6081V26005C2,26005,C2,2,13303,13304,2026-07-03T06:05:58,13506,13200,E,43.26418,-2.9553094,60,False,,1
2026-07-03T04:02:57Z,6181V32770C1,32770,C1,-1,11500,11409,2026-07-03T06:06:02,11400,11516,E,43.1356,-2.079181,61,False,,2
2026-07-03T04:02:57Z,6181V30600C1,16000,C1,0,11516,11515,2026-07-03T06:05:08,11200,11600,E,43.316006,-1.8993949,61,False,,
2026-07-03T04:02:57Z,6181V32701C1,32701,C1,0,11305,11306,2026-07-03T06:12:00,11600,11305,A,43.050964,-2.3305266,61,False,1,1
2026-07-03T04:02:57Z,6181V32700C1,32700,C1,1,11508,11507,2026-07-03T06:03:45,11305,11600,E,43.27241,-1.9637448,61,False,,2
2026-07-03T04:02:57Z,6181V32702C1,32702,C1,0,11600,11518,2026-07-03T06:13:00,11305,11600,A,43.330643,-1.8169186,61,False,,2
2026-07-03T04:02:57Z,6181V32769C1,32769,C1,6,11506,11507,2026-07-03T06:04:04,11600,11400,56.0,43.257412,-1.9787575,61,False,,1
2026-07-03T04:02:57Z,6281V81351C3,81351,C3,0,05657,05658,2026-07-03T06:18:00,05671,05657,A,43.39739,-3.8149183,62,True,1,
2026-07-03T04:02:57Z,6281V71152C2,71152,C2,0,05607,05609,2026-07-03T06:03:13,05637,14223,E,43.435127,-3.9182508,62,True,,
2026-07-03T04:02:57Z,6281V71301C3,71301,C3,0,14223,05602,2026-07-03T06:18:00,05657,14223,A,43.452858,-3.828213,62,True,9AM,7
2026-07-03T04:02:57Z,6281V35902C1,26902,C1,0,14223,14230,2026-07-03T06:13:00,14210,14223,A,43.45403,-3.8277466,62,True,1,1
2026-07-03T04:02:57Z,6281V71103C2,71103,C2,0,05623,05622,2026-07-03T06:08:00,14223,05623,A,43.35649,-4.0702353,62,True,1,1
2026-07-03T04:02:57Z,6281V71351C3,71351,C3,0,05652,05655,2026-07-03T06:05:03,05657,14223,E,43.427574,-3.8405013,62,True,,1
2026-07-03T04:02:57Z,4781V71091C1,71091,C1,0,05755,05759,2026-07-03T06:05:00,05753,05761,55.0,42.77092,-5.0245905,47,False,,
2026-07-03T04:02:57Z,4781V71080C1,71080,C1,0,05762,05763,2026-07-03T06:06:00,05803,05761,18.0,42.809525,-5.18617,47,False,,1
2026-07-03T04:02:57Z,2081V70801C6,70801,C6,0,05509,05513,2026-07-03T06:17:00,05523,05509,E,43.3823,-5.7026434,20,False,1,4
2026-07-03T04:02:57Z,2081V70502C7,70502,C7,0,05325,05327,2026-07-03T06:18:00,05329,05325,E,43.490948,-6.1104946,20,False,4,2
2026-07-03T04:02:57Z,2081V70900C8,70900,C8,0,05381,05380,2026-07-03T06:02:00,05389,05373,E,43.16655,-5.7221513,20,False,2,2
2026-07-03T04:02:57Z,2081V22305C3,22305,C3,0,15218,15211,2026-07-03T06:30:00,16405,15218,E,43.3588,-5.8573804,20,False,1,1
2026-07-03T04:02:57Z,2081V70202C4,70202,C4,0,05211,05213,2026-07-03T06:33:00,05222,05211,E,43.58464,-5.772605,20,False,3,1
2026-07-03T04:02:57Z,2081V70501C7,70501,C7,0,05303,05302,2026-07-03T06:05:00,05501,05311,E,43.35863,-5.8975425,20,False,1,1
2026-07-03T04:02:57Z,2081V70400C5,70400,C5,0,05420,05417,2026-07-03T06:04:00,05201,05443,A,43.350883,-5.634224,20,False,1,1
2026-07-03T04:02:57Z,2081V70754C6,70754,C6,0,05513,05509,2026-07-03T06:37:00,05501,05513,E,43.388065,-5.664932,20,False,3,2
2026-07-03T04:02:57Z,2081V70755C6,70755,C6,0,05509,05513,2026-07-03T06:21:00,05513,05509,E,43.3823,-5.7026434,20,False,1,4
2026-07-03T04:02:57Z,2081V70201C4,70201,C4,0,05211,05210,2026-07-03T06:17:00,05201,05211,E,43.58464,-5.772605,20,False,1,1
2026-07-03T04:02:57Z,2081V70752C6,70752,C6,0,05513,05509,2026-07-03T06:15:00,05501,05513,E,43.388065,-5.664932,20,False,3,2
2026-07-03T04:02:57Z,2081V70901C8,70901,C8,0,05389,05387,2026-07-03T06:35:00,05361,05389,E,43.124065,-5.5663133,20,False,1,1
2026-07-03T04:02:57Z,2081V22000C1,22000,C1,0,15209,15208,2026-07-03T06:05:00,15122,15211,E,43.313263,-5.8692784,20,False,2,2
2026-07-03T04:02:57Z,2081V22004C1,22004,C1,0,15410,15401,2026-07-03T06:14:00,15118,15410,E,43.537712,-5.676047,20,False,2,2
2026-07-03T04:02:57Z,2081V22002C1,22002,C1,0,15211,15218,2026-07-03T06:17:00,15122,15211,E,43.36655,-5.854991,20,False,2,2
2026-07-03T04:02:57Z,2081V22200C2,22200,C2,0,16001,16002,2026-07-03T06:05:00,16011,15211,43.0,43.326046,-5.7986174,20,False,1,1
2026-07-03T04:02:57Z,2081V22103C1,22103,C1,0,15301,15302,2026-07-03T06:03:00,15410,15218,95.0,43.504013,-5.786006,20,False,1,1
2026-07-03T04:02:57Z,2081V22201C2,22201,C2,0,16011,16010,2026-07-03T06:32:00,15211,16011,E,43.28714,-5.6448464,20,False,1,1
2026-07-03T04:02:57Z,2081V22202C2,22202,C2,0,15211,15218,2026-07-03T06:23:00,16011,15211,E,43.366478,-5.855087,20,False,2,2
2026-07-03T04:02:57Z,2081V22006C1,22006,C1,0,15410,15401,2026-07-03T06:35:00,15118,15410,E,43.537712,-5.676047,20,False,2,2
2026-07-03T04:02:57Z,2081V22303C3,22303,C3,0,15212,15300,2026-07-03T06:06:00,16405,15218,E,43.404537,-5.81196,20,False,1,3
2026-07-03T04:02:57Z,4181V24703C1,24703,C1,0,60911,62109,2026-07-03T06:39:00,61200,60911,E,38.34553,-0.49576503,41,False,1,1
2026-07-03T04:02:57Z,4181V84900C2,84900,C2,0,06006,06005,2026-07-03T06:14:00,61200,06006,E,37.672035,-1.6961039,41,False,1,1
2026-07-03T04:02:57Z,4181V24701C1,24701,C1,0,62109,62104,2026-07-03T06:06:00,61200,60911,72.0,38.296135,-0.5573559,41,False,1,1
2026-07-03T04:02:57Z,4181V24700C1,24700,C1,0,62001,62002,2026-07-03T06:07:00,60911,61200,39.0,38.056797,-0.9774918,41,False,4,4
2026-07-03T04:02:57Z,4581V71601C1,71601,C1,0,05951,05952,2026-07-03T06:27:00,05977,05951,E,37.603638,-0.97674686,45,False,1,2
2026-07-03T04:02:57Z,1081V20010C3,20010,C3,0,17000,18002,2026-07-03T06:33:00,60200,17000,E,40.471382,-3.6834786,10,False,2,8
2026-07-03T04:02:57Z,1081V21000C8a,21000,C8a,1,10104,10103,2026-07-03T06:08:00,70200,10203,E,40.574413,-3.9567041,10,False,2,2
2026-07-03T04:02:57Z,1081V21509C2,21509,C2,0,70200,70105,2026-07-03T06:33:00,10203,70200,E,40.644257,-3.1823237,10,False,1,1
2026-07-03T04:02:57Z,1081V21804C7,21804,C7,0,10000,10001,2026-07-03T06:13:00,70103,10000,E,40.42163,-3.7193205,10,False,2,2
2026-07-03T04:02:57Z,1081V20419C4b,20419,C4b,0,37012,37011,2026-07-03T06:38:00,17005,37012,E,40.24143,-3.769159,10,True,2,1
2026-07-03T04:02:57Z,1081V21802C7,21802,C7,0,17000,18002,2026-07-03T06:24:00,70103,17000,E,40.47113,-3.6828332,10,True,7,2
2026-07-03T04:02:57Z,1081V20712C5,20712,C5,0,35607,35606,2026-07-03T06:25:00,35002,35607,E,40.330883,-3.8823783,10,False,2,1
2026-07-03T04:02:57Z,1081V20708C5,20708,C5,0,35607,35606,2026-07-03T06:13:00,35002,35607,E,40.330883,-3.8823783,10,False,2,1
2026-07-03T04:02:57Z,1081V20707C5,20707,C5,0,35002,35010,2026-07-03T06:15:00,35607,35002,E,40.283237,-3.7991464,10,False,1,1
2026-07-03T04:02:57Z,1081V20208C4,20208,C4,1,18000,60100,2026-07-03T06:10:00,37012,17000,A,40.352676,-3.684073,10,True,7,1
2026-07-03T04:02:57Z,1081V21508C2,21508,C2,6,17000,18002,2026-07-03T06:06:00,70200,17000,18.0,40.462063,-3.6854484,10,False,9,2
2026-07-03T04:02:57Z,1081V20417C4b,20417,C4b,0,37002,37010,2026-07-03T06:30:00,17005,37002,E,40.309868,-3.733689,10,True,1,1
2026-07-03T04:02:57Z,1081V20207C4a,20207,C4a,10,18002,17000,2026-07-03T06:09:00,19003,18000,S,40.4466,-3.6920877,10,True,6,3
2026-07-03T04:02:57Z,1081V21506C2,21506,C2,8,18000,70002,2026-07-03T06:06:00,70200,17000,A,40.381775,-3.6681283,10,False,3,2
2026-07-03T04:02:57Z,1081V20602C8b,20602,C8b,0,12006,12005,2026-07-03T06:33:00,70200,12006,E,40.737614,-4.0662985,10,True,2,1
2026-07-03T04:02:57Z,1081V21505C2,21505,C2,0,70200,70105,2026-07-03T06:20:00,17000,70200,E,40.644257,-3.1823237,10,False,1,1
2026-07-03T04:02:57Z,1081V20206C4,20206,C4,2,37001,37010,2026-07-03T06:10:00,37012,37001,E,40.34132,-3.7123663,10,True,0,2
2026-07-03T04:02:57Z,1081V21811C7,21811,C7,0,70103,70111,2026-07-03T06:32:00,10000,70103,E,40.4889,-3.3666708,10,False,5,1
2026-07-03T04:02:57Z,1081V20415C4b,20415,C4b,6,37012,37011,2026-07-03T06:21:00,17005,37012,E,40.24143,-3.769159,10,True,2,1
2026-07-03T04:02:57Z,1081V20601C8b,20601,C8b,0,17000,97201,2026-07-03T06:17:00,12006,17000,E,40.47113,-3.6828332,10,False,11,1
2026-07-03T04:02:57Z,1081V21504C2,21504,C2,16,70002,70003,2026-07-03T06:04:00,70200,18002,A,40.37616,-3.6561291,10,True,2,2
2026-07-03T04:02:57Z,1081V20205C4a,20205,C4a,6,19001,19002,2026-07-03T06:05:00,19003,37012,E,40.55402,-3.6837044,10,True,1,1
2026-07-03T04:02:57Z,1081V21503C2,21503,C2,11,70107,70103,2026-07-03T06:09:00,17000,70200,S,40.50538,-3.3352833,10,False,1,5
2026-07-03T04:02:57Z,1081V20600C8b,20600,C8b,4,12006,12005,2026-07-03T06:07:00,70200,12006,S,40.736828,-4.061176,10,False,2,1
2026-07-03T04:02:57Z,1081V20204C4,20204,C4,11,37001,37010,2026-07-03T06:05:00,37012,17000,A,40.323135,-3.7273622,10,True,2,2
2026-07-03T04:02:57Z,1081V21809C7,21809,C7,0,70103,70111,2026-07-03T06:04:00,10000,70103,E,40.4889,-3.3666708,10,False,5,1
2026-07-03T04:02:57Z,1081V21807C7,21807,C7,0,18000,18001,2026-07-03T06:10:00,10000,18000,E,40.40667,-3.6893938,10,True,2,1
2026-07-03T04:02:57Z,1081V20413C4b,20413,C4b,6,37012,37011,2026-07-03T06:11:00,17005,37012,S,40.244957,-3.7677615,10,False,1,1
2026-07-03T04:02:57Z,1081V36202C10,36202,C10,0,17000,18002,2026-07-03T06:36:00,10200,17000,E,40.470848,-3.682503,10,False,8,4
2026-07-03T04:02:57Z,1081V21512C2,21512,C2,0,17000,18002,2026-07-03T06:14:00,70200,17000,E,40.47097,-3.68245,10,False,9,2
2026-07-03T04:02:57Z,1081V21501C2,21501,C2,1,70100,70109,2026-07-03T06:05:00,10203,70200,25.0,40.398426,-3.5999658,10,False,1,1
2026-07-03T04:02:57Z,1081V21104C10,21104,C10,13,10200,10104,2026-07-03T06:27:00,17000,10200,E,40.62599,-4.0081153,10,False,3,2
2026-07-03T04:02:57Z,1081V21510C2,21510,C2,0,17000,18002,2026-07-03T06:09:00,70200,17000,E,40.47097,-3.68245,10,False,9,2
2026-07-03T04:02:57Z,1081V20411C4b,20411,C4b,3,37001,60100,2026-07-03T06:06:00,17005,37012,E,40.34132,-3.7123663,10,True,1,2
2026-07-03T04:02:57Z,1081V20410C4b,20410,C4b,0,17005,17004,2026-07-03T06:36:00,37012,17005,E,40.644844,-3.7762609,10,False,3,3
2026-07-03T04:02:57Z,1081V20011C3,20011,C3,0,60200,60105,2026-07-03T06:30:00,17000,60200,E,40.035027,-3.6189713,10,True,1,1
2026-07-03T04:02:57Z,1081V21100C10,21100,C10,1,10002,10001,2026-07-03T06:06:00,17000,10200,E,40.447617,-3.8001926,10,False,1,1
2026-07-03T04:02:57Z,1081V21303C10,21303,C10,22,10000,18005,2026-07-03T06:04:00,17000,10000,E,40.421413,-3.7190256,10,False,1,1
2026-07-03T04:02:57Z,1081V20213C4a,20213,C4a,0,18000,18101,2026-07-03T06:34:00,19003,18000,E,40.40654,-3.6895106,10,False,6,1
2026-07-03T04:02:57Z,1081V20212C4a,20212,C4a,0,17000,18002,2026-07-03T06:06:00,37012,19003,E,40.471325,-3.6833096,10,True,2,8
2026-07-03T04:02:57Z,1081V20211C4a,20211,C4a,1,37010,37001,2026-07-03T06:07:00,19003,37002,E,40.323135,-3.7273622,10,True,1,1
2026-07-03T04:02:57Z,1081V20210C4,20210,C4,0,37001,37010,2026-07-03T06:22:00,37012,37001,E,40.34132,-3.7123663,10,True,2,2
2026-07-03T04:02:57Z,1081V20218C4a,20218,C4a,0,19003,19002,2026-07-03T06:20:00,37012,19003,E,40.546417,-3.6351175,10,True,2,2
2026-07-03T04:02:57Z,1081V19799C1,19799,C1,23,98304,98305,2026-07-03T06:08:00,98305,18000,S,40.481922,-3.613845,10,False,2,1
2026-07-03T04:02:57Z,1081V21703C2,21703,C2,11,18002,17000,2026-07-03T06:10:00,10203,70103,S,40.44655,-3.691473,10,False,1,10
2026-07-03T04:02:57Z,1081V20217C4a,20217,C4a,0,37012,37011,2026-07-03T06:31:00,19003,37012,E,40.24143,-3.769159,10,False,1,1
2026-07-03T04:02:57Z,1081V20705C5,20705,C5,0,37001,35704,2026-07-03T06:04:00,35607,35002,58.0,40.343277,-3.7018485,10,False,4,1
2026-07-03T04:02:57Z,1081V20704C5,20704,C5,0,35607,35606,2026-07-03T06:07:00,35002,35607,E,40.330883,-3.8823783,10,False,2,1
2026-07-03T04:02:57Z,1081V21305C10,21305,C10,0,10100,10005,2026-07-03T06:12:00,17000,10100,E,40.52248,-3.8818293,10,False,5,1
2026-07-03T04:02:57Z,1081V20216C4a,20216,C4a,0,19003,19002,2026-07-03T06:07:00,37012,19003,E,40.546417,-3.6351175,10,True,2,2
2026-07-03T04:02:57Z,1081V21514C2,21514,C2,0,17000,18002,2026-07-03T06:32:00,70200,17000,E,40.47097,-3.68245,10,False,9,2
2026-07-03T04:02:57Z,1081V21701C2,21701,C2,19,17000,17000,2026-07-03T06:02:00,17000,18000,A,40.47097,-3.68245,10,False,10,10
2026-07-03T04:02:57Z,1081V21304C10,21304,C10,0,17000,18002,2026-07-03T06:21:00,10100,17000,E,40.470848,-3.682503,10,False,8,4
2026-07-03T04:02:57Z,1081V20215C4a,20215,C4a,0,37012,37011,2026-07-03T06:21:00,19003,37012,E,40.24143,-3.769159,10,False,1,1
2026-07-03T04:02:57Z,1081V21200C10,21200,C10,0,17000,18002,2026-07-03T06:06:00,10200,17000,E,40.470848,-3.682503,10,False,8,4
2026-07-03T04:02:57Z,1081V19520C5,19520,C5,0,35607,35606,2026-07-03T06:19:00,35012,35607,E,40.330883,-3.8823783,10,False,2,1
2026-07-03T04:02:57Z,1081V19508C5,19508,C5,0,35600,35608,2026-07-03T06:01:00,35012,35607,S,40.386257,-3.7610443,10,False,1,1
2026-07-03T04:02:57Z,1081V21603C2,21603,C2,14,70103,70111,2026-07-03T06:05:00,12006,70200,S,40.386257,-3.7610443,10,False,5,1
2026-07-03T04:02:57Z,1081V21601C2,21601,C2,1,18001,18002,2026-07-03T06:07:00,12006,70200,A,40.44655,-3.691473,10,True,1,1
2026-07-03T04:02:57Z,1081V35975C2,35975,C2,0,70200,70105,2026-07-03T06:11:00,17000,70200,E,40.644257,-3.1823237,10,False,1,1
2026-07-03T04:02:57Z,1081V20002C3,20002,C3,25,60101,60109,2026-07-03T06:05:00,60200,17000,E,40.331753,-3.6989367,10,False,2,2
2026-07-03T04:02:57Z,1081V20409C4b,20409,C4b,0,18002,17000,2026-07-03T06:11:00,17005,18000,A,40.471325,-3.6833096,10,False,6,5
2026-07-03T04:02:57Z,1081V20408C4b,20408,C4b,0,17005,17004,2026-07-03T06:24:00,37012,17005,E,40.644844,-3.7762609,10,False,3,3
2026-07-03T04:02:57Z,1081V20407C4b,20407,C4b,13,18000,18101,2026-07-03T06:04:00,17005,37012,A,40.417023,-3.7031636,10,True,5,1
2026-07-03T04:02:57Z,1081V20406C4b,20406,C4b,0,17005,17004,2026-07-03T06:11:00,37012,17005,E,40.644844,-3.7762609,10,False,3,3
2026-07-03T04:02:57Z,1081V20009C3,20009,C3,0,60200,60105,2026-07-03T06:15:00,17000,60200,E,40.035027,-3.6189713,10,True,1,1
2026-07-03T04:02:57Z,1081V19509C5,19509,C5,1,18003,18000,2026-07-03T06:01:00,35607,35012,S,40.39592,-3.6779969,10,False,1,9
2026-07-03T04:02:57Z,1081V19504C5,19504,C5,0,35001,35011,2026-07-03T06:04:00,35012,35607,A,40.312492,-3.78335,10,False,0,2
2026-07-03T04:02:57Z,1081V19503C5,19503,C5,0,35604,35605,2026-07-03T06:02:00,35607,35012,A,40.3503,-3.8317595,10,False,2,2
2026-07-03T04:02:57Z,1081V19506C5,19506,C5,0,18000,18003,2026-07-03T06:00:00,35012,35607,E,40.406326,-3.6896772,10,False,10,2
2026-07-03T04:02:57Z,1081V20405C4b,20405,C4b,7,17004,17005,2026-07-03T06:11:00,17005,18000,8.0,40.60631,-3.7198236,10,False,2,3
2026-07-03T04:02:57Z,1081V20008C3,20008,C3,0,17000,18002,2026-07-03T06:16:00,60200,17000,E,40.471382,-3.6834786,10,True,5,8
2026-07-03T04:02:57Z,1081V19505C5,19505,C5,0,18000,35609,2026-07-03T05:53:00,35607,35012,S,40.406326,-3.6896772,10,False,9,2
2026-07-03T04:02:57Z,1081V20007C3,20007,C3,3,60105,60104,2026-07-03T06:07:00,17000,60200,15.0,40.16757,-3.6157548,10,False,1,1
2026-07-03T04:02:57Z,1081V20006C3,20006,C3,1,18002,18101,2026-07-03T06:06:00,60200,17000,E,40.4466,-3.6920877,10,True,8,2
2026-07-03T04:02:57Z,1081V20402C4b,20402,C4b,11,17003,17009,2026-07-03T06:07:00,37012,17005,A,40.54373,-3.7003317,10,False,2,2
2026-07-03T04:02:57Z,1081V19537C5,19537,C5,0,35012,35002,2026-07-03T06:25:00,35607,35012,E,40.25559,-3.8284667,10,False,1,1
2026-07-03T04:02:57Z,1081V19539C5,19539,C5,0,35012,35002,2026-07-03T06:30:00,35607,35012,E,40.25559,-3.8284667,10,False,1,1
2026-07-03T04:02:57Z,1081V35973C2,35973,C2,3,17000,17000,2026-07-03T06:05:00,17000,70103,A,40.47097,-3.68245,10,False,10,10
2026-07-03T04:02:57Z,1081V19805C1,19805,C1,0,98305,98304,2026-07-03T06:14:00,17000,98305,E,40.4924,-3.593483,10,False,2,1
2026-07-03T04:02:57Z,1081V19529C5,19529,C5,0,35012,35002,2026-07-03T06:08:00,35607,35012,E,40.25559,-3.8284667,10,False,1,1
2026-07-03T04:02:57Z,1081V19807C1,19807,C1,0,98305,98304,2026-07-03T06:29:00,17000,98305,E,40.4924,-3.593483,10,False,2,1
2026-07-03T04:02:57Z,1081V19526C5,19526,C5,0,35607,35606,2026-07-03T06:31:00,35012,35607,E,40.330883,-3.8823783,10,False,2,1
2026-07-03T04:02:57Z,1081V19510C5,19510,C5,0,35604,35603,2026-07-03T06:04:00,35012,35607,58.0,40.36966,-3.802602,10,False,1,1
2026-07-03T04:02:57Z,1081V19800C1,19800,C1,1,98305,98305,2026-07-03T06:06:00,98305,17000,A,40.4924,-3.593483,10,True,0,0
2026-07-03T04:02:57Z,1081V19525C5,19525,C5,0,35002,35010,2026-07-03T06:03:00,35607,35012,E,40.283237,-3.7991464,10,False,3,1
2026-07-03T04:02:57Z,1081V19513C5,19513,C5,0,35702,18003,2026-07-03T06:04:00,35607,35012,A,40.39592,-3.6779969,10,False,1,1
2026-07-03T04:02:57Z,1081V19512C5,19512,C5,2,35606,35610,2026-07-03T06:06:00,35012,35607,A,40.34195,-3.8423326,10,False,1,1
2026-07-03T04:02:57Z,1081V19803C1,19803,C1,3,98304,98003,2026-07-03T06:08:00,17000,98305,E,40.481907,-3.616286,10,False,1,1
2026-07-03T04:02:57Z,1081V20220C4a,20220,C4a,0,19003,19002,2026-07-03T06:33:00,37012,19003,E,40.546417,-3.6351175,10,True,2,2
2026-07-03T04:02:57Z,1081V19802C1,19802,C1,0,17000,98003,2026-07-03T06:24:00,98305,17000,E,40.47102,-3.6825693,10,False,12,2
2026-07-03T04:02:57Z,1081V19519C5,19519,C5,0,35001,35009,2026-07-03T06:05:00,35607,35012,E,40.328766,-3.7714624,10,False,1,1
2026-07-03T04:02:57Z,1081V19533C5,19533,C5,0,35012,35002,2026-07-03T06:20:00,35607,35012,E,40.25559,-3.8284667,10,False,1,1
2026-07-03T04:02:57Z,1081V21002C8a,21002,C8a,0,10203,10202,2026-07-03T06:28:00,70103,10203,E,40.58532,-4.1321955,10,False,3,2
2026-07-03T04:02:57Z,1081V20005C3,20005,C3,5,60103,60102,2026-07-03T06:07:00,17000,60200,15.0,40.25233,-3.7041054,10,True,1,1
2026-07-03T04:02:57Z,1081V20004C3,20004,C3,12,60100,60107,2026-07-03T06:04:00,60200,17000,A,40.342415,-3.6838048,10,True,3,2
2026-07-03T04:07:04Z,3081V23101C3,23101,C3,0,51003,50700,2026-07-03T06:08:00,40115,51003,A,37.59084,-5.7277255,30,False,,
2026-07-03T04:07:04Z,3081V23505C1,23505,C1,2,51200,51112,2026-07-03T06:12:12,50600,51200,48.0,37.231876,-5.8461046,30,False,,1
2026-07-03T04:07:04Z,3081V23506C1,23506,C1,0,50600,50602,2026-07-03T06:24:00,51200,50600,A,37.58157,-5.6699624,30,False,6,2
2026-07-03T04:07:04Z,3081V23509C1,23509,C1,0,51203,51202,2026-07-03T06:28:00,50600,51203,,36.911682,-6.095153,30,False,6,1
2026-07-03T04:07:04Z,3081V23500C1,23500,C1,4,51202,51203,2026-07-03T06:09:29,51203,51003,80.0,36.94687,-6.0819664,30,False,,6
2026-07-03T04:07:04Z,3081V23601C4,23601,C4,3,51010,51110,2026-07-03T06:14:51,00000,00000,A,37.362885,-5.97583,30,False,2,1
2026-07-03T04:07:04Z,3081V23801C5,23801,C5,0,51003,43000,2026-07-03T06:23:00,43005,51003,A,37.434105,-5.9807305,30,False,8,2
2026-07-03T04:07:04Z,3081V23701C5,23701,C5,0,43005,43004,2026-07-03T06:08:00,51103,43005,E,37.35694,-6.208262,30,False,,
2026-07-03T04:07:04Z,3081V23504C1,23504,C1,0,50700,50701,2026-07-03T06:15:00,51200,50700,A,37.574757,-5.8031654,30,False,4,2
2026-07-03T04:07:04Z,3081V23501C1,23501,C1,6,50600,50600,2026-07-03T06:13:16,50600,51003,A,37.661293,-5.5310225,30,False,6,6
2026-07-03T04:07:04Z,3081V23502C1,23502,C1,3,51110,51113,2026-07-03T06:07:38,51200,51003,81.0,37.338715,-5.965762,30,False,,2
2026-07-03T04:07:04Z,3181V23201C1,23201,C1,0,51405,51414,2026-07-03T06:17:00,51205,51405,,36.52884,-6.288062,31,False,5,1
2026-07-03T04:07:04Z,3181V23422T1,23422,T1,0,51455,51456,2026-07-03T06:09:00,51405,51450,A,36.44052,-6.144531,31,False,,2
2026-07-03T04:07:04Z,3181V23421T1,23421,T1,1,51404,51409,2026-07-03T06:09:00,51450,51405,A,36.50296,-6.272031,31,False,1,1
2026-07-03T04:07:04Z,3181V23200C1,23200,C1,0,51300,51400,2026-07-03T06:28:00,51405,51300,,36.680237,-6.12622,31,False,2,2
2026-07-03T04:07:04Z,3281V23302C1,23302,C1,0,54516,54515,2026-07-03T06:12:00,54517,54516,A,36.55467,-4.6145897,32,False,1,1
2026-07-03T04:07:04Z,3281V23305C1,23305,C1,1,54505,54520,2026-07-03T06:10:44,54516,54517,E,36.677452,-4.490335,32,False,1,1
2026-07-03T04:07:04Z,3281V23151C2,23151,C2,0,54408,54407,2026-07-03T06:09:28,54405,54517,40.0,36.72898,-4.630394,32,False,,
2026-07-03T04:07:04Z,4081V24202C1,24202,C1,0,69110,69107,2026-07-03T06:16:00,65000,69110,A,39.02619,-0.21494265,40,False,2,
2026-07-03T04:07:04Z,4081V84001C2,84001,C2,0,64006,64005,2026-07-03T06:11:00,64003,64006,,38.96917,-0.5866923,40,False,,
2026-07-03T04:07:04Z,4081V24301C6,24301,C6,0,65204,65203,2026-07-03T06:08:10,65000,65300,E,39.782715,-0.19038023,40,False,,1
2026-07-03T04:07:04Z,4081V30433C6,14433,C6,0,65312,65311,2026-07-03T06:20:00,65000,65312,E,39.988213,-0.052072257,40,False,,
2026-07-03T04:07:04Z,4081V24200C1,24200,C1,1,69104,69103,2026-07-03T06:16:17,65000,69110,A,39.20591,-0.30820796,40,False,2,2
2026-07-03T04:07:04Z,4081V24302C6,24302,C6,0,65000,65002,2026-07-03T06:27:00,65312,65000,,39.465065,-0.37811995,40,False,,
2026-07-03T04:07:04Z,4081V24003C2,24003,C2,0,65000,64203,2026-07-03T06:18:00,64006,65000,,39.466305,-0.37739235,40,False,,1
2026-07-03T04:07:04Z,4081V24203C1,24203,C1,0,65000,64203,2026-07-03T06:26:00,69110,65000,,39.46634,-0.37753645,40,False,,1
2026-07-03T04:07:04Z,4081V24300C6,24300,C6,1,65002,65003,2026-07-03T06:13:38,65300,65000,A,39.47025,-0.33469376,40,False,2,
2026-07-03T04:07:04Z,4081V24303C6,24303,C6,0,65300,65209,2026-07-03T06:24:00,65000,65300,A,39.988213,-0.052072257,40,False,,1
2026-07-03T04:07:04Z,4081V76654C3,76654,C3,0,65000,65002,2026-07-03T06:13:00,66200,65000,,39.466278,-0.37721187,40,False,,4B
2026-07-03T04:07:04Z,4081V80001C3,80001,C3,0,66200,66201,2026-07-03T06:26:00,66206,66200,,39.570892,-1.2023381,40,False,2,1
2026-07-03T04:07:04Z,4081V24000C2,24000,C2,-3,64107,64200,2026-07-03T06:15:28,65000,64006,A,39.36203,-0.41514477,40,False,,2
2026-07-03T04:07:04Z,4081V84004C2,84004,C2,0,64003,64004,2026-07-03T06:18:00,64006,64003,,38.878082,-0.7535829,40,False,,
2026-07-03T04:07:04Z,4081V24001C2,24001,C2,-1,64105,64104,2026-07-03T06:10:51,64006,65000,E,39.19323,-0.4412666,40,False,,1
2026-07-03T04:07:04Z,4081V84601C5,84601,C5,0,67211,67212,2026-07-03T06:07:00,65008,67211,,39.947292,-0.5721675,40,False,,
2026-07-03T04:07:04Z,4081V24107C2,24107,C2,0,64100,64006,2026-07-03T06:14:00,64006,64100,A,38.96917,-0.5866923,40,False,1,
2026-07-03T04:07:04Z,4081V76600C3,76600,C3,0,66207,66208,2026-07-03T06:11:52,65002,66206,E,39.47113,-0.72308433,40,False,,
2026-07-03T04:07:04Z,4081V24380C6,24380,C6,0,65003,65008,2026-07-03T06:18:02,65312,65000,21.0,39.50198,-0.32843342,40,False,,4
2026-07-03T04:07:04Z,4081V24381C6,24381,C6,0,65300,65208,2026-07-03T06:16:00,65000,65300,A,39.93293,-0.09658491,40,False,1,1
2026-07-03T04:07:04Z,5181V25608R1,25608,R1,0,79605,79608,2026-07-03T06:09:44,72305,79606,E,41.64154,2.741303,50,False,,1
2026-07-03T04:07:04Z,5181V15002R15,15002,R15,0,71400,71401,2026-07-03T06:15:00,79400,71400,,41.160637,1.1000068,50,True,,
2026-07-03T04:07:04Z,5181V15000R15,15000,R15,1,71502,71503,2026-07-03T06:10:23,79400,71400,17.0,41.13745,1.3789539,50,False,,4
2026-07-03T04:07:04Z,5181V25400R2,25400,R2,12,79011,79006,2026-07-03T06:08:58,79104,71700,E,41.510384,2.1998255,50,True,,1
2026-07-03T04:07:04Z,5181V28506R2,28506,R2,3,71701,71703,2026-07-03T06:17:29,79100,71600,A,41.27745,1.9777229,50,True,2,2
2026-07-03T04:07:04Z,5181V28264R2S,28264,R2S,7,71705,71706,2026-07-03T06:11:44,79400,71600,A,41.30322,2.010665,50,False,2,
2026-07-03T04:07:04Z,5181V28265R2S,28265,R2S,-1,71802,71801,2026-07-03T06:12:11,71700,79400,A,41.379513,2.1412146,50,True,,
2026-07-03T04:07:04Z,5181V28263R2S,28263,R2S,2,71705,71704,2026-07-03T06:12:30,71700,79400,A,41.26706,1.9571267,50,True,4,
2026-07-03T04:07:04Z,5181V77502R4,77502,R4,-3,72208,72207,2026-07-03T06:13:05,71600,78700,E,41.44866,1.865482,50,False,,1
2026-07-03T04:07:04Z,5181V25602R1,25602,R1,2,78805,71801,2026-07-03T06:10:34,72305,79603,12.0,41.38661,2.1662664,50,True,2,
2026-07-03T04:07:04Z,5181V25601R1,25601,R1,0,79009,79403,2026-07-03T06:15:37,79200,72305,E,41.408962,2.187447,50,False,,1
2026-07-03T04:07:04Z,5181V25604R1,25604,R1,0,79406,79405,2026-07-03T06:07:04,72305,79603,E,41.468693,2.2867389,50,True,,2
2026-07-03T04:07:04Z,5181V77702R4,77702,R4,-1,71801,72305,2026-07-03T06:13:28,72209,78800,E,41.379536,2.1411612,50,True,,4
2026-07-03T04:07:04Z,5181V25603R1,25603,R1,0,72305,71801,2026-07-03T06:24:00,79606,72305,E,41.36431,2.1008937,50,False,,
2026-07-03T04:07:04Z,5181V77504R4,77504,R4,-1,72302,72301,2026-07-03T06:09:18,71600,78700,A,41.38308,2.0479817,50,False,,1
2026-07-03T04:07:04Z,5181V77704R4,77704,R4,0,78800,78801,2026-07-03T06:17:00,72209,78800,,41.470253,2.1794534,50,False,5,2
2026-07-03T04:07:04Z,5181V78802R11,15720,R11,9,79009,79104,2026-07-03T06:41:59,79309,71801,8.0,41.444378,2.1960814,50,True,,1
2026-07-03T04:07:04Z,5181V33521RL4,15631,RL4,0,78505,78504,2026-07-03T06:10:29,78400,78600,51.0,41.74302,1.5937017,50,False,,
2026-07-03T04:07:04Z,5181V77506R4,77506,R4,2,78802,78806,2026-07-03T06:08:42,71600,78700,E,41.430275,2.1831505,50,True,2,2
2026-07-03T04:07:04Z,5181V28402R2N,28402,R2N,6,79009,71802,2026-07-03T06:06:31,72400,79100,S,41.409042,2.1873875,50,True,,
2026-07-03T04:07:04Z,5181V77508R4,77508,R4,-1,78709,78704,2026-07-03T06:08:46,71600,78700,E,41.561966,2.0962272,50,False,,2
2026-07-03T04:07:04Z,5181V25606R1,25606,R1,1,79600,79502,2026-07-03T06:08:46,72305,79603,15.0,41.577496,2.549442,50,False,2,2
2026-07-03T04:07:04Z,5181V77400R4,77400,R4,1,72300,72301,2026-07-03T06:11:35,78600,71600,10.0,41.40747,2.0237794,50,False,2,2
2026-07-03T04:07:04Z,5181V77402R4,77402,R4,3,72207,72208,2026-07-03T06:16:10,78600,71600,A,41.44866,1.865482,50,False,2,2
2026-07-03T04:07:04Z,5181V25704R1,25704,R1,1,79412,79410,2026-07-03T06:08:28,72305,79500,E,41.50672,2.4016483,50,True,2,2
2026-07-03T04:07:04Z,5181V77600R4,77600,R4,1,78703,78704,2026-07-03T06:11:12,78600,72209,A,41.546566,2.1159177,50,False,1,1
2026-07-03T04:07:04Z,5181V25501R2S,25501,R2S,2,71802,71801,2026-07-03T06:06:19,71600,79400,A,41.379513,2.1412146,50,False,,
2026-07-03T04:07:04Z,5181V25701R1,25701,R1,-1,78805,78804,2026-07-03T06:11:10,79600,72305,A,41.391903,2.1806395,50,True,1,1
2026-07-03T04:07:04Z,5181V25502R2S,25502,R2S,0,71602,71603,2026-07-03T06:07:56,79400,71600,E,41.19241,1.6064517,50,False,,2
2026-07-03T04:07:04Z,5181V77404R4,77404,R4,2,72201,72202,2026-07-03T06:11:32,78600,71600,44.0,41.2442,1.5653363,50,False,,2
2026-07-03T04:07:04Z,5181V77602R4,77602,R4,0,78804,78806,2026-07-03T06:11:27,78600,72209,E,41.391907,2.1806386,50,False,,1
2026-07-03T04:07:04Z,5181V78288R2,78288,R2,2,71801,71802,2026-07-03T06:07:31,79200,71700,89.0,41.390575,2.1627166,50,True,,
2026-07-03T04:07:04Z,5181V77310R3,77310,R3,-2,77107,77106,2026-07-03T06:13:15,77102,77109,A,41.814796,2.2333581,50,False,,1
2026-07-03T04:07:04Z,5181V77510R4,77510,R4,0,78605,78606,2026-07-03T06:13:36,72204,78600,A,41.60183,1.8939729,50,False,2,2
2026-07-03T04:07:04Z,5181V78900R11,30900,R11,0,71801,71802,2026-07-03T06:20:00,79316,71801,,41.379505,2.1412053,50,False,,
2026-07-03T04:07:04Z,5181V18121R16,18121,R16,3,71801,71600,2026-07-03T06:50:51,65400,79400,2.0,41.370663,2.1310124,50,True,,
2026-07-03T04:07:04Z,5181V28404R2N,28404,R2N,0,79006,79011,2026-07-03T06:10:45,72400,79104,E,41.533474,2.2177799,50,True,2,2
2026-07-03T04:07:04Z,6081V26004C2,26004,C2,4,13504,13509,2026-07-03T06:07:11,13200,13506,E,43.31141,-3.0604117,60,False,1,1
2026-07-03T04:07:04Z,6081V26103C1,26103,C1,0,13405,13405,2026-07-03T06:07:03,13405,13200,E,43.328575,-3.0296164,60,False,1,1
2026-07-03T04:07:04Z,6081V26502C3,26502,C3,2,13103,13102,2026-07-03T06:08:40,13100,13200,E,43.0935,-2.9995618,60,False,,
2026-07-03T04:07:04Z,6081V26006C2,26006,C2,0,13506,13505,2026-07-03T06:19:00,13200,13506,A,43.315636,-3.0911126,60,False,1,1
2026-07-03T04:07:04Z,6081V26106C1,26106,C1,0,13405,13404,2026-07-03T06:22:00,13200,13405,A,43.3262,-3.023556,60,False,1,2
2026-07-03T04:07:04Z,6081V26007C2,26007,C2,0,13200,13205,2026-07-03T06:17:00,13506,13200,A,43.256733,-2.9322033,60,False,2,1
2026-07-03T04:07:04Z,6081V26105C1,26105,C1,1,13205,13206,2026-07-03T06:08:58,13405,13200,E,43.256733,-2.9322033,60,False,1,1
2026-07-03T04:07:04Z,6081V26601C3,26601,C3,0,13106,13107,2026-07-03T06:16:00,13200,13106,A,43.144993,-2.9434426,60,False,4,1
2026-07-03T04:07:04Z,6081V26504C3,26504,C3,0,13111,13110,2026-07-03T06:13:58,13100,13200,A,43.17912,-2.9028738,60,False,2,2
2026-07-03T04:07:04Z,6081V26602C3,26602,C3,2,13119,13114,2026-07-03T06:08:18,13106,13200,E,43.240112,-2.924082,60,False,2,2
2026-07-03T04:07:04Z,6081V26503C3,26503,C3,-1,13110,13111,2026-07-03T06:12:33,13200,13100,A,43.210075,-2.888758,60,False,,1
2026-07-03T04:07:04Z,6081V26506C3,26506,C3,0,13200,13120,2026-07-03T06:22:00,13100,13200,A,43.25035,-2.930641,60,False,3,2
2026-07-03T04:07:04Z,6081V26505C3,26505,C3,0,13100,13116,2026-07-03T06:17:00,13200,13100,A,43.035866,-3.0039182,60,False,2,1
2026-07-03T04:07:04Z,6081V26003C2,26003,C2,2,13504,13508,2026-07-03T06:06:22,13506,13200,E,43.31141,-3.0604117,60,False,,1
2026-07-03T04:07:04Z,6081V26002C2,26002,C2,0,13207,13206,2026-07-03T06:08:22,13200,13506,E,43.258133,-2.9459865,60,False,,2
2026-07-03T04:07:04Z,6081V71503C4,71503,C4,3,05481,05479,2026-07-03T06:10:38,05451,05485,29.0,43.20345,-3.1704924,60,False,,1
2026-07-03T04:07:04Z,6081V71500C4,71500,C4,0,05455,05457,2026-07-03T06:08:52,05485,05451,E,43.259953,-2.9537518,60,False,,2
2026-07-03T04:07:04Z,6081V26104C1,26104,C1,1,13401,13400,2026-07-03T06:08:14,13200,13405,E,43.308567,-2.9939837,60,False,2,2
2026-07-03T04:07:04Z,6081V26005C2,26005,C2,1,13305,13400,2026-07-03T06:10:06,13506,13200,A,43.300213,-2.9843163,60,False,1,3
2026-07-03T04:07:04Z,6181V32769C1,32769,C1,4,11508,11509,2026-07-03T06:11:01,11600,11400,E,43.27241,-1.9637448,61,False,,1
2026-07-03T04:07:04Z,6181V32702C1,32702,C1,0,11600,11518,2026-07-03T06:13:00,11305,11600,A,43.330643,-1.8169186,61,False,,2
2026-07-03T04:07:04Z,6181V32701C1,32701,C1,0,11305,11306,2026-07-03T06:12:00,11600,11305,A,43.050964,-2.3305266,61,False,1,1
2026-07-03T04:07:04Z,6181V32700C1,32700,C1,-1,11506,11505,2026-07-03T06:10:26,11305,11600,E,43.247425,-1.988344,61,False,,2
2026-07-03T04:07:04Z,6181V32770C1,32770,C1,0,11500,11409,2026-07-03T06:07:12,11400,11516,97.0,43.10274,-2.0963895,61,False,,2
2026-07-03T04:07:04Z,6181V30600C1,16000,C1,-1,11515,11514,2026-07-03T06:08:57,11200,11600,E,43.31916,-1.9170784,61,False,,
2026-07-03T04:07:04Z,6281V71103C2,71103,C2,0,05623,05622,2026-07-03T06:08:00,14223,05623,A,43.35649,-4.0702353,62,True,1,1
2026-07-03T04:07:04Z,6281V71104C2,71104,C2,0,05604,05605,2026-07-03T06:10:53,05623,14223,E,43.45333,-3.855874,62,True,,1
2026-07-03T04:07:04Z,6281V71102C2,71102,C2,2,05623,05623,2026-07-03T06:08:27,05623,14223,A,43.358776,-4.087748,62,True,3,3
2026-07-03T04:07:04Z,6281V35903C1,26903,C1,0,14206,14207,2026-07-03T06:24:00,14223,14206,A,43.145645,-4.0389667,62,True,,1
2026-07-03T04:07:04Z,6281V71301C3,71301,C3,0,14223,05602,2026-07-03T06:18:00,05657,14223,A,43.452858,-3.828213,62,True,9AM,7
2026-07-03T04:07:04Z,6281V71151C2,71151,C2,0,05637,05635,2026-07-03T06:21:00,14223,05637,A,43.315296,-4.2153883,62,True,1,
2026-07-03T04:07:04Z,6281V71351C3,71351,C3,1,05655,05657,2026-07-03T06:08:12,05657,14223,44.0,43.409115,-3.8330426,62,True,1,
2026-07-03T04:07:04Z,6281V81351C3,81351,C3,0,05657,05658,2026-07-03T06:18:00,05671,05657,A,43.39739,-3.8149183,62,True,1,
2026-07-03T04:07:04Z,6281V35902C1,26902,C1,0,14223,14230,2026-07-03T06:13:00,14210,14223,A,43.45403,-3.8277466,62,True,1,1
2026-07-03T04:07:04Z,4781V71080C1,71080,C1,0,05763,05764,2026-07-03T06:13:00,05803,05761,15.0,42.80763,-5.2241993,47,False,,
2026-07-03T04:07:04Z,4781V71091C1,71091,C1,0,05759,05799,2026-07-03T06:08:00,05753,05761,69.0,42.782005,-5.0132732,47,False,,
2026-07-03T04:07:04Z,2081V70801C6,70801,C6,0,05509,05513,2026-07-03T06:17:00,05523,05509,E,43.3823,-5.7026434,20,False,1,4
2026-07-03T04:07:04Z,2081V70502C7,70502,C7,0,05325,05327,2026-07-03T06:18:00,05329,05325,E,43.490948,-6.1104946,20,False,4,2
2026-07-03T04:07:04Z,2081V70900C8,70900,C8,0,05382,05384,2026-07-03T06:11:00,05389,05373,E,43.16427,-5.676655,20,False,2,2
2026-07-03T04:07:04Z,2081V70202C4,70202,C4,0,05211,05213,2026-07-03T06:33:00,05222,05211,E,43.58464,-5.772605,20,False,3,1
2026-07-03T04:07:04Z,2081V22305C3,22305,C3,0,15218,15211,2026-07-03T06:30:00,16405,15218,E,43.3588,-5.8573804,20,False,1,1
2026-07-03T04:07:04Z,2081V70501C7,70501,C7,0,05301,05300,2026-07-03T06:08:00,05501,05311,E,43.36588,-5.8700294,20,False,1,1
2026-07-03T04:07:04Z,2081V70401C5,70401,C5,0,05405,05407,2026-07-03T06:12:00,05443,05201,A,43.486576,-5.7196226,20,False,2,2
2026-07-03T04:07:04Z,2081V70754C6,70754,C6,0,05513,05509,2026-07-03T06:37:00,05501,05513,E,43.388065,-5.664932,20,False,3,2
2026-07-03T04:07:04Z,2081V70755C6,70755,C6,0,05509,05513,2026-07-03T06:21:00,05513,05509,E,43.3823,-5.7026434,20,False,1,4
2026-07-03T04:07:04Z,2081V70752C6,70752,C6,0,05513,05509,2026-07-03T06:15:00,05501,05513,E,43.388065,-5.664932,20,False,3,2
2026-07-03T04:07:04Z,2081V70400C5,70400,C5,0,05417,05416,2026-07-03T06:07:00,05201,05443,S,43.350883,-5.634224,20,False,1,1
2026-07-03T04:07:04Z,2081V70505C7,70505,C7,0,05329,05327,2026-07-03T06:40:00,05501,05329,E,43.55206,-6.087154,20,False,1,1
2026-07-03T04:07:04Z,2081V70201C4,70201,C4,0,05211,05210,2026-07-03T06:17:00,05201,05211,E,43.58464,-5.772605,20,False,1,1
2026-07-03T04:07:04Z,2081V70901C8,70901,C8,0,05389,05387,2026-07-03T06:35:00,05361,05389,E,43.124065,-5.5663133,20,False,1,1
2026-07-03T04:07:04Z,2081V22000C1,22000,C1,0,15206,15205,2026-07-03T06:14:00,15122,15211,A,43.267654,-5.8057942,20,False,2,2
2026-07-03T04:07:04Z,2081V22004C1,22004,C1,0,15410,15401,2026-07-03T06:14:00,15118,15410,E,43.537712,-5.676047,20,False,2,2
2026-07-03T04:07:04Z,2081V22002C1,22002,C1,0,15211,15218,2026-07-03T06:17:00,15122,15211,E,43.36655,-5.854991,20,False,2,2
2026-07-03T04:07:04Z,2081V22103C1,22103,C1,0,15302,15303,2026-07-03T06:06:00,15410,15218,A,43.52077,-5.746301,20,False,1,1
2026-07-03T04:07:04Z,2081V22200C2,22200,C2,0,16002,16005,2026-07-03T06:11:00,16011,15211,E,43.33089,-5.7768655,20,False,1,1
2026-07-03T04:07:04Z,2081V22006C1,22006,C1,0,15410,15401,2026-07-03T06:35:00,15118,15410,E,43.537712,-5.676047,20,False,2,2
2026-07-03T04:07:04Z,2081V22201C2,22201,C2,0,16011,16010,2026-07-03T06:32:00,15211,16011,E,43.28714,-5.6448464,20,False,1,1
2026-07-03T04:07:04Z,2081V22202C2,22202,C2,0,15211,15218,2026-07-03T06:23:00,16011,15211,E,43.366478,-5.855087,20,False,2,2
2026-07-03T04:07:04Z,4181V84904C2,84904,C2,0,07004,07007,2026-07-03T06:47:00,61200,07004,E,37.40992,-1.5725332,41,False,1,1
2026-07-03T04:07:04Z,4181V24700C1,24700,C1,0,62002,62003,2026-07-03T06:15:00,60911,61200,A,38.122574,-0.87431836,41,False,4,1
2026-07-03T04:07:04Z,4181V24703C1,24703,C1,0,60911,62109,2026-07-03T06:39:00,61200,60911,E,38.34553,-0.49576503,41,False,1,1
2026-07-03T04:07:04Z,4181V24701C1,24701,C1,0,62104,62103,2026-07-03T06:16:00,61200,60911,E,38.289753,-0.58249927,41,False,1,1
2026-07-03T04:07:04Z,4581V71601C1,71601,C1,0,05951,05952,2026-07-03T06:27:00,05977,05951,E,37.603638,-0.97674686,45,False,1,2
2026-07-03T04:07:04Z,1081V21000C8a,21000,C8a,1,10103,10101,2026-07-03T06:13:00,70200,10203,A,40.552284,-3.8969665,10,False,2,2
2026-07-03T04:07:04Z,1081V21804C7,21804,C7,0,10000,10001,2026-07-03T06:13:00,70103,10000,E,40.42163,-3.7193205,10,False,2,2
2026-07-03T04:07:04Z,1081V21802C7,21802,C7,0,17000,18002,2026-07-03T06:24:00,70103,17000,E,40.47113,-3.6828332,10,True,7,2
2026-07-03T04:07:04Z,1081V20712C5,20712,C5,0,35607,35606,2026-07-03T06:25:00,35002,35607,E,40.330883,-3.8823783,10,False,2,1
2026-07-03T04:07:04Z,1081V20708C5,20708,C5,0,35607,35606,2026-07-03T06:13:00,35002,35607,E,40.330883,-3.8823783,10,False,2,1
2026-07-03T04:07:04Z,1081V20707C5,20707,C5,0,35002,35010,2026-07-03T06:15:00,35607,35002,E,40.283237,-3.7991464,10,False,1,1
2026-07-03T04:07:04Z,1081V21100C10,21100,C10,2,10001,10000,2026-07-03T06:14:00,17000,10200,S,40.448578,-3.7855594,10,False,1,1
2026-07-03T04:07:04Z,1081V20010C3,20010,C3,0,17000,18002,2026-07-03T06:33:00,60200,17000,E,40.471382,-3.6834786,10,False,2,8
2026-07-03T04:07:04Z,1081V19541C5,19541,C5,0,35002,35010,2026-07-03T06:36:00,35607,35002,E,40.283237,-3.7991464,10,False,1,1
2026-07-03T04:07:04Z,1081V21509C2,21509,C2,0,70200,70105,2026-07-03T06:33:00,10203,70200,E,40.644257,-3.1823237,10,False,1,1
2026-07-03T04:07:04Z,1081V20419C4b,20419,C4b,0,37012,37011,2026-07-03T06:38:00,17005,37012,E,40.24143,-3.769159,10,True,2,1
2026-07-03T04:07:04Z,1081V20208C4,20208,C4,5,18000,60100,2026-07-03T06:14:00,37012,17000,1.0,40.406075,-3.688998,10,True,7,1
2026-07-03T04:07:04Z,1081V21508C2,21508,C2,6,18002,18001,2026-07-03T06:10:00,70200,17000,E,40.44655,-3.691473,10,False,2,2
2026-07-03T04:07:04Z,1081V20417C4b,20417,C4b,0,37002,37010,2026-07-03T06:30:00,17005,37002,E,40.309868,-3.733689,10,True,1,1
2026-07-03T04:07:04Z,1081V21506C2,21506,C2,9,70002,70003,2026-07-03T06:09:00,70200,17000,A,40.37616,-3.6561291,10,False,2,2
2026-07-03T04:07:04Z,1081V21505C2,21505,C2,0,70200,70105,2026-07-03T06:20:00,17000,70200,E,40.644257,-3.1823237,10,False,1,1
2026-07-03T04:07:04Z,1081V20415C4b,20415,C4b,11,37012,37011,2026-07-03T06:26:00,17005,37012,E,40.24143,-3.769159,10,True,2,1
2026-07-03T04:07:04Z,1081V21503C2,21503,C2,9,70103,70111,2026-07-03T06:09:00,17000,70200,E,40.489193,-3.3662832,10,False,5,1
2026-07-03T04:07:04Z,1081V20207C4a,20207,C4a,7,17000,17001,2026-07-03T06:10:00,19003,18000,27.0,40.479656,-3.68032,10,True,4,1
2026-07-03T04:07:04Z,1081V20602C8b,20602,C8b,0,12006,12005,2026-07-03T06:33:00,70200,12006,E,40.737614,-4.0662985,10,True,2,1
2026-07-03T04:07:04Z,1081V20206C4,20206,C4,7,37001,37010,2026-07-03T06:15:00,37012,37001,E,40.34132,-3.7123663,10,True,2,2
2026-07-03T04:07:04Z,1081V21811C7,21811,C7,0,70103,70111,2026-07-03T06:32:00,10000,70103,E,40.4889,-3.3666708,10,False,5,1
2026-07-03T04:07:04Z,1081V20601C8b,20601,C8b,0,17000,97201,2026-07-03T06:17:00,12006,17000,E,40.47113,-3.6828332,10,False,11,1
2026-07-03T04:07:04Z,1081V20413C4b,20413,C4b,2,37011,37002,2026-07-03T06:10:00,17005,37012,3.0,40.289024,-3.7372751,10,True,1,1
2026-07-03T04:07:04Z,1081V36202C10,36202,C10,0,17000,18002,2026-07-03T06:36:00,10200,17000,E,40.470848,-3.682503,10,False,8,4
2026-07-03T04:07:04Z,1081V21512C2,21512,C2,0,17000,18002,2026-07-03T06:14:00,70200,17000,E,40.47097,-3.68245,10,False,9,2
2026-07-03T04:07:04Z,1081V21510C2,21510,C2,3,17000,18002,2026-07-03T06:12:00,70200,17000,E,40.47097,-3.68245,10,True,10,2
2026-07-03T04:07:04Z,1081V20205C4a,20205,C4a,7,19002,19003,2026-07-03T06:09:00,19003,37012,36.0,40.546333,-3.6473475,10,True,1,2
2026-07-03T04:07:04Z,1081V20600C8b,20600,C8b,1,12004,12002,2026-07-03T06:16:00,70200,12006,A,40.65798,-4.035108,10,False,1,1
2026-07-03T04:07:04Z,1081V20204C4,20204,C4,16,37001,37010,2026-07-03T06:10:00,37012,17000,A,40.323135,-3.7273622,10,True,2,2
2026-07-03T04:07:04Z,1081V20718C5,20718,C5,0,35607,35606,2026-07-03T06:37:00,35002,35607,E,40.330883,-3.8823783,10,False,2,1
2026-07-03T04:07:04Z,1081V21807C7,21807,C7,0,18000,18001,2026-07-03T06:10:00,10000,18000,E,40.40667,-3.6893938,10,True,2,1
2026-07-03T04:07:04Z,1081V19543C5,19543,C5,0,35012,35002,2026-07-03T06:40:00,35607,35012,E,40.25559,-3.8284667,10,False,1,1
2026-07-03T04:07:04Z,1081V21104C10,21104,C10,17,10200,10104,2026-07-03T06:31:00,17000,10200,E,40.62599,-4.0081153,10,False,3,2
2026-07-03T04:07:04Z,1081V19799C1,19799,C1,27,98304,98305,2026-07-03T06:12:00,98305,18000,2.0,40.48191,-3.615676,10,False,2,1
2026-07-03T04:07:04Z,1081V20705C5,20705,C5,1,35703,35702,2026-07-03T06:09:00,35607,35002,E,40.367134,-3.7043796,10,False,1,1
2026-07-03T04:07:04Z,1081V20704C5,20704,C5,0,35606,35610,2026-07-03T06:10:00,35002,35607,A,40.34195,-3.8423326,10,False,1,1
2026-07-03T04:07:04Z,1081V21514C2,21514,C2,0,17000,18002,2026-07-03T06:32:00,70200,17000,E,40.47097,-3.68245,10,False,9,2
2026-07-03T04:07:04Z,1081V35981C2,35981,C2,0,70200,70105,2026-07-03T06:41:00,17000,70200,E,40.644257,-3.1823237,10,False,1,1
2026-07-03T04:07:04Z,1081V21200C10,21200,C10,5,17000,18002,2026-07-03T06:11:00,10200,17000,E,40.470848,-3.682503,10,False,9,4
2026-07-03T04:07:04Z,1081V19520C5,19520,C5,0,35607,35606,2026-07-03T06:19:00,35012,35607,E,40.330883,-3.8823783,10,False,2,1
2026-07-03T04:07:04Z,1081V20411C4b,20411,C4b,3,60100,18000,2026-07-03T06:16:00,17005,37012,1.0,40.353367,-3.684064,10,True,2,6
2026-07-03T04:07:04Z,1081V20410C4b,20410,C4b,0,17005,17004,2026-07-03T06:36:00,37012,17005,E,40.644844,-3.7762609,10,False,3,3
2026-07-03T04:07:04Z,1081V20013C3,20013,C3,0,60200,60105,2026-07-03T06:46:00,17000,60200,E,40.035027,-3.6189713,10,True,1,1
2026-07-03T04:07:04Z,1081V20011C3,20011,C3,0,60200,60105,2026-07-03T06:30:00,17000,60200,E,40.035027,-3.6189713,10,True,1,1
2026-07-03T04:07:04Z,1081V20213C4a,20213,C4a,0,18000,18101,2026-07-03T06:34:00,19003,18000,E,40.40654,-3.6895106,10,False,6,1
2026-07-03T04:07:04Z,1081V20212C4a,20212,C4a,1,18002,18101,2026-07-03T06:11:00,37012,19003,E,40.4466,-3.6920877,10,True,8,2
2026-07-03T04:07:04Z,1081V20211C4a,20211,C4a,2,37001,60100,2026-07-03T06:12:00,19003,37002,E,40.34132,-3.7123663,10,True,1,2
2026-07-03T04:07:04Z,1081V20210C4,20210,C4,0,37001,37010,2026-07-03T06:22:00,37012,37001,E,40.34132,-3.7123663,10,True,2,2
2026-07-03T04:07:04Z,1081V20218C4a,20218,C4a,0,19003,19002,2026-07-03T06:20:00,37012,19003,E,40.546417,-3.6351175,10,True,2,2
2026-07-03T04:07:04Z,1081V21603C2,21603,C2,16,70111,70112,2026-07-03T06:11:00,12006,70200,2.0,40.480347,-3.39294,10,False,1,1
2026-07-03T04:07:04Z,1081V21601C2,21601,C2,1,18002,17000,2026-07-03T06:14:00,12006,70200,A,40.47097,-3.68245,10,True,1,10
2026-07-03T04:07:04Z,1081V20217C4a,20217,C4a,0,37012,37011,2026-07-03T06:31:00,19003,37012,E,40.24143,-3.769159,10,False,1,1
2026-07-03T04:07:04Z,1081V19805C1,19805,C1,1,98305,98304,2026-07-03T06:15:00,17000,98305,E,40.4924,-3.593483,10,False,2,1
2026-07-03T04:07:04Z,1081V19804C1,19804,C1,0,17000,98003,2026-07-03T06:39:00,98305,17000,E,40.47102,-3.6825693,10,False,12,2
2026-07-03T04:07:04Z,1081V21305C10,21305,C10,0,10100,10005,2026-07-03T06:12:00,17000,10100,E,40.52248,-3.8818293,10,False,5,1
2026-07-03T04:07:04Z,1081V19529C5,19529,C5,1,35002,35010,2026-07-03T06:10:00,35607,35012,A,40.29673,-3.7924793,10,False,3,1
2026-07-03T04:07:04Z,1081V19807C1,19807,C1,0,98305,98304,2026-07-03T06:29:00,17000,98305,E,40.4924,-3.593483,10,False,2,1
2026-07-03T04:07:04Z,1081V19526C5,19526,C5,0,35607,35606,2026-07-03T06:31:00,35012,35607,E,40.330883,-3.8823783,10,False,2,1
2026-07-03T04:07:04Z,1081V19525C5,19525,C5,3,35010,35011,2026-07-03T06:08:00,35607,35012,55.0,40.305393,-3.7874508,10,False,1,1
2026-07-03T04:07:04Z,1081V20216C4a,20216,C4a,0,19003,19002,2026-07-03T06:07:00,37012,19003,S,40.546417,-3.6351175,10,True,2,2
2026-07-03T04:07:04Z,1081V19803C1,19803,C1,2,98003,17000,2026-07-03T06:14:00,17000,98305,E,40.484917,-3.6630294,10,True,1,8
2026-07-03T04:07:04Z,1081V21304C10,21304,C10,0,17000,18002,2026-07-03T06:21:00,10100,17000,E,40.470848,-3.682503,10,False,8,4
2026-07-03T04:07:04Z,1081V19802C1,19802,C1,0,17000,98003,2026-07-03T06:24:00,98305,17000,E,40.47102,-3.6825693,10,False,12,2
2026-07-03T04:07:04Z,1081V20215C4a,20215,C4a,0,37012,37011,2026-07-03T06:21:00,19003,37012,E,40.24143,-3.769159,10,False,1,1
2026-07-03T04:07:04Z,1081V19533C5,19533,C5,0,35012,35002,2026-07-03T06:20:00,35607,35012,E,40.25559,-3.8284667,10,False,1,1
2026-07-03T04:07:04Z,1081V20005C3,20005,C3,5,60102,60109,2026-07-03T06:09:00,17000,60200,A,40.318535,-3.7097142,10,False,1,1
2026-07-03T04:07:04Z,1081V19508C5,19508,C5,1,35609,18000,2026-07-03T06:11:00,35012,35607,A,40.406326,-3.6896772,10,False,1,10
2026-07-03T04:07:04Z,1081V19509C5,19509,C5,0,35609,35608,2026-07-03T06:06:00,35607,35012,A,40.3989,-3.7442265,10,False,2,2
2026-07-03T04:07:04Z,1081V19504C5,19504,C5,1,35010,35002,2026-07-03T06:12:00,35012,35607,A,40.283237,-3.7991464,10,False,2,2
2026-07-03T04:07:04Z,1081V19503C5,19503,C5,0,35605,35610,2026-07-03T06:04:00,35607,35012,E,40.3503,-3.8317595,10,False,2,2
2026-07-03T04:07:04Z,1081V20004C3,20004,C3,17,60100,60107,2026-07-03T06:09:00,60200,17000,5.0,40.331753,-3.6989367,10,True,3,2
2026-07-03T04:07:04Z,1081V20003C3,20003,C3,3,18000,18101,2026-07-03T06:08:00,17000,60200,E,40.40654,-3.6895106,10,True,6,1
2026-07-03T04:07:04Z,1081V20002C3,20002,C3,24,60102,60103,2026-07-03T06:13:00,60200,17000,E,40.305756,-3.707588,10,False,2,2
2026-07-03T04:07:04Z,1081V19506C5,19506,C5,0,18003,35702,2026-07-03T06:03:00,35012,35607,S,40.39592,-3.6779969,10,False,2,2
2026-07-03T04:07:04Z,1081V20409C4b,20409,C4b,2,18002,17000,2026-07-03T06:13:00,17005,18000,1.0,40.44688,-3.6920621,10,False,6,5
2026-07-03T04:07:04Z,1081V20408C4b,20408,C4b,0,17005,17004,2026-07-03T06:24:00,37012,17005,E,40.644844,-3.7762609,10,False,3,3
2026-07-03T04:07:04Z,1081V19505C5,19505,C5,1,35609,35608,2026-07-03T05:59:00,35607,35012,S,40.405067,-3.7026901,10,False,2,2
2026-07-03T04:07:04Z,1081V20407C4b,20407,C4b,18,18000,18101,2026-07-03T06:09:00,17005,37012,5.0,40.407196,-3.6902275,10,True,5,1
2026-07-03T04:07:04Z,1081V19510C5,19510,C5,0,35603,35602,2026-07-03T06:06:00,35012,35607,S,40.377697,-3.791474,10,False,1,1
2026-07-03T04:07:04Z,1081V19513C5,19513,C5,0,18003,18000,2026-07-03T06:08:00,35607,35012,E,40.39592,-3.6779969,10,False,1,9
2026-07-03T04:07:04Z,1081V19512C5,19512,C5,2,35605,35604,2026-07-03T06:11:00,35012,35607,A,40.356674,-3.8156087,10,False,1,1
2026-07-03T04:07:04Z,1081V20220C4a,20220,C4a,0,19003,19002,2026-07-03T06:33:00,37012,19003,E,40.546417,-3.6351175,10,True,2,2
2026-07-03T04:07:04Z,1081V20406C4b,20406,C4b,1,17005,17004,2026-07-03T06:12:00,37012,17005,18.0,40.650948,-3.7577486,10,True,2,3
2026-07-03T04:07:04Z,1081V19519C5,19519,C5,0,35009,37001,2026-07-03T06:08:00,35607,35012,70.0,40.341606,-3.7231278,10,False,1,4
2026-07-03T04:07:04Z,1081V21003C8a,21003,C8a,3,17000,97201,2026-07-03T06:38:00,10203,17000,E,40.47113,-3.6828332,10,False,11,1
2026-07-03T04:07:04Z,1081V20009C3,20009,C3,1,60200,60105,2026-07-03T06:16:00,17000,60200,1.0,40.035027,-3.6189713,10,True,4,1
2026-07-03T04:07:04Z,1081V21002C8a,21002,C8a,0,10203,10202,2026-07-03T06:28:00,70103,10203,E,40.58532,-4.1321955,10,False,3,2
2026-07-03T04:07:04Z,1081V20405C4b,20405,C4b,2,17005,17005,2026-07-03T06:06:00,17005,18000,A,40.644844,-3.7762609,10,False,3,3
2026-07-03T04:07:04Z,1081V20008C3,20008,C3,5,17000,18002,2026-07-03T06:21:00,60200,17000,E,40.471382,-3.6834786,10,True,5,8
2026-07-03T04:07:04Z,1081V21001C8a,21001,C8a,7,17000,97201,2026-07-03T06:10:00,10203,17000,E,40.47113,-3.6828332,10,False,7,1
2026-07-03T04:07:04Z,1081V20007C3,20007,C3,3,60104,60103,2026-07-03T06:12:00,17000,60200,2.0,40.196156,-3.6648214,10,False,1,1
2026-07-03T04:07:04Z,1081V20006C3,20006,C3,1,18101,18000,2026-07-03T06:12:00,60200,17000,2.0,40.416683,-3.7033517,10,True,2,7
2026-07-03T04:07:04Z,1081V20402C4b,20402,C4b,10,17009,17001,2026-07-03T06:12:00,37012,17005,E,40.54373,-3.7003317,10,True,2,2
2026-07-03T04:07:04Z,1081V19537C5,19537,C5,0,35012,35002,2026-07-03T06:25:00,35607,35012,E,40.25559,-3.8284667,10,False,1,1
2026-07-03T04:07:04Z,1081V19539C5,19539,C5,0,35012,35002,2026-07-03T06:30:00,35607,35012,E,40.25559,-3.8284667,10,False,1,1
2026-07-03T04:12:14Z,3081V23509C1,23509,C1,0,51203,51202,2026-07-03T06:28:00,50600,51203,,36.911682,-6.095153,30,False,6,1
2026-07-03T04:12:14Z,3081V23504C1,23504,C1,0,50700,50701,2026-07-03T06:15:00,51200,50700,E,37.58964,-5.7261076,30,False,,2
2026-07-03T04:12:14Z,3081V23505C1,23505,C1,1,51112,51103,2026-07-03T06:13:23,50600,51200,E,37.27829,-5.9103913,30,False,1,1
2026-07-03T04:12:14Z,3081V23601C4,23601,C4,3,51010,51110,2026-07-03T06:14:51,00000,00000,A,37.362885,-5.97583,30,False,,1
2026-07-03T04:12:14Z,3081V23506C1,23506,C1,0,50600,50602,2026-07-03T06:24:00,51200,50600,A,37.58157,-5.6699624,30,False,6,2
2026-07-03T04:12:14Z,3081V23501C1,23501,C1,6,50600,50600,2026-07-03T06:13:28,50600,51003,A,37.661293,-5.5310225,30,False,6,6
2026-07-03T04:12:14Z,3081V23603C4,23603,C4,0,51003,51009,2026-07-03T06:29:00,00000,00000,A,37.4036,-5.936382,30,False,8,2
2026-07-03T04:12:14Z,3081V23801C5,23801,C5,0,51003,43000,2026-07-03T06:23:00,43005,51003,A,37.434105,-5.9807305,30,False,8,2
2026-07-03T04:12:14Z,3081V23502C1,23502,C1,4,51111,51103,2026-07-03T06:16:57,51200,51003,3.0,37.321526,-5.964239,30,False,2,2
2026-07-03T04:12:14Z,3181V23201C1,23201,C1,0,51405,51414,2026-07-03T06:17:00,51205,51405,,36.52884,-6.288062,31,False,5,1
2026-07-03T04:12:14Z,3181V23422T1,23422,T1,0,51457,51458,2026-07-03T06:18:00,51405,51450,A,36.467724,-6.1910625,31,False,2,2
2026-07-03T04:12:14Z,3181V23421T1,23421,T1,0,51407,51419,2026-07-03T06:17:00,51450,51405,A,36.4573,-6.2236514,31,False,,3
2026-07-03T04:12:14Z,3181V23200C1,23200,C1,0,51300,51400,2026-07-03T06:28:00,51405,51300,,36.680237,-6.12622,31,False,2,2
2026-07-03T04:12:14Z,3281V23302C1,23302,C1,0,54514,54513,2026-07-03T06:15:48,54517,54516,A,36.570225,-4.5940194,32,False,1,2
2026-07-03T04:12:14Z,3281V23151C2,23151,C2,1,54407,54406,2026-07-03T06:16:06,54405,54517,20.0,36.73417,-4.678296,32,False,,
2026-07-03T04:12:14Z,4081V24004C2,24004,C2,0,64006,64100,2026-07-03T06:31:00,65000,64006,,38.96917,-0.5866923,40,False,,2
2026-07-03T04:12:14Z,4081V30433C6,14433,C6,0,65312,65311,2026-07-03T06:20:00,65000,65312,,39.988213,-0.052072257,40,False,,
2026-07-03T04:12:14Z,4081V24202C1,24202,C1,1,69110,69107,2026-07-03T06:16:40,65000,69110,24.0,38.986935,-0.18133324,40,False,,
2026-07-03T04:12:14Z,4081V24200C1,24200,C1,2,69104,69103,2026-07-03T06:16:43,65000,69110,23.0,39.186928,-0.27070695,40,False,,2
2026-07-03T04:12:14Z,4081V24302C6,24302,C6,0,65000,65002,2026-07-03T06:27:00,65312,65000,,39.465065,-0.37811995,40,False,,
2026-07-03T04:12:14Z,4081V24203C1,24203,C1,0,65000,64203,2026-07-03T06:26:00,69110,65000,,39.46634,-0.37753645,40,False,,1
2026-07-03T04:12:14Z,4081V24303C6,24303,C6,0,65300,65209,2026-07-03T06:24:00,65000,65300,,39.988213,-0.052072257,40,False,,1
2026-07-03T04:12:14Z,4081V24003C2,24003,C2,1,65000,64203,2026-07-03T06:18:33,64006,65000,19.0,39.457912,-0.38025174,40,False,,1
2026-07-03T04:12:14Z,4081V24107C2,24107,C2,4,64100,64006,2026-07-03T06:18:29,64006,64100,9.0,38.9898,-0.53047067,40,False,1,
2026-07-03T04:12:14Z,4081V24381C6,24381,C6,0,65300,65208,2026-07-03T06:16:00,65000,65300,E,39.988213,-0.052072257,40,False,,1
2026-07-03T04:12:14Z,4081V24300C6,24300,C6,2,65002,65003,2026-07-03T06:14:51,65300,65000,54.0,39.443657,-0.34078467,40,False,,
2026-07-03T04:12:14Z,4081V76654C3,76654,C3,3,65000,65002,2026-07-03T06:15:45,66200,65000,54.0,39.44813,-0.38282552,40,False,,4B
2026-07-03T04:12:14Z,4081V24201C1,24201,C1,0,64200,69102,2026-07-03T06:16:53,69110,65000,40.0,39.32968,-0.40441245,40,False,,1
2026-07-03T04:12:14Z,4081V80001C3,80001,C3,0,66200,66201,2026-07-03T06:26:00,66206,66200,,39.570892,-1.2023381,40,False,2,1
2026-07-03T04:12:14Z,4081V84004C2,84004,C2,0,64003,64004,2026-07-03T06:18:00,64006,64003,,38.878082,-0.7535829,40,False,,
2026-07-03T04:12:14Z,4081V24000C2,24000,C2,0,64107,64200,2026-07-03T06:18:21,65000,64006,22.0,39.302288,-0.42948344,40,False,,2
2026-07-03T04:12:14Z,4081V76600C3,76600,C3,0,66208,66209,2026-07-03T06:24:29,65002,66206,A,39.485516,-0.56741005,40,False,1,
2026-07-03T04:12:14Z,4081V76656C3,76656,C3,0,65000,65002,2026-07-03T06:32:00,66206,65000,,39.466278,-0.37721187,40,False,,4B
2026-07-03T04:12:14Z,5181V15002R15,15002,R15,0,71400,71401,2026-07-03T06:15:00,79400,71400,,41.160637,1.1000068,50,True,,
2026-07-03T04:12:14Z,5181V15000R15,15000,R15,2,71503,71600,2026-07-03T06:21:01,79400,71400,E,41.142742,1.4057958,50,False,4,
2026-07-03T04:12:14Z,5181V25400R2,25400,R2,10,79007,79100,2026-07-03T06:18:10,79104,71700,E,41.54973,2.2454188,50,True,1,1
2026-07-03T04:12:14Z,5181V25600R1,25600,R1,-4,79607,79606,2026-07-03T06:17:07,72305,79200,A,41.673496,2.769029,50,False,,1
2026-07-03T04:12:14Z,5181V25402R2N,25402,R2N,1,72400,71707,2026-07-03T06:16:01,79104,72400,44.0,41.315464,2.0531225,50,True,,4
2026-07-03T04:12:14Z,5181V25602R1,25602,R1,2,71801,72305,2026-07-03T06:18:41,72305,79603,E,41.379536,2.1411612,50,True,7,
2026-07-03T04:12:14Z,5181V25601R1,25601,R1,0,79009,79403,2026-07-03T06:16:27,79200,72305,51.0,41.42895,2.204606,50,False,,1
2026-07-03T04:12:14Z,5181V28506R2,28506,R2,5,71701,71703,2026-07-03T06:19:05,79100,71600,12.0,41.27745,1.9777229,50,True,2,2
2026-07-03T04:12:14Z,5181V28264R2S,28264,R2S,6,71706,71709,2026-07-03T06:14:16,79400,71600,E,41.30322,2.010665,50,False,2,2
2026-07-03T04:12:14Z,5181V28265R2S,28265,R2S,-1,71802,71801,2026-07-03T06:12:11,71700,79400,A,41.379513,2.1412146,50,True,,
2026-07-03T04:12:14Z,5181V28263R2S,28263,R2S,2,71704,71703,2026-07-03T06:18:12,71700,79400,A,41.254333,1.9026438,50,True,1,1
2026-07-03T04:12:14Z,5181V25604R1,25604,R1,2,79404,79403,2026-07-03T06:14:32,72305,79603,19.0,41.441933,2.2452648,50,True,2,2
2026-07-03T04:12:14Z,5181V25603R1,25603,R1,0,72305,71801,2026-07-03T06:24:00,79606,72305,,41.36431,2.1008937,50,False,,
2026-07-03T04:12:14Z,5181V77502R4,77502,R4,1,72208,72207,2026-07-03T06:16:32,71600,78700,36.0,41.4349,1.8414886,50,False,,1
2026-07-03T04:12:14Z,5181V77702R4,77702,R4,-2,72305,72303,2026-07-03T06:15:59,72209,78800,E,41.36431,2.1008937,50,True,,1
2026-07-03T04:12:14Z,5181V78802R11,15720,R11,9,79009,79104,2026-07-03T06:41:59,79309,71801,21.0,41.50193,2.1932545,50,True,,1
2026-07-03T04:12:14Z,5181V77504R4,77504,R4,-1,72301,72300,2026-07-03T06:15:48,71600,78700,A,41.40998,2.0208638,50,False,,1
2026-07-03T04:12:14Z,5181V77704R4,77704,R4,0,78800,78801,2026-07-03T06:17:00,72209,78800,,41.470253,2.1794534,50,False,5,2
2026-07-03T04:12:14Z,5181V28402R2N,28402,R2N,3,71801,71708,2026-07-03T06:17:41,72400,79100,7.0,41.37809,2.1387649,50,True,12,1
2026-07-03T04:12:14Z,5181V28406R2N,28406,R2N,-1,79103,79102,2026-07-03T06:14:00,72400,79104,E,41.671745,2.4542186,50,True,,
2026-07-03T04:12:14Z,5181V77400R4,77400,R4,-1,72301,72302,2026-07-03T06:14:19,78600,71600,E,41.38308,2.0479817,50,False,,2
2026-07-03T04:12:14Z,5181V33521RL4,15631,RL4,0,78504,78503,2026-07-03T06:20:29,78400,78600,16.0,41.73422,1.5674672,50,False,,
2026-07-03T04:12:14Z,5181V77402R4,77402,R4,5,72207,72208,2026-07-03T06:17:30,78600,71600,23.0,41.422653,1.8128569,50,False,,2
2026-07-03T04:12:14Z,5181V77600R4,77600,R4,0,78704,78709,2026-07-03T06:12:54,78600,72209,E,41.546566,2.1159177,50,False,,1
2026-07-03T04:12:14Z,5181V77404R4,77404,R4,2,72202,72203,2026-07-03T06:18:44,78600,71600,E,41.273575,1.6003745,50,False,2,2
2026-07-03T04:12:14Z,5181V77602R4,77602,R4,1,78806,78802,2026-07-03T06:15:45,78600,72209,E,41.42185,2.1869605,50,False,1,1
2026-07-03T04:12:14Z,5181V28404R2N,28404,R2N,-1,79011,79005,2026-07-03T06:13:02,72400,79104,E,41.510387,2.199821,50,True,,2
2026-07-03T04:12:14Z,5181V25704R1,25704,R1,2,79409,79408,2026-07-03T06:15:55,72305,79500,E,41.487606,2.3548977,50,True,2,2
2026-07-03T04:12:14Z,5181V25501R2S,25501,R2S,8,71801,71709,2026-07-03T06:26:58,71600,79400,A,41.30931,2.0274873,50,False,,
2026-07-03T04:12:14Z,5181V77508R4,77508,R4,0,78703,78705,2026-07-03T06:15:32,71600,78700,A,41.513508,2.1183457,50,False,2,2
2026-07-03T04:12:14Z,5181V25606R1,25606,R1,0,79501,79500,2026-07-03T06:15:12,72305,79603,A,41.53325,2.4456325,50,False,,2
2026-07-03T04:12:14Z,5181V25701R1,25701,R1,1,78805,78804,2026-07-03T06:13:13,79600,72305,63.0,41.390404,2.1766038,50,True,,1
2026-07-03T04:12:14Z,5181V25502R2S,25502,R2S,0,71604,71700,2026-07-03T06:15:14,79400,71600,E,41.20413,1.6760199,50,False,,3
2026-07-03T04:12:14Z,5181V25703R1,25703,R1,-2,71801,78805,2026-07-03T06:17:40,79600,72305,A,41.387875,2.1697214,50,False,,1
2026-07-03T04:12:14Z,5181V77310R3,77310,R3,-3,77106,77105,2026-07-03T06:14:54,77102,77109,A,41.79944,2.2227662,50,False,,1
2026-07-03T04:12:14Z,5181V77510R4,77510,R4,1,78605,78606,2026-07-03T06:14:50,72204,78600,45.0,41.620174,1.8865736,50,False,,2
2026-07-03T04:12:14Z,5181V78900R11,30900,R11,0,71801,71802,2026-07-03T06:20:00,79316,71801,,41.379505,2.1412053,50,False,,
2026-07-03T04:12:14Z,6081V26006C2,26006,C2,0,13506,13505,2026-07-03T06:19:00,13200,13506,A,43.315636,-3.0911126,60,False,1,1
2026-07-03T04:12:14Z,6081V26105C1,26105,C1,1,13303,13304,2026-07-03T06:16:18,13405,13200,A,43.27778,-2.972136,60,False,1,1
2026-07-03T04:12:14Z,6081V26504C3,26504,C3,0,13110,13115,2026-07-03T06:14:58,13100,13200,A,43.176933,-2.909058,60,False,2,2
2026-07-03T04:12:14Z,6081V26502C3,26502,C3,2,13121,13101,2026-07-03T06:13:04,13100,13200,E,43.05786,-2.996093,60,False,2,2
2026-07-03T04:12:14Z,6081V71571C4,71571,C4,0,05483,05475,2026-07-03T06:33:00,05451,05483,A,43.21283,-3.1333232,60,False,1,1
2026-07-03T04:12:14Z,6081V26506C3,26506,C3,0,13200,13120,2026-07-03T06:22:00,13100,13200,A,43.25035,-2.930641,60,False,3,2
2026-07-03T04:12:14Z,6081V26005C2,26005,C2,2,13400,13501,2026-07-03T06:15:07,13506,13200,25.0,43.303898,-2.9903271,60,False,1,3
2026-07-03T04:12:14Z,6081V26004C2,26004,C2,5,13503,13502,2026-07-03T06:13:45,13200,13506,E,43.301556,-3.0287716,60,False,1,1
2026-07-03T04:12:14Z,6081V26505C3,26505,C3,0,13100,13116,2026-07-03T06:17:00,13200,13100,A,43.035866,-3.0039182,60,False,2,1
2026-07-03T04:12:14Z,6081V26003C2,26003,C2,5,13505,13506,2026-07-03T06:16:26,13506,13200,A,43.321514,-3.1123157,60,False,1,
2026-07-03T04:12:14Z,6081V26106C1,26106,C1,0,13405,13404,2026-07-03T06:22:00,13200,13405,A,43.3262,-3.023556,60,False,1,2
2026-07-03T04:12:14Z,6081V26007C2,26007,C2,0,13200,13205,2026-07-03T06:17:00,13506,13200,A,43.256733,-2.9322033,60,False,2,1
2026-07-03T04:12:14Z,6081V26602C3,26602,C3,3,13113,13118,2026-07-03T06:17:05,13106,13200,A,43.22568,-2.8871021,60,False,2,2
2026-07-03T04:12:14Z,6081V26601C3,26601,C3,0,13106,13107,2026-07-03T06:16:00,13200,13106,A,43.144993,-2.9434426,60,False,4,1
2026-07-03T04:12:14Z,6081V71503C4,71503,C4,1,05479,05477,2026-07-03T06:11:45,05451,05485,E,43.20397,-3.1448612,60,False,,1
2026-07-03T04:12:14Z,6081V71501C4,71501,C4,5,05465,05463,2026-07-03T06:14:35,05451,05485,E,43.222702,-3.024937,60,False,1,1
2026-07-03T04:12:14Z,6081V71500C4,71500,C4,1,05457,05459,2026-07-03T06:13:20,05485,05451,E,43.27407,-2.9740336,60,False,,2
2026-07-03T04:12:14Z,6081V26503C3,26503,C3,0,13110,13111,2026-07-03T06:13:57,13200,13100,63.0,43.200787,-2.8998065,60,False,,1
2026-07-03T04:12:14Z,6081V26104C1,26104,C1,1,13305,13304,2026-07-03T06:13:22,13200,13405,37.0,43.28346,-2.9759874,60,False,2,2
2026-07-03T04:12:14Z,6181V32769C1,32769,C1,4,11509,11510,2026-07-03T06:13:45,11600,11400,E,43.299118,-1.9562813,61,False,,1
2026-07-03T04:12:14Z,6181V32702C1,32702,C1,0,11600,11518,2026-07-03T06:13:00,11305,11600,77.0,43.33268,-1.8132856,61,False,,2
2026-07-03T04:12:14Z,6181V32701C1,32701,C1,3,11305,11306,2026-07-03T06:14:38,11600,11305,37.0,43.03088,-2.3393524,61,False,,1
2026-07-03T04:12:14Z,6181V32700C1,32700,C1,0,11505,11504,2026-07-03T06:13:48,11305,11600,E,43.2221,-2.015703,61,False,,2
2026-07-03T04:12:14Z,6281V81351C3,81351,C3,0,05657,05658,2026-07-03T06:18:00,05671,05657,A,43.39739,-3.8149183,62,True,1,
2026-07-03T04:12:14Z,6281V71152C2,71152,C2,1,05613,05615,2026-07-03T06:13:36,05637,14223,E,43.409706,-3.988606,62,True,,1
2026-07-03T04:12:14Z,6281V71103C2,71103,C2,0,05620,05621,2026-07-03T06:12:34,14223,05623,E,43.351936,-4.056961,62,True,,2
2026-07-03T04:12:14Z,6281V71151C2,71151,C2,0,05637,05635,2026-07-03T06:21:00,14223,05637,A,43.315296,-4.2153883,62,True,1,
2026-07-03T04:12:14Z,6281V71104C2,71104,C2,1,05605,05607,2026-07-03T06:13:30,05623,14223,E,43.44074,-3.8995621,62,True,1,1
2026-07-03T04:12:14Z,6281V35902C1,26902,C1,0,14223,14230,2026-07-03T06:13:00,14210,14223,A,43.45403,-3.8277466,62,True,,1
2026-07-03T04:12:14Z,6281V35903C1,26903,C1,0,14206,14207,2026-07-03T06:24:00,14223,14206,A,43.145645,-4.0389667,62,True,,1
2026-07-03T04:12:14Z,6281V71301C3,71301,C3,0,14223,05602,2026-07-03T06:18:00,05657,14223,A,43.452858,-3.828213,62,True,9AM,7
2026-07-03T04:12:14Z,4781V71080C1,71080,C1,0,05763,05764,2026-07-03T06:13:00,05803,05761,87.0,42.81132,-5.2742233,47,False,,
2026-07-03T04:12:14Z,4781V71091C1,71091,C1,0,05758,05757,2026-07-03T06:21:00,05753,05761,11.0,42.784805,-4.967994,47,False,,
2026-07-03T04:12:14Z,2081V22001C1,22001,C1,0,15122,15123,2026-07-03T06:43:00,15410,15122,E,43.15869,-5.8311706,20,False,5,1
2026-07-03T04:12:14Z,2081V22002C1,22002,C1,0,15211,15218,2026-07-03T06:17:00,15122,15211,E,43.36655,-5.854991,20,False,2,2
2026-07-03T04:12:14Z,2081V70801C6,70801,C6,0,05509,05513,2026-07-03T06:17:00,05523,05509,30.0,43.38358,-5.689528,20,False,1,4
2026-07-03T04:12:14Z,2081V22200C2,22200,C2,0,16005,16006,2026-07-03T06:13:00,16011,15211,E,43.321167,-5.720882,20,False,1,1
2026-07-03T04:12:14Z,2081V70900C8,70900,C8,0,05384,05385,2026-07-03T06:14:00,05389,05373,E,43.16476,-5.646091,20,False,2,1
2026-07-03T04:12:14Z,2081V22201C2,22201,C2,0,16011,16010,2026-07-03T06:32:00,15211,16011,E,43.28714,-5.6448464,20,False,1,1
2026-07-03T04:12:14Z,2081V70402C5,70402,C5,0,05443,05439,2026-07-03T06:41:00,05201,05443,E,43.250706,-5.5648093,20,False,3,1
2026-07-03T04:12:14Z,2081V22305C3,22305,C3,0,15218,15211,2026-07-03T06:30:00,16405,15218,E,43.3588,-5.8573804,20,False,1,1
2026-07-03T04:12:14Z,2081V70202C4,70202,C4,0,05211,05213,2026-07-03T06:33:00,05222,05211,E,43.58464,-5.772605,20,False,3,1
2026-07-03T04:12:14Z,2081V70401C5,70401,C5,0,05407,05409,2026-07-03T06:15:00,05443,05201,A,43.46552,-5.7260017,20,False,2,2
2026-07-03T04:12:14Z,2081V70502C7,70502,C7,2,05325,05327,2026-07-03T06:20:00,05329,05325,E,43.490948,-6.1104946,20,False,4,2
2026-07-03T04:12:14Z,2081V70754C6,70754,C6,0,05513,05509,2026-07-03T06:37:00,05501,05513,E,43.388065,-5.664932,20,False,3,2
2026-07-03T04:12:14Z,2081V70400C5,70400,C5,0,05415,05410,2026-07-03T06:12:00,05201,05443,S,43.36356,-5.6805344,20,False,1,1
2026-07-03T04:12:14Z,2081V70755C6,70755,C6,0,05509,05513,2026-07-03T06:21:00,05513,05509,E,43.3823,-5.7026434,20,False,1,4
2026-07-03T04:12:14Z,2081V70201C4,70201,C4,0,05211,05210,2026-07-03T06:17:00,05201,05211,E,43.58464,-5.772605,20,False,1,1
2026-07-03T04:12:14Z,2081V70505C7,70505,C7,0,05329,05327,2026-07-03T06:40:00,05501,05329,E,43.55206,-6.087154,20,False,1,1
2026-07-03T04:12:14Z,2081V70901C8,70901,C8,0,05389,05387,2026-07-03T06:35:00,05361,05389,E,43.124065,-5.5663133,20,False,1,1
2026-07-03T04:12:14Z,2081V22000C1,22000,C1,0,15206,15205,2026-07-03T06:14:00,15122,15211,E,43.27709,-5.812221,20,False,2,2
2026-07-03T04:12:14Z,2081V22202C2,22202,C2,0,15211,15218,2026-07-03T06:23:00,16011,15211,E,43.366478,-5.855087,20,False,2,2
2026-07-03T04:12:14Z,2081V22105C1,22105,C1,0,15218,15211,2026-07-03T06:40:00,15410,15218,E,43.3588,-5.8573804,20,False,1,1
2026-07-03T04:12:14Z,2081V22004C1,22004,C1,0,15410,15401,2026-07-03T06:14:00,15118,15410,E,43.537712,-5.676047,20,False,2,2
2026-07-03T04:12:14Z,2081V22006C1,22006,C1,0,15410,15401,2026-07-03T06:35:00,15118,15410,E,43.537712,-5.676047,20,False,2,2
2026-07-03T04:12:14Z,2081V22303C3,22303,C3,0,15301,16301,2026-07-03T06:14:00,16405,15218,A,43.476093,-5.8615694,20,False,4,1
2026-07-03T04:12:14Z,2081V22103C1,22103,C1,0,15400,15401,2026-07-03T06:14:00,15410,15218,A,43.535202,-5.6971354,20,False,1,1
2026-07-03T04:12:14Z,2081V80851C6,80851,C6,31,05509,05511,2026-07-03T06:18:00,05534,05509,E,43.3823,-5.7026434,20,False,1,1
2026-07-03T04:12:14Z,2081V22302C3,22302,C3,0,16405,16403,2026-07-03T06:43:00,16011,16405,E,43.588665,-5.9331584,20,False,1,1
2026-07-03T04:12:14Z,4181V84904C2,84904,C2,0,07004,07007,2026-07-03T06:47:00,61200,07004,E,37.40992,-1.5725332,41,False,1,1
2026-07-03T04:12:14Z,4181V24703C1,24703,C1,0,60911,62109,2026-07-03T06:39:00,61200,60911,E,38.34553,-0.49576503,41,False,1,1
2026-07-03T04:12:14Z,4181V24700C1,24700,C1,0,62002,62003,2026-07-03T06:15:00,60911,61200,58.0,38.102505,-0.90285105,41,False,4,1
2026-07-03T04:12:14Z,4581V71601C1,71601,C1,0,05951,05952,2026-07-03T06:27:00,05977,05951,E,37.603638,-0.97674686,45,False,1,2
2026-07-03T04:12:14Z,1081V36202C10,36202,C10,0,17000,18002,2026-07-03T06:36:00,10200,17000,E,40.470848,-3.682503,10,False,8,4
2026-07-03T04:12:14Z,1081V21001C8a,21001,C8a,9,97201,97200,2026-07-03T06:15:00,10203,17000,E,40.488266,-3.6947744,10,False,1,1
2026-07-03T04:12:14Z,1081V21511C2,21511,C2,0,70200,70105,2026-07-03T06:50:00,17000,70200,E,40.644257,-3.1823237,10,False,1,1
2026-07-03T04:12:14Z,1081V21510C2,21510,C2,3,18002,18001,2026-07-03T06:16:00,70200,17000,A,40.42352,-3.6912522,10,True,2,2
2026-07-03T04:12:14Z,1081V21000C8a,21000,C8a,5,10103,10101,2026-07-03T06:17:00,70200,10203,2.0,40.573612,-3.9556038,10,False,2,2
2026-07-03T04:12:14Z,1081V19799C1,19799,C1,32,98304,98305,2026-07-03T06:17:00,98305,18000,2.0,40.48191,-3.615676,10,False,2,1
2026-07-03T04:12:14Z,1081V21802C7,21802,C7,0,17000,18002,2026-07-03T06:24:00,70103,17000,E,40.47113,-3.6828332,10,True,7,2
2026-07-03T04:12:14Z,1081V35980C2,35980,C2,0,17000,98003,2026-07-03T06:43:00,70200,17000,E,40.47097,-3.68245,10,False,2,2
2026-07-03T04:12:14Z,1081V20705C5,20705,C5,0,18003,18000,2026-07-03T06:16:00,35607,35002,E,40.39592,-3.6779969,10,False,1,9
2026-07-03T04:12:14Z,1081V20712C5,20712,C5,0,35607,35606,2026-07-03T06:25:00,35002,35607,E,40.330883,-3.8823783,10,False,2,1
2026-07-03T04:12:14Z,1081V20704C5,20704,C5,0,35605,35604,2026-07-03T06:15:00,35002,35607,A,40.356674,-3.8156087,10,False,0,1
2026-07-03T04:12:14Z,1081V21800C7,21800,C7,23,17000,18002,2026-07-03T06:16:00,70103,17000,E,40.47113,-3.6828332,10,False,7,2
2026-07-03T04:12:14Z,1081V21514C2,21514,C2,0,17000,18002,2026-07-03T06:32:00,70200,17000,E,40.47097,-3.68245,10,False,9,2
2026-07-03T04:12:14Z,1081V35981C2,35981,C2,0,70200,70105,2026-07-03T06:41:00,17000,70200,E,40.644257,-3.1823237,10,False,1,1
2026-07-03T04:12:14Z,1081V20708C5,20708,C5,1,35607,35606,2026-07-03T06:14:00,35002,35607,5.0,40.331314,-3.881365,10,False,2,1
2026-07-03T04:12:14Z,1081V21200C10,21200,C10,9,17000,18002,2026-07-03T06:15:00,10200,17000,27.0,40.46388,-3.684399,10,False,9,4
2026-07-03T04:12:14Z,1081V19520C5,19520,C5,2,35607,35606,2026-07-03T06:21:00,35012,35607,E,40.330883,-3.8823783,10,False,1,1
2026-07-03T04:12:14Z,1081V20707C5,20707,C5,0,35002,35010,2026-07-03T06:15:00,35607,35002,E,40.283237,-3.7991464,10,False,1,1
2026-07-03T04:12:14Z,1081V20209C4a,20209,C4a,12,18000,18101,2026-07-03T06:14:00,19003,37012,E,40.40654,-3.6895106,10,True,5,1
2026-07-03T04:12:14Z,1081V20208C4,20208,C4,3,60100,37001,2026-07-03T06:16:00,37012,17000,E,40.352676,-3.684073,10,True,1,2
2026-07-03T04:12:14Z,1081V20207C4a,20207,C4a,9,17001,17009,2026-07-03T06:17:00,19003,18000,A,40.54373,-3.7003317,10,True,1,1
2026-07-03T04:12:14Z,1081V20602C8b,20602,C8b,0,12006,12005,2026-07-03T06:33:00,70200,12006,E,40.737614,-4.0662985,10,True,2,1
2026-07-03T04:12:14Z,1081V20206C4,20206,C4,12,37001,37010,2026-07-03T06:20:00,37012,37001,E,40.34132,-3.7123663,10,True,2,2
2026-07-03T04:12:14Z,1081V21811C7,21811,C7,0,70103,70111,2026-07-03T06:32:00,10000,70103,E,40.4889,-3.3666708,10,False,5,1
2026-07-03T04:12:14Z,1081V20601C8b,20601,C8b,0,17000,97201,2026-07-03T06:17:00,12006,17000,E,40.47113,-3.6828332,10,False,11,1
2026-07-03T04:12:14Z,1081V21603C2,21603,C2,16,70112,70102,2026-07-03T06:14:00,12006,70200,37.0,40.459915,-3.4554212,10,False,1,1
2026-07-03T04:12:14Z,1081V21100C10,21100,C10,0,18005,18004,2026-07-03T06:17:00,17000,10200,A,40.40042,-3.6927843,10,False,1,1
2026-07-03T04:12:14Z,1081V20010C3,20010,C3,0,17000,18002,2026-07-03T06:33:00,60200,17000,E,40.471382,-3.6834786,10,False,2,8
2026-07-03T04:12:14Z,1081V19541C5,19541,C5,0,35002,35010,2026-07-03T06:36:00,35607,35002,E,40.283237,-3.7991464,10,False,1,1
2026-07-03T04:12:14Z,1081V21509C2,21509,C2,0,70200,70105,2026-07-03T06:33:00,10203,70200,E,40.644257,-3.1823237,10,False,1,1
2026-07-03T04:12:14Z,1081V20419C4b,20419,C4b,0,37012,37011,2026-07-03T06:38:00,17005,37012,E,40.24143,-3.769159,10,True,2,1
2026-07-03T04:12:14Z,1081V20600C8b,20600,C8b,3,12004,12002,2026-07-03T06:18:00,70200,12006,15.0,40.691998,-4.0265994,10,False,1,1
2026-07-03T04:12:14Z,1081V20204C4,20204,C4,18,37010,37002,2026-07-03T06:15:00,37012,17000,A,40.309868,-3.733689,10,True,2,2
2026-07-03T04:12:14Z,1081V20718C5,20718,C5,0,35607,35606,2026-07-03T06:37:00,35002,35607,E,40.330883,-3.8823783,10,False,2,1
2026-07-03T04:12:14Z,1081V20412C4b,20412,C4b,0,17005,17004,2026-07-03T06:46:00,37012,17005,E,40.644844,-3.7762609,10,True,3,3
2026-07-03T04:12:14Z,1081V21501C2,21501,C2,0,70002,18000,2026-07-03T06:19:00,10203,70200,E,40.381775,-3.6681283,10,False,1,2
2026-07-03T04:12:14Z,1081V19543C5,19543,C5,0,35012,35002,2026-07-03T06:40:00,35607,35012,E,40.25559,-3.8284667,10,False,1,1
2026-07-03T04:12:14Z,1081V21500C2,21500,C2,44,70100,70108,2026-07-03T06:15:00,70200,17000,E,40.401035,-3.5957623,10,False,2,2
2026-07-03T04:12:14Z,1081V21508C2,21508,C2,8,18001,18000,2026-07-03T06:18:00,70200,17000,S,40.42352,-3.6912522,10,False,2,3
2026-07-03T04:12:14Z,1081V20410C4b,20410,C4b,0,17005,17004,2026-07-03T06:36:00,37012,17005,E,40.644844,-3.7762609,10,False,3,3
2026-07-03T04:12:14Z,1081V20417C4b,20417,C4b,0,37002,37010,2026-07-03T06:30:00,17005,37002,E,40.309868,-3.733689,10,True,1,1
2026-07-03T04:12:14Z,1081V20013C3,20013,C3,0,60200,60105,2026-07-03T06:46:00,17000,60200,E,40.035027,-3.6189713,10,True,1,1
2026-07-03T04:12:14Z,1081V21505C2,21505,C2,0,70200,70105,2026-07-03T06:20:00,17000,70200,E,40.644257,-3.1823237,10,False,1,1
2026-07-03T04:12:14Z,1081V20012C3,20012,C3,0,17000,18002,2026-07-03T06:46:00,60200,17000,E,40.471382,-3.6834786,10,False,2,8
2026-07-03T04:12:14Z,1081V20011C3,20011,C3,0,60200,60105,2026-07-03T06:30:00,17000,60200,E,40.035027,-3.6189713,10,True,1,1
2026-07-03T04:12:14Z,1081V20214C4,20214,C4,0,37001,37010,2026-07-03T06:41:00,37012,37001,E,40.34132,-3.7123663,10,True,2,2
2026-07-03T04:12:14Z,1081V20213C4a,20213,C4a,0,18000,18101,2026-07-03T06:34:00,19003,18000,E,40.40654,-3.6895106,10,False,6,1
2026-07-03T04:12:14Z,1081V20415C4b,20415,C4b,3,37012,37011,2026-07-03T06:18:00,17005,37012,1.0,40.242134,-3.7688794,10,True,2,1
2026-07-03T04:12:14Z,1081V20212C4a,20212,C4a,2,18101,18000,2026-07-03T06:18:00,37012,19003,S,40.417023,-3.7031636,10,True,2,7
2026-07-03T04:12:14Z,1081V21504C2,21504,C2,18,70109,70100,2026-07-03T06:14:00,70200,18002,A,40.401035,-3.5957623,10,False,2,2
2026-07-03T04:12:14Z,1081V20211C4a,20211,C4a,2,60100,18000,2026-07-03T06:22:00,19003,37002,E,40.352676,-3.684073,10,True,2,6
2026-07-03T04:12:14Z,1081V20210C4,20210,C4,0,37001,37010,2026-07-03T06:22:00,37012,37001,E,40.34132,-3.7123663,10,True,2,2
2026-07-03T04:12:14Z,1081V20219C4a,20219,C4a,0,37012,37011,2026-07-03T06:46:00,19003,37012,E,40.24143,-3.769159,10,False,1,1
2026-07-03T04:12:14Z,1081V20218C4a,20218,C4a,2,19003,19002,2026-07-03T06:22:00,37012,19003,E,40.546417,-3.6351175,10,True,2,2
2026-07-03T04:12:14Z,1081V20217C4a,20217,C4a,0,37012,37011,2026-07-03T06:31:00,19003,37012,E,40.24143,-3.769159,10,False,1,1
2026-07-03T04:12:14Z,1081V20216C4a,20216,C4a,2,19001,17009,2026-07-03T06:15:00,37012,19003,E,40.55402,-3.6837044,10,True,2,2
2026-07-03T04:12:14Z,1081V21304C10,21304,C10,0,17000,18002,2026-07-03T06:21:00,10100,17000,E,40.470848,-3.682503,10,False,8,4
2026-07-03T04:12:14Z,1081V20215C4a,20215,C4a,0,37012,37011,2026-07-03T06:21:00,19003,37012,E,40.24143,-3.769159,10,False,1,1
2026-07-03T04:12:14Z,1081V19508C5,19508,C5,0,18000,18003,2026-07-03T06:12:00,35012,35607,A,40.39592,-3.6779969,10,False,10,2
2026-07-03T04:12:14Z,1081V21503C2,21503,C2,13,70103,70111,2026-07-03T06:13:00,17000,70200,55.0,40.484325,-3.3809428,10,False,5,1
2026-07-03T04:12:14Z,1081V19509C5,19509,C5,0,35608,35600,2026-07-03T06:09:00,35607,35012,E,40.3989,-3.7442265,10,False,2,2
2026-07-03T04:12:14Z,1081V20413C4b,20413,C4b,0,37001,60100,2026-07-03T06:18:00,17005,37012,A,40.352676,-3.684073,10,True,1,2
2026-07-03T04:12:14Z,1081V19504C5,19504,C5,1,35002,35012,2026-07-03T06:15:00,35012,35607,E,40.283237,-3.7991464,10,False,2,1
2026-07-03T04:12:14Z,1081V19503C5,19503,C5,0,35606,35607,2026-07-03T06:12:00,35607,35012,E,40.32875,-3.8636916,10,False,2,2
2026-07-03T04:12:14Z,1081V19506C5,19506,C5,0,35703,35704,2026-07-03T06:07:00,35012,35607,E,40.367134,-3.7043796,10,False,2,2
2026-07-03T04:12:14Z,1081V19505C5,19505,C5,0,35600,35601,2026-07-03T06:03:00,35607,35012,E,40.386257,-3.7610443,10,False,2,2
2026-07-03T04:12:14Z,1081V20003C3,20003,C3,7,18101,18002,2026-07-03T06:17:00,17000,60200,2.0,40.417023,-3.7031636,10,True,1,6
2026-07-03T04:12:14Z,1081V20002C3,20002,C3,23,60103,60104,2026-07-03T06:17:00,60200,17000,E,40.242844,-3.7038615,10,True,2,2
2026-07-03T04:12:14Z,1081V19530C5,19530,C5,0,35607,35606,2026-07-03T06:42:00,35012,35607,E,40.330883,-3.8823783,10,False,2,1
2026-07-03T04:12:14Z,1081V19510C5,19510,C5,0,35600,35608,2026-07-03T06:12:00,35012,35607,S,40.386257,-3.7610443,10,False,1,1
2026-07-03T04:12:14Z,1081V19513C5,19513,C5,0,35609,35608,2026-07-03T06:14:00,35607,35012,A,40.3989,-3.7442265,10,False,2,2
2026-07-03T04:12:14Z,1081V20409C4b,20409,C4b,1,17000,17001,2026-07-03T06:16:00,17005,18000,2.0,40.47194,-3.6830573,10,False,4,1
2026-07-03T04:12:14Z,1081V19512C5,19512,C5,3,35604,35603,2026-07-03T06:15:00,35012,35607,3.0,40.356674,-3.8156087,10,False,1,1
2026-07-03T04:12:14Z,1081V20220C4a,20220,C4a,0,19003,19002,2026-07-03T06:33:00,37012,19003,E,40.546417,-3.6351175,10,True,2,2
2026-07-03T04:12:14Z,1081V20408C4b,20408,C4b,3,17005,17004,2026-07-03T06:27:00,37012,17005,E,40.644844,-3.7762609,10,False,3,3
2026-07-03T04:12:14Z,1081V19519C5,19519,C5,1,35704,35703,2026-07-03T06:14:00,35607,35012,E,40.35043,-3.705141,10,False,1,1
2026-07-03T04:12:14Z,1081V20407C4b,20407,C4b,9,17000,17001,2026-07-03T06:16:00,17005,37012,A,40.501648,-3.6821797,10,True,0,1
2026-07-03T04:12:14Z,1081V21003C8a,21003,C8a,3,17000,97201,2026-07-03T06:38:00,10203,17000,E,40.47113,-3.6828332,10,False,11,1
2026-07-03T04:12:14Z,1081V20406C4b,20406,C4b,1,17004,17003,2026-07-03T06:16:00,37012,17005,A,40.558834,-3.7141593,10,False,3,2
2026-07-03T04:12:14Z,1081V20008C3,20008,C3,10,17000,18002,2026-07-03T06:26:00,60200,17000,E,40.471382,-3.6834786,10,True,5,8
2026-07-03T04:12:14Z,1081V21002C8a,21002,C8a,0,10203,10202,2026-07-03T06:28:00,70103,10203,E,40.58532,-4.1321955,10,False,3,2
2026-07-03T04:12:14Z,1081V21601C2,21601,C2,1,17000,17000,2026-07-03T06:14:00,12006,70200,A,40.47097,-3.68245,10,True,10,10
2026-07-03T04:12:14Z,1081V20007C3,20007,C3,3,60103,60102,2026-07-03T06:17:00,17000,60200,2.0,40.242844,-3.7038615,10,True,1,1
2026-07-03T04:12:14Z,1081V35975C2,35975,C2,8,70200,70105,2026-07-03T06:19:00,17000,70200,13.0,40.633373,-3.193065,10,True,6,1
2026-07-03T04:12:14Z,1081V20006C3,20006,C3,1,18000,60100,2026-07-03T06:19:00,60200,17000,E,40.40654,-3.6895106,10,True,6,3
2026-07-03T04:12:14Z,1081V19809C1,19809,C1,0,98305,98304,2026-07-03T06:44:00,17000,98305,E,40.4924,-3.593483,10,False,2,1
2026-07-03T04:12:14Z,1081V19805C1,19805,C1,6,98305,98304,2026-07-03T06:20:00,17000,98305,E,40.4924,-3.593483,10,False,2,1
2026-07-03T04:12:14Z,1081V19804C1,19804,C1,0,17000,98003,2026-07-03T06:39:00,98305,17000,E,40.47102,-3.6825693,10,False,12,2
2026-07-03T04:12:14Z,1081V19529C5,19529,C5,1,35011,35001,2026-07-03T06:15:00,35607,35012,A,40.328766,-3.7714624,10,False,1,1
2026-07-03T04:12:14Z,1081V19807C1,19807,C1,0,98305,98304,2026-07-03T06:29:00,17000,98305,E,40.4924,-3.593483,10,True,2,1
2026-07-03T04:12:14Z,1081V19526C5,19526,C5,0,35607,35606,2026-07-03T06:31:00,35012,35607,E,40.330883,-3.8823783,10,False,2,1
2026-07-03T04:12:14Z,1081V19525C5,19525,C5,3,37001,35704,2026-07-03T06:20:00,35607,35012,A,40.35043,-3.705141,10,False,4,1
2026-07-03T04:12:14Z,1081V19802C1,19802,C1,0,17000,98003,2026-07-03T06:24:00,98305,17000,E,40.47102,-3.6825693,10,False,12,2
2026-07-03T04:12:14Z,1081V19533C5,19533,C5,0,35012,35002,2026-07-03T06:20:00,35607,35012,E,40.25559,-3.8284667,10,False,1,1
2026-07-03T04:12:14Z,1081V20402C4b,20402,C4b,10,17001,17000,2026-07-03T06:18:00,37012,17005,S,40.4466,-3.6920877,10,True,2,2
2026-07-03T04:12:14Z,1081V19537C5,19537,C5,0,35012,35002,2026-07-03T06:25:00,35607,35012,E,40.25559,-3.8284667,10,False,1,1
2026-07-03T04:12:14Z,1081V19539C5,19539,C5,0,35012,35002,2026-07-03T06:30:00,35607,35012,E,40.25559,-3.8284667,10,False,1,1
2026-07-03T04:12:14Z,1081V20005C3,20005,C3,8,60109,60101,2026-07-03T06:15:00,17000,60200,3.0,40.319096,-3.7097895,10,False,1,1
2026-07-03T04:12:14Z,1081V20004C3,20004,C3,15,60109,60102,2026-07-03T06:15:00,60200,17000,A,40.305756,-3.707588,10,True,2,2
2026-07-03T04:17:25Z,3081V23507C1,23507,C1,0,51200,51112,2026-07-03T06:40:00,50600,51200,A,37.27829,-5.9103913,30,False,6,1
2026-07-03T04:17:25Z,3081V23509C1,23509,C1,0,51203,51202,2026-07-03T06:28:00,50600,51203,18.0,36.944042,-6.08458,30,False,,1
2026-07-03T04:17:25Z,3081V23505C1,23505,C1,3,51103,51111,2026-07-03T06:21:22,50600,51200,21.0,37.28957,-5.937485,30,False,,1
2026-07-03T04:17:25Z,3081V23506C1,23506,C1,0,50600,50602,2026-07-03T06:24:00,51200,50600,E,37.661293,-5.5310225,30,False,,2
2026-07-03T04:17:25Z,3081V23603C4,23603,C4,0,51003,51009,2026-07-03T06:29:00,00000,00000,A,37.4036,-5.936382,30,False,8,2
2026-07-03T04:17:25Z,3081V23504C1,23504,C1,0,50701,50702,2026-07-03T06:20:18,51200,50700,E,37.574757,-5.8031654,30,False,,2
2026-07-03T04:17:25Z,3081V23801C5,23801,C5,0,51003,43000,2026-07-03T06:23:00,43005,51003,E,37.392567,-5.9749837,30,False,,2
2026-07-03T04:17:25Z,3081V23102C3,23102,C3,0,40119,40121,2026-07-03T06:37:00,51003,40119,A,37.635468,-5.731041,30,False,1,1
2026-07-03T04:17:25Z,3081V23502C1,23502,C1,4,51103,51112,2026-07-03T06:19:57,51200,51003,E,37.2873,-5.9234986,30,False,2,2
2026-07-03T04:17:25Z,3081V23601C4,23601,C4,4,51110,51100,2026-07-03T06:18:45,00000,00000,E,37.362885,-5.97583,30,False,,1
2026-07-03T04:17:25Z,3081V23701C5,23701,C5,12,43005,43004,2026-07-03T06:20:14,51103,43005,6.0,37.35694,-6.208262,30,False,3,
2026-07-03T04:17:25Z,3181V23201C1,23201,C1,2,51405,51414,2026-07-03T06:19:00,51205,51405,21.0,36.52538,-6.2834496,31,False,5,1
2026-07-03T04:17:25Z,3181V23200C1,23200,C1,0,51300,51400,2026-07-03T06:28:00,51405,51300,21.0,36.680237,-6.12622,31,False,2,2
2026-07-03T04:17:25Z,3181V23422T1,23422,T1,0,51458,51459,2026-07-03T06:22:00,51405,51450,A,36.466236,-6.1955566,31,False,2,2
2026-07-03T04:17:25Z,3181V23421T1,23421,T1,0,51419,51464,2026-07-03T06:20:00,51450,51405,A,36.456284,-6.2160234,31,False,,1
2026-07-03T04:17:25Z,3281V23302C1,23302,C1,0,54513,54512,2026-07-03T06:19:14,54517,54516,E,36.570225,-4.5940194,32,False,,2
2026-07-03T04:17:25Z,3281V23305C1,23305,C1,2,54509,54519,2026-07-03T06:21:06,54516,54517,A,36.613625,-4.509399,32,False,1,1
2026-07-03T04:17:25Z,3281V23151C2,23151,C2,1,54406,54405,2026-07-03T06:23:04,54405,54517,E,36.764214,-4.7120004,32,False,,
2026-07-03T04:17:25Z,4081V24004C2,24004,C2,0,64006,64100,2026-07-03T06:31:00,65000,64006,,38.96917,-0.5866923,40,False,,2
2026-07-03T04:17:25Z,4081V24202C1,24202,C1,1,69107,69105,2026-07-03T06:22:47,65000,69110,A,39.079094,-0.22619021,40,False,,3
2026-07-03T04:17:25Z,4081V24301C6,24301,C6,1,65201,65200,2026-07-03T06:22:59,65000,65300,A,39.675564,-0.27121595,40,False,,3
2026-07-03T04:17:25Z,4081V24005C2,24005,C2,0,65000,64203,2026-07-03T06:37:00,64100,65000,,39.466305,-0.37739235,40,False,,1
2026-07-03T04:17:25Z,4081V24302C6,24302,C6,0,65000,65002,2026-07-03T06:27:00,65312,65000,,39.465065,-0.37811995,40,False,,
2026-07-03T04:17:25Z,4081V24203C1,24203,C1,0,65000,64203,2026-07-03T06:26:00,69110,65000,A,39.42246,-0.39274746,40,False,5,1
2026-07-03T04:17:25Z,4081V24204C1,24204,C1,0,69110,69107,2026-07-03T06:36:00,65000,69110,A,39.02619,-0.21494265,40,False,1,
2026-07-03T04:17:25Z,4081V24303C6,24303,C6,0,65300,65209,2026-07-03T06:24:00,65000,65300,,39.988213,-0.052072257,40,False,,1
2026-07-03T04:17:25Z,4081V24107C2,24107,C2,6,64006,64006,2026-07-03T06:19:30,64006,64100,A,38.96917,-0.5866923,40,False,3,3
2026-07-03T04:17:25Z,4081V24380C6,24380,C6,-3,65008,65200,2026-07-03T06:20:50,65312,65000,E,39.620403,-0.30291957,40,False,,4
2026-07-03T04:17:25Z,4081V30433C6,14433,C6,0,65312,65311,2026-07-03T06:20:00,65000,65312,48.0,39.988213,-0.052072257,40,False,,
2026-07-03T04:17:25Z,4081V24200C1,24200,C1,-1,69102,64200,2026-07-03T06:28:57,65000,69110,A,39.361908,-0.4148702,40,False,2,1
2026-07-03T04:17:25Z,4081V24003C2,24003,C2,-1,64203,64202,2026-07-03T06:20:15,64006,65000,E,39.42246,-0.39274746,40,False,,1
2026-07-03T04:17:25Z,4081V76654C3,76654,C3,-1,65002,66212,2026-07-03T06:21:19,66200,65000,44.0,39.44213,-0.38718846,40,False,,2
2026-07-03T04:17:25Z,4081V24001C2,24001,C2,1,64103,64102,2026-07-03T06:19:33,64006,65000,E,39.120583,-0.4546326,40,False,,1
2026-07-03T04:17:25Z,4081V76656C3,76656,C3,0,65000,65002,2026-07-03T06:32:00,66206,65000,,39.466278,-0.37721187,40,False,,4B
2026-07-03T04:17:25Z,4081V24300C6,24300,C6,2,65003,65001,2026-07-03T06:20:46,65300,65000,44.0,39.494846,-0.32980567,40,False,,2
2026-07-03T04:17:25Z,4081V24201C1,24201,C1,-2,69102,69103,2026-07-03T06:21:59,69110,65000,E,39.279446,-0.37921625,40,False,,1
2026-07-03T04:17:25Z,4081V80001C3,80001,C3,0,66200,66201,2026-07-03T06:26:00,66206,66200,E,39.570892,-1.2023381,40,False,,1
2026-07-03T04:17:25Z,4081V84004C2,84004,C2,0,64003,64004,2026-07-03T06:18:00,64006,64003,,38.878082,-0.7535829,40,False,,
2026-07-03T04:17:25Z,4081V84006C2,84006,C2,0,64003,64004,2026-07-03T06:43:00,64100,64003,,38.878082,-0.7535829,40,False,,
2026-07-03T04:17:25Z,4081V76600C3,76600,C3,1,66208,66209,2026-07-03T06:24:54,65002,66206,37.0,39.501934,-0.643072,40,False,,
2026-07-03T04:17:25Z,5181V25608R1,25608,R1,-1,79603,79602,2026-07-03T06:20:15,72305,79606,E,41.614597,2.666027,50,False,,1
2026-07-03T04:17:25Z,5181V30530R15,15030,R15,0,71300,71302,2026-07-03T06:46:00,79400,71300,E,41.106712,0.6533784,50,False,,
2026-07-03T04:17:25Z,5181V15000R15,15000,R15,4,71600,71700,2026-07-03T06:34:39,79400,71400,A,41.219913,1.7308453,50,False,,
2026-07-03T04:17:25Z,5181V25400R2,25400,R2,9,79100,79109,2026-07-03T06:21:05,79104,71700,E,41.59969,2.2916093,50,True,1,1
2026-07-03T04:17:25Z,5181V28468R2,28468,R2,1,79100,79007,2026-07-03T06:19:58,71705,79100,49.0,41.567318,2.2774208,50,True,,2
2026-07-03T04:17:25Z,5181V28506R2,28506,R2,3,71703,71704,2026-07-03T06:22:09,79100,71600,E,41.27745,1.9777229,50,True,2,
2026-07-03T04:17:25Z,5181V28264R2S,28264,R2S,6,71707,71708,2026-07-03T06:23:46,79400,71600,A,41.35488,2.1156967,50,False,4,
2026-07-03T04:17:25Z,5181V25402R2N,25402,R2N,1,72400,71707,2026-07-03T06:16:01,79104,72400,S,41.30425,2.0733776,50,True,,4
2026-07-03T04:17:25Z,5181V25602R1,25602,R1,1,72305,72305,2026-07-03T06:17:54,72305,79603,A,41.36431,2.1008937,50,True,12,12
2026-07-03T04:17:25Z,5181V28265R2S,28265,R2S,1,71801,71708,2026-07-03T06:22:24,71700,79400,17.0,41.37553,2.1356957,50,True,,
2026-07-03T04:17:25Z,5181V28263R2S,28263,R2S,1,71703,71701,2026-07-03T06:22:46,71700,79400,E,41.254333,1.9026438,50,True,,1
2026-07-03T04:17:25Z,5181V28267R2S,28267,R2S,0,79400,71802,2026-07-03T06:38:00,71700,79400,,41.3834,2.1864636,50,True,,
2026-07-03T04:17:25Z,5181V77502R4,77502,R4,1,72207,72206,2026-07-03T06:19:31,71600,78700,E,41.41933,1.7952268,50,False,,1
2026-07-03T04:17:25Z,5181V25601R1,25601,R1,1,79403,79404,2026-07-03T06:19:46,79200,72305,22.0,41.429115,2.2345753,50,False,,1
2026-07-03T04:17:25Z,5181V77702R4,77702,R4,1,72305,72303,2026-07-03T06:18:50,72209,78800,53.0,41.359314,2.0848434,50,True,,1
2026-07-03T04:17:25Z,5181V25604R1,25604,R1,2,79403,79009,2026-07-03T06:23:03,72305,79603,29.0,41.423725,2.2155845,50,True,,3
2026-07-03T04:17:25Z,5181V25603R1,25603,R1,0,72305,71801,2026-07-03T06:24:00,79606,72305,,41.36431,2.1008937,50,False,,
2026-07-03T04:17:25Z,5181V25562R2S,25562,R2S,0,71600,71601,2026-07-03T06:37:00,79400,71600,,41.18592,1.5248429,50,False,,
2026-07-03T04:17:25Z,5181V28402R2N,28402,R2N,1,71708,71707,2026-07-03T06:19:56,72400,79100,E,41.35488,2.1156967,50,True,,1
2026-07-03T04:17:25Z,5181V28406R2N,28406,R2N,2,79102,79101,2026-07-03T06:21:27,72400,79104,A,41.636314,2.3562145,50,True,2,2
2026-07-03T04:17:25Z,5181V77504R4,77504,R4,3,72301,72300,2026-07-03T06:20:22,71600,78700,51.0,41.397816,2.035268,50,False,,1
2026-07-03T04:17:25Z,5181V77704R4,77704,R4,1,78801,78802,2026-07-03T06:20:33,72209,78800,A,41.430275,2.1831505,50,False,2,2
2026-07-03T04:17:25Z,5181V77400R4,77400,R4,3,72301,72302,2026-07-03T06:18:02,78600,71600,85.0,41.370853,2.0584831,50,False,,2
2026-07-03T04:17:25Z,5181V77402R4,77402,R4,5,72208,72209,2026-07-03T06:26:20,78600,71600,A,41.47872,1.9255537,50,False,2,2
2026-07-03T04:17:25Z,5181V77600R4,77600,R4,1,78710,78700,2026-07-03T06:21:02,78600,72209,A,41.56993,2.0143688,50,False,1,4
2026-07-03T04:17:25Z,5181V33521RL4,15631,RL4,0,78504,78503,2026-07-03T06:20:29,78400,78600,69.0,41.723927,1.5443784,50,False,,
2026-07-03T04:17:25Z,5181V77404R4,77404,R4,3,72202,72203,2026-07-03T06:20:05,78600,71600,62.0,41.300648,1.6361588,50,False,,2
2026-07-03T04:17:25Z,5181V77506R4,77506,R4,0,78805,71801,2026-07-03T06:21:23,71600,78700,E,41.387875,2.1697214,50,True,2,7
2026-07-03T04:17:25Z,5181V77602R4,77602,R4,0,78801,78800,2026-07-03T06:19:42,78600,72209,A,41.470253,2.1794534,50,False,1,6
2026-07-03T04:17:25Z,5181V28404R2N,28404,R2N,2,79004,79009,2026-07-03T06:27:06,72400,79104,A,41.465675,2.187042,50,True,2,1
2026-07-03T04:17:25Z,5181V25704R1,25704,R1,1,79407,79406,2026-07-03T06:19:44,72305,79500,E,41.47691,2.310406,50,True,2,2
2026-07-03T04:17:25Z,5181V25706R1,25706,R1,0,79500,79412,2026-07-03T06:35:00,72305,79500,A,41.50672,2.4016483,50,True,5,2
2026-07-03T04:17:25Z,5181V77706R4,77706,R4,2,78700,78710,2026-07-03T06:20:01,72209,78700,13.0,41.47872,1.9255537,50,False,1,2
2026-07-03T04:17:25Z,5181V25501R2S,25501,R2S,8,71801,71709,2026-07-03T06:27:08,71600,79400,25.0,41.35827,2.1159692,50,False,,
2026-07-03T04:17:25Z,5181V77508R4,77508,R4,1,78705,78706,2026-07-03T06:20:44,71600,78700,17.0,41.510014,2.1233547,50,False,,2
2026-07-03T04:17:25Z,5181V25606R1,25606,R1,1,79500,79412,2026-07-03T06:21:18,72305,79603,E,41.53325,2.4456325,50,False,2,2
2026-07-03T04:17:25Z,5181V25701R1,25701,R1,1,79009,79403,2026-07-03T06:26:42,79600,72305,7.0,41.411545,2.1908236,50,True,,1
2026-07-03T04:17:25Z,5181V25502R2S,25502,R2S,3,71700,71701,2026-07-03T06:25:01,79400,71600,A,41.23921,1.8097008,50,False,3,
2026-07-03T04:17:25Z,5181V25703R1,25703,R1,1,71801,78805,2026-07-03T06:20:55,79600,72305,12.0,41.380936,2.144564,50,False,,1
2026-07-03T04:17:25Z,5181V78288R2,78288,R2,2,79004,79005,2026-07-03T06:23:32,79200,71700,E,41.436115,2.1933901,50,True,1,
2026-07-03T04:17:25Z,5181V77510R4,77510,R4,0,78607,78609,2026-07-03T06:23:06,72204,78600,E,41.587044,1.9165112,50,False,,2
2026-07-03T04:17:25Z,5181V77314R3,77314,R3,1,77200,77114,2026-07-03T06:23:53,77102,77200,19.0,42.181297,2.1979659,50,False,,
2026-07-03T04:17:25Z,5181V78900R11,30900,R11,0,71801,71802,2026-07-03T06:20:00,79316,71801,E,41.379505,2.1412053,50,False,,
2026-07-03T04:17:25Z,6081V26006C2,26006,C2,0,13506,13505,2026-07-03T06:19:00,13200,13506,A,43.315636,-3.0911126,60,False,,1
2026-07-03T04:17:25Z,6081V26105C1,26105,C1,1,13305,13400,2026-07-03T06:20:31,13405,13200,A,43.300285,-2.9842513,60,False,1,1
2026-07-03T04:17:25Z,6081V26502C3,26502,C3,2,13116,13100,2026-07-03T06:22:12,13100,13200,E,43.035866,-3.0039182,60,False,,
2026-07-03T04:17:25Z,6081V71571C4,71571,C4,0,05483,05475,2026-07-03T06:33:00,05451,05483,A,43.21283,-3.1333232,60,False,1,1
2026-07-03T04:17:25Z,6081V26506C3,26506,C3,0,13200,13120,2026-07-03T06:22:00,13100,13200,A,43.25035,-2.930641,60,False,3,2
2026-07-03T04:17:25Z,6081V26005C2,26005,C2,4,13501,13502,2026-07-03T06:18:04,13506,13200,36.0,43.304123,-3.010197,60,False,3,1
2026-07-03T04:17:25Z,6081V26505C3,26505,C3,0,13116,13101,2026-07-03T06:19:22,13200,13100,E,43.035866,-3.0039182,60,False,1,1
2026-07-03T04:17:25Z,6081V26107C1,26107,C1,0,13200,13205,2026-07-03T06:28:00,13405,13200,A,43.256733,-2.9322033,60,False,1,1
2026-07-03T04:17:25Z,6081V71503C4,71503,C4,0,05474,05473,2026-07-03T06:17:44,05451,05485,E,43.21031,-3.1140492,60,False,,1
2026-07-03T04:17:25Z,6081V26004C2,26004,C2,3,13501,13400,2026-07-03T06:21:23,13200,13506,1.0,43.30412,-3.0099146,60,False,1,2
2026-07-03T04:17:25Z,6081V26106C1,26106,C1,0,13405,13404,2026-07-03T06:22:00,13200,13405,A,43.3262,-3.023556,60,False,1,2
2026-07-03T04:17:25Z,6081V26007C2,26007,C2,0,13205,13206,2026-07-03T06:19:21,13506,13200,E,43.256733,-2.9322033,60,False,1,1
2026-07-03T04:17:25Z,6081V71501C4,71501,C4,5,05463,05461,2026-07-03T06:20:56,05451,05485,41.0,43.23749,-3.006612,60,False,,1
2026-07-03T04:17:25Z,6081V26104C1,26104,C1,1,13208,13207,2026-07-03T06:17:58,13200,13405,E,43.26169,-2.948731,60,False,,2
2026-07-03T04:17:25Z,6181V32769C1,32769,C1,2,11511,11512,2026-07-03T06:22:00,11600,11400,A,43.321762,-1.9738481,61,False,1,1
2026-07-03T04:17:25Z,6181V32770C1,32770,C1,0,11407,11406,2026-07-03T06:18:06,11400,11516,66.0,43.085815,-2.1409454,61,False,,2
2026-07-03T04:17:25Z,6181V32702C1,32702,C1,4,11518,11516,2026-07-03T06:29:31,11305,11600,7.0,43.33877,-1.8007782,61,False,,2
2026-07-03T04:17:25Z,6181V32701C1,32701,C1,2,11400,11402,2026-07-03T06:26:27,11600,11305,A,43.040184,-2.256515,61,False,1,1
2026-07-03T04:17:25Z,6181V32700C1,32700,C1,0,11503,11502,2026-07-03T06:21:42,11305,11600,A,43.162556,-2.0704687,61,False,2,2
2026-07-03T04:17:25Z,6181V30600C1,16000,C1,-1,11512,11511,2026-07-03T06:18:00,11200,11600,71.0,43.31919,-1.9763649,61,False,,2
2026-07-03T04:17:25Z,6281V81351C3,81351,C3,0,05657,05658,2026-07-03T06:18:00,05671,05657,A,43.39739,-3.8149183,62,True,,
2026-07-03T04:17:25Z,6281V71154C2,71154,C2,0,14223,05602,2026-07-03T06:33:00,05637,14223,A,43.452877,-3.8282192,62,True,1AM,2
2026-07-03T04:17:25Z,6281V71151C2,71151,C2,0,05637,05635,2026-07-03T06:21:00,14223,05637,A,43.315296,-4.2153883,62,True,1,
2026-07-03T04:17:25Z,6281V71103C2,71103,C2,2,05621,05619,2026-07-03T06:19:14,14223,05623,55.0,43.363766,-4.0466576,62,True,,1
2026-07-03T04:17:25Z,6281V71201C3,71201,C3,0,14223,05602,2026-07-03T06:33:00,05658,14223,A,43.452858,-3.828213,62,True,7AM,7
2026-07-03T04:17:25Z,6281V35902C1,26902,C1,3,14230,14231,2026-07-03T06:18:04,14210,14223,68.0,43.44912,-3.841744,62,True,,2
2026-07-03T04:17:25Z,6281V35903C1,26903,C1,0,14206,14207,2026-07-03T06:24:00,14223,14206,A,43.145645,-4.0389667,62,True,1,1
2026-07-03T04:17:25Z,6281V71301C3,71301,C3,1,14223,05602,2026-07-03T06:18:34,05657,14223,62.0,43.454853,-3.8217385,62,True,,7
2026-07-03T04:17:25Z,4781V71091C1,71091,C1,0,05758,05757,2026-07-03T06:21:00,05753,05761,64.0,42.777584,-4.9486465,47,False,,
2026-07-03T04:17:25Z,4781V71080C1,71080,C1,0,05798,05765,2026-07-03T06:20:00,05803,05761,35.0,42.8234,-5.3107867,47,False,,
2026-07-03T04:17:25Z,4181V84904C2,84904,C2,0,07004,07007,2026-07-03T06:47:00,61200,07004,E,37.40992,-1.5725332,41,False,1,1
2026-07-03T04:17:25Z,4181V24702C1,24702,C1,0,61200,62002,2026-07-03T07:08:00,60911,61200,E,37.974686,-1.131078,41,False,2,4
2026-07-03T04:17:25Z,4181V24703C1,24703,C1,0,60911,62109,2026-07-03T06:39:00,61200,60911,E,38.34553,-0.49576503,41,False,1,1
2026-07-03T04:17:25Z,4181V24701C1,24701,C1,0,62103,62102,2026-07-03T06:19:00,61200,60911,E,38.272114,-0.69527435,41,False,1,1
2026-07-03T04:17:25Z,4181V24700C1,24700,C1,0,62003,62100,2026-07-03T06:22:00,60911,61200,34.0,38.138554,-0.86282635,41,False,1,3
2026-07-03T04:17:25Z,4581V71601C1,71601,C1,0,05951,05952,2026-07-03T06:27:00,05977,05951,E,37.603638,-0.97674686,45,False,1,2
2026-07-03T04:17:25Z,1081V21806C7,21806,C7,0,10000,10001,2026-07-03T06:48:00,70103,10000,E,40.42163,-3.7193205,10,True,2,2
2026-07-03T04:17:25Z,1081V21802C7,21802,C7,0,17000,18002,2026-07-03T06:24:00,70103,17000,E,40.47113,-3.6828332,10,True,7,2
2026-07-03T04:17:25Z,1081V20712C5,20712,C5,1,35607,35606,2026-07-03T06:26:00,35002,35607,E,40.330883,-3.8823783,10,False,2,1
2026-07-03T04:17:25Z,1081V21800C7,21800,C7,28,17000,18002,2026-07-03T06:21:00,70103,17000,E,40.47113,-3.6828332,10,False,7,2
2026-07-03T04:17:25Z,1081V21100C10,21100,C10,0,18004,18003,2026-07-03T06:19:00,17000,10200,21.0,40.398987,-3.68972,10,False,1,1
2026-07-03T04:17:25Z,1081V20010C3,20010,C3,0,17000,18002,2026-07-03T06:33:00,60200,17000,E,40.471382,-3.6834786,10,False,2,8
2026-07-03T04:17:25Z,1081V19541C5,19541,C5,0,35002,35010,2026-07-03T06:36:00,35607,35002,E,40.283237,-3.7991464,10,False,1,1
2026-07-03T04:17:25Z,1081V21509C2,21509,C2,0,70200,70105,2026-07-03T06:33:00,10203,70200,E,40.644257,-3.1823237,10,False,1,1
2026-07-03T04:17:25Z,1081V20419C4b,20419,C4b,0,37012,37011,2026-07-03T06:38:00,17005,37012,E,40.24143,-3.769159,10,True,2,1
2026-07-03T04:17:25Z,1081V20708C5,20708,C5,4,35606,35610,2026-07-03T06:20:00,35002,35607,14.0,40.330975,-3.8609304,10,False,1,1
2026-07-03T04:17:25Z,1081V20707C5,20707,C5,1,35011,35001,2026-07-03T06:21:00,35607,35002,A,40.328766,-3.7714624,10,False,1,1
2026-07-03T04:17:25Z,1081V20720C5,20720,C5,0,35607,35606,2026-07-03T06:47:00,35002,35607,E,40.330883,-3.8823783,10,False,2,1
2026-07-03T04:17:25Z,1081V20209C4a,20209,C4a,10,18002,17000,2026-07-03T06:24:00,19003,37012,A,40.471325,-3.6833096,10,True,6,3
2026-07-03T04:17:25Z,1081V20208C4,20208,C4,4,37001,37010,2026-07-03T06:20:00,37012,17000,E,40.34132,-3.7123663,10,True,2,2
2026-07-03T04:17:25Z,1081V20207C4a,20207,C4a,9,17009,19001,2026-07-03T06:20:00,19003,18000,A,40.55402,-3.6837044,10,True,1,1
2026-07-03T04:17:25Z,1081V20602C8b,20602,C8b,0,12006,12005,2026-07-03T06:33:00,70200,12006,E,40.737614,-4.0662985,10,True,2,1
2026-07-03T04:17:25Z,1081V21508C2,21508,C2,6,18000,70002,2026-07-03T06:20:00,70200,17000,35.0,40.40055,-3.6791303,10,False,3,2
2026-07-03T04:17:25Z,1081V20417C4b,20417,C4b,0,37002,37010,2026-07-03T06:30:00,17005,37002,E,40.309868,-3.733689,10,True,1,1
2026-07-03T04:17:25Z,1081V21506C2,21506,C2,12,70109,70100,2026-07-03T06:20:00,70200,17000,E,40.38707,-3.6090817,10,False,2,2
2026-07-03T04:17:25Z,1081V20415C4b,20415,C4b,1,37002,37010,2026-07-03T06:21:00,17005,37012,A,40.323135,-3.7273622,10,True,1,1
2026-07-03T04:17:25Z,1081V20206C4,20206,C4,9,37010,37002,2026-07-03T06:20:00,37012,37001,14.0,40.288372,-3.7373493,10,True,2,2
2026-07-03T04:17:25Z,1081V21811C7,21811,C7,0,70103,70111,2026-07-03T06:32:00,10000,70103,E,40.4889,-3.3666708,10,False,5,1
2026-07-03T04:17:25Z,1081V20601C8b,20601,C8b,3,17000,97201,2026-07-03T06:20:00,12006,17000,E,40.47113,-3.6828332,10,True,10,1
2026-07-03T04:17:25Z,1081V21504C2,21504,C2,21,70100,70108,2026-07-03T06:20:00,70200,18002,14.0,40.4041,-3.5908782,10,False,2,2
2026-07-03T04:17:25Z,1081V21503C2,21503,C2,13,70112,70102,2026-07-03T06:20:00,17000,70200,E,40.454636,-3.4796963,10,False,1,1
2026-07-03T04:17:25Z,1081V21106C10,21106,C10,0,10200,10104,2026-07-03T06:48:00,17000,10200,E,40.62599,-4.0081153,10,False,4,2
2026-07-03T04:17:25Z,1081V20600C8b,20600,C8b,2,12002,12001,2026-07-03T06:20:00,70200,12006,14.0,40.65451,-4.034845,10,False,1,1
2026-07-03T04:17:25Z,1081V20413C4b,20413,C4b,1,60100,18000,2026-07-03T06:29:00,17005,37012,A,40.40654,-3.6895106,10,True,2,6
2026-07-03T04:17:25Z,1081V20204C4,20204,C4,17,37011,37012,2026-07-03T06:24:00,37012,17000,A,40.24143,-3.769159,10,True,2,1
2026-07-03T04:17:25Z,1081V36202C10,36202,C10,0,17000,18002,2026-07-03T06:36:00,10200,17000,E,40.470848,-3.682503,10,False,8,4
2026-07-03T04:17:25Z,1081V19549C5,19549,C5,0,35012,35002,2026-07-03T06:50:00,35607,35012,E,40.25559,-3.8284667,10,False,1,1
2026-07-03T04:17:25Z,1081V20718C5,20718,C5,0,35607,35606,2026-07-03T06:37:00,35002,35607,E,40.330883,-3.8823783,10,False,2,1
2026-07-03T04:17:25Z,1081V21512C2,21512,C2,7,17000,18002,2026-07-03T06:21:00,70200,17000,E,40.47097,-3.68245,10,False,9,2
2026-07-03T04:17:25Z,1081V20412C4b,20412,C4b,0,17005,17004,2026-07-03T06:46:00,37012,17005,E,40.644844,-3.7762609,10,True,3,3
2026-07-03T04:17:25Z,1081V21511C2,21511,C2,0,70200,70105,2026-07-03T06:50:00,17000,70200,E,40.644257,-3.1823237,10,False,1,1
2026-07-03T04:17:25Z,1081V21501C2,21501,C2,1,18000,18001,2026-07-03T06:22:00,10203,70200,A,40.42352,-3.6912522,10,False,2,1
2026-07-03T04:17:25Z,1081V19543C5,19543,C5,0,35012,35002,2026-07-03T06:40:00,35607,35012,E,40.25559,-3.8284667,10,False,1,1
2026-07-03T04:17:25Z,1081V20421C4b,20421,C4b,0,37012,37011,2026-07-03T06:50:00,17005,37012,E,40.24143,-3.769159,10,False,2,1
2026-07-03T04:17:25Z,1081V21104C10,21104,C10,3,10104,10103,2026-07-03T06:22:00,17000,10200,A,40.574413,-3.9567041,10,False,2,2
2026-07-03T04:17:25Z,1081V21500C2,21500,C2,46,70108,70101,2026-07-03T06:21:00,70103,17000,E,40.423397,-3.561349,10,False,2,2
2026-07-03T04:17:25Z,1081V21510C2,21510,C2,4,18001,18000,2026-07-03T06:23:00,70200,17000,E,40.42352,-3.6912522,10,True,2,3
2026-07-03T04:17:25Z,1081V35980C2,35980,C2,0,17000,98003,2026-07-03T06:43:00,70200,17000,E,40.47097,-3.68245,10,False,2,2
2026-07-03T04:17:25Z,1081V20705C5,20705,C5,0,35609,35608,2026-07-03T06:22:00,35607,35002,A,40.3989,-3.7442265,10,False,2,2
2026-07-03T04:17:25Z,1081V20704C5,20704,C5,0,35603,35602,2026-07-03T06:20:00,35002,35607,A,40.381268,-3.7802126,10,False,1,1
2026-07-03T04:17:25Z,1081V21516C2,21516,C2,3,17000,18002,2026-07-03T06:47:00,70200,17000,E,40.47097,-3.68245,10,False,9,2
2026-07-03T04:17:25Z,1081V21514C2,21514,C2,0,17000,18002,2026-07-03T06:32:00,70200,17000,E,40.47097,-3.68245,10,False,9,2
2026-07-03T04:17:25Z,1081V20411C4b,20411,C4b,4,18000,18101,2026-07-03T06:19:00,17005,37012,21.0,40.409252,-3.692557,10,True,5,1
2026-07-03T04:17:25Z,1081V20410C4b,20410,C4b,0,17005,17004,2026-07-03T06:36:00,37012,17005,E,40.644844,-3.7762609,10,False,3,3
2026-07-03T04:17:25Z,1081V19545C5,19545,C5,3,35002,35010,2026-07-03T06:46:00,35607,35002,E,40.283237,-3.7991464,10,False,0,1
2026-07-03T04:17:25Z,1081V20013C3,20013,C3,0,60200,60105,2026-07-03T06:46:00,17000,60200,E,40.035027,-3.6189713,10,True,1,1
2026-07-03T04:17:25Z,1081V20012C3,20012,C3,0,17000,18002,2026-07-03T06:46:00,60200,17000,E,40.471382,-3.6834786,10,False,2,8
2026-07-03T04:17:25Z,1081V20011C3,20011,C3,0,60200,60105,2026-07-03T06:30:00,17000,60200,E,40.035027,-3.6189713,10,True,1,1
2026-07-03T04:17:25Z,1081V20214C4,20214,C4,0,37001,37010,2026-07-03T06:41:00,37012,37001,E,40.34132,-3.7123663,10,True,2,2
2026-07-03T04:17:25Z,1081V21303C10,21303,C10,22,18001,18002,2026-07-03T06:21:00,17000,10000,A,40.44655,-3.691473,10,True,1,1
2026-07-03T04:17:25Z,1081V20213C4a,20213,C4a,0,18000,18101,2026-07-03T06:34:00,19003,18000,E,40.40654,-3.6895106,10,False,6,1
2026-07-03T04:17:25Z,1081V21200C10,21200,C10,11,18002,18001,2026-07-03T06:21:00,10200,17000,10.0,40.444134,-3.6916912,10,False,4,2
2026-07-03T04:17:25Z,1081V19520C5,19520,C5,0,35606,35610,2026-07-03T06:22:00,35012,35607,A,40.34195,-3.8423326,10,False,1,1
2026-07-03T04:17:25Z,1081V21605C2,21605,C2,4,70105,70104,2026-07-03T06:11:00,12006,70200,E,40.56094,-3.2652874,10,False,4,1
2026-07-03T04:17:25Z,1081V20212C4a,20212,C4a,1,18000,60100,2026-07-03T06:24:00,37012,19003,6.0,40.40053,-3.6812139,10,True,7,1
2026-07-03T04:17:25Z,1081V20210C4,20210,C4,0,37001,37010,2026-07-03T06:22:00,37012,37001,E,40.34132,-3.7123663,10,True,2,2
2026-07-03T04:17:25Z,1081V21603C2,21603,C2,19,70102,70101,2026-07-03T06:22:00,12006,70200,8.0,40.45369,-3.4840403,10,False,1,1
2026-07-03T04:17:25Z,1081V35975C2,35975,C2,2,70104,70107,2026-07-03T06:21:00,17000,70200,A,40.50538,-3.3352833,10,False,1,1
2026-07-03T04:17:25Z,1081V19809C1,19809,C1,0,98305,98304,2026-07-03T06:44:00,17000,98305,E,40.4924,-3.593483,10,False,2,1
2026-07-03T04:17:25Z,1081V20219C4a,20219,C4a,0,37012,37011,2026-07-03T06:46:00,19003,37012,E,40.24143,-3.769159,10,False,1,1
2026-07-03T04:17:25Z,1081V20218C4a,20218,C4a,7,19003,19002,2026-07-03T06:27:00,37012,19003,E,40.546417,-3.6351175,10,True,2,2
2026-07-03T04:17:25Z,1081V21306C10,21306,C10,0,17000,18002,2026-07-03T06:51:00,10100,17000,E,40.470848,-3.682503,10,False,8,4
2026-07-03T04:17:25Z,1081V20217C4a,20217,C4a,0,37012,37011,2026-07-03T06:31:00,19003,37012,E,40.24143,-3.769159,10,False,1,1
2026-07-03T04:17:25Z,1081V21305C10,21305,C10,7,10100,10005,2026-07-03T06:19:00,17000,10100,E,40.52248,-3.8818293,10,False,4,1
2026-07-03T04:17:25Z,1081V19805C1,19805,C1,3,98304,98003,2026-07-03T06:23:00,17000,98305,7.0,40.481884,-3.6196253,10,False,1,1
2026-07-03T04:17:25Z,1081V19804C1,19804,C1,0,17000,98003,2026-07-03T06:39:00,98305,17000,E,40.47102,-3.6825693,10,False,12,2
2026-07-03T04:17:25Z,1081V19529C5,19529,C5,0,35009,37001,2026-07-03T06:20:00,35607,35012,A,40.34132,-3.7123663,10,False,1,4
2026-07-03T04:17:25Z,1081V19807C1,19807,C1,0,98305,98304,2026-07-03T06:29:00,17000,98305,E,40.4924,-3.593483,10,True,2,1
2026-07-03T04:17:25Z,1081V19526C5,19526,C5,0,35607,35606,2026-07-03T06:31:00,35012,35607,E,40.330883,-3.8823783,10,False,2,1
2026-07-03T04:17:25Z,1081V19525C5,19525,C5,3,35704,35703,2026-07-03T06:22:00,35607,35012,A,40.367134,-3.7043796,10,False,1,1
2026-07-03T04:17:25Z,1081V19802C1,19802,C1,6,17000,98003,2026-07-03T06:30:00,98305,17000,E,40.47102,-3.6825693,10,False,12,2
2026-07-03T04:17:25Z,1081V19533C5,19533,C5,0,35002,35010,2026-07-03T06:21:00,35607,35012,A,40.29673,-3.7924793,10,False,1,1
2026-07-03T04:17:25Z,1081V20005C3,20005,C3,4,60100,18000,2026-07-03T06:27:00,17000,60200,E,40.352676,-3.6839325,10,True,4,5
2026-07-03T04:17:25Z,1081V20216C4a,20216,C4a,4,17009,17001,2026-07-03T06:23:00,37012,19003,7.0,40.54081,-3.6985304,10,True,2,2
2026-07-03T04:17:25Z,1081V21304C10,21304,C10,0,17000,18002,2026-07-03T06:21:00,10100,17000,E,40.470848,-3.682503,10,False,8,4
2026-07-03T04:17:25Z,1081V19508C5,19508,C5,0,18003,35702,2026-07-03T06:15:00,35012,35607,E,40.39592,-3.6779969,10,False,2,2
2026-07-03T04:17:25Z,1081V20004C3,20004,C3,16,60102,60103,2026-07-03T06:22:00,60200,17000,23.0,40.291363,-3.7054536,10,False,2,2
2026-07-03T04:17:25Z,1081V19509C5,19509,C5,0,35601,35602,2026-07-03T06:13:00,35607,35012,S,40.38357,-3.7686734,10,False,2,2
2026-07-03T04:17:25Z,1081V19506C5,19506,C5,1,37001,35009,2026-07-03T06:14:00,35012,35607,E,40.34132,-3.7123663,10,False,6,2
2026-07-03T04:17:25Z,1081V19505C5,19505,C5,0,35603,35604,2026-07-03T06:09:00,35607,35012,E,40.377697,-3.791474,10,False,2,2
2026-07-03T04:17:25Z,1081V19510C5,19510,C5,2,35609,18000,2026-07-03T06:23:00,35012,35607,A,40.406326,-3.6896772,10,False,1,10
2026-07-03T04:17:25Z,1081V19513C5,19513,C5,0,35608,35600,2026-07-03T06:17:00,35607,35012,E,40.3989,-3.7442265,10,False,2,2
2026-07-03T04:17:25Z,1081V20222C4a,20222,C4a,0,19003,19002,2026-07-03T06:44:00,37012,19003,E,40.546417,-3.6351175,10,True,2,2
2026-07-03T04:17:25Z,1081V19512C5,19512,C5,3,35601,35600,2026-07-03T06:20:00,35012,35607,A,40.386257,-3.7610443,10,False,1,1
2026-07-03T04:17:25Z,1081V20003C3,20003,C3,7,18002,17000,2026-07-03T06:23:00,17000,60200,7.0,40.448368,-3.6914902,10,True,6,5
2026-07-03T04:17:25Z,1081V20220C4a,20220,C4a,0,19003,19002,2026-07-03T06:33:00,37012,19003,E,40.546417,-3.6351175,10,True,2,2
2026-07-03T04:17:25Z,1081V19519C5,19519,C5,0,18003,18000,2026-07-03T06:23:00,35607,35012,A,40.406326,-3.6896772,10,False,1,9
2026-07-03T04:17:25Z,1081V21003C8a,21003,C8a,3,17000,97201,2026-07-03T06:38:00,10203,17000,E,40.47113,-3.6828332,10,False,11,1
2026-07-03T04:17:25Z,1081V21002C8a,21002,C8a,0,10203,10202,2026-07-03T06:28:00,70103,10203,E,40.58532,-4.1321955,10,False,3,2
2026-07-03T04:17:25Z,1081V21001C8a,21001,C8a,11,97200,97100,2026-07-03T06:21:00,10203,17000,E,40.49988,-3.7092934,10,False,1,1
2026-07-03T04:17:25Z,1081V21000C8a,21000,C8a,1,10100,97100,2026-07-03T06:29:00,70200,10203,A,40.49547,-3.7261994,10,False,4,2
2026-07-03T04:17:25Z,1081V20002C3,20002,C3,23,60104,60105,2026-07-03T06:22:00,60200,17000,8.0,40.191822,-3.6614482,10,True,2,2
2026-07-03T04:17:25Z,1081V19530C5,19530,C5,0,35607,35606,2026-07-03T06:42:00,35012,35607,E,40.330883,-3.8823783,10,False,2,1
2026-07-03T04:17:25Z,1081V20409C4b,20409,C4b,1,17001,17009,2026-07-03T06:21:00,17005,18000,28.0,40.51516,-3.6842942,10,False,1,1
2026-07-03T04:17:25Z,1081V20408C4b,20408,C4b,8,17005,17004,2026-07-03T06:32:00,37012,17005,E,40.644844,-3.7762609,10,False,3,3
2026-07-03T04:17:25Z,1081V20407C4b,20407,C4b,14,17000,17001,2026-07-03T06:21:00,17005,37012,A,40.501648,-3.6821797,10,True,4,1
2026-07-03T04:17:25Z,1081V20406C4b,20406,C4b,0,17009,17001,2026-07-03T06:25:00,37012,17005,A,40.501648,-3.6821797,10,True,2,2
2026-07-03T04:17:25Z,1081V20009C3,20009,C3,3,60105,60104,2026-07-03T06:23:00,17000,60200,A,40.196156,-3.6648214,10,False,3,1
2026-07-03T04:17:25Z,1081V20404C4,20404,C4,0,37001,37010,2026-07-03T06:49:00,37012,37001,E,40.34132,-3.7123663,10,True,2,2
2026-07-03T04:17:25Z,1081V20008C3,20008,C3,1,18002,18101,2026-07-03T06:21:00,60200,17000,E,40.4466,-3.6920877,10,True,8,2
2026-07-03T04:17:25Z,1081V20007C3,20007,C3,2,60102,60109,2026-07-03T06:18:00,17000,60200,A,40.318535,-3.7097142,10,False,1,1
2026-07-03T04:17:25Z,1081V20402C4b,20402,C4b,8,17000,18002,2026-07-03T06:20:00,37012,17005,35.0,40.462128,-3.6856184,10,True,2,8
2026-07-03T04:17:25Z,1081V19537C5,19537,C5,2,35012,35002,2026-07-03T06:27:00,35607,35012,E,40.25559,-3.8284667,10,False,2,1
2026-07-03T04:17:25Z,1081V19539C5,19539,C5,0,35012,35002,2026-07-03T06:30:00,35607,35012,E,40.25559,-3.8284667,10,False,1,1
2026-07-03T04:22:16Z,3081V23507C1,23507,C1,0,51200,51112,2026-07-03T06:40:00,50600,51200,A,37.27829,-5.9103913,30,False,6,1
2026-07-03T04:22:16Z,3081V23505C1,23505,C1,5,51111,51113,2026-07-03T06:25:22,50600,51200,A,37.332863,-5.963986,30,False,1,1
2026-07-03T04:22:16Z,3081V23506C1,23506,C1,3,50600,50602,2026-07-03T06:26:42,51200,50600,49.0,37.61738,-5.596634,30,False,,2
2026-07-03T04:22:16Z,3081V23603C4,23603,C4,0,51003,51009,2026-07-03T06:29:00,00000,00000,A,37.4036,-5.936382,30,False,8,2
2026-07-03T04:22:16Z,3081V23504C1,23504,C1,2,50702,50704,2026-07-03T06:28:43,51200,50700,E,37.54619,-5.8666563,30,False,2,2
2026-07-03T04:22:16Z,3081V23509C1,23509,C1,0,51203,51202,2026-07-03T06:28:00,50600,51203,54.0,36.978115,-6.024691,30,False,,1
2026-07-03T04:22:16Z,3081V23801C5,23801,C5,0,51003,43000,2026-07-03T06:23:00,43005,51003,E,37.392567,-5.9749837,30,False,,2
2026-07-03T04:22:16Z,3081V23102C3,23102,C3,0,40119,40121,2026-07-03T06:37:00,51003,40119,A,37.635468,-5.731041,30,False,1,1
2026-07-03T04:22:16Z,3081V23502C1,23502,C1,6,51112,51200,2026-07-03T06:32:55,51200,51003,1.0,37.27829,-5.9103913,30,False,2,4
2026-07-03T04:22:16Z,3081V23701C5,23701,C5,12,43004,43003,2026-07-03T06:26:27,51103,43005,E,37.381527,-6.193782,30,False,1,
2026-07-03T04:22:16Z,3181V23201C1,23201,C1,1,51409,51407,2026-07-03T06:24:00,51205,51405,A,36.494423,-6.268083,31,False,1,1
2026-07-03T04:22:16Z,3181V23422T1,23422,T1,0,51459,51460,2026-07-03T06:24:00,51405,51450,A,36.463943,-6.198344,31,False,2,2
2026-07-03T04:22:16Z,3181V23421T1,23421,T1,0,51463,51462,2026-07-03T06:27:00,51450,51405,A,36.458195,-6.2035084,31,False,1,1
2026-07-03T04:22:16Z,3181V23200C1,23200,C1,0,51400,51417,2026-07-03T06:30:00,51405,51300,A,36.58479,-6.216128,31,False,2,2
2026-07-03T04:22:16Z,3281V23302C1,23302,C1,2,54511,54510,2026-07-03T06:29:45,54517,54516,A,36.60992,-4.5154014,32,False,1,2
2026-07-03T04:22:16Z,3281V23305C1,23305,C1,2,54519,54510,2026-07-03T06:23:10,54516,54517,E,36.613625,-4.509399,32,False,1,1
2026-07-03T04:22:16Z,3281V23151C2,23151,C2,2,54405,54405,2026-07-03T06:23:50,54405,54517,A,36.819714,-4.699568,32,False,,
2026-07-03T04:22:16Z,4081V24201C1,24201,C1,-2,69103,69104,2026-07-03T06:28:18,69110,65000,A,39.177853,-0.26344925,40,False,,1
2026-07-03T04:22:16Z,4081V24004C2,24004,C2,0,64006,64100,2026-07-03T06:31:00,65000,64006,A,38.992313,-0.5246103,40,False,3,2
2026-07-03T04:22:16Z,4081V24202C1,24202,C1,2,69105,69104,2026-07-03T06:35:13,65000,69110,A,39.177853,-0.26344925,40,False,3,2
2026-07-03T04:22:16Z,4081V24200C1,24200,C1,-1,69102,64200,2026-07-03T06:29:01,65000,69110,E,39.279446,-0.37921625,40,False,,1
2026-07-03T04:22:16Z,4081V24003C2,24003,C2,-1,64201,64210,2026-07-03T06:23:52,64006,65000,E,39.399986,-0.39908192,40,False,,
2026-07-03T04:22:16Z,4081V80001C3,80001,C3,0,66200,66201,2026-07-03T06:26:00,66206,66200,,39.570892,-1.2023381,40,False,,1
2026-07-03T04:22:16Z,4081V84006C2,84006,C2,0,64003,64004,2026-07-03T06:43:00,64100,64003,,38.878082,-0.7535829,40,False,,
2026-07-03T04:22:16Z,4081V76600C3,76600,C3,-2,66209,66211,2026-07-03T06:31:40,65002,66206,A,39.461178,-0.46325022,40,False,,
2026-07-03T04:22:16Z,4081V24303C6,24303,C6,0,65300,65209,2026-07-03T06:24:00,65000,65300,,39.988213,-0.052072257,40,False,,1
2026-07-03T04:22:16Z,4081V24380C6,24380,C6,-1,65200,65206,2026-07-03T06:42:01,65312,65000,A,39.85307,-0.15246475,40,False,4,2
2026-07-03T04:22:16Z,4081V24001C2,24001,C2,1,64102,64007,2026-07-03T06:24:51,64006,65000,E,39.083164,-0.46941403,40,False,,1
2026-07-03T04:22:16Z,4081V24301C6,24301,C6,3,65201,65200,2026-07-03T06:24:43,65000,65300,56.0,39.694866,-0.2574412,40,False,,3
2026-07-03T04:22:16Z,4081V24005C2,24005,C2,0,65000,64203,2026-07-03T06:37:00,64100,65000,,39.466305,-0.37739235,40,False,,1
2026-07-03T04:22:16Z,4081V76656C3,76656,C3,0,65000,65002,2026-07-03T06:32:00,66206,65000,,39.466278,-0.37721187,40,False,,4B
2026-07-03T04:22:16Z,4081V24302C6,24302,C6,1,65000,65002,2026-07-03T06:28:09,65312,65000,13.0,39.460842,-0.37928835,40,False,,
2026-07-03T04:22:16Z,4081V24203C1,24203,C1,1,65000,64203,2026-07-03T06:26:53,69110,65000,40.0,39.448483,-0.38288555,40,False,,1
2026-07-03T04:22:16Z,4081V24204C1,24204,C1,0,69110,69107,2026-07-03T06:36:00,65000,69110,A,39.02619,-0.21494265,40,False,1,
2026-07-03T04:22:16Z,5181V77508R4,77508,R4,1,78706,78707,2026-07-03T06:23:39,71600,78700,48.0,41.485855,2.1563673,50,False,,2
2026-07-03T04:22:16Z,5181V25606R1,25606,R1,2,79412,79410,2026-07-03T06:23:55,72305,79603,E,41.50672,2.4016483,50,False,2,2
2026-07-03T04:22:16Z,5181V25608R1,25608,R1,0,79602,79601,2026-07-03T06:25:48,72305,79606,E,41.601646,2.6246321,50,False,,1
2026-07-03T04:22:16Z,5181V15002R15,15002,R15,-2,71500,71502,2026-07-03T06:33:28,79400,71400,A,41.13657,1.3734233,50,True,,
2026-07-03T04:22:16Z,5181V15000R15,15000,R15,3,71600,71700,2026-07-03T06:34:28,79400,71400,A,41.219913,1.7308453,50,False,2,
2026-07-03T04:22:16Z,5181V25400R2,25400,R2,8,79109,79101,2026-07-03T06:24:30,79104,71700,E,41.600082,2.2916722,50,True,,1
2026-07-03T04:22:16Z,5181V30530R15,15030,R15,0,71300,71302,2026-07-03T06:46:00,79400,71300,,41.106712,0.6533784,50,False,,
2026-07-03T04:22:16Z,5181V28468R2,28468,R2,1,79006,79011,2026-07-03T06:26:42,71705,79100,A,41.510384,2.1998255,50,True,2,2
2026-07-03T04:22:16Z,5181V28506R2,28506,R2,3,71704,71705,2026-07-03T06:25:08,79100,71600,A,41.27877,1.9793723,50,True,2,2
2026-07-03T04:22:16Z,5181V28264R2S,28264,R2S,8,71707,71708,2026-07-03T06:26:13,79400,71600,E,41.3306,2.0894625,50,False,4,
2026-07-03T04:22:16Z,5181V25402R2N,25402,R2N,0,71708,71801,2026-07-03T06:28:25,79104,72400,10.0,41.358875,2.1160102,50,True,,
2026-07-03T04:22:16Z,5181V25601R1,25601,R1,0,79405,79406,2026-07-03T06:24:13,79200,72305,A,41.468693,2.2867389,50,False,1,1
2026-07-03T04:22:16Z,5181V25604R1,25604,R1,0,79009,78804,2026-07-03T06:26:07,72305,79603,A,41.391903,2.1806395,50,True,3,2
2026-07-03T04:22:16Z,5181V77980R4,77980,R4,2,78600,78604,2026-07-03T06:26:50,72305,78600,47.0,41.69402,1.8439177,50,True,,2
2026-07-03T04:22:16Z,5181V28265R2S,28265,R2S,1,71708,71707,2026-07-03T06:25:51,71700,79400,E,41.35488,2.1156967,50,True,1,1
2026-07-03T04:22:16Z,5181V28263R2S,28263,R2S,3,71701,71700,2026-07-03T06:31:31,71700,79400,A,41.219913,1.7308453,50,True,1,
2026-07-03T04:22:16Z,5181V28267R2S,28267,R2S,-8,79400,71802,2026-07-03T06:29:47,71700,79400,E,41.3834,2.1864636,50,True,,
2026-07-03T04:22:16Z,5181V77502R4,77502,R4,2,72206,72205,2026-07-03T06:25:31,71600,78700,E,41.39581,1.7681432,50,False,,1
2026-07-03T04:22:16Z,5181V25603R1,25603,R1,3,72305,71801,2026-07-03T06:26:46,79606,72305,22.0,41.36607,2.1105776,50,False,,9
2026-07-03T04:22:16Z,5181V77702R4,77702,R4,0,72302,72301,2026-07-03T06:24:40,72209,78800,A,41.38308,2.0479817,50,True,,1
2026-07-03T04:22:16Z,5181V25562R2S,25562,R2S,0,71600,71601,2026-07-03T06:37:00,79400,71600,,41.18592,1.5248429,50,False,,
2026-07-03T04:22:16Z,5181V77504R4,77504,R4,0,72211,72210,2026-07-03T06:26:13,71600,78700,A,41.473316,1.967515,50,False,,2
2026-07-03T04:22:16Z,5181V28402R2N,28402,R2N,3,71707,72400,2026-07-03T06:29:05,72400,79100,A,41.30425,2.0733776,50,True,1,1
2026-07-03T04:22:16Z,5181V28408R2N,28408,R2N,2,79200,79107,2026-07-03T06:26:29,72400,79200,12.0,41.767395,2.6705003,50,True,4,2
2026-07-03T04:22:16Z,5181V77704R4,77704,R4,2,78802,78806,2026-07-03T06:23:45,72209,78800,18.0,41.430275,2.1831505,50,False,2,2
2026-07-03T04:22:16Z,5181V28406R2N,28406,R2N,2,79101,79109,2026-07-03T06:27:20,72400,79104,E,41.636314,2.3562145,50,True,2,2
2026-07-03T04:22:16Z,5181V77400R4,77400,R4,1,72305,71801,2026-07-03T06:28:25,78600,71600,E,41.36431,2.1008937,50,False,1,
2026-07-03T04:22:16Z,5181V77506R4,77506,R4,0,71801,72305,2026-07-03T06:28:32,71600,78700,E,41.379536,2.1411612,50,True,,4
2026-07-03T04:22:16Z,5181V77706R4,77706,R4,0,78709,78704,2026-07-03T06:25:00,72209,78700,A,41.546566,2.1159177,50,False,2,2
2026-07-03T04:22:16Z,5181V25704R1,25704,R1,1,79405,79404,2026-07-03T06:23:30,72305,79500,E,41.46291,2.2722147,50,True,2,2
2026-07-03T04:22:16Z,5181V25706R1,25706,R1,0,79500,79412,2026-07-03T06:35:00,72305,79500,A,41.50672,2.4016483,50,True,5,2
2026-07-03T04:22:16Z,5181V25701R1,25701,R1,-3,79403,79404,2026-07-03T06:26:00,79600,72305,A,41.445705,2.2490852,50,True,,1
2026-07-03T04:22:16Z,5181V77402R4,77402,R4,7,72208,72209,2026-07-03T06:27:35,78600,71600,31.0,41.45963,1.8832995,50,False,,2
2026-07-03T04:22:16Z,5181V77600R4,77600,R4,2,78700,78610,2026-07-03T06:26:30,78600,72209,A,41.5689,1.9743112,50,False,4,1
2026-07-03T04:22:16Z,5181V25502R2S,25502,R2S,5,71700,71701,2026-07-03T06:27:24,79400,71600,11.0,41.21891,1.7399305,50,False,3,
2026-07-03T04:22:16Z,5181V25703R1,25703,R1,0,78805,78804,2026-07-03T06:24:04,79600,72305,E,41.387875,2.1697214,50,False,,1
2026-07-03T04:22:16Z,5181V77404R4,77404,R4,4,72203,72204,2026-07-03T06:26:11,78600,71600,18.0,41.318813,1.6686482,50,False,2,2
2026-07-03T04:22:16Z,5181V77602R4,77602,R4,2,78800,78708,2026-07-03T06:24:49,78600,72209,A,41.48388,2.1847994,50,False,6,1
2026-07-03T04:22:16Z,5181V28404R2N,28404,R2N,1,79004,79009,2026-07-03T06:26:13,72400,79104,E,41.43613,2.1936417,50,True,2,1
2026-07-03T04:22:16Z,5181V78288R2,78288,R2,2,79004,79005,2026-07-03T06:24:08,79200,71700,66.0,41.46621,2.1869965,50,True,,
2026-07-03T04:22:16Z,5181V77310R3,77310,R3,0,77105,77104,2026-07-03T06:24:29,77102,77109,40.0,41.787605,2.238412,50,False,,1
2026-07-03T04:22:16Z,5181V28252R2S,28252,R2S,0,71700,71701,2026-07-03T06:41:00,79400,71700,,41.219913,1.7308453,50,False,,
2026-07-03T04:22:16Z,5181V77510R4,77510,R4,0,78609,78610,2026-07-03T06:24:36,72204,78600,A,41.5689,1.9743112,50,False,2,2
2026-07-03T04:22:16Z,5181V77314R3,77314,R3,1,77200,77114,2026-07-03T06:23:53,77102,77200,77.0,42.14505,2.2081673,50,False,,
2026-07-03T04:22:16Z,5181V33520RL4,15620,RL4,2,78503,78504,2026-07-03T06:37:43,78600,78400,E,41.730125,1.5151927,50,False,2,
2026-07-03T04:22:16Z,6081V26502C3,26502,C3,2,13100,13100,2026-07-03T06:22:10,13100,13200,E,42.99472,-3.0158784,60,False,,
2026-07-03T04:22:16Z,6081V26006C2,26006,C2,3,13505,13508,2026-07-03T06:25:22,13200,13506,A,43.319363,-3.0674317,60,False,1,1
2026-07-03T04:22:16Z,6081V26105C1,26105,C1,2,13400,13401,2026-07-03T06:23:55,13405,13200,E,43.300285,-2.9842513,60,False,1,1
2026-07-03T04:22:16Z,6081V26504C3,26504,C3,0,13117,13107,2026-07-03T06:23:54,13100,13200,E,43.153534,-2.9381597,60,False,,
2026-07-03T04:22:16Z,6081V26005C2,26005,C2,4,13503,13507,2026-07-03T06:22:12,13506,13200,95.0,43.307663,-3.0403237,60,False,,1
2026-07-03T04:22:16Z,6081V26506C3,26506,C3,2,13200,13120,2026-07-03T06:23:35,13100,13200,26.0,43.258213,-2.9310796,60,False,3,2
2026-07-03T04:22:16Z,6081V26505C3,26505,C3,1,13121,13102,2026-07-03T06:24:25,13200,13100,E,43.05786,-2.996093,60,False,1,1
2026-07-03T04:22:16Z,6081V26004C2,26004,C2,3,13400,13305,2026-07-03T06:23:33,13200,13506,52.0,43.295425,-2.976459,60,False,,2
2026-07-03T04:22:16Z,6081V71505C4,71505,C4,0,05485,05483,2026-07-03T06:37:00,05451,05485,A,43.196415,-3.1899889,60,False,1,1
2026-07-03T04:22:16Z,6081V71581C5,71581,C5,0,05497,05493,2026-07-03T06:51:00,05473,05497,A,43.24123,-3.250515,60,False,4,1
2026-07-03T04:22:16Z,6081V26107C1,26107,C1,0,13200,13205,2026-07-03T06:28:00,13405,13200,A,43.256733,-2.9322033,60,False,1,1
2026-07-03T04:22:16Z,6081V26106C1,26106,C1,0,13404,13403,2026-07-03T06:24:17,13200,13405,E,43.3262,-3.023556,60,False,2,2
2026-07-03T04:22:16Z,6081V26007C2,26007,C2,0,13208,13303,2026-07-03T06:22:24,13506,13200,E,43.26169,-2.948731,60,False,,1
2026-07-03T04:22:16Z,6081V71503C4,71503,C4,-1,05470,05469,2026-07-03T06:23:14,05451,05485,E,43.20598,-3.082502,60,False,,1
2026-07-03T04:22:16Z,6081V26507C3,26507,C3,0,13100,13116,2026-07-03T06:39:00,13200,13100,A,43.035866,-3.0039182,60,False,2,1
2026-07-03T04:22:16Z,6081V26602C3,26602,C3,3,13111,13110,2026-07-03T06:27:15,13106,13200,14.0,43.204967,-2.8908355,60,False,2,2
2026-07-03T04:22:16Z,6081V71501C4,71501,C4,3,05461,05460,2026-07-03T06:21:35,05451,05485,S,43.248436,-2.990075,60,False,,1
2026-07-03T04:22:16Z,6081V71500C4,71500,C4,6,05461,05463,2026-07-03T06:28:04,05485,05451,A,43.25537,-2.9720938,60,False,2,2
2026-07-03T04:22:16Z,6081V26104C1,26104,C1,0,13205,13200,2026-07-03T06:23:27,13200,13405,E,43.256733,-2.9322033,60,False,,
2026-07-03T04:22:16Z,6081V26503C3,26503,C3,1,13113,13114,2026-07-03T06:26:09,13200,13100,19.0,43.236897,-2.889748,60,False,1,1
2026-07-03T04:22:16Z,6181V32769C1,32769,C1,2,11512,11513,2026-07-03T06:23:54,11600,11400,E,43.321762,-1.9738481,61,False,1,1
2026-07-03T04:22:16Z,6181V32770C1,32770,C1,0,11405,11404,2026-07-03T06:23:34,11400,11516,E,43.052605,-2.1791906,61,False,,2
2026-07-03T04:22:16Z,6181V32702C1,32702,C1,-3,11516,11515,2026-07-03T06:26:03,11305,11600,A,43.31916,-1.9170784,61,False,,2
2026-07-03T04:22:16Z,6181V32701C1,32701,C1,3,11400,11402,2026-07-03T06:26:34,11600,11305,E,43.086685,-2.3198454,61,False,,1
2026-07-03T04:22:16Z,6181V32700C1,32700,C1,0,11502,11501,2026-07-03T06:24:41,11305,11600,E,43.162556,-2.0704687,61,False,,2
2026-07-03T04:22:16Z,6181V30600C1,16000,C1,0,11511,11507,2026-07-03T06:33:24,11200,11600,13.0,43.30874,-1.9758941,61,False,,
2026-07-03T04:22:16Z,6281V71154C2,71154,C2,0,14223,05602,2026-07-03T06:33:00,05637,14223,A,43.452877,-3.8282192,62,True,1AM,2
2026-07-03T04:22:16Z,6281V71103C2,71103,C2,2,05617,05615,2026-07-03T06:23:53,14223,05623,A,43.398296,-4.009971,62,True,2,2
2026-07-03T04:22:16Z,6281V81350C3,81350,C3,0,05671,05669,2026-07-03T06:39:00,05657,05671,A,43.35062,-3.7071943,62,True,1,
2026-07-03T04:22:16Z,6281V71152C2,71152,C2,4,05619,05621,2026-07-03T06:27:43,05637,14223,A,43.35116,-4.0512547,62,True,2,1
2026-07-03T04:22:16Z,6281V71104C2,71104,C2,3,05611,05613,2026-07-03T06:25:31,05623,14223,E,43.409706,-3.988606,62,True,1,1
2026-07-03T04:22:16Z,6281V71201C3,71201,C3,0,14223,05602,2026-07-03T06:33:00,05658,14223,A,43.452858,-3.828213,62,True,7AM,7
2026-07-03T04:22:16Z,6281V35902C1,26902,C1,2,14220,14219,2026-07-03T06:23:03,14210,14223,E,43.41605,-3.8418827,62,True,1,2
2026-07-03T04:22:16Z,6281V71105C2,71105,C2,0,05623,05622,2026-07-03T06:34:00,14223,05623,A,43.35649,-4.0702353,62,True,3,1
2026-07-03T04:22:16Z,6281V71301C3,71301,C3,2,05602,05651,2026-07-03T06:25:27,05657,14223,33.0,43.447304,-3.8354237,62,True,,1
2026-07-03T04:22:16Z,4681V70150C1,70150,C1,0,05139,05137,2026-07-03T06:38:00,21010,05139,A,43.668777,-7.854545,46,False,7,
2026-07-03T04:22:16Z,4781V71080C1,71080,C1,0,05765,05766,2026-07-03T06:24:00,05803,05761,52.0,42.85145,-5.3231,47,False,,1
2026-07-03T04:22:16Z,4781V71091C1,71091,C1,0,05757,05756,2026-07-03T06:25:00,05753,05761,27.0,42.771626,-4.922911,47,False,,1
2026-07-03T04:22:16Z,4181V84904C2,84904,C2,0,07004,07007,2026-07-03T06:47:00,61200,07004,E,37.40992,-1.5725332,41,False,1,1
2026-07-03T04:22:16Z,4181V24702C1,24702,C1,0,61200,62002,2026-07-03T07:08:00,60911,61200,E,37.974686,-1.131078,41,False,2,4
2026-07-03T04:22:16Z,4181V24700C1,24700,C1,0,62100,62101,2026-07-03T06:30:00,60911,61200,A,38.224415,-0.7814662,41,False,3,3
2026-07-03T04:22:16Z,4181V24701C1,24701,C1,0,62102,62101,2026-07-03T06:27:00,61200,60911,E,38.26931,-0.7065764,41,False,1,1
2026-07-03T04:22:16Z,4181V24703C1,24703,C1,0,60911,62109,2026-07-03T06:39:00,61200,60911,E,38.34553,-0.49576503,41,False,1,1
2026-07-03T04:22:16Z,4581V71601C1,71601,C1,0,05951,05952,2026-07-03T06:27:00,05977,05951,E,37.603638,-0.97674686,45,False,1,2
2026-07-03T04:22:16Z,1081V21100C10,21100,C10,4,18003,18000,2026-07-03T06:29:00,17000,10200,E,40.395943,-3.677964,10,False,1,1
2026-07-03T04:22:16Z,1081V21806C7,21806,C7,0,10000,10001,2026-07-03T06:48:00,70103,10000,E,40.42163,-3.7193205,10,True,2,2
2026-07-03T04:22:16Z,1081V20010C3,20010,C3,1,17000,18002,2026-07-03T06:34:00,60200,17000,E,40.471382,-3.6834786,10,True,3,8
2026-07-03T04:22:16Z,1081V21804C7,21804,C7,12,10000,10001,2026-07-03T06:25:00,70103,10000,E,40.42163,-3.7193205,10,False,2,2
2026-07-03T04:22:16Z,1081V19541C5,19541,C5,0,35002,35010,2026-07-03T06:36:00,35607,35002,E,40.283237,-3.7991464,10,False,1,1
2026-07-03T04:22:16Z,1081V21509C2,21509,C2,0,70200,70105,2026-07-03T06:33:00,10203,70200,E,40.644257,-3.1823237,10,False,1,1
2026-07-03T04:22:16Z,1081V20419C4b,20419,C4b,0,37012,37011,2026-07-03T06:38:00,17005,37012,E,40.24143,-3.769159,10,True,2,1
2026-07-03T04:22:16Z,1081V21802C7,21802,C7,1,17000,18002,2026-07-03T06:25:00,70103,17000,27.0,40.464043,-3.6843033,10,True,8,2
2026-07-03T04:22:16Z,1081V21508C2,21508,C2,7,70002,70003,2026-07-03T06:23:00,70200,17000,55.0,40.37769,-3.6619875,10,False,2,2
2026-07-03T04:22:16Z,1081V20712C5,20712,C5,6,35607,35606,2026-07-03T06:31:00,35002,35607,E,40.330883,-3.8823783,10,False,2,1
2026-07-03T04:22:16Z,1081V20417C4b,20417,C4b,0,37002,37010,2026-07-03T06:30:00,17005,37002,E,40.309868,-3.733689,10,True,1,1
2026-07-03T04:22:16Z,1081V21800C7,21800,C7,33,17000,18002,2026-07-03T06:26:00,70103,17000,E,40.47113,-3.6828332,10,False,7,2
2026-07-03T04:22:16Z,1081V21506C2,21506,C2,14,70100,70108,2026-07-03T06:25:00,70200,17000,3.0,40.401688,-3.594714,10,False,2,2
2026-07-03T04:22:16Z,1081V20708C5,20708,C5,3,35605,35604,2026-07-03T06:24:00,35002,35607,37.0,40.353493,-3.826083,10,False,1,1
2026-07-03T04:22:16Z,1081V20707C5,20707,C5,2,35001,35009,2026-07-03T06:25:00,35607,35002,E,40.328766,-3.7714624,10,False,1,1
2026-07-03T04:22:16Z,1081V21505C2,21505,C2,-1,70103,70111,2026-07-03T06:36:00,17000,70200,E,40.489193,-3.3662832,10,False,4,1
2026-07-03T04:22:16Z,1081V20720C5,20720,C5,0,35607,35606,2026-07-03T06:47:00,35002,35607,E,40.330883,-3.8823783,10,False,2,1
2026-07-03T04:22:16Z,1081V20209C4a,20209,C4a,14,18002,17000,2026-07-03T06:28:00,19003,37012,1.0,40.44688,-3.6920621,10,True,6,3
2026-07-03T04:22:16Z,1081V20415C4b,20415,C4b,3,37002,37010,2026-07-03T06:23:00,17005,37012,55.0,40.317173,-3.7302248,10,True,1,1
2026-07-03T04:22:16Z,1081V21504C2,21504,C2,22,70108,70101,2026-07-03T06:25:00,70200,18002,E,40.423397,-3.561349,10,True,2,2
2026-07-03T04:22:16Z,1081V21503C2,21503,C2,14,70102,70101,2026-07-03T06:26:00,17000,70200,E,40.454636,-3.4796963,10,False,1,1
2026-07-03T04:22:16Z,1081V21106C10,21106,C10,0,10200,10104,2026-07-03T06:48:00,17000,10200,E,40.62599,-4.0081153,10,False,4,2
2026-07-03T04:22:16Z,1081V36202C10,36202,C10,0,17000,18002,2026-07-03T06:36:00,10200,17000,E,40.470848,-3.682503,10,False,8,4
2026-07-03T04:22:16Z,1081V19549C5,19549,C5,0,35012,35002,2026-07-03T06:50:00,35607,35012,E,40.25559,-3.8284667,10,False,1,1
2026-07-03T04:22:16Z,1081V21512C2,21512,C2,8,18002,18001,2026-07-03T06:26:00,70200,17000,E,40.44655,-3.691473,10,False,2,2
2026-07-03T04:22:16Z,1081V21511C2,21511,C2,0,70200,70105,2026-07-03T06:50:00,17000,70200,E,40.644257,-3.1823237,10,False,1,1
2026-07-03T04:22:16Z,1081V20208C4,20208,C4,6,37010,37002,2026-07-03T06:25:00,37012,17000,3.0,40.31969,-3.729016,10,True,2,2
2026-07-03T04:22:16Z,1081V20207C4a,20207,C4a,8,19002,19003,2026-07-03T06:25:00,19003,18000,A,40.546417,-3.6351175,10,True,1,2
2026-07-03T04:22:16Z,1081V20421C4b,20421,C4b,0,37012,37011,2026-07-03T06:50:00,17005,37012,E,40.24143,-3.769159,10,False,2,1
2026-07-03T04:22:16Z,1081V20602C8b,20602,C8b,0,12006,12005,2026-07-03T06:33:00,70200,12006,E,40.737614,-4.0662985,10,True,2,1
2026-07-03T04:22:16Z,1081V20206C4,20206,C4,8,37011,37012,2026-07-03T06:29:00,37012,37001,E,40.288372,-3.7373493,10,True,2,1
2026-07-03T04:22:16Z,1081V21510C2,21510,C2,2,18000,70002,2026-07-03T06:25:00,70200,17000,E,40.40667,-3.689395,10,True,3,2
2026-07-03T04:22:16Z,1081V21811C7,21811,C7,0,70103,70111,2026-07-03T06:32:00,10000,70103,E,40.4889,-3.3666708,10,False,5,1
2026-07-03T04:22:16Z,1081V19553C5,19553,C5,0,35012,35002,2026-07-03T06:56:00,35607,35012,E,40.25559,-3.8284667,10,False,1,1
2026-07-03T04:22:16Z,1081V35980C2,35980,C2,0,17000,98003,2026-07-03T06:43:00,70200,17000,E,40.47097,-3.68245,10,False,2,2
2026-07-03T04:22:16Z,1081V20601C8b,20601,C8b,5,97201,97200,2026-07-03T06:25:00,12006,17000,E,40.488266,-3.6947744,10,False,1,1
2026-07-03T04:22:16Z,1081V20705C5,20705,C5,0,35608,35600,2026-07-03T06:25:00,35607,35002,E,40.3989,-3.7442265,10,False,2,2
2026-07-03T04:22:16Z,1081V20600C8b,20600,C8b,0,10200,10104,2026-07-03T06:27:00,70200,12006,A,40.60039,-3.98222,10,False,2,2
2026-07-03T04:22:16Z,1081V20704C5,20704,C5,0,35601,35600,2026-07-03T06:23:00,35002,35607,A,40.386257,-3.7610443,10,False,1,1
2026-07-03T04:22:16Z,1081V21516C2,21516,C2,3,17000,18002,2026-07-03T06:47:00,70200,17000,E,40.47097,-3.68245,10,False,9,2
2026-07-03T04:22:16Z,1081V21514C2,21514,C2,0,17000,18002,2026-07-03T06:32:00,70200,17000,E,40.47097,-3.68245,10,False,9,2
2026-07-03T04:22:16Z,1081V20204C4,20204,C4,22,37011,37012,2026-07-03T06:29:00,37012,17000,1.0,40.28008,-3.7382903,10,True,2,1
2026-07-03T04:22:16Z,1081V20718C5,20718,C5,0,35607,35606,2026-07-03T06:37:00,35002,35607,E,40.330883,-3.8823783,10,False,2,1
2026-07-03T04:22:16Z,1081V20412C4b,20412,C4b,0,17005,17004,2026-07-03T06:46:00,37012,17005,E,40.644844,-3.7762609,10,True,3,3
2026-07-03T04:22:16Z,1081V21501C2,21501,C2,0,18001,18002,2026-07-03T06:25:00,10203,70200,A,40.44655,-3.691473,10,False,1,1
2026-07-03T04:22:16Z,1081V21200C10,21200,C10,11,18001,18000,2026-07-03T06:27:00,10200,17000,2.0,40.42318,-3.6914093,10,False,2,4
2026-07-03T04:22:16Z,1081V20015C3,20015,C3,0,60200,60105,2026-07-03T07:00:00,17000,60200,E,40.035027,-3.6189713,10,False,1,1
2026-07-03T04:22:16Z,1081V19520C5,19520,C5,0,35610,35605,2026-07-03T06:24:00,35012,35607,A,40.3503,-3.8317595,10,False,1,1
2026-07-03T04:22:16Z,1081V19543C5,19543,C5,0,35012,35002,2026-07-03T06:40:00,35607,35012,E,40.25559,-3.8284667,10,False,1,1
2026-07-03T04:22:16Z,1081V21104C10,21104,C10,7,10103,10101,2026-07-03T06:31:00,17000,10200,A,40.552284,-3.8969665,10,False,4,2
2026-07-03T04:22:16Z,1081V21500C2,21500,C2,47,70101,70102,2026-07-03T06:27:00,70103,17000,E,40.44277,-3.5339844,10,False,2,2
2026-07-03T04:22:16Z,1081V20004C3,20004,C3,15,60103,60104,2026-07-03T06:26:00,60200,17000,22.0,40.23164,-3.697109,10,True,2,2
2026-07-03T04:22:16Z,1081V19534C5,19534,C5,0,35607,35606,2026-07-03T06:52:00,35012,35607,E,40.330883,-3.8823783,10,False,2,1
2026-07-03T04:22:16Z,1081V20411C4b,20411,C4b,6,18101,18002,2026-07-03T06:26:00,17005,37012,22.0,40.422985,-3.6990893,10,True,1,6
2026-07-03T04:22:16Z,1081V20410C4b,20410,C4b,0,17005,17004,2026-07-03T06:36:00,37012,17005,E,40.644844,-3.7762609,10,False,3,3
2026-07-03T04:22:16Z,1081V19545C5,19545,C5,3,35002,35010,2026-07-03T06:46:00,35607,35002,E,40.283237,-3.7991464,10,False,0,1
2026-07-03T04:22:16Z,1081V20013C3,20013,C3,0,60200,60105,2026-07-03T06:46:00,17000,60200,E,40.035027,-3.6189713,10,True,1,1
2026-07-03T04:22:16Z,1081V20012C3,20012,C3,0,17000,18002,2026-07-03T06:46:00,60200,17000,E,40.471382,-3.6834786,10,False,2,8
2026-07-03T04:22:16Z,1081V20214C4,20214,C4,0,37001,37010,2026-07-03T06:41:00,37012,37001,E,40.34132,-3.7123663,10,True,2,2
2026-07-03T04:22:16Z,1081V20002C3,20002,C3,23,60105,60200,2026-07-03T06:34:00,60200,17000,0.0,40.159317,-3.6098835,10,False,2,3
2026-07-03T04:22:16Z,1081V19530C5,19530,C5,0,35607,35606,2026-07-03T06:42:00,35012,35607,E,40.330883,-3.8823783,10,False,2,1
2026-07-03T04:22:16Z,1081V20409C4b,20409,C4b,2,17009,17003,2026-07-03T06:25:00,17005,18000,A,40.558834,-3.7141593,10,False,1,1
2026-07-03T04:22:16Z,1081V21303C10,21303,C10,26,18001,18002,2026-07-03T06:25:00,17000,10000,27.0,40.42975,-3.6892905,10,True,1,1
2026-07-03T04:22:16Z,1081V20213C4a,20213,C4a,0,18000,18101,2026-07-03T06:34:00,19003,18000,E,40.40654,-3.6895106,10,False,6,1
2026-07-03T04:22:16Z,1081V20212C4a,20212,C4a,0,60100,37001,2026-07-03T06:27:00,37012,19003,A,40.34132,-3.7123663,10,True,1,2
2026-07-03T04:22:16Z,1081V20211C4a,20211,C4a,1,18000,18101,2026-07-03T06:23:00,19003,37002,E,40.40654,-3.6895106,10,True,5,1
2026-07-03T04:22:16Z,1081V20210C4,20210,C4,0,37010,37002,2026-07-03T06:25:00,37012,37001,A,40.309868,-3.733689,10,True,2,2
2026-07-03T04:22:16Z,1081V20408C4b,20408,C4b,4,17005,17004,2026-07-03T06:28:00,37012,17005,1.0,40.644836,-3.7751462,10,False,3,3
2026-07-03T04:22:16Z,1081V20219C4a,20219,C4a,0,37012,37011,2026-07-03T06:46:00,19003,37012,E,40.24143,-3.769159,10,False,1,1
2026-07-03T04:22:16Z,1081V20407C4b,20407,C4b,15,17001,17009,2026-07-03T06:27:00,17005,37012,E,40.501648,-3.6821797,10,True,1,1
2026-07-03T04:22:16Z,1081V20218C4a,20218,C4a,2,19002,19001,2026-07-03T06:25:00,37012,19003,3.0,40.54773,-3.6551883,10,False,2,2
2026-07-03T04:22:16Z,1081V20406C4b,20406,C4b,2,17009,17001,2026-07-03T06:27:00,37012,17005,18.0,40.53567,-3.6990647,10,True,2,2
2026-07-03T04:22:16Z,1081V21306C10,21306,C10,0,17000,18002,2026-07-03T06:51:00,10100,17000,E,40.470848,-3.682503,10,False,8,4
2026-07-03T04:22:16Z,1081V20217C4a,20217,C4a,0,37012,37011,2026-07-03T06:31:00,19003,37012,E,40.24143,-3.769159,10,False,1,1
2026-07-03T04:22:16Z,1081V21305C10,21305,C10,10,10005,10007,2026-07-03T06:25:00,17000,10100,E,40.494404,-3.8680208,10,False,1,1
2026-07-03T04:22:16Z,1081V20009C3,20009,C3,7,60105,60104,2026-07-03T06:27:00,17000,60200,2.0,40.159317,-3.6098835,10,False,1,1
2026-07-03T04:22:16Z,1081V20404C4,20404,C4,0,37001,37010,2026-07-03T06:49:00,37012,37001,E,40.34132,-3.7123663,10,True,2,2
2026-07-03T04:22:16Z,1081V20008C3,20008,C3,0,18000,60100,2026-07-03T06:33:00,60200,17000,A,40.352676,-3.6839325,10,True,7,3
2026-07-03T04:22:16Z,1081V20216C4a,20216,C4a,3,17001,17000,2026-07-03T06:29:00,37012,19003,S,40.501648,-3.6821797,10,True,2,2
2026-07-03T04:22:16Z,1081V19508C5,19508,C5,0,35703,35704,2026-07-03T06:19:00,35012,35607,A,40.35043,-3.705141,10,False,2,2
2026-07-03T04:22:16Z,1081V19509C5,19509,C5,0,35604,35605,2026-07-03T06:19:00,35607,35012,A,40.3503,-3.8317595,10,False,2,2
2026-07-03T04:22:16Z,1081V19506C5,19506,C5,1,35001,35011,2026-07-03T06:19:00,35012,35607,A,40.312492,-3.78335,10,False,2,2
2026-07-03T04:22:16Z,1081V20007C3,20007,C3,6,60109,60101,2026-07-03T06:25:00,17000,60200,3.0,40.318535,-3.7097142,10,False,1,1
2026-07-03T04:22:16Z,1081V20006C3,20006,C3,2,60107,60101,2026-07-03T06:25:00,60200,17000,A,40.331753,-3.6989367,10,False,2,2
2026-07-03T04:22:16Z,1081V19505C5,19505,C5,0,35610,35606,2026-07-03T06:16:00,35607,35012,A,40.32875,-3.8636916,10,False,2,2
2026-07-03T04:22:16Z,1081V19510C5,19510,C5,1,18000,18003,2026-07-03T06:24:00,35012,35607,E,40.406326,-3.6896772,10,False,10,2
2026-07-03T04:22:16Z,1081V20402C4b,20402,C4b,6,18101,18000,2026-07-03T06:28:00,37012,17005,A,40.40654,-3.6895106,10,True,2,7
2026-07-03T04:22:16Z,1081V19537C5,19537,C5,7,35012,35002,2026-07-03T06:32:00,35607,35012,E,40.25559,-3.8284667,10,False,2,1
2026-07-03T04:22:16Z,1081V19539C5,19539,C5,0,35012,35002,2026-07-03T06:30:00,35607,35012,E,40.25559,-3.8284667,10,False,1,1
2026-07-03T04:22:16Z,1081V21605C2,21605,C2,15,70104,70107,2026-07-03T06:26:00,12006,70200,E,40.50538,-3.3352833,10,False,1,1
2026-07-03T04:22:16Z,1081V21603C2,21603,C2,15,70108,70100,2026-07-03T06:26:00,12006,70200,E,40.401035,-3.5957623,10,False,1,1
2026-07-03T04:22:16Z,1081V35975C2,35975,C2,2,70107,70103,2026-07-03T06:28:00,17000,70200,E,40.50538,-3.3352833,10,False,1,5
2026-07-03T04:22:16Z,1081V19809C1,19809,C1,0,98305,98304,2026-07-03T06:44:00,17000,98305,E,40.4924,-3.593483,10,False,2,1
2026-07-03T04:22:16Z,1081V19805C1,19805,C1,2,98003,17000,2026-07-03T06:29:00,17000,98305,E,40.484917,-3.6630294,10,False,1,8
2026-07-03T04:22:16Z,1081V19804C1,19804,C1,0,17000,98003,2026-07-03T06:39:00,98305,17000,E,40.47102,-3.6825693,10,False,12,2
2026-07-03T04:22:16Z,1081V19529C5,19529,C5,1,37001,35704,2026-07-03T06:24:00,35607,35012,E,40.34132,-3.7123663,10,False,4,1
2026-07-03T04:22:16Z,1081V19807C1,19807,C1,0,98305,98304,2026-07-03T06:29:00,17000,98305,E,40.4924,-3.593483,10,True,2,1
2026-07-03T04:22:16Z,1081V19806C1,19806,C1,0,17000,98003,2026-07-03T06:54:00,98305,17000,E,40.47102,-3.6825693,10,False,12,2
2026-07-03T04:22:16Z,1081V19526C5,19526,C5,0,35607,35606,2026-07-03T06:31:00,35012,35607,E,40.330883,-3.8823783,10,False,2,1
2026-07-03T04:22:16Z,1081V19525C5,19525,C5,2,35702,18003,2026-07-03T06:27:00,35607,35012,A,40.39592,-3.6779969,10,False,1,1
2026-07-03T04:22:16Z,1081V19513C5,19513,C5,1,35600,35601,2026-07-03T06:20:00,35607,35012,S,40.386257,-3.7610443,10,False,2,2
2026-07-03T04:22:16Z,1081V20222C4a,20222,C4a,0,19003,19002,2026-07-03T06:44:00,37012,19003,E,40.546417,-3.6351175,10,True,2,2
2026-07-03T04:22:16Z,1081V19512C5,19512,C5,2,35608,35609,2026-07-03T06:27:00,35012,35607,A,40.405067,-3.7026901,10,False,1,1
2026-07-03T04:22:16Z,1081V20221C4a,20221,C4a,0,37012,37011,2026-07-03T06:56:00,19003,37012,E,40.24143,-3.769159,10,False,1,1
2026-07-03T04:22:16Z,1081V20220C4a,20220,C4a,0,19003,19002,2026-07-03T06:33:00,37012,19003,E,40.546417,-3.6351175,10,True,2,2
2026-07-03T04:22:16Z,1081V19519C5,19519,C5,0,18000,35609,2026-07-03T06:24:00,35607,35012,E,40.406326,-3.6896772,10,False,9,2
2026-07-03T04:22:16Z,1081V21004C8a,21004,C8a,0,10203,10202,2026-07-03T06:54:00,70200,10203,E,40.58532,-4.1321955,10,False,3,2
2026-07-03T04:22:16Z,1081V19802C1,19802,C1,2,17000,98003,2026-07-03T06:26:00,98305,17000,2.0,40.476223,-3.6804338,10,False,12,2
2026-07-03T04:22:16Z,1081V19533C5,19533,C5,1,35011,35001,2026-07-03T06:27:00,35607,35012,A,40.328766,-3.7714624,10,False,1,1
2026-07-03T04:22:16Z,1081V21003C8a,21003,C8a,3,17000,97201,2026-07-03T06:38:00,10203,17000,E,40.47113,-3.6828332,10,False,11,1
2026-07-03T04:22:16Z,1081V21002C8a,21002,C8a,0,10203,10202,2026-07-03T06:28:00,70103,10203,E,40.58532,-4.1321955,10,False,3,2
2026-07-03T04:22:16Z,1081V20005C3,20005,C3,9,60100,18000,2026-07-03T06:32:00,17000,60200,S,40.352676,-3.6839325,10,True,4,5
2026-07-03T04:22:16Z,1081V21001C8a,21001,C8a,11,97100,10100,2026-07-03T06:32:00,10203,17000,10.0,40.49341,-3.742226,10,False,1,3
2026-07-03T04:22:16Z,1081V21000C8a,21000,C8a,5,10100,97100,2026-07-03T06:33:00,70200,10203,E,40.522522,-3.8817465,10,False,4,2
2026-07-03T04:27:08Z,3081V23506C1,23506,C1,4,50602,50700,2026-07-03T06:31:52,51200,50600,A,37.58964,-5.7261076,30,False,2,2
2026-07-03T04:27:08Z,3081V23507C1,23507,C1,0,51200,51112,2026-07-03T06:40:00,50600,51200,A,37.27829,-5.9103913,30,False,6,1
2026-07-03T04:27:08Z,3081V23703C5,23703,C5,0,43005,43004,2026-07-03T06:42:00,51103,43005,A,37.381527,-6.193782,30,False,5,
2026-07-03T04:27:08Z,3081V23508C1,23508,C1,0,50600,50602,2026-07-03T06:49:00,51200,50600,,37.58157,-5.6699624,30,False,4,1
2026-07-03T04:27:08Z,3081V23505C1,23505,C1,6,51113,51110,2026-07-03T06:29:26,50600,51200,E,37.332863,-5.963986,30,False,1,1
2026-07-03T04:27:08Z,3081V23509C1,23509,C1,0,51203,51202,2026-07-03T06:28:00,50600,51203,93.0,37.011353,-5.957384,30,False,,1
2026-07-03T04:27:08Z,3081V23504C1,23504,C1,3,50702,50704,2026-07-03T06:29:32,51200,50700,59.0,37.510853,-5.905729,30,False,,2
2026-07-03T04:27:08Z,3081V23502C1,23502,C1,6,51112,51200,2026-07-03T06:32:55,51200,51003,47.0,37.236446,-5.852206,30,False,,4
2026-07-03T04:27:08Z,3081V23701C5,23701,C5,13,43003,43027,2026-07-03T06:33:36,51103,43005,E,37.407234,-6.1482654,30,False,3,
2026-07-03T04:27:08Z,3081V23102C3,23102,C3,0,40119,40121,2026-07-03T06:37:00,51003,40119,A,37.635468,-5.731041,30,False,1,1
2026-07-03T04:27:08Z,3181V23201C1,23201,C1,0,51419,51406,2026-07-03T06:32:00,51205,51405,A,36.46808,-6.206758,31,False,1,1
2026-07-03T04:27:08Z,3181V23200C1,23200,C1,0,51400,51417,2026-07-03T06:30:00,51405,51300,A,36.58479,-6.216128,31,False,2,2
2026-07-03T04:27:08Z,3181V23422T1,23422,T1,0,51461,51462,2026-07-03T06:31:00,51405,51450,A,36.458195,-6.2035084,31,False,2,2
2026-07-03T04:27:08Z,3181V23421T1,23421,T1,0,51462,51461,2026-07-03T06:30:00,51450,51405,A,36.460472,-6.201059,31,False,1,1
2026-07-03T04:27:08Z,3281V23302C1,23302,C1,-1,54510,54519,2026-07-03T06:28:39,54517,54516,A,36.613625,-4.509399,32,False,,1
2026-07-03T04:27:08Z,3281V23305C1,23305,C1,4,54511,54512,2026-07-03T06:32:31,54516,54517,A,36.582317,-4.5670233,32,False,2,1
2026-07-03T04:27:08Z,3281V23150C2,23150,C2,0,54405,54406,2026-07-03T06:42:00,54517,54405,A,36.764214,-4.7120004,32,False,1,
2026-07-03T04:27:08Z,4081V24201C1,24201,C1,-2,69104,69105,2026-07-03T06:39:53,69110,65000,A,39.079094,-0.22619021,40,False,,1
2026-07-03T04:27:08Z,4081V24200C1,24200,C1,-2,64200,64201,2026-07-03T06:31:59,65000,69110,A,39.399967,-0.3990348,40,False,,2
2026-07-03T04:27:08Z,4081V24004C2,24004,C2,2,64006,64100,2026-07-03T06:32:50,65000,64006,4.0,38.96917,-0.5866923,40,False,3,2
2026-07-03T04:27:08Z,4081V24003C2,24003,C2,1,64210,64200,2026-07-03T06:29:01,64006,65000,36.0,39.38107,-0.4070447,40,False,1,3
2026-07-03T04:27:08Z,4081V24300C6,24300,C6,-1,65006,65007,2026-07-03T06:29:04,65300,65000,E,39.55572,-0.3181359,40,False,,2
2026-07-03T04:27:08Z,4081V84006C2,84006,C2,0,64003,64004,2026-07-03T06:43:00,64100,64003,,38.878082,-0.7535829,40,False,,
2026-07-03T04:27:08Z,4081V24202C1,24202,C1,3,69105,69104,2026-07-03T06:36:10,65000,69110,17.0,39.095646,-0.23522416,40,False,,2
2026-07-03T04:27:08Z,4081V24005C2,24005,C2,0,65000,64203,2026-07-03T06:37:00,64100,65000,,39.466305,-0.37739235,40,False,,1
2026-07-03T04:27:08Z,4081V24302C6,24302,C6,-1,65002,65003,2026-07-03T06:32:24,65312,65000,E,39.441483,-0.37143394,40,False,,
2026-07-03T04:27:08Z,4081V76600C3,76600,C3,0,66209,66211,2026-07-03T06:33:49,65002,66206,33.0,39.47307,-0.53445226,40,False,,
2026-07-03T04:27:08Z,4081V76654C3,76654,C3,0,66214,66211,2026-07-03T06:31:46,66200,65000,A,39.461178,-0.46325022,40,False,1,
2026-07-03T04:27:08Z,4081V24000C2,24000,C2,0,64202,64203,2026-07-03T06:28:00,65000,64006,E,39.409157,-0.39521617,40,False,,2
2026-07-03T04:27:08Z,4081V24203C1,24203,C1,0,64203,64202,2026-07-03T06:28:43,69110,65000,46.0,39.42246,-0.39274746,40,False,,1
2026-07-03T04:27:08Z,4081V24204C1,24204,C1,0,69110,69107,2026-07-03T06:36:00,65000,69110,A,39.02619,-0.21494265,40,False,1,
2026-07-03T04:27:08Z,4081V24303C6,24303,C6,0,65209,65208,2026-07-03T06:28:24,65000,65300,E,39.954987,-0.07685744,40,False,,1
2026-07-03T04:27:08Z,4081V24304C6,24304,C6,0,65000,65002,2026-07-03T06:46:00,65300,65000,,39.465065,-0.37811995,40,False,,
2026-07-03T04:27:08Z,4081V24380C6,24380,C6,-1,65200,65206,2026-07-03T06:41:47,65312,65000,E,39.675564,-0.27121595,40,False,,2
2026-07-03T04:27:08Z,4081V24001C2,24001,C2,1,64007,64100,2026-07-03T06:33:33,64006,65000,28.0,39.027714,-0.47706214,40,False,,1
2026-07-03T04:27:08Z,4081V76656C3,76656,C3,1,65000,65002,2026-07-03T06:33:25,66206,65000,10.0,39.46295,-0.3783684,40,False,3,4B
2026-07-03T04:27:08Z,5181V33520RL4,15620,RL4,2,78503,78504,2026-07-03T06:37:43,78600,78400,E,41.730125,1.5151927,50,False,,
2026-07-03T04:27:08Z,5181V30530R15,15030,R15,0,71300,71302,2026-07-03T06:46:00,79400,71300,,41.106712,0.6533784,50,False,,
2026-07-03T04:27:08Z,5181V28468R2,28468,R2,0,79011,79005,2026-07-03T06:28:45,71705,79100,E,41.510384,2.1998255,50,True,,2
2026-07-03T04:27:08Z,5181V28506R2,28506,R2,4,71705,71706,2026-07-03T06:30:35,79100,71600,E,41.27877,1.9793723,50,True,2,
2026-07-03T04:27:08Z,5181V28264R2S,28264,R2S,8,71708,71801,2026-07-03T06:32:51,79400,71600,E,41.35488,2.1156967,50,False,,
2026-07-03T04:27:08Z,5181V77980R4,77980,R4,1,78604,78605,2026-07-03T06:31:37,72305,78600,A,41.628757,1.8689924,50,True,,2
2026-07-03T04:27:08Z,5181V77706R4,77706,R4,3,78709,78704,2026-07-03T06:27:56,72209,78700,72.0,41.55334,2.1127348,50,False,,2
2026-07-03T04:27:08Z,5181V28265R2S,28265,R2S,4,71707,71709,2026-07-03T06:34:37,71700,79400,A,41.30931,2.0274873,50,True,1,
2026-07-03T04:27:08Z,5181V77982R4,77982,R4,-7,78600,78604,2026-07-03T06:34:05,72305,78600,E,41.72026,1.826487,50,True,,2
2026-07-03T04:27:08Z,5181V28263R2S,28263,R2S,3,71701,71700,2026-07-03T06:31:53,71700,79400,E,41.23921,1.8097008,50,True,,
2026-07-03T04:27:08Z,5181V77502R4,77502,R4,2,72205,72204,2026-07-03T06:29:49,71600,78700,E,41.370678,1.7253983,50,False,,1
2026-07-03T04:27:08Z,5181V25606R1,25606,R1,4,79410,79409,2026-07-03T06:29:06,72305,79603,33.0,41.49525,2.3787603,50,False,2,2
2026-07-03T04:27:08Z,5181V25608R1,25608,R1,-1,79601,79600,2026-07-03T06:29:26,72305,79606,E,41.586533,2.5813315,50,False,,2
2026-07-03T04:27:08Z,5181V15002R15,15002,R15,-2,71500,71502,2026-07-03T06:33:25,79400,71400,E,41.11129,1.2534051,50,True,,
2026-07-03T04:27:08Z,5181V77702R4,77702,R4,1,72301,72300,2026-07-03T06:32:40,72209,78800,7.0,41.38308,2.0479817,50,True,1,1
2026-07-03T04:27:08Z,5181V77504R4,77504,R4,0,72210,72209,2026-07-03T06:29:42,71600,78700,E,41.473316,1.967515,50,False,,1
2026-07-03T04:27:08Z,5181V77704R4,77704,R4,-2,78804,78805,2026-07-03T06:29:27,72209,78800,A,41.387875,2.1697214,50,False,,2
2026-07-03T04:27:08Z,5181V77506R4,77506,R4,-2,72305,72303,2026-07-03T06:31:19,71600,78700,A,41.357582,2.070575,50,True,,1
2026-07-03T04:27:08Z,5181V25704R1,25704,R1,1,79403,79009,2026-07-03T06:36:39,72305,79500,A,41.408962,2.187447,50,True,2,3
2026-07-03T04:27:08Z,5181V25400R2,25400,R2,10,79101,79102,2026-07-03T06:29:44,79104,71700,12.0,41.600082,2.2916722,50,True,1,1
2026-07-03T04:27:08Z,5181V25600R1,25600,R1,0,79605,79608,2026-07-03T06:30:21,72305,79200,A,41.62999,2.7159991,50,False,,1
2026-07-03T04:27:08Z,5181V25706R1,25706,R1,0,79500,79412,2026-07-03T06:35:00,72305,79500,A,41.50672,2.4016483,50,True,5,2
2026-07-03T04:27:08Z,5181V25402R2N,25402,R2N,-2,71801,71802,2026-07-03T06:32:31,79104,72400,E,41.37954,2.1411655,50,True,,
2026-07-03T04:27:08Z,5181V25404R2N,25404,R2N,0,72400,71707,2026-07-03T06:45:00,79104,72400,,41.30425,2.0733776,50,True,1,4
2026-07-03T04:27:08Z,5181V25601R1,25601,R1,1,79407,79408,2026-07-03T06:29:51,79200,72305,E,41.47691,2.310406,50,False,1,1
2026-07-03T04:27:08Z,5181V25503R2S,25503,R2S,6,79400,71802,2026-07-03T06:34:26,71600,79400,26.0,41.391254,2.1931655,50,False,,
2026-07-03T04:27:08Z,5181V25700R1,25700,R1,0,79600,79502,2026-07-03T06:43:00,72305,79600,A,41.568428,2.5260491,50,False,,2
2026-07-03T04:27:08Z,5181V25604R1,25604,R1,1,78804,78805,2026-07-03T06:28:55,72305,79603,10.0,41.391903,2.1806395,50,True,2,2
2026-07-03T04:27:08Z,5181V25502R2S,25502,R2S,5,71701,71703,2026-07-03T06:36:06,79400,71600,A,41.254333,1.9026438,50,False,2,
2026-07-03T04:27:08Z,5181V25703R1,25703,R1,1,79009,79403,2026-07-03T06:37:07,79600,72305,A,41.42436,2.2305613,50,False,4,1
2026-07-03T04:27:08Z,5181V25603R1,25603,R1,2,71801,78805,2026-07-03T06:30:42,79606,72305,10.0,41.379536,2.1411612,50,False,9,1
2026-07-03T04:27:08Z,5181V28408R2N,28408,R2N,0,79106,79105,2026-07-03T06:32:20,72400,79200,A,41.718403,2.5386956,50,True,2,2
2026-07-03T04:27:08Z,5181V78288R2,78288,R2,4,79005,79011,2026-07-03T06:29:15,79200,71700,28.0,41.492367,2.1895113,50,True,1,1
2026-07-03T04:27:08Z,5181V25612R1,25612,R1,0,79200,79607,2026-07-03T06:46:00,72305,79200,28.0,41.77248,2.673545,50,False,,1
2026-07-03T04:27:08Z,5181V28406R2N,28406,R2N,1,79109,79100,2026-07-03T06:29:09,72400,79104,E,41.617252,2.2944446,50,True,2,2
2026-07-03T04:27:08Z,5181V77400R4,77400,R4,0,71801,78805,2026-07-03T06:32:09,78600,71600,A,41.387875,2.1697214,50,False,10,1
2026-07-03T04:27:08Z,5181V77402R4,77402,R4,2,72210,72211,2026-07-03T06:34:16,78600,71600,A,41.43529,2.0024726,50,False,2,2
2026-07-03T04:27:08Z,5181V77600R4,77600,R4,0,78609,78607,2026-07-03T06:33:15,78600,72209,A,41.587044,1.9165112,50,False,1,1
2026-07-03T04:27:08Z,5181V77404R4,77404,R4,4,72204,72205,2026-07-03T06:30:44,78600,71600,E,41.344524,1.7035463,50,False,2,2
2026-07-03T04:27:08Z,5181V77602R4,77602,R4,4,78708,78707,2026-07-03T06:31:11,78600,72209,A,41.481228,2.1669743,50,False,1,1
2026-07-03T04:27:08Z,5181V77310R3,77310,R3,2,77104,77103,2026-07-03T06:32:41,77102,77109,7.0,41.756973,2.2487822,50,False,1,1
2026-07-03T04:27:08Z,5181V28252R2S,28252,R2S,0,71700,71701,2026-07-03T06:41:00,79400,71700,,41.219913,1.7308453,50,False,,
2026-07-03T04:27:08Z,5181V78600R8,78600,R8,0,72501,72502,2026-07-03T06:44:00,79100,72501,A,41.48115,2.079668,50,True,4,1
2026-07-03T04:27:08Z,5181V77406R4,77406,R4,1,71600,72201,2026-07-03T06:32:41,78600,71600,20.0,41.18831,1.5329709,50,False,,2
2026-07-03T04:27:08Z,5181V78848R11,15850,R11,0,79309,79303,2026-07-03T07:00:00,71801,79309,,42.265114,2.968971,50,True,,
2026-07-03T04:27:08Z,5181V28404R2N,28404,R2N,1,79009,71802,2026-07-03T06:31:37,72400,79104,E,41.409042,2.1873875,50,True,1,
2026-07-03T04:27:08Z,5181V77510R4,77510,R4,1,78610,78700,2026-07-03T06:30:09,72204,78600,24.0,41.56305,1.9829674,50,False,2,1
2026-07-03T04:27:08Z,5181V77314R3,77314,R3,1,77114,77113,2026-07-03T06:29:53,77102,77200,44.0,42.117588,2.2032278,50,False,,1
2026-07-03T04:27:08Z,5181V28402R2N,28402,R2N,5,71707,72400,2026-07-03T06:30:41,72400,79100,40.0,41.321377,2.0624795,50,True,,1
2026-07-03T04:27:08Z,6081V26006C2,26006,C2,3,13508,13504,2026-07-03T06:27:10,13200,13506,E,43.319363,-3.0674317,60,False,,1
2026-07-03T04:27:08Z,6081V26005C2,26005,C2,3,13504,13508,2026-07-03T06:29:29,13506,13200,E,43.31141,-3.0604117,60,False,3,1
2026-07-03T04:27:08Z,6081V26004C2,26004,C2,2,13303,13208,2026-07-03T06:29:27,13200,13506,A,43.26169,-2.948731,60,False,2,2
2026-07-03T04:27:08Z,6081V71581C5,71581,C5,0,05497,05493,2026-07-03T06:51:00,05473,05497,A,43.24123,-3.250515,60,False,4,1
2026-07-03T04:27:08Z,6081V26105C1,26105,C1,3,13402,13403,2026-07-03T06:28:17,13405,13200,41.0,43.312733,-3.004488,60,False,1,1
2026-07-03T04:27:08Z,6081V26009C2,26009,C2,0,13200,13205,2026-07-03T06:39:00,13506,13200,A,43.256733,-2.9322033,60,False,2,1
2026-07-03T04:27:08Z,6081V26106C1,26106,C1,1,13402,13401,2026-07-03T06:27:48,13200,13405,65.0,43.310356,-2.997535,60,False,,2
2026-07-03T04:27:08Z,6081V26504C3,26504,C3,0,13106,13104,2026-07-03T06:28:34,13100,13200,A,43.132793,-2.9697878,60,False,,2
2026-07-03T04:27:08Z,6081V26008C2,26008,C2,0,13506,13505,2026-07-03T06:41:00,13200,13506,A,43.315636,-3.0911126,60,False,1,1
2026-07-03T04:27:08Z,6081V26107C1,26107,C1,0,13200,13205,2026-07-03T06:28:00,13405,13200,A,43.256733,-2.9322033,60,False,1,1
2026-07-03T04:27:08Z,6081V26602C3,26602,C3,2,13110,13115,2026-07-03T06:26:58,13106,13200,E,43.17912,-2.9028738,60,False,,2
2026-07-03T04:27:08Z,6081V26503C3,26503,C3,1,13114,13119,2026-07-03T06:26:55,13200,13100,E,43.24241,-2.9163692,60,False,,1
2026-07-03T04:27:08Z,6081V26506C3,26506,C3,-1,13114,13113,2026-07-03T06:29:16,13100,13200,E,43.24241,-2.9163692,60,False,,2
2026-07-03T04:27:08Z,6081V26007C2,26007,C2,0,13304,13305,2026-07-03T06:28:14,13506,13200,44.0,43.28123,-2.975953,60,False,,1
2026-07-03T04:27:08Z,6081V26505C3,26505,C3,1,13103,13104,2026-07-03T06:30:50,13200,13100,E,43.0935,-2.9995618,60,False,,1
2026-07-03T04:27:08Z,6081V26601C3,26601,C3,-2,13110,13111,2026-07-03T06:32:27,13200,13106,E,43.17912,-2.9028738,60,False,,1
2026-07-03T04:27:08Z,6081V71505C4,71505,C4,0,05485,05483,2026-07-03T06:37:00,05451,05485,A,43.196415,-3.1899889,60,False,1,1
2026-07-03T04:27:08Z,6081V26508C3,26508,C3,0,13200,13120,2026-07-03T06:43:00,13100,13200,A,43.25035,-2.930641,60,False,3,2
2026-07-03T04:27:08Z,6081V71503C4,71503,C4,-2,05467,05465,2026-07-03T06:33:10,05451,05485,A,43.222702,-3.024937,60,False,1,1
2026-07-03T04:27:08Z,6081V26507C3,26507,C3,0,13100,13116,2026-07-03T06:39:00,13200,13100,A,43.035866,-3.0039182,60,False,2,1
2026-07-03T04:27:08Z,6081V71501C4,71501,C4,3,05459,05457,2026-07-03T06:26:21,05451,05485,E,43.26192,-2.9729826,60,False,,1
2026-07-03T04:27:08Z,6081V71502C4,71502,C4,0,05451,13206,2026-07-03T06:40:00,05485,05451,A,43.254723,-2.9436562,60,False,4,2AM
2026-07-03T04:27:08Z,6081V71500C4,71500,C4,3,05463,05465,2026-07-03T06:29:24,05485,05451,E,43.233356,-3.0159066,60,False,,1
2026-07-03T04:27:08Z,6181V32702C1,32702,C1,-1,11515,11514,2026-07-03T06:30:37,11305,11600,A,43.31916,-1.9170784,61,False,,2
2026-07-03T04:27:08Z,6181V35600C1,35600,C1,0,11600,11518,2026-07-03T06:43:00,11511,11600,A,43.330643,-1.8169186,61,False,,2
2026-07-03T04:27:08Z,6181V32769C1,32769,C1,-1,11514,11515,2026-07-03T06:28:30,11600,11400,E,43.31945,-1.9370648,61,False,,1
2026-07-03T04:27:08Z,6181V32700C1,32700,C1,0,11500,11409,2026-07-03T06:33:03,11305,11600,A,43.10187,-2.0972357,61,False,2,2
2026-07-03T04:27:08Z,6181V32770C1,32770,C1,1,11404,11402,2026-07-03T06:30:51,11400,11516,37.0,43.05122,-2.2212605,61,False,,2
2026-07-03T04:27:08Z,6181V32701C1,32701,C1,6,11400,11402,2026-07-03T06:29:46,11600,11305,66.0,43.0592,-2.2791326,61,False,,1
2026-07-03T04:27:08Z,6281V71152C2,71152,C2,2,05621,05620,2026-07-03T06:27:49,05637,14223,A,43.351936,-4.056961,62,True,,1
2026-07-03T04:27:08Z,6281V71103C2,71103,C2,1,05613,05611,2026-07-03T06:30:47,14223,05623,E,43.409706,-3.988606,62,True,2,2
2026-07-03T04:27:08Z,6281V71151C2,71151,C2,5,05635,05633,2026-07-03T06:29:57,14223,05637,E,43.315296,-4.2153883,62,True,,1
2026-07-03T04:27:08Z,6281V35902C1,26902,C1,1,14218,14217,2026-07-03T06:28:29,14210,14223,E,43.391594,-3.859592,62,True,,1
2026-07-03T04:27:08Z,6281V81350C3,81350,C3,0,05671,05669,2026-07-03T06:39:00,05657,05671,A,43.35062,-3.7071943,62,True,1,
2026-07-03T04:27:08Z,6281V35901C1,26901,C1,0,14216,14217,2026-07-03T06:44:00,14223,14216,A,43.376785,-3.8942277,62,True,11,1
2026-07-03T04:27:08Z,6281V81301C3,81301,C3,0,05657,05658,2026-07-03T06:43:00,05665,05657,A,43.39739,-3.8149183,62,True,1,
2026-07-03T04:27:08Z,6281V71105C2,71105,C2,0,05623,05622,2026-07-03T06:34:00,14223,05623,A,43.35649,-4.0702353,62,True,3,1
2026-07-03T04:27:08Z,6281V71104C2,71104,C2,3,05613,05615,2026-07-03T06:28:54,05623,14223,40.0,43.40123,-3.9944456,62,True,,1
2026-07-03T04:27:08Z,6281V71201C3,71201,C3,0,14223,05602,2026-07-03T06:33:00,05658,14223,A,43.452858,-3.828213,62,True,7AM,7
2026-07-03T04:27:08Z,6281V71154C2,71154,C2,0,14223,05602,2026-07-03T06:33:00,05637,14223,A,43.452877,-3.8282192,62,True,1AM,2
2026-07-03T04:27:08Z,6281V71301C3,71301,C3,2,05651,05652,2026-07-03T06:28:49,05657,14223,57.0,43.43269,-3.8454204,62,True,,1
2026-07-03T04:27:08Z,4681V70150C1,70150,C1,0,05139,05137,2026-07-03T06:38:00,21010,05139,A,43.668777,-7.854545,46,False,7,
2026-07-03T04:27:08Z,4781V71080C1,71080,C1,0,05805,05793,2026-07-03T06:27:00,05803,05761,S,42.864628,-5.334471,47,False,,
2026-07-03T04:27:08Z,4781V71091C1,71091,C1,0,05756,05754,2026-07-03T06:38:00,05753,05761,16.0,42.780655,-4.903275,47,False,,2
2026-07-03T04:27:08Z,4181V84904C2,84904,C2,0,07004,07007,2026-07-03T06:47:00,61200,07004,E,37.40992,-1.5725332,41,False,1,1
2026-07-03T04:27:08Z,4181V24702C1,24702,C1,0,61200,62002,2026-07-03T07:08:00,60911,61200,E,37.974686,-1.131078,41,False,2,4
2026-07-03T04:27:08Z,4181V24701C1,24701,C1,0,62101,62100,2026-07-03T06:39:00,61200,60911,A,38.16702,-0.83807987,41,False,1,3
2026-07-03T04:27:08Z,4181V24703C1,24703,C1,0,60911,62109,2026-07-03T06:39:00,61200,60911,E,38.34553,-0.49576503,41,False,1,1
2026-07-03T04:27:08Z,4181V24700C1,24700,C1,0,62100,62101,2026-07-03T06:30:00,60911,61200,63.0,38.20863,-0.8072071,41,False,3,3
2026-07-03T04:27:08Z,1081V21804C7,21804,C7,17,10000,10001,2026-07-03T06:30:00,70103,10000,27.0,40.433624,-3.7347436,10,False,2,2
2026-07-03T04:27:08Z,1081V21509C2,21509,C2,1,70200,70105,2026-07-03T06:34:00,10203,70200,13.0,40.633373,-3.193065,10,False,3,1
2026-07-03T04:27:08Z,1081V20419C4b,20419,C4b,0,37012,37011,2026-07-03T06:38:00,17005,37012,E,40.24143,-3.769159,10,True,2,1
2026-07-03T04:27:08Z,1081V20417C4b,20417,C4b,1,37002,37010,2026-07-03T06:31:00,17005,37002,E,40.309868,-3.733689,10,True,1,1
2026-07-03T04:27:08Z,1081V21802C7,21802,C7,2,18002,18001,2026-07-03T06:30:00,70103,17000,27.0,40.440037,-3.6915457,10,True,2,2
2026-07-03T04:27:08Z,1081V20712C5,20712,C5,0,35610,35605,2026-07-03T06:30:00,35002,35607,A,40.3503,-3.8317595,10,False,1,1
2026-07-03T04:27:08Z,1081V21800C7,21800,C7,38,17000,18002,2026-07-03T06:31:00,70103,17000,E,40.47113,-3.6828332,10,False,7,2
2026-07-03T04:27:08Z,1081V20708C5,20708,C5,0,35602,35601,2026-07-03T06:28:00,35002,35607,A,40.38357,-3.7686734,10,False,0,1
2026-07-03T04:27:08Z,1081V21506C2,21506,C2,16,70108,70101,2026-07-03T06:31:00,70200,17000,2.0,40.423397,-3.561349,10,False,2,2
2026-07-03T04:27:08Z,1081V20707C5,20707,C5,1,37001,35704,2026-07-03T06:30:00,35607,35002,E,40.34132,-3.7123663,10,False,4,1
2026-07-03T04:27:08Z,1081V20720C5,20720,C5,0,35607,35606,2026-07-03T06:47:00,35002,35607,E,40.330883,-3.8823783,10,False,2,1
2026-07-03T04:27:08Z,1081V21505C2,21505,C2,4,70103,70111,2026-07-03T06:41:00,17000,70200,E,40.330883,-3.8823783,10,False,4,1
2026-07-03T04:27:08Z,1081V20209C4a,20209,C4a,12,17000,17001,2026-07-03T06:30:00,19003,37012,27.0,40.479656,-3.68032,10,True,4,1
2026-07-03T04:27:08Z,1081V20208C4,20208,C4,5,37011,37012,2026-07-03T06:34:00,37012,17000,E,40.288372,-3.7373493,10,True,2,1
2026-07-03T04:27:08Z,1081V20415C4b,20415,C4b,3,37001,60100,2026-07-03T06:31:00,17005,37012,2.0,40.34132,-3.7123663,10,True,1,2
2026-07-03T04:27:08Z,1081V21813C7,21813,C7,0,70103,70111,2026-07-03T06:57:00,10000,70103,E,40.4889,-3.3666708,10,False,5,1
2026-07-03T04:27:08Z,1081V20602C8b,20602,C8b,0,12006,12005,2026-07-03T06:33:00,70200,12006,E,40.737614,-4.0662985,10,True,2,1
2026-07-03T04:27:08Z,1081V20206C4,20206,C4,5,37012,37012,2026-07-03T06:26:00,37012,37001,A,40.24143,-3.769159,10,True,2,2
2026-07-03T04:27:08Z,1081V21811C7,21811,C7,0,70103,70111,2026-07-03T06:32:00,10000,70103,E,40.4889,-3.3666708,10,False,5,1
2026-07-03T04:27:08Z,1081V20601C8b,20601,C8b,6,97200,97100,2026-07-03T06:30:00,12006,17000,E,40.49988,-3.7092934,10,False,1,1
2026-07-03T04:27:08Z,1081V20600C8b,20600,C8b,0,10104,10103,2026-07-03T06:32:00,70200,12006,A,40.574413,-3.9567041,10,False,2,2
2026-07-03T04:27:08Z,1081V20718C5,20718,C5,0,35607,35606,2026-07-03T06:37:00,35002,35607,E,40.330883,-3.8823783,10,False,2,1
2026-07-03T04:27:08Z,1081V20412C4b,20412,C4b,0,17005,17004,2026-07-03T06:46:00,37012,17005,E,40.644844,-3.7762609,10,True,3,3
2026-07-03T04:27:08Z,1081V21504C2,21504,C2,24,70101,70102,2026-07-03T06:32:00,70200,18002,2.0,40.44277,-3.5339844,10,False,2,2
2026-07-03T04:27:08Z,1081V21501C2,21501,C2,2,18002,17000,2026-07-03T06:34:00,10203,70200,E,40.44655,-3.691473,10,False,1,10
2026-07-03T04:27:08Z,1081V20015C3,20015,C3,0,60200,60105,2026-07-03T07:00:00,17000,60200,E,40.035027,-3.6189713,10,False,1,1
2026-07-03T04:27:08Z,1081V19543C5,19543,C5,0,35012,35002,2026-07-03T06:40:00,35607,35012,E,40.25559,-3.8284667,10,False,1,1
2026-07-03T04:27:08Z,1081V20414C4b,20414,C4b,0,17005,17004,2026-07-03T06:59:00,37012,17005,E,40.644844,-3.7762609,10,False,3,3
2026-07-03T04:27:08Z,1081V21104C10,21104,C10,8,10103,10101,2026-07-03T06:32:00,17000,10200,2.0,40.569386,-3.9479008,10,False,2,2
2026-07-03T04:27:08Z,1081V21503C2,21503,C2,15,70101,70108,2026-07-03T06:31:00,17000,70200,2.0,40.442623,-3.5346646,10,False,1,1
2026-07-03T04:27:08Z,1081V21500C2,21500,C2,47,70102,70112,2026-07-03T06:31:00,70103,17000,E,40.454636,-3.4796963,10,False,2,2
2026-07-03T04:27:08Z,1081V21106C10,21106,C10,0,10200,10104,2026-07-03T06:48:00,17000,10200,E,40.62599,-4.0081153,10,False,4,2
2026-07-03T04:27:08Z,1081V20413C4b,20413,C4b,0,18000,18101,2026-07-03T06:30:00,17005,37012,E,40.40654,-3.6895106,10,True,5,1
2026-07-03T04:27:08Z,1081V36202C10,36202,C10,0,17000,18002,2026-07-03T06:36:00,10200,17000,E,40.470848,-3.682503,10,False,8,4
2026-07-03T04:27:08Z,1081V21182C10,21182,C10,4,10203,10202,2026-07-03T07:01:00,17000,10203,E,40.626007,-4.008192,10,False,2,2
2026-07-03T04:27:08Z,1081V19549C5,19549,C5,0,35012,35002,2026-07-03T06:50:00,35607,35012,E,40.25559,-3.8284667,10,False,1,1
2026-07-03T04:27:08Z,1081V20423C4b,20423,C4b,0,37012,37011,2026-07-03T07:03:00,17005,37012,E,40.24143,-3.769159,10,True,2,1
2026-07-03T04:27:08Z,1081V21512C2,21512,C2,8,18001,18000,2026-07-03T06:32:00,70200,17000,E,40.42352,-3.6912522,10,False,2,3
2026-07-03T04:27:08Z,1081V21511C2,21511,C2,0,70200,70105,2026-07-03T06:50:00,17000,70200,E,40.644257,-3.1823237,10,False,1,1
2026-07-03T04:27:08Z,1081V20411C4b,20411,C4b,6,18002,17000,2026-07-03T06:33:00,17005,37012,1.0,40.44688,-3.6920621,10,True,6,5
2026-07-03T04:27:08Z,1081V20421C4b,20421,C4b,0,37012,37011,2026-07-03T06:50:00,17005,37012,E,40.24143,-3.769159,10,False,2,1
2026-07-03T04:27:08Z,1081V20410C4b,20410,C4b,0,17005,17004,2026-07-03T06:36:00,37012,17005,E,40.644844,-3.7762609,10,False,3,3
2026-07-03T04:27:08Z,1081V19545C5,19545,C5,3,35002,35010,2026-07-03T06:46:00,35607,35002,E,40.283237,-3.7991464,10,False,0,1
2026-07-03T04:27:08Z,1081V21510C2,21510,C2,4,70002,70003,2026-07-03T06:29:00,70200,17000,E,40.381775,-3.6681283,10,True,2,2
2026-07-03T04:27:08Z,1081V20013C3,20013,C3,0,60200,60105,2026-07-03T06:46:00,17000,60200,E,40.035027,-3.6189713,10,True,1,1
2026-07-03T04:27:08Z,1081V20012C3,20012,C3,0,17000,18002,2026-07-03T06:46:00,60200,17000,E,40.471382,-3.6834786,10,False,2,8
2026-07-03T04:27:08Z,1081V19553C5,19553,C5,0,35012,35002,2026-07-03T06:56:00,35607,35012,E,40.25559,-3.8284667,10,False,1,1
2026-07-03T04:27:08Z,1081V35980C2,35980,C2,0,17000,98003,2026-07-03T06:43:00,70200,17000,E,40.47097,-3.68245,10,False,2,2
2026-07-03T04:27:08Z,1081V21100C10,21100,C10,8,18003,18000,2026-07-03T06:33:00,17000,10200,S,40.395943,-3.677964,10,False,1,1
2026-07-03T04:27:08Z,1081V20010C3,20010,C3,6,17000,18002,2026-07-03T06:39:00,60200,17000,E,40.471382,-3.6834786,10,True,3,8
2026-07-03T04:27:08Z,1081V19541C5,19541,C5,0,35002,35010,2026-07-03T06:36:00,35607,35002,E,40.283237,-3.7991464,10,False,1,1
2026-07-03T04:27:08Z,1081V20705C5,20705,C5,1,35600,35601,2026-07-03T06:28:00,35607,35002,55.0,40.383762,-3.7677116,10,False,2,2
2026-07-03T04:27:08Z,1081V20214C4,20214,C4,0,37001,37010,2026-07-03T06:41:00,37012,37001,E,40.34132,-3.7123663,10,True,2,2
2026-07-03T04:27:08Z,1081V21303C10,21303,C10,20,17000,17000,2026-07-03T06:26:00,17000,10000,A,40.470848,-3.682503,10,False,6,6
2026-07-03T04:27:08Z,1081V20704C5,20704,C5,1,35608,35609,2026-07-03T06:32:00,35002,35607,A,40.405067,-3.7026901,10,False,1,1
2026-07-03T04:27:08Z,1081V20213C4a,20213,C4a,0,18000,18101,2026-07-03T06:34:00,19003,18000,E,40.40654,-3.6895106,10,False,6,1
2026-07-03T04:27:08Z,1081V20212C4a,20212,C4a,0,37001,37010,2026-07-03T06:30:00,37012,19003,E,40.34132,-3.7123663,10,True,2,2
2026-07-03T04:27:08Z,1081V21516C2,21516,C2,3,17000,18002,2026-07-03T06:47:00,70200,17000,E,40.47097,-3.68245,10,False,9,2
2026-07-03T04:27:08Z,1081V21514C2,21514,C2,2,17000,18002,2026-07-03T06:34:00,70200,17000,E,40.47097,-3.68245,10,False,9,2
2026-07-03T04:27:08Z,1081V21200C10,21200,C10,9,18003,18004,2026-07-03T06:30:00,10200,17000,A,40.40042,-3.6927843,10,False,2,2
2026-07-03T04:27:08Z,1081V19520C5,19520,C5,0,35604,35603,2026-07-03T06:30:00,35012,35607,A,40.377697,-3.791474,10,False,1,1
2026-07-03T04:27:08Z,1081V19530C5,19530,C5,0,35607,35606,2026-07-03T06:42:00,35012,35607,E,40.330883,-3.8823783,10,False,2,1
2026-07-03T04:27:08Z,1081V20409C4b,20409,C4b,3,17003,17004,2026-07-03T06:30:00,17005,18000,E,40.558834,-3.7141593,10,False,1,2
2026-07-03T04:27:08Z,1081V20408C4b,20408,C4b,3,17004,17003,2026-07-03T06:31:00,37012,17005,E,40.59852,-3.7158544,10,False,3,2
2026-07-03T04:27:08Z,1081V20211C4a,20211,C4a,5,18101,18002,2026-07-03T06:32:00,19003,37002,2.0,40.417023,-3.7031636,10,True,1,6
2026-07-03T04:27:08Z,1081V20210C4,20210,C4,1,37002,37011,2026-07-03T06:29:00,37012,37001,E,40.309868,-3.733689,10,True,2,2
2026-07-03T04:27:08Z,1081V20219C4a,20219,C4a,0,37012,37011,2026-07-03T06:46:00,19003,37012,E,40.24143,-3.769159,10,False,1,1
2026-07-03T04:27:08Z,1081V20218C4a,20218,C4a,1,17009,17001,2026-07-03T06:33:00,37012,19003,E,40.54373,-3.7003317,10,True,2,2
2026-07-03T04:27:08Z,1081V21306C10,21306,C10,0,17000,18002,2026-07-03T06:51:00,10100,17000,E,40.470848,-3.682503,10,False,8,4
2026-07-03T04:27:08Z,1081V20406C4b,20406,C4b,2,17001,17000,2026-07-03T06:34:00,37012,17005,S,40.501648,-3.6821797,10,True,2,2
2026-07-03T04:27:08Z,1081V21305C10,21305,C10,12,10007,10010,2026-07-03T06:31:00,17000,10100,2.0,40.474136,-3.8454897,10,False,1,1
2026-07-03T04:27:08Z,1081V20216C4a,20216,C4a,1,17000,18002,2026-07-03T06:31:00,37012,19003,E,40.471325,-3.6833096,10,True,2,8
2026-07-03T04:27:08Z,1081V20215C4a,20215,C4a,11,37012,37011,2026-07-03T06:32:00,19003,37012,E,40.24143,-3.769159,10,False,1,1
2026-07-03T04:27:08Z,1081V19508C5,19508,C5,1,37001,35009,2026-07-03T06:26:00,35012,35607,A,40.34086,-3.7482634,10,False,6,2
2026-07-03T04:27:08Z,1081V20009C3,20009,C3,7,60104,60103,2026-07-03T06:32:00,17000,60200,2.0,40.196156,-3.6648214,10,False,1,1
2026-07-03T04:27:08Z,1081V20404C4,20404,C4,0,37001,37010,2026-07-03T06:49:00,37012,37001,E,40.34132,-3.7123663,10,True,2,2
2026-07-03T04:27:08Z,1081V19509C5,19509,C5,0,35605,35610,2026-07-03T06:21:00,35607,35012,S,40.3503,-3.8317595,10,False,2,2
2026-07-03T04:27:08Z,1081V20008C3,20008,C3,0,18000,60100,2026-07-03T06:33:00,60200,17000,15.0,40.40053,-3.6812487,10,True,7,3
2026-07-03T04:27:08Z,1081V20007C3,20007,C3,2,60100,18000,2026-07-03T06:38:00,17000,60200,E,40.40654,-3.6895106,10,True,4,5
2026-07-03T04:27:08Z,1081V19506C5,19506,C5,0,35011,35010,2026-07-03T06:21:00,35012,35607,S,40.312492,-3.78335,10,False,2,2
2026-07-03T04:27:08Z,1081V20006C3,20006,C3,7,60107,60101,2026-07-03T06:30:00,60200,17000,3.0,40.33727,-3.6846495,10,False,2,2
2026-07-03T04:27:08Z,1081V20402C4b,20402,C4b,5,18000,60100,2026-07-03T06:34:00,37012,17005,E,40.40654,-3.6895106,10,True,6,1
2026-07-03T04:27:08Z,1081V19505C5,19505,C5,0,35610,35606,2026-07-03T06:16:00,35607,35012,S,40.34195,-3.8423326,10,False,2,2
2026-07-03T04:27:08Z,1081V21051C8a,21051,C8a,-1033,10203,10203,2026-07-04T06:26:00,10203,17000,S,40.58532,-4.1321955,10,False,3,3
2026-07-03T04:27:08Z,1081V20224C4a,20224,C4a,0,19003,19002,2026-07-03T06:56:00,37012,19003,E,40.546417,-3.6351175,10,True,2,2
2026-07-03T04:27:08Z,1081V19537C5,19537,C5,1,35002,35010,2026-07-03T06:27:00,35607,35012,E,40.283237,-3.7991464,10,False,1,1
2026-07-03T04:27:08Z,1081V19510C5,19510,C5,0,35702,35703,2026-07-03T06:28:00,35012,35607,E,40.3791,-3.6987777,10,False,2,2
2026-07-03T04:27:08Z,1081V19811C1,19811,C1,0,98305,98304,2026-07-03T06:59:00,17000,98305,E,40.4924,-3.593483,10,False,2,1
2026-07-03T04:27:08Z,1081V19513C5,19513,C5,1,35604,35605,2026-07-03T06:28:00,35607,35012,A,40.3503,-3.8317595,10,False,2,2
2026-07-03T04:27:08Z,1081V19538C5,19538,C5,0,35607,35606,2026-07-03T06:57:00,35012,35607,E,40.330883,-3.8823783,10,False,2,1
2026-07-03T04:27:08Z,1081V20222C4a,20222,C4a,0,19003,19002,2026-07-03T06:44:00,37012,19003,E,40.546417,-3.6351175,10,True,2,2
2026-07-03T04:27:08Z,1081V19512C5,19512,C5,2,35609,18000,2026-07-03T06:32:00,35012,35607,E,40.405067,-3.7026901,10,False,1,10
2026-07-03T04:27:08Z,1081V21607C2,21607,C2,0,70200,70105,2026-07-03T07:05:00,12006,70200,E,40.644257,-3.1823237,10,True,1,1
2026-07-03T04:27:08Z,1081V21605C2,21605,C2,16,70107,70103,2026-07-03T06:34:00,12006,70200,E,40.50538,-3.3352833,10,False,1,5
2026-07-03T04:27:08Z,1081V20221C4a,20221,C4a,0,37012,37011,2026-07-03T06:56:00,19003,37012,E,40.24143,-3.769159,10,False,1,1
2026-07-03T04:27:08Z,1081V21603C2,21603,C2,16,70100,70109,2026-07-03T06:30:00,12006,70200,E,40.401035,-3.5957623,10,False,1,1
2026-07-03T04:27:08Z,1081V20220C4a,20220,C4a,0,19003,19002,2026-07-03T06:33:00,37012,19003,E,40.546417,-3.6351175,10,True,2,2
2026-07-03T04:27:08Z,1081V35975C2,35975,C2,1,70103,70102,2026-07-03T06:35:00,17000,70200,1.0,40.48882,-3.3674092,10,False,5,5
2026-07-03T04:27:08Z,1081V19519C5,19519,C5,1,35609,35608,2026-07-03T06:30:00,35607,35012,42.0,40.404045,-3.7202764,10,False,2,2
2026-07-03T04:27:08Z,1081V19809C1,19809,C1,0,98305,98304,2026-07-03T06:44:00,17000,98305,E,40.4924,-3.593483,10,False,2,1
2026-07-03T04:27:08Z,1081V19804C1,19804,C1,0,17000,98003,2026-07-03T06:39:00,98305,17000,E,40.47102,-3.6825693,10,False,12,2
2026-07-03T04:27:08Z,1081V21004C8a,21004,C8a,0,10203,10202,2026-07-03T06:54:00,70200,10203,E,40.58532,-4.1321955,10,False,3,2
2026-07-03T04:27:08Z,1081V19529C5,19529,C5,1,35703,35702,2026-07-03T06:28:00,35607,35012,E,40.367134,-3.7043796,10,False,1,1
2026-07-03T04:27:08Z,1081V19807C1,19807,C1,0,98305,98304,2026-07-03T06:29:00,17000,98305,E,40.4924,-3.593483,10,True,2,1
2026-07-03T04:27:08Z,1081V19806C1,19806,C1,0,17000,98003,2026-07-03T06:54:00,98305,17000,E,40.47102,-3.6825693,10,False,12,2
2026-07-03T04:27:08Z,1081V21003C8a,21003,C8a,3,17000,97201,2026-07-03T06:38:00,10203,17000,E,40.47113,-3.6828332,10,False,11,1
2026-07-03T04:27:08Z,1081V19526C5,19526,C5,0,35607,35606,2026-07-03T06:31:00,35012,35607,E,40.330883,-3.8823783,10,False,2,1
2026-07-03T04:27:08Z,1081V19525C5,19525,C5,3,18003,18000,2026-07-03T06:32:00,35607,35012,E,40.39592,-3.6779969,10,False,1,9
2026-07-03T04:27:08Z,1081V19802C1,19802,C1,3,98003,98304,2026-07-03T06:33:00,98305,17000,1.0,40.484,-3.657378,10,True,2,2
2026-07-03T04:27:08Z,1081V21001C8a,21001,C8a,16,97100,10100,2026-07-03T06:37:00,10203,17000,10.0,40.49341,-3.742226,10,False,1,3
2026-07-03T04:27:08Z,1081V19533C5,19533,C5,1,35001,35009,2026-07-03T06:30:00,35607,35012,E,40.328766,-3.7714624,10,False,1,1
2026-07-03T04:27:08Z,1081V20004C3,20004,C3,15,60104,60105,2026-07-03T06:31:00,60200,17000,22.0,40.18696,-3.6531847,10,True,2,2
2026-07-03T04:27:08Z,1081V21000C8a,21000,C8a,10,10100,97100,2026-07-03T06:38:00,70200,10203,9.0,40.510796,-3.8728392,10,False,4,2
2026-07-03T04:27:08Z,1081V19534C5,19534,C5,0,35607,35606,2026-07-03T06:52:00,35012,35607,E,40.330883,-3.8823783,10,False,2,1
2026-07-03T04:27:08Z,1081V21806C7,21806,C7,0,10000,10001,2026-07-03T06:48:00,70103,10000,E,40.42163,-3.7193205,10,True,2,2
