timestamp_utc,tripId,codTren,codLinea,retrasoMin,codEstAct,codEstSig,horaLlegadaSigEst,codEstDest,codEstOrig,porAvanc,latitud,longitud,nucleo,accesible,via,nextVia
2026-08-13T00:03:56Z,SPECIAL_10_91394C8,91394,C8,1440,70102,70102,2026-08-13T02:01:00,,97201,A,40.454636,-3.4796963,10,False,,2
2026-08-13T00:08:08Z,SPECIAL_10_91394C8,91394,C8,1443,70112,70111,2026-08-13T02:11:00,,97201,E,40.464172,-3.4414766,10,False,,2
2026-08-13T00:13:16Z,SPECIAL_10_91394C8,91394,C8,1444,70111,70103,2026-08-13T02:16:00,,97201,S,40.480347,-3.39294,10,False,,2
2026-08-13T00:18:23Z,SPECIAL_10_91919C2,91919,C2,1480,70103,70103,2026-08-13T02:15:00,,70200,A,40.489193,-3.3662832,10,False,,3
2026-08-13T00:23:24Z,SPECIAL_10_91919C2,91919,C2,1484,70111,70112,2026-08-13T02:27:00,,70200,S,40.489193,-3.3662832,10,False,,1
2026-08-13T00:28:18Z,SPECIAL_10_91919C2,91919,C2,1482,70112,70102,2026-08-13T02:29:00,,70200,E,40.464172,-3.4414766,10,False,,2
2026-08-13T00:33:38Z,SPECIAL_10_91919C2,91919,C2,1483,70101,70108,2026-08-14T02:59:00,,70103,E,40.44277,-3.5339844,10,False,,-1
2026-08-13T00:38:13Z,SPECIAL_10_91919C2,91919,C2,1484,70101,70108,2026-08-14T03:00:00,,70103,E,40.44277,-3.5339844,10,False,,-1
2026-08-13T00:43:14Z,SPECIAL_10_91919C2,91919,C2,21,70108,70100,2026-08-13T02:41:00,,70103,S,40.423397,-3.561349,10,False,,-1
2026-08-13T00:48:15Z,SPECIAL_10_91919C2,91919,C2,21,70003,70003,2026-08-13T02:48:00,,70103,A,40.37616,-3.6561291,10,False,,-1
2026-08-13T00:53:28Z,SPECIAL_10_91919C2,91919,C2,23,70003,70002,2026-08-13T02:52:00,,70103,S,40.37616,-3.6561291,10,False,,-1
2026-08-13T00:58:05Z,SPECIAL_10_91919C2,91919,C2,27,70002,18000,2026-08-13T03:01:00,,70103,S,40.381775,-3.6681283,10,False,,-1
2026-08-13T01:03:59Z,6123J35646C1,35646,C1,0,11503,11502,2026-08-13T03:06:15,11305,11508,22.0,43.019,-2.3344853,61,False,,2
2026-08-13T01:08:10Z,6123J35646C1,35646,C1,-1,11501,11500,2026-08-13T03:09:31,11305,11508,E,43.139435,-2.074181,61,False,,2
2026-08-13T01:13:16Z,6123J35646C1,35646,C1,0,11500,11409,2026-08-13T03:16:30,11305,11508,E,43.1356,-2.079181,61,False,,2
2026-08-13T01:13:16Z,2023J70237C4,70237,C4,-1243,15410,15410,2026-08-14T03:12:00,15410,16403,E,43.537647,-5.67596,20,False,2,2
2026-08-13T01:13:16Z,2023J70235C4,70235,C4,-1190,15410,15410,2026-08-14T03:12:00,15410,16403,E,43.537647,-5.67596,20,False,2,2
2026-08-13T01:18:38Z,6123J35646C1,35646,C1,1,11409,11408,2026-08-13T03:19:47,11305,11508,40.0,43.10187,-2.0972357,61,False,,2
2026-08-13T01:18:38Z,2023J70235C4,70235,C4,-1184,15410,15410,2026-08-14T03:18:00,15410,16403,E,43.537647,-5.67596,20,False,2,2
2026-08-13T01:18:38Z,2023J70237C4,70237,C4,-1237,15410,15410,2026-08-14T03:18:00,15410,16403,E,43.537647,-5.67596,20,False,2,2
2026-08-13T01:23:19Z,6123J35646C1,35646,C1,2,11408,11407,2026-08-13T03:27:58,11305,11508,E,43.093952,-2.1255136,61,False,,2
2026-08-13T01:23:19Z,2023J70237C4,70237,C4,-1233,15410,15410,2026-08-14T03:22:00,15410,16403,E,43.537647,-5.67596,20,False,2,2
2026-08-13T01:23:19Z,2023J70235C4,70235,C4,-1180,15410,15410,2026-08-14T03:22:00,15410,16403,E,43.537647,-5.67596,20,False,2,2
2026-08-13T01:28:09Z,6123J35646C1,35646,C1,0,11407,11406,2026-08-13T03:28:04,11305,11508,93.0,43.070103,-2.1613815,61,False,,2
2026-08-13T01:28:09Z,2023J70237C4,70237,C4,-1228,15410,15410,2026-08-14T03:27:00,15410,16403,E,43.537647,-5.67596,20,False,2,2
2026-08-13T01:28:09Z,2023J70235C4,70235,C4,-1175,15410,15410,2026-08-14T03:27:00,15410,16403,E,43.537647,-5.67596,20,False,2,2
2026-08-13T01:33:32Z,6123J35646C1,35646,C1,0,11404,11402,2026-08-13T03:39:34,11305,11508,A,43.040184,-2.256515,61,False,2,2
2026-08-13T01:38:35Z,6123J86050C1,86050,C1,0,11511,11508,2026-08-13T04:05:00,11508,11511,A,43.27241,-1.9637448,61,False,,2
2026-08-13T01:38:35Z,6123J35646C1,35646,C1,1,11404,11402,2026-08-13T03:40:32,11305,11508,66.0,43.04383,-2.2369719,61,False,,2
2026-08-13T01:43:12Z,6123J86050C1,86050,C1,0,11511,11508,2026-08-13T04:05:00,11508,11511,A,43.27241,-1.9637448,61,False,,2
2026-08-13T01:43:12Z,6123J35646C1,35646,C1,0,11402,11400,2026-08-13T03:49:18,11305,11508,32.0,43.05841,-2.277487,61,False,,2
2026-08-13T01:48:18Z,6123J35646C1,35646,C1,-1,11400,11306,2026-08-13T03:51:51,11305,11508,E,43.086685,-2.3198454,61,False,,2
2026-08-13T01:48:18Z,6123J86050C1,86050,C1,0,11511,11508,2026-08-13T04:05:00,11508,11511,A,43.27241,-1.9637448,61,False,,2
2026-08-13T01:48:18Z,6123J86250C1,86250,C1,0,11511,11508,2026-08-13T04:15:00,11508,11511,A,43.27241,-1.9637448,61,False,,2
2026-08-13T01:53:19Z,6123J35646C1,35646,C1,-2,11306,11305,2026-08-13T03:57:14,11305,11508,E,43.050964,-2.3305266,61,False,,
2026-08-13T01:53:19Z,6123J86250C1,86250,C1,0,11511,11508,2026-08-13T04:15:00,11508,11511,A,43.27241,-1.9637448,61,False,,2
2026-08-13T01:53:19Z,6123J86050C1,86050,C1,0,11511,11508,2026-08-13T04:05:00,11508,11511,E,43.317684,-1.9766475,61,False,,2
2026-08-13T01:58:11Z,6123J86050C1,86050,C1,0,11511,11508,2026-08-13T04:05:00,11508,11511,E,43.317684,-1.9766475,61,False,,2
2026-08-13T01:58:11Z,6123J86350C1,86350,C1,0,11511,11508,2026-08-13T04:25:00,11508,11511,A,43.27241,-1.9637448,61,False,,2
2026-08-13T01:58:11Z,6123J86250C1,86250,C1,0,11511,11508,2026-08-13T04:15:00,11508,11511,A,43.27241,-1.9637448,61,False,,2
2026-08-13T02:03:44Z,6123J86050C1,86050,C1,0,11511,11508,2026-08-13T04:05:00,11508,11511,E,43.317684,-1.9766475,61,False,,2
2026-08-13T02:03:44Z,6123J86250C1,86250,C1,0,11511,11508,2026-08-13T04:15:00,11508,11511,E,43.317684,-1.9766475,61,False,,2
2026-08-13T02:03:44Z,6123J86350C1,86350,C1,0,11511,11508,2026-08-13T04:25:00,11508,11511,A,43.27241,-1.9637448,61,False,,2
2026-08-13T02:08:14Z,6123J86350C1,86350,C1,0,11511,11508,2026-08-13T04:25:00,11508,11511,A,43.27241,-1.9637448,61,False,,2
2026-08-13T02:08:14Z,6123J86250C1,86250,C1,0,11511,11508,2026-08-13T04:15:00,11508,11511,E,43.317684,-1.9766475,61,False,,2
2026-08-13T02:13:15Z,6123J86350C1,86350,C1,0,11511,11508,2026-08-13T04:25:00,11508,11511,E,43.317684,-1.9766475,61,False,,2
2026-08-13T02:13:15Z,6123J86250C1,86250,C1,0,11511,11508,2026-08-13T04:15:00,11508,11511,E,43.317684,-1.9766475,61,False,,2
2026-08-13T02:18:22Z,5123J77502R4,77502,R4,0,78700,78710,2026-08-13T04:33:00,71600,78700,A,41.567463,2.03963,50,False,,2
2026-08-13T02:18:22Z,6123J35650C1,26696,C1,0,11508,11507,2026-08-13T04:32:00,11305,11508,A,43.266514,-1.9726831,61,False,2,2
2026-08-13T02:18:22Z,6123J89680C1,89680,C1,0,11600,11518,2026-08-13T04:34:00,11508,11600,A,43.330643,-1.8169186,61,False,,2
2026-08-13T02:18:22Z,6123J86350C1,86350,C1,0,11511,11508,2026-08-13T04:25:00,11508,11511,E,43.317684,-1.9766475,61,False,,2
2026-08-13T02:23:27Z,5123J77502R4,77502,R4,0,78700,78710,2026-08-13T04:33:00,71600,78700,A,41.567463,2.03963,50,False,,2
2026-08-13T02:23:27Z,6123J86350C1,86350,C1,0,11511,11508,2026-08-13T04:25:00,11508,11511,E,43.317684,-1.9766475,61,False,,2
2026-08-13T02:23:27Z,6123J35650C1,26696,C1,0,11508,11507,2026-08-13T04:32:00,11305,11508,A,43.266514,-1.9726831,61,False,2,2
2026-08-13T02:23:27Z,6123J89680C1,89680,C1,0,11600,11518,2026-08-13T04:34:00,11508,11600,A,43.330643,-1.8169186,61,False,,2
2026-08-13T02:23:27Z,6123J80716C1,80716,C1,0,11600,11518,2026-08-13T04:42:00,11516,11600,A,43.330643,-1.8169186,61,False,,2
2026-08-13T02:28:28Z,1023J20203C4a,20203,C4a,0,18000,18101,2026-08-13T04:57:00,19003,18000,E,40.40654,-3.6895106,10,False,6,1
2026-08-13T02:28:28Z,1023J20522C4b,20522,C4b,-1186,18000,18000,2026-08-14T04:28:00,18000,17005,E,40.40654,-3.6895106,10,False,7,7
2026-08-13T02:28:28Z,5123J77502R4,77502,R4,0,78700,78710,2026-08-13T04:33:00,71600,78700,A,41.567463,2.03963,50,False,,2
2026-08-13T02:28:28Z,6123J35650C1,26696,C1,0,11508,11507,2026-08-13T04:32:00,11305,11508,A,43.266514,-1.9726831,61,False,2,2
2026-08-13T02:28:28Z,6123J89680C1,89680,C1,0,11600,11518,2026-08-13T04:34:00,11508,11600,A,43.330643,-1.8169186,61,False,,2
2026-08-13T02:28:28Z,6123J80716C1,80716,C1,0,11600,11518,2026-08-13T04:42:00,11516,11600,A,43.330643,-1.8169186,61,False,,2
2026-08-13T02:33:30Z,5123J25400R2,25400,R2,0,71700,71701,2026-08-13T04:51:00,79200,71700,A,41.27745,1.9777229,50,True,-,
2026-08-13T02:33:30Z,5123J77600R4,77600,R4,0,72209,72210,2026-08-13T04:54:00,78600,72209,A,41.473316,1.967515,50,False,,4
2026-08-13T02:33:30Z,6123J35650C1,26696,C1,1,11507,11506,2026-08-13T04:36:51,11305,11508,E,43.266514,-1.9726831,61,False,,2
2026-08-13T02:33:30Z,6123J89680C1,89680,C1,0,11600,11518,2026-08-13T04:34:00,11508,11600,E,43.33877,-1.8007782,61,False,,2
2026-08-13T02:33:30Z,6123J80716C1,80716,C1,0,11600,11518,2026-08-13T04:42:00,11516,11600,A,43.330643,-1.8169186,61,False,,2
2026-08-13T02:38:03Z,5123J25400R2,25400,R2,0,71700,71701,2026-08-13T04:51:00,79200,71700,A,41.27745,1.9777229,50,True,-,
2026-08-13T02:38:03Z,5123J77600R4,77600,R4,0,72209,72210,2026-08-13T04:54:00,78600,72209,A,41.473316,1.967515,50,False,,4
2026-08-13T02:38:03Z,6123J86080C1,86080,C1,0,11511,11508,2026-08-13T05:05:00,11508,11511,A,43.27241,-1.9637448,61,False,,2
2026-08-13T02:38:03Z,6123J80716C1,80716,C1,0,11600,11518,2026-08-13T04:42:00,11516,11600,E,43.33877,-1.8007782,61,False,,2
2026-08-13T02:38:03Z,6123J81700C1,81700,C1,0,11600,11518,2026-08-13T04:57:00,11508,11600,A,43.330643,-1.8169186,61,False,,2
2026-08-13T02:38:03Z,6123J35650C1,26696,C1,1,11506,11505,2026-08-13T04:41:05,11305,11508,21.0,43.247425,-1.988344,61,False,2,2
2026-08-13T02:38:03Z,1023J20203C4a,20203,C4a,0,18000,18101,2026-08-13T04:57:00,19003,18000,E,40.40654,-3.6895106,10,False,6,1
2026-08-13T02:38:03Z,1023J76352C5,76352,C5,0,35607,35606,2026-08-13T05:03:00,35609,35607,E,40.330883,-3.8823783,10,False,2,1
2026-08-13T02:38:03Z,1023J20522C4b,20522,C4b,-1177,18000,18000,2026-08-14T04:37:00,18000,17005,E,40.40654,-3.6895106,10,False,7,7
2026-08-13T02:38:03Z,1023J20205C4a,20205,C4a,0,37012,37011,2026-08-13T05:07:00,19003,37012,E,40.24143,-3.769159,10,False,1,1
2026-08-13T02:38:03Z,1023J79201C2,79201,C2,0,70103,70111,2026-08-13T05:02:00,18000,70103,E,40.489193,-3.3662832,10,False,5,1
2026-08-13T02:38:03Z,1023J20403C4b,20403,C4b,0,17000,17001,2026-08-13T05:10:00,17005,17000,E,40.471325,-3.6833096,10,False,5,1
2026-08-13T02:43:20Z,5123J28557R2N,28557,R2N,0,79400,71802,2026-08-13T05:07:00,72400,79400,A,41.392376,2.1651223,50,True,,
2026-08-13T02:43:20Z,5123J25400R2,25400,R2,0,71700,71701,2026-08-13T04:51:00,79200,71700,A,41.27745,1.9777229,50,True,-,
2026-08-13T02:43:20Z,5123J77400R4,77400,R4,0,71600,72201,2026-08-13T05:02:00,78600,71600,A,41.220802,1.5381482,50,False,2,
2026-08-13T02:43:20Z,5123J77600R4,77600,R4,0,72209,72210,2026-08-13T04:54:00,78600,72209,A,41.473316,1.967515,50,False,,4
2026-08-13T02:43:20Z,6123J86080C1,86080,C1,0,11511,11508,2026-08-13T05:05:00,11508,11511,A,43.27241,-1.9637448,61,False,,2
2026-08-13T02:43:20Z,6123J81700C1,81700,C1,0,11600,11518,2026-08-13T04:57:00,11508,11600,A,43.330643,-1.8169186,61,False,,2
2026-08-13T02:43:20Z,6123J35650C1,26696,C1,-1,11504,11503,2026-08-13T04:45:56,11305,11508,E,43.21556,-2.0203028,61,False,,2
2026-08-13T02:48:31Z,5123J77504R4,77504,R4,0,78700,78710,2026-08-13T05:03:00,71600,78700,A,41.567463,2.03963,50,False,,2
2026-08-13T02:48:31Z,5123J33520RL4,15620,RL4,0,78400,78402,2026-08-13T05:13:00,78600,78400,,41.620644,0.6340701,50,False,,
2026-08-13T02:48:31Z,5123J25602R1,25602,R1,0,79603,79602,2026-08-13T05:04:00,72305,79603,A,41.601646,2.6246321,50,True,,
2026-08-13T02:48:31Z,5123J25702R1,25702,R1,0,79500,79412,2026-08-13T05:05:00,72305,79500,A,41.50672,2.4016483,50,True,5,2
2026-08-13T02:48:31Z,5123J77600R4,77600,R4,0,72209,72210,2026-08-13T04:54:00,78600,72209,E,41.47872,1.9255537,50,False,,4
2026-08-13T02:48:31Z,5123J28557R2N,28557,R2N,0,79400,71802,2026-08-13T05:07:00,72400,79400,A,41.392376,2.1651223,50,True,,
2026-08-13T02:48:31Z,5123J77502R4,77502,R4,1,78705,78706,2026-08-13T04:51:06,71600,78700,29.0,41.507545,2.1268904,50,False,,2
2026-08-13T02:48:31Z,5123J25400R2,25400,R2,1,71700,71701,2026-08-13T04:51:45,79200,71700,41.0,41.27745,1.9777229,50,True,,
2026-08-13T02:48:31Z,5123J28400R2N,28400,R2N,0,79100,79007,2026-08-13T05:04:00,72400,79100,A,41.54973,2.2454193,50,True,4,
2026-08-13T02:48:31Z,5123J77400R4,77400,R4,0,71600,72201,2026-08-13T05:02:00,78600,71600,A,41.220802,1.5381482,50,False,2,
2026-08-13T02:48:31Z,6023J26501C3,26501,C3,0,13100,13116,2026-08-13T05:06:00,13200,13100,A,43.035866,-3.0039182,60,True,4,1
2026-08-13T02:48:31Z,6023J26500C3,26500,C3,0,13200,13120,2026-08-13T05:02:00,13100,13200,A,43.25035,-2.930641,60,False,5,2
2026-08-13T02:48:31Z,6123J35650C1,26696,C1,-1,11503,11502,2026-08-13T04:50:18,11305,11508,E,43.18919,-2.0554729,61,False,,2
2026-08-13T02:48:31Z,6123J86180C1,86180,C1,0,11511,11508,2026-08-13T05:15:00,11508,11511,A,43.27241,-1.9637448,61,False,,2
2026-08-13T02:48:31Z,6123J86080C1,86080,C1,0,11511,11508,2026-08-13T05:05:00,11508,11511,A,43.27241,-1.9637448,61,False,,2
2026-08-13T02:48:31Z,6123J32769C1,32769,C1,0,11400,11402,2026-08-13T05:08:00,11508,11400,A,43.040184,-2.256515,61,False,4,1
2026-08-13T02:48:31Z,6123J81700C1,81700,C1,0,11600,11518,2026-08-13T04:57:00,11508,11600,A,43.330643,-1.8169186,61,False,,2
2026-08-13T02:48:31Z,2023J22101C1,22101,C1,0,15218,15211,2026-08-13T05:20:00,15410,15218,E,43.3588,-5.8573804,20,False,1,1
2026-08-13T02:53:44Z,3023J23500C1,23500,C1,0,51003,51100,2026-08-13T05:12:00,51203,51003,A,37.377792,-5.9795485,30,False,9,2
2026-08-13T02:53:44Z,5123J77600R4,77600,R4,0,72209,72210,2026-08-13T04:54:00,78600,72209,E,41.47872,1.9255537,50,False,,4
2026-08-13T02:53:44Z,5123J33520RL4,15620,RL4,0,78400,78402,2026-08-13T05:13:00,78600,78400,,41.620644,0.6340701,50,False,,
2026-08-13T02:53:44Z,5123J77502R4,77502,R4,1,78707,78708,2026-08-13T04:56:50,71600,78700,A,41.48388,2.1847994,50,False,2,2
2026-08-13T02:53:44Z,5123J25702R1,25702,R1,0,79500,79412,2026-08-13T05:05:00,72305,79500,A,41.50672,2.4016483,50,True,2,2
2026-08-13T02:53:44Z,5123J28400R2N,28400,R2N,0,79100,79007,2026-08-13T05:04:00,72400,79100,A,41.54973,2.2454193,50,True,4,
2026-08-13T02:53:44Z,5123J28557R2N,28557,R2N,0,79400,71802,2026-08-13T05:07:00,72400,79400,A,41.392376,2.1651223,50,True,,
2026-08-13T02:53:44Z,5123J77400R4,77400,R4,0,71600,72201,2026-08-13T05:02:00,78600,71600,A,41.220802,1.5381482,50,False,2,
2026-08-13T02:53:44Z,5123J25400R2,25400,R2,1,71701,71703,2026-08-13T05:00:11,79200,71700,E,41.27745,1.9777229,50,True,,
2026-08-13T02:53:44Z,6023J26500C3,26500,C3,0,13200,13120,2026-08-13T05:02:00,13100,13200,A,43.25035,-2.930641,60,False,5,2
2026-08-13T02:53:44Z,6023J26100C1,26100,C1,0,13405,13404,2026-08-13T05:06:00,13200,13405,A,43.3262,-3.023556,60,False,1,2
2026-08-13T02:53:44Z,6023J26501C3,26501,C3,0,13100,13116,2026-08-13T05:06:00,13200,13100,A,43.035866,-3.0039182,60,True,4,1
2026-08-13T02:53:44Z,6123J35650C1,26696,C1,-1,11501,11500,2026-08-13T04:54:43,11305,11508,E,43.139435,-2.074181,61,False,,2
2026-08-13T02:53:44Z,6123J86080C1,86080,C1,0,11511,11508,2026-08-13T05:05:00,11508,11511,E,43.317684,-1.9766475,61,False,,2
2026-08-13T02:53:44Z,6123J32769C1,32769,C1,0,11400,11402,2026-08-13T05:08:00,11508,11400,A,43.040184,-2.256515,61,False,4,1
2026-08-13T02:53:44Z,6123J81700C1,81700,C1,0,11600,11518,2026-08-13T04:57:00,11508,11600,E,43.33877,-1.8007782,61,False,,2
2026-08-13T02:53:44Z,6123J86180C1,86180,C1,0,11511,11508,2026-08-13T05:15:00,11508,11511,A,43.27241,-1.9637448,61,False,,2
2026-08-13T02:53:44Z,2023J70751C6,70751,C6,0,05509,05513,2026-08-13T05:30:00,05513,05509,E,43.3823,-5.7026434,20,False,1,4
2026-08-13T02:53:44Z,2023J22101C1,22101,C1,0,15218,15211,2026-08-13T05:20:00,15410,15218,E,43.3588,-5.8573804,20,False,1,1
2026-08-13T02:53:44Z,1023J79200C2,79200,C2,0,18000,70002,2026-08-13T05:18:00,70103,18000,E,40.40667,-3.689395,10,False,3,2
2026-08-13T02:53:44Z,1023J20002C3,20002,C3,0,17000,18002,2026-08-13T05:16:00,60200,17000,E,40.471382,-3.6834786,10,False,2,8
2026-08-13T02:53:44Z,1023J76352C5,76352,C5,6,35607,35606,2026-08-13T05:09:00,35609,35607,E,40.330883,-3.8823783,10,False,1,1
2026-08-13T02:53:44Z,1023J20407C4b,20407,C4b,0,37012,37011,2026-08-13T05:26:00,17005,37012,E,40.24143,-3.769159,10,False,2,1
2026-08-13T02:53:44Z,1023J79203C7,79203,C7,0,70103,70111,2026-08-13T05:17:00,18000,70103,E,40.4889,-3.3666708,10,False,5,1
2026-08-13T02:53:44Z,1023J20403C4b,20403,C4b,0,17000,17001,2026-08-13T05:10:00,17005,17000,E,40.471325,-3.6833096,10,False,5,1
2026-08-13T02:53:44Z,1023J76354C5,76354,C5,0,35607,35606,2026-08-13T05:13:00,35609,35607,E,40.330883,-3.8823783,10,False,2,1
2026-08-13T02:53:44Z,1023J20205C4a,20205,C4a,0,37012,37011,2026-08-13T05:07:00,19003,37012,E,40.24143,-3.769159,10,False,1,1
2026-08-13T02:53:44Z,1023J79201C2,79201,C2,0,70103,70111,2026-08-13T05:02:00,18000,70103,E,40.489193,-3.3662832,10,False,5,1
2026-08-13T02:53:44Z,1023J76677C5,76677,C5,0,35012,35002,2026-08-13T05:25:00,37001,35012,E,40.25559,-3.8284667,10,False,1,1
2026-08-13T02:53:44Z,1023J20203C4a,20203,C4a,0,18000,18101,2026-08-13T04:57:00,19003,18000,E,40.40654,-3.6895106,10,True,6,1
2026-08-13T02:53:44Z,1023J79503C2,79503,C2,0,70200,70105,2026-08-13T05:27:00,18000,70200,E,40.644257,-3.1823237,10,False,3,1
2026-08-13T02:53:44Z,1023J20202C4,20202,C4,0,18000,60100,2026-08-13T05:30:00,37012,18000,E,40.40654,-3.6895106,10,True,7,1
2026-08-13T02:53:44Z,1023J20003C3,20003,C3,0,60200,60105,2026-08-13T05:27:00,17000,60200,E,40.035027,-3.6189713,10,False,1,1
2026-08-13T02:53:44Z,1023J76356C5,76356,C5,0,35607,35606,2026-08-13T05:23:00,35609,35607,E,40.330883,-3.8823783,10,False,2,1
2026-08-13T02:53:44Z,1023J19799C1,19799,C1,0,18000,18001,2026-08-13T05:18:00,98305,18000,E,40.470993,-3.6825814,10,False,1,1
2026-08-13T02:53:44Z,1023J76675C5,76675,C5,0,35012,35002,2026-08-13T05:15:00,37001,35012,E,40.25559,-3.8284667,10,False,1,1
2026-08-13T02:58:07Z,3023J23500C1,23500,C1,0,51003,51100,2026-08-13T05:12:00,51203,51003,A,37.377792,-5.9795485,30,False,9,2
2026-08-13T02:58:07Z,4023J84002C2,84002,C2,0,64003,64004,2026-08-13T05:23:00,64006,64003,,38.878082,-0.7535829,40,False,,
2026-08-13T02:58:07Z,5123J77600R4,77600,R4,2,72210,72211,2026-08-13T05:04:28,78600,72209,E,41.473316,1.967515,50,False,,2
2026-08-13T02:58:07Z,5123J28400R2N,28400,R2N,0,79100,79007,2026-08-13T05:04:00,72400,79100,A,41.54973,2.2454193,50,True,4,
2026-08-13T02:58:07Z,5123J33520RL4,15620,RL4,0,78400,78402,2026-08-13T05:13:00,78600,78400,A,41.620644,0.6340701,50,False,,
2026-08-13T02:58:07Z,5123J25702R1,25702,R1,0,79500,79412,2026-08-13T05:05:00,72305,79500,A,41.50672,2.4016483,50,True,2,2
2026-08-13T02:58:07Z,5123J28557R2N,28557,R2N,0,79400,71802,2026-08-13T05:07:00,72400,79400,E,41.399246,2.1742988,50,True,,
2026-08-13T02:58:07Z,5123J25400R2,25400,R2,0,71703,71704,2026-08-13T05:04:08,79200,71700,A,41.27745,1.9777229,50,True,2,
2026-08-13T02:58:07Z,5123J77400R4,77400,R4,2,71600,72201,2026-08-13T05:03:39,78600,71600,18.0,41.187717,1.5323786,50,False,,
2026-08-13T02:58:07Z,6023J26000C2,26000,C2,0,13506,13505,2026-08-13T05:13:00,13200,13506,A,43.315636,-3.0911126,60,False,1,1
2026-08-13T02:58:07Z,6023J26501C3,26501,C3,0,13100,13116,2026-08-13T05:06:00,13200,13100,A,43.035866,-3.0039182,60,True,4,1
2026-08-13T02:58:07Z,6023J26100C1,26100,C1,0,13405,13404,2026-08-13T05:06:00,13200,13405,A,43.3262,-3.023556,60,False,1,2
2026-08-13T02:58:07Z,6023J26500C3,26500,C3,0,13200,13120,2026-08-13T05:02:00,13100,13200,A,43.25035,-2.930641,60,False,5,2
2026-08-13T02:58:07Z,6023J26001C2,26001,C2,0,13200,13205,2026-08-13T05:11:00,13506,13200,A,43.256733,-2.9322033,60,False,1,1
2026-08-13T02:58:07Z,6123J86180C1,86180,C1,0,11511,11508,2026-08-13T05:15:00,11508,11511,A,43.27241,-1.9637448,61,False,,2
2026-08-13T02:58:07Z,6123J86280C1,86280,C1,0,11511,11508,2026-08-13T05:25:00,11508,11511,A,43.27241,-1.9637448,61,False,,2
2026-08-13T02:58:07Z,6123J86080C1,86080,C1,0,11511,11508,2026-08-13T05:05:00,11508,11511,E,43.317684,-1.9766475,61,False,,2
2026-08-13T02:58:07Z,6123J32769C1,32769,C1,0,11400,11402,2026-08-13T05:08:00,11508,11400,A,43.040184,-2.256515,61,False,4,1
2026-08-13T02:58:07Z,6123J35650C1,26696,C1,0,11500,11409,2026-08-13T05:01:51,11305,11508,E,43.1356,-2.079181,61,False,,2
2026-08-13T02:58:07Z,2023J70751C6,70751,C6,0,05509,05513,2026-08-13T05:30:00,05513,05509,E,43.3823,-5.7026434,20,False,1,4
2026-08-13T02:58:07Z,2023J70500C7,70500,C7,0,15211,05300,2026-08-13T05:27:00,05311,15211,E,43.366535,-5.8552504,20,False,2,1
2026-08-13T02:58:07Z,2023J22101C1,22101,C1,0,15218,15211,2026-08-13T05:20:00,15410,15218,E,43.3588,-5.8573804,20,False,1,1
2026-08-13T03:04:17Z,3023J23500C1,23500,C1,0,51003,51100,2026-08-13T05:12:00,51203,51003,A,37.377792,-5.9795485,30,False,9,2
2026-08-13T03:04:17Z,4023J84002C2,84002,C2,0,64003,64004,2026-08-13T05:23:00,64006,64003,,38.878082,-0.7535829,40,False,,
2026-08-13T03:04:17Z,5123J77602R4,77602,R4,0,72209,72210,2026-08-13T05:24:00,78600,72209,A,41.473316,1.967515,50,False,8,4
2026-08-13T03:04:17Z,5123J25400R2,25400,R2,0,71704,71705,2026-08-13T05:06:50,79200,71700,A,41.27877,1.9793723,50,True,,2
2026-08-13T03:04:17Z,5123J77600R4,77600,R4,0,72300,72301,2026-08-13T05:11:17,78600,72209,A,41.38308,2.0479817,50,False,2,2
2026-08-13T03:04:17Z,5123J77504R4,77504,R4,0,78710,78709,2026-08-13T05:07:27,71600,78700,18.0,41.566456,2.049816,50,False,,2
2026-08-13T03:04:17Z,5123J25602R1,25602,R1,2,79602,79601,2026-08-13T05:11:03,72305,79603,A,41.586533,2.5813315,50,True,1,
2026-08-13T03:04:17Z,5123J77502R4,77502,R4,2,78801,78802,2026-08-13T05:06:36,71600,78700,20.0,41.45671,2.1865783,50,False,,2
2026-08-13T03:04:17Z,5123J28264R2S,28264,R2S,0,71600,71601,2026-08-13T05:23:00,79400,71600,A,41.189453,1.5750299,50,False,,
2026-08-13T03:04:17Z,5123J28400R2N,28400,R2N,0,79007,79006,2026-08-13T05:06:53,72400,79100,E,41.54973,2.2454193,50,True,,
2026-08-13T03:04:17Z,5123J25702R1,25702,R1,2,79500,79412,2026-08-13T05:06:45,72305,79500,36.0,41.52297,2.4302142,50,True,,2
2026-08-13T03:04:17Z,5123J33520RL4,15620,RL4,0,78400,78402,2026-08-13T05:13:00,78600,78400,,41.620644,0.6340701,50,False,,
2026-08-13T03:04:17Z,5123J77400R4,77400,R4,1,72201,72202,2026-08-13T05:10:45,78600,71600,18.0,41.23056,1.549071,50,False,,2
2026-08-13T03:04:17Z,5123J28557R2N,28557,R2N,4,79400,71802,2026-08-13T05:11:07,72400,79400,30.0,41.397182,2.1715457,50,True,,
2026-08-13T03:04:17Z,6023J26000C2,26000,C2,0,13506,13505,2026-08-13T05:13:00,13200,13506,A,43.315636,-3.0911126,60,False,1,1
2026-08-13T03:04:17Z,6023J26100C1,26100,C1,0,13405,13404,2026-08-13T05:06:00,13200,13405,A,43.3262,-3.023556,60,False,1,2
2026-08-13T03:04:17Z,6023J26001C2,26001,C2,0,13200,13205,2026-08-13T05:11:00,13506,13200,A,43.256733,-2.9322033,60,False,1,1
2026-08-13T03:04:17Z,6023J26500C3,26500,C3,2,13120,13119,2026-08-13T05:06:37,13100,13200,E,43.25035,-2.930641,60,False,,2
2026-08-13T03:04:17Z,6023J26501C3,26501,C3,1,13100,13116,2026-08-13T05:07:21,13200,13100,37.0,43.01004,-3.0081897,60,True,,1
2026-08-13T03:04:17Z,6123J86080C1,86080,C1,0,11511,11508,2026-08-13T05:05:00,11508,11511,E,43.317684,-1.9766475,61,False,,2
2026-08-13T03:04:17Z,6123J86280C1,86280,C1,0,11511,11508,2026-08-13T05:25:00,11508,11511,A,43.27241,-1.9637448,61,False,,2
2026-08-13T03:04:17Z,6123J86180C1,86180,C1,0,11511,11508,2026-08-13T05:15:00,11508,11511,E,43.317684,-1.9766475,61,False,,2
2026-08-13T03:04:17Z,6123J35650C1,26696,C1,1,11409,11408,2026-08-13T05:05:01,11305,11508,59.0,43.09739,-2.1139672,61,False,,2
2026-08-13T03:04:17Z,6123J32769C1,32769,C1,1,11400,11402,2026-08-13T05:09:25,11508,11400,34.0,43.076443,-2.2971737,61,False,,1
2026-08-13T03:04:17Z,6223J71150C2,71150,C2,0,14223,05602,2026-08-13T05:18:00,05637,14223,A,43.452877,-3.8282192,62,False,2AM,2
2026-08-13T03:04:17Z,2023J70751C6,70751,C6,0,05509,05513,2026-08-13T05:30:00,05513,05509,E,43.3823,-5.7026434,20,False,1,4
2026-08-13T03:04:17Z,2023J70400C5,70400,C5,-2,05443,05441,2026-08-13T05:28:00,15410,05443,E,43.250706,-5.5648093,20,False,1,1
2026-08-13T03:04:17Z,2023J70500C7,70500,C7,0,15211,05300,2026-08-13T05:27:00,05311,15211,E,43.366535,-5.8552504,20,False,2,1
2026-08-13T03:04:17Z,2023J22101C1,22101,C1,0,15218,15211,2026-08-13T05:20:00,15410,15218,E,43.3588,-5.8573804,20,False,1,1
2026-08-13T03:04:17Z,1023J79200C2,79200,C2,0,18000,70002,2026-08-13T05:18:00,70103,18000,E,40.40667,-3.689395,10,False,3,2
2026-08-13T03:04:17Z,1023J20209C4a,20209,C4a,0,37012,37011,2026-08-13T05:37:00,19003,37012,E,40.24143,-3.769159,10,False,1,1
2026-08-13T03:04:17Z,1023J76352C5,76352,C5,0,35610,35605,2026-08-13T05:08:00,35609,35607,A,40.3503,-3.8317595,10,False,1,1
2026-08-13T03:04:17Z,1023J20407C4b,20407,C4b,0,37012,37011,2026-08-13T05:26:00,17005,37012,E,40.24143,-3.769159,10,False,2,1
2026-08-13T03:04:17Z,1023J76672C5,76672,C5,0,37001,35009,2026-08-13T05:36:00,35012,37001,E,40.34132,-3.7123663,10,False,6,2
2026-08-13T03:04:17Z,1023J20405C4b,20405,C4b,0,18000,18101,2026-08-13T05:27:00,17005,18000,E,40.40654,-3.6895106,10,True,5,1
2026-08-13T03:04:17Z,1023J79203C7,79203,C7,0,70103,70111,2026-08-13T05:17:00,18000,70103,E,40.4889,-3.3666708,10,False,5,1
2026-08-13T03:04:17Z,1023J20403C4b,20403,C4b,0,17000,17001,2026-08-13T05:10:00,17005,17000,E,40.471325,-3.6833096,10,False,5,1
2026-08-13T03:04:17Z,1023J76354C5,76354,C5,0,35607,35606,2026-08-13T05:13:00,35609,35607,E,40.330883,-3.8823783,10,False,2,1
2026-08-13T03:04:17Z,1023J79205C7,79205,C7,0,70103,70111,2026-08-13T05:29:00,18000,70103,E,40.4889,-3.3666708,10,False,5,1
2026-08-13T03:04:17Z,1023J79600C10,79600,C10,0,10200,10104,2026-08-13T05:34:00,18004,10200,E,40.62599,-4.0081153,10,False,4,2
2026-08-13T03:04:17Z,1023J76677C5,76677,C5,0,35012,35002,2026-08-13T05:25:00,37001,35012,E,40.25559,-3.8284667,10,False,1,1
2026-08-13T03:04:17Z,1023J79503C2,79503,C2,0,70200,70105,2026-08-13T05:27:00,18000,70200,E,40.644257,-3.1823237,10,False,3,1
2026-08-13T03:04:17Z,1023J76679C5,76679,C5,0,35012,35002,2026-08-13T05:36:00,37001,35012,E,40.25559,-3.8284667,10,False,1,1
2026-08-13T03:04:17Z,1023J79402C2,79402,C2,0,17000,98003,2026-08-13T05:31:00,70200,17000,E,40.47097,-3.68245,10,False,2,2
2026-08-13T03:04:17Z,1023J76356C5,76356,C5,0,35607,35606,2026-08-13T05:23:00,35609,35607,E,40.330883,-3.8823783,10,False,2,1
2026-08-13T03:04:17Z,1023J20205C4a,20205,C4a,3,37012,37011,2026-08-13T05:10:00,19003,37012,3.0,40.243546,-3.7683206,10,False,1,1
2026-08-13T03:04:17Z,1023J76675C5,76675,C5,0,35012,35002,2026-08-13T05:15:00,37001,35012,E,40.25559,-3.8284667,10,False,1,1
2026-08-13T03:04:17Z,1023J20204C4,20204,C4,0,17000,18002,2026-08-13T05:30:00,37012,17000,E,40.471325,-3.6833096,10,False,2,8
2026-08-13T03:04:17Z,1023J76358C5,76358,C5,0,35607,35606,2026-08-13T05:33:00,35609,35607,E,40.330883,-3.8823783,10,False,2,1
2026-08-13T03:04:17Z,1023J76202C5,76202,C5,0,18003,35702,2026-08-13T05:31:00,37001,18003,E,40.39592,-3.6779969,10,False,2,2
2026-08-13T03:04:17Z,1023J20203C4a,20203,C4a,0,17000,17001,2026-08-13T05:13:00,19003,18000,A,40.501648,-3.6821797,10,True,4,1
2026-08-13T03:04:17Z,1023J20004C3,20004,C3,0,17000,18002,2026-08-13T05:33:00,60200,17000,E,40.471382,-3.6834786,10,False,2,8
2026-08-13T03:04:17Z,1023J20202C4,20202,C4,0,18000,60100,2026-08-13T05:30:00,37012,18000,E,40.40654,-3.6895106,10,True,7,1
2026-08-13T03:04:17Z,1023J20003C3,20003,C3,0,60200,60105,2026-08-13T05:27:00,17000,60200,E,40.035027,-3.6189713,10,False,1,1
2026-08-13T03:04:17Z,1023J79201C2,79201,C2,2,70111,70112,2026-08-13T05:08:00,18000,70103,5.0,40.47954,-3.3953671,10,False,1,1
2026-08-13T03:04:17Z,1023J19799C1,19799,C1,0,18000,18001,2026-08-13T05:18:00,98305,18000,E,40.470993,-3.6825814,10,True,1,1
2026-08-13T03:04:17Z,1023J20002C3,20002,C3,0,17000,18002,2026-08-13T05:16:00,60200,17000,E,40.471382,-3.6834786,10,False,2,8
2026-08-13T03:08:15Z,3023J23501C1,23501,C1,0,51003,50703,2026-08-13T05:31:00,50600,51003,A,37.479904,-5.9399505,30,False,11,1
2026-08-13T03:08:15Z,3023J23500C1,23500,C1,0,51003,51100,2026-08-13T05:12:00,51203,51003,E,37.392567,-5.9749837,30,False,,2
2026-08-13T03:08:15Z,4023J84002C2,84002,C2,0,64003,64004,2026-08-13T05:23:00,64006,64003,,38.878082,-0.7535829,40,False,,
2026-08-13T03:08:15Z,5123J28400R2N,28400,R2N,1,79006,79011,2026-08-13T05:11:44,72400,79100,A,41.510387,2.199821,50,True,2,
2026-08-13T03:08:15Z,5123J25702R1,25702,R1,2,79412,79410,2026-08-13T05:09:12,72305,79500,E,41.50672,2.4016483,50,True,,2
2026-08-13T03:08:15Z,5123J28264R2S,28264,R2S,0,71600,71601,2026-08-13T05:23:00,79400,71600,A,41.189453,1.5750299,50,False,,
2026-08-13T03:08:15Z,5123J25400R2,25400,R2,2,71705,71706,2026-08-13T05:13:26,79200,71700,A,41.30321,2.0106592,50,True,2,
2026-08-13T03:08:15Z,5123J28557R2N,28557,R2N,0,71802,71801,2026-08-13T05:12:25,72400,79400,A,41.37954,2.1411655,50,True,,
2026-08-13T03:08:15Z,5123J25602R1,25602,R1,1,79601,79600,2026-08-13T05:13:55,72305,79603,A,41.577496,2.549442,50,True,1,2
2026-08-13T03:08:15Z,5123J25604R1,25604,R1,0,79603,79602,2026-08-13T05:28:00,72305,79603,A,41.601646,2.6246321,50,True,,
2026-08-13T03:08:15Z,5123J77502R4,77502,R4,1,78806,78804,2026-08-13T05:14:52,71600,78700,E,41.42185,2.1869605,50,False,2,2
2026-08-13T03:08:15Z,5123J77400R4,77400,R4,1,72201,72202,2026-08-13T05:10:45,78600,71600,68.0,41.256794,1.5803517,50,False,,2
2026-08-13T03:08:15Z,5123J77602R4,77602,R4,0,72209,72210,2026-08-13T05:24:00,78600,72209,A,41.473316,1.967515,50,False,8,4
2026-08-13T03:08:15Z,5123J77600R4,77600,R4,1,72300,72301,2026-08-13T05:12:11,78600,72209,21.0,41.404785,2.0270545,50,False,,2
2026-08-13T03:08:15Z,5123J77504R4,77504,R4,1,78709,78704,2026-08-13T05:10:58,71600,78700,10.0,41.561966,2.0962272,50,False,,2
2026-08-13T03:08:15Z,5123J33520RL4,15620,RL4,0,78400,78402,2026-08-13T05:13:00,78600,78400,,41.620644,0.6340701,50,False,,
2026-08-13T03:08:15Z,6023J26500C3,26500,C3,0,13114,13113,2026-08-13T05:09:45,13100,13200,E,43.24241,-2.9163692,60,False,,2
2026-08-13T03:08:15Z,6023J26100C1,26100,C1,1,13403,13402,2026-08-13T05:09:35,13200,13405,E,43.319454,-3.0174012,60,False,2,2
2026-08-13T03:08:15Z,6023J26101C1,26101,C1,0,13200,13205,2026-08-13T05:22:00,13405,13200,A,43.256733,-2.9322033,60,False,2,1
2026-08-13T03:08:15Z,6023J26501C3,26501,C3,1,13101,13121,2026-08-13T05:10:03,13200,13100,A,43.05786,-2.996093,60,True,1,1
2026-08-13T03:08:15Z,6023J26000C2,26000,C2,0,13506,13505,2026-08-13T05:13:00,13200,13506,A,43.315636,-3.0911126,60,False,1,1
2026-08-13T03:08:15Z,6023J26502C3,26502,C3,0,13200,13120,2026-08-13T05:22:00,13100,13200,A,43.25035,-2.930641,60,False,3,2
2026-08-13T03:08:15Z,6023J26001C2,26001,C2,0,13200,13205,2026-08-13T05:11:00,13506,13200,A,43.256733,-2.9322033,60,False,1,1
2026-08-13T03:08:15Z,6123J86280C1,86280,C1,0,11511,11508,2026-08-13T05:25:00,11508,11511,A,43.27241,-1.9637448,61,False,,2
2026-08-13T03:08:15Z,6123J86180C1,86180,C1,0,11511,11508,2026-08-13T05:15:00,11508,11511,E,43.317684,-1.9766475,61,False,,2
2026-08-13T03:08:15Z,6123J35650C1,26696,C1,2,11408,11407,2026-08-13T05:13:17,11305,11508,E,43.093952,-2.1255136,61,False,,2
2026-08-13T03:08:15Z,6123J32769C1,32769,C1,1,11400,11402,2026-08-13T05:09:25,11508,11400,85.0,43.04978,-2.2661471,61,False,,1
2026-08-13T03:08:15Z,6223J71150C2,71150,C2,0,14223,05602,2026-08-13T05:18:00,05637,14223,A,43.452877,-3.8282192,62,False,2AM,2
2026-08-13T03:08:15Z,6223J71100C2,71100,C2,0,14223,05602,2026-08-13T05:25:00,05623,14223,A,43.452877,-3.8282192,62,False,8AM,2
2026-08-13T03:08:15Z,2023J70750C6,70750,C6,0,05513,05509,2026-08-13T05:47:00,15211,05513,E,43.388065,-5.664932,20,False,3,2
2026-08-13T03:08:15Z,2023J70400C5,70400,C5,2,05443,05441,2026-08-13T05:32:00,15410,05443,E,43.250706,-5.5648093,20,False,1,1
2026-08-13T03:08:15Z,2023J22101C1,22101,C1,0,15218,15211,2026-08-13T05:20:00,15410,15218,E,43.3588,-5.8573804,20,False,1,1
2026-08-13T03:08:15Z,2023J70751C6,70751,C6,0,05509,05513,2026-08-13T05:30:00,05513,05509,E,43.3588,-5.8573804,20,False,1,4
2026-08-13T03:13:30Z,3023J23501C1,23501,C1,0,51003,50703,2026-08-13T05:31:00,50600,51003,A,37.479904,-5.9399505,30,False,11,1
2026-08-13T03:13:30Z,3023J23500C1,23500,C1,0,51100,51110,2026-08-13T05:14:39,51203,51003,E,37.377792,-5.9795485,30,False,,2
2026-08-13T03:13:30Z,4023J84002C2,84002,C2,0,64003,64004,2026-08-13T05:23:00,64006,64003,,38.878082,-0.7535829,40,False,,
2026-08-13T03:13:30Z,5123J25702R1,25702,R1,3,79409,79408,2026-08-13T05:16:44,72305,79500,E,41.487606,2.3548977,50,True,2,2
2026-08-13T03:13:30Z,5123J28264R2S,28264,R2S,0,71600,71601,2026-08-13T05:23:00,79400,71600,A,41.189453,1.5750299,50,False,,
2026-08-13T03:13:30Z,5123J25400R2,25400,R2,2,71706,71709,2026-08-13T05:15:49,79200,71700,E,41.30321,2.0106592,50,True,2,
2026-08-13T03:13:30Z,5123J28557R2N,28557,R2N,0,71802,71801,2026-08-13T05:12:25,72400,79400,A,41.37954,2.1411655,50,True,,
2026-08-13T03:13:30Z,5123J28400R2N,28400,R2N,2,79011,79005,2026-08-13T05:15:34,72400,79100,22.0,41.50526,2.1958363,50,True,,
2026-08-13T03:13:30Z,5123J25602R1,25602,R1,1,79600,79502,2026-08-13T05:16:09,72305,79603,A,41.568428,2.5260491,50,True,2,2
2026-08-13T03:13:30Z,5123J77602R4,77602,R4,0,72209,72210,2026-08-13T05:24:00,78600,72209,A,41.473316,1.967515,50,False,8,4
2026-08-13T03:13:30Z,5123J77504R4,77504,R4,-1,78703,78705,2026-08-13T05:15:03,71600,78700,E,41.528614,2.1051986,50,False,,2
2026-08-13T03:13:30Z,5123J33520RL4,15620,RL4,-1,78402,78403,2026-08-13T05:19:51,78600,78400,E,41.63177,0.78155035,50,False,,
2026-08-13T03:13:30Z,5123J77400R4,77400,R4,2,72202,72203,2026-08-13T05:18:58,78600,71600,18.0,41.281963,1.6103895,50,False,,
2026-08-13T03:13:30Z,5123J77402R4,77402,R4,0,71600,72201,2026-08-13T05:32:00,78600,71600,A,41.220802,1.5381482,50,False,,2
2026-08-13T03:13:30Z,5123J77600R4,77600,R4,2,72301,72302,2026-08-13T05:16:49,78600,72209,10.0,41.381874,2.0494535,50,False,,2
2026-08-13T03:13:30Z,5123J77502R4,77502,R4,-1,78804,78805,2026-08-13T05:14:31,71600,78700,E,41.391907,2.1806386,50,False,,2
2026-08-13T03:13:30Z,6023J26100C1,26100,C1,0,13400,13305,2026-08-13T05:16:17,13200,13405,A,43.2878,-2.975288,60,False,2,2
2026-08-13T03:13:30Z,6023J26000C2,26000,C2,0,13505,13508,2026-08-13T05:16:09,13200,13506,E,43.315636,-3.0911126,60,False,,1
2026-08-13T03:13:30Z,6023J26500C3,26500,C3,2,13113,13118,2026-08-13T05:16:10,13100,13200,27.0,43.23358,-2.890497,60,False,,2
2026-08-13T03:13:30Z,6023J26101C1,26101,C1,0,13200,13205,2026-08-13T05:22:00,13405,13200,A,43.256733,-2.9322033,60,False,2,1
2026-08-13T03:13:30Z,6023J26501C3,26501,C3,1,13102,13103,2026-08-13T05:15:03,13200,13100,E,43.07418,-2.9994733,60,True,1,1
2026-08-13T03:13:30Z,6023J26502C3,26502,C3,0,13200,13120,2026-08-13T05:22:00,13100,13200,A,43.25035,-2.930641,60,False,3,2
2026-08-13T03:13:30Z,6023J26001C2,26001,C2,2,13205,13206,2026-08-13T05:14:46,13506,13200,24.0,43.25463,-2.9343061,60,False,,1
2026-08-13T03:13:30Z,6123J86280C1,86280,C1,0,11511,11508,2026-08-13T05:25:00,11508,11511,E,43.317684,-1.9766475,61,False,,2
2026-08-13T03:13:30Z,6123J86180C1,86180,C1,0,11511,11508,2026-08-13T05:15:00,11508,11511,E,43.317684,-1.9766475,61,False,,2
2026-08-13T03:13:30Z,6123J32769C1,32769,C1,0,11404,11405,2026-08-13T05:16:57,11508,11400,A,43.052605,-2.1791906,61,False,1,1
2026-08-13T03:13:30Z,6123J35650C1,26696,C1,0,11407,11406,2026-08-13T05:13:13,11305,11508,S,43.085815,-2.1409454,61,False,,2
2026-08-13T03:13:30Z,6223J71150C2,71150,C2,0,14223,05602,2026-08-13T05:18:00,05637,14223,A,43.452877,-3.8282192,62,False,2AM,2
2026-08-13T03:13:30Z,6223J71100C2,71100,C2,0,14223,05602,2026-08-13T05:25:00,05623,14223,A,43.452877,-3.8282192,62,False,8AM,2
2026-08-13T03:13:30Z,2023J70751C6,70751,C6,0,05509,05513,2026-08-13T05:30:00,05513,05509,E,43.3823,-5.7026434,20,False,1,4
2026-08-13T03:13:30Z,2023J70400C5,70400,C5,7,05443,05441,2026-08-13T05:37:00,15410,05443,E,43.250706,-5.5648093,20,False,1,1
2026-08-13T03:13:30Z,2023J80851C6,80851,C6,0,05509,05511,2026-08-13T05:47:00,05534,05509,E,43.3823,-5.7026434,20,False,1,1
2026-08-13T03:13:30Z,2023J22101C1,22101,C1,3,15218,15211,2026-08-13T05:23:00,15410,15218,E,43.3588,-5.8573804,20,False,1,1
2026-08-13T03:13:30Z,2023J70750C6,70750,C6,0,05513,05509,2026-08-13T05:47:00,15211,05513,E,43.388065,-5.664932,20,False,3,2
2026-08-13T03:13:30Z,2023J22103C1,22103,C1,0,15218,15211,2026-08-13T05:45:00,15410,15218,E,43.3588,-5.8573804,20,False,1,1
2026-08-13T03:13:30Z,2023J70900C8,70900,C8,0,05373,05375,2026-08-13T05:43:00,05389,05373,E,43.21386,-5.784103,20,False,2,2
2026-08-13T03:18:35Z,3023J23501C1,23501,C1,0,51003,50703,2026-08-13T05:31:00,50600,51003,A,37.479904,-5.9399505,30,False,11,1
2026-08-13T03:18:35Z,3023J23500C1,23500,C1,2,51110,51200,2026-08-13T05:39:23,51203,51003,5.0,37.34991,-5.9705925,30,False,,2
2026-08-13T03:18:35Z,4023J84002C2,84002,C2,0,64003,64004,2026-08-13T05:23:00,64006,64003,,38.878082,-0.7535829,40,False,,
2026-08-13T03:18:35Z,5123J25702R1,25702,R1,2,79407,79406,2026-08-13T05:20:40,72305,79500,E,41.47691,2.310406,50,True,2,2
2026-08-13T03:18:35Z,5123J28264R2S,28264,R2S,0,71600,71601,2026-08-13T05:23:00,79400,71600,E,41.18592,1.5248429,50,False,,
2026-08-13T03:18:35Z,5123J25400R2,25400,R2,3,71707,71708,2026-08-13T05:26:13,79200,71700,A,41.354904,2.115462,50,True,4,
2026-08-13T03:18:35Z,5123J28402R2N,28402,R2N,0,79100,79007,2026-08-13T05:34:00,72400,79100,A,41.54973,2.2454193,50,True,8,
2026-08-13T03:18:35Z,5123J28500R2,28500,R2,1,71700,71701,2026-08-13T05:21:03,79104,71700,58.0,41.27745,1.9777229,50,True,,
2026-08-13T03:18:35Z,5123J28557R2N,28557,R2N,5,71801,71708,2026-08-13T05:23:38,72400,79400,15.0,41.37613,2.1362329,50,True,,
2026-08-13T03:18:35Z,5123J25602R1,25602,R1,1,79502,79501,2026-08-13T05:18:53,72305,79603,E,41.568428,2.5260491,50,True,,2
2026-08-13T03:18:35Z,5123J77402R4,77402,R4,0,71600,72201,2026-08-13T05:32:00,78600,71600,A,41.220802,1.5381482,50,False,,2
2026-08-13T03:18:35Z,5123J77504R4,77504,R4,-1,78706,78707,2026-08-13T05:21:32,71600,78700,A,41.481228,2.1669743,50,False,,2
2026-08-13T03:18:35Z,5123J77506R4,77506,R4,0,78700,78710,2026-08-13T05:33:00,71600,78700,A,41.567463,2.03963,50,True,1,2
2026-08-13T03:18:35Z,5123J77600R4,77600,R4,1,72303,72305,2026-08-13T05:20:52,78600,72209,E,41.357582,2.070575,50,False,,1
2026-08-13T03:18:35Z,5123J33520RL4,15620,RL4,0,78402,78403,2026-08-13T05:21:10,78600,78400,62.0,41.631073,0.8529879,50,False,,
2026-08-13T03:18:35Z,5123J77602R4,77602,R4,0,72209,72210,2026-08-13T05:24:00,78600,72209,E,41.47872,1.9255537,50,False,,4
2026-08-13T03:18:35Z,5123J28400R2N,28400,R2N,2,79005,79004,2026-08-13T05:21:37,72400,79100,49.0,41.4583,2.1879926,50,True,,2
2026-08-13T03:18:35Z,5123J77400R4,77400,R4,0,72203,72204,2026-08-13T05:21:39,78600,71600,E,41.31439,1.6600643,50,False,,1
2026-08-13T03:18:35Z,6023J26101C1,26101,C1,0,13200,13205,2026-08-13T05:22:00,13405,13200,A,43.256733,-2.9322033,60,False,2,1
2026-08-13T03:18:35Z,6023J26500C3,26500,C3,0,13111,13110,2026-08-13T05:23:45,13100,13200,E,43.210075,-2.888758,60,False,,2
2026-08-13T03:18:35Z,6023J26502C3,26502,C3,0,13200,13120,2026-08-13T05:22:00,13100,13200,A,43.25035,-2.930641,60,False,3,2
2026-08-13T03:18:35Z,6023J26600C3,26600,C3,0,13200,13120,2026-08-13T05:32:00,13106,13200,A,43.25035,-2.930641,60,False,4,2
2026-08-13T03:18:35Z,6023J26000C2,26000,C2,0,13504,13509,2026-08-13T05:19:18,13200,13506,E,43.31141,-3.0604117,60,False,,1
2026-08-13T03:18:35Z,6023J26501C3,26501,C3,3,13103,13104,2026-08-13T05:21:41,13200,13100,37.0,43.11061,-2.9928374,60,True,,1
2026-08-13T03:18:35Z,6023J26003C2,26003,C2,0,13200,13205,2026-08-13T05:33:00,13506,13200,A,43.256733,-2.9322033,60,False,1,1
2026-08-13T03:18:35Z,6023J26503C3,26503,C3,0,13100,13116,2026-08-13T05:36:00,13200,13100,A,43.035866,-3.0039182,60,True,2,1
2026-08-13T03:18:35Z,6023J71501C4,71501,C4,0,05485,05483,2026-08-13T05:32:00,05451,05485,A,43.196415,-3.1899889,60,False,1,1
2026-08-13T03:18:35Z,6023J26002C2,26002,C2,0,13506,13505,2026-08-13T05:35:00,13200,13506,A,43.315636,-3.0911126,60,False,3,1
2026-08-13T03:18:35Z,6023J26001C2,26001,C2,2,13303,13304,2026-08-13T05:21:34,13506,13200,E,43.26418,-2.9553094,60,False,,1
2026-08-13T03:18:35Z,6023J26100C1,26100,C1,0,13304,13303,2026-08-13T05:20:16,13200,13405,E,43.27778,-2.972136,60,False,,2
2026-08-13T03:18:35Z,6123J86280C1,86280,C1,0,11511,11508,2026-08-13T05:25:00,11508,11511,E,43.317684,-1.9766475,61,False,,2
2026-08-13T03:18:35Z,6123J35650C1,26696,C1,0,11404,11402,2026-08-13T05:24:39,11305,11508,A,43.040184,-2.256515,61,False,2,2
2026-08-13T03:18:35Z,6123J32769C1,32769,C1,0,11405,11406,2026-08-13T05:19:25,11508,11400,57.0,43.0619,-2.1713095,61,False,,1
2026-08-13T03:18:35Z,6223J71100C2,71100,C2,0,14223,05602,2026-08-13T05:25:00,05623,14223,A,43.452877,-3.8282192,62,False,8AM,2
2026-08-13T03:18:35Z,6223J71102C2,71102,C2,0,14223,05602,2026-08-13T05:33:00,05623,14223,A,43.452877,-3.8282192,62,False,8AM,2
2026-08-13T03:18:35Z,6223J71150C2,71150,C2,0,05602,05605,2026-08-13T05:24:40,05637,14223,E,43.452877,-3.8282192,62,False,,1
2026-08-13T03:18:35Z,2023J70751C6,70751,C6,0,05509,05513,2026-08-13T05:30:00,05513,05509,E,43.3823,-5.7026434,20,False,1,4
2026-08-13T03:18:35Z,2023J70400C5,70400,C5,13,05443,05441,2026-08-13T05:43:00,15410,05443,E,43.250706,-5.5648093,20,False,1,1
2026-08-13T03:18:35Z,2023J22200C2,22200,C2,0,15211,15218,2026-08-13T05:47:00,16011,15211,E,43.366478,-5.855087,20,False,2,2
2026-08-13T03:18:35Z,2023J80851C6,80851,C6,0,05509,05511,2026-08-13T05:47:00,05534,05509,E,43.3823,-5.7026434,20,False,1,1
2026-08-13T03:18:35Z,2023J70750C6,70750,C6,0,05513,05509,2026-08-13T05:47:00,15211,05513,E,43.388065,-5.664932,20,False,3,2
2026-08-13T03:18:35Z,2023J22103C1,22103,C1,0,15218,15211,2026-08-13T05:45:00,15410,15218,E,43.3588,-5.8573804,20,False,1,1
2026-08-13T03:18:35Z,2023J70900C8,70900,C8,0,05373,05375,2026-08-13T05:43:00,05389,05373,E,43.21386,-5.784103,20,False,2,2
2026-08-13T03:18:35Z,2023J22101C1,22101,C1,0,15211,15217,2026-08-13T05:23:00,15410,15218,A,43.38812,-5.8272715,20,False,1,1
2026-08-13T03:18:35Z,4123J24700C1,24700,C1,0,61200,62001,2026-08-13T05:59:00,60911,61200,E,37.974686,-1.131078,41,False,2,4
2026-08-13T03:18:35Z,4123J24701C1,24701,C1,0,60911,62109,2026-08-13T05:54:00,61200,60911,E,38.34553,-0.49576503,41,False,1,1
2026-08-13T03:18:35Z,1023J19799C1,19799,C1,1,18001,18002,2026-08-13T05:23:00,98305,18000,A,40.470993,-3.6825814,10,True,1,3
2026-08-13T03:18:35Z,1023J20002C3,20002,C3,2,18002,18101,2026-08-13T05:22:00,60200,17000,E,40.4466,-3.6920877,10,True,8,2
2026-08-13T03:18:35Z,1023J20209C4a,20209,C4a,0,37012,37011,2026-08-13T05:37:00,19003,37012,E,40.24143,-3.769159,10,False,1,1
2026-08-13T03:18:35Z,1023J20407C4b,20407,C4b,0,37012,37011,2026-08-13T05:26:00,17005,37012,E,40.24143,-3.769159,10,False,1,1
2026-08-13T03:18:35Z,1023J20208C4,20208,C4,0,17000,18002,2026-08-13T05:52:00,37012,17000,E,40.471325,-3.6833096,10,False,2,8
2026-08-13T03:18:35Z,1023J20207C4a,20207,C4a,0,18000,18101,2026-08-13T05:47:00,19003,18000,E,40.40654,-3.6895106,10,False,0,1
2026-08-13T03:18:35Z,1023J79200C2,79200,C2,4,18000,70002,2026-08-13T05:22:00,70103,18000,14.0,40.403404,-3.6857858,10,False,3,2
2026-08-13T03:18:35Z,1023J20405C4b,20405,C4b,0,18000,18101,2026-08-13T05:27:00,17005,18000,E,40.40654,-3.6895106,10,True,5,1
2026-08-13T03:18:35Z,1023J20403C4b,20403,C4b,3,17009,17003,2026-08-13T05:21:00,17005,17000,A,40.558834,-3.7141593,10,True,1,1
2026-08-13T03:18:35Z,1023J20205C4a,20205,C4a,2,37001,60100,2026-08-13T05:22:00,19003,37012,A,40.352676,-3.684073,10,True,1,2
2026-08-13T03:18:35Z,1023J20402C4b,20402,C4b,0,17005,17004,2026-08-13T05:48:00,37012,17005,E,40.644844,-3.7762609,10,False,3,3
2026-08-13T03:18:35Z,1023J20204C4,20204,C4,0,17000,18002,2026-08-13T05:30:00,37012,17000,E,40.471325,-3.6833096,10,False,2,8
2026-08-13T03:18:35Z,1023J79201C2,79201,C2,0,70108,70100,2026-08-13T05:22:00,18000,70103,E,40.423397,-3.561349,10,False,1,1
2026-08-13T03:18:35Z,1023J76352C5,76352,C5,1,35602,35601,2026-08-13T05:19:00,35609,35607,78.0,40.381268,-3.7802126,10,False,1,1
2026-08-13T03:18:35Z,1023J20411C4b,20411,C4b,0,37012,37011,2026-08-13T05:50:00,17005,37012,E,40.24143,-3.769159,10,False,2,1
2026-08-13T03:18:35Z,1023J20212C4a,20212,C4a,0,19003,19002,2026-08-13T05:44:00,37012,19003,E,40.546417,-3.6351175,10,False,2,2
2026-08-13T03:18:35Z,1023J76353C5,76353,C5,0,35609,35608,2026-08-13T05:40:00,35607,35609,E,40.405067,-3.7026901,10,False,2,2
2026-08-13T03:18:35Z,1023J76672C5,76672,C5,0,37001,35009,2026-08-13T05:36:00,35012,37001,E,40.34132,-3.7123663,10,False,6,2
2026-08-13T03:18:35Z,1023J76360C5,76360,C5,0,35607,35606,2026-08-13T05:43:00,35609,35607,E,40.330883,-3.8823783,10,False,2,1
2026-08-13T03:18:35Z,1023J79203C7,79203,C7,1,70111,70112,2026-08-13T05:22:00,18000,70103,E,40.480347,-3.39294,10,False,1,1
2026-08-13T03:18:35Z,1023J76681C5,76681,C5,0,35012,35002,2026-08-13T05:45:00,37001,35012,E,40.25559,-3.8284667,10,False,1,1
2026-08-13T03:18:35Z,1023J79202C7,79202,C7,0,18000,70002,2026-08-13T05:52:00,70103,18000,E,40.40667,-3.6893938,10,False,3,2
2026-08-13T03:18:35Z,1023J76202C5,76202,C5,11,18003,35702,2026-08-13T05:42:00,37001,18003,E,40.39592,-3.6779969,10,False,2,2
2026-08-13T03:18:35Z,1023J76354C5,76354,C5,1,35605,35604,2026-08-13T05:22:00,35609,35607,A,40.356674,-3.8156087,10,False,1,1
2026-08-13T03:18:35Z,1023J76203C5,76203,C5,0,37001,35704,2026-08-13T05:47:00,18003,37001,E,40.34132,-3.7123663,10,False,4,1
2026-08-13T03:18:35Z,1023J76355C5,76355,C5,0,35609,35608,2026-08-13T05:50:00,35607,35609,E,40.405067,-3.7026901,10,False,2,2
2026-08-13T03:18:35Z,1023J20005C3,20005,C3,0,60200,60105,2026-08-13T05:47:00,17000,60200,E,40.035027,-3.6189713,10,False,1,1
2026-08-13T03:18:35Z,1023J76674C5,76674,C5,0,37001,35009,2026-08-13T05:46:00,35012,37001,E,40.34132,-3.7123663,10,False,6,2
2026-08-13T03:18:35Z,1023J79205C7,79205,C7,0,70103,70111,2026-08-13T05:29:00,18000,70103,E,40.4889,-3.3666708,10,False,5,1
2026-08-13T03:18:35Z,1023J79600C10,79600,C10,0,10200,10104,2026-08-13T05:34:00,18004,10200,E,40.62599,-4.0081153,10,False,4,2
2026-08-13T03:18:35Z,1023J79503C2,79503,C2,0,70200,70105,2026-08-13T05:27:00,18000,70200,E,40.644257,-3.1823237,10,False,3,1
2026-08-13T03:18:35Z,1023J76679C5,76679,C5,0,35012,35002,2026-08-13T05:36:00,37001,35012,E,40.25559,-3.8284667,10,False,1,1
2026-08-13T03:18:35Z,1023J79507C2,79507,C2,0,70200,70105,2026-08-13T05:49:00,18000,70200,E,40.644257,-3.1823237,10,False,3,1
2026-08-13T03:18:35Z,1023J79808C8a,79808,C8a,0,10203,10202,2026-08-13T05:53:00,18002,10203,E,40.58532,-4.1321955,10,False,3,2
2026-08-13T03:18:35Z,1023J79402C2,79402,C2,0,17000,98003,2026-08-13T05:31:00,70200,17000,E,40.47097,-3.68245,10,False,2,2
2026-08-13T03:18:35Z,1023J20203C4a,20203,C4a,5,17001,17009,2026-08-13T05:23:00,19003,18000,11.0,40.506863,-3.6835623,10,True,1,1
2026-08-13T03:18:35Z,1023J76356C5,76356,C5,4,35607,35606,2026-08-13T05:27:00,35609,35607,E,40.330883,-3.8823783,10,False,2,1
2026-08-13T03:18:35Z,1023J20004C3,20004,C3,0,17000,18002,2026-08-13T05:33:00,60200,17000,E,40.471382,-3.6834786,10,False,2,8
2026-08-13T03:18:35Z,1023J76675C5,76675,C5,1,35011,35001,2026-08-13T05:23:00,37001,35012,A,40.328766,-3.7714624,10,False,1,1
2026-08-13T03:18:35Z,1023J20202C4,20202,C4,0,18000,60100,2026-08-13T05:30:00,37012,18000,E,40.40654,-3.6895106,10,True,7,1
2026-08-13T03:18:35Z,1023J79207C7,79207,C7,0,70103,70111,2026-08-13T05:41:00,18000,70103,E,40.4889,-3.3666708,10,False,5,1
2026-08-13T03:18:35Z,1023J20003C3,20003,C3,0,60200,60105,2026-08-13T05:27:00,17000,60200,E,40.035027,-3.6189713,10,False,1,1
2026-08-13T03:18:35Z,1023J76358C5,76358,C5,0,35607,35606,2026-08-13T05:33:00,35609,35607,E,40.330883,-3.8823783,10,False,2,1
2026-08-13T03:18:35Z,1023J76677C5,76677,C5,0,35012,35002,2026-08-13T05:25:00,37001,35012,E,40.25559,-3.8284667,10,False,1,1
2026-08-13T03:23:19Z,3023J23501C1,23501,C1,1,51003,50703,2026-08-13T05:31:44,50600,51003,22.0,37.409466,-5.958779,30,False,,1
2026-08-13T03:23:19Z,4023J24103C2,24103,C2,0,64100,64006,2026-08-13T05:42:00,64003,64100,,38.992313,-0.5246103,40,False,,
2026-08-13T03:23:19Z,4023J24001C2,24001,C2,0,65000,64203,2026-08-13T05:43:00,64006,65000,,39.466305,-0.37739235,40,False,,1
2026-08-13T03:23:19Z,5123J77402R4,77402,R4,0,71600,72201,2026-08-13T05:32:00,78600,71600,A,41.220802,1.5381482,50,False,,2
2026-08-13T03:23:19Z,5123J77506R4,77506,R4,0,78700,78710,2026-08-13T05:33:00,71600,78700,A,41.567463,2.03963,50,True,1,2
2026-08-13T03:23:19Z,5123J77602R4,77602,R4,0,72209,72210,2026-08-13T05:24:00,78600,72209,E,41.47872,1.9255537,50,False,,4
2026-08-13T03:23:19Z,5123J25604R1,25604,R1,0,79603,79602,2026-08-13T05:28:00,72305,79603,4.0,41.614048,2.6643736,50,True,,
2026-08-13T03:23:19Z,5123J15000R15,15000,R15,0,71400,71401,2026-08-13T05:45:00,79400,71400,4.0,41.160637,1.1000068,50,False,,
2026-08-13T03:23:19Z,5123J28404R2N,28404,R2N,0,79104,79103,2026-08-13T05:41:00,72400,79104,A,41.671745,2.4542186,50,True,5,
2026-08-13T03:23:19Z,5123J25400R2,25400,R2,3,71707,71708,2026-08-13T05:26:13,79200,71700,A,41.354904,2.115462,50,True,,
2026-08-13T03:23:19Z,5123J28402R2N,28402,R2N,0,79100,79007,2026-08-13T05:34:00,72400,79100,A,41.54973,2.2454193,50,True,8,
2026-08-13T03:23:19Z,5123J28557R2N,28557,R2N,5,71801,71708,2026-08-13T05:23:38,72400,79400,93.0,41.357674,2.115929,50,True,,
2026-08-13T03:23:19Z,6023J26002C2,26002,C2,0,13506,13505,2026-08-13T05:35:00,13200,13506,A,43.315636,-3.0911126,60,False,3,1
2026-08-13T03:23:19Z,6023J26101C1,26101,C1,1,13205,13206,2026-08-13T05:25:09,13405,13200,E,43.256733,-2.9322033,60,False,1,1
2026-08-13T03:23:19Z,6023J26500C3,26500,C3,0,13110,13115,2026-08-13T05:24:32,13100,13200,A,43.176933,-2.909058,60,False,2,2
2026-08-13T03:23:19Z,6023J26501C3,26501,C3,3,13104,13106,2026-08-13T05:25:50,13200,13100,E,43.132793,-2.9697878,60,True,,1
2026-08-13T03:23:19Z,6023J26503C3,26503,C3,0,13100,13116,2026-08-13T05:36:00,13200,13100,A,43.035866,-3.0039182,60,True,2,1
2026-08-13T03:23:19Z,6023J26502C3,26502,C3,1,13120,13119,2026-08-13T05:25:59,13100,13200,E,43.25035,-2.930641,60,False,,2
2026-08-13T03:23:19Z,6023J26000C2,26000,C2,0,13503,13502,2026-08-13T05:25:16,13200,13506,E,43.301556,-3.0287716,60,False,1,1
2026-08-13T03:23:19Z,6023J26102C1,26102,C1,0,13405,13404,2026-08-13T05:38:00,13200,13405,A,43.3262,-3.023556,60,False,2,2
2026-08-13T03:23:19Z,6023J26600C3,26600,C3,0,13200,13120,2026-08-13T05:32:00,13106,13200,A,43.25035,-2.930641,60,False,4,2
2026-08-13T03:23:19Z,6023J71501C4,71501,C4,0,05485,05483,2026-08-13T05:32:00,05451,05485,A,43.196415,-3.1899889,60,False,1,1
2026-08-13T03:23:19Z,6023J26001C2,26001,C2,1,13305,13400,2026-08-13T05:26:03,13506,13200,E,43.2878,-2.975288,60,False,1,3
2026-08-13T03:23:19Z,6023J26100C1,26100,C1,1,13208,13207,2026-08-13T05:23:32,13200,13405,E,43.26169,-2.948731,60,False,,2
2026-08-13T03:23:19Z,6023J26003C2,26003,C2,0,13200,13205,2026-08-13T05:33:00,13506,13200,A,43.256733,-2.9322033,60,False,1,1
2026-08-13T03:23:19Z,6123J86280C1,86280,C1,0,11511,11508,2026-08-13T05:25:00,11508,11511,E,43.317684,-1.9766475,61,False,,2
2026-08-13T03:23:19Z,6123J32769C1,32769,C1,0,11407,11408,2026-08-13T05:24:23,11508,11400,E,43.085815,-2.1409454,61,False,,1
2026-08-13T03:23:19Z,6123J35680C1,35680,C1,-7,11508,11507,2026-08-13T05:40:00,11305,11508,A,43.266514,-1.9726831,61,False,2,2
2026-08-13T03:23:19Z,6123J35650C1,26696,C1,1,11404,11402,2026-08-13T05:25:40,11305,11508,59.0,43.04604,-2.2333345,61,False,,2
2026-08-13T03:23:19Z,6223J71100C2,71100,C2,0,14223,05602,2026-08-13T05:25:00,05623,14223,E,43.45811,-3.8111749,62,False,,2
2026-08-13T03:23:19Z,6223J71102C2,71102,C2,0,14223,05602,2026-08-13T05:33:00,05623,14223,A,43.452877,-3.8282192,62,False,8AM,2
2026-08-13T03:23:19Z,2023J70751C6,70751,C6,0,05509,05513,2026-08-13T05:30:00,05513,05509,E,43.3823,-5.7026434,20,False,1,4
2026-08-13T03:23:19Z,2023J70200C4,70200,C4,0,15410,05211,2026-08-13T06:09:00,05211,15410,E,43.537647,-5.67596,20,False,12,3
2026-08-13T03:23:19Z,2023J22200C2,22200,C2,0,15211,15218,2026-08-13T05:47:00,16011,15211,E,43.366478,-5.855087,20,False,2,2
2026-08-13T03:23:19Z,2023J70750C6,70750,C6,0,05513,05509,2026-08-13T05:47:00,15211,05513,E,43.388065,-5.664932,20,False,3,2
2026-08-13T03:23:19Z,2023J22101C1,22101,C1,0,15217,15212,2026-08-13T05:26:00,15410,15218,E,43.38812,-5.8272715,20,False,1,1
2026-08-13T03:23:19Z,2023J80851C6,80851,C6,0,05509,05511,2026-08-13T05:47:00,05534,05509,E,43.3823,-5.7026434,20,False,1,1
2026-08-13T03:23:19Z,2023J70400C5,70400,C5,17,05443,05441,2026-08-13T05:47:00,15410,05443,E,43.250706,-5.5648093,20,False,1,1
2026-08-13T03:23:19Z,2023J70900C8,70900,C8,0,05373,05375,2026-08-13T05:43:00,05389,05373,E,43.21386,-5.784103,20,False,2,2
2026-08-13T03:23:19Z,2023J70501C7,70501,C7,0,05311,05308,2026-08-13T05:51:00,15211,05311,E,43.34864,-5.9676714,20,False,1,1
2026-08-13T03:23:19Z,2023J70753C6,70753,C6,0,05509,05513,2026-08-13T06:00:00,05513,05509,E,43.3823,-5.7026434,20,False,1,4
2026-08-13T03:23:19Z,2023J22103C1,22103,C1,-1,15218,15211,2026-08-13T05:44:00,15410,15218,E,43.3588,-5.8573804,20,False,1,1
2026-08-13T03:23:19Z,2023J22303C3,22303,C3,0,15218,15211,2026-08-13T05:55:00,16405,15218,E,43.3588,-5.8573804,20,False,1,1
2026-08-13T03:23:19Z,4123J24700C1,24700,C1,0,61200,62001,2026-08-13T05:59:00,60911,61200,E,37.974686,-1.131078,41,False,2,4
2026-08-13T03:23:19Z,4123J24701C1,24701,C1,0,60911,62109,2026-08-13T05:54:00,61200,60911,E,38.34553,-0.49576503,41,False,1,1
2026-08-13T03:23:19Z,1023J76360C5,76360,C5,0,35607,35606,2026-08-13T05:43:00,35609,35607,E,40.330883,-3.8823783,10,False,2,1
2026-08-13T03:23:19Z,1023J76362C5,76362,C5,0,35607,35606,2026-08-13T05:53:00,35609,35607,E,40.330883,-3.8823783,10,False,2,1
2026-08-13T03:23:19Z,1023J76681C5,76681,C5,0,35012,35002,2026-08-13T05:45:00,37001,35012,E,40.25559,-3.8284667,10,False,1,1
2026-08-13T03:23:19Z,1023J76683C5,76683,C5,0,35012,35002,2026-08-13T05:55:00,37001,35012,E,40.25559,-3.8284667,10,False,1,1
2026-08-13T03:23:19Z,1023J79952C8b,79952,C8b,0,12006,12005,2026-08-13T05:53:00,18000,12006,E,40.737614,-4.0662985,10,False,2,1
2026-08-13T03:23:19Z,1023J76202C5,76202,C5,16,18003,35702,2026-08-13T05:47:00,37001,18003,E,40.39592,-3.6779969,10,False,2,2
2026-08-13T03:23:19Z,1023J20002C3,20002,C3,3,18101,18000,2026-08-13T05:29:00,60200,17000,S,40.417023,-3.7031636,10,True,2,7
2026-08-13T03:23:19Z,1023J76203C5,76203,C5,0,37001,35704,2026-08-13T05:47:00,18003,37001,E,40.34132,-3.7123663,10,False,4,1
2026-08-13T03:23:19Z,1023J19800C1,19800,C1,0,17000,98003,2026-08-13T05:54:00,98305,17000,E,40.47102,-3.6825693,10,False,12,2
2026-08-13T03:23:19Z,1023J20209C4a,20209,C4a,0,37012,37011,2026-08-13T05:37:00,19003,37012,E,40.24143,-3.769159,10,False,1,1
2026-08-13T03:23:19Z,1023J20005C3,20005,C3,0,60200,60105,2026-08-13T05:47:00,17000,60200,E,40.035027,-3.6189713,10,True,1,1
2026-08-13T03:23:19Z,1023J20407C4b,20407,C4b,4,37012,37011,2026-08-13T05:30:00,17005,37012,E,40.24143,-3.769159,10,False,1,1
2026-08-13T03:23:19Z,1023J20203C4a,20203,C4a,5,17009,19001,2026-08-13T05:26:00,19003,18000,E,40.55402,-3.6837044,10,True,1,1
2026-08-13T03:23:19Z,1023J20004C3,20004,C3,0,17000,18002,2026-08-13T05:33:00,60200,17000,E,40.471382,-3.6834786,10,True,1,8
2026-08-13T03:23:19Z,1023J20208C4,20208,C4,0,17000,18002,2026-08-13T05:52:00,37012,17000,E,40.471325,-3.6833096,10,False,2,8
2026-08-13T03:23:19Z,1023J20207C4a,20207,C4a,0,18000,18101,2026-08-13T05:47:00,19003,18000,E,40.40654,-3.6895106,10,False,0,1
2026-08-13T03:23:19Z,1023J20202C4,20202,C4,0,18000,60100,2026-08-13T05:30:00,37012,18000,E,40.40654,-3.6895106,10,True,7,1
2026-08-13T03:23:19Z,1023J20405C4b,20405,C4b,0,18000,18101,2026-08-13T05:27:00,17005,18000,E,40.40654,-3.6895106,10,True,5,1
2026-08-13T03:23:19Z,1023J20003C3,20003,C3,5,60200,60105,2026-08-13T05:32:00,17000,60200,E,40.035027,-3.6189713,10,True,1,1
2026-08-13T03:23:19Z,1023J20007C3,20007,C3,0,60200,60105,2026-08-13T05:59:00,17000,60200,E,40.035027,-3.6189713,10,False,1,1
2026-08-13T03:23:19Z,1023J20411C4b,20411,C4b,0,37012,37011,2026-08-13T05:50:00,17005,37012,E,40.24143,-3.769159,10,False,2,1
2026-08-13T03:23:19Z,1023J20403C4b,20403,C4b,4,17003,17004,2026-08-13T05:26:00,17005,17000,E,40.558834,-3.7141593,10,False,1,2
2026-08-13T03:23:19Z,1023J20212C4a,20212,C4a,0,19003,19002,2026-08-13T05:44:00,37012,19003,E,40.546417,-3.6351175,10,False,2,2
2026-08-13T03:23:19Z,1023J20205C4a,20205,C4a,3,60100,18000,2026-08-13T05:33:00,19003,37012,A,40.40654,-3.6895106,10,True,2,6
2026-08-13T03:23:19Z,1023J19799C1,19799,C1,2,18002,17000,2026-08-13T05:32:00,98305,18000,E,40.470993,-3.6825814,10,False,1,12
2026-08-13T03:23:19Z,1023J20402C4b,20402,C4b,0,17005,17004,2026-08-13T05:48:00,37012,17005,E,40.644844,-3.7762609,10,False,3,3
2026-08-13T03:23:19Z,1023J79201C2,79201,C2,1,70100,70109,2026-08-13T05:26:00,18000,70103,E,40.401035,-3.5957623,10,False,1,1
2026-08-13T03:23:19Z,1023J20204C4,20204,C4,0,17000,18002,2026-08-13T05:30:00,37012,17000,E,40.471325,-3.6833096,10,False,2,8
2026-08-13T03:23:19Z,1023J76352C5,76352,C5,0,35608,35609,2026-08-13T05:28:00,35609,35607,E,40.3989,-3.7442265,10,False,1,1
2026-08-13T03:23:19Z,1023J76353C5,76353,C5,0,35609,35608,2026-08-13T05:40:00,35607,35609,E,40.405067,-3.7026901,10,False,2,2
2026-08-13T03:23:19Z,1023J76672C5,76672,C5,0,37001,35009,2026-08-13T05:36:00,35012,37001,E,40.34132,-3.7123663,10,False,6,2
2026-08-13T03:23:19Z,1023J76354C5,76354,C5,1,35603,35602,2026-08-13T05:27:00,35609,35607,A,40.381268,-3.7802126,10,False,1,1
2026-08-13T03:23:19Z,1023J76355C5,76355,C5,0,35609,35608,2026-08-13T05:50:00,35607,35609,E,40.405067,-3.7026901,10,False,2,2
2026-08-13T03:23:19Z,1023J76674C5,76674,C5,0,37001,35009,2026-08-13T05:46:00,35012,37001,E,40.34132,-3.7123663,10,False,6,2
2026-08-13T03:23:19Z,1023J76356C5,76356,C5,1,35606,35610,2026-08-13T05:27:00,35609,35607,A,40.34195,-3.8423326,10,False,1,1
2026-08-13T03:23:19Z,1023J79200C2,79200,C2,5,70002,70003,2026-08-13T05:25:00,70103,18000,10.0,40.380848,-3.6671474,10,False,2,2
2026-08-13T03:23:19Z,1023J76675C5,76675,C5,0,35001,35009,2026-08-13T05:24:00,37001,35012,E,40.328766,-3.7714624,10,False,1,1
2026-08-13T03:23:19Z,1023J79203C7,79203,C7,2,70112,70102,2026-08-13T05:26:00,18000,70103,E,40.464172,-3.4414766,10,True,1,1
2026-08-13T03:23:19Z,1023J76358C5,76358,C5,0,35607,35606,2026-08-13T05:33:00,35609,35607,E,40.330883,-3.8823783,10,False,2,1
2026-08-13T03:23:19Z,1023J79202C7,79202,C7,0,18000,70002,2026-08-13T05:52:00,70103,18000,E,40.40667,-3.6893938,10,False,3,2
2026-08-13T03:23:19Z,1023J76677C5,76677,C5,3,35012,35002,2026-08-13T05:28:00,37001,35012,E,40.25559,-3.8284667,10,False,1,1
2026-08-13T03:23:19Z,1023J79205C7,79205,C7,0,70103,70111,2026-08-13T05:29:00,18000,70103,E,40.4889,-3.3666708,10,False,5,1
2026-08-13T03:23:19Z,1023J79503C2,79503,C2,1,70105,70104,2026-08-13T05:32:00,18000,70200,A,40.53455,-3.2985828,10,False,1,1
2026-08-13T03:23:19Z,1023J79600C10,79600,C10,0,10200,10104,2026-08-13T05:34:00,18004,10200,E,40.62599,-4.0081153,10,False,4,2
2026-08-13T03:23:19Z,1023J79402C2,79402,C2,0,17000,98003,2026-08-13T05:31:00,70200,17000,E,40.47097,-3.68245,10,False,2,2
2026-08-13T03:23:19Z,1023J76679C5,76679,C5,0,35012,35002,2026-08-13T05:36:00,37001,35012,E,40.25559,-3.8284667,10,False,1,1
2026-08-13T03:23:19Z,1023J79207C7,79207,C7,0,70103,70111,2026-08-13T05:41:00,18000,70103,E,40.4889,-3.3666708,10,False,5,1
2026-08-13T03:23:19Z,1023J79507C2,79507,C2,0,70200,70105,2026-08-13T05:49:00,18000,70200,E,40.644257,-3.1823237,10,False,3,1
2026-08-13T03:23:19Z,1023J79209C7,79209,C7,0,70103,70111,2026-08-13T05:53:00,18000,70103,E,40.4889,-3.3666708,10,False,5,1
2026-08-13T03:23:19Z,1023J79808C8a,79808,C8a,0,10203,10202,2026-08-13T05:53:00,18002,10203,E,40.58532,-4.1321955,10,False,3,2
2026-08-13T03:28:16Z,3023J23501C1,23501,C1,1,51003,50703,2026-08-13T05:31:44,50600,51003,68.0,37.453224,-5.9617157,30,False,,1
2026-08-13T03:28:16Z,3223J23303C1,23303,C1,1,54501,54503,2026-08-13T05:29:46,54516,54517,49.0,36.695396,-4.468471,32,False,,1
2026-08-13T03:28:16Z,4023J24103C2,24103,C2,0,64100,64006,2026-08-13T05:42:00,64003,64100,,38.992313,-0.5246103,40,False,,
2026-08-13T03:28:16Z,4023J24301C6,24301,C6,0,65300,65209,2026-08-13T05:44:00,65000,65300,,39.988174,-0.05200379,40,False,,1
2026-08-13T03:28:16Z,4023J24001C2,24001,C2,0,65000,64203,2026-08-13T05:43:00,64006,65000,,39.466305,-0.37739235,40,False,,1
2026-08-13T03:28:16Z,5123J77402R4,77402,R4,0,71600,72201,2026-08-13T05:32:00,78600,71600,A,41.220802,1.5381482,50,False,,2
2026-08-13T03:28:16Z,5123J25604R1,25604,R1,0,79603,79602,2026-08-13T05:28:00,72305,79603,S,41.614597,2.666027,50,True,,
2026-08-13T03:28:16Z,5123J28263R2S,28263,R2S,0,79400,71802,2026-08-13T05:38:00,71700,79400,2.0,41.35488,2.1156967,50,True,,
2026-08-13T03:28:16Z,5123J15000R15,15000,R15,0,71400,71401,2026-08-13T05:45:00,79400,71400,,41.160637,1.1000068,50,False,,
2026-08-13T03:28:16Z,5123J33521R4,15631,R4,0,78600,78506,2026-08-13T05:55:00,78400,78600,A,41.72026,1.8263956,50,False,,
2026-08-13T03:28:16Z,5123J28404R2N,28404,R2N,0,79104,79103,2026-08-13T05:41:00,72400,79104,A,41.671745,2.4542186,50,True,5,
2026-08-13T03:28:16Z,5123J77506R4,77506,R4,0,78700,78710,2026-08-13T05:33:00,71600,78700,A,41.567463,2.03963,50,True,1,2
2026-08-13T03:28:16Z,5123J28556R2N,28556,R2N,0,72400,71707,2026-08-13T05:46:00,79400,72400,A,41.3306,2.0894625,50,True,1,4
2026-08-13T03:28:16Z,5123J28402R2N,28402,R2N,0,79100,79007,2026-08-13T05:34:00,72400,79100,A,41.54973,2.2454193,50,True,8,
2026-08-13T03:28:16Z,6023J26001C2,26001,C2,2,13400,13501,2026-08-13T05:31:28,13506,13200,19.0,43.303032,-2.9888723,60,False,,3
2026-08-13T03:28:16Z,6023J26502C3,26502,C3,1,13114,13113,2026-08-13T05:31:02,13100,13200,30.0,43.244415,-2.9081476,60,False,,2
2026-08-13T03:28:16Z,6023J26100C1,26100,C1,0,13200,13200,2026-08-13T05:28:46,13200,13405,A,43.260048,-2.928513,60,False,,
2026-08-13T03:28:16Z,6023J26600C3,26600,C3,0,13200,13120,2026-08-13T05:32:00,13106,13200,A,43.25035,-2.930641,60,False,4,2
2026-08-13T03:28:16Z,6023J26000C2,26000,C2,0,13501,13400,2026-08-13T05:33:52,13200,13506,E,43.304123,-3.010197,60,False,1,2
2026-08-13T03:28:16Z,6023J26501C3,26501,C3,0,13107,13117,2026-08-13T05:28:51,13200,13100,E,43.144993,-2.9434426,60,True,,1
2026-08-13T03:28:16Z,6023J26503C3,26503,C3,0,13100,13116,2026-08-13T05:36:00,13200,13100,A,43.035866,-3.0039182,60,True,2,1
2026-08-13T03:28:16Z,6023J26002C2,26002,C2,0,13506,13505,2026-08-13T05:35:00,13200,13506,A,43.315636,-3.0911126,60,False,3,1
2026-08-13T03:28:16Z,6023J71501C4,71501,C4,0,05485,05483,2026-08-13T05:32:00,05451,05485,A,43.196415,-3.1899889,60,False,1,1
2026-08-13T03:28:16Z,6023J26101C1,26101,C1,1,13303,13304,2026-08-13T05:32:27,13405,13200,A,43.27778,-2.972136,60,False,1,1
2026-08-13T03:28:16Z,6023J26102C1,26102,C1,0,13405,13404,2026-08-13T05:38:00,13200,13405,A,43.3262,-3.023556,60,False,2,2
2026-08-13T03:28:16Z,6023J26500C3,26500,C3,-1,13108,13117,2026-08-13T05:30:48,13100,13200,E,43.16316,-2.9277587,60,False,,2
2026-08-13T03:28:16Z,6023J26103C1,26103,C1,0,13200,13205,2026-08-13T05:44:00,13405,13200,A,43.256733,-2.9322033,60,False,2,1
2026-08-13T03:28:16Z,6023J26003C2,26003,C2,0,13200,13205,2026-08-13T05:33:00,13506,13200,A,43.256733,-2.9322033,60,False,1,1
2026-08-13T03:28:16Z,6123J32769C1,32769,C1,0,11409,11500,2026-08-13T05:35:10,11508,11400,E,43.10187,-2.0972357,61,False,,1
2026-08-13T03:28:16Z,6123J35680C1,35680,C1,-7,11508,11507,2026-08-13T05:40:00,11305,11508,A,43.266514,-1.9726831,61,False,2,2
2026-08-13T03:28:16Z,6123J35650C1,26696,C1,0,11402,11400,2026-08-13T05:34:25,11305,11508,31.0,43.058155,-2.2766092,61,False,,2
2026-08-13T03:28:16Z,6223J71100C2,71100,C2,0,05602,05605,2026-08-13T05:32:05,05623,14223,E,43.452877,-3.8282192,62,False,,1
2026-08-13T03:28:16Z,6223J71102C2,71102,C2,0,14223,05602,2026-08-13T05:33:00,05623,14223,A,43.452877,-3.8282192,62,False,8AM,2
2026-08-13T03:28:16Z,6223J71150C2,71150,C2,1,05605,05621,2026-08-13T05:46:04,05637,14223,A,43.35116,-4.0512547,62,False,,1
2026-08-13T03:28:16Z,2023J70200C4,70200,C4,0,15410,05211,2026-08-13T06:09:00,05211,15410,E,43.537647,-5.67596,20,False,12,3
2026-08-13T03:28:16Z,2023J22000C1,22000,C1,0,15211,15218,2026-08-13T05:57:00,15122,15211,E,43.36655,-5.854991,20,False,2,2
2026-08-13T03:28:16Z,2023J22200C2,22200,C2,0,15211,15218,2026-08-13T05:47:00,16011,15211,E,43.366478,-5.855087,20,False,2,2
2026-08-13T03:28:16Z,2023J70750C6,70750,C6,0,05513,05509,2026-08-13T05:47:00,15211,05513,E,43.388065,-5.664932,20,False,3,2
2026-08-13T03:28:16Z,2023J80851C6,80851,C6,0,05509,05511,2026-08-13T05:47:00,05534,05509,E,43.3823,-5.7026434,20,False,1,1
2026-08-13T03:28:16Z,2023J70400C5,70400,C5,0,05443,05441,2026-08-13T05:30:00,15410,05443,E,43.250706,-5.5648093,20,False,1,1
2026-08-13T03:28:16Z,2023J70900C8,70900,C8,0,05373,05375,2026-08-13T05:43:00,05389,05373,E,43.21386,-5.784103,20,False,1,2
2026-08-13T03:28:16Z,2023J70751C6,70751,C6,5,05509,05513,2026-08-13T05:35:00,05513,05509,E,43.3823,-5.7026434,20,False,1,4
2026-08-13T03:28:16Z,2023J22103C1,22103,C1,4,15218,15211,2026-08-13T05:49:00,15410,15218,E,43.3588,-5.8573804,20,False,1,1
2026-08-13T03:28:16Z,2023J70501C7,70501,C7,0,05311,05308,2026-08-13T05:51:00,15211,05311,E,43.34864,-5.9676714,20,False,1,1
2026-08-13T03:28:16Z,2023J70753C6,70753,C6,0,05509,05513,2026-08-13T06:00:00,05513,05509,E,43.3823,-5.7026434,20,False,1,4
2026-08-13T03:28:16Z,2023J22303C3,22303,C3,0,15218,15211,2026-08-13T05:55:00,16405,15218,E,43.3588,-5.8573804,20,False,1,1
2026-08-13T03:28:16Z,2023J70500C7,70500,C7,0,05300,05301,2026-08-13T05:28:00,05311,15211,E,43.365196,-5.864812,20,False,1,2
2026-08-13T03:28:16Z,4123J24701C1,24701,C1,0,60911,62109,2026-08-13T05:54:00,61200,60911,E,38.34553,-0.49576503,41,False,1,1
2026-08-13T03:28:16Z,4123J24700C1,24700,C1,0,61200,62001,2026-08-13T05:59:00,60911,61200,E,37.974686,-1.131078,41,False,2,4
2026-08-13T03:33:33Z,3023J23501C1,23501,C1,0,50703,50704,2026-08-13T05:34:22,50600,51003,E,37.479904,-5.9399505,30,False,,1
2026-08-13T03:33:33Z,3023J23101C3,23101,C3,0,51003,50700,2026-08-13T06:08:00,40115,51003,A,37.59084,-5.7277255,30,False,,
2026-08-13T03:33:33Z,3223J23303C1,23303,C1,1,54505,54520,2026-08-13T05:36:00,54516,54517,E,36.677452,-4.490335,32,False,1,1
2026-08-13T03:33:33Z,4023J24301C6,24301,C6,0,65300,65209,2026-08-13T05:44:00,65000,65300,,39.988174,-0.05200379,40,False,,1
2026-08-13T03:33:33Z,4023J24103C2,24103,C2,0,64100,64006,2026-08-13T05:42:00,64003,64100,A,38.96917,-0.5866923,40,False,1,
2026-08-13T03:33:33Z,4023J24200C1,24200,C1,0,69110,69107,2026-08-13T05:51:00,65000,69110,A,39.02619,-0.21494265,40,False,2,
2026-08-13T03:33:33Z,4023J24001C2,24001,C2,0,65000,64203,2026-08-13T05:43:00,64006,65000,,39.466305,-0.37739235,40,False,,1
2026-08-13T03:33:33Z,5123J18120R16,18120,R16,0,65400,65402,2026-08-13T05:55:00,79400,65400,,40.807198,0.5228472,50,False,,
2026-08-13T03:33:33Z,5123J18121R16,18121,R16,0,79400,71802,2026-08-13T05:55:00,65400,79400,A,41.392376,2.1651223,50,True,,
2026-08-13T03:33:33Z,5123J28404R2N,28404,R2N,0,79104,79103,2026-08-13T05:41:00,72400,79104,A,41.671745,2.4542186,50,True,5,
2026-08-13T03:33:33Z,5123J28402R2N,28402,R2N,0,79100,79007,2026-08-13T05:34:00,72400,79100,A,41.54973,2.2454193,50,True,,
2026-08-13T03:33:33Z,5123J15000R15,15000,R15,0,71400,71401,2026-08-13T05:45:00,79400,71400,,41.160637,1.1000068,50,False,,
2026-08-13T03:33:33Z,5123J28263R2S,28263,R2S,0,79400,71802,2026-08-13T05:38:00,71700,79400,52.0,41.40208,2.1864755,50,True,,
2026-08-13T03:33:33Z,5123J25501R2S,25501,R2S,0,79400,71802,2026-08-13T05:58:00,71600,79400,A,41.392376,2.1651223,50,False,,
2026-08-13T03:33:33Z,5123J28556R2N,28556,R2N,0,72400,71707,2026-08-13T05:46:00,79400,72400,A,41.3306,2.0894625,50,True,1,4
2026-08-13T03:33:33Z,5123J25601R1,25601,R1,0,72305,71801,2026-08-13T05:54:00,79200,72305,A,41.379536,2.1411612,50,False,,
2026-08-13T03:33:33Z,5123J77702R4,77702,R4,0,78800,78801,2026-08-13T05:47:00,72209,78800,A,41.46098,2.1810303,50,True,5,2
2026-08-13T03:33:33Z,5123J33521R4,15631,R4,0,78600,78506,2026-08-13T05:55:00,78400,78600,A,41.72026,1.8263956,50,False,,
2026-08-13T03:33:33Z,6023J26101C1,26101,C1,0,13305,13400,2026-08-13T05:36:25,13405,13200,E,43.2878,-2.975288,60,False,1,1
2026-08-13T03:33:33Z,6023J26102C1,26102,C1,0,13405,13404,2026-08-13T05:38:00,13200,13405,A,43.3262,-3.023556,60,False,2,2
2026-08-13T03:33:33Z,6023J26500C3,26500,C3,-1,13107,13106,2026-08-13T05:35:46,13100,13200,E,43.144993,-2.9434426,60,False,,2
2026-08-13T03:33:33Z,6023J26103C1,26103,C1,0,13200,13205,2026-08-13T05:44:00,13405,13200,A,43.256733,-2.9322033,60,False,2,1
2026-08-13T03:33:33Z,6023J26003C2,26003,C2,1,13200,13205,2026-08-13T05:34:11,13506,13200,3.0,43.26009,-2.9287114,60,False,1,1
2026-08-13T03:33:33Z,6023J26503C3,26503,C3,1,13100,13116,2026-08-13T05:37:15,13200,13100,19.0,43.00137,-3.01007,60,True,,1
2026-08-13T03:33:33Z,6023J26502C3,26502,C3,2,13113,13118,2026-08-13T05:35:52,13100,13200,33.0,43.23283,-2.890768,60,False,,2
2026-08-13T03:33:33Z,6023J26002C2,26002,C2,1,13506,13505,2026-08-13T05:36:10,13200,13506,1.0,43.321285,-3.112176,60,False,3,1
2026-08-13T03:33:33Z,6023J71501C4,71501,C4,1,05485,05483,2026-08-13T05:33:20,05451,05485,94.0,43.19615,-3.1905336,60,False,,1
2026-08-13T03:33:33Z,6023J26600C3,26600,C3,2,13200,13120,2026-08-13T05:34:02,13106,13200,59.0,43.254734,-2.9329886,60,False,,2
2026-08-13T03:33:33Z,6023J26001C2,26001,C2,5,13501,13502,2026-08-13T05:34:33,13506,13200,A,43.302948,-3.0169492,60,False,3,1
2026-08-13T03:33:33Z,6023J26000C2,26000,C2,0,13501,13400,2026-08-13T05:33:52,13200,13506,E,43.304123,-3.010197,60,False,,2
2026-08-13T03:33:33Z,6123J35680C1,35680,C1,-7,11507,11506,2026-08-13T05:44:00,11305,11508,E,43.266514,-1.9726831,61,False,2,2
2026-08-13T03:33:33Z,6123J32769C1,32769,C1,0,11500,11501,2026-08-13T05:37:42,11508,11400,A,43.139435,-2.074181,61,False,1,1
2026-08-13T03:33:33Z,6123J35650C1,26696,C1,-1,11400,11306,2026-08-13T05:36:54,11305,11508,E,43.086685,-2.3198454,61,False,,2
2026-08-13T03:33:33Z,6123J81702C1,81702,C1,0,11600,11518,2026-08-13T05:53:00,11508,11600,A,43.330643,-1.8169186,61,False,,2
2026-08-13T03:33:33Z,6223J71152C2,71152,C2,0,14223,05602,2026-08-13T05:48:00,05637,14223,A,43.452877,-3.8282192,62,False,1AM,2
2026-08-13T03:33:33Z,6223J71102C2,71102,C2,1,14223,05602,2026-08-13T05:33:57,05623,14223,75.0,43.454185,-3.8239582,62,False,,2
2026-08-13T03:33:33Z,4723J71091C1,71091,C1,0,05761,05790,2026-08-13T05:47:00,05753,05761,A,42.786263,-5.12754,47,False,,
2026-08-13T03:33:33Z,2023J22200C2,22200,C2,0,15211,15218,2026-08-13T05:47:00,16011,15211,E,43.366478,-5.855087,20,False,2,2
2026-08-13T03:33:33Z,2023J70500C7,70500,C7,2,05303,05304,2026-08-13T05:37:00,05311,15211,E,43.35863,-5.8975425,20,False,1,2
2026-08-13T03:33:33Z,2023J22101C1,22101,C1,0,15301,15302,2026-08-13T05:38:00,15410,15218,A,43.505,-5.7819037,20,False,1,1
2026-08-13T03:33:33Z,2023J70200C4,70200,C4,0,15410,05211,2026-08-13T06:09:00,05211,15410,E,43.537647,-5.67596,20,False,12,3
2026-08-13T03:33:33Z,2023J70751C6,70751,C6,10,05509,05513,2026-08-13T05:40:00,05513,05509,E,43.3823,-5.7026434,20,False,1,4
2026-08-13T03:33:33Z,2023J70750C6,70750,C6,0,05513,05509,2026-08-13T05:47:00,15211,05513,E,43.388065,-5.664932,20,False,3,2
2026-08-13T03:33:33Z,2023J22000C1,22000,C1,0,15211,15218,2026-08-13T05:57:00,15122,15211,E,43.36655,-5.854991,20,False,2,2
2026-08-13T03:33:33Z,2023J80851C6,80851,C6,0,05509,05511,2026-08-13T05:47:00,05534,05509,E,43.3823,-5.7026434,20,False,1,1
2026-08-13T03:33:33Z,2023J70400C5,70400,C5,4,05443,05441,2026-08-13T05:34:00,15410,05443,E,43.250706,-5.5648093,20,False,3,1
2026-08-13T03:33:33Z,2023J70900C8,70900,C8,5,05373,05375,2026-08-13T05:48:00,05389,05373,E,43.21386,-5.784103,20,False,1,2
2026-08-13T03:33:33Z,2023J70501C7,70501,C7,0,05311,05308,2026-08-13T05:51:00,15211,05311,E,43.34864,-5.9676714,20,False,1,1
2026-08-13T03:33:33Z,2023J22103C1,22103,C1,9,15218,15211,2026-08-13T05:54:00,15410,15218,E,43.3588,-5.8573804,20,False,1,1
2026-08-13T03:33:33Z,2023J70401C5,70401,C5,0,15410,05403,2026-08-13T06:02:00,05443,15410,E,43.53758,-5.67587,20,False,14,2
2026-08-13T03:33:33Z,2023J22303C3,22303,C3,0,15218,15211,2026-08-13T05:55:00,16405,15218,E,43.3588,-5.8573804,20,False,1,1
2026-08-13T03:33:33Z,2023J70753C6,70753,C6,0,05509,05513,2026-08-13T06:00:00,05513,05509,E,43.3823,-5.7026434,20,False,1,4
2026-08-13T03:33:33Z,4123J24701C1,24701,C1,0,60911,62109,2026-08-13T05:54:00,61200,60911,E,38.34553,-0.49576503,41,False,1,1
2026-08-13T03:33:33Z,4123J84901C2,84901,C2,0,61200,06002,2026-08-13T06:35:00,06006,61200,E,37.97462,-1.1315287,41,False,1,2
2026-08-13T03:33:33Z,4123J24700C1,24700,C1,0,61200,62001,2026-08-13T05:59:00,60911,61200,E,37.974686,-1.131078,41,False,2,4
2026-08-13T03:33:33Z,1023J19800C1,19800,C1,0,17000,98003,2026-08-13T05:54:00,98305,17000,E,40.47102,-3.6825693,10,False,12,2
2026-08-13T03:33:33Z,1023J19803C1,19803,C1,0,98305,98304,2026-08-13T05:59:00,17000,98305,E,40.4924,-3.593483,10,False,2,1
2026-08-13T03:33:33Z,1023J79404C2,79404,C2,0,17000,98003,2026-08-13T06:02:00,70200,17000,E,40.47097,-3.68245,10,False,2,2
2026-08-13T03:33:33Z,1023J79209C7,79209,C7,0,70103,70111,2026-08-13T05:53:00,18000,70103,E,40.4889,-3.3666708,10,False,5,1
2026-08-13T03:33:33Z,1023J20005C3,20005,C3,0,60200,60105,2026-08-13T05:47:00,17000,60200,E,40.035027,-3.6189713,10,True,4,1
2026-08-13T03:33:33Z,1023J79805C8a,79805,C8a,-1,17000,97201,2026-08-13T06:02:00,10203,17000,E,40.47113,-3.6828332,10,False,6,1
2026-08-13T03:33:33Z,1023J20004C3,20004,C3,0,18002,18101,2026-08-13T05:37:00,60200,17000,A,40.417023,-3.7031636,10,True,8,2
2026-08-13T03:33:33Z,1023J79808C8a,79808,C8a,0,10203,10202,2026-08-13T05:53:00,18002,10203,E,40.58532,-4.1321955,10,False,3,2
2026-08-13T03:33:33Z,1023J20202C4,20202,C4,0,37001,37010,2026-08-13T05:37:00,37012,18000,A,40.323135,-3.7273622,10,True,2,2
2026-08-13T03:33:33Z,1023J76360C5,76360,C5,1,35607,35606,2026-08-13T05:44:00,35609,35607,E,40.330883,-3.8823783,10,False,1,1
2026-08-13T03:33:33Z,1023J20003C3,20003,C3,1,60104,60103,2026-08-13T05:38:00,17000,60200,A,40.242844,-3.7038615,10,False,1,1
2026-08-13T03:33:33Z,1023J20002C3,20002,C3,0,60100,60107,2026-08-13T05:35:00,60200,17000,A,40.342415,-3.6838048,10,True,3,2
2026-08-13T03:33:33Z,1023J20409C4b,20409,C4b,0,18000,18101,2026-08-13T05:59:00,17005,18000,E,40.40654,-3.6895106,10,False,5,1
2026-08-13T03:33:33Z,1023J76362C5,76362,C5,0,35607,35606,2026-08-13T05:53:00,35609,35607,E,40.330883,-3.8823783,10,False,2,1
2026-08-13T03:33:33Z,1023J76681C5,76681,C5,0,35012,35002,2026-08-13T05:45:00,37001,35012,E,40.25559,-3.8284667,10,False,1,1
2026-08-13T03:33:33Z,1023J79951C8b,79951,C8b,0,18000,18001,2026-08-13T06:03:00,12006,18000,E,40.406666,-3.6893961,10,False,2,1
2026-08-13T03:33:33Z,1023J76364C5,76364,C5,0,35607,35606,2026-08-13T06:03:00,35609,35607,E,40.330883,-3.8823783,10,False,2,1
2026-08-13T03:33:33Z,1023J76683C5,76683,C5,0,35012,35002,2026-08-13T05:55:00,37001,35012,E,40.25559,-3.8284667,10,False,1,1
2026-08-13T03:33:33Z,1023J79950C2,79950,C2,0,18002,18001,2026-08-13T06:04:00,18000,18002,E,40.44655,-3.691473,10,False,2,2
2026-08-13T03:33:33Z,1023J76685C5,76685,C5,0,35012,35002,2026-08-13T06:05:00,37001,35012,E,40.25559,-3.8284667,10,False,1,1
2026-08-13T03:33:33Z,1023J20209C4a,20209,C4a,2,37012,37011,2026-08-13T05:39:00,19003,37012,3.0,40.249218,-3.7622917,10,True,2,1
2026-08-13T03:33:33Z,1023J76202C5,76202,C5,0,35702,35703,2026-08-13T05:33:00,37001,18003,S,40.3791,-3.6987777,10,False,2,2
2026-08-13T03:33:33Z,1023J20407C4b,20407,C4b,7,37011,37002,2026-08-13T05:36:00,17005,37012,7.0,40.289898,-3.7371762,10,True,1,1
2026-08-13T03:33:33Z,1023J79952C8b,79952,C8b,6,12006,12005,2026-08-13T05:59:00,18000,12006,E,40.737614,-4.0662985,10,False,4,1
2026-08-13T03:33:33Z,1023J76203C5,76203,C5,0,37001,35704,2026-08-13T05:47:00,18003,37001,E,40.34132,-3.7123663,10,False,4,1
2026-08-13T03:33:33Z,1023J20208C4,20208,C4,0,17000,18002,2026-08-13T05:52:00,37012,17000,E,40.471325,-3.6833096,10,False,2,8
2026-08-13T03:33:33Z,1023J76204C5,76204,C5,0,18003,35702,2026-08-13T06:05:00,37001,18003,E,40.39592,-3.6779969,10,False,2,2
2026-08-13T03:33:33Z,1023J20207C4a,20207,C4a,0,18000,18101,2026-08-13T05:47:00,19003,18000,E,40.40654,-3.6895106,10,False,0,1
2026-08-13T03:33:33Z,1023J20405C4b,20405,C4b,0,17000,17001,2026-08-13T05:43:00,17005,18000,A,40.501648,-3.6821797,10,True,0,1
2026-08-13T03:33:33Z,1023J20411C4b,20411,C4b,0,37012,37011,2026-08-13T05:50:00,17005,37012,E,40.24143,-3.769159,10,False,2,1
2026-08-13T03:33:33Z,1023J20007C3,20007,C3,0,60200,60105,2026-08-13T05:59:00,17000,60200,E,40.035027,-3.6189713,10,False,1,1
2026-08-13T03:33:33Z,1023J20212C4a,20212,C4a,0,19003,19002,2026-08-13T05:44:00,37012,19003,E,40.546417,-3.6351175,10,False,2,2
2026-08-13T03:33:33Z,1023J20211C4a,20211,C4a,0,37002,37010,2026-08-13T06:02:00,19003,37002,E,40.309868,-3.733689,10,False,1,1
2026-08-13T03:33:33Z,1023J76357C5,76357,C5,0,35609,35608,2026-08-13T06:00:00,35607,35609,E,40.405067,-3.7026901,10,False,2,2
2026-08-13T03:33:33Z,1023J76676C5,76676,C5,0,37001,35009,2026-08-13T05:56:00,35012,37001,E,40.34132,-3.7123663,10,False,6,2
2026-08-13T03:33:33Z,1023J20413C4b,20413,C4b,0,37012,37011,2026-08-13T06:05:00,17005,37012,E,40.24143,-3.769159,10,False,2,1
2026-08-13T03:33:33Z,1023J79211C7,79211,C7,0,70103,70111,2026-08-13T06:05:00,18000,70103,E,40.4889,-3.3666708,10,False,5,1
2026-08-13T03:33:33Z,1023J76358C5,76358,C5,1,35606,35610,2026-08-13T05:37:00,35609,35607,A,40.34195,-3.8423326,10,False,1,1
2026-08-13T03:33:33Z,1023J76677C5,76677,C5,0,35001,35009,2026-08-13T05:34:00,37001,35012,E,40.328766,-3.7714624,10,False,1,1
2026-08-13T03:33:33Z,1023J79503C2,79503,C2,0,70103,70111,2026-08-13T05:44:00,18000,70200,A,40.480347,-3.39294,10,False,2,1
2026-08-13T03:33:33Z,1023J76679C5,76679,C5,1,35012,35002,2026-08-13T05:37:00,37001,35012,E,40.25559,-3.8284667,10,False,1,1
2026-08-13T03:33:33Z,1023J79507C2,79507,C2,0,70200,70105,2026-08-13T05:49:00,18000,70200,E,40.644257,-3.1823237,10,False,3,1
2026-08-13T03:33:33Z,1023J20204C4,20204,C4,7,17000,18002,2026-08-13T05:37:00,37012,17000,E,40.471325,-3.6833096,10,False,2,8
2026-08-13T03:33:33Z,1023J20402C4b,20402,C4b,0,17005,17004,2026-08-13T05:48:00,37012,17005,E,40.644844,-3.7762609,10,False,3,3
2026-08-13T03:33:33Z,1023J76672C5,76672,C5,4,37001,35009,2026-08-13T05:40:00,35012,37001,E,40.34132,-3.7123663,10,False,4,2
2026-08-13T03:33:33Z,1023J19799C1,19799,C1,3,17000,98003,2026-08-13T05:37:00,98305,18000,5.0,40.477043,-3.6800947,10,False,12,2
2026-08-13T03:33:33Z,1023J76353C5,76353,C5,6,35609,35608,2026-08-13T05:46:00,35607,35609,E,40.405067,-3.7026901,10,False,2,2
2026-08-13T03:33:33Z,1023J79201C2,79201,C2,0,70002,18000,2026-08-13T05:39:00,18000,70103,E,40.381775,-3.6681283,10,False,1,2
2026-08-13T03:33:33Z,1023J76354C5,76354,C5,0,35608,35609,2026-08-13T05:38:00,35609,35607,E,40.3989,-3.7442265,10,False,1,1
2026-08-13T03:33:33Z,1023J76355C5,76355,C5,0,35609,35608,2026-08-13T05:50:00,35607,35609,E,40.405067,-3.7026901,10,False,2,2
2026-08-13T03:33:33Z,1023J76674C5,76674,C5,0,37001,35009,2026-08-13T05:46:00,35012,37001,E,40.34132,-3.7123663,10,False,6,2
2026-08-13T03:33:33Z,1023J76356C5,76356,C5,0,35603,35602,2026-08-13T05:36:00,35609,35607,A,40.381268,-3.7802126,10,False,1,1
2026-08-13T03:33:33Z,1023J79200C2,79200,C2,5,70100,70108,2026-08-13T05:36:00,70103,18000,7.0,40.40257,-3.5933223,10,False,2,2
2026-08-13T03:33:33Z,1023J79203C7,79203,C7,0,70108,70100,2026-08-13T05:37:00,18000,70103,A,40.401035,-3.5957618,10,True,1,1
2026-08-13T03:33:33Z,1023J79202C7,79202,C7,0,18000,70002,2026-08-13T05:52:00,70103,18000,E,40.40667,-3.6893938,10,False,3,2
2026-08-13T03:33:33Z,1023J79205C7,79205,C7,0,70102,70101,2026-08-13T05:41:00,18000,70103,A,40.44277,-3.5339844,10,False,1,1
2026-08-13T03:33:33Z,1023J79204C7,79204,C7,0,18000,70002,2026-08-13T06:04:00,70103,18000,E,40.40667,-3.6893938,10,False,3,2
2026-08-13T03:33:33Z,1023J79402C2,79402,C2,1,98003,70101,2026-08-13T05:45:00,70200,17000,E,40.471153,-3.6823752,10,False,2,2
2026-08-13T03:33:33Z,1023J79600C10,79600,C10,2,10200,10104,2026-08-13T05:36:00,18004,10200,7.0,40.625687,-4.005417,10,False,4,2
2026-08-13T03:33:33Z,1023J79207C7,79207,C7,0,70103,70111,2026-08-13T05:41:00,18000,70103,E,40.4889,-3.3666708,10,False,5,1
2026-08-13T03:38:10Z,3023J23500C1,23500,C1,0,51200,51202,2026-08-13T05:52:04,51203,51003,E,37.18487,-5.7904587,30,False,2,2
2026-08-13T03:38:10Z,3023J23501C1,23501,C1,-1,50702,50701,2026-08-13T05:46:27,50600,51003,A,37.574757,-5.8031654,30,False,1,1
2026-08-13T03:38:10Z,3023J23101C3,23101,C3,0,51003,50700,2026-08-13T06:08:00,40115,51003,A,37.59084,-5.7277255,30,False,,
2026-08-13T03:38:10Z,3223J23303C1,23303,C1,1,54518,54508,2026-08-13T05:38:40,54516,54517,E,36.645103,-4.485182,32,False,1,1
2026-08-13T03:38:10Z,4023J24301C6,24301,C6,0,65300,65209,2026-08-13T05:44:00,65000,65300,,39.988174,-0.05200379,40,False,,1
2026-08-13T03:38:10Z,4023J24201C1,24201,C1,0,65000,64203,2026-08-13T05:59:00,69110,65000,,39.46634,-0.37753645,40,False,,1
2026-08-13T03:38:10Z,4023J24001C2,24001,C2,1,65000,64203,2026-08-13T05:44:01,64006,65000,23.0,39.456116,-0.38075483,40,False,,1
2026-08-13T03:38:10Z,4023J24200C1,24200,C1,0,69110,69107,2026-08-13T05:51:00,65000,69110,A,39.02619,-0.21494265,40,False,2,
2026-08-13T03:38:10Z,4023J24380C6,24380,C6,0,65000,65002,2026-08-13T05:57:00,65312,65000,,39.465065,-0.37811995,40,False,,
2026-08-13T03:38:10Z,4023J24103C2,24103,C2,2,64100,64006,2026-08-13T05:44:05,64003,64100,12.0,38.98896,-0.53242326,40,False,1,
2026-08-13T03:38:10Z,5123J25604R1,25604,R1,2,79600,79502,2026-08-13T05:40:35,72305,79603,E,41.577496,2.549442,50,True,2,2
2026-08-13T03:38:10Z,5123J28263R2S,28263,R2S,0,79400,71802,2026-08-13T05:38:00,71700,79400,99.0,41.39268,2.1655297,50,True,,
2026-08-13T03:38:10Z,5123J28400R2N,28400,R2N,-2,71801,71708,2026-08-13T05:42:59,72400,79100,E,41.37954,2.1411655,50,True,,
2026-08-13T03:38:10Z,5123J77400R4,77400,R4,0,72207,72208,2026-08-13T05:43:13,78600,71600,E,41.41933,1.7952268,50,False,,
2026-08-13T03:38:10Z,5123J28500R2,28500,R2,0,71705,71706,2026-08-13T05:41:26,79104,71700,E,41.27877,1.9793723,50,True,2,
2026-08-13T03:38:10Z,5123J25702R1,25702,R1,19,79407,79406,2026-08-13T05:37:55,72305,79500,S,41.47691,2.310406,50,True,,2
2026-08-13T03:38:10Z,5123J28402R2N,28402,R2N,2,79006,79011,2026-08-13T05:42:58,72400,79100,A,41.54973,2.2454193,50,True,2,
2026-08-13T03:38:10Z,5123J28264R2S,28264,R2S,3,71700,71701,2026-08-13T05:45:56,79400,71600,A,41.23921,1.8097008,50,False,,
2026-08-13T03:38:10Z,5123J35516R3,23516,R3,0,77109,77107,2026-08-13T05:59:00,77102,77109,A,41.841995,2.2473545,50,False,2,
2026-08-13T03:38:10Z,5123J77504R4,77504,R4,1,78802,78806,2026-08-13T05:38:03,71600,78700,E,41.430275,2.1831505,50,False,,2
2026-08-13T03:38:10Z,5123J18120R16,18120,R16,0,65400,65402,2026-08-13T05:55:00,79400,65400,,40.807198,0.5228472,50,False,,
2026-08-13T03:38:10Z,5123J33521R4,15631,R4,0,78600,78506,2026-08-13T05:55:00,78400,78600,A,41.72026,1.8263956,50,False,,
2026-08-13T03:38:10Z,5123J15772R11,15772,R11,0,79309,79303,2026-08-13T06:11:00,71801,79309,,42.265114,2.968971,50,True,,
2026-08-13T03:38:10Z,5123J77506R4,77506,R4,1,78709,78704,2026-08-13T05:40:44,71600,78700,A,41.546566,2.1159177,50,True,2,2
2026-08-13T03:38:10Z,5123J18121R16,18121,R16,0,79400,71802,2026-08-13T05:55:00,65400,79400,A,41.392376,2.1651223,50,True,,
2026-08-13T03:38:10Z,5123J28404R2N,28404,R2N,0,79104,79103,2026-08-13T05:41:00,72400,79104,A,41.671745,2.4542186,50,True,,
2026-08-13T03:38:10Z,5123J15000R15,15000,R15,0,71400,71401,2026-08-13T05:45:00,79400,71400,,41.160637,1.1000068,50,False,,
2026-08-13T03:38:10Z,5123J77402R4,77402,R4,4,72201,72202,2026-08-13T05:44:01,78600,71600,23.0,41.233185,1.5521989,50,False,,2
2026-08-13T03:38:10Z,5123J25400R2,25400,R2,5,71801,71802,2026-08-13T05:39:05,79200,71700,71.0,41.38763,2.158783,50,True,,
2026-08-13T03:38:10Z,5123J25501R2S,25501,R2S,0,79400,71802,2026-08-13T05:58:00,71600,79400,A,41.392376,2.1651223,50,False,,
2026-08-13T03:38:10Z,5123J25602R1,25602,R1,4,79409,79408,2026-08-13T05:39:57,72305,79603,A,41.47896,2.3195477,50,True,,2
2026-08-13T03:38:10Z,5123J25601R1,25601,R1,0,72305,71801,2026-08-13T05:54:00,79200,72305,A,41.379536,2.1411612,50,False,,
2026-08-13T03:38:10Z,5123J77600R4,77600,R4,1,78804,78806,2026-08-13T05:42:13,78600,72209,14.0,41.394505,2.1843796,50,False,1,
2026-08-13T03:38:10Z,5123J77502R4,77502,R4,-1,72301,72300,2026-08-13T05:45:43,71600,78700,A,41.40998,2.0208638,50,False,1,1
2026-08-13T03:38:10Z,5123J77602R4,77602,R4,3,72300,72301,2026-08-13T05:44:02,78600,72209,A,41.38308,2.0479817,50,False,2,2
2026-08-13T03:38:10Z,6023J26503C3,26503,C3,1,13101,13121,2026-08-13T05:39:33,13200,13100,A,43.05786,-2.996093,60,True,1,1
2026-08-13T03:38:10Z,6023J26502C3,26502,C3,0,13111,13110,2026-08-13T05:43:35,13100,13200,E,43.210075,-2.888758,60,False,,2
2026-08-13T03:38:10Z,6023J26001C2,26001,C2,6,13503,13507,2026-08-13T05:39:50,13506,13200,E,43.301556,-3.0287716,60,False,1,1
2026-08-13T03:38:10Z,6023J26600C3,26600,C3,0,13114,13113,2026-08-13T05:39:42,13106,13200,E,43.24241,-2.9163692,60,False,,2
2026-08-13T03:38:10Z,6023J26501C3,26501,C3,-1,13110,13111,2026-08-13T05:43:06,13200,13100,A,43.210075,-2.888758,60,True,,1
2026-08-13T03:38:10Z,6023J26000C2,26000,C2,5,13400,13305,2026-08-13T05:41:49,13200,13506,A,43.2878,-2.975288,60,False,2,2
2026-08-13T03:38:10Z,6023J26504C3,26504,C3,0,13200,13120,2026-08-13T05:52:00,13100,13200,A,43.25035,-2.930641,60,False,5,2
2026-08-13T03:38:10Z,6023J71501C4,71501,C4,0,05481,05479,2026-08-13T05:40:14,05451,05485,E,43.20345,-3.1704924,60,False,,1
2026-08-13T03:38:10Z,6023J26103C1,26103,C1,0,13200,13205,2026-08-13T05:44:00,13405,13200,A,43.256733,-2.9322033,60,False,2,1
2026-08-13T03:38:10Z,6023J26102C1,26102,C1,1,13405,13404,2026-08-13T05:38:57,13200,13405,S,43.328575,-3.0296164,60,False,2,2
2026-08-13T03:38:10Z,6023J26002C2,26002,C2,1,13505,13508,2026-08-13T05:39:28,13200,13506,48.0,43.32047,-3.080254,60,False,,1
2026-08-13T03:38:10Z,6023J26101C1,26101,C1,1,13400,13401,2026-08-13T05:38:38,13405,13200,E,43.300285,-2.9842513,60,False,,1
2026-08-13T03:38:10Z,6023J26003C2,26003,C2,1,13208,13303,2026-08-13T05:38:49,13506,13200,E,43.26169,-2.948731,60,False,1,1
2026-08-13T03:38:10Z,6123J35680C1,35680,C1,-7,11506,11505,2026-08-13T05:48:00,11305,11508,E,43.247425,-1.988344,61,False,2,2
2026-08-13T03:38:10Z,6123J32769C1,32769,C1,-1,11501,11502,2026-08-13T05:39:26,11508,11400,E,43.139435,-2.074181,61,False,,1
2026-08-13T03:38:10Z,6123J35650C1,26696,C1,-1,11306,11305,2026-08-13T05:43:06,11305,11508,E,43.050964,-2.3305266,61,False,,
2026-08-13T03:38:10Z,6123J81702C1,81702,C1,0,11600,11518,2026-08-13T05:53:00,11508,11600,A,43.330643,-1.8169186,61,False,,2
2026-08-13T03:38:10Z,6223J71351C3,71351,C3,0,14223,05602,2026-08-13T05:53:00,05657,14223,A,43.452858,-3.828213,62,False,9AM,7
2026-08-13T03:38:10Z,6223J71152C2,71152,C2,0,14223,05602,2026-08-13T05:48:00,05637,14223,A,43.452877,-3.8282192,62,False,1AM,2
2026-08-13T03:38:10Z,4723J71091C1,71091,C1,0,05761,05790,2026-08-13T05:47:00,05753,05761,A,42.786263,-5.12754,47,False,,
2026-08-13T03:38:10Z,4723J71080C1,71080,C1,0,05761,05762,2026-08-13T06:02:00,05803,05761,A,42.809772,-5.1800675,47,False,1,
2026-08-13T03:38:10Z,2023J70751C6,70751,C6,14,05509,05513,2026-08-13T05:44:00,05513,05509,E,43.3823,-5.7026434,20,False,1,4
2026-08-13T03:38:10Z,2023J70200C4,70200,C4,0,15410,05211,2026-08-13T06:09:00,05211,15410,E,43.537647,-5.67596,20,False,12,3
2026-08-13T03:38:10Z,2023J22000C1,22000,C1,0,15211,15218,2026-08-13T05:57:00,15122,15211,E,43.36655,-5.854991,20,False,2,2
2026-08-13T03:38:10Z,2023J70750C6,70750,C6,0,05513,05509,2026-08-13T05:47:00,15211,05513,E,43.388065,-5.664932,20,False,3,2
2026-08-13T03:38:10Z,2023J22200C2,22200,C2,0,15211,15218,2026-08-13T05:47:00,16011,15211,E,43.366478,-5.855087,20,False,2,2
2026-08-13T03:38:10Z,2023J70752C6,70752,C6,0,05513,05509,2026-08-13T06:15:00,15211,05513,E,43.388065,-5.664932,20,False,3,2
2026-08-13T03:38:10Z,2023J22103C1,22103,C1,14,15218,15211,2026-08-13T05:59:00,15410,15218,E,43.3588,-5.8573804,20,False,1,1
2026-08-13T03:38:10Z,2023J70400C5,70400,C5,5,05439,05437,2026-08-13T05:41:00,15410,05443,E,43.270874,-5.590411,20,False,1,1
2026-08-13T03:38:10Z,2023J22303C3,22303,C3,0,15218,15211,2026-08-13T05:55:00,16405,15218,E,43.3588,-5.8573804,20,False,1,1
2026-08-13T03:38:10Z,2023J80851C6,80851,C6,0,05509,05511,2026-08-13T05:47:00,05534,05509,E,43.3823,-5.7026434,20,False,1,1
2026-08-13T03:38:10Z,2023J70501C7,70501,C7,0,05311,05308,2026-08-13T05:51:00,15211,05311,E,43.34864,-5.9676714,20,False,1,1
2026-08-13T03:38:10Z,2023J70900C8,70900,C8,10,05373,05375,2026-08-13T05:53:00,05389,05373,E,43.21386,-5.784103,20,False,1,2
2026-08-13T03:38:10Z,2023J70753C6,70753,C6,0,05509,05513,2026-08-13T06:00:00,05513,05509,E,43.3823,-5.7026434,20,False,1,4
2026-08-13T03:38:10Z,2023J70401C5,70401,C5,-1,15410,05403,2026-08-13T06:01:00,05443,15410,E,43.53758,-5.67587,20,False,14,2
2026-08-13T03:38:10Z,2023J70500C7,70500,C7,2,05304,05306,2026-08-13T05:42:00,05311,15211,18.0,43.35432,-5.925954,20,False,1,2
2026-08-13T03:38:10Z,4123J84900C2,84900,C2,0,06006,06005,2026-08-13T06:14:00,61200,06006,E,37.672035,-1.6961039,41,False,1,1
2026-08-13T03:38:10Z,4123J84901C2,84901,C2,0,61200,06002,2026-08-13T06:35:00,06006,61200,E,37.97462,-1.1315287,41,False,1,2
2026-08-13T03:38:10Z,4123J24700C1,24700,C1,0,61200,62001,2026-08-13T05:59:00,60911,61200,E,37.974686,-1.131078,41,False,2,4
2026-08-13T03:38:10Z,4123J24701C1,24701,C1,0,60911,62109,2026-08-13T05:54:00,61200,60911,E,38.34553,-0.49576503,41,False,1,1
2026-08-13T03:43:31Z,3023J23501C1,23501,C1,-1,50701,50700,2026-08-13T05:50:32,50600,51003,A,37.58964,-5.7261076,30,False,1,1
2026-08-13T03:43:31Z,3023J23601C4,23601,C4,0,51003,51009,2026-08-13T06:00:00,51100,00000,A,37.4036,-5.936382,30,False,8,2
2026-08-13T03:43:31Z,3023J23502C1,23502,C1,0,51003,51100,2026-08-13T05:59:00,51200,51003,A,37.377792,-5.9795485,30,False,11,2
2026-08-13T03:43:31Z,3023J23101C3,23101,C3,0,51003,50700,2026-08-13T06:08:00,40115,51003,A,37.59084,-5.7277255,30,False,8,
2026-08-13T03:43:31Z,3023J23500C1,23500,C1,1,51200,51202,2026-08-13T05:53:11,51203,51003,28.0,37.130116,-5.8153033,30,False,,2
2026-08-13T03:43:31Z,3123J23422T1,23422,T1,0,51450,51451,2026-08-13T05:56:00,51405,51450,,36.40869,-6.1343336,31,False,2,2
2026-08-13T03:43:31Z,3223J23303C1,23303,C1,1,54509,54519,2026-08-13T05:45:21,54516,54517,E,36.622364,-4.49936,32,False,1,1
2026-08-13T03:43:31Z,4023J24201C1,24201,C1,0,65000,64203,2026-08-13T05:59:00,69110,65000,,39.46634,-0.37753645,40,False,,1
2026-08-13T03:43:31Z,4023J24002C2,24002,C2,0,64006,64100,2026-08-13T06:01:00,65000,64006,,38.96917,-0.5866923,40,False,,2
2026-08-13T03:43:31Z,4023J24200C1,24200,C1,0,69110,69107,2026-08-13T05:51:00,65000,69110,A,39.02619,-0.21494265,40,False,2,
2026-08-13T03:43:31Z,4023J24380C6,24380,C6,0,65000,65002,2026-08-13T05:57:00,65312,65000,,39.465065,-0.37811995,40,False,,
2026-08-13T03:43:31Z,4023J24001C2,24001,C2,0,64203,64202,2026-08-13T05:45:45,64006,65000,E,39.42246,-0.39274746,40,False,,1
2026-08-13T03:43:31Z,4023J24301C6,24301,C6,0,65300,65209,2026-08-13T05:44:00,65000,65300,80.0,39.96121,-0.07126607,40,False,,1
2026-08-13T03:43:31Z,4023J24103C2,24103,C2,1,64006,64006,2026-08-13T05:43:07,64003,64100,E,38.96917,-0.5866923,40,False,3,3
2026-08-13T03:43:31Z,5123J28265R2S,28265,R2S,0,79400,71802,2026-08-13T06:08:00,71700,79400,A,41.392376,2.1651223,50,True,,
2026-08-13T03:43:31Z,5123J28263R2S,28263,R2S,0,71801,71708,2026-08-13T05:50:50,71700,79400,E,41.379513,2.1412146,50,True,11,
2026-08-13T03:43:31Z,5123J28400R2N,28400,R2N,-1,71708,71707,2026-08-13T05:48:01,72400,79100,A,41.3306,2.0894625,50,True,,1
2026-08-13T03:43:31Z,5123J25604R1,25604,R1,1,79501,79500,2026-08-13T05:46:30,72305,79603,E,41.55539,2.4983492,50,True,,2
2026-08-13T03:43:31Z,5123J77400R4,77400,R4,1,72208,72209,2026-08-13T05:52:26,78600,71600,A,41.47872,1.9255537,50,False,2,2
2026-08-13T03:43:31Z,5123J77602R4,77602,R4,4,72301,72302,2026-08-13T05:48:48,78600,72209,A,41.36865,2.0602896,50,False,2,2
2026-08-13T03:43:31Z,5123J25702R1,25702,R1,1,78804,78805,2026-08-13T05:44:17,72305,79500,47.0,41.390003,2.1755114,50,True,,2
2026-08-13T03:43:31Z,5123J77510R4,77510,R4,0,78600,78604,2026-08-13T06:03:00,72204,78600,A,41.668728,1.8624942,50,False,3,2
2026-08-13T03:43:31Z,5123J77504R4,77504,R4,4,78806,78804,2026-08-13T05:48:19,71600,78700,15.0,41.416958,2.1869295,50,False,,2
2026-08-13T03:43:31Z,5123J33521R4,15631,R4,0,78600,78506,2026-08-13T05:55:00,78400,78600,A,41.72026,1.8263956,50,False,,
2026-08-13T03:43:31Z,5123J77506R4,77506,R4,4,78709,78704,2026-08-13T05:44:10,71600,78700,68.0,41.554237,2.1121533,50,True,,2
2026-08-13T03:43:31Z,5123J28500R2,28500,R2,0,71706,71709,2026-08-13T05:44:17,79104,71700,E,41.30321,2.0106592,50,True,,
2026-08-13T03:43:31Z,5123J33520RL4,15620,RL4,0,78408,78500,2026-08-13T05:52:59,78600,78400,2.0,41.650364,1.1389741,50,False,,
2026-08-13T03:43:31Z,5123J35518R3,35518,R3,0,77309,77307,2026-08-13T06:02:00,77102,77309,A,42.37679,1.8966479,50,False,,
2026-08-13T03:43:31Z,5123J35516R3,23516,R3,0,77109,77107,2026-08-13T05:59:00,77102,77109,A,41.841995,2.2473545,50,False,2,
2026-08-13T03:43:31Z,5123J15250R11,15250,R11,0,79309,79308,2026-08-13T06:00:00,79200,79309,,42.265114,2.968971,50,False,,
2026-08-13T03:43:31Z,5123J18120R16,18120,R16,0,65400,65402,2026-08-13T05:55:00,79400,65400,,40.807198,0.5228472,50,False,,
2026-08-13T03:43:31Z,5123J77402R4,77402,R4,4,72201,72202,2026-08-13T05:44:01,78600,71600,90.0,41.268333,1.5941157,50,False,,2
2026-08-13T03:43:31Z,5123J15772R11,15772,R11,0,79309,79303,2026-08-13T06:11:00,71801,79309,,42.265114,2.968971,50,True,,
2026-08-13T03:43:31Z,5123J77600R4,77600,R4,-1,78802,78801,2026-08-13T05:46:39,78600,72209,A,41.46098,2.1810303,50,False,,1
2026-08-13T03:43:31Z,5123J15000R15,15000,R15,0,71400,71401,2026-08-13T05:45:00,79400,71400,,41.160637,1.1000068,50,False,,
2026-08-13T03:43:31Z,5123J77502R4,77502,R4,-1,72301,72300,2026-08-13T05:45:43,71600,78700,A,41.40998,2.0208638,50,False,,1
2026-08-13T03:43:31Z,5123J25501R2S,25501,R2S,0,79400,71802,2026-08-13T05:58:00,71600,79400,A,41.392376,2.1651223,50,False,,
2026-08-13T03:43:31Z,5123J77404R4,77404,R4,0,71600,72201,2026-08-13T06:02:00,78600,71600,A,41.220802,1.5381482,50,False,1,2
2026-08-13T03:43:31Z,5123J18121R16,18121,R16,-5,79400,71802,2026-08-13T05:50:19,65400,79400,E,41.38422,2.1855106,50,True,,
2026-08-13T03:43:31Z,5123J28402R2N,28402,R2N,1,79011,79005,2026-08-13T05:45:07,72400,79100,E,41.510387,2.199821,50,True,,
2026-08-13T03:43:31Z,5123J28506R2,28506,R2,-2,71601,71602,2026-08-13T05:46:22,79100,71600,A,41.27745,1.9777229,50,True,,
2026-08-13T03:43:31Z,5123J28264R2S,28264,R2S,3,71701,71703,2026-08-13T05:55:14,79400,71600,A,41.254333,1.9026438,50,False,,
2026-08-13T03:43:31Z,5123J28556R2N,28556,R2N,0,72400,71707,2026-08-13T05:46:00,79400,72400,53.0,41.319736,2.057767,50,True,,4
2026-08-13T03:43:31Z,5123J25701R1,25701,R1,0,72305,71801,2026-08-13T06:03:00,79600,72305,A,41.379536,2.1411612,50,True,,
2026-08-13T03:43:31Z,5123J25602R1,25602,R1,2,79406,79405,2026-08-13T05:45:09,72305,79603,E,41.468693,2.2867389,50,True,2,2
2026-08-13T03:43:31Z,5123J25502R2S,25502,R2S,0,71600,71601,2026-08-13T06:02:00,79400,71600,A,41.189453,1.5750299,50,False,,
2026-08-13T03:43:31Z,6023J26004C2,26004,C2,0,13506,13505,2026-08-13T05:57:00,13200,13506,A,43.315636,-3.0911126,60,False,1,1
2026-08-13T03:43:31Z,6023J26103C1,26103,C1,0,13200,13205,2026-08-13T05:44:00,13405,13200,A,43.256733,-2.9322033,60,False,,1
2026-08-13T03:43:31Z,6023J26502C3,26502,C3,0,13110,13115,2026-08-13T05:44:33,13100,13200,A,43.176933,-2.909058,60,False,2,2
2026-08-13T03:43:31Z,6023J26600C3,26600,C3,2,13113,13118,2026-08-13T05:46:17,13106,13200,23.0,43.236897,-2.889748,60,False,,2
2026-08-13T03:43:31Z,6023J26501C3,26501,C3,1,13110,13111,2026-08-13T05:44:45,13200,13100,69.0,43.202602,-2.8978755,60,True,,1
2026-08-13T03:43:31Z,6023J71503C4,71503,C4,0,05485,05483,2026-08-13T06:00:00,05451,05485,A,43.196415,-3.1899889,60,False,1,1
2026-08-13T03:43:31Z,6023J26504C3,26504,C3,0,13200,13120,2026-08-13T05:52:00,13100,13200,A,43.25035,-2.930641,60,False,5,2
2026-08-13T03:43:31Z,6023J71501C4,71501,C4,1,05479,05477,2026-08-13T05:43:56,05451,05485,E,43.20397,-3.1448612,60,False,,1
2026-08-13T03:43:31Z,6023J26503C3,26503,C3,0,13102,13103,2026-08-13T05:44:07,13200,13100,E,43.07418,-2.9994733,60,True,,1
2026-08-13T03:43:31Z,6023J26005C2,26005,C2,0,13200,13205,2026-08-13T05:55:00,13506,13200,A,43.256733,-2.9322033,60,False,2,1
2026-08-13T03:43:31Z,6023J26500C3,26500,C3,0,13103,13102,2026-08-13T05:46:58,13100,13200,A,43.07418,-2.9994733,60,False,2,2
2026-08-13T03:43:31Z,6023J26001C2,26001,C2,7,13509,13504,2026-08-13T05:45:05,13506,13200,7.0,43.30822,-3.0529044,60,False,1,3
2026-08-13T03:43:31Z,6023J26003C2,26003,C2,1,13304,13305,2026-08-13T05:44:41,13506,13200,27.0,43.279648,-2.9747438,60,False,,1
2026-08-13T03:43:31Z,6023J26101C1,26101,C1,4,13402,13403,2026-08-13T05:44:37,13405,13200,E,43.312733,-3.004488,60,False,,1
2026-08-13T03:43:31Z,6023J26000C2,26000,C2,6,13305,13304,2026-08-13T05:44:34,13200,13506,33.0,43.283928,-2.975918,60,False,,2
2026-08-13T03:43:31Z,6023J26102C1,26102,C1,1,13402,13401,2026-08-13T05:44:15,13200,13405,49.0,43.310932,-2.999252,60,False,,2
2026-08-13T03:43:31Z,6123J32769C1,32769,C1,0,11503,11504,2026-08-13T05:48:06,11508,11400,A,43.21556,-2.0203028,61,False,1,1
2026-08-13T03:43:31Z,6123J35680C1,35680,C1,2,11507,11506,2026-08-13T05:45:49,11305,11508,35.0,43.259106,-1.9773054,61,False,,2
2026-08-13T03:43:31Z,6123J81702C1,81702,C1,0,11600,11518,2026-08-13T05:53:00,11508,11600,A,43.330643,-1.8169186,61,False,,2
2026-08-13T03:43:31Z,6223J71152C2,71152,C2,0,14223,05602,2026-08-13T05:48:00,05637,14223,A,43.452877,-3.8282192,62,False,1AM,2
2026-08-13T03:43:31Z,6223J71351C3,71351,C3,0,14223,05602,2026-08-13T05:53:00,05657,14223,A,43.452858,-3.828213,62,False,9AM,7
2026-08-13T03:43:31Z,6223J71102C2,71102,C2,1,05605,05621,2026-08-13T06:01:05,05623,14223,A,43.35116,-4.0512547,62,False,,1
2026-08-13T03:43:31Z,6223J71104C2,71104,C2,0,14223,05602,2026-08-13T06:01:00,05623,14223,A,43.452877,-3.8282192,62,False,2AM,2
2026-08-13T03:43:31Z,4723J71091C1,71091,C1,0,05761,05790,2026-08-13T05:47:00,05753,05761,A,42.786263,-5.12754,47,False,,
2026-08-13T03:43:31Z,4723J71080C1,71080,C1,0,05761,05762,2026-08-13T06:02:00,05803,05761,A,42.809772,-5.1800675,47,False,1,
2026-08-13T03:43:31Z,2023J22200C2,22200,C2,0,15211,15218,2026-08-13T05:47:00,16011,15211,E,43.366478,-5.855087,20,False,2,2
2026-08-13T03:43:31Z,2023J70502C7,70502,C7,0,05325,05327,2026-08-13T06:18:00,05329,05325,E,43.490948,-6.1104946,20,False,4,2
2026-08-13T03:43:31Z,2023J22101C1,22101,C1,2,15303,15400,2026-08-13T05:47:00,15410,15218,E,43.541653,-5.722776,20,False,1,1
2026-08-13T03:43:31Z,2023J70200C4,70200,C4,0,15410,05211,2026-08-13T06:09:00,05211,15410,E,43.537647,-5.67596,20,False,12,3
2026-08-13T03:43:31Z,2023J22004C1,22004,C1,0,15410,15401,2026-08-13T06:14:00,15118,15410,E,43.537712,-5.676047,20,False,2,2
2026-08-13T03:43:31Z,2023J70750C6,70750,C6,6,05513,05509,2026-08-13T05:53:00,15211,05513,E,43.388065,-5.664932,20,False,3,2
2026-08-13T03:43:31Z,2023J22000C1,22000,C1,0,15211,15218,2026-08-13T05:57:00,15122,15211,E,43.36655,-5.854991,20,False,2,2
2026-08-13T03:43:31Z,2023J80851C6,80851,C6,2,05509,05511,2026-08-13T05:49:00,05534,05509,E,43.3823,-5.7026434,20,False,1,1
2026-08-13T03:43:31Z,2023J70752C6,70752,C6,0,05513,05509,2026-08-13T06:15:00,15211,05513,E,43.388065,-5.664932,20,False,3,2
2026-08-13T03:43:31Z,2023J70801C6,70801,C6,0,05509,05513,2026-08-13T06:17:00,05523,05509,E,43.3823,-5.7026434,20,False,1,4
2026-08-13T03:43:31Z,2023J70900C8,70900,C8,2,05373,05375,2026-08-13T05:45:00,05389,05373,11.0,43.21235,-5.784476,20,False,1,2
2026-08-13T03:43:31Z,2023J70400C5,70400,C5,5,05436,05435,2026-08-13T05:45:00,15410,05443,11.0,43.27836,-5.615333,20,False,1,1
2026-08-13T03:43:31Z,2023J70501C7,70501,C7,0,05311,05308,2026-08-13T05:51:00,15211,05311,E,43.34864,-5.9676714,20,False,1,1
2026-08-13T03:43:31Z,2023J22103C1,22103,C1,0,15211,15217,2026-08-13T05:48:00,15410,15218,A,43.38812,-5.8272715,20,False,1,1
2026-08-13T03:43:31Z,2023J22303C3,22303,C3,0,15218,15211,2026-08-13T05:55:00,16405,15218,E,43.3588,-5.8573804,20,False,1,1
2026-08-13T03:43:31Z,2023J70753C6,70753,C6,0,05509,05513,2026-08-13T06:00:00,05513,05509,E,43.3823,-5.7026434,20,False,1,4
2026-08-13T03:43:31Z,2023J70401C5,70401,C5,4,15410,05403,2026-08-13T06:06:00,05443,15410,E,43.53758,-5.67587,20,False,14,2
2026-08-13T03:43:31Z,2023J70500C7,70500,C7,1,05308,05311,2026-08-13T05:46:00,05311,15211,A,43.34864,-5.9676714,20,False,2,1
2026-08-13T03:43:31Z,4123J84901C2,84901,C2,0,61200,06002,2026-08-13T06:35:00,06006,61200,E,37.97462,-1.1315287,41,False,1,2
2026-08-13T03:43:31Z,4123J84900C2,84900,C2,0,06006,06005,2026-08-13T06:14:00,61200,06006,E,37.672035,-1.6961039,41,False,1,1
2026-08-13T03:43:31Z,4123J24701C1,24701,C1,0,60911,62109,2026-08-13T05:54:00,61200,60911,E,38.34553,-0.49576503,41,False,1,1
2026-08-13T03:43:31Z,4123J24700C1,24700,C1,0,61200,62001,2026-08-13T05:59:00,60911,61200,E,37.974686,-1.131078,41,False,2,4
2026-08-13T03:43:31Z,1023J19800C1,19800,C1,0,17000,98003,2026-08-13T05:54:00,98305,17000,E,40.47102,-3.6825693,10,False,12,2
2026-08-13T03:43:31Z,1023J19803C1,19803,C1,0,98305,98304,2026-08-13T05:59:00,17000,98305,E,40.4924,-3.593483,10,False,2,1
2026-08-13T03:43:31Z,1023J79208C7,79208,C7,0,18000,70002,2026-08-13T06:16:00,70103,18000,E,40.40667,-3.6893938,10,False,3,2
2026-08-13T03:43:31Z,1023J79604C10,79604,C10,1,10200,10104,2026-08-13T06:12:00,18004,10200,E,40.62599,-4.0081153,10,False,4,2
2026-08-13T03:43:31Z,1023J79805C8a,79805,C8a,9,17000,97201,2026-08-13T06:12:00,10203,17000,E,40.47113,-3.6828332,10,False,6,1
2026-08-13T03:43:31Z,1023J79808C8a,79808,C8a,2,10203,10202,2026-08-13T05:55:00,18002,10203,E,40.58532,-4.1321955,10,False,3,2
2026-08-13T03:43:31Z,1023J76360C5,76360,C5,1,35606,35610,2026-08-13T05:47:00,35609,35607,A,40.34195,-3.8423326,10,False,1,1
2026-08-13T03:43:31Z,1023J76681C5,76681,C5,0,35002,35010,2026-08-13T05:47:00,37001,35012,A,40.29673,-3.7924793,10,False,1,1
2026-08-13T03:43:31Z,1023J20005C3,20005,C3,4,60200,60105,2026-08-13T05:51:00,17000,60200,13.0,40.049694,-3.6269648,10,True,4,1
2026-08-13T03:43:31Z,1023J20004C3,20004,C3,1,18000,60100,2026-08-13T05:51:00,60200,17000,E,40.40654,-3.6895106,10,True,6,3
2026-08-13T03:43:31Z,1023J76362C5,76362,C5,4,35607,35606,2026-08-13T05:57:00,35609,35607,E,40.330883,-3.8823783,10,False,2,1
2026-08-13T03:43:31Z,1023J20202C4,20202,C4,0,37011,37012,2026-08-13T05:50:00,37012,18000,E,40.288372,-3.7373493,10,True,2,1
2026-08-13T03:43:31Z,1023J79511C2,79511,C2,0,70200,70105,2026-08-13T06:15:00,18000,70200,E,40.644257,-3.1823237,10,False,3,1
2026-08-13T03:43:31Z,1023J20003C3,20003,C3,1,60102,60109,2026-08-13T05:45:00,17000,60200,A,40.318535,-3.7097142,10,False,1,1
2026-08-13T03:43:31Z,1023J79951C8b,79951,C8b,0,18000,18001,2026-08-13T06:03:00,12006,18000,E,40.406666,-3.6893961,10,False,2,1
2026-08-13T03:43:31Z,1023J20002C3,20002,C3,3,60109,60102,2026-08-13T05:46:00,60200,17000,E,40.318535,-3.7097142,10,True,2,2
2026-08-13T03:43:31Z,1023J20409C4b,20409,C4b,0,18000,18101,2026-08-13T05:59:00,17005,18000,E,40.40654,-3.6895106,10,False,5,1
2026-08-13T03:43:31Z,1023J20209C4a,20209,C4a,3,37002,37010,2026-08-13T05:45:00,19003,37012,E,40.309868,-3.733689,10,True,1,1
2026-08-13T03:43:31Z,1023J76364C5,76364,C5,0,35607,35606,2026-08-13T06:03:00,35609,35607,E,40.330883,-3.8823783,10,False,2,1
2026-08-13T03:43:31Z,1023J20407C4b,20407,C4b,4,60100,18000,2026-08-13T05:53:00,17005,37012,A,40.40654,-3.6895106,10,True,2,5
2026-08-13T03:43:31Z,1023J76683C5,76683,C5,0,35012,35002,2026-08-13T05:55:00,37001,35012,E,40.25559,-3.8284667,10,False,1,1
2026-08-13T03:43:31Z,1023J20406C4b,20406,C4b,0,17005,17004,2026-08-13T06:11:00,37012,17005,E,40.644844,-3.7762609,10,False,3,3
2026-08-13T03:43:31Z,1023J79950C2,79950,C2,0,18002,18001,2026-08-13T06:04:00,18000,18002,E,40.44655,-3.691473,10,False,2,2
2026-08-13T03:43:31Z,1023J20208C4,20208,C4,0,17000,18002,2026-08-13T05:52:00,37012,17000,E,40.471325,-3.6833096,10,False,2,8
2026-08-13T03:43:31Z,1023J76366C5,76366,C5,0,35607,35606,2026-08-13T06:13:00,35609,35607,E,40.330883,-3.8823783,10,False,2,1
2026-08-13T03:43:31Z,1023J20009C3,20009,C3,0,60200,60105,2026-08-13T06:15:00,17000,60200,E,40.035027,-3.6189713,10,False,1,1
2026-08-13T03:43:31Z,1023J76685C5,76685,C5,0,35012,35002,2026-08-13T06:05:00,37001,35012,E,40.25559,-3.8284667,10,False,1,1
2026-08-13T03:43:31Z,1023J20207C4a,20207,C4a,0,18000,18101,2026-08-13T05:47:00,19003,18000,E,40.40654,-3.6895106,10,False,0,1
2026-08-13T03:43:31Z,1023J20405C4b,20405,C4b,0,17001,17009,2026-08-13T05:48:00,17005,18000,E,40.501648,-3.6821797,10,True,1,1
2026-08-13T03:43:31Z,1023J79952C8b,79952,C8b,16,12006,12005,2026-08-13T06:09:00,18000,12006,E,40.737614,-4.0662985,10,False,4,1
2026-08-13T03:43:31Z,1023J20008C3,20008,C3,0,17000,18002,2026-08-13T06:16:00,60200,17000,E,40.471382,-3.6834786,10,False,2,8
2026-08-13T03:43:31Z,1023J76687C5,76687,C5,0,35012,35002,2026-08-13T06:15:00,37001,35012,E,40.25559,-3.8284667,10,False,1,1
2026-08-13T03:43:31Z,1023J20206C4,20206,C4,0,37001,37010,2026-08-13T06:08:00,37012,37001,E,40.34132,-3.7123663,10,False,2,2
2026-08-13T03:43:31Z,1023J76203C5,76203,C5,3,37001,35704,2026-08-13T05:50:00,18003,37001,E,40.34132,-3.7123663,10,False,6,1
2026-08-13T03:43:31Z,1023J20007C3,20007,C3,0,60200,60105,2026-08-13T05:59:00,17000,60200,E,40.035027,-3.6189713,10,False,1,1
2026-08-13T03:43:31Z,1023J76204C5,76204,C5,0,18003,35702,2026-08-13T06:05:00,37001,18003,E,40.39592,-3.6779969,10,False,2,2
2026-08-13T03:43:31Z,1023J20205C4a,20205,C4a,6,18002,17000,2026-08-13T05:50:00,19003,37012,E,40.4924,-3.593483,10,True,6,3
2026-08-13T03:43:31Z,1023J19805C1,19805,C1,0,98305,98304,2026-08-13T06:14:00,17000,98305,E,40.4924,-3.593483,10,False,2,1
2026-08-13T03:43:31Z,1023J20411C4b,20411,C4b,6,37012,37011,2026-08-13T05:56:00,17005,37012,E,40.24143,-3.769159,10,False,1,1
2026-08-13T03:43:31Z,1023J20212C4a,20212,C4a,10,19003,19002,2026-08-13T05:54:00,37012,19003,E,40.546417,-3.6351175,10,False,2,2
2026-08-13T03:43:31Z,1023J20211C4a,20211,C4a,0,37002,37010,2026-08-13T06:02:00,19003,37002,E,40.309868,-3.733689,10,False,1,1
2026-08-13T03:43:31Z,1023J20415C4b,20415,C4b,0,37012,37011,2026-08-13T06:15:00,17005,37012,E,40.24143,-3.769159,10,False,2,1
2026-08-13T03:43:31Z,1023J20216C4a,20216,C4a,0,19003,19002,2026-08-13T06:07:00,37012,19003,E,40.546417,-3.6351175,10,False,2,2
2026-08-13T03:43:31Z,1023J20413C4b,20413,C4b,0,37012,37011,2026-08-13T06:05:00,17005,37012,E,40.24143,-3.769159,10,False,2,1
2026-08-13T03:43:31Z,1023J20204C4,20204,C4,12,18002,18101,2026-08-13T05:46:00,37012,17000,30.0,40.43676,-3.6929982,10,True,8,2
2026-08-13T03:43:31Z,1023J79211C7,79211,C7,0,70103,70111,2026-08-13T06:05:00,18000,70103,E,40.4889,-3.3666708,10,False,5,1
2026-08-13T03:43:31Z,1023J19799C1,19799,C1,0,98305,98305,2026-08-13T05:45:00,98305,18000,A,40.4924,-3.593483,10,False,1,1
2026-08-13T03:43:31Z,1023J20402C4b,20402,C4b,10,17005,17004,2026-08-13T05:58:00,37012,17005,E,40.644844,-3.7762609,10,False,3,3
2026-08-13T03:43:31Z,1023J79200C2,79200,C2,3,70102,70112,2026-08-13T05:47:00,70103,18000,E,40.454636,-3.4796963,10,False,2,2
2026-08-13T03:43:31Z,1023J79102C7,79102,C7,0,10000,10001,2026-08-13T06:13:00,18002,18003,E,40.42163,-3.7193205,10,False,2,2
2026-08-13T03:43:31Z,1023J79202C7,79202,C7,0,18000,70002,2026-08-13T05:52:00,70103,18000,E,40.40667,-3.6893938,10,False,3,2
2026-08-13T03:43:31Z,1023J76672C5,76672,C5,0,35001,35011,2026-08-13T05:41:00,35012,37001,E,40.328766,-3.7714624,10,False,2,2
2026-08-13T03:43:31Z,1023J76353C5,76353,C5,0,35600,35601,2026-08-13T05:45:00,35607,35609,E,40.386257,-3.7610443,10,False,2,2
2026-08-13T03:43:31Z,1023J76674C5,76674,C5,5,37001,35009,2026-08-13T05:51:00,35012,37001,E,40.34132,-3.7123663,10,False,4,2
2026-08-13T03:43:31Z,1023J76355C5,76355,C5,5,35609,35608,2026-08-13T05:55:00,35607,35609,E,40.405067,-3.7026901,10,False,2,2
2026-08-13T03:43:31Z,1023J76356C5,76356,C5,0,35608,35609,2026-08-13T05:48:00,35609,35607,E,40.3989,-3.7442265,10,False,1,1
2026-08-13T03:43:31Z,1023J76357C5,76357,C5,0,35609,35608,2026-08-13T06:00:00,35607,35609,E,40.405067,-3.7026901,10,False,2,2
2026-08-13T03:43:31Z,1023J76676C5,76676,C5,0,37001,35009,2026-08-13T05:56:00,35012,37001,E,40.34132,-3.7123663,10,False,6,2
2026-08-13T03:43:31Z,1023J79205C7,79205,C7,2,70101,70108,2026-08-13T05:47:00,18000,70103,5.0,40.442398,-3.5356843,10,False,1,1
2026-08-13T03:43:31Z,1023J76358C5,76358,C5,0,35603,35602,2026-08-13T05:46:00,35609,35607,A,40.381268,-3.7802126,10,False,1,1
2026-08-13T03:43:31Z,1023J79204C7,79204,C7,0,18000,70002,2026-08-13T06:04:00,70103,18000,E,40.40667,-3.6893938,10,False,3,2
2026-08-13T03:43:31Z,1023J79600C10,79600,C10,0,10101,10100,2026-08-13T05:48:00,18004,10200,A,40.52248,-3.8818293,10,False,2,4
2026-08-13T03:43:31Z,1023J79207C7,79207,C7,3,70103,70111,2026-08-13T05:44:00,18000,70103,E,40.4889,-3.3666708,10,False,2,1
2026-08-13T03:43:31Z,1023J79404C2,79404,C2,7,17000,98003,2026-08-13T06:09:00,70200,17000,E,40.47097,-3.68245,10,False,10,2
2026-08-13T03:43:31Z,1023J79209C7,79209,C7,0,70103,70111,2026-08-13T05:53:00,18000,70103,E,40.4889,-3.3666708,10,False,5,1
2026-08-13T03:43:31Z,1023J79503C2,79503,C2,0,70103,70111,2026-08-13T05:44:00,18000,70200,61.0,40.483795,-3.3825426,10,False,5,1
2026-08-13T03:43:31Z,1023J76359C5,76359,C5,0,35609,35608,2026-08-13T06:10:00,35607,35609,E,40.405067,-3.7026901,10,False,2,2
2026-08-13T03:43:31Z,1023J76678C5,76678,C5,0,37001,35009,2026-08-13T06:06:00,35012,37001,E,40.34132,-3.7123663,10,False,6,2
2026-08-13T03:43:31Z,1023J76679C5,76679,C5,0,35001,35009,2026-08-13T05:45:00,37001,35012,E,40.328766,-3.7714624,10,False,1,1
2026-08-13T03:43:31Z,1023J79507C2,79507,C2,2,70200,70105,2026-08-13T05:51:00,18000,70200,2.0,40.642574,-3.183971,10,True,6,1
2026-08-13T03:48:22Z,3023J23501C1,23501,C1,-1,50701,50700,2026-08-13T05:50:30,50600,51003,E,37.574757,-5.8031654,30,False,,1
2026-08-13T03:48:22Z,3023J23500C1,23500,C1,1,51200,51202,2026-08-13T05:53:11,51203,51003,64.0,37.07494,-5.8812037,30,False,,2
2026-08-13T03:48:22Z,3023J23101C3,23101,C3,2,51003,50700,2026-08-13T06:09:34,40115,51003,7.0,37.410423,-5.9582047,30,False,,
2026-08-13T03:48:22Z,3023J23601C4,23601,C4,0,51003,51009,2026-08-13T06:00:00,51100,00000,A,37.4036,-5.936382,30,False,8,2
2026-08-13T03:48:22Z,3023J23505C1,23505,C1,0,51200,51112,2026-08-13T06:10:00,50600,51200,A,37.27829,-5.9103913,30,False,3,1
2026-08-13T03:48:22Z,3023J23502C1,23502,C1,0,51003,51100,2026-08-13T05:59:00,51200,51003,A,37.377792,-5.9795485,30,False,11,2
2026-08-13T03:48:22Z,3123J23422T1,23422,T1,0,51450,51451,2026-08-13T05:56:00,51405,51450,,36.40869,-6.1343336,31,False,2,2
2026-08-13T03:48:22Z,3123J23421T1,23421,T1,0,51405,51414,2026-08-13T06:04:00,51450,51405,,36.529045,-6.2877955,31,False,5,1
2026-08-13T03:48:22Z,4023J24001C2,24001,C2,0,64201,64200,2026-08-13T05:51:34,64006,65000,E,39.399986,-0.39908192,40,False,,3
2026-08-13T03:48:22Z,4023J24002C2,24002,C2,0,64006,64100,2026-08-13T06:01:00,65000,64006,A,38.992313,-0.5246103,40,False,3,2
2026-08-13T03:48:22Z,4023J24380C6,24380,C6,0,65000,65002,2026-08-13T05:57:00,65312,65000,,39.465065,-0.37811995,40,False,,
2026-08-13T03:48:22Z,4023J84601C5,84601,C5,0,67211,67212,2026-08-13T06:07:00,65008,67211,,39.947292,-0.5721675,40,False,,
2026-08-13T03:48:22Z,4023J24301C6,24301,C6,1,65209,65208,2026-08-13T05:49:17,65000,65300,E,39.954987,-0.07685744,40,False,,1
2026-08-13T03:48:22Z,4023J24103C2,24103,C2,1,64006,64006,2026-08-13T05:43:07,64003,64100,E,38.96917,-0.5866923,40,False,3,3
2026-08-13T03:48:22Z,4023J24200C1,24200,C1,1,69110,69107,2026-08-13T05:52:11,65000,69110,34.0,38.99381,-0.18299864,40,False,,
2026-08-13T03:48:22Z,4023J24300C6,24300,C6,0,65000,65002,2026-08-13T06:07:00,65300,65000,,39.465065,-0.37811995,40,False,,
2026-08-13T03:48:22Z,4023J24201C1,24201,C1,0,65000,64203,2026-08-13T05:59:00,69110,65000,,39.46634,-0.37753645,40,False,,1
2026-08-13T03:48:22Z,5123J25601R1,25601,R1,0,72305,71801,2026-08-13T05:54:00,79200,72305,3.0,41.364597,2.102207,50,False,,
2026-08-13T03:48:22Z,5123J18121R16,18121,R16,0,79400,71802,2026-08-13T05:55:00,65400,79400,32.0,41.393345,2.1917992,50,True,,
2026-08-13T03:48:22Z,5123J25604R1,25604,R1,1,79500,79412,2026-08-13T05:52:01,72305,79603,E,41.53325,2.4456325,50,True,2,2
2026-08-13T03:48:22Z,5123J25702R1,25702,R1,0,71801,72305,2026-08-13T05:56:06,72305,79500,A,41.36431,2.1008937,50,True,8,
2026-08-13T03:48:22Z,5123J77510R4,77510,R4,0,78600,78604,2026-08-13T06:03:00,72204,78600,A,41.668728,1.8624942,50,False,3,2
2026-08-13T03:48:22Z,5123J33520RL4,15620,RL4,-1,78500,78501,2026-08-13T06:04:05,78600,78400,A,41.65576,1.4206176,50,False,,
2026-08-13T03:48:22Z,5123J35516R3,23516,R3,0,77109,77107,2026-08-13T05:59:00,77102,77109,A,41.841995,2.2473545,50,False,2,
2026-08-13T03:48:22Z,5123J28402R2N,28402,R2N,4,79005,79004,2026-08-13T05:53:55,72400,79100,5.0,41.48419,2.1882799,50,True,,2
2026-08-13T03:48:22Z,5123J28506R2,28506,R2,-1,71602,71603,2026-08-13T05:50:29,79100,71600,E,41.27745,1.9777229,50,True,,
2026-08-13T03:48:22Z,5123J15250R11,15250,R11,0,79309,79308,2026-08-13T06:00:00,79200,79309,E,42.265114,2.968971,50,False,,
2026-08-13T03:48:22Z,5123J18120R16,18120,R16,0,65400,65402,2026-08-13T05:55:00,79400,65400,,40.807198,0.5228472,50,False,,
2026-08-13T03:48:22Z,5123J15772R11,15772,R11,0,79309,79303,2026-08-13T06:11:00,71801,79309,,42.265114,2.968971,50,True,,
2026-08-13T03:48:22Z,5123J25704R1,25704,R1,0,79500,79412,2026-08-13T06:05:00,72305,79500,A,41.50672,2.4016483,50,True,4,2
2026-08-13T03:48:22Z,5123J25608R1,25608,R1,0,79606,79605,2026-08-13T06:07:00,72305,79606,A,41.64154,2.741303,50,False,5,
2026-08-13T03:48:22Z,5123J28264R2S,28264,R2S,2,71701,71703,2026-08-13T05:54:03,79400,71600,27.0,41.236084,1.8356467,50,False,,
2026-08-13T03:48:22Z,5123J28265R2S,28265,R2S,0,79400,71802,2026-08-13T06:08:00,71700,79400,A,41.392376,2.1651223,50,True,,
2026-08-13T03:48:22Z,5123J25400R2,25400,R2,3,79004,79005,2026-08-13T05:52:58,79200,71700,21.0,41.446766,2.1967971,50,True,,
2026-08-13T03:48:22Z,5123J25501R2S,25501,R2S,0,79400,71802,2026-08-13T05:58:00,71600,79400,A,41.392376,2.1651223,50,False,,
2026-08-13T03:48:22Z,5123J28263R2S,28263,R2S,1,71801,71708,2026-08-13T05:51:41,71700,79400,42.0,41.36888,2.1283085,50,True,,
2026-08-13T03:48:22Z,5123J28400R2N,28400,R2N,0,71707,72400,2026-08-13T05:56:24,72400,79100,A,41.30425,2.0733776,50,True,1,1
2026-08-13T03:48:22Z,5123J25701R1,25701,R1,0,72305,71801,2026-08-13T06:03:00,79600,72305,A,41.379536,2.1411612,50,True,,
2026-08-13T03:48:22Z,5123J25602R1,25602,R1,3,79404,79403,2026-08-13T05:51:53,72305,79603,E,41.445705,2.2490852,50,True,2,2
2026-08-13T03:48:22Z,5123J25502R2S,25502,R2S,0,71600,71601,2026-08-13T06:02:00,79400,71600,A,41.189453,1.5750299,50,False,,
2026-08-13T03:48:22Z,5123J77400R4,77400,R4,3,72208,72209,2026-08-13T05:53:53,78600,71600,29.0,41.459003,1.8821008,50,False,,2
2026-08-13T03:48:22Z,5123J28500R2,28500,R2,2,71707,71708,2026-08-13T05:56:27,79104,71700,A,41.354904,2.115462,50,True,,
2026-08-13T03:48:22Z,5123J77602R4,77602,R4,7,72301,72302,2026-08-13T05:52:01,78600,72209,5.0,41.38308,2.0479817,50,False,2,2
2026-08-13T03:48:22Z,5123J77402R4,77402,R4,7,72202,72203,2026-08-13T05:54:08,78600,71600,15.0,41.280563,1.6087203,50,False,,2
2026-08-13T03:48:22Z,5123J77600R4,77600,R4,0,78801,78800,2026-08-13T05:49:36,78600,72209,E,41.46098,2.1810303,50,False,,6
2026-08-13T03:48:22Z,5123J77702R4,77702,R4,1,78801,78802,2026-08-13T05:50:42,72209,78800,17.0,41.45733,2.1857276,50,True,,2
2026-08-13T03:48:22Z,5123J77502R4,77502,R4,7,72301,72300,2026-08-13T05:54:08,71600,78700,1.0,41.38332,2.0476809,50,False,1,1
2026-08-13T03:48:22Z,5123J77404R4,77404,R4,0,71600,72201,2026-08-13T06:02:00,78600,71600,A,41.220802,1.5381482,50,False,1,2
2026-08-13T03:48:22Z,5123J77504R4,77504,R4,3,78804,78805,2026-08-13T05:48:35,71600,78700,82.0,41.3886,2.1716878,50,False,,2
2026-08-13T03:48:22Z,5123J33521R4,15631,R4,1,78600,78506,2026-08-13T05:56:25,78400,78600,31.0,41.72026,1.8264586,50,False,,
2026-08-13T03:48:22Z,5123J77506R4,77506,R4,2,78705,78706,2026-08-13T05:51:34,71600,78700,E,41.513508,2.1183457,50,True,,2
2026-08-13T03:48:22Z,5123J77508R4,77508,R4,0,78700,78710,2026-08-13T06:03:00,71600,78700,A,41.567463,2.03963,50,False,,2
2026-08-13T03:48:22Z,6023J26504C3,26504,C3,0,13200,13120,2026-08-13T05:52:00,13100,13200,A,43.25035,-2.930641,60,False,5,2
2026-08-13T03:48:22Z,6023J26005C2,26005,C2,0,13200,13205,2026-08-13T05:55:00,13506,13200,A,43.256733,-2.9322033,60,False,2,1
2026-08-13T03:48:22Z,6023J26602C3,26602,C3,0,13200,13120,2026-08-13T06:02:00,13106,13200,A,43.25035,-2.930641,60,False,4,2
2026-08-13T03:48:22Z,6023J26500C3,26500,C3,0,13102,13121,2026-08-13T05:48:44,13100,13200,E,43.07418,-2.9994733,60,False,,2
2026-08-13T03:48:22Z,6023J26004C2,26004,C2,0,13506,13505,2026-08-13T05:57:00,13200,13506,A,43.315636,-3.0911126,60,False,1,1
2026-08-13T03:48:22Z,6023J26503C3,26503,C3,1,13103,13104,2026-08-13T05:50:23,13200,13100,57.0,43.11591,-2.9836915,60,True,,1
2026-08-13T03:48:22Z,6023J26103C1,26103,C1,2,13206,13207,2026-08-13T05:48:36,13405,13200,63.0,43.256485,-2.9457219,60,False,,1
2026-08-13T03:48:22Z,6023J26600C3,26600,C3,0,13111,13110,2026-08-13T05:53:46,13106,13200,E,43.210075,-2.888758,60,False,,2
2026-08-13T03:48:22Z,6023J26502C3,26502,C3,-2,13108,13117,2026-08-13T05:50:25,13100,13200,E,43.16316,-2.9277587,60,False,,2
2026-08-13T03:48:22Z,6023J26501C3,26501,C3,0,13118,13113,2026-08-13T05:50:11,13200,13100,E,43.22568,-2.8871021,60,True,,2
2026-08-13T03:48:22Z,6023J71503C4,71503,C4,0,05485,05483,2026-08-13T06:00:00,05451,05485,A,43.196415,-3.1899889,60,False,1,1
2026-08-13T03:48:22Z,6023J26102C1,26102,C1,0,13305,13304,2026-08-13T05:50:22,13200,13405,E,43.2878,-2.975288,60,False,2,2
2026-08-13T03:48:22Z,6023J71501C4,71501,C4,1,05475,05474,2026-08-13T05:48:53,05451,05485,67.0,43.209896,-3.120663,60,False,,1
2026-08-13T03:48:22Z,6023J71500C4,71500,C4,0,05451,13206,2026-08-13T06:03:00,05485,05451,A,43.254723,-2.9436562,60,False,4,2AM
2026-08-13T03:48:22Z,6023J26104C1,26104,C1,0,13405,13404,2026-08-13T06:00:00,13200,13405,A,43.3262,-3.023556,60,False,1,2
2026-08-13T03:48:22Z,6023J26003C2,26003,C2,1,13400,13501,2026-08-13T05:51:58,13506,13200,6.0,43.301075,-2.9857712,60,False,,3
2026-08-13T03:48:22Z,6023J26001C2,26001,C2,5,13508,13505,2026-08-13T05:51:13,13506,13200,E,43.319363,-3.0674317,60,False,,1
2026-08-13T03:48:22Z,6023J26002C2,26002,C2,5,13507,13503,2026-08-13T05:50:26,13200,13506,E,43.307487,-3.0410612,60,False,1,1
2026-08-13T03:48:22Z,6023J26000C2,26000,C2,5,13208,13207,2026-08-13T05:49:01,13200,13506,E,43.26169,-2.948731,60,False,2,2
2026-08-13T03:48:22Z,6123J81702C1,81702,C1,0,11600,11518,2026-08-13T05:53:00,11508,11600,E,43.33877,-1.8007782,61,False,,2
2026-08-13T03:48:22Z,6123J32700C1,32700,C1,0,11508,11507,2026-08-13T06:03:00,11305,11508,A,43.266514,-1.9726831,61,False,2,2
2026-08-13T03:48:22Z,6123J35680C1,35680,C1,-1,11505,11504,2026-08-13T05:50:21,11305,11508,E,43.2221,-2.015703,61,False,,2
2026-08-13T03:48:22Z,6123J32769C1,32769,C1,0,11504,11505,2026-08-13T05:49:43,11508,11400,E,43.21556,-2.0203028,61,False,,1
2026-08-13T03:48:22Z,6223J71152C2,71152,C2,0,05602,05603,2026-08-13T05:50:30,05637,14223,E,43.455097,-3.8411903,62,False,,1
2026-08-13T03:48:22Z,6223J71104C2,71104,C2,0,14223,05602,2026-08-13T06:01:00,05623,14223,A,43.452877,-3.8282192,62,False,2AM,2
2026-08-13T03:48:22Z,6223J71150C2,71150,C2,3,05621,05623,2026-08-13T05:53:06,05637,14223,A,43.358776,-4.087748,62,False,1,1
2026-08-13T03:48:22Z,6223J71351C3,71351,C3,0,14223,05602,2026-08-13T05:53:00,05657,14223,A,43.452858,-3.828213,62,False,9AM,7
2026-08-13T03:48:22Z,4723J71080C1,71080,C1,0,05761,05762,2026-08-13T06:02:00,05803,05761,A,42.809772,-5.1800675,47,False,1,
2026-08-13T03:48:22Z,4723J71091C1,71091,C1,0,05790,05760,2026-08-13T05:56:17,05753,05761,10.0,42.77865,-5.1279335,47,False,,1
2026-08-13T03:48:22Z,2023J70502C7,70502,C7,0,05325,05327,2026-08-13T06:18:00,05329,05325,E,43.490948,-6.1104946,20,False,4,2
2026-08-13T03:48:22Z,2023J22000C1,22000,C1,0,15211,15218,2026-08-13T05:57:00,15122,15211,E,43.36655,-5.854991,20,False,2,2
2026-08-13T03:48:22Z,2023J70200C4,70200,C4,0,15410,05211,2026-08-13T06:09:00,05211,15410,E,43.537647,-5.67596,20,False,12,3
2026-08-13T03:48:22Z,2023J22002C1,22002,C1,0,15211,15218,2026-08-13T06:17:00,15122,15211,E,43.36655,-5.854991,20,False,2,2
2026-08-13T03:48:22Z,2023J22200C2,22200,C2,0,15218,15210,2026-08-13T05:50:00,16011,15211,41.0,43.345844,-5.861214,20,False,2,2
2026-08-13T03:48:22Z,2023J70750C6,70750,C6,11,05513,05509,2026-08-13T05:58:00,15211,05513,S,43.388065,-5.664932,20,False,3,2
2026-08-13T03:48:22Z,2023J70752C6,70752,C6,0,05513,05509,2026-08-13T06:15:00,15211,05513,E,43.388065,-5.664932,20,False,3,2
2026-08-13T03:48:22Z,2023J70400C5,70400,C5,3,05432,05431,2026-08-13T05:50:00,15410,05443,E,43.289085,-5.6529665,20,False,1,1
2026-08-13T03:48:22Z,2023J70201C4,70201,C4,0,05211,05210,2026-08-13T06:17:00,15410,05211,E,43.58464,-5.772605,20,False,1,1
2026-08-13T03:48:22Z,2023J22101C1,22101,C1,3,15400,15401,2026-08-13T05:52:00,15410,15218,5.0,43.541653,-5.722776,20,False,1,1
2026-08-13T03:48:22Z,2023J70853C6,70853,C6,0,15211,15217,2026-08-13T06:22:00,05534,15211,E,43.36667,-5.8550873,20,False,1,1
2026-08-13T03:48:22Z,2023J22004C1,22004,C1,0,15410,15401,2026-08-13T06:14:00,15118,15410,E,43.537712,-5.676047,20,False,2,2
2026-08-13T03:48:22Z,2023J70501C7,70501,C7,1,05311,05308,2026-08-13T05:52:00,15211,05311,E,43.34864,-5.9676714,20,False,1,1
2026-08-13T03:48:22Z,2023J70508C7,70508,C7,0,15211,05300,2026-08-13T06:19:00,05311,15211,E,43.366535,-5.8552504,20,False,2,1
2026-08-13T03:48:22Z,2023J70753C6,70753,C6,2,05509,05513,2026-08-13T06:02:00,05513,05509,E,43.3823,-5.7026434,20,False,1,4
2026-08-13T03:48:22Z,2023J70801C6,70801,C6,0,05509,05513,2026-08-13T06:17:00,05523,05509,E,43.3823,-5.7026434,20,False,1,4
2026-08-13T03:48:22Z,2023J70900C8,70900,C8,2,05377,05379,2026-08-13T05:58:00,05389,05373,E,43.17608,-5.754903,20,False,1,3
2026-08-13T03:48:22Z,2023J70401C5,70401,C5,9,15410,05403,2026-08-13T06:11:00,05443,15410,E,43.53758,-5.67587,20,False,14,2
2026-08-13T03:48:22Z,2023J70755C6,70755,C6,0,05509,05513,2026-08-13T06:21:00,05513,05509,E,43.3823,-5.7026434,20,False,1,4
2026-08-13T03:48:22Z,2023J22103C1,22103,C1,2,15217,15212,2026-08-13T05:53:00,15410,15218,A,43.404537,-5.81196,20,False,1,1
2026-08-13T03:48:22Z,2023J22303C3,22303,C3,0,15218,15211,2026-08-13T05:55:00,16405,15218,E,43.3588,-5.8573804,20,False,1,1
2026-08-13T03:48:22Z,2023J80851C6,80851,C6,7,05509,05511,2026-08-13T05:54:00,05534,05509,E,43.3823,-5.7026434,20,False,1,1
2026-08-13T03:48:22Z,4123J84901C2,84901,C2,0,61200,06002,2026-08-13T06:35:00,06006,61200,E,37.97462,-1.1315287,41,False,1,2
2026-08-13T03:48:22Z,4123J84900C2,84900,C2,0,06006,06005,2026-08-13T06:14:00,61200,06006,E,37.672035,-1.6961039,41,False,1,1
2026-08-13T03:48:22Z,4123J24700C1,24700,C1,2,61200,62001,2026-08-13T06:01:00,60911,61200,8.0,37.973305,-1.118238,41,False,7,4
2026-08-13T03:48:22Z,4123J24701C1,24701,C1,3,60911,62109,2026-08-13T05:57:00,61200,60911,S,38.34553,-0.49576503,41,False,14,1
2026-08-13T03:48:22Z,1023J19805C1,19805,C1,0,98305,98304,2026-08-13T06:14:00,17000,98305,E,40.4924,-3.593483,10,False,2,1
2026-08-13T03:48:22Z,1023J19800C1,19800,C1,0,17000,98003,2026-08-13T05:54:00,98305,17000,E,40.47102,-3.6825693,10,False,12,2
2026-08-13T03:48:22Z,1023J19803C1,19803,C1,0,98305,98304,2026-08-13T05:59:00,17000,98305,E,40.4924,-3.593483,10,False,2,1
2026-08-13T03:48:22Z,1023J79208C7,79208,C7,0,18000,70002,2026-08-13T06:16:00,70103,18000,E,40.40667,-3.6893938,10,False,3,2
2026-08-13T03:48:22Z,1023J79604C10,79604,C10,6,10200,10104,2026-08-13T06:17:00,18004,10200,E,40.62599,-4.0081153,10,False,4,2
2026-08-13T03:48:22Z,1023J20005C3,20005,C3,0,60105,60104,2026-08-13T05:52:00,17000,60200,A,40.196156,-3.6648214,10,False,1,1
2026-08-13T03:48:22Z,1023J79805C8a,79805,C8a,14,17000,97201,2026-08-13T06:17:00,10203,17000,E,40.47113,-3.6828332,10,False,6,1
2026-08-13T03:48:22Z,1023J20202C4,20202,C4,1,37012,37012,2026-08-13T05:51:00,37012,18000,A,40.24143,-3.769159,10,True,2,2
2026-08-13T03:48:22Z,1023J79808C8a,79808,C8a,7,10203,10202,2026-08-13T06:00:00,18002,10203,E,40.58532,-4.1321955,10,False,3,2
2026-08-13T03:48:22Z,1023J20003C3,20003,C3,4,60109,60101,2026-08-13T05:51:00,17000,60200,E,40.318535,-3.7097142,10,False,1,1
2026-08-13T03:48:22Z,1023J76360C5,76360,C5,1,35605,35604,2026-08-13T05:52:00,35609,35607,A,40.356674,-3.8156087,10,False,1,1
2026-08-13T03:48:22Z,1023J76361C5,76361,C5,0,35609,35608,2026-08-13T06:20:00,35607,35609,E,40.405067,-3.7026901,10,False,2,2
2026-08-13T03:48:22Z,1023J76680C5,76680,C5,0,37001,35009,2026-08-13T06:16:00,35012,37001,E,40.34132,-3.7123663,10,False,6,2
2026-08-13T03:48:22Z,1023J76681C5,76681,C5,1,35011,35001,2026-08-13T05:53:00,37001,35012,A,40.328766,-3.7714624,10,False,1,1
2026-08-13T03:48:22Z,1023J76362C5,76362,C5,9,35607,35606,2026-08-13T06:02:00,35609,35607,E,40.330883,-3.8823783,10,False,2,1
2026-08-13T03:48:22Z,1023J79511C2,79511,C2,0,70200,70105,2026-08-13T06:15:00,18000,70200,E,40.644257,-3.1823237,10,False,3,1
2026-08-13T03:48:22Z,1023J20002C3,20002,C3,5,60102,60103,2026-08-13T05:54:00,60200,17000,3.0,40.296368,-3.7061965,10,False,2,2
2026-08-13T03:48:22Z,1023J20409C4b,20409,C4b,0,18000,18101,2026-08-13T05:59:00,17005,18000,E,40.40654,-3.6895106,10,False,6,1
2026-08-13T03:48:22Z,1023J79951C8b,79951,C8b,0,18000,18001,2026-08-13T06:03:00,12006,18000,E,40.406666,-3.6893961,10,False,2,1
2026-08-13T03:48:22Z,1023J20408C4b,20408,C4b,0,17005,17004,2026-08-13T06:24:00,37012,17005,E,40.644844,-3.7762609,10,False,3,3
2026-08-13T03:48:22Z,1023J76683C5,76683,C5,0,35012,35002,2026-08-13T05:55:00,37001,35012,E,40.25559,-3.8284667,10,False,1,1
2026-08-13T03:48:22Z,1023J76364C5,76364,C5,3,35607,35606,2026-08-13T06:06:00,35609,35607,E,40.330883,-3.8823783,10,False,1,1
2026-08-13T03:48:22Z,1023J79950C2,79950,C2,0,18002,18001,2026-08-13T06:04:00,18000,18002,E,40.44655,-3.691473,10,False,2,2
2026-08-13T03:48:22Z,1023J76366C5,76366,C5,0,35607,35606,2026-08-13T06:13:00,35609,35607,E,40.330883,-3.8823783,10,False,2,1
2026-08-13T03:48:22Z,1023J76685C5,76685,C5,0,35012,35002,2026-08-13T06:05:00,37001,35012,E,40.25559,-3.8284667,10,False,1,1
2026-08-13T03:48:22Z,1023J20209C4a,20209,C4a,5,37010,37001,2026-08-13T05:51:00,19003,37012,30.0,40.33016,-3.7239912,10,True,1,1
2026-08-13T03:48:22Z,1023J79952C8b,79952,C8b,0,12006,12005,2026-08-13T05:53:00,18000,12006,E,40.737614,-4.0662985,10,False,4,1
2026-08-13T03:48:22Z,1023J76687C5,76687,C5,0,35012,35002,2026-08-13T06:15:00,37001,35012,E,40.25559,-3.8284667,10,False,1,1
2026-08-13T03:48:22Z,1023J76203C5,76203,C5,0,35704,35703,2026-08-13T05:49:00,18003,37001,E,40.35043,-3.705141,10,False,2,1
2026-08-13T03:48:22Z,1023J76204C5,76204,C5,0,18003,35702,2026-08-13T06:05:00,37001,18003,E,40.39592,-3.6779969,10,False,2,2
2026-08-13T03:48:22Z,1023J20407C4b,20407,C4b,9,60100,18000,2026-08-13T05:58:00,17005,37012,S,40.352676,-3.684073,10,True,2,5
2026-08-13T03:48:22Z,1023J20406C4b,20406,C4b,0,17005,17004,2026-08-13T06:11:00,37012,17005,E,40.644844,-3.7762609,10,False,3,3
2026-08-13T03:48:22Z,1023J20208C4,20208,C4,2,17000,18002,2026-08-13T05:54:00,37012,17000,E,40.471325,-3.6833096,10,False,1,8
2026-08-13T03:48:22Z,1023J20411C4b,20411,C4b,4,37012,37011,2026-08-13T05:54:00,17005,37012,3.0,40.243546,-3.7683206,10,False,1,1
2026-08-13T03:48:22Z,1023J20212C4a,20212,C4a,0,19001,17009,2026-08-13T05:50:00,37012,19003,E,40.55402,-3.6837044,10,True,2,2
2026-08-13T03:48:22Z,1023J20009C3,20009,C3,0,60200,60105,2026-08-13T06:15:00,17000,60200,E,40.035027,-3.6189713,10,False,1,1
2026-08-13T03:48:22Z,1023J20211C4a,20211,C4a,0,37002,37010,2026-08-13T06:02:00,19003,37002,E,40.309868,-3.733689,10,False,1,1
2026-08-13T03:48:22Z,1023J20415C4b,20415,C4b,0,37012,37011,2026-08-13T06:15:00,17005,37012,E,40.24143,-3.769159,10,False,2,1
2026-08-13T03:48:22Z,1023J20216C4a,20216,C4a,0,19003,19002,2026-08-13T06:07:00,37012,19003,E,40.546417,-3.6351175,10,False,2,2
2026-08-13T03:48:22Z,1023J20215C4a,20215,C4a,0,37012,37011,2026-08-13T06:21:00,19003,37012,E,40.24143,-3.769159,10,False,1,1
2026-08-13T03:48:22Z,1023J20413C4b,20413,C4b,0,37012,37011,2026-08-13T06:05:00,17005,37012,E,40.24143,-3.769159,10,False,2,1
2026-08-13T03:48:22Z,1023J79211C7,79211,C7,0,70103,70111,2026-08-13T06:05:00,18000,70103,E,40.4889,-3.3666708,10,False,5,1
2026-08-13T03:48:22Z,1023J20207C4a,20207,C4a,3,18000,18101,2026-08-13T05:50:00,19003,18000,11.0,40.407986,-3.6910877,10,True,7,1
2026-08-13T03:48:22Z,1023J79810C8a,79810,C8a,0,10203,10202,2026-08-13T06:21:00,18000,10203,E,40.58532,-4.1321955,10,False,3,2
2026-08-13T03:48:22Z,1023J20405C4b,20405,C4b,2,17009,17003,2026-08-13T05:53:00,17005,18000,A,40.558834,-3.7141593,10,True,1,1
2026-08-13T03:48:22Z,1023J79215C7,79215,C7,0,70103,70111,2026-08-13T06:17:00,18000,70103,E,40.4889,-3.3666708,10,False,5,1
2026-08-13T03:48:22Z,1023J20008C3,20008,C3,0,17000,18002,2026-08-13T06:16:00,60200,17000,E,40.471382,-3.6834786,10,False,2,8
2026-08-13T03:48:22Z,1023J20206C4,20206,C4,0,37001,37010,2026-08-13T06:08:00,37012,37001,E,40.34132,-3.7123663,10,False,2,2
2026-08-13T03:48:22Z,1023J20007C3,20007,C3,0,60200,60105,2026-08-13T05:59:00,17000,60200,E,40.035027,-3.6189713,10,False,1,1
2026-08-13T03:48:22Z,1023J20205C4a,20205,C4a,4,17000,17001,2026-08-13T05:52:00,19003,37012,E,40.471325,-3.6833096,10,True,4,1
2026-08-13T03:48:22Z,1023J79200C2,79200,C2,4,70112,70111,2026-08-13T05:52:00,70103,18000,5.0,40.464977,-3.4390492,10,False,2,2
2026-08-13T03:48:22Z,1023J79203C7,79203,C7,1,70003,70002,2026-08-13T05:49:00,18000,70103,E,40.376156,-3.6561253,10,True,1,1
2026-08-13T03:48:22Z,1023J79202C7,79202,C7,0,18000,70002,2026-08-13T05:52:00,70103,18000,E,40.40667,-3.6893938,10,False,3,2
2026-08-13T03:48:22Z,1023J79205C7,79205,C7,0,70100,70109,2026-08-13T05:52:00,18000,70103,A,40.38707,-3.6090817,10,False,1,1
2026-08-13T03:48:22Z,1023J79204C7,79204,C7,0,18000,70002,2026-08-13T06:04:00,70103,18000,E,40.40667,-3.6893938,10,False,3,2
2026-08-13T03:48:22Z,1023J20204C4,20204,C4,14,18101,18000,2026-08-13T05:54:00,37012,17000,S,40.417023,-3.7031636,10,True,2,7
2026-08-13T03:48:22Z,1023J79402C2,79402,C2,3,70101,70102,2026-08-13T05:53:00,70200,17000,20.0,40.44518,-3.523136,10,False,2,2
2026-08-13T03:48:22Z,1023J20402C4b,20402,C4b,6,17005,17004,2026-08-13T05:54:00,37012,17005,3.0,40.6449,-3.7729235,10,True,3,3
2026-08-13T03:48:22Z,1023J79207C7,79207,C7,7,70111,70112,2026-08-13T05:52:00,18000,70103,E,40.480347,-3.39294,10,False,1,1
2026-08-13T03:48:22Z,1023J79404C2,79404,C2,12,17000,98003,2026-08-13T06:14:00,70200,17000,E,40.47097,-3.68245,10,False,10,2
2026-08-13T03:48:22Z,1023J79209C7,79209,C7,0,70103,70111,2026-08-13T05:53:00,18000,70103,E,40.4889,-3.3666708,10,False,5,1
2026-08-13T03:48:22Z,1023J79102C7,79102,C7,0,10000,10001,2026-08-13T06:13:00,18002,18003,E,40.42163,-3.7193205,10,False,2,2
2026-08-13T03:48:22Z,1023J76672C5,76672,C5,0,35002,35012,2026-08-13T05:51:00,35012,37001,A,40.25559,-3.8284667,10,False,2,1
2026-08-13T03:48:22Z,1023J76353C5,76353,C5,0,35603,35604,2026-08-13T05:51:00,35607,35609,7.0,40.37659,-3.7934797,10,False,2,2
2026-08-13T03:48:22Z,1023J79103C7,79103,C7,0,18002,17000,2026-08-13T06:25:00,10000,70200,E,40.44655,-3.691473,10,False,1,10
2026-08-13T03:48:22Z,1023J76674C5,76674,C5,3,35009,35001,2026-08-13T05:52:00,35012,37001,A,40.328766,-3.7714624,10,False,2,2
2026-08-13T03:48:22Z,1023J76355C5,76355,C5,1,35609,35608,2026-08-13T05:51:00,35607,35609,30.0,40.405052,-3.7152104,10,False,2,2
2026-08-13T03:48:22Z,1023J76676C5,76676,C5,0,37001,35009,2026-08-13T05:56:00,35012,37001,E,40.34132,-3.7123663,10,False,6,2
2026-08-13T03:48:22Z,1023J76357C5,76357,C5,0,35609,35608,2026-08-13T06:00:00,35607,35609,E,40.405067,-3.7026901,10,False,2,2
2026-08-13T03:48:22Z,1023J76358C5,76358,C5,0,35602,35601,2026-08-13T05:48:00,35609,35607,S,40.381268,-3.7802126,10,False,1,1
2026-08-13T03:48:22Z,1023J79503C2,79503,C2,0,70112,70102,2026-08-13T05:53:00,18000,70200,E,40.464172,-3.4414766,10,True,1,1
2026-08-13T03:48:22Z,1023J76359C5,76359,C5,0,35609,35608,2026-08-13T06:10:00,35607,35609,E,40.405067,-3.7026901,10,False,2,2
2026-08-13T03:48:22Z,1023J76678C5,76678,C5,0,37001,35009,2026-08-13T06:06:00,35012,37001,E,40.34132,-3.7123663,10,False,6,2
2026-08-13T03:48:22Z,1023J76679C5,76679,C5,0,37001,37001,2026-08-13T05:49:00,37001,35012,A,40.34132,-3.7123663,10,False,4,4
2026-08-13T03:48:22Z,1023J79507C2,79507,C2,3,70105,70104,2026-08-13T05:56:00,18000,70200,A,40.53455,-3.2985828,10,False,1,1
2026-08-13T03:53:13Z,3023J23501C1,23501,C1,1,50700,50602,2026-08-13T05:57:33,50600,51003,E,37.58964,-5.7261076,30,False,1,1
2026-08-13T03:53:13Z,3023J23502C1,23502,C1,0,51003,51100,2026-08-13T05:59:00,51200,51003,A,37.377792,-5.9795485,30,False,11,2
2026-08-13T03:53:13Z,3023J23601C4,23601,C4,0,51003,51009,2026-08-13T06:00:00,51100,00000,A,37.4036,-5.936382,30,False,8,2
2026-08-13T03:53:13Z,3023J23701C5,23701,C5,0,43005,43004,2026-08-13T06:08:00,51103,43005,A,37.381527,-6.193782,30,False,3,
2026-08-13T03:53:13Z,3023J23505C1,23505,C1,0,51200,51112,2026-08-13T06:10:00,50600,51200,A,37.27829,-5.9103913,30,False,3,1
2026-08-13T03:53:13Z,3023J23101C3,23101,C3,2,51003,50700,2026-08-13T06:09:34,40115,51003,27.0,37.471737,-5.9488525,30,False,,
2026-08-13T03:53:13Z,3023J23500C1,23500,C1,1,51202,51203,2026-08-13T06:05:54,51203,51003,A,36.911682,-6.095153,30,False,4,6
2026-08-13T03:53:13Z,3123J23421T1,23421,T1,0,51405,51414,2026-08-13T06:04:00,51450,51405,,36.529045,-6.2877955,31,False,5,1
2026-08-13T03:53:13Z,3123J23422T1,23422,T1,0,51450,51451,2026-08-13T05:56:00,51405,51450,,36.40869,-6.1343336,31,False,2,2
2026-08-13T03:53:13Z,3223J23303C1,23303,C1,0,54512,54513,2026-08-13T05:56:36,54516,54517,A,36.570225,-4.5940194,32,False,1,1
2026-08-13T03:53:13Z,3223J23151C2,23151,C2,0,54412,54410,2026-08-13T05:57:49,54405,54517,A,36.705082,-4.545475,32,False,,
2026-08-13T03:53:13Z,4023J24380C6,24380,C6,1,65000,65002,2026-08-13T05:57:34,65312,65000,33.0,39.45434,-0.38110232,40,False,,2
2026-08-13T03:53:13Z,4023J84004C2,84004,C2,0,64003,64004,2026-08-13T06:18:00,65000,64003,,38.878082,-0.7535829,40,False,,
2026-08-13T03:53:13Z,4023J24001C2,24001,C2,1,64200,64107,2026-08-13T05:59:43,64006,65000,E,39.36203,-0.41514477,40,False,3,1
2026-08-13T03:53:13Z,4023J84601C5,84601,C5,0,67211,67212,2026-08-13T06:07:00,65008,67211,,39.947292,-0.5721675,40,False,,
2026-08-13T03:53:13Z,4023J24002C2,24002,C2,0,64006,64100,2026-08-13T06:01:00,65000,64006,A,38.992313,-0.5246103,40,False,3,2
2026-08-13T03:53:13Z,4023J24200C1,24200,C1,0,69107,69105,2026-08-13T05:57:07,65000,69110,E,39.02619,-0.21494265,40,False,,3
2026-08-13T03:53:13Z,4023J24300C6,24300,C6,0,65000,65002,2026-08-13T06:07:00,65300,65000,,39.465065,-0.37811995,40,False,,
2026-08-13T03:53:13Z,4023J24201C1,24201,C1,1,65000,64203,2026-08-13T05:59:43,69110,65000,14.0,39.460114,-0.37949136,40,False,,1
2026-08-13T03:53:13Z,4023J24103C2,24103,C2,1,64006,64006,2026-08-13T05:43:07,64003,64100,E,38.96917,-0.5866923,40,False,3,3
2026-08-13T03:53:13Z,4023J24301C6,24301,C6,2,65207,65206,2026-08-13T05:58:53,65000,65300,A,39.85307,-0.15246475,40,False,1,1
2026-08-13T03:53:13Z,4023J24107C2,24107,C2,0,64100,64006,2026-08-13T06:14:00,64006,64100,A,38.96917,-0.5866923,40,False,1,
2026-08-13T03:53:13Z,5123J25601R1,25601,R1,0,72305,71801,2026-08-13T05:54:00,79200,72305,81.0,41.37438,2.1344428,50,False,,
2026-08-13T03:53:13Z,5123J18121R16,18121,R16,0,79400,71802,2026-08-13T05:55:00,65400,79400,79.0,41.3989,2.173838,50,True,,
2026-08-13T03:53:13Z,5123J25604R1,25604,R1,1,79412,79410,2026-08-13T05:54:12,72305,79603,A,41.500538,2.3899064,50,True,2,2
2026-08-13T03:53:13Z,5123J28402R2N,28402,R2N,4,79004,79009,2026-08-13T05:59:18,72400,79100,A,41.409042,2.1873875,50,True,2,1
2026-08-13T03:53:13Z,5123J25702R1,25702,R1,0,71801,72305,2026-08-13T05:56:20,72305,79500,E,41.379536,2.1411612,50,True,,
2026-08-13T03:53:13Z,5123J28406R2N,28406,R2N,0,79104,79103,2026-08-13T06:11:00,72400,79104,A,41.671745,2.4542186,50,True,,
2026-08-13T03:53:13Z,5123J77510R4,77510,R4,0,78600,78604,2026-08-13T06:03:00,72204,78600,A,41.668728,1.8624942,50,False,3,2
2026-08-13T03:53:13Z,5123J33520RL4,15620,RL4,-1,78500,78501,2026-08-13T06:04:05,78600,78400,A,41.65576,1.4206176,50,False,,
2026-08-13T03:53:13Z,5123J35516R3,23516,R3,0,77109,77107,2026-08-13T05:59:00,77102,77109,A,41.841995,2.2473545,50,False,,
2026-08-13T03:53:13Z,5123J15250R11,15250,R11,0,79309,79308,2026-08-13T06:00:00,79200,79309,,42.265114,2.968971,50,False,,
2026-08-13T03:53:13Z,5123J28264R2S,28264,R2S,2,71701,71703,2026-08-13T05:54:03,79400,71600,85.0,41.24848,1.889281,50,False,,
2026-08-13T03:53:13Z,5123J18120R16,18120,R16,0,65400,65402,2026-08-13T05:55:00,79400,65400,,40.807198,0.5228472,50,False,,
2026-08-13T03:53:13Z,5123J28265R2S,28265,R2S,0,79400,71802,2026-08-13T06:08:00,71700,79400,A,41.392376,2.1651223,50,True,,
2026-08-13T03:53:13Z,5123J28263R2S,28263,R2S,-1,71708,71707,2026-08-13T05:53:48,71700,79400,E,41.35488,2.1156967,50,True,,1
2026-08-13T03:53:13Z,5123J28400R2N,28400,R2N,1,71707,72400,2026-08-13T05:56:39,72400,79100,E,41.3306,2.0894625,50,True,,1
2026-08-13T03:53:13Z,5123J15772R11,15772,R11,0,79309,79303,2026-08-13T06:11:00,71801,79309,E,42.265114,2.968971,50,True,,
2026-08-13T03:53:13Z,5123J25704R1,25704,R1,0,79500,79412,2026-08-13T06:05:00,72305,79500,A,41.50672,2.4016483,50,True,4,2
2026-08-13T03:53:13Z,5123J77400R4,77400,R4,0,72209,72210,2026-08-13T05:54:37,78600,71600,A,41.473316,1.967515,50,False,,2
2026-08-13T03:53:13Z,5123J28500R2,28500,R2,2,71707,71708,2026-08-13T05:56:27,79104,71700,A,41.354904,2.115462,50,True,,
2026-08-13T03:53:13Z,5123J25608R1,25608,R1,0,79606,79605,2026-08-13T06:07:00,72305,79606,A,41.64154,2.741303,50,False,5,
2026-08-13T03:53:13Z,5123J15002R15,15002,R15,0,71400,71401,2026-08-13T06:15:00,79400,71400,,41.160637,1.1000068,50,True,,
2026-08-13T03:53:13Z,5123J15000R15,15000,R15,-2,71500,71502,2026-08-13T06:03:21,79400,71400,A,41.13657,1.3734233,50,False,,
2026-08-13T03:53:13Z,5123J25400R2,25400,R2,3,79004,79005,2026-08-13T05:52:58,79200,71700,98.0,41.483143,2.1881034,50,True,,
2026-08-13T03:53:13Z,5123J77402R4,77402,R4,7,72202,72203,2026-08-13T05:54:08,78600,71600,82.0,41.30795,1.6487,50,False,,2
2026-08-13T03:53:13Z,5123J25501R2S,25501,R2S,0,79400,71802,2026-08-13T05:58:00,71600,79400,A,41.392376,2.1651223,50,False,,
2026-08-13T03:53:13Z,5123J25701R1,25701,R1,0,72305,71801,2026-08-13T06:03:00,79600,72305,A,41.379536,2.1411612,50,True,,
2026-08-13T03:53:13Z,5123J77600R4,77600,R4,2,78800,78708,2026-08-13T05:54:35,78600,72209,A,41.48388,2.1847994,50,False,,1
2026-08-13T03:53:13Z,5123J25602R1,25602,R1,3,79404,79403,2026-08-13T05:52:21,72305,79603,S,41.445705,2.2490852,50,True,,2
2026-08-13T03:53:13Z,5123J77502R4,77502,R4,7,72301,72300,2026-08-13T05:54:08,71600,78700,79.0,41.404785,2.0270545,50,False,,1
2026-08-13T03:53:13Z,5123J25502R2S,25502,R2S,0,71600,71601,2026-08-13T06:02:00,79400,71600,A,41.189453,1.5750299,50,False,,
2026-08-13T03:53:13Z,5123J77404R4,77404,R4,0,71600,72201,2026-08-13T06:02:00,78600,71600,A,41.220802,1.5381482,50,False,1,2
2026-08-13T03:53:13Z,5123J77602R4,77602,R4,7,72301,72302,2026-08-13T05:52:01,78600,72209,S,41.38308,2.0479817,50,False,,2
2026-08-13T03:53:13Z,5123J77702R4,77702,R4,0,78802,78806,2026-08-13T05:52:24,72209,78800,A,41.42185,2.1869605,50,True,,2
2026-08-13T03:53:13Z,5123J33521R4,15631,R4,1,78600,78506,2026-08-13T05:56:25,78400,78600,70.0,41.72026,1.826423,50,False,,
2026-08-13T03:53:13Z,5123J77506R4,77506,R4,4,78705,78706,2026-08-13T05:53:32,71600,78700,84.0,41.496174,2.1430492,50,True,,2
2026-08-13T03:53:13Z,5123J77508R4,77508,R4,0,78700,78710,2026-08-13T06:03:00,71600,78700,A,41.567463,2.03963,50,False,,2
2026-08-13T03:53:13Z,6023J26500C3,26500,C3,1,13101,13116,2026-08-13T05:53:51,13100,13200,E,43.04889,-3.0018198,60,False,,2
2026-08-13T03:53:13Z,6023J26600C3,26600,C3,0,13110,13115,2026-08-13T05:54:31,13106,13200,A,43.176933,-2.909058,60,False,2,2
2026-08-13T03:53:13Z,6023J26004C2,26004,C2,0,13506,13505,2026-08-13T05:57:00,13200,13506,A,43.315636,-3.0911126,60,False,1,1
2026-08-13T03:53:13Z,6023J26501C3,26501,C3,2,13113,13114,2026-08-13T05:57:10,13200,13100,14.0,43.236897,-2.889748,60,True,1,1
2026-08-13T03:53:13Z,6023J26103C1,26103,C1,3,13303,13304,2026-08-13T05:55:44,13405,13200,29.0,43.265697,-2.9615803,60,False,,1
2026-08-13T03:53:13Z,6023J26502C3,26502,C3,-1,13107,13106,2026-08-13T05:55:31,13100,13200,E,43.144993,-2.9434426,60,False,,2
2026-08-13T03:53:13Z,6023J26504C3,26504,C3,1,13120,13119,2026-08-13T05:56:01,13100,13200,E,43.25035,-2.930641,60,False,2,2
2026-08-13T03:53:13Z,6023J26105C1,26105,C1,0,13200,13205,2026-08-13T06:06:00,13405,13200,A,43.256733,-2.9322033,60,False,1,1
2026-08-13T03:53:13Z,6023J26602C3,26602,C3,0,13200,13120,2026-08-13T06:02:00,13106,13200,A,43.25035,-2.930641,60,False,4,2
2026-08-13T03:53:13Z,6023J71503C4,71503,C4,0,05485,05483,2026-08-13T06:00:00,05451,05485,A,43.196415,-3.1899889,60,False,1,1
2026-08-13T03:53:13Z,6023J71501C4,71501,C4,3,05474,05473,2026-08-13T05:53:04,05451,05485,E,43.21031,-3.1140492,60,False,,1
2026-08-13T03:53:13Z,6023J26503C3,26503,C3,0,13106,13107,2026-08-13T05:56:32,13200,13100,E,43.14222,-2.960543,60,True,,1
2026-08-13T03:53:13Z,6023J71500C4,71500,C4,0,05451,13206,2026-08-13T06:03:00,05485,05451,A,43.254723,-2.9436562,60,False,4,2AM
2026-08-13T03:53:13Z,6023J26104C1,26104,C1,0,13405,13404,2026-08-13T06:00:00,13200,13405,A,43.3262,-3.023556,60,False,1,2
2026-08-13T03:53:13Z,6023J26005C2,26005,C2,0,13200,13205,2026-08-13T05:55:00,13506,13200,A,43.256733,-2.9322033,60,False,2,1
2026-08-13T03:53:13Z,6023J26001C2,26001,C2,6,13505,13506,2026-08-13T05:54:58,13506,13200,31.0,43.31235,-3.0986657,60,False,,
2026-08-13T03:53:13Z,6023J26000C2,26000,C2,5,13205,13200,2026-08-13T05:54:34,13200,13506,E,43.256733,-2.9322033,60,False,2,
2026-08-13T03:53:13Z,6023J26102C1,26102,C1,1,13303,13208,2026-08-13T05:54:37,13200,13405,E,43.26418,-2.9553094,60,False,2,2
2026-08-13T03:53:13Z,6023J26003C2,26003,C2,1,13501,13502,2026-08-13T05:52:31,13506,13200,E,43.304123,-3.010197,60,False,,1
2026-08-13T03:53:13Z,6023J26002C2,26002,C2,5,13502,13501,2026-08-13T05:54:25,13200,13506,E,43.302948,-3.0169492,60,False,1,1
2026-08-13T03:53:13Z,6123J81702C1,81702,C1,0,11600,11518,2026-08-13T05:53:00,11508,11600,E,43.33877,-1.8007782,61,False,,2
2026-08-13T03:53:13Z,6123J35680C1,35680,C1,-2,11503,11502,2026-08-13T05:57:25,11305,11508,A,43.162556,-2.0704687,61,False,,2
2026-08-13T03:53:13Z,6123J81769C1,81769,C1,0,11508,11511,2026-08-13T06:21:00,11600,11508,A,43.317684,-1.9766475,61,False,1,
2026-08-13T03:53:13Z,6123J32769C1,32769,C1,-1,11506,11507,2026-08-13T05:56:32,11508,11400,A,43.317684,-1.9766475,61,False,,1
2026-08-13T03:53:13Z,6123J32700C1,32700,C1,0,11508,11507,2026-08-13T06:03:00,11305,11508,A,43.266514,-1.9726831,61,False,2,2
2026-08-13T03:53:13Z,6223J71152C2,71152,C2,1,05603,05604,2026-08-13T05:53:30,05637,14223,E,43.455097,-3.8411903,62,False,,1
2026-08-13T03:53:13Z,6223J71104C2,71104,C2,0,14223,05602,2026-08-13T06:01:00,05623,14223,A,43.452877,-3.8282192,62,False,2AM,2
2026-08-13T03:53:13Z,6223J71103C2,71103,C2,0,05623,05622,2026-08-13T06:08:00,14223,05623,A,43.35649,-4.0702353,62,False,1,1
2026-08-13T03:53:13Z,6223J71150C2,71150,C2,2,05623,05637,2026-08-13T06:12:39,05637,14223,5.0,43.35996,-4.0966334,62,False,,
2026-08-13T03:53:13Z,6223J71351C3,71351,C3,0,14223,05602,2026-08-13T05:53:29,05657,14223,80.0,43.453907,-3.8248055,62,False,,7
2026-08-13T03:53:13Z,4723J71080C1,71080,C1,0,05761,05762,2026-08-13T06:02:00,05803,05761,24.0,42.793213,-5.134173,47,False,,
2026-08-13T03:53:13Z,2023J70502C7,70502,C7,0,05325,05327,2026-08-13T06:18:00,05329,05325,E,43.490948,-6.1104946,20,False,4,2
2026-08-13T03:53:13Z,2023J22101C1,22101,C1,1,15410,15410,2026-08-13T05:54:00,15410,15218,A,43.537712,-5.676047,20,False,1,1
2026-08-13T03:53:13Z,2023J70200C4,70200,C4,2,15410,05211,2026-08-13T06:11:00,05211,15410,E,43.537647,-5.67596,20,False,12,3
2026-08-13T03:53:13Z,2023J22202C2,22202,C2,0,15211,15218,2026-08-13T06:23:00,16011,15211,E,43.366478,-5.855087,20,False,2,2
2026-08-13T03:53:13Z,2023J70752C6,70752,C6,0,05513,05509,2026-08-13T06:15:00,15211,05513,E,43.388065,-5.664932,20,False,3,2
2026-08-13T03:53:13Z,2023J22004C1,22004,C1,0,15410,15401,2026-08-13T06:14:00,15118,15410,E,43.537712,-5.676047,20,False,2,2
2026-08-13T03:53:13Z,2023J22000C1,22000,C1,0,15211,15218,2026-08-13T05:57:00,15122,15211,E,43.36655,-5.854991,20,False,2,2
2026-08-13T03:53:13Z,2023J22002C1,22002,C1,0,15211,15218,2026-08-13T06:17:00,15122,15211,E,43.36655,-5.854991,20,False,2,2
2026-08-13T03:53:13Z,2023J70400C5,70400,C5,5,05431,05427,2026-08-13T05:57:00,15410,05443,S,43.290783,-5.667893,20,False,1,1
2026-08-13T03:53:13Z,2023J22200C2,22200,C2,0,15209,15208,2026-08-13T05:56:00,16011,15211,E,43.313263,-5.8692784,20,False,2,2
2026-08-13T03:53:13Z,2023J70201C4,70201,C4,0,05211,05210,2026-08-13T06:17:00,15410,05211,E,43.58464,-5.772605,20,False,1,1
2026-08-13T03:53:13Z,2023J70508C7,70508,C7,0,15211,05300,2026-08-13T06:19:00,05311,15211,E,43.366535,-5.8552504,20,False,2,1
2026-08-13T03:53:13Z,2023J70853C6,70853,C6,0,15211,15217,2026-08-13T06:22:00,05534,15211,E,43.36667,-5.8550873,20,False,1,1
2026-08-13T03:53:13Z,2023J70801C6,70801,C6,0,05509,05513,2026-08-13T06:17:00,05523,05509,E,43.3823,-5.7026434,20,False,1,4
2026-08-13T03:53:13Z,2023J70900C8,70900,C8,6,05377,05379,2026-08-13T06:02:00,05389,05373,E,43.17608,-5.754903,20,False,1,3
2026-08-13T03:53:13Z,2023J70501C7,70501,C7,3,05311,05308,2026-08-13T05:54:00,15211,05311,45.0,43.350773,-5.968347,20,False,1,1
2026-08-13T03:53:13Z,2023J70753C6,70753,C6,6,05509,05513,2026-08-13T06:06:00,05513,05509,E,43.3823,-5.7026434,20,False,1,4
2026-08-13T03:53:13Z,2023J22103C1,22103,C1,2,15212,15300,2026-08-13T05:57:00,15410,15218,S,43.40936,-5.809035,20,False,1,3
2026-08-13T03:53:13Z,2023J70401C5,70401,C5,14,15410,05403,2026-08-13T06:16:00,05443,15410,E,43.53758,-5.67587,20,False,14,2
2026-08-13T03:53:13Z,2023J22303C3,22303,C3,3,15218,15211,2026-08-13T05:58:00,16405,15218,E,43.3588,-5.8573804,20,False,1,1
2026-08-13T03:53:13Z,2023J80851C6,80851,C6,11,05509,05511,2026-08-13T05:58:00,05534,05509,E,43.3823,-5.7026434,20,False,1,1
2026-08-13T03:53:13Z,2023J70755C6,70755,C6,0,05509,05513,2026-08-13T06:21:00,05513,05509,E,43.3823,-5.7026434,20,False,1,4
2026-08-13T03:53:13Z,4123J84900C2,84900,C2,0,06006,06005,2026-08-13T06:14:00,61200,06006,E,37.672035,-1.6961039,41,False,1,1
2026-08-13T03:53:13Z,4123J84901C2,84901,C2,0,61200,06002,2026-08-13T06:35:00,06006,61200,E,37.97462,-1.1315287,41,False,1,2
2026-08-13T03:53:13Z,4123J24701C1,24701,C1,0,62109,62104,2026-08-13T06:06:00,61200,60911,E,38.329018,-0.5086223,41,False,1,1
2026-08-13T03:53:13Z,1023J76687C5,76687,C5,0,35012,35002,2026-08-13T06:15:00,37001,35012,E,40.25559,-3.8284667,10,False,1,1
2026-08-13T03:53:13Z,1023J79207C7,79207,C7,8,70112,70102,2026-08-13T05:56:00,18000,70103,E,40.464172,-3.4414766,10,True,1,1
2026-08-13T03:53:13Z,1023J79404C2,79404,C2,17,17000,98003,2026-08-13T06:19:00,70200,17000,E,40.47097,-3.68245,10,False,10,2
2026-08-13T03:53:13Z,1023J76203C5,76203,C5,0,35702,18003,2026-08-13T05:55:00,18003,37001,E,40.3791,-3.6987777,10,False,2,1
2026-08-13T03:53:13Z,1023J76204C5,76204,C5,0,18003,35702,2026-08-13T06:05:00,37001,18003,E,40.39592,-3.6779969,10,False,2,2
2026-08-13T03:53:13Z,1023J79209C7,79209,C7,1,70103,70111,2026-08-13T05:54:00,18000,70103,E,40.4889,-3.3666708,10,False,5,1
2026-08-13T03:53:13Z,1023J76689C5,76689,C5,0,35012,35002,2026-08-13T06:25:00,37001,35012,E,40.25559,-3.8284667,10,False,1,1
2026-08-13T03:53:13Z,1023J79208C7,79208,C7,0,18000,70002,2026-08-13T06:16:00,70103,18000,E,40.40667,-3.6893938,10,False,3,2
2026-08-13T03:53:13Z,1023J76205C5,76205,C5,0,37001,35704,2026-08-13T06:22:00,18003,37001,E,40.34132,-3.7123663,10,False,4,1
2026-08-13T03:53:13Z,1023J79604C10,79604,C10,11,10200,10104,2026-08-13T06:22:00,18004,10200,E,40.62599,-4.0081153,10,False,4,2
2026-08-13T03:53:13Z,1023J19805C1,19805,C1,0,98305,98304,2026-08-13T06:14:00,17000,98305,E,40.4924,-3.593483,10,False,2,1
2026-08-13T03:53:13Z,1023J79805C8a,79805,C8a,0,17000,97201,2026-08-13T06:03:00,10203,17000,E,40.47113,-3.6828332,10,False,6,1
2026-08-13T03:53:13Z,1023J19800C1,19800,C1,2,17000,98003,2026-08-13T05:56:00,98305,17000,22.0,40.477043,-3.6800947,10,False,10,2
2026-08-13T03:53:13Z,1023J19803C1,19803,C1,5,98305,98304,2026-08-13T06:04:00,17000,98305,E,40.4924,-3.593483,10,False,2,1
2026-08-13T03:53:13Z,1023J79808C8a,79808,C8a,5,10203,10202,2026-08-13T05:58:00,18002,10203,S,40.59435,-4.1273055,10,False,3,2
2026-08-13T03:53:13Z,1023J19802C1,19802,C1,0,17000,98003,2026-08-13T06:24:00,98305,17000,E,40.47102,-3.6825693,10,False,12,2
2026-08-13T03:53:13Z,1023J76360C5,76360,C5,0,35603,35602,2026-08-13T05:56:00,35609,35607,A,40.381268,-3.7802126,10,False,1,1
2026-08-13T03:53:13Z,1023J76361C5,76361,C5,0,35609,35608,2026-08-13T06:20:00,35607,35609,E,40.405067,-3.7026901,10,False,2,2
2026-08-13T03:53:13Z,1023J76680C5,76680,C5,0,37001,35009,2026-08-13T06:16:00,35012,37001,E,40.34132,-3.7123663,10,False,6,2
2026-08-13T03:53:13Z,1023J20005C3,20005,C3,6,60105,60104,2026-08-13T05:58:00,17000,60200,S,40.165695,-3.6137378,10,False,1,1
2026-08-13T03:53:13Z,1023J76681C5,76681,C5,0,35001,35009,2026-08-13T05:54:00,37001,35012,45.0,40.33656,-3.762181,10,False,1,1
2026-08-13T03:53:13Z,1023J76362C5,76362,C5,0,35606,35610,2026-08-13T05:56:00,35609,35607,A,40.34195,-3.8423326,10,False,1,1
2026-08-13T03:53:13Z,1023J20004C3,20004,C3,2,60100,60107,2026-08-13T05:54:00,60200,17000,45.0,40.34806,-3.683857,10,True,3,2
2026-08-13T03:53:13Z,1023J79511C2,79511,C2,0,70200,70105,2026-08-13T06:15:00,18000,70200,E,40.644257,-3.1823237,10,False,3,1
2026-08-13T03:53:13Z,1023J20003C3,20003,C3,1,60100,18000,2026-08-13T06:04:00,17000,60200,A,40.40654,-3.6895106,10,True,4,5
2026-08-13T03:53:13Z,1023J79951C8b,79951,C8b,0,18000,18001,2026-08-13T06:03:00,12006,18000,E,40.406666,-3.6893961,10,True,2,1
2026-08-13T03:53:13Z,1023J76683C5,76683,C5,0,35012,35002,2026-08-13T05:55:00,37001,35012,E,40.25559,-3.8284667,10,False,1,1
2026-08-13T03:53:13Z,1023J76364C5,76364,C5,8,35607,35606,2026-08-13T06:11:00,35609,35607,E,40.330883,-3.8823783,10,False,1,1
2026-08-13T03:53:13Z,1023J79950C2,79950,C2,0,18002,18001,2026-08-13T06:04:00,18000,18002,E,40.44655,-3.691473,10,False,2,2
2026-08-13T03:53:13Z,1023J76366C5,76366,C5,0,35607,35606,2026-08-13T06:13:00,35609,35607,E,40.330883,-3.8823783,10,False,2,1
2026-08-13T03:53:13Z,1023J76685C5,76685,C5,0,35012,35002,2026-08-13T06:05:00,37001,35012,E,40.25559,-3.8284667,10,False,1,1
2026-08-13T03:53:13Z,1023J20002C3,20002,C3,4,60103,60104,2026-08-13T05:58:00,60200,17000,S,40.23638,-3.7021074,10,True,2,2
2026-08-13T03:53:13Z,1023J20409C4b,20409,C4b,5,18000,18101,2026-08-13T06:04:00,17005,18000,E,40.40654,-3.6895106,10,False,6,1
2026-08-13T03:53:13Z,1023J20408C4b,20408,C4b,0,17005,17004,2026-08-13T06:24:00,37012,17005,E,40.644844,-3.7762609,10,False,3,3
2026-08-13T03:53:13Z,1023J20209C4a,20209,C4a,2,60100,18000,2026-08-13T06:02:00,19003,37012,E,40.352676,-3.684073,10,True,2,6
2026-08-13T03:53:13Z,1023J20406C4b,20406,C4b,0,17005,17004,2026-08-13T06:11:00,37012,17005,E,40.644844,-3.7762609,10,False,3,3
2026-08-13T03:53:13Z,1023J20208C4,20208,C4,0,18002,18101,2026-08-13T05:56:00,37012,17000,E,40.4466,-3.6920877,10,True,8,2
2026-08-13T03:53:13Z,1023J20009C3,20009,C3,0,60200,60105,2026-08-13T06:15:00,17000,60200,E,40.035027,-3.6189713,10,False,1,1
2026-08-13T03:53:13Z,1023J20207C4a,20207,C4a,0,18002,17000,2026-08-13T05:59:00,19003,18000,A,40.471325,-3.6833096,10,True,6,3
2026-08-13T03:53:13Z,1023J79952C8b,79952,C8b,3,12006,12005,2026-08-13T05:56:00,18000,12006,22.0,40.73363,-4.0551233,10,True,4,1
2026-08-13T03:53:13Z,1023J79103C7,79103,C7,0,18002,17000,2026-08-13T06:25:00,10000,70200,E,40.44655,-3.691473,10,False,1,10
2026-08-13T03:53:13Z,1023J76368C5,76368,C5,0,35607,35606,2026-08-13T06:23:00,35609,35607,E,40.330883,-3.8823783,10,False,2,1
2026-08-13T03:53:13Z,1023J76674C5,76674,C5,0,35011,35010,2026-08-13T05:54:00,35012,37001,A,40.29673,-3.7924793,10,False,2,2
2026-08-13T03:53:13Z,1023J76355C5,76355,C5,0,35600,35601,2026-08-13T05:55:00,35607,35609,E,40.386257,-3.7610443,10,False,2,2
2026-08-13T03:53:13Z,1023J20411C4b,20411,C4b,3,37011,37002,2026-08-13T05:56:00,17005,37012,E,40.288372,-3.7373493,10,True,1,1
2026-08-13T03:53:13Z,1023J76676C5,76676,C5,4,37001,35009,2026-08-13T06:00:00,35012,37001,E,40.34132,-3.7123663,10,False,4,2
2026-08-13T03:53:13Z,1023J76357C5,76357,C5,4,35609,35608,2026-08-13T06:04:00,35607,35609,E,40.405067,-3.7026901,10,False,2,2
2026-08-13T03:53:13Z,1023J76358C5,76358,C5,0,35608,35609,2026-08-13T05:58:00,35609,35607,A,40.405067,-3.7026901,10,False,1,1
2026-08-13T03:53:13Z,1023J79503C2,79503,C2,1,70102,70101,2026-08-13T05:58:00,18000,70200,E,40.454636,-3.4796963,10,True,1,1
2026-08-13T03:53:13Z,1023J76359C5,76359,C5,0,35609,35608,2026-08-13T06:10:00,35607,35609,E,40.405067,-3.7026901,10,False,2,2
2026-08-13T03:53:13Z,1023J76678C5,76678,C5,0,37001,35009,2026-08-13T06:06:00,35012,37001,E,40.34132,-3.7123663,10,False,6,2
2026-08-13T03:53:13Z,1023J20212C4a,20212,C4a,3,17009,17001,2026-08-13T05:59:00,37012,19003,S,40.539864,-3.6982946,10,True,2,2
2026-08-13T03:53:13Z,1023J79507C2,79507,C2,1,70104,70107,2026-08-13T05:58:00,18000,70200,E,40.53455,-3.2985828,10,False,1,1
2026-08-13T03:53:13Z,1023J20211C4a,20211,C4a,0,37002,37010,2026-08-13T06:02:00,19003,37002,E,40.309868,-3.733689,10,False,1,1
2026-08-13T03:53:13Z,1023J20405C4b,20405,C4b,1,17003,17004,2026-08-13T05:56:00,17005,18000,A,40.59852,-3.7158544,10,False,1,2
2026-08-13T03:53:13Z,1023J20210C4,20210,C4,0,37001,37010,2026-08-13T06:22:00,37012,37001,E,40.34132,-3.7123663,10,False,2,2
2026-08-13T03:53:13Z,1023J20008C3,20008,C3,0,17000,18002,2026-08-13T06:16:00,60200,17000,E,40.471382,-3.6834786,10,False,2,8
2026-08-13T03:53:13Z,1023J20011C3,20011,C3,0,60200,60105,2026-08-13T06:30:00,17000,60200,E,40.035027,-3.6189713,10,False,1,1
2026-08-13T03:53:13Z,1023J20218C4a,20218,C4a,0,19003,19002,2026-08-13T06:20:00,37012,19003,E,40.546417,-3.6351175,10,False,2,2
2026-08-13T03:53:13Z,1023J20206C4,20206,C4,0,37001,37010,2026-08-13T06:08:00,37012,37001,E,40.34132,-3.7123663,10,False,2,2
2026-08-13T03:53:13Z,1023J20415C4b,20415,C4b,0,37012,37011,2026-08-13T06:15:00,17005,37012,E,40.24143,-3.769159,10,False,2,1
2026-08-13T03:53:13Z,1023J20216C4a,20216,C4a,-1,19003,19002,2026-08-13T06:06:00,37012,19003,E,40.546417,-3.6351175,10,False,2,2
2026-08-13T03:53:13Z,1023J20215C4a,20215,C4a,0,37012,37011,2026-08-13T06:21:00,19003,37012,E,40.24143,-3.769159,10,False,1,1
2026-08-13T03:53:13Z,1023J20413C4b,20413,C4b,4,37012,37011,2026-08-13T06:09:00,17005,37012,E,40.24143,-3.769159,10,False,2,1
2026-08-13T03:53:13Z,1023J79211C7,79211,C7,-1,70103,70111,2026-08-13T06:04:00,18000,70103,E,40.4889,-3.3666708,10,False,2,1
2026-08-13T03:53:13Z,1023J79810C8a,79810,C8a,0,10203,10202,2026-08-13T06:21:00,18000,10203,E,40.58532,-4.1321955,10,False,3,2
2026-08-13T03:53:13Z,1023J20007C3,20007,C3,2,60200,60105,2026-08-13T06:01:00,17000,60200,10.0,40.047657,-3.623418,10,True,3,1
2026-08-13T03:53:13Z,1023J79215C7,79215,C7,0,70103,70111,2026-08-13T06:17:00,18000,70103,E,40.4889,-3.3666708,10,False,5,1
2026-08-13T03:53:13Z,1023J79200C2,79200,C2,4,70111,70103,2026-08-13T05:57:00,70103,18000,E,40.480347,-3.39294,10,False,2,1
2026-08-13T03:53:13Z,1023J20205C4a,20205,C4a,4,17001,17009,2026-08-13T05:57:00,19003,37012,A,40.54373,-3.7003317,10,True,1,1
2026-08-13T03:53:13Z,1023J20204C4,20204,C4,12,18000,60100,2026-08-13T05:59:00,37012,17000,E,40.40654,-3.6895106,10,True,5,1
2026-08-13T03:53:13Z,1023J79203C7,79203,C7,4,70002,18000,2026-08-13T05:58:00,18000,70103,15.0,40.386192,-3.670872,10,True,1,2
2026-08-13T03:53:13Z,1023J20402C4b,20402,C4b,5,17004,17003,2026-08-13T05:57:00,37012,17005,S,40.59852,-3.7158544,10,False,3,2
2026-08-13T03:53:13Z,1023J79202C7,79202,C7,0,70002,70003,2026-08-13T05:54:00,70103,18000,E,40.381805,-3.6681077,10,False,2,2
2026-08-13T03:53:13Z,1023J79204C7,79204,C7,0,18000,70002,2026-08-13T06:04:00,70103,18000,E,40.40667,-3.6893938,10,False,3,2
2026-08-13T03:53:13Z,1023J79102C7,79102,C7,0,10000,10001,2026-08-13T06:13:00,18002,18003,E,40.42163,-3.7193205,10,False,2,2
2026-08-13T03:53:13Z,1023J79600C10,79600,C10,2,10005,10007,2026-08-13T05:56:00,18004,10200,E,40.494404,-3.8680208,10,False,1,1
2026-08-13T03:53:13Z,1023J79402C2,79402,C2,0,70112,70111,2026-08-13T05:58:00,70200,17000,A,40.480347,-3.39294,10,False,2,2
2026-08-13T03:53:13Z,1023J76672C5,76672,C5,1,35012,35012,2026-08-13T05:52:00,35012,37001,A,40.25559,-3.8284667,10,False,2,2
2026-08-13T03:53:13Z,1023J76353C5,76353,C5,0,35605,35610,2026-08-13T05:55:00,35607,35609,E,40.3503,-3.8317595,10,False,2,2
2026-08-13T03:58:24Z,3023J23505C1,23505,C1,0,51200,51112,2026-08-13T06:10:00,50600,51200,A,37.27829,-5.9103913,30,False,3,1
2026-08-13T03:58:24Z,3023J23801C5,23801,C5,0,51003,43000,2026-08-13T06:23:00,43005,51003,A,37.434105,-5.9807305,30,False,8,2
2026-08-13T03:58:24Z,3023J23504C1,23504,C1,0,50700,50701,2026-08-13T06:15:00,51200,50700,A,37.574757,-5.8031654,30,False,4,2
2026-08-13T03:58:24Z,3023J23500C1,23500,C1,4,51202,51203,2026-08-13T06:08:32,51203,51003,14.0,37.005314,-5.969429,30,False,,6
2026-08-13T03:58:24Z,3023J23501C1,23501,C1,0,50602,50600,2026-08-13T06:07:10,50600,51003,E,37.58157,-5.6699624,30,False,,6
2026-08-13T03:58:24Z,3023J23701C5,23701,C5,0,43005,43004,2026-08-13T06:08:00,51103,43005,A,37.381527,-6.193782,30,False,3,
2026-08-13T03:58:24Z,3023J23502C1,23502,C1,-1,51100,51110,2026-08-13T06:01:20,51200,51003,A,37.362885,-5.97583,30,False,2,2
2026-08-13T03:58:24Z,3123J23422T1,23422,T1,0,51452,51453,2026-08-13T06:01:00,51405,51450,A,36.4204,-6.144762,31,False,,2
2026-08-13T03:58:24Z,3123J23421T1,23421,T1,0,51405,51414,2026-08-13T06:04:00,51450,51405,A,36.529045,-6.2877955,31,False,5,1
2026-08-13T03:58:24Z,3223J23302C1,23302,C1,0,54516,54515,2026-08-13T06:12:00,54517,54516,A,36.55467,-4.6145897,32,False,1,1
2026-08-13T03:58:24Z,3223J23303C1,23303,C1,1,54514,54515,2026-08-13T06:02:56,54516,54517,A,36.55467,-4.6145897,32,False,1,1
2026-08-13T03:58:24Z,3223J23151C2,23151,C2,-1,54410,54408,2026-08-13T06:03:24,54405,54517,E,36.705082,-4.545475,32,False,,
2026-08-13T03:58:24Z,4023J24107C2,24107,C2,0,64100,64006,2026-08-13T06:14:00,64006,64100,A,38.96917,-0.5866923,40,False,1,
2026-08-13T03:58:24Z,4023J24380C6,24380,C6,0,65002,65003,2026-08-13T06:04:28,65312,65000,10.0,39.441483,-0.37143394,40,False,,
2026-08-13T03:58:24Z,4023J24381C6,24381,C6,0,65300,65208,2026-08-13T06:16:00,65000,65300,A,39.93293,-0.09658491,40,False,2,1
2026-08-13T03:58:24Z,4023J24300C6,24300,C6,0,65000,65002,2026-08-13T06:07:00,65300,65000,A,39.441483,-0.37143394,40,False,21,
2026-08-13T03:58:24Z,4023J24201C1,24201,C1,-1,64203,64202,2026-08-13T06:00:31,69110,65000,E,39.42246,-0.39274746,40,False,,1
2026-08-13T03:58:24Z,4023J24202C1,24202,C1,0,69110,69107,2026-08-13T06:16:00,65000,69110,,38.970314,-0.18001339,40,False,2,
2026-08-13T03:58:24Z,4023J24001C2,24001,C2,2,64200,64107,2026-08-13T06:01:19,64006,65000,55.0,39.320713,-0.4263539,40,False,,1
2026-08-13T03:58:24Z,4023J84004C2,84004,C2,0,64003,64004,2026-08-13T06:18:00,65000,64003,,38.878082,-0.7535829,40,False,,
2026-08-13T03:58:24Z,4023J84601C5,84601,C5,0,67211,67212,2026-08-13T06:07:00,65008,67211,,39.947292,-0.5721675,40,False,,
2026-08-13T03:58:24Z,4023J36464C3,36464,C3,0,65000,65002,2026-08-13T06:20:00,66206,65000,,39.466278,-0.37721187,40,False,,4B
2026-08-13T03:58:24Z,4023J24301C6,24301,C6,3,65207,65206,2026-08-13T06:00:05,65000,65300,62.0,39.869743,-0.1341698,40,False,,1
2026-08-13T03:58:24Z,4023J24002C2,24002,C2,0,64006,64100,2026-08-13T06:01:00,65000,64006,E,38.96917,-0.5866923,40,False,,2
2026-08-13T03:58:24Z,4023J24103C2,24103,C2,1,64006,64006,2026-08-13T05:43:07,64003,64100,E,38.96917,-0.5866923,40,False,3,3
2026-08-13T03:58:24Z,4023J24200C1,24200,C1,0,69105,69104,2026-08-13T06:08:15,65000,69110,E,39.079094,-0.22619021,40,False,,2
2026-08-13T03:58:24Z,4023J24003C2,24003,C2,0,65000,64203,2026-08-13T06:18:00,64003,65000,,39.466305,-0.37739235,40,False,,1
2026-08-13T03:58:24Z,5123J15772R11,15772,R11,0,79309,79303,2026-08-13T06:11:00,71801,79309,,42.265114,2.968971,50,True,,
2026-08-13T03:58:24Z,5123J28402R2N,28402,R2N,4,79004,79009,2026-08-13T05:59:18,72400,79100,A,41.409042,2.1873875,50,True,,1
2026-08-13T03:58:24Z,5123J28406R2N,28406,R2N,0,79104,79103,2026-08-13T06:11:00,72400,79104,A,41.671745,2.4542186,50,True,,
2026-08-13T03:58:24Z,5123J28265R2S,28265,R2S,0,79400,71802,2026-08-13T06:08:00,71700,79400,A,41.392376,2.1651223,50,True,,
2026-08-13T03:58:24Z,5123J25502R2S,25502,R2S,0,71600,71601,2026-08-13T06:02:00,79400,71600,A,41.189453,1.5750299,50,False,,
2026-08-13T03:58:24Z,5123J25703R1,25703,R1,0,72305,71801,2026-08-13T06:15:00,79600,72305,A,41.379536,2.1411612,50,False,,
2026-08-13T03:58:24Z,5123J77508R4,77508,R4,0,78700,78710,2026-08-13T06:03:00,71600,78700,A,41.567463,2.03963,50,False,,2
2026-08-13T03:58:24Z,5123J77510R4,77510,R4,0,78600,78604,2026-08-13T06:03:00,72204,78600,A,41.668728,1.8624942,50,False,,2
2026-08-13T03:58:24Z,5123J77404R4,77404,R4,0,71600,72201,2026-08-13T06:02:00,78600,71600,A,41.220802,1.5381482,50,False,,2
2026-08-13T03:58:24Z,5123J25704R1,25704,R1,0,79500,79412,2026-08-13T06:05:00,72305,79500,A,41.50672,2.4016483,50,True,4,2
2026-08-13T03:58:24Z,5123J33520RL4,15620,RL4,-1,78500,78501,2026-08-13T06:04:05,78600,78400,A,41.65576,1.4206176,50,False,,
2026-08-13T03:58:24Z,5123J25608R1,25608,R1,0,79606,79605,2026-08-13T06:07:00,72305,79606,A,41.64154,2.741303,50,False,5,
2026-08-13T03:58:24Z,5123J15002R15,15002,R15,0,71400,71401,2026-08-13T06:15:00,79400,71400,,41.160637,1.1000068,50,True,,
2026-08-13T03:58:24Z,5123J35516R3,23516,R3,0,77109,77107,2026-08-13T05:59:00,77102,77109,A,41.841995,2.2473545,50,False,,
2026-08-13T03:58:24Z,5123J15000R15,15000,R15,-2,71500,71502,2026-08-13T06:03:21,79400,71400,A,41.13657,1.3734233,50,False,,
2026-08-13T03:58:24Z,5123J15250R11,15250,R11,0,79309,79308,2026-08-13T06:00:00,79200,79309,A,42.265114,2.968971,50,False,,
2026-08-13T03:58:24Z,5123J25600R1,25600,R1,0,79200,79607,2026-08-13T06:16:00,72305,79200,A,41.707,2.7195327,50,False,5,1
2026-08-13T03:58:24Z,5123J25402R2N,25402,R2N,0,72400,71707,2026-08-13T06:15:00,79104,72400,A,41.3306,2.0894625,50,True,1,4
2026-08-13T03:58:24Z,5123J25501R2S,25501,R2S,0,79400,71802,2026-08-13T05:58:00,71600,79400,A,41.392376,2.1651223,50,False,,
2026-08-13T03:58:24Z,5123J25701R1,25701,R1,0,72305,71801,2026-08-13T06:03:00,79600,72305,A,41.379536,2.1411612,50,True,,
2026-08-13T03:58:24Z,6023J26105C1,26105,C1,0,13200,13205,2026-08-13T06:06:00,13405,13200,A,43.256733,-2.9322033,60,False,1,1
2026-08-13T03:58:24Z,6023J26600C3,26600,C3,-2,13108,13117,2026-08-13T06:00:16,13106,13200,E,43.16316,-2.9277587,60,False,,2
2026-08-13T03:58:24Z,6023J26501C3,26501,C3,1,13119,13120,2026-08-13T05:59:21,13200,13100,E,43.240112,-2.924082,60,True,,1
2026-08-13T03:58:24Z,6023J26504C3,26504,C3,1,13114,13113,2026-08-13T06:01:05,13100,13200,28.0,43.244453,-2.9087498,60,False,,2
2026-08-13T03:58:24Z,6023J26602C3,26602,C3,0,13200,13120,2026-08-13T06:02:00,13106,13200,A,43.25035,-2.930641,60,False,4,2
2026-08-13T03:58:24Z,6023J26503C3,26503,C3,-1,13117,13108,2026-08-13T06:00:39,13200,13100,E,43.153534,-2.9381597,60,True,,1
2026-08-13T03:58:24Z,6023J26505C3,26505,C3,0,13100,13116,2026-08-13T06:17:00,13200,13100,A,43.035866,-3.0039182,60,False,2,1
2026-08-13T03:58:24Z,6023J26500C3,26500,C3,1,13100,13100,2026-08-13T06:00:00,13100,13200,A,42.99472,-3.0158784,60,False,,
2026-08-13T03:58:24Z,6023J26102C1,26102,C1,1,13206,13205,2026-08-13T05:59:38,13200,13405,29.0,43.254025,-2.9401646,60,False,,2
2026-08-13T03:58:24Z,6023J26103C1,26103,C1,1,13305,13400,2026-08-13T05:58:00,13405,13200,S,43.2878,-2.975288,60,False,,1
2026-08-13T03:58:24Z,6023J26003C2,26003,C2,4,13503,13507,2026-08-13T05:59:55,13506,13200,E,43.301556,-3.0287716,60,False,,1
2026-08-13T03:58:24Z,6023J26601C3,26601,C3,0,13106,13107,2026-08-13T06:16:00,13200,13106,A,43.144993,-2.9434426,60,False,4,1
2026-08-13T03:58:24Z,6023J26002C2,26002,C2,2,13400,13305,2026-08-13T06:00:44,13200,13506,E,43.300213,-2.9843163,60,False,,2
2026-08-13T03:58:24Z,6023J71503C4,71503,C4,0,05485,05483,2026-08-13T06:00:00,05451,05485,A,43.196415,-3.1899889,60,False,,1
2026-08-13T03:58:24Z,6023J71501C4,71501,C4,3,05470,05469,2026-08-13T05:58:58,05451,05485,E,43.20598,-3.082502,60,False,,1
2026-08-13T03:58:24Z,6023J71500C4,71500,C4,0,05451,13206,2026-08-13T06:03:00,05485,05451,A,43.254723,-2.9436562,60,False,4,2AM
2026-08-13T03:58:24Z,6023J26104C1,26104,C1,0,13405,13404,2026-08-13T06:00:00,13200,13405,A,43.3262,-3.023556,60,False,1,2
2026-08-13T03:58:24Z,6023J26502C3,26502,C3,0,13106,13104,2026-08-13T05:58:53,13100,13200,66.0,43.13575,-2.9663749,60,False,,2
2026-08-13T03:58:24Z,6023J26005C2,26005,C2,1,13206,13207,2026-08-13T05:58:33,13506,13200,66.0,43.256603,-2.9457762,60,False,,1
2026-08-13T03:58:24Z,6123J81769C1,81769,C1,0,11508,11511,2026-08-13T06:21:00,11600,11508,A,43.317684,-1.9766475,61,False,1,
2026-08-13T03:58:24Z,6123J32769C1,32769,C1,-1,11507,11508,2026-08-13T05:59:17,11508,11400,E,43.266514,-1.9726831,61,False,,1
2026-08-13T03:58:24Z,6123J32700C1,32700,C1,0,11508,11507,2026-08-13T06:03:00,11305,11508,A,43.266514,-1.9726831,61,False,2,2
2026-08-13T03:58:24Z,6123J32701C1,32701,C1,0,11305,11306,2026-08-13T06:12:00,11508,11305,A,43.050964,-2.3305266,61,False,1,1
2026-08-13T03:58:24Z,6123J35680C1,35680,C1,0,11503,11502,2026-08-13T05:59:00,11305,11508,73.0,43.17024,-2.0687919,61,False,,2
2026-08-13T03:58:24Z,6223J71103C2,71103,C2,0,05623,05622,2026-08-13T06:08:00,14223,05623,A,43.35649,-4.0702353,62,False,1,1
2026-08-13T03:58:24Z,6223J81351C3,81351,C3,0,05657,05658,2026-08-13T06:18:00,05671,05657,A,43.39739,-3.8149183,62,False,1,
2026-08-13T03:58:24Z,6223J71152C2,71152,C2,0,05605,05607,2026-08-13T06:00:27,05637,14223,A,43.435127,-3.9182508,62,False,1,
2026-08-13T03:58:24Z,6223J71104C2,71104,C2,0,14223,05602,2026-08-13T06:01:00,05623,14223,E,43.45811,-3.8111749,62,False,,2
2026-08-13T03:58:24Z,6223J71351C3,71351,C3,-1,05651,05652,2026-08-13T06:01:13,05657,14223,E,43.44024,-3.8495173,62,False,,1
2026-08-13T03:58:24Z,6223J35902C1,26902,C1,0,14223,14230,2026-08-13T06:13:00,14210,14223,A,43.45403,-3.8277466,62,False,1,1
2026-08-13T03:58:24Z,4723J71091C1,71091,C1,0,05760,05755,2026-08-13T06:00:00,05753,05761,55.0,42.769115,-5.0537605,47,False,,1
2026-08-13T03:58:24Z,2023J70508C7,70508,C7,0,15211,05300,2026-08-13T06:19:00,05311,15211,E,43.366535,-5.8552504,20,False,2,1
2026-08-13T03:58:24Z,2023J70801C6,70801,C6,0,05509,05513,2026-08-13T06:17:00,05523,05509,E,43.3823,-5.7026434,20,False,1,4
2026-08-13T03:58:24Z,2023J70900C8,70900,C8,1,05381,05380,2026-08-13T06:03:00,05389,05373,E,43.16655,-5.7221513,20,False,1,2
2026-08-13T03:58:24Z,2023J70506C7,70506,C7,0,15211,05300,2026-08-13T06:28:00,05329,15211,E,43.366535,-5.8552504,20,False,5,1
2026-08-13T03:58:24Z,2023J70400C5,70400,C5,4,05426,05421,2026-08-13T06:03:00,15410,05443,4.0,43.30766,-5.688854,20,False,1,1
2026-08-13T03:58:24Z,2023J22305C3,22305,C3,0,15218,15211,2026-08-13T06:30:00,16405,15218,E,43.3588,-5.8573804,20,False,1,1
2026-08-13T03:58:24Z,2023J70201C4,70201,C4,0,05211,05210,2026-08-13T06:17:00,15410,05211,E,43.58464,-5.772605,20,False,1,1
2026-08-13T03:58:24Z,2023J22000C1,22000,C1,3,15211,15218,2026-08-13T06:00:00,15122,15211,E,43.36655,-5.854991,20,False,2,2
2026-08-13T03:58:24Z,2023J70501C7,70501,C7,5,05306,05304,2026-08-13T06:06:00,15211,05311,S,43.368706,-5.9585757,20,False,1,1
2026-08-13T03:58:24Z,2023J22002C1,22002,C1,0,15211,15218,2026-08-13T06:17:00,15122,15211,E,43.36655,-5.854991,20,False,2,2
2026-08-13T03:58:24Z,2023J70302C4,70302,C4,0,15410,05203,2026-08-13T06:28:00,05245,15410,E,43.537647,-5.67596,20,False,1,1
2026-08-13T03:58:24Z,2023J70401C5,70401,C5,0,15410,05403,2026-08-13T06:02:00,05443,15410,E,43.53758,-5.67587,20,False,14,2
2026-08-13T03:58:24Z,2023J70754C6,70754,C6,0,05513,05509,2026-08-13T06:37:00,15211,05513,E,43.388065,-5.664932,20,False,3,2
2026-08-13T03:58:24Z,2023J70502C7,70502,C7,0,05325,05327,2026-08-13T06:18:00,05329,05325,E,43.490948,-6.1104946,20,False,4,2
2026-08-13T03:58:24Z,2023J70853C6,70853,C6,0,15211,15217,2026-08-13T06:22:00,05534,15211,E,43.36667,-5.8550873,20,False,1,1
2026-08-13T03:58:24Z,2023J22004C1,22004,C1,0,15410,15401,2026-08-13T06:14:00,15118,15410,E,43.537712,-5.676047,20,False,2,2
2026-08-13T03:58:24Z,2023J70755C6,70755,C6,0,05509,05513,2026-08-13T06:21:00,05513,05509,E,43.3823,-5.7026434,20,False,1,4
2026-08-13T03:58:24Z,2023J70750C6,70750,C6,7,05507,05505,2026-08-13T06:03:00,15211,05513,E,43.37962,-5.792306,20,False,2,2
2026-08-13T03:58:24Z,2023J22103C1,22103,C1,0,15301,15302,2026-08-13T06:03:00,15410,15218,A,43.505,-5.7819037,20,False,1,1
2026-08-13T03:58:24Z,2023J70752C6,70752,C6,0,05513,05509,2026-08-13T06:15:00,15211,05513,E,43.388065,-5.664932,20,False,3,2
2026-08-13T03:58:24Z,2023J22303C3,22303,C3,0,15217,15212,2026-08-13T06:01:00,16405,15218,E,43.38812,-5.8272715,20,False,1,1
2026-08-13T03:58:24Z,2023J22200C2,22200,C2,2,16001,16002,2026-08-13T06:07:00,16011,15211,A,43.33089,-5.7768655,20,False,1,1
2026-08-13T03:58:24Z,2023J80851C6,80851,C6,17,05509,05511,2026-08-13T06:04:00,05534,05509,E,43.3823,-5.7026434,20,False,1,1
2026-08-13T03:58:24Z,2023J22101C1,22101,C1,7,15410,15410,2026-08-13T06:00:00,15410,15218,A,43.537712,-5.676047,20,False,1,1
2026-08-13T03:58:24Z,2023J22202C2,22202,C2,0,15211,15218,2026-08-13T06:23:00,16011,15211,E,43.366478,-5.855087,20,False,2,2
2026-08-13T03:58:24Z,4123J84900C2,84900,C2,0,06006,06005,2026-08-13T06:14:00,61200,06006,E,37.672035,-1.6961039,41,False,1,1
2026-08-13T03:58:24Z,4123J84901C2,84901,C2,0,61200,06002,2026-08-13T06:35:00,06006,61200,E,37.97462,-1.1315287,41,False,1,2
2026-08-13T03:58:24Z,4123J24700C1,24700,C1,0,62001,62002,2026-08-13T06:07:00,60911,61200,A,38.077694,-0.94445074,41,False,4,4
2026-08-13T03:58:24Z,4123J24701C1,24701,C1,3,62109,62104,2026-08-13T06:09:00,61200,60911,10.0,38.32092,-0.5130778,41,False,1,1
2026-08-13T03:58:24Z,4523J71601C1,71601,C1,0,05951,05952,2026-08-13T06:27:00,05977,05951,E,37.603638,-0.97674686,45,False,1,2
2026-08-13T03:58:24Z,1023J79402C2,79402,C2,0,70111,70103,2026-08-13T06:03:00,70200,17000,E,40.480347,-3.39294,10,False,2,1
2026-08-13T03:58:24Z,1023J79952C8b,79952,C8b,1,12004,12002,2026-08-13T06:05:00,18000,12006,A,40.65798,-4.035108,10,True,1,1
2026-08-13T03:58:24Z,1023J76368C5,76368,C5,0,35607,35606,2026-08-13T06:23:00,35609,35607,E,40.330883,-3.8823783,10,False,2,1
2026-08-13T03:58:24Z,1023J76687C5,76687,C5,0,35012,35002,2026-08-13T06:15:00,37001,35012,E,40.25559,-3.8284667,10,False,1,1
2026-08-13T03:58:24Z,1023J76204C5,76204,C5,2,18003,35702,2026-08-13T06:07:00,37001,18003,E,40.39592,-3.6779969,10,False,2,2
2026-08-13T03:58:24Z,1023J76689C5,76689,C5,0,35012,35002,2026-08-13T06:25:00,37001,35012,E,40.25559,-3.8284667,10,False,1,1
2026-08-13T03:58:24Z,1023J76205C5,76205,C5,0,37001,35704,2026-08-13T06:22:00,18003,37001,E,40.34132,-3.7123663,10,False,4,1
2026-08-13T03:58:24Z,1023J19805C1,19805,C1,0,98305,98304,2026-08-13T06:14:00,17000,98305,E,40.4924,-3.593483,10,False,2,1
2026-08-13T03:58:24Z,1023J19807C1,19807,C1,0,98305,98304,2026-08-13T06:29:00,17000,98305,E,40.4924,-3.593483,10,False,2,1
2026-08-13T03:58:24Z,1023J79207C7,79207,C7,10,70102,70101,2026-08-13T06:03:00,18000,70103,4.0,40.45416,-3.4818678,10,True,1,1
2026-08-13T03:58:24Z,1023J79404C2,79404,C2,1,17000,98003,2026-08-13T06:03:00,70200,17000,E,40.47097,-3.68245,10,False,10,2
2026-08-13T03:58:24Z,1023J79209C7,79209,C7,1,70112,70102,2026-08-13T06:01:00,18000,70103,A,40.45463,-3.4796958,10,False,1,1
2026-08-13T03:58:24Z,1023J79208C7,79208,C7,0,18000,70002,2026-08-13T06:16:00,70103,18000,E,40.40667,-3.6893938,10,False,3,2
2026-08-13T03:58:24Z,1023J79604C10,79604,C10,16,10200,10104,2026-08-13T06:27:00,18004,10200,E,40.62599,-4.0081153,10,False,4,2
2026-08-13T03:58:24Z,1023J79805C8a,79805,C8a,0,17000,97201,2026-08-13T06:03:00,10203,17000,E,40.47113,-3.6828332,10,True,6,1
2026-08-13T03:58:24Z,1023J79408C2,79408,C2,0,17000,98003,2026-08-13T06:30:00,70200,17000,E,40.47097,-3.68245,10,False,2,2
2026-08-13T03:58:24Z,1023J19800C1,19800,C1,4,98003,98304,2026-08-13T06:04:00,98305,17000,3.0,40.484917,-3.6630294,10,True,2,2
2026-08-13T03:58:24Z,1023J79808C8a,79808,C8a,2,10201,10200,2026-08-13T06:04:00,18002,10203,E,40.61781,-4.031033,10,False,2,2
2026-08-13T03:58:24Z,1023J76360C5,76360,C5,1,35601,35600,2026-08-13T06:00:00,35609,35607,A,40.386257,-3.7610443,10,False,1,1
2026-08-13T03:58:24Z,1023J76361C5,76361,C5,0,35609,35608,2026-08-13T06:20:00,35607,35609,E,40.405067,-3.7026901,10,False,2,2
2026-08-13T03:58:24Z,1023J76680C5,76680,C5,0,37001,35009,2026-08-13T06:16:00,35012,37001,E,40.34132,-3.7123663,10,False,6,2
2026-08-13T03:58:24Z,1023J76362C5,76362,C5,0,35605,35604,2026-08-13T06:01:00,35609,35607,A,40.356674,-3.8156087,10,False,1,1
2026-08-13T03:58:24Z,1023J19803C1,19803,C1,1,98305,98304,2026-08-13T06:00:00,17000,98305,10.0,40.48935,-3.5934722,10,False,2,1
2026-08-13T03:58:24Z,1023J76363C5,76363,C5,0,35609,35608,2026-08-13T06:30:00,35607,35609,E,40.405067,-3.7026901,10,False,2,2
2026-08-13T03:58:24Z,1023J19802C1,19802,C1,0,17000,98003,2026-08-13T06:24:00,98305,17000,E,40.47102,-3.6825693,10,False,12,2
2026-08-13T03:58:24Z,1023J76682C5,76682,C5,0,37001,35009,2026-08-13T06:26:00,35012,37001,E,40.34132,-3.7123663,10,False,6,2
2026-08-13T03:58:24Z,1023J79511C2,79511,C2,0,70200,70105,2026-08-13T06:15:00,18000,70200,E,40.644257,-3.1823237,10,False,3,1
2026-08-13T03:58:24Z,1023J79951C8b,79951,C8b,0,18000,18001,2026-08-13T06:03:00,12006,18000,E,40.406666,-3.6893961,10,True,2,1
2026-08-13T03:58:24Z,1023J76683C5,76683,C5,1,35011,35001,2026-08-13T06:03:00,37001,35012,A,40.328766,-3.7714624,10,False,1,1
2026-08-13T03:58:24Z,1023J76364C5,76364,C5,13,35607,35606,2026-08-13T06:16:00,35609,35607,E,40.330883,-3.8823783,10,False,1,1
2026-08-13T03:58:24Z,1023J79950C2,79950,C2,0,18002,18001,2026-08-13T06:04:00,18000,18002,E,40.44655,-3.691473,10,False,2,2
2026-08-13T03:58:24Z,1023J20005C3,20005,C3,6,60104,60103,2026-08-13T06:03:00,17000,60200,4.0,40.198227,-3.6662314,10,False,1,1
2026-08-13T03:58:24Z,1023J76366C5,76366,C5,0,35607,35606,2026-08-13T06:13:00,35609,35607,E,40.330883,-3.8823783,10,False,2,1
2026-08-13T03:58:24Z,1023J20004C3,20004,C3,1,60109,60102,2026-08-13T06:01:00,60200,17000,E,40.318535,-3.7097142,10,True,2,2
2026-08-13T03:58:24Z,1023J76685C5,76685,C5,4,35012,35002,2026-08-13T06:09:00,37001,35012,E,40.25559,-3.8284667,10,False,1,1
2026-08-13T03:58:24Z,1023J20002C3,20002,C3,4,60104,60105,2026-08-13T06:03:00,60200,17000,4.0,40.193886,-3.6632638,10,True,2,2
2026-08-13T03:58:24Z,1023J20411C4b,20411,C4b,5,37002,37010,2026-08-13T06:00:00,17005,37012,10.0,40.309868,-3.733689,10,True,1,1
2026-08-13T03:58:24Z,1023J20409C4b,20409,C4b,10,18000,18101,2026-08-13T06:09:00,17005,18000,E,40.40654,-3.6895106,10,False,6,1
2026-08-13T03:58:24Z,1023J20408C4b,20408,C4b,0,17005,17004,2026-08-13T06:24:00,37012,17005,E,40.644844,-3.7762609,10,False,3,3
2026-08-13T03:58:24Z,1023J20407C4b,20407,C4b,8,18000,18101,2026-08-13T05:59:00,17005,37012,E,40.40654,-3.6895106,10,True,5,1
2026-08-13T03:58:24Z,1023J20406C4b,20406,C4b,0,17005,17004,2026-08-13T06:11:00,37012,17005,E,40.644844,-3.7762609,10,False,3,3
2026-08-13T03:58:24Z,1023J20208C4,20208,C4,2,18101,18000,2026-08-13T06:04:00,37012,17000,E,40.417023,-3.7031636,10,True,2,7
2026-08-13T03:58:24Z,1023J20009C3,20009,C3,0,60200,60105,2026-08-13T06:15:00,17000,60200,E,40.035027,-3.6189713,10,False,1,1
2026-08-13T03:58:24Z,1023J20212C4a,20212,C4a,2,17001,17000,2026-08-13T06:04:00,37012,19003,S,40.501648,-3.6821797,10,True,2,2
2026-08-13T03:58:24Z,1023J20211C4a,20211,C4a,0,37002,37010,2026-08-13T06:02:00,19003,37002,E,40.309868,-3.733689,10,False,1,1
2026-08-13T03:58:24Z,1023J20210C4,20210,C4,0,37001,37010,2026-08-13T06:22:00,37012,37001,E,40.34132,-3.7123663,10,False,2,2
2026-08-13T03:58:24Z,1023J20011C3,20011,C3,0,60200,60105,2026-08-13T06:30:00,17000,60200,E,40.035027,-3.6189713,10,False,1,1
2026-08-13T03:58:24Z,1023J20417C4b,20417,C4b,0,37002,37010,2026-08-13T06:30:00,17005,37002,E,40.309868,-3.733689,10,False,1,1
2026-08-13T03:58:24Z,1023J20218C4a,20218,C4a,0,19003,19002,2026-08-13T06:20:00,37012,19003,E,40.546417,-3.6351175,10,False,2,2
2026-08-13T03:58:24Z,1023J20217C4a,20217,C4a,0,37012,37011,2026-08-13T06:31:00,19003,37012,E,40.24143,-3.769159,10,False,1,1
2026-08-13T03:58:24Z,1023J20415C4b,20415,C4b,-1,37012,37011,2026-08-13T06:14:00,17005,37012,E,40.24143,-3.769159,10,False,1,1
2026-08-13T03:58:24Z,1023J79210C7,79210,C7,0,18000,70002,2026-08-13T06:28:00,70103,18000,E,40.40667,-3.6893938,10,False,3,2
2026-08-13T03:58:24Z,1023J20207C4a,20207,C4a,6,18002,17000,2026-08-13T06:05:00,19003,18000,S,40.4466,-3.6920877,10,True,6,3
2026-08-13T03:58:24Z,1023J20216C4a,20216,C4a,4,19003,19002,2026-08-13T06:11:00,37012,19003,E,40.546417,-3.6351175,10,False,2,2
2026-08-13T03:58:24Z,1023J20405C4b,20405,C4b,3,17004,17005,2026-08-13T06:07:00,17005,18000,E,40.59852,-3.7158544,10,False,2,3
2026-08-13T03:58:24Z,1023J20008C3,20008,C3,0,17000,18002,2026-08-13T06:16:00,60200,17000,E,40.471382,-3.6834786,10,False,2,8
2026-08-13T03:58:24Z,1023J20215C4a,20215,C4a,0,37012,37011,2026-08-13T06:21:00,19003,37012,E,40.24143,-3.769159,10,False,1,1
2026-08-13T03:58:24Z,1023J20206C4,20206,C4,0,37001,37010,2026-08-13T06:08:00,37012,37001,E,40.34132,-3.7123663,10,False,2,2
2026-08-13T03:58:24Z,1023J20413C4b,20413,C4b,9,37012,37011,2026-08-13T06:14:00,17005,37012,E,40.24143,-3.769159,10,True,2,1
2026-08-13T03:58:24Z,1023J20205C4a,20205,C4a,4,17009,19001,2026-08-13T06:00:00,19003,37012,A,40.55402,-3.6837044,10,True,1,1
2026-08-13T03:58:24Z,1023J79211C7,79211,C7,4,70103,70111,2026-08-13T06:09:00,18000,70103,E,40.4889,-3.3666708,10,False,2,1
2026-08-13T03:58:24Z,1023J79810C8a,79810,C8a,0,10203,10202,2026-08-13T06:21:00,18000,10203,E,40.58532,-4.1321955,10,False,3,2
2026-08-13T03:58:24Z,1023J79215C7,79215,C7,0,70103,70111,2026-08-13T06:17:00,18000,70103,E,40.4889,-3.3666708,10,False,4,1
2026-08-13T03:58:24Z,1023J79219C7,79219,C7,0,70103,70111,2026-08-13T06:29:00,18000,70103,E,40.4889,-3.3666708,10,False,5,1
2026-08-13T03:58:24Z,1023J79205C7,79205,C7,0,70003,70002,2026-08-13T06:00:00,18000,70103,E,40.376156,-3.6561253,10,False,1,1
2026-08-13T03:58:24Z,1023J79204C7,79204,C7,0,18000,70002,2026-08-13T06:04:00,70103,18000,E,40.40667,-3.6893938,10,True,3,2
2026-08-13T03:58:24Z,1023J79600C10,79600,C10,0,10010,10002,2026-08-13T06:02:00,18004,10200,E,40.46547,-3.8076725,10,False,1,1
2026-08-13T03:58:24Z,1023J20006C3,20006,C3,1,17000,18002,2026-08-13T06:02:00,60200,17000,5.0,40.470036,-3.683602,10,True,2,8
2026-08-13T03:58:24Z,1023J20204C4,20204,C4,11,60100,37001,2026-08-13T06:02:00,37012,17000,A,40.34132,-3.7123663,10,True,1,2
2026-08-13T03:58:24Z,1023J20402C4b,20402,C4b,6,17003,17009,2026-08-13T06:02:00,37012,17005,5.0,40.557743,-3.7138007,10,False,2,2
2026-08-13T03:58:24Z,1023J79102C7,79102,C7,0,10000,10001,2026-08-13T06:13:00,18002,18003,E,40.42163,-3.7193205,10,False,2,2
2026-08-13T03:58:24Z,1023J76353C5,76353,C5,0,35606,35607,2026-08-13T06:03:00,35607,35609,E,40.32875,-3.8636916,10,False,2,2
2026-08-13T03:58:24Z,1023J79103C7,79103,C7,0,18002,17000,2026-08-13T06:25:00,10000,70200,E,40.44655,-3.691473,10,False,1,10
2026-08-13T03:58:24Z,1023J76674C5,76674,C5,0,35002,35012,2026-08-13T06:01:00,35012,37001,E,40.283237,-3.7991464,10,False,2,1
2026-08-13T03:58:24Z,1023J76355C5,76355,C5,0,35603,35604,2026-08-13T06:01:00,35607,35609,E,40.377697,-3.791474,10,False,2,2
2026-08-13T03:58:24Z,1023J76676C5,76676,C5,3,35009,35001,2026-08-13T06:02:00,35012,37001,A,40.328766,-3.7714624,10,False,2,2
2026-08-13T03:58:24Z,1023J76357C5,76357,C5,0,35609,35608,2026-08-13T06:00:00,35607,35609,55.0,40.40317,-3.7258408,10,False,2,2
2026-08-13T03:58:24Z,1023J76358C5,76358,C5,4,35608,35609,2026-08-13T06:02:00,35609,35607,36.0,40.403557,-3.7245967,10,False,1,1
2026-08-13T03:58:24Z,1023J79503C2,79503,C2,1,70101,98003,2026-08-13T06:11:00,18000,70200,E,40.44277,-3.5339844,10,False,1,1
2026-08-13T03:58:24Z,1023J76359C5,76359,C5,0,35609,35608,2026-08-13T06:10:00,35607,35609,E,40.405067,-3.7026901,10,False,2,2
2026-08-13T03:58:24Z,1023J76678C5,76678,C5,1,37001,35009,2026-08-13T06:07:00,35012,37001,E,40.34132,-3.7123663,10,False,4,2
2026-08-13T03:58:24Z,1023J79507C2,79507,C2,0,70107,70103,2026-08-13T06:04:00,18000,70200,3.0,40.504707,-3.3361053,10,False,1,5
2026-08-13T04:03:45Z,3023J23506C1,23506,C1,0,50600,50602,2026-08-13T06:24:00,51200,50600,A,37.58157,-5.6699624,30,False,6,2
2026-08-13T04:03:45Z,3023J23509C1,23509,C1,0,51203,51202,2026-08-13T06:28:00,50600,51203,,36.911682,-6.095153,30,False,6,1
2026-08-13T04:03:45Z,3023J23801C5,23801,C5,0,51003,43000,2026-08-13T06:23:00,43005,51003,A,37.434105,-5.9807305,30,False,8,2
2026-08-13T04:03:45Z,3023J23504C1,23504,C1,0,50700,50701,2026-08-13T06:15:00,51200,50700,A,37.574757,-5.8031654,30,False,4,2
2026-08-13T04:03:45Z,3023J23500C1,23500,C1,4,51202,51203,2026-08-13T06:08:32,51203,51003,58.0,36.96798,-6.0454483,30,False,,6
2026-08-13T04:03:45Z,3023J23505C1,23505,C1,1,51200,51112,2026-08-13T06:11:19,50600,51200,22.0,37.207134,-5.8151293,30,False,,1
2026-08-13T04:03:45Z,3023J23502C1,23502,C1,0,51110,51113,2026-08-13T06:05:02,51200,51003,E,37.362885,-5.97583,30,False,,2
2026-08-13T04:03:45Z,3023J23601C4,23601,C4,3,51009,51010,2026-08-13T06:07:41,51100,00000,A,37.370792,-5.939321,30,False,2,2
2026-08-13T04:03:45Z,3023J23701C5,23701,C5,0,43005,43004,2026-08-13T06:08:00,51103,43005,A,37.381527,-6.193782,30,False,3,
2026-08-13T04:03:45Z,3023J23501C1,23501,C1,3,50602,50600,2026-08-13T06:10:29,50600,51003,31.0,37.59958,-5.6238804,30,False,,6
2026-08-13T04:03:45Z,3123J23201C1,23201,C1,0,51405,51414,2026-08-13T06:17:00,51205,51405,,36.52884,-6.288062,31,False,5,1
2026-08-13T04:03:45Z,3123J23422T1,23422,T1,0,51454,51455,2026-08-13T06:06:00,51405,51450,A,36.428635,-6.1433587,31,False,2,2
2026-08-13T04:03:45Z,3123J23421T1,23421,T1,0,51414,51404,2026-08-13T06:06:00,51450,51405,S,36.521587,-6.2807107,31,False,1,1
2026-08-13T04:03:45Z,3123J23200C1,23200,C1,0,51300,51400,2026-08-13T06:28:00,51405,51300,,36.680237,-6.12622,31,False,2,2
2026-08-13T04:03:45Z,3223J23303C1,23303,C1,-1,54516,54516,2026-08-13T06:04:34,54516,54517,A,36.541843,-4.6237864,32,False,1,1
2026-08-13T04:03:45Z,3223J23305C1,23305,C1,-1,54503,54505,2026-08-13T06:04:35,54516,54517,E,36.69222,-4.48376,32,False,,1
2026-08-13T04:03:45Z,3223J23151C2,23151,C2,0,54408,54407,2026-08-13T06:09:24,54405,54517,A,36.73282,-4.664533,32,False,,
2026-08-13T04:03:45Z,3223J23302C1,23302,C1,0,54516,54515,2026-08-13T06:12:00,54517,54516,A,36.55467,-4.6145897,32,False,1,1
2026-08-13T04:03:45Z,4023J24107C2,24107,C2,0,64100,64006,2026-08-13T06:14:00,64006,64100,A,38.96917,-0.5866923,40,False,1,
2026-08-13T04:03:45Z,4023J24380C6,24380,C6,-1,65003,65008,2026-08-13T06:17:13,65312,65000,A,39.620403,-0.30291957,40,False,,4
2026-08-13T04:03:45Z,4023J80001C3,80001,C3,0,66200,66201,2026-08-13T06:26:00,66206,66200,,39.570892,-1.2023381,40,False,2,1
2026-08-13T04:03:45Z,4023J24381C6,24381,C6,0,65300,65208,2026-08-13T06:16:00,65000,65300,A,39.93293,-0.09658491,40,False,2,1
2026-08-13T04:03:45Z,4023J24201C1,24201,C1,-2,64201,64200,2026-08-13T06:07:19,69110,65000,E,39.399967,-0.3990348,40,False,,4
2026-08-13T04:03:45Z,4023J24202C1,24202,C1,0,69110,69107,2026-08-13T06:16:00,65000,69110,A,39.02619,-0.21494265,40,False,2,
2026-08-13T04:03:45Z,4023J24301C6,24301,C6,4,65205,65204,2026-08-13T06:08:54,65000,65300,A,39.85307,-0.15246475,40,False,1,1
2026-08-13T04:03:45Z,4023J24203C1,24203,C1,0,65000,64203,2026-08-13T06:26:00,69110,65000,,39.46634,-0.37753645,40,False,,1
2026-08-13T04:03:45Z,4023J36464C3,36464,C3,0,65000,65002,2026-08-13T06:20:00,66206,65000,,39.466278,-0.37721187,40,False,,4B
2026-08-13T04:03:45Z,4023J24002C2,24002,C2,4,64100,64007,2026-08-13T06:10:44,65000,64006,A,39.050167,-0.47737372,40,False,2,2
2026-08-13T04:03:45Z,4023J24200C1,24200,C1,-1,69104,69103,2026-08-13T06:13:55,65000,69110,A,39.20591,-0.30820796,40,False,2,2
2026-08-13T04:03:45Z,4023J24003C2,24003,C2,0,65000,64203,2026-08-13T06:18:00,64003,65000,,39.466305,-0.37739235,40,False,,1
2026-08-13T04:03:45Z,4023J24001C2,24001,C2,2,64107,64105,2026-08-13T06:08:43,64006,65000,36.0,39.251537,-0.43456563,40,False,,1
2026-08-13T04:03:45Z,4023J30433C6,14433,C6,0,65312,65311,2026-08-13T06:20:00,65000,65312,,40.47182,0.45557728,40,False,,
2026-08-13T04:03:45Z,4023J84004C2,84004,C2,0,64003,64004,2026-08-13T06:18:00,65000,64003,,38.878082,-0.7535829,40,False,,
2026-08-13T04:03:45Z,4023J84601C5,84601,C5,0,67211,67212,2026-08-13T06:07:00,65008,67211,,39.947292,-0.5721675,40,False,,
2026-08-13T04:03:45Z,4023J24300C6,24300,C6,1,65000,65002,2026-08-13T06:08:20,65300,65000,32.0,39.454662,-0.38099074,40,False,,2
2026-08-13T04:03:45Z,5123J28556R2N,28556,R2N,4,71801,71802,2026-08-13T06:06:49,79400,72400,19.0,41.38162,2.1459255,50,True,,
2026-08-13T04:03:45Z,5123J28506R2,28506,R2,4,71700,71701,2026-08-13T06:09:21,79100,71600,4.0,41.27745,1.9777229,50,True,,
2026-08-13T04:03:45Z,5123J28264R2S,28264,R2S,-1,71706,71709,2026-08-13T06:07:15,79400,71600,A,41.30931,2.0274873,50,False,2,
2026-08-13T04:03:45Z,5123J28265R2S,28265,R2S,0,79400,71802,2026-08-13T06:08:00,71700,79400,A,41.392376,2.1651223,50,True,,
2026-08-13T04:03:45Z,5123J28263R2S,28263,R2S,0,71706,71705,2026-08-13T06:06:56,71700,79400,E,41.30322,2.010665,50,True,1,4
2026-08-13T04:03:45Z,5123J28500R2,28500,R2,3,71801,71802,2026-08-13T06:08:37,79104,71700,E,41.37951,2.1412168,50,True,14,
2026-08-13T04:03:45Z,5123J25602R1,25602,R1,16,79404,79403,2026-08-13T06:05:05,72305,79603,50.0,41.4352,2.2396452,50,True,,2
2026-08-13T04:03:45Z,5123J77502R4,77502,R4,7,72210,72209,2026-08-13T06:06:45,71600,78700,21.0,41.476295,1.959061,50,False,,1
2026-08-13T04:03:45Z,5123J25601R1,25601,R1,14,72305,71801,2026-08-13T06:07:54,79200,72305,28.0,41.366943,2.1131191,50,False,,
2026-08-13T04:03:45Z,5123J25604R1,25604,R1,1,79407,79406,2026-08-13T06:05:57,72305,79603,E,41.47691,2.310406,50,True,2,2
2026-08-13T04:03:45Z,5123J25603R1,25603,R1,0,72305,71801,2026-08-13T06:24:00,79606,72305,A,41.379536,2.1411612,50,False,,
2026-08-13T04:03:45Z,5123J15720R11,15720,R11,6,71801,71802,2026-08-13T06:05:52,79309,71801,E,41.379505,2.1412053,50,True,,
2026-08-13T04:03:45Z,5123J35516R3,23516,R3,0,77106,77105,2026-08-13T06:05:45,77102,77109,E,41.814796,2.2333581,50,False,1,
2026-08-13T04:03:45Z,5123J77702R4,77702,R4,1,78805,71801,2026-08-13T06:06:49,72209,78800,19.0,41.38598,2.1642208,50,True,,
2026-08-13T04:03:45Z,5123J28402R2N,28402,R2N,16,79004,79009,2026-08-13T06:11:23,72400,79100,A,41.409042,2.1873875,50,True,2,1
2026-08-13T04:03:45Z,5123J77504R4,77504,R4,0,72303,72302,2026-08-13T06:05:56,71600,78700,E,41.357582,2.070575,50,False,,1
2026-08-13T04:03:45Z,5123J28406R2N,28406,R2N,0,79104,79103,2026-08-13T06:11:00,72400,79104,A,41.671745,2.4542186,50,True,,
2026-08-13T04:03:45Z,5123J77704R4,77704,R4,0,78800,78801,2026-08-13T06:17:00,72209,78800,A,41.46098,2.1810303,50,False,5,2
2026-08-13T04:03:45Z,5123J77400R4,77400,R4,0,72300,72301,2026-08-13T06:10:30,78600,71600,A,41.38308,2.0479817,50,False,2,
2026-08-13T04:03:45Z,5123J77506R4,77506,R4,3,78801,78802,2026-08-13T06:08:27,71600,78700,A,41.430275,2.1831505,50,True,2,2
2026-08-13T04:03:45Z,5123J77706R4,77706,R4,0,78700,78710,2026-08-13T06:18:00,72209,78700,A,41.567463,2.03963,50,False,2,2
2026-08-13T04:03:45Z,5123J77600R4,77600,R4,1,78705,78703,2026-08-13T06:07:10,78600,72209,A,41.528614,2.1051986,50,False,1,1
2026-08-13T04:03:45Z,5123J77404R4,77404,R4,1,72201,72202,2026-08-13T06:11:28,78600,71600,A,41.273575,1.6003745,50,False,2,2
2026-08-13T04:03:45Z,5123J77602R4,77602,R4,7,71801,78805,2026-08-13T06:09:01,78600,72209,A,41.387875,2.1697214,50,False,10,1
2026-08-13T04:03:45Z,5123J15772R11,15772,R11,0,79309,79303,2026-08-13T06:11:00,71801,79309,,42.265114,2.968971,50,True,,
2026-08-13T04:03:45Z,5123J15770R11,15770,R11,0,79300,79203,2026-08-13T06:25:00,71801,79300,,41.979443,2.8167262,50,True,,
2026-08-13T04:03:45Z,5123J25704R1,25704,R1,1,79500,79412,2026-08-13T06:06:14,72305,79500,34.0,41.523518,2.4310853,50,True,,2
2026-08-13T04:03:45Z,5123J28404R2N,28404,R2N,20,79102,79101,2026-08-13T06:09:25,72400,79104,A,41.636314,2.3562145,50,True,2,
2026-08-13T04:03:45Z,5123J25501R2S,25501,R2S,0,71801,71709,2026-08-13T06:18:56,71600,79400,A,41.30931,2.0274873,50,False,12,
2026-08-13T04:03:45Z,5123J25606R1,25606,R1,0,79600,79502,2026-08-13T06:07:56,72305,79603,A,41.568428,2.5260491,50,False,2,2
2026-08-13T04:03:45Z,5123J25608R1,25608,R1,0,79606,79605,2026-08-13T06:07:00,72305,79606,E,41.673496,2.769029,50,False,,
2026-08-13T04:03:45Z,5123J25503R2S,25503,R2S,0,79400,71802,2026-08-13T06:28:00,71600,79400,A,41.392376,2.1651223,50,False,,
2026-08-13T04:03:45Z,5123J25701R1,25701,R1,2,71801,78805,2026-08-13T06:10:10,79600,72305,A,41.387875,2.1697214,50,True,,1
2026-08-13T04:03:45Z,5123J15002R15,15002,R15,0,71400,71401,2026-08-13T06:15:00,79400,71400,,41.160637,1.1000068,50,True,,
2026-08-13T04:03:45Z,5123J25502R2S,25502,R2S,0,71601,71602,2026-08-13T06:05:08,79400,71600,E,41.189453,1.5750299,50,False,,
2026-08-13T04:03:45Z,5123J25703R1,25703,R1,0,72305,71801,2026-08-13T06:15:00,79600,72305,A,41.379536,2.1411612,50,False,,
2026-08-13T04:03:45Z,5123J25400R2,25400,R2,3,79007,79100,2026-08-13T06:11:21,79200,71700,A,41.59969,2.2916093,50,True,1,1
2026-08-13T04:03:45Z,5123J25600R1,25600,R1,0,79200,79607,2026-08-13T06:16:00,72305,79200,A,41.707,2.7195327,50,False,,1
2026-08-13T04:03:45Z,5123J25402R2N,25402,R2N,0,72400,71707,2026-08-13T06:15:00,79104,72400,A,41.3306,2.0894625,50,True,1,4
2026-08-13T04:03:45Z,5123J77314R3,77314,R3,0,77200,77114,2026-08-13T06:23:00,77102,77200,A,42.130215,2.203742,50,False,,
2026-08-13T04:03:45Z,5123J15900R11,15900,R11,0,71801,71802,2026-08-13T06:20:00,79315,71801,A,41.392376,2.1651223,50,False,,
2026-08-13T04:03:45Z,5123J30531R15,15031,R15,0,79400,71802,2026-08-13T06:25:00,71300,79400,A,41.392376,2.1651223,50,False,,
2026-08-13T04:03:45Z,6023J26105C1,26105,C1,0,13200,13205,2026-08-13T06:06:00,13405,13200,A,43.256733,-2.9322033,60,False,1,1
2026-08-13T04:03:45Z,6023J26600C3,26600,C3,-2,13107,13106,2026-08-13T06:06:25,13106,13200,E,43.144993,-2.9434426,60,False,,4
2026-08-13T04:03:45Z,6023J26504C3,26504,C3,2,13113,13118,2026-08-13T06:05:54,13100,13200,E,43.236897,-2.889748,60,False,,2
2026-08-13T04:03:45Z,6023J26502C3,26502,C3,0,13103,13102,2026-08-13T06:06:30,13100,13200,A,43.07418,-2.9994733,60,False,,2
2026-08-13T04:03:45Z,6023J26006C2,26006,C2,0,13506,13505,2026-08-13T06:19:00,13200,13506,A,43.315636,-3.0911126,60,False,1,1
2026-08-13T04:03:45Z,6023J26505C3,26505,C3,0,13100,13116,2026-08-13T06:17:00,13200,13100,A,43.035866,-3.0039182,60,False,2,1
2026-08-13T04:03:45Z,6023J26003C2,26003,C2,4,13504,13508,2026-08-13T06:07:53,13506,13200,E,43.31141,-3.0604117,60,False,3,1
2026-08-13T04:03:45Z,6023J26002C2,26002,C2,2,13304,13303,2026-08-13T06:05:14,13200,13506,E,43.27778,-2.972136,60,False,2,2
2026-08-13T04:03:45Z,6023J26602C3,26602,C3,3,13200,13120,2026-08-13T06:04:36,13106,13200,50.0,43.2558,-2.9327526,60,False,,2
2026-08-13T04:03:45Z,6023J26503C3,26503,C3,-1,13109,13115,2026-08-13T06:04:33,13200,13100,E,43.169456,-2.9183524,60,True,,1
2026-08-13T04:03:45Z,6023J26005C2,26005,C2,0,13304,13305,2026-08-13T06:05:44,13506,13200,E,43.27778,-2.972136,60,False,1,1
2026-08-13T04:03:45Z,6023J71503C4,71503,C4,-1,05481,05479,2026-08-13T06:06:57,05451,05485,E,43.20345,-3.1704924,60,False,,1
2026-08-13T04:03:45Z,6023J71501C4,71501,C4,2,05467,05465,2026-08-13T06:08:52,05451,05485,E,43.201958,-3.050459,60,False,1,1
2026-08-13T04:03:45Z,6023J26104C1,26104,C1,1,13402,13401,2026-08-13T06:05:50,13200,13405,A,43.308567,-2.9939837,60,False,2,2
2026-08-13T04:03:45Z,6023J26004C2,26004,C2,5,13505,13508,2026-08-13T06:05:16,13200,13506,44.0,43.320366,-3.0812526,60,False,,1
2026-08-13T04:03:45Z,6023J26103C1,26103,C1,2,13402,13403,2026-08-13T06:04:57,13405,13200,E,43.312733,-3.004488,60,False,,1
2026-08-13T04:03:45Z,6023J26007C2,26007,C2,0,13200,13205,2026-08-13T06:17:00,13506,13200,A,43.256733,-2.9322033,60,False,2,1
2026-08-13T04:03:45Z,6023J26601C3,26601,C3,0,13106,13107,2026-08-13T06:16:00,13200,13106,A,43.144993,-2.9434426,60,False,4,1
2026-08-13T04:03:45Z,6123J35680C1,35680,C1,0,11500,11409,2026-08-13T06:08:38,11305,11508,A,43.139435,-2.074181,61,False,2,2
2026-08-13T04:03:45Z,6123J81769C1,81769,C1,0,11508,11511,2026-08-13T06:21:00,11600,11508,A,43.317684,-1.9766475,61,False,1,
2026-08-13T04:03:45Z,6123J32701C1,32701,C1,0,11305,11306,2026-08-13T06:12:00,11508,11305,A,43.050964,-2.3305266,61,False,1,1
2026-08-13T04:03:45Z,6223J81351C3,81351,C3,0,05657,05658,2026-08-13T06:18:00,05671,05657,A,43.39739,-3.8149183,62,False,1,
2026-08-13T04:03:45Z,6223J71301C3,71301,C3,0,14223,05602,2026-08-13T06:18:00,05657,14223,A,43.452858,-3.828213,62,False,9AM,7
2026-08-13T04:03:45Z,6223J71152C2,71152,C2,-1,05609,05611,2026-08-13T06:04:34,05637,14223,E,43.431686,-3.9463139,62,False,,1
2026-08-13T04:03:45Z,6223J71103C2,71103,C2,0,05623,05622,2026-08-13T06:08:00,14223,05623,A,43.35649,-4.0702353,62,False,1,1
2026-08-13T04:03:45Z,6223J71351C3,71351,C3,-1,05655,05657,2026-08-13T06:05:41,05657,14223,A,43.40382,-3.8205857,62,False,,4
2026-08-13T04:03:45Z,6223J35902C1,26902,C1,0,14223,14230,2026-08-13T06:13:00,14210,14223,A,43.45403,-3.8277466,62,False,1,1
2026-08-13T04:03:45Z,4723J71091C1,71091,C1,0,05755,05759,2026-08-13T06:05:00,05753,05761,72.0,42.77566,-5.022691,47,False,,1
2026-08-13T04:03:45Z,4723J71080C1,71080,C1,0,05762,05763,2026-08-13T06:06:00,05803,05761,40.0,42.808643,-5.193591,47,False,,1
2026-08-13T04:03:45Z,2023J70801C6,70801,C6,0,05509,05513,2026-08-13T06:17:00,05523,05509,E,43.3823,-5.7026434,20,False,1,4
2026-08-13T04:03:45Z,2023J70202C4,70202,C4,0,05211,05213,2026-08-13T06:33:00,16403,05211,E,43.58464,-5.772605,20,False,3,1
2026-08-13T04:03:45Z,2023J70900C8,70900,C8,6,05381,05380,2026-08-13T06:08:00,05389,05373,E,43.16655,-5.7221513,20,False,1,2
2026-08-13T04:03:45Z,2023J70506C7,70506,C7,0,15211,05300,2026-08-13T06:28:00,05329,15211,E,43.366535,-5.8552504,20,False,5,1
2026-08-13T04:03:45Z,2023J70400C5,70400,C5,2,05420,05417,2026-08-13T06:06:00,15410,05443,E,43.33977,-5.630421,20,False,1,1
2026-08-13T04:03:45Z,2023J22305C3,22305,C3,0,15218,15211,2026-08-13T06:30:00,16405,15218,E,43.3588,-5.8573804,20,False,1,1
2026-08-13T04:03:45Z,2023J70201C4,70201,C4,0,05211,05210,2026-08-13T06:17:00,15410,05211,E,43.58464,-5.772605,20,False,1,1
2026-08-13T04:03:45Z,2023J70501C7,70501,C7,0,05303,05302,2026-08-13T06:05:00,15211,05311,E,43.35863,-5.8975425,20,False,1,1
2026-08-13T04:03:45Z,2023J70302C4,70302,C4,-2,15410,05203,2026-08-13T06:26:00,05245,15410,E,43.537647,-5.67596,20,False,11,1
2026-08-13T04:03:45Z,2023J22000C1,22000,C1,8,15211,15218,2026-08-13T06:05:00,15122,15211,E,43.36655,-5.854991,20,False,2,2
2026-08-13T04:03:45Z,2023J22002C1,22002,C1,0,15211,15218,2026-08-13T06:17:00,15122,15211,E,43.36655,-5.854991,20,False,2,2
2026-08-13T04:03:45Z,2023J70401C5,70401,C5,3,15410,05403,2026-08-13T06:05:00,05443,15410,30.0,43.534084,-5.68098,20,False,14,2
2026-08-13T04:03:45Z,2023J22200C2,22200,C2,2,16001,16002,2026-08-13T06:07:00,16011,15211,15.0,43.31981,-5.80744,20,False,1,1
2026-08-13T04:03:45Z,2023J70502C7,70502,C7,0,05325,05327,2026-08-13T06:18:00,05329,05325,E,43.490948,-6.1104946,20,False,4,2
2026-08-13T04:03:45Z,2023J22006C1,22006,C1,0,15410,15401,2026-08-13T06:35:00,15118,15410,E,43.537712,-5.676047,20,False,2,2
2026-08-13T04:03:45Z,2023J70754C6,70754,C6,0,05513,05509,2026-08-13T06:37:00,15211,05513,E,43.388065,-5.664932,20,False,3,2
2026-08-13T04:03:45Z,2023J80851C6,80851,C6,22,05509,05511,2026-08-13T06:09:00,05534,05509,E,43.3823,-5.7026434,20,False,1,1
2026-08-13T04:03:45Z,2023J70853C6,70853,C6,0,15211,15217,2026-08-13T06:22:00,05534,15211,E,43.36667,-5.8550873,20,False,1,1
2026-08-13T04:03:45Z,2023J70755C6,70755,C6,0,05509,05513,2026-08-13T06:21:00,05513,05509,E,43.3823,-5.7026434,20,False,1,4
2026-08-13T04:03:45Z,2023J22101C1,22101,C1,12,15410,15410,2026-08-13T06:05:00,15410,15218,A,43.537712,-5.676047,20,False,1,1
2026-08-13T04:03:45Z,2023J70750C6,70750,C6,7,05505,05504,2026-08-13T06:06:00,15211,05513,A,43.38654,-5.808886,20,False,2,2
2026-08-13T04:03:45Z,2023J22201C2,22201,C2,0,16011,16010,2026-08-13T06:32:00,15211,16011,E,43.28714,-5.6448464,20,False,1,1
2026-08-13T04:03:45Z,2023J22202C2,22202,C2,0,15211,15218,2026-08-13T06:23:00,16011,15211,E,43.366478,-5.855087,20,False,2,2
2026-08-13T04:03:45Z,2023J70752C6,70752,C6,2,05513,05509,2026-08-13T06:17:00,15211,05513,E,43.388065,-5.664932,20,False,3,2
2026-08-13T04:03:45Z,2023J70508C7,70508,C7,0,15211,05300,2026-08-13T06:19:00,05311,15211,E,43.366535,-5.8552504,20,False,2,1
2026-08-13T04:03:45Z,2023J22004C1,22004,C1,0,15410,15401,2026-08-13T06:14:00,15118,15410,E,43.537712,-5.676047,20,False,2,2
2026-08-13T04:03:45Z,2023J70901C8,70901,C8,0,05389,05387,2026-08-13T06:35:00,05361,05389,E,43.124065,-5.5663133,20,False,1,1
2026-08-13T04:03:45Z,4123J84900C2,84900,C2,0,06006,06005,2026-08-13T06:14:00,61200,06006,E,37.672035,-1.6961039,41,False,1,1
2026-08-13T04:03:45Z,4123J84901C2,84901,C2,3,61200,06002,2026-08-13T06:38:00,06006,61200,E,37.97462,-1.1315287,41,False,1,2
2026-08-13T04:03:45Z,4123J24700C1,24700,C1,0,62002,62003,2026-08-13T06:15:00,60911,61200,A,38.122574,-0.87431836,41,False,4,1
2026-08-13T04:03:45Z,4123J24703C1,24703,C1,0,60911,62109,2026-08-13T06:39:00,61200,60911,E,38.34553,-0.49576503,41,False,1,1
2026-08-13T04:03:45Z,4123J24701C1,24701,C1,1,62104,62103,2026-08-13T06:17:00,61200,60911,A,38.272114,-0.69527435,41,False,1,1
2026-08-13T04:03:45Z,4523J71601C1,71601,C1,0,05951,05952,2026-08-13T06:27:00,05977,05951,E,37.603638,-0.97674686,45,False,1,2
2026-08-13T04:03:45Z,1023J76205C5,76205,C5,0,37001,35704,2026-08-13T06:22:00,18003,37001,E,40.34132,-3.7123663,10,False,4,1
2026-08-13T04:03:45Z,1023J19805C1,19805,C1,0,98305,98304,2026-08-13T06:14:00,17000,98305,E,40.4924,-3.593483,10,False,2,1
2026-08-13T04:03:45Z,1023J19807C1,19807,C1,0,98305,98304,2026-08-13T06:29:00,17000,98305,E,40.4924,-3.593483,10,False,2,1
2026-08-13T04:03:45Z,1023J76370C5,76370,C5,0,35607,35606,2026-08-13T06:33:00,35609,35607,E,40.330883,-3.8823783,10,False,2,1
2026-08-13T04:03:45Z,1023J19800C1,19800,C1,3,98304,98305,2026-08-13T06:08:00,98305,17000,A,40.4924,-3.593483,10,False,2,1
2026-08-13T04:03:45Z,1023J19802C1,19802,C1,0,17000,98003,2026-08-13T06:24:00,98305,17000,E,40.47102,-3.6825693,10,False,12,2
2026-08-13T04:03:45Z,1023J76691C5,76691,C5,0,35012,35002,2026-08-13T06:35:00,37001,35012,E,40.25559,-3.8284667,10,False,1,1
2026-08-13T04:03:45Z,1023J79202C7,79202,C7,1,70100,70108,2026-08-13T06:06:00,70103,18000,A,40.423397,-3.561349,10,False,2,2
2026-08-13T04:03:45Z,1023J20005C3,20005,C3,6,60103,60102,2026-08-13T06:08:00,17000,60200,12.0,40.250435,-3.704051,10,True,1,1
2026-08-13T04:03:45Z,1023J79205C7,79205,C7,3,70002,18000,2026-08-13T06:09:00,18000,70103,10.0,40.384605,-3.6701598,10,False,1,2
2026-08-13T04:03:45Z,1023J79204C7,79204,C7,3,18000,70002,2026-08-13T06:07:00,70103,18000,E,40.40667,-3.6893938,10,True,3,2
2026-08-13T04:03:45Z,1023J79600C10,79600,C10,0,10001,10000,2026-08-13T06:12:00,18004,10200,E,40.448578,-3.7855594,10,False,1,1
2026-08-13T04:03:45Z,1023J79402C2,79402,C2,2,70103,70107,2026-08-13T06:07:00,70200,17000,E,40.489193,-3.3662832,10,False,1,2
2026-08-13T04:03:45Z,1023J79207C7,79207,C7,6,70108,70100,2026-08-13T06:07:00,18000,70103,A,40.401035,-3.5957618,10,True,1,1
2026-08-13T04:03:45Z,1023J79404C2,79404,C2,1,98003,70101,2026-08-13T06:16:00,70200,17000,E,40.471153,-3.6823752,10,False,2,2
2026-08-13T04:03:45Z,1023J79209C7,79209,C7,3,70102,70101,2026-08-13T06:08:00,18000,70103,E,40.45463,-3.4796958,10,False,1,1
2026-08-13T04:03:45Z,1023J20004C3,20004,C3,3,60102,60103,2026-08-13T06:09:00,60200,17000,10.0,40.299496,-3.7066555,10,False,2,2
2026-08-13T04:03:45Z,1023J79208C7,79208,C7,0,18000,70002,2026-08-13T06:16:00,70103,18000,E,40.40667,-3.6893938,10,False,3,2
2026-08-13T04:03:45Z,1023J79604C10,79604,C10,0,10200,10104,2026-08-13T06:11:00,18004,10200,E,40.62599,-4.0081153,10,False,4,2
2026-08-13T04:03:45Z,1023J79805C8a,79805,C8a,0,97201,97200,2026-08-13T06:06:00,10203,17000,E,40.488266,-3.6947744,10,False,1,1
2026-08-13T04:03:45Z,1023J79408C2,79408,C2,0,17000,98003,2026-08-13T06:30:00,70200,17000,E,40.47097,-3.68245,10,False,2,2
2026-08-13T04:03:45Z,1023J20002C3,20002,C3,4,60105,60200,2026-08-13T06:15:00,60200,17000,5.0,40.152805,-3.6077812,10,False,2,3
2026-08-13T04:03:45Z,1023J20409C4b,20409,C4b,15,18000,18101,2026-08-13T06:14:00,17005,18000,E,40.40654,-3.6895106,10,False,6,1
2026-08-13T04:03:45Z,1023J20408C4b,20408,C4b,0,17005,17004,2026-08-13T06:24:00,37012,17005,E,40.644844,-3.7762609,10,False,3,3
2026-08-13T04:03:45Z,1023J79808C8a,79808,C8a,1,10200,10104,2026-08-13T06:06:00,18002,10203,20.0,40.624672,-4.0004997,10,False,2,2
2026-08-13T04:03:45Z,1023J76360C5,76360,C5,0,35608,35609,2026-08-13T06:08:00,35609,35607,A,40.405067,-3.7026901,10,False,1,1
2026-08-13T04:03:45Z,1023J76361C5,76361,C5,0,35609,35608,2026-08-13T06:20:00,35607,35609,E,40.405067,-3.7026901,10,False,2,2
2026-08-13T04:03:45Z,1023J76680C5,76680,C5,0,37001,35009,2026-08-13T06:16:00,35012,37001,E,40.34132,-3.7123663,10,False,6,2
2026-08-13T04:03:45Z,1023J76683C5,76683,C5,0,35001,35009,2026-08-13T06:04:00,37001,35012,80.0,40.34065,-3.7536986,10,False,1,1
2026-08-13T04:03:45Z,1023J76362C5,76362,C5,0,35603,35602,2026-08-13T06:06:00,35609,35607,A,40.381268,-3.7802126,10,False,1,1
2026-08-13T04:03:45Z,1023J76364C5,76364,C5,1,35606,35610,2026-08-13T06:07:00,35609,35607,A,40.34195,-3.8423326,10,False,1,1
2026-08-13T04:03:45Z,1023J76363C5,76363,C5,0,35609,35608,2026-08-13T06:30:00,35607,35609,E,40.405067,-3.7026901,10,False,2,2
2026-08-13T04:03:45Z,1023J79950C2,79950,C2,0,18001,18000,2026-08-13T06:09:00,18000,18002,A,40.40667,-3.689395,10,True,2,3
2026-08-13T04:03:45Z,1023J76682C5,76682,C5,0,37001,35009,2026-08-13T06:26:00,35012,37001,E,40.34132,-3.7123663,10,False,6,2
2026-08-13T04:03:45Z,1023J79513C2,79513,C2,0,70200,70105,2026-08-13T06:41:00,18000,70200,E,40.644257,-3.1823237,10,False,3,1
2026-08-13T04:03:45Z,1023J79511C2,79511,C2,0,70200,70105,2026-08-13T06:15:00,18000,70200,E,40.644257,-3.1823237,10,False,3,1
2026-08-13T04:03:45Z,1023J76366C5,76366,C5,1,35607,35606,2026-08-13T06:14:00,35609,35607,E,40.330883,-3.8823783,10,False,2,1
2026-08-13T04:03:45Z,1023J79951C8b,79951,C8b,1,18001,18002,2026-08-13T06:08:00,12006,18000,A,40.44655,-3.691473,10,True,1,1
2026-08-13T04:03:45Z,1023J76685C5,76685,C5,0,35002,35010,2026-08-13T06:07:00,37001,35012,A,40.29673,-3.7924793,10,False,1,1
2026-08-13T04:03:45Z,1023J20213C4a,20213,C4a,0,18000,18101,2026-08-13T06:34:00,19003,18000,E,40.40654,-3.6895106,10,False,6,1
2026-08-13T04:03:45Z,1023J79952C8b,79952,C8b,0,12002,12001,2026-08-13T06:07:00,18000,12006,A,40.63862,-4.0217943,10,True,1,1
2026-08-13T04:03:45Z,1023J20411C4b,20411,C4b,4,37001,60100,2026-08-13T06:07:00,17005,37012,E,40.34132,-3.7123663,10,True,1,2
2026-08-13T04:03:45Z,1023J20410C4b,20410,C4b,0,17005,17004,2026-08-13T06:36:00,37012,17005,E,40.644844,-3.7762609,10,False,3,3
2026-08-13T04:03:45Z,1023J76368C5,76368,C5,0,35607,35606,2026-08-13T06:23:00,35609,35607,E,40.330883,-3.8823783,10,False,2,1
2026-08-13T04:03:45Z,1023J20212C4a,20212,C4a,2,17000,18002,2026-08-13T06:08:00,37012,19003,E,40.471325,-3.6833096,10,True,2,8
2026-08-13T04:03:45Z,1023J76687C5,76687,C5,1,35012,35002,2026-08-13T06:16:00,37001,35012,E,40.25559,-3.8284667,10,False,2,1
2026-08-13T04:03:45Z,1023J79954C8b,79954,C8b,0,12006,12005,2026-08-13T06:35:00,18000,12006,E,40.737614,-4.0662985,10,False,2,1
2026-08-13T04:03:45Z,1023J20211C4a,20211,C4a,4,37002,37010,2026-08-13T06:06:00,19003,37002,S,40.311737,-3.7328322,10,True,1,1
2026-08-13T04:03:45Z,1023J76204C5,76204,C5,0,18003,35702,2026-08-13T06:05:00,37001,18003,30.0,40.391388,-3.6843839,10,False,2,2
2026-08-13T04:03:45Z,1023J20210C4,20210,C4,0,37001,37010,2026-08-13T06:22:00,37012,37001,E,40.34132,-3.7123663,10,False,2,2
2026-08-13T04:03:45Z,1023J76689C5,76689,C5,0,35012,35002,2026-08-13T06:25:00,37001,35012,E,40.25559,-3.8284667,10,False,1,1
2026-08-13T04:03:45Z,1023J20011C3,20011,C3,0,60200,60105,2026-08-13T06:30:00,17000,60200,E,40.035027,-3.6189713,10,False,1,1
2026-08-13T04:03:45Z,1023J20204C4,20204,C4,12,37001,37010,2026-08-13T06:06:00,37012,17000,E,40.34132,-3.7123663,10,True,2,2
2026-08-13T04:03:45Z,1023J20010C3,20010,C3,0,17000,18002,2026-08-13T06:33:00,60200,17000,E,40.471382,-3.6834786,10,False,2,8
2026-08-13T04:03:45Z,1023J20402C4b,20402,C4b,1,17001,17000,2026-08-13T06:09:00,37012,17005,A,40.471325,-3.6833096,10,True,2,2
2026-08-13T04:03:45Z,1023J20419C4b,20419,C4b,0,37012,37011,2026-08-13T06:38:00,17005,37012,E,40.24143,-3.769159,10,False,2,1
2026-08-13T04:03:45Z,1023J20417C4b,20417,C4b,0,37002,37010,2026-08-13T06:30:00,17005,37002,E,40.309868,-3.733689,10,False,1,1
2026-08-13T04:03:45Z,1023J79102C7,79102,C7,0,10000,10001,2026-08-13T06:13:00,18002,18003,E,40.42163,-3.7193205,10,False,2,2
2026-08-13T04:03:45Z,1023J20218C4a,20218,C4a,0,19003,19002,2026-08-13T06:20:00,37012,19003,E,40.546417,-3.6351175,10,False,2,2
2026-08-13T04:03:45Z,1023J20217C4a,20217,C4a,0,37012,37011,2026-08-13T06:31:00,19003,37012,E,40.24143,-3.769159,10,False,1,1
2026-08-13T04:03:45Z,1023J20415C4b,20415,C4b,5,37012,37011,2026-08-13T06:20:00,17005,37012,E,40.24143,-3.769159,10,False,1,1
2026-08-13T04:03:45Z,1023J79103C7,79103,C7,0,18002,17000,2026-08-13T06:25:00,10000,70200,E,40.44655,-3.691473,10,False,1,10
2026-08-13T04:03:45Z,1023J79210C7,79210,C7,0,18000,70002,2026-08-13T06:28:00,70103,18000,E,40.40667,-3.6893938,10,False,3,2
2026-08-13T04:03:45Z,1023J76355C5,76355,C5,0,35605,35610,2026-08-13T06:05:00,35607,35609,E,40.3503,-3.8317595,10,False,2,2
2026-08-13T04:03:45Z,1023J76676C5,76676,C5,0,35011,35010,2026-08-13T06:04:00,35012,37001,A,40.29673,-3.7924793,10,False,2,2
2026-08-13T04:03:45Z,1023J20216C4a,20216,C4a,9,19003,19002,2026-08-13T06:16:00,37012,19003,E,40.546417,-3.6351175,10,False,2,2
2026-08-13T04:03:45Z,1023J76357C5,76357,C5,0,35600,35601,2026-08-13T06:05:00,35607,35609,A,40.38357,-3.7686734,10,False,2,2
2026-08-13T04:03:45Z,1023J20215C4a,20215,C4a,0,37012,37011,2026-08-13T06:21:00,19003,37012,E,40.24143,-3.769159,10,False,1,1
2026-08-13T04:03:45Z,1023J76359C5,76359,C5,4,35609,35608,2026-08-13T06:14:00,35607,35609,E,40.405067,-3.7026901,10,False,2,2
2026-08-13T04:03:45Z,1023J76678C5,76678,C5,6,37001,35009,2026-08-13T06:12:00,35012,37001,E,40.34132,-3.7123663,10,False,4,2
2026-08-13T04:03:45Z,1023J79507C2,79507,C2,4,70103,70111,2026-08-13T06:10:00,18000,70200,E,40.489193,-3.3662832,10,False,5,1
2026-08-13T04:03:45Z,1023J20209C4a,20209,C4a,3,18000,18101,2026-08-13T06:05:00,19003,37012,E,40.40654,-3.6895106,10,True,5,1
2026-08-13T04:03:45Z,1023J20407C4b,20407,C4b,12,18101,18002,2026-08-13T06:08:00,17005,37012,E,40.417023,-3.7031636,10,True,1,6
2026-08-13T04:03:45Z,1023J20406C4b,20406,C4b,0,17005,17004,2026-08-13T06:11:00,37012,17005,E,40.644844,-3.7762609,10,False,3,3
2026-08-13T04:03:45Z,1023J20413C4b,20413,C4b,6,37012,37011,2026-08-13T06:11:00,17005,37012,7.0,40.24637,-3.7672026,10,True,2,1
2026-08-13T04:03:45Z,1023J20208C4,20208,C4,7,18101,18000,2026-08-13T06:09:00,37012,17000,S,40.417023,-3.7031636,10,True,2,7
2026-08-13T04:03:45Z,1023J20009C3,20009,C3,0,60200,60105,2026-08-13T06:15:00,17000,60200,E,40.035027,-3.6189713,10,True,1,1
2026-08-13T04:03:45Z,1023J79211C7,79211,C7,0,70103,70111,2026-08-13T06:05:00,18000,70103,30.0,40.486435,-3.3745797,10,False,2,1
2026-08-13T04:03:45Z,1023J79810C8a,79810,C8a,0,10203,10202,2026-08-13T06:21:00,18000,10203,E,40.58532,-4.1321955,10,False,3,2
2026-08-13T04:03:45Z,1023J79215C7,79215,C7,6,70103,70111,2026-08-13T06:23:00,18000,70103,E,40.4889,-3.3666708,10,False,4,1
2026-08-13T04:03:45Z,1023J79219C7,79219,C7,0,70103,70111,2026-08-13T06:29:00,18000,70103,E,40.4889,-3.3666708,10,False,5,1
2026-08-13T04:03:45Z,1023J20220C4a,20220,C4a,0,19003,19002,2026-08-13T06:33:00,37012,19003,E,40.546417,-3.6351175,10,False,2,2
2026-08-13T04:03:45Z,1023J20207C4a,20207,C4a,4,17000,17001,2026-08-13T06:07:00,19003,18000,15.0,40.47592,-3.6813972,10,True,4,1
2026-08-13T04:03:45Z,1023J20405C4b,20405,C4b,8,17004,17005,2026-08-13T06:12:00,17005,18000,6.0,40.61248,-3.7219162,10,False,2,3
2026-08-13T04:03:45Z,1023J20008C3,20008,C3,0,17000,18002,2026-08-13T06:16:00,60200,17000,E,40.471382,-3.6834786,10,False,2,8
2026-08-13T04:03:45Z,1023J20206C4,20206,C4,0,37001,37010,2026-08-13T06:08:00,37012,37001,E,40.34132,-3.7123663,10,False,2,2
2026-08-13T04:03:45Z,1023J20007C3,20007,C3,5,60105,60104,2026-08-13T06:09:00,17000,60200,A,40.196156,-3.6648214,10,False,3,1
2026-08-13T04:03:45Z,1023J20205C4a,20205,C4a,8,19001,19002,2026-08-13T06:07:00,19003,37012,S,40.55402,-3.6837044,10,True,1,1
2026-08-13T04:03:45Z,1023J20006C3,20006,C3,2,18002,18101,2026-08-13T06:07:00,60200,17000,15.0,40.44168,-3.6925433,10,True,8,2
