timestamp_utc,tripId,codTren,codLinea,retrasoMin,codEstAct,codEstSig,horaLlegadaSigEst,codEstDest,codEstOrig,porAvanc,latitud,longitud,nucleo,accesible,via,nextVia
2026-08-22T00:04:19Z,1032S81037C8b,81037,C8b,40,12005,12006,2026-08-23T01:20:00,12006,12005,E,40.706673,-4.066966,10,False,1,2
2026-08-22T00:08:37Z,1032S81037C8b,81037,C8b,40,12005,12006,2026-08-23T01:20:00,12006,12005,E,40.706673,-4.066966,10,False,1,2
2026-08-22T00:13:47Z,1032S81037C8b,81037,C8b,40,12005,12006,2026-08-23T01:20:00,12006,12005,E,40.706673,-4.066966,10,False,1,2
2026-08-22T00:19:08Z,1032S81037C8b,81037,C8b,40,12005,12006,2026-08-23T01:20:00,12006,12005,E,40.706673,-4.066966,10,False,1,2
2026-08-22T00:24:05Z,1032S81037C8b,81037,C8b,40,12005,12006,2026-08-23T01:20:00,12006,12005,E,40.706673,-4.066966,10,False,1,2
2026-08-22T00:28:35Z,1032S81037C8b,81037,C8b,40,12005,12006,2026-08-23T01:20:00,12006,12005,E,40.706673,-4.066966,10,False,1,2
2026-08-22T00:33:48Z,1032S81037C8b,81037,C8b,40,12005,12006,2026-08-23T01:20:00,12006,12005,E,40.706673,-4.066966,10,False,1,2
2026-08-22T00:38:35Z,1032S81037C8b,81037,C8b,40,12005,12006,2026-08-23T01:20:00,12006,12005,E,40.706673,-4.066966,10,False,1,2
2026-08-22T00:43:42Z,1032S81037C8b,81037,C8b,40,12005,12006,2026-08-23T01:20:00,12006,12005,E,40.706673,-4.066966,10,False,1,2
2026-08-22T00:49:07Z,1032S81037C8b,81037,C8b,40,12005,12006,2026-08-23T01:20:00,12006,12005,E,40.706673,-4.066966,10,False,1,2
2026-08-22T00:53:53Z,1032S81037C8b,81037,C8b,40,12005,12006,2026-08-23T01:20:00,12006,12005,E,40.706673,-4.066966,10,False,1,2
2026-08-22T00:58:37Z,1032S81037C8b,81037,C8b,40,12005,12006,2026-08-23T01:20:00,12006,12005,E,40.706673,-4.066966,10,False,1,2
2026-08-22T01:04:00Z,1032S81037C8b,81037,C8b,40,12005,12006,2026-08-23T01:20:00,12006,12005,E,40.706673,-4.066966,10,False,1,2
2026-08-22T01:08:31Z,1032S81037C8b,81037,C8b,40,12005,12006,2026-08-23T01:20:00,12006,12005,E,40.706673,-4.066966,10,False,1,2
2026-08-22T01:14:05Z,1032S81037C8b,81037,C8b,40,12005,12006,2026-08-23T01:20:00,12006,12005,E,40.706673,-4.066966,10,False,1,2
2026-08-22T01:18:42Z,1032S81037C8b,81037,C8b,40,12005,12006,2026-08-23T01:20:00,12006,12005,E,40.706673,-4.066966,10,False,1,2
2026-08-22T01:24:06Z,1032S81037C8b,81037,C8b,40,12005,12006,2026-08-23T01:20:00,12006,12005,E,40.706673,-4.066966,10,False,1,2
2026-08-22T01:28:28Z,1032S81037C8b,81037,C8b,40,12005,12006,2026-08-23T01:20:00,12006,12005,E,40.706673,-4.066966,10,False,1,2
2026-08-22T01:34:21Z,1032S81037C8b,81037,C8b,40,12005,12006,2026-08-23T01:20:00,12006,12005,E,40.706673,-4.066966,10,False,1,2
2026-08-22T01:38:27Z,1032S81037C8b,81037,C8b,40,12005,12006,2026-08-23T01:20:00,12006,12005,E,40.706673,-4.066966,10,False,1,2
2026-08-22T01:44:06Z,6032S26578C3,26578,C3,0,13200,13120,2026-08-22T03:58:00,13100,13200,,43.260048,-2.928512,60,False,3,2
2026-08-22T01:48:35Z,6032S26578C3,26578,C3,0,13200,13120,2026-08-22T03:58:00,13100,13200,,43.260048,-2.928512,60,False,3,2
2026-08-22T01:53:40Z,6032S26578C3,26578,C3,0,13200,13120,2026-08-22T03:58:00,13100,13200,,43.260048,-2.928512,60,False,3,2
2026-08-22T01:58:29Z,6032S26578C3,26578,C3,1,13120,13119,2026-08-22T04:01:40,13100,13200,E,43.25035,-2.930641,60,False,2,2
2026-08-22T02:04:06Z,6032S26578C3,26578,C3,1,13114,13113,2026-08-22T04:06:59,13100,13200,20.0,43.24241,-2.9163692,60,False,,2
2026-08-22T02:08:29Z,6032S26578C3,26578,C3,0,13113,13118,2026-08-22T04:10:05,13100,13200,E,43.236897,-2.889748,60,False,,2
2026-08-22T02:13:39Z,6032S26578C3,26578,C3,-1,13111,13110,2026-08-22T04:19:28,13100,13200,A,43.17912,-2.9028738,60,False,,2
2026-08-22T02:18:40Z,6032S26578C3,26578,C3,0,13110,13115,2026-08-22T04:20:47,13100,13200,A,43.176933,-2.909058,60,False,2,2
2026-08-22T02:18:40Z,6132S89680C1,89680,C1,0,11600,11518,2026-08-22T04:34:00,11508,11600,A,43.330643,-1.8169186,61,False,,2
2026-08-22T02:18:40Z,2032S70327C4,70327,C4,-113,15410,15410,2026-08-22T21:25:00,15410,05325,E,43.537647,-5.67596,20,False,2,2
2026-08-22T02:24:09Z,6032S26578C3,26578,C3,-1,13108,13117,2026-08-22T04:26:41,13100,13200,E,43.16316,-2.9277587,60,False,,2
2026-08-22T02:24:09Z,6132S89680C1,89680,C1,0,11600,11518,2026-08-22T04:34:00,11508,11600,A,43.330643,-1.8169186,61,False,,2
2026-08-22T02:24:09Z,6132S80716C1,80716,C1,0,11600,11518,2026-08-22T04:42:00,11516,11600,A,43.330643,-1.8169186,61,False,,2
2026-08-22T02:24:09Z,2032S70327C4,70327,C4,-108,15410,15410,2026-08-22T21:30:00,15410,05325,E,43.537647,-5.67596,20,False,2,2
2026-08-22T02:28:36Z,6032S26578C3,26578,C3,0,13117,13107,2026-08-22T04:29:37,13100,13200,E,43.153534,-2.9381597,60,False,,2
2026-08-22T02:28:36Z,6132S89680C1,89680,C1,0,11600,11518,2026-08-22T04:34:00,11508,11600,A,43.330643,-1.8169186,61,False,,2
2026-08-22T02:28:36Z,6132S80716C1,80716,C1,0,11600,11518,2026-08-22T04:42:00,11516,11600,A,43.330643,-1.8169186,61,False,,2
2026-08-22T02:28:36Z,2032S70327C4,70327,C4,-103,15410,15410,2026-08-22T21:35:00,15410,05325,E,43.537647,-5.67596,20,False,2,2
2026-08-22T02:28:36Z,1032S27203C4a,27203,C4a,0,18000,18101,2026-08-22T05:00:00,19003,18000,E,40.40654,-3.6895106,10,True,6,1
2026-08-22T02:33:51Z,5132S25400R2,25400,R2,0,71700,71701,2026-08-22T04:51:00,79104,71700,A,41.27745,1.9777229,50,True,10,
2026-08-22T02:33:51Z,6032S26578C3,26578,C3,0,13106,13104,2026-08-22T04:34:43,13100,13200,55.0,43.14222,-2.960543,60,False,,2
2026-08-22T02:33:51Z,6132S89680C1,89680,C1,0,11600,11518,2026-08-22T04:34:00,11508,11600,E,43.33877,-1.8007782,61,False,,2
2026-08-22T02:33:51Z,6132S80716C1,80716,C1,0,11600,11518,2026-08-22T04:42:00,11516,11600,A,43.330643,-1.8169186,61,False,,2
2026-08-22T02:33:51Z,2032S70327C4,70327,C4,-98,15410,15410,2026-08-22T21:40:00,15410,05325,E,43.537647,-5.67596,20,False,2,2
2026-08-22T02:33:51Z,1032S27203C4a,27203,C4a,0,18000,18101,2026-08-22T05:00:00,19003,18000,E,40.40654,-3.6895106,10,True,6,1
2026-08-22T02:33:51Z,1032S27205C4a,27205,C4a,0,37012,37011,2026-08-22T05:09:00,19003,37012,E,40.24143,-3.769159,10,False,1,1
2026-08-22T02:38:26Z,5132S25400R2,25400,R2,0,71700,71701,2026-08-22T04:51:00,79104,71700,A,41.27745,1.9777229,50,True,10,
2026-08-22T02:38:26Z,6032S26578C3,26578,C3,-1,13103,13102,2026-08-22T04:42:17,13100,13200,A,43.07418,-2.9994733,60,False,2,2
2026-08-22T02:38:26Z,6132S80716C1,80716,C1,0,11600,11518,2026-08-22T04:42:00,11516,11600,E,43.33877,-1.8007782,61,False,,2
2026-08-22T02:38:26Z,6132S81700C1,81700,C1,0,11600,11518,2026-08-22T04:57:00,11508,11600,A,43.330643,-1.8169186,61,False,,2
2026-08-22T02:38:26Z,1032S27403C4b,27403,C4b,0,17000,17001,2026-08-22T05:08:00,17005,17000,E,40.471325,-3.6833096,10,True,5,1
2026-08-22T02:38:26Z,1032S27205C4a,27205,C4a,0,37012,37011,2026-08-22T05:09:00,19003,37012,E,40.24143,-3.769159,10,False,1,1
2026-08-22T02:38:26Z,1032S27203C4a,27203,C4a,0,18000,18101,2026-08-22T05:00:00,19003,18000,E,40.40654,-3.6895106,10,True,6,1
2026-08-22T02:44:16Z,1032S27205C4a,27205,C4a,0,37012,37011,2026-08-22T05:09:00,19003,37012,E,40.24143,-3.769159,10,False,1,1
2026-08-22T02:44:16Z,1032S27403C4b,27403,C4b,0,17000,17001,2026-08-22T05:08:00,17005,17000,E,40.471325,-3.6833096,10,True,5,1
2026-08-22T02:44:16Z,1032S27203C4a,27203,C4a,0,18000,18101,2026-08-22T05:00:00,19003,18000,E,40.40654,-3.6895106,10,True,6,1
2026-08-22T02:44:16Z,1032S27000C3,27000,C3,-2,17000,18002,2026-08-22T05:14:00,60200,17000,E,40.471382,-3.6834786,10,True,3,8
2026-08-22T02:44:16Z,5132S25400R2,25400,R2,-3,71700,71701,2026-08-22T04:48:12,79104,71700,E,41.27745,1.9777229,50,True,,
2026-08-22T02:44:16Z,6132S81700C1,81700,C1,0,11600,11518,2026-08-22T04:57:00,11508,11600,A,43.330643,-1.8169186,61,False,,2
2026-08-22T02:48:35Z,5132S25400R2,25400,R2,2,71700,71701,2026-08-22T04:52:50,79104,71700,27.0,41.27745,1.9777229,50,True,,
2026-08-22T02:48:35Z,6032S26500C3,26500,C3,0,13200,13120,2026-08-22T05:02:00,13100,13200,A,43.035866,-3.0039182,60,False,5,2
2026-08-22T02:48:35Z,6032S26501C3,26501,C3,0,13100,13116,2026-08-22T05:06:00,13200,13100,A,43.035866,-3.0039182,60,False,2,1
2026-08-22T02:48:35Z,6032S26578C3,26578,C3,1,13101,13116,2026-08-22T04:49:40,13100,13200,40.0,43.04889,-3.0018198,60,False,,2
2026-08-22T02:48:35Z,6132S32769C1,32769,C1,0,11400,11402,2026-08-22T05:08:00,11508,11400,A,43.040184,-2.256515,61,False,4,1
2026-08-22T02:48:35Z,6132S81700C1,81700,C1,0,11600,11518,2026-08-22T04:57:00,11508,11600,A,43.330643,-1.8169186,61,False,,2
2026-08-22T02:48:35Z,2032S22101C1,22101,C1,0,15218,15211,2026-08-22T05:20:00,15410,15218,E,43.3588,-5.8573804,20,False,1,1
2026-08-22T02:48:35Z,1032S27403C4b,27403,C4b,0,17000,17001,2026-08-22T05:08:00,17005,17000,E,40.471325,-3.6833096,10,True,5,1
2026-08-22T02:48:35Z,1032S27203C4a,27203,C4a,0,18000,18101,2026-08-22T05:00:00,19003,18000,E,40.40654,-3.6895106,10,True,6,1
2026-08-22T02:48:35Z,1032S27405C4b,27405,C4b,0,18000,18101,2026-08-22T05:19:00,17005,18000,E,40.40654,-3.6895106,10,True,5,1
2026-08-22T02:48:35Z,1032S27205C4a,27205,C4a,0,37012,37011,2026-08-22T05:09:00,19003,37012,E,40.24143,-3.769159,10,False,1,1
2026-08-22T02:48:35Z,1032S27704C5,27704,C5,0,35607,35606,2026-08-22T05:18:00,35012,35607,E,40.330883,-3.8823783,10,False,2,1
2026-08-22T02:48:35Z,1032S27000C3,27000,C3,2,17000,18002,2026-08-22T05:18:00,60200,17000,E,40.471382,-3.6834786,10,True,3,8
2026-08-22T02:54:02Z,5132S25400R2,25400,R2,2,71701,71703,2026-08-22T05:01:20,79104,71700,E,41.27745,1.9777229,50,True,2,
2026-08-22T02:54:02Z,5132S77600R4,77600,R4,-2,72210,72211,2026-08-22T05:00:24,78700,72209,E,41.473316,1.967515,50,False,,2
2026-08-22T02:54:02Z,6032S26578C3,26578,C3,-1,13100,13100,2026-08-22T04:55:17,13100,13200,A,42.99472,-3.0158784,60,False,,
2026-08-22T02:54:02Z,6032S29606C1,29606,C1,0,13405,13404,2026-08-22T05:08:00,13200,13405,A,43.3262,-3.023556,60,False,2,2
2026-08-22T02:54:02Z,6032S26500C3,26500,C3,0,13200,13120,2026-08-22T05:02:00,13100,13200,A,43.25035,-2.930641,60,False,5,2
2026-08-22T02:54:02Z,6132S81700C1,81700,C1,0,11600,11518,2026-08-22T04:57:00,11508,11600,A,43.330643,-1.8169186,61,False,,2
2026-08-22T02:54:02Z,6132S32769C1,32769,C1,0,11400,11402,2026-08-22T05:08:00,11508,11400,A,43.040184,-2.256515,61,False,4,1
2026-08-22T02:54:02Z,2032S22101C1,22101,C1,0,15218,15211,2026-08-22T05:20:00,15410,15218,E,43.3588,-5.8573804,20,False,1,1
2026-08-22T02:54:02Z,1032S27203C4a,27203,C4a,0,18000,18101,2026-08-22T05:00:00,19003,18000,E,40.40654,-3.6895106,10,True,6,1
2026-08-22T02:54:02Z,1032S27001C3,27001,C3,0,60200,60105,2026-08-22T05:30:00,17000,60200,E,40.035027,-3.6189713,10,True,1,1
2026-08-22T02:54:02Z,1032S27403C4b,27403,C4b,0,17000,17001,2026-08-22T05:08:00,17005,17000,E,40.471325,-3.6833096,10,True,9,1
2026-08-22T02:54:02Z,1032S27205C4a,27205,C4a,0,37012,37011,2026-08-22T05:09:00,19003,37012,,40.24143,-3.769159,10,False,1,1
2026-08-22T02:54:02Z,1032S27405C4b,27405,C4b,0,18000,18101,2026-08-22T05:19:00,17005,18000,E,40.40654,-3.6895106,10,True,5,1
2026-08-22T02:54:02Z,1032S27000C3,27000,C3,8,17000,18002,2026-08-22T05:24:00,60200,17000,E,40.471382,-3.6834786,10,True,3,8
2026-08-22T02:54:02Z,1032S27704C5,27704,C5,0,35607,35606,2026-08-22T05:18:00,35012,35607,E,40.330883,-3.8823783,10,False,2,1
2026-08-22T02:58:58Z,5132S25400R2,25400,R2,1,71703,71704,2026-08-22T05:05:09,79104,71700,A,41.27745,1.9777229,50,True,2,
2026-08-22T02:58:58Z,5132S28557R2N,28557,R2N,1,79400,71802,2026-08-22T05:08:17,72400,79400,5.0,41.398903,2.1738398,50,True,10,
2026-08-22T02:58:58Z,6032S26500C3,26500,C3,0,13200,13120,2026-08-22T05:02:00,13100,13200,A,43.25035,-2.930641,60,False,5,2
2026-08-22T02:58:58Z,6032S26501C3,26501,C3,0,13100,13116,2026-08-22T05:06:00,13200,13100,A,43.035866,-3.0039182,60,False,2,1
2026-08-22T02:58:58Z,6032S29606C1,29606,C1,0,13405,13404,2026-08-22T05:08:00,13200,13405,A,43.3262,-3.023556,60,False,2,2
2026-08-22T02:58:58Z,6132S32769C1,32769,C1,0,11400,11402,2026-08-22T05:08:00,11508,11400,A,43.040184,-2.256515,61,False,4,1
2026-08-22T02:58:58Z,2032S22101C1,22101,C1,-1,15218,15211,2026-08-22T05:19:00,15410,15218,E,43.3588,-5.8573804,20,False,1,1
2026-08-22T02:58:58Z,1032S79402C2,79402,C2,0,17000,98003,2026-08-22T05:31:00,70200,17000,E,40.47097,-3.68245,10,False,2,2
2026-08-22T02:58:58Z,1032S27403C4b,27403,C4b,5,17000,17001,2026-08-22T05:13:00,17005,17000,E,40.471325,-3.6833096,10,True,9,1
2026-08-22T02:58:58Z,1032S27001C3,27001,C3,0,60200,60105,2026-08-22T05:30:00,17000,60200,E,40.035027,-3.6189713,10,True,1,1
2026-08-22T02:58:58Z,1032S27205C4a,27205,C4a,0,37012,37011,2026-08-22T05:09:00,19003,37012,E,40.24143,-3.769159,10,False,1,1
2026-08-22T02:58:58Z,1032S27000C3,27000,C3,13,17000,18002,2026-08-22T05:29:00,60200,17000,E,40.471382,-3.6834786,10,True,3,8
2026-08-22T02:58:58Z,1032S79205C7,79205,C7,0,70103,70111,2026-08-22T05:29:00,18000,70103,E,40.4889,-3.3666708,10,False,5,1
2026-08-22T02:58:58Z,1032S27405C4b,27405,C4b,0,18000,18101,2026-08-22T05:19:00,17005,18000,E,40.40654,-3.6895106,10,True,5,1
2026-08-22T02:58:58Z,1032S27703C5,27703,C5,0,35012,35002,2026-08-22T05:30:00,35607,35012,E,40.25559,-3.8284667,10,False,1,1
2026-08-22T02:58:58Z,1032S27704C5,27704,C5,0,35607,35606,2026-08-22T05:18:00,35012,35607,E,40.330883,-3.8823783,10,False,2,1
2026-08-22T02:58:58Z,1032S27203C4a,27203,C4a,0,18000,18101,2026-08-22T05:00:00,19003,18000,40.0,40.4108,-3.695904,10,True,6,1
2026-08-22T03:04:01Z,3232S35501C1,35501,C1,0,54501,54503,2026-08-22T05:07:42,54516,54413,E,36.70121,-4.454409,32,False,1,1
2026-08-22T03:04:01Z,5132S77600R4,77600,R4,0,72300,72301,2026-08-22T05:10:40,78700,72209,A,41.38308,2.0479817,50,False,2,2
2026-08-22T03:04:01Z,5132S25400R2,25400,R2,0,71704,71705,2026-08-22T05:07:14,79104,71700,A,41.27877,1.9793723,50,True,2,2
2026-08-22T03:04:01Z,5132S28400R2N,28400,R2N,0,79007,79006,2026-08-22T05:07:05,72400,79100,A,41.533474,2.2177799,50,True,2,
2026-08-22T03:04:01Z,5132S25702R1,25702,R1,1,79412,79410,2026-08-22T05:07:37,72305,79500,A,41.500538,2.3899064,50,True,2,2
2026-08-22T03:04:01Z,5132S28250R2S,28250,R2S,0,71700,71701,2026-08-22T05:20:00,79400,71700,A,41.23921,1.8097008,50,True,-,
2026-08-22T03:04:01Z,5132S77504R4,77504,R4,1,78710,78709,2026-08-22T05:07:40,71600,78700,3.0,41.567463,2.03963,50,False,2,2
2026-08-22T03:04:01Z,5132S28557R2N,28557,R2N,1,79400,71802,2026-08-22T05:08:17,72400,79400,55.0,41.395466,2.1692517,50,True,,
2026-08-22T03:04:01Z,6032S26500C3,26500,C3,2,13120,13119,2026-08-22T05:06:30,13100,13200,E,43.25035,-2.930641,60,False,2,2
2026-08-22T03:04:01Z,6032S29609C1,29609,C1,0,13200,13205,2026-08-22T05:19:00,13405,13200,A,43.256733,-2.9322033,60,False,2,1
2026-08-22T03:04:01Z,6032S29606C1,29606,C1,0,13405,13404,2026-08-22T05:08:00,13200,13405,A,43.3262,-3.023556,60,False,2,2
2026-08-22T03:04:01Z,6032S26501C3,26501,C3,1,13100,13116,2026-08-22T05:07:22,13200,13100,29.0,43.006104,-3.0089047,60,False,,1
2026-08-22T03:04:01Z,6132S32769C1,32769,C1,3,11400,11402,2026-08-22T05:10:45,11508,11400,13.0,43.084595,-2.31161,61,False,,1
2026-08-22T03:04:01Z,2032S22101C1,22101,C1,4,15218,15211,2026-08-22T05:24:00,15410,15218,E,43.3588,-5.8573804,20,False,1,1
2026-08-22T03:04:01Z,1032S27403C4b,27403,C4b,10,17000,17001,2026-08-22T05:18:00,17005,17000,E,40.471325,-3.6833096,10,True,9,1
2026-08-22T03:04:01Z,1032S27702C5,27702,C5,0,18000,18003,2026-08-22T05:31:00,35012,18000,E,40.406326,-3.6896772,10,False,10,2
2026-08-22T03:04:01Z,1032S27203C4a,27203,C4a,1,18002,17000,2026-08-22T05:13:00,19003,18000,A,40.471325,-3.6833096,10,True,6,3
2026-08-22T03:04:01Z,1032S27405C4b,27405,C4b,0,18000,18101,2026-08-22T05:19:00,17005,18000,E,40.40654,-3.6895106,10,True,5,1
2026-08-22T03:04:01Z,1032S27704C5,27704,C5,0,35607,35606,2026-08-22T05:18:00,35012,35607,E,40.330883,-3.8823783,10,False,2,1
2026-08-22T03:04:01Z,1032S27703C5,27703,C5,0,35012,35002,2026-08-22T05:30:00,35607,35012,E,40.25559,-3.8284667,10,False,1,1
2026-08-22T03:04:01Z,1032S79402C2,79402,C2,0,17000,98003,2026-08-22T05:31:00,70200,17000,E,40.47097,-3.68245,10,False,2,2
2026-08-22T03:04:01Z,1032S27409C4b,27409,C4b,0,37012,37011,2026-08-22T05:39:00,17005,37012,E,40.24143,-3.769159,10,True,2,1
2026-08-22T03:04:01Z,1032S19799C1,19799,C1,0,17000,98003,2026-08-22T05:34:00,98305,17000,E,40.47102,-3.6825693,10,False,12,2
2026-08-22T03:04:01Z,1032S27001C3,27001,C3,0,60200,60105,2026-08-22T05:30:00,17000,60200,E,40.035027,-3.6189713,10,True,1,1
2026-08-22T03:04:01Z,1032S79205C7,79205,C7,0,70103,70111,2026-08-22T05:29:00,18000,70103,E,40.4889,-3.3666708,10,False,5,1
2026-08-22T03:04:01Z,1032S27205C4a,27205,C4a,0,37012,37011,2026-08-22T05:09:00,19003,37012,E,40.24143,-3.769159,10,False,1,1
2026-08-22T03:04:01Z,1032S27202C4,27202,C4,0,18000,60100,2026-08-22T05:36:00,37012,18000,E,40.40654,-3.6895106,10,True,7,1
2026-08-22T03:08:28Z,3032S23501C1,23501,C1,0,51003,50703,2026-08-22T05:31:00,50600,51003,A,37.479904,-5.9399505,30,False,8,1
2026-08-22T03:08:28Z,3232S35501C1,35501,C1,-1,54505,54520,2026-08-22T05:14:00,54516,54413,A,36.69222,-4.48376,32,False,1,1
2026-08-22T03:08:28Z,5132S25602R1,25602,R1,0,79500,79412,2026-08-22T05:27:00,72305,79500,A,41.50672,2.4016483,50,False,4,2
2026-08-22T03:08:28Z,5132S28250R2S,28250,R2S,0,71700,71701,2026-08-22T05:20:00,79400,71700,A,41.23921,1.8097008,50,True,-,
2026-08-22T03:08:28Z,5132S28557R2N,28557,R2N,-2,71802,71801,2026-08-22T05:09:57,72400,79400,A,41.37954,2.1411655,50,True,,
2026-08-22T03:08:28Z,5132S77600R4,77600,R4,1,72300,72301,2026-08-22T05:12:05,78700,72209,28.0,41.403076,2.0291386,50,False,,2
2026-08-22T03:08:28Z,5132S25400R2,25400,R2,1,71705,71706,2026-08-22T05:12:06,79104,71700,E,41.27877,1.9793723,50,True,2,
2026-08-22T03:08:28Z,5132S28400R2N,28400,R2N,1,79006,79011,2026-08-22T05:12:17,72400,79100,E,41.533474,2.2177799,50,True,2,
2026-08-22T03:08:28Z,5132S25702R1,25702,R1,3,79412,79410,2026-08-22T05:09:45,72305,79500,36.0,41.504417,2.3974626,50,True,,2
2026-08-22T03:08:28Z,6032S26502C3,26502,C3,0,13200,13120,2026-08-22T05:22:00,13100,13200,A,43.25035,-2.930641,60,True,4,2
2026-08-22T03:08:28Z,6032S26500C3,26500,C3,1,13114,13113,2026-08-22T05:11:16,13100,13200,30.0,43.244415,-2.9081476,60,False,,2
2026-08-22T03:08:28Z,6032S29606C1,29606,C1,0,13404,13403,2026-08-22T05:10:19,13200,13405,8.0,43.32555,-3.0229077,60,False,,2
2026-08-22T03:08:28Z,6032S29609C1,29609,C1,0,13200,13205,2026-08-22T05:19:00,13405,13200,A,43.256733,-2.9322033,60,False,2,1
2026-08-22T03:08:28Z,6032S26501C3,26501,C3,1,13101,13121,2026-08-22T05:09:59,13200,13100,A,43.05786,-2.996093,60,False,1,1
2026-08-22T03:08:28Z,6132S32769C1,32769,C1,0,11402,11404,2026-08-22T05:14:24,11508,11400,E,43.040184,-2.256515,61,False,,1
2026-08-22T03:08:28Z,2032S22101C1,22101,C1,9,15218,15211,2026-08-22T05:29:00,15410,15218,E,43.3588,-5.8573804,20,False,1,1
2026-08-22T03:08:28Z,1032S27704C5,27704,C5,0,35607,35606,2026-08-22T05:18:00,35012,35607,E,40.330883,-3.8823783,10,False,2,1
2026-08-22T03:08:28Z,1032S27702C5,27702,C5,0,18000,18003,2026-08-22T05:31:00,35012,18000,E,40.406326,-3.6896772,10,False,10,2
2026-08-22T03:08:28Z,1032S27405C4b,27405,C4b,0,18000,18101,2026-08-22T05:19:00,17005,18000,E,40.40654,-3.6895106,10,True,5,1
2026-08-22T03:08:28Z,1032S27703C5,27703,C5,0,35012,35002,2026-08-22T05:30:00,35607,35012,E,40.25559,-3.8284667,10,False,1,1
2026-08-22T03:08:28Z,1032S79402C2,79402,C2,0,17000,98003,2026-08-22T05:31:00,70200,17000,E,40.47097,-3.68245,10,False,2,2
2026-08-22T03:08:28Z,1032S27001C3,27001,C3,0,60200,60105,2026-08-22T05:30:00,17000,60200,E,40.035027,-3.6189713,10,True,1,1
2026-08-22T03:08:28Z,1032S27403C4b,27403,C4b,4,17000,17001,2026-08-22T05:12:00,17005,17000,12.0,40.47501,-3.6817968,10,True,9,1
2026-08-22T03:08:28Z,1032S79505C2,79505,C2,0,70200,70105,2026-08-22T05:43:00,17000,70200,E,40.644257,-3.1823237,10,True,1,1
2026-08-22T03:08:28Z,1032S79205C7,79205,C7,0,70103,70111,2026-08-22T05:29:00,18000,70103,E,40.4889,-3.3666708,10,False,5,1
2026-08-22T03:08:28Z,1032S27206C4,27206,C4,0,17000,18002,2026-08-22T05:39:00,37012,17000,E,40.471325,-3.6833096,10,True,2,8
2026-08-22T03:08:28Z,1032S27203C4a,27203,C4a,0,17000,17001,2026-08-22T05:16:00,19003,18000,A,40.501648,-3.6821797,10,True,4,1
2026-08-22T03:08:28Z,1032S27202C4,27202,C4,0,18000,60100,2026-08-22T05:36:00,37012,18000,E,40.40654,-3.6895106,10,True,7,1
2026-08-22T03:08:28Z,1032S27706C5,27706,C5,0,35607,35606,2026-08-22T05:38:00,35012,35607,E,40.330883,-3.8823783,10,False,2,1
2026-08-22T03:08:28Z,1032S27204C4,27204,C4,0,18000,60100,2026-08-22T05:45:00,37012,18000,E,40.40654,-3.6895106,10,False,7,1
2026-08-22T03:08:28Z,1032S27409C4b,27409,C4b,0,37012,37011,2026-08-22T05:39:00,17005,37012,E,40.24143,-3.769159,10,True,2,1
2026-08-22T03:08:28Z,1032S19799C1,19799,C1,0,17000,98003,2026-08-22T05:34:00,98305,17000,E,40.47102,-3.6825693,10,False,12,2
2026-08-22T03:08:28Z,1032S27205C4a,27205,C4a,5,37012,37011,2026-08-22T05:14:00,19003,37012,8.0,40.247055,-3.766885,10,False,1,1
2026-08-22T03:13:35Z,3032S23501C1,23501,C1,0,51003,50703,2026-08-22T05:31:00,50600,51003,A,37.479904,-5.9399505,30,False,8,1
2026-08-22T03:13:35Z,3232S35501C1,35501,C1,1,54505,54520,2026-08-22T05:15:44,54516,54413,25.0,36.674057,-4.4831944,32,False,,1
2026-08-22T03:13:35Z,5132S28557R2N,28557,R2N,0,71801,71708,2026-08-22T05:19:04,72400,79400,E,41.37954,2.1411655,50,True,,
2026-08-22T03:13:35Z,5132S77600R4,77600,R4,2,72301,72302,2026-08-22T05:16:48,78700,72209,E,41.38308,2.0479817,50,False,,2
2026-08-22T03:13:35Z,5132S25400R2,25400,R2,0,71709,71707,2026-08-22T05:17:49,79104,71700,A,41.330997,2.0893226,50,True,2,4
2026-08-22T03:13:35Z,5132S25702R1,25702,R1,2,79409,79408,2026-08-22T05:16:14,72305,79500,E,41.487606,2.3548977,50,True,2,
2026-08-22T03:13:35Z,5132S77504R4,77504,R4,1,78703,78705,2026-08-22T05:16:30,71600,78700,A,41.513508,2.1183457,50,False,2,2
2026-08-22T03:13:35Z,5132S28400R2N,28400,R2N,2,79011,79005,2026-08-22T05:16:20,72400,79100,5.0,41.510387,2.199821,50,True,2,
2026-08-22T03:13:35Z,6032S26502C3,26502,C3,0,13200,13120,2026-08-22T05:22:00,13100,13200,A,43.25035,-2.930641,60,True,4,2
2026-08-22T03:13:35Z,6032S29606C1,29606,C1,1,13401,13400,2026-08-22T05:15:51,13200,13405,E,43.308567,-2.9939837,60,False,2,2
2026-08-22T03:13:35Z,6032S26501C3,26501,C3,0,13102,13103,2026-08-22T05:14:11,13200,13100,E,43.07418,-2.9994733,60,False,,1
2026-08-22T03:13:35Z,6032S26500C3,26500,C3,3,13113,13118,2026-08-22T05:16:30,13100,13200,24.0,43.233932,-2.890314,60,False,,2
2026-08-22T03:13:35Z,6032S29504C2,29504,C2,0,13506,13505,2026-08-22T05:28:00,13200,13506,A,43.315636,-3.0911126,60,False,1,1
2026-08-22T03:13:35Z,6032S29609C1,29609,C1,0,13200,13205,2026-08-22T05:19:00,13405,13200,A,43.256733,-2.9322033,60,False,2,1
2026-08-22T03:13:35Z,6132S32769C1,32769,C1,0,11404,11405,2026-08-22T05:16:34,11508,11400,A,43.052605,-2.1791906,61,False,1,1
2026-08-22T03:13:35Z,2032S22101C1,22101,C1,14,15218,15211,2026-08-22T05:34:00,15410,15218,E,43.3588,-5.8573804,20,False,1,1
2026-08-22T03:13:35Z,4132S84703C1,84703,C1,0,60911,62109,2026-08-22T05:50:00,62101,60911,E,38.34553,-0.49576503,41,False,1,1
2026-08-22T03:13:35Z,1032S27403C4b,27403,C4b,0,17009,17003,2026-08-22T05:16:00,17005,17000,A,40.558834,-3.7141593,10,True,1,1
2026-08-22T03:13:35Z,1032S27702C5,27702,C5,0,18000,18003,2026-08-22T05:31:00,35012,18000,E,40.406326,-3.6896772,10,False,10,2
2026-08-22T03:13:35Z,1032S27206C4,27206,C4,0,17000,18002,2026-08-22T05:39:00,37012,17000,E,40.471325,-3.6833096,10,True,2,8
2026-08-22T03:13:35Z,1032S27405C4b,27405,C4b,0,18000,18101,2026-08-22T05:19:00,17005,18000,E,40.40654,-3.6895106,10,True,5,1
2026-08-22T03:13:35Z,1032S27703C5,27703,C5,0,35012,35002,2026-08-22T05:30:00,35607,35012,E,40.25559,-3.8284667,10,False,1,1
2026-08-22T03:13:35Z,1032S27407C4b,27407,C4b,0,18000,18101,2026-08-22T05:43:00,17005,18000,E,40.40654,-3.6895106,10,True,5,1
2026-08-22T03:13:35Z,1032S27704C5,27704,C5,0,35607,35606,2026-08-22T05:18:00,35012,35607,E,40.330883,-3.8823783,10,False,2,1
2026-08-22T03:13:35Z,1032S79402C2,79402,C2,0,17000,98003,2026-08-22T05:31:00,70200,17000,E,40.47097,-3.68245,10,False,2,2
2026-08-22T03:13:35Z,1032S27001C3,27001,C3,0,60200,60105,2026-08-22T05:30:00,17000,60200,E,40.035027,-3.6189713,10,True,1,1
2026-08-22T03:13:35Z,1032S79505C2,79505,C2,0,70200,70105,2026-08-22T05:43:00,17000,70200,E,40.644257,-3.1823237,10,True,1,1
2026-08-22T03:13:35Z,1032S79205C7,79205,C7,0,70103,70111,2026-08-22T05:29:00,18000,70103,E,40.4889,-3.3666708,10,False,5,1
2026-08-22T03:13:35Z,1032S27203C4a,27203,C4a,1,17000,17001,2026-08-22T05:17:00,19003,18000,12.0,40.47501,-3.6817968,10,True,2,1
2026-08-22T03:13:35Z,1032S27202C4,27202,C4,0,18000,60100,2026-08-22T05:36:00,37012,18000,E,40.40654,-3.6895106,10,True,7,1
2026-08-22T03:13:35Z,1032S27204C4,27204,C4,0,18000,60100,2026-08-22T05:45:00,37012,18000,E,40.40654,-3.6895106,10,False,7,1
2026-08-22T03:13:35Z,1032S27706C5,27706,C5,0,35607,35606,2026-08-22T05:38:00,35012,35607,E,40.330883,-3.8823783,10,False,2,1
2026-08-22T03:13:35Z,1032S27209C4a,27209,C4a,0,37012,37011,2026-08-22T05:49:00,19003,37012,E,40.24143,-3.769159,10,False,1,1
2026-08-22T03:13:35Z,1032S27409C4b,27409,C4b,0,37012,37011,2026-08-22T05:39:00,17005,37012,E,40.24143,-3.769159,10,True,2,1
2026-08-22T03:13:35Z,1032S19799C1,19799,C1,0,17000,98003,2026-08-22T05:34:00,98305,17000,E,40.47102,-3.6825693,10,False,12,2
2026-08-22T03:13:35Z,1032S27205C4a,27205,C4a,4,37011,37002,2026-08-22T05:16:00,19003,37012,16.0,40.29186,-3.7369535,10,False,1,1
2026-08-22T03:19:08Z,3032S23501C1,23501,C1,0,51003,50703,2026-08-22T05:31:00,50600,51003,A,37.479904,-5.9399505,30,False,8,1
2026-08-22T03:19:08Z,3232S35501C1,35501,C1,0,54508,54509,2026-08-22T05:21:48,54516,54413,33.0,36.63652,-4.4979877,32,False,,1
2026-08-22T03:19:08Z,4032S80015C3,80015,C3,0,66200,66201,2026-08-22T05:41:00,66206,66200,,39.570892,-1.2023381,40,False,2,1
2026-08-22T03:19:08Z,5132S28557R2N,28557,R2N,-1,71708,71707,2026-08-22T05:22:32,72400,79400,E,41.35488,2.1156967,50,True,,
2026-08-22T03:19:08Z,5132S25400R2,25400,R2,1,71707,71708,2026-08-22T05:23:52,79104,71700,E,41.330997,2.0893226,50,True,4,
2026-08-22T03:19:08Z,5132S28250R2S,28250,R2S,2,71700,71701,2026-08-22T05:22:00,79400,71700,52.0,41.22332,1.773633,50,True,,
2026-08-22T03:19:08Z,5132S25702R1,25702,R1,1,79406,79405,2026-08-22T05:21:33,72305,79500,A,41.46291,2.2722147,50,True,2,2
2026-08-22T03:19:08Z,5132S28400R2N,28400,R2N,3,79004,79009,2026-08-22T05:28:03,72400,79100,A,41.409042,2.1873875,50,True,2,1
2026-08-22T03:19:08Z,5132S77504R4,77504,R4,2,78705,78706,2026-08-22T05:22:03,71600,78700,27.0,41.507957,2.1263013,50,False,,2
2026-08-22T03:19:08Z,5132S28402R2N,28402,R2N,0,79100,79007,2026-08-22T05:34:00,72400,79100,A,41.54973,2.2454193,50,True,3,
2026-08-22T03:19:08Z,6032S26501C3,26501,C3,1,13104,13106,2026-08-22T05:24:08,13200,13100,A,43.14222,-2.960543,60,False,1,1
2026-08-22T03:19:08Z,6032S26502C3,26502,C3,0,13200,13120,2026-08-22T05:22:00,13100,13200,A,43.25035,-2.930641,60,True,4,2
2026-08-22T03:19:08Z,6032S29606C1,29606,C1,1,13305,13304,2026-08-22T05:20:37,13200,13405,E,43.2878,-2.975288,60,False,,2
2026-08-22T03:19:08Z,6032S26503C3,26503,C3,0,13100,13116,2026-08-22T05:36:00,13200,13100,A,43.035866,-3.0039182,60,True,2,1
2026-08-22T03:19:08Z,6032S29504C2,29504,C2,0,13506,13505,2026-08-22T05:28:00,13200,13506,A,43.315636,-3.0911126,60,False,1,1
2026-08-22T03:19:08Z,6032S26500C3,26500,C3,1,13111,13110,2026-08-22T05:24:53,13100,13200,4.0,43.210075,-2.888758,60,False,,2
2026-08-22T03:19:08Z,2032S22200C2,22200,C2,0,15211,15218,2026-08-22T05:47:00,16011,15211,E,43.366478,-5.855087,20,False,2,2
2026-08-22T03:19:08Z,2032S22101C1,22101,C1,0,15211,15217,2026-08-22T05:23:00,15410,15218,E,43.36655,-5.854991,20,False,1,1
2026-08-22T03:19:08Z,4132S84703C1,84703,C1,0,60911,62109,2026-08-22T05:50:00,62101,60911,E,38.34553,-0.49576503,41,False,1,1
2026-08-22T03:19:08Z,1032S27203C4a,27203,C4a,0,17009,19001,2026-08-22T05:24:00,19003,18000,A,40.55402,-3.6837044,10,True,1,1
2026-08-22T03:19:08Z,1032S27204C4,27204,C4,0,18000,60100,2026-08-22T05:45:00,37012,18000,E,40.40654,-3.6895106,10,False,7,1
2026-08-22T03:19:08Z,1032S27209C4a,27209,C4a,0,37012,37011,2026-08-22T05:49:00,19003,37012,E,40.24143,-3.769159,10,False,1,1
2026-08-22T03:19:08Z,1032S27407C4b,27407,C4b,0,18000,18101,2026-08-22T05:43:00,17005,18000,E,40.40654,-3.6895106,10,True,5,1
2026-08-22T03:19:08Z,1032S27704C5,27704,C5,2,35606,35610,2026-08-22T05:23:00,35012,35607,A,40.34195,-3.8423326,10,False,1,1
2026-08-22T03:19:08Z,1032S27702C5,27702,C5,0,18000,18003,2026-08-22T05:31:00,35012,18000,E,40.406326,-3.6896772,10,False,10,2
2026-08-22T03:19:08Z,1032S27706C5,27706,C5,0,35607,35606,2026-08-22T05:38:00,35012,35607,E,40.330883,-3.8823783,10,False,2,1
2026-08-22T03:19:08Z,1032S27405C4b,27405,C4b,2,18000,18101,2026-08-22T05:21:00,17005,18000,7.0,40.4108,-3.695904,10,True,7,1
2026-08-22T03:19:08Z,1032S27409C4b,27409,C4b,0,37012,37011,2026-08-22T05:39:00,17005,37012,E,40.24143,-3.769159,10,True,2,1
2026-08-22T03:19:08Z,1032S19799C1,19799,C1,0,17000,98003,2026-08-22T05:34:00,98305,17000,E,40.47102,-3.6825693,10,False,12,2
2026-08-22T03:19:08Z,1032S27901C5,27901,C5,0,35002,35010,2026-08-22T05:46:00,35607,35002,E,40.283237,-3.7991464,10,False,1,1
2026-08-22T03:19:08Z,1032S27703C5,27703,C5,0,35012,35002,2026-08-22T05:30:00,35607,35012,E,40.25559,-3.8284667,10,False,1,1
2026-08-22T03:19:08Z,1032S27205C4a,27205,C4a,1,37001,60100,2026-08-22T05:23:00,19003,37012,A,40.352676,-3.684073,10,False,1,2
2026-08-22T03:19:08Z,1032S27403C4b,27403,C4b,3,17003,17004,2026-08-22T05:23:00,17005,17000,A,40.59852,-3.7158544,10,False,1,2
2026-08-22T03:19:08Z,1032S27206C4,27206,C4,0,17000,18002,2026-08-22T05:39:00,37012,17000,E,40.471325,-3.6833096,10,True,2,8
2026-08-22T03:19:08Z,1032S27202C4,27202,C4,0,18000,60100,2026-08-22T05:36:00,37012,18000,E,40.40654,-3.6895106,10,True,7,1
2026-08-22T03:19:08Z,1032S79402C2,79402,C2,0,17000,98003,2026-08-22T05:31:00,70200,17000,E,40.47097,-3.68245,10,False,2,2
2026-08-22T03:19:08Z,1032S27210C4a,27210,C4a,0,19003,19002,2026-08-22T05:49:00,37012,19003,E,40.546417,-3.6351175,10,True,2,2
2026-08-22T03:19:08Z,1032S27001C3,27001,C3,0,60200,60105,2026-08-22T05:30:00,17000,60200,E,40.035027,-3.6189713,10,True,1,1
2026-08-22T03:19:08Z,1032S79505C2,79505,C2,0,70200,70105,2026-08-22T05:43:00,17000,70200,E,40.644257,-3.1823237,10,True,1,1
2026-08-22T03:19:08Z,1032S27000C3,27000,C3,3,18002,18101,2026-08-22T05:23:00,60200,17000,3.0,40.44004,-3.6926951,10,True,8,2
2026-08-22T03:19:08Z,1032S79808C8a,79808,C8a,0,10203,10202,2026-08-22T05:53:00,17000,10203,E,40.58532,-4.1321955,10,False,3,2
2026-08-22T03:19:08Z,1032S79202C7,79202,C7,0,18000,70002,2026-08-22T05:52:00,70103,18000,E,40.40667,-3.6893938,10,False,3,2
2026-08-22T03:19:08Z,1032S79205C7,79205,C7,0,70103,70111,2026-08-22T05:29:00,18000,70103,E,40.4889,-3.3666708,10,False,5,1
2026-08-22T03:23:42Z,3032S23501C1,23501,C1,3,51003,50703,2026-08-22T05:33:39,50600,51003,7.0,37.397022,-5.968879,30,False,,1
2026-08-22T03:23:42Z,3232S35501C1,35501,C1,0,54509,54519,2026-08-22T05:25:19,54516,54413,8.0,36.622364,-4.49936,32,False,,1
2026-08-22T03:23:42Z,4032S80015C3,80015,C3,0,66200,66201,2026-08-22T05:41:00,66206,66200,,39.570892,-1.2023381,40,False,2,1
2026-08-22T03:23:42Z,4032S24001C2,24001,C2,0,65000,64203,2026-08-22T05:43:00,64006,65000,,39.466305,-0.37739235,40,False,,1
2026-08-22T03:23:42Z,4032S24103C2,24103,C2,0,64100,64006,2026-08-22T05:42:00,64003,64100,,38.992313,-0.5246103,40,False,,
2026-08-22T03:23:42Z,5132S77504R4,77504,R4,2,78707,78708,2026-08-22T05:27:41,71600,78700,A,41.48388,2.1847994,50,False,2,2
2026-08-22T03:23:42Z,5132S77600R4,77600,R4,4,72305,71801,2026-08-22T05:30:31,78700,72209,A,41.379536,2.1411612,50,False,1,
2026-08-22T03:23:42Z,5132S28402R2N,28402,R2N,0,79100,79007,2026-08-22T05:34:00,72400,79100,A,41.54973,2.2454193,50,True,3,
2026-08-22T03:23:42Z,5132S28557R2N,28557,R2N,0,71707,72400,2026-08-22T05:29:50,72400,79400,A,41.30425,2.0733776,50,True,,1
2026-08-22T03:23:42Z,5132S15000R15,15000,R15,0,71400,71401,2026-08-22T05:45:00,79400,71400,A,41.160637,1.1000068,50,False,,
2026-08-22T03:23:42Z,5132S25400R2,25400,R2,1,71708,71801,2026-08-22T05:29:43,79104,71700,A,41.37951,2.1412168,50,True,2,
2026-08-22T03:23:42Z,5132S28264R2S,28264,R2S,0,71700,71701,2026-08-22T05:43:00,79400,71700,A,41.23921,1.8097008,50,False,-,
2026-08-22T03:23:42Z,5132S28400R2N,28400,R2N,3,79004,79009,2026-08-22T05:28:07,72400,79100,E,41.43613,2.1936417,50,True,2,1
2026-08-22T03:23:42Z,5132S28250R2S,28250,R2S,3,71701,71703,2026-08-22T05:31:39,79400,71700,E,41.23921,1.8097008,50,True,2,
2026-08-22T03:23:42Z,5132S25702R1,25702,R1,2,79405,79404,2026-08-22T05:25:06,72305,79500,19.0,41.460136,2.2674747,50,True,2,2
2026-08-22T03:23:42Z,6032S26501C3,26501,C3,-1,13106,13107,2026-08-22T05:26:22,13200,13100,E,43.14222,-2.960543,60,False,,1
2026-08-22T03:23:42Z,6032S26500C3,26500,C3,0,13110,13115,2026-08-22T05:24:42,13100,13200,E,43.17912,-2.9028738,60,False,2,2
2026-08-22T03:23:42Z,6032S29504C2,29504,C2,0,13506,13505,2026-08-22T05:28:00,13200,13506,A,43.315636,-3.0911126,60,False,1,1
2026-08-22T03:23:42Z,6032S26502C3,26502,C3,-1,13119,13114,2026-08-22T05:25:24,13100,13200,A,43.24241,-2.9163692,60,True,,2
2026-08-22T03:23:42Z,6032S29609C1,29609,C1,2,13207,13208,2026-08-22T05:24:50,13405,13200,E,43.25448,-2.9437528,60,False,1,1
2026-08-22T03:23:42Z,6032S29606C1,29606,C1,1,13303,13208,2026-08-22T05:23:59,13200,13405,E,43.26418,-2.9553094,60,False,,2
2026-08-22T03:23:42Z,6032S26503C3,26503,C3,0,13100,13116,2026-08-22T05:36:00,13200,13100,A,43.035866,-3.0039182,60,True,2,1
2026-08-22T03:23:42Z,6132S35680C1,35680,C1,-7,11508,11507,2026-08-22T05:40:00,11305,11508,A,43.266514,-1.9726831,61,False,2,2
2026-08-22T03:23:42Z,6132S32769C1,32769,C1,-1,11408,11409,2026-08-22T05:25:22,11508,11400,E,43.093952,-2.1255136,61,False,,1
2026-08-22T03:23:42Z,2032S22200C2,22200,C2,0,15211,15218,2026-08-22T05:47:00,16011,15211,E,43.366478,-5.855087,20,False,2,2
2026-08-22T03:23:42Z,2032S22101C1,22101,C1,0,15217,15212,2026-08-22T05:26:00,15410,15218,A,43.404537,-5.81196,20,False,1,1
2026-08-22T03:23:42Z,4132S84703C1,84703,C1,0,60911,62109,2026-08-22T05:50:00,62101,60911,E,38.34553,-0.49576503,41,False,1,1
2026-08-22T03:23:42Z,1032S27203C4a,27203,C4a,0,19001,19002,2026-08-22T05:27:00,19003,18000,A,40.54745,-3.6543186,10,True,1,1
2026-08-22T03:23:42Z,1032S27901C5,27901,C5,0,35002,35010,2026-08-22T05:46:00,35607,35002,E,40.283237,-3.7991464,10,False,1,1
2026-08-22T03:23:42Z,1032S27703C5,27703,C5,0,35012,35002,2026-08-22T05:30:00,35607,35012,E,40.25559,-3.8284667,10,False,1,1
2026-08-22T03:23:42Z,1032S27204C4,27204,C4,0,18000,60100,2026-08-22T05:45:00,37012,18000,E,40.40654,-3.6895106,10,False,7,1
2026-08-22T03:23:42Z,1032S27209C4a,27209,C4a,0,37012,37011,2026-08-22T05:49:00,19003,37012,E,40.24143,-3.769159,10,False,1,1
2026-08-22T03:23:42Z,1032S27000C3,27000,C3,1,18000,60100,2026-08-22T05:34:00,60200,17000,A,40.352676,-3.6839325,10,True,6,3
2026-08-22T03:23:42Z,1032S27407C4b,27407,C4b,0,18000,18101,2026-08-22T05:43:00,17005,18000,E,40.40654,-3.6895106,10,True,5,1
2026-08-22T03:23:42Z,1032S27003C3,27003,C3,0,60200,60105,2026-08-22T06:00:00,17000,60200,E,40.035027,-3.6189713,10,True,1,1
2026-08-22T03:23:42Z,1032S27202C4,27202,C4,0,18000,60100,2026-08-22T05:36:00,37012,18000,E,40.40654,-3.6895106,10,True,7,1
2026-08-22T03:23:42Z,1032S27704C5,27704,C5,1,35605,35604,2026-08-22T05:27:00,35012,35607,A,40.356674,-3.8156087,10,False,1,1
2026-08-22T03:23:42Z,1032S27207C4a,27207,C4a,0,18000,18101,2026-08-22T05:53:00,19003,18000,E,40.40654,-3.6895106,10,False,6,1
2026-08-22T03:23:42Z,1032S27702C5,27702,C5,0,18000,18003,2026-08-22T05:31:00,35012,18000,E,40.406326,-3.6896772,10,False,10,2
2026-08-22T03:23:42Z,1032S27405C4b,27405,C4b,0,18002,17000,2026-08-22T05:31:00,17005,18000,A,40.471325,-3.6833096,10,True,6,5
2026-08-22T03:23:42Z,1032S27708C5,27708,C5,0,35607,35606,2026-08-22T05:53:00,35012,35607,E,40.330883,-3.8823783,10,False,2,1
2026-08-22T03:23:42Z,1032S27706C5,27706,C5,0,35607,35606,2026-08-22T05:38:00,35012,35607,E,40.330883,-3.8823783,10,False,2,1
2026-08-22T03:23:42Z,1032S27409C4b,27409,C4b,0,37012,37011,2026-08-22T05:39:00,17005,37012,E,40.24143,-3.769159,10,True,2,1
2026-08-22T03:23:42Z,1032S27205C4a,27205,C4a,5,37001,60100,2026-08-22T05:27:00,19003,37012,E,40.34132,-3.7123663,10,False,1,2
2026-08-22T03:23:42Z,1032S27403C4b,27403,C4b,3,17004,17005,2026-08-22T05:32:00,17005,17000,A,40.644844,-3.7762609,10,False,2,3
2026-08-22T03:23:42Z,1032S27001C3,27001,C3,2,60200,60105,2026-08-22T05:32:00,17000,60200,5.0,40.04144,-3.6209624,10,True,5,1
2026-08-22T03:23:42Z,1032S27404C4b,27404,C4b,0,17005,17004,2026-08-22T05:59:00,37012,17005,E,40.644844,-3.7762609,10,True,3,3
2026-08-22T03:23:42Z,1032S19800C1,19800,C1,0,17000,98003,2026-08-22T05:54:00,98305,17000,E,40.47102,-3.6825693,10,False,12,2
2026-08-22T03:23:42Z,1032S79402C2,79402,C2,0,17000,98003,2026-08-22T05:31:00,70200,17000,E,40.47097,-3.68245,10,False,2,2
2026-08-22T03:23:42Z,1032S27206C4,27206,C4,0,17000,18002,2026-08-22T05:39:00,37012,17000,E,40.471325,-3.6833096,10,True,2,8
2026-08-22T03:23:42Z,1032S27210C4a,27210,C4a,0,19003,19002,2026-08-22T05:49:00,37012,19003,E,40.546417,-3.6351175,10,True,2,2
2026-08-22T03:23:42Z,1032S19799C1,19799,C1,0,17000,98003,2026-08-22T05:34:00,98305,17000,E,40.47102,-3.6825693,10,False,12,2
2026-08-22T03:23:42Z,1032S79202C7,79202,C7,0,18000,70002,2026-08-22T05:52:00,70103,18000,E,40.40667,-3.6893938,10,False,3,2
2026-08-22T03:23:42Z,1032S79505C2,79505,C2,0,70200,70105,2026-08-22T05:43:00,17000,70200,E,40.644257,-3.1823237,10,True,1,1
2026-08-22T03:23:42Z,1032S79205C7,79205,C7,0,70103,70111,2026-08-22T05:29:00,18000,70103,E,40.4889,-3.3666708,10,False,5,1
2026-08-22T03:23:42Z,1032S27411C4b,27411,C4b,0,37012,37011,2026-08-22T05:59:00,17005,37012,E,40.24143,-3.769159,10,True,2,1
2026-08-22T03:23:42Z,1032S79808C8a,79808,C8a,0,10203,10202,2026-08-22T05:53:00,17000,10203,E,40.58532,-4.1321955,10,False,3,2
2026-08-22T03:28:29Z,3032S23501C1,23501,C1,3,51003,50703,2026-08-22T05:33:39,50600,51003,52.0,37.437706,-5.9569125,30,False,,1
2026-08-22T03:28:29Z,3232S35501C1,35501,C1,-1,54511,54512,2026-08-22T05:34:46,54516,54413,A,36.582317,-4.5670233,32,False,2,1
2026-08-22T03:28:29Z,3232S23303C1,23303,C1,-1,54503,54505,2026-08-22T05:30:17,54516,54517,E,36.69222,-4.48376,32,False,,1
2026-08-22T03:28:29Z,4032S80015C3,80015,C3,0,66200,66201,2026-08-22T05:41:00,66206,66200,,39.570892,-1.2023381,40,False,2,1
2026-08-22T03:28:29Z,4032S24001C2,24001,C2,0,65000,64203,2026-08-22T05:43:00,64006,65000,,39.466305,-0.37739235,40,False,,1
2026-08-22T03:28:29Z,4032S24103C2,24103,C2,0,64100,64006,2026-08-22T05:42:00,64003,64100,A,38.96917,-0.5866923,40,False,1,
2026-08-22T03:28:29Z,5132S25604R1,25604,R1,1,79602,79601,2026-08-22T05:33:52,72305,79603,A,41.586533,2.5813315,50,False,1,
2026-08-22T03:28:29Z,5132S25702R1,25702,R1,1,79403,79009,2026-08-22T05:36:52,72305,79500,E,41.42436,2.2305613,50,True,,3
2026-08-22T03:28:29Z,5132S28264R2S,28264,R2S,0,71700,71701,2026-08-22T05:43:00,79400,71700,A,41.23921,1.8097008,50,False,-,
2026-08-22T03:28:29Z,5132S28556R2N,28556,R2N,0,72400,71707,2026-08-22T05:46:00,79400,72400,A,41.3306,2.0894625,50,True,1,4
2026-08-22T03:28:29Z,5132S28557R2N,28557,R2N,2,71707,72400,2026-08-22T05:32:00,72400,79400,41.0,41.321144,2.0618052,50,True,,1
2026-08-22T03:28:29Z,5132S25602R1,25602,R1,2,79412,79410,2026-08-22T05:31:14,72305,79500,A,41.500538,2.3899064,50,False,2,2
2026-08-22T03:28:29Z,5132S15000R15,15000,R15,0,71400,71401,2026-08-22T05:45:00,79400,71400,,41.160637,1.1000068,50,False,,
2026-08-22T03:28:29Z,5132S25400R2,25400,R2,0,71801,71802,2026-08-22T05:33:43,79104,71700,A,41.392376,2.1651204,50,True,13,
2026-08-22T03:28:29Z,5132S77504R4,77504,R4,2,78707,78708,2026-08-22T05:28:09,71600,78700,S,41.481228,2.1669743,50,False,,2
2026-08-22T03:28:29Z,5132S28250R2S,28250,R2S,0,71703,71704,2026-08-22T05:34:27,79400,71700,A,41.26706,1.9571267,50,True,2,
2026-08-22T03:28:29Z,5132S28400R2N,28400,R2N,2,79009,71802,2026-08-22T05:33:29,72400,79100,E,41.409042,2.1873875,50,True,1,
2026-08-22T03:28:29Z,5132S77600R4,77600,R4,3,71801,78805,2026-08-22T05:34:46,78700,72209,A,41.387875,2.1697214,50,False,9,1
2026-08-22T03:28:29Z,6032S26501C3,26501,C3,-1,13117,13108,2026-08-22T05:30:36,13200,13100,E,43.153534,-2.9381597,60,False,,1
2026-08-22T03:28:29Z,6032S29504C2,29504,C2,1,13505,13508,2026-08-22T05:31:30,13200,13506,E,43.315636,-3.0911126,60,False,1,1
2026-08-22T03:28:29Z,6032S29609C1,29609,C1,2,13304,13305,2026-08-22T05:30:19,13405,13200,E,43.27778,-2.972136,60,False,1,1
2026-08-22T03:28:29Z,6032S26502C3,26502,C3,1,13114,13113,2026-08-22T05:30:51,13100,13200,40.0,43.244354,-2.905135,60,True,,2
2026-08-22T03:28:29Z,6032S29606C1,29606,C1,3,13206,13205,2026-08-22T05:29:37,13200,13405,42.0,43.25408,-2.9385254,60,False,,2
2026-08-22T03:28:29Z,6032S26503C3,26503,C3,0,13100,13116,2026-08-22T05:36:00,13200,13100,A,43.035866,-3.0039182,60,True,2,1
2026-08-22T03:28:29Z,6132S35680C1,35680,C1,-7,11508,11507,2026-08-22T05:40:00,11305,11508,A,43.266514,-1.9726831,61,False,2,2
2026-08-22T03:28:29Z,6132S32769C1,32769,C1,0,11409,11500,2026-08-22T05:34:37,11508,11400,E,43.10187,-2.0972357,61,False,,1
2026-08-22T03:28:29Z,2032S22200C2,22200,C2,0,15211,15218,2026-08-22T05:47:00,16011,15211,E,43.366478,-5.855087,20,False,2,2
2026-08-22T03:28:29Z,2032S22101C1,22101,C1,2,15212,15300,2026-08-22T05:32:00,15410,15218,E,43.404537,-5.81196,20,False,1,3
2026-08-22T03:28:29Z,4132S84703C1,84703,C1,0,60911,62109,2026-08-22T05:50:00,62101,60911,E,38.34553,-0.49576503,41,False,1,1
2026-08-22T03:28:29Z,1032S27402C4,27402,C4,0,17000,18002,2026-08-22T06:01:00,37012,17000,E,40.471325,-3.6833096,10,True,2,8
2026-08-22T03:28:29Z,1032S27901C5,27901,C5,0,35002,35010,2026-08-22T05:46:00,35607,35002,E,40.283237,-3.7991464,10,False,1,1
2026-08-22T03:28:29Z,1032S27703C5,27703,C5,1,35002,35010,2026-08-22T05:32:00,35607,35012,A,40.29673,-3.7924793,10,False,3,1
2026-08-22T03:28:29Z,1032S27204C4,27204,C4,5,18000,60100,2026-08-22T05:50:00,37012,18000,E,40.40654,-3.6895106,10,False,7,1
2026-08-22T03:28:29Z,1032S27209C4a,27209,C4a,0,37012,37011,2026-08-22T05:49:00,19003,37012,E,40.24143,-3.769159,10,False,1,1
2026-08-22T03:28:29Z,1032S27407C4b,27407,C4b,0,18000,18101,2026-08-22T05:43:00,17005,18000,E,40.40654,-3.6895106,10,True,5,1
2026-08-22T03:28:29Z,1032S27704C5,27704,C5,0,35603,35602,2026-08-22T05:31:00,35012,35607,A,40.381268,-3.7802126,10,False,1,1
2026-08-22T03:28:29Z,1032S27705C5,27705,C5,0,35012,35002,2026-08-22T06:00:00,35607,35012,E,40.25559,-3.8284667,10,False,1,1
2026-08-22T03:28:29Z,1032S27207C4a,27207,C4a,0,18000,18101,2026-08-22T05:53:00,19003,18000,E,40.40654,-3.6895106,10,False,6,1
2026-08-22T03:28:29Z,1032S27702C5,27702,C5,0,18000,18003,2026-08-22T05:31:00,35012,18000,E,40.406326,-3.6896772,10,False,10,2
2026-08-22T03:28:29Z,1032S27405C4b,27405,C4b,1,17000,17001,2026-08-22T05:36:00,17005,18000,A,40.501648,-3.6821797,10,True,4,1
2026-08-22T03:28:29Z,1032S27708C5,27708,C5,0,35607,35606,2026-08-22T05:53:00,35012,35607,E,40.330883,-3.8823783,10,False,2,1
2026-08-22T03:28:29Z,1032S27706C5,27706,C5,0,35607,35606,2026-08-22T05:38:00,35012,35607,E,40.330883,-3.8823783,10,False,2,1
2026-08-22T03:28:29Z,1032S27000C3,27000,C3,2,18000,60100,2026-08-22T05:35:00,60200,17000,6.0,40.403786,-3.686415,10,True,6,3
2026-08-22T03:28:29Z,1032S27409C4b,27409,C4b,1,37012,37011,2026-08-22T05:40:00,17005,37012,E,40.24143,-3.769159,10,False,1,1
2026-08-22T03:28:29Z,1032S27003C3,27003,C3,0,60200,60105,2026-08-22T06:00:00,17000,60200,E,40.035027,-3.6189713,10,True,1,1
2026-08-22T03:28:29Z,1032S27205C4a,27205,C4a,6,60100,18000,2026-08-22T05:38:00,19003,37012,E,40.352676,-3.684073,10,False,2,6
2026-08-22T03:28:29Z,1032S27202C4,27202,C4,0,18000,60100,2026-08-22T05:36:00,37012,18000,E,40.40654,-3.6895106,10,True,7,1
2026-08-22T03:28:29Z,1032S27002C3,27002,C3,0,17000,18002,2026-08-22T05:58:00,60200,17000,E,40.471382,-3.6834786,10,True,2,8
2026-08-22T03:28:29Z,1032S19800C1,19800,C1,0,17000,98003,2026-08-22T05:54:00,98305,17000,E,40.47102,-3.6825693,10,False,12,2
2026-08-22T03:28:29Z,1032S27411C4b,27411,C4b,0,37012,37011,2026-08-22T05:59:00,17005,37012,E,40.24143,-3.769159,10,True,2,1
2026-08-22T03:28:29Z,1032S27403C4b,27403,C4b,8,17004,17005,2026-08-22T05:37:00,17005,17000,5.0,40.60307,-3.7190464,10,False,2,3
2026-08-22T03:28:29Z,1032S27404C4b,27404,C4b,0,17005,17004,2026-08-22T05:59:00,37012,17005,E,40.644844,-3.7762609,10,True,3,3
2026-08-22T03:28:29Z,1032S27206C4,27206,C4,0,17000,18002,2026-08-22T05:39:00,37012,17000,E,40.471325,-3.6833096,10,True,2,8
2026-08-22T03:28:29Z,1032S79402C2,79402,C2,2,17000,98003,2026-08-22T05:33:00,70200,17000,9.0,40.47099,-3.6824434,10,False,9,2
2026-08-22T03:28:29Z,1032S27210C4a,27210,C4a,0,19003,19002,2026-08-22T05:49:00,37012,19003,E,40.546417,-3.6351175,10,True,2,2
2026-08-22T03:28:29Z,1032S27203C4a,27203,C4a,1,19002,19003,2026-08-22T05:31:00,19003,18000,15.0,40.54664,-3.6514726,10,True,1,2
2026-08-22T03:28:29Z,1032S79505C2,79505,C2,0,70200,70105,2026-08-22T05:43:00,17000,70200,E,40.644257,-3.1823237,10,True,1,1
2026-08-22T03:28:29Z,1032S19803C1,19803,C1,0,98305,98304,2026-08-22T05:59:00,17000,98305,E,40.4924,-3.593483,10,False,2,1
2026-08-22T03:28:29Z,1032S79808C8a,79808,C8a,0,10203,10202,2026-08-22T05:53:00,17000,10203,E,40.58532,-4.1321955,10,False,3,2
2026-08-22T03:28:29Z,1032S19799C1,19799,C1,0,17000,98003,2026-08-22T05:34:00,98305,17000,E,40.47102,-3.6825693,10,False,12,2
2026-08-22T03:28:29Z,1032S79202C7,79202,C7,0,18000,70002,2026-08-22T05:52:00,70103,18000,E,40.40667,-3.6893938,10,False,3,2
2026-08-22T03:28:29Z,1032S79205C7,79205,C7,3,70103,70111,2026-08-22T05:32:00,18000,70103,E,40.4889,-3.3666708,10,False,3,1
2026-08-22T03:33:51Z,3032S23501C1,23501,C1,1,50703,50704,2026-08-22T05:35:21,50600,51003,E,37.479904,-5.9399505,30,False,1,1
2026-08-22T03:33:51Z,3232S35501C1,35501,C1,-1,54512,54513,2026-08-22T05:37:42,54516,54413,A,36.570225,-4.5940194,32,False,,
2026-08-22T03:33:51Z,3232S23303C1,23303,C1,1,54505,54520,2026-08-22T05:36:13,54516,54517,20.0,36.67465,-4.484664,32,False,1,1
2026-08-22T03:33:51Z,4032S80015C3,80015,C3,0,66200,66201,2026-08-22T05:41:00,66206,66200,,39.570892,-1.2023381,40,False,,1
2026-08-22T03:33:51Z,4032S24001C2,24001,C2,0,65000,64203,2026-08-22T05:43:00,64006,65000,,39.466305,-0.37739235,40,False,,1
2026-08-22T03:33:51Z,4032S24103C2,24103,C2,0,64100,64006,2026-08-22T05:42:00,64003,64100,A,38.96917,-0.5866923,40,False,1,
2026-08-22T03:33:51Z,5132S25601R1,25601,R1,0,72305,71801,2026-08-22T05:54:00,79200,72305,A,41.379536,2.1411612,50,False,,
2026-08-22T03:33:51Z,5132S25604R1,25604,R1,0,79601,79600,2026-08-22T05:36:20,72305,79603,E,41.586533,2.5813315,50,False,,2
2026-08-22T03:33:51Z,5132S25702R1,25702,R1,3,79403,79009,2026-08-22T05:38:43,72305,79500,45.0,41.427906,2.206802,50,True,,3
2026-08-22T03:33:51Z,5132S28264R2S,28264,R2S,0,71700,71701,2026-08-22T05:43:00,79400,71700,A,41.23921,1.8097008,50,False,-,
2026-08-22T03:33:51Z,5132S77600R4,77600,R4,3,78805,78804,2026-08-22T05:39:06,78700,72209,A,41.391907,2.1806386,50,False,1,1
2026-08-22T03:33:51Z,5132S77504R4,77504,R4,1,78801,78802,2026-08-22T05:36:08,71600,78700,A,41.430275,2.1831505,50,False,2,2
2026-08-22T03:33:51Z,5132S28250R2S,28250,R2S,0,71704,71705,2026-08-22T05:37:11,79400,71700,A,41.27877,1.9793742,50,True,2,
2026-08-22T03:33:51Z,5132S25400R2,25400,R2,1,71801,71802,2026-08-22T05:34:34,79104,71700,81.0,41.389267,2.1609683,50,True,,
2026-08-22T03:33:51Z,5132S28402R2N,28402,R2N,0,79007,79006,2026-08-22T05:37:05,72400,79100,A,41.533474,2.2177799,50,True,2,
2026-08-22T03:33:51Z,5132S28263R2S,28263,R2S,1,79400,71802,2026-08-22T05:38:57,71700,79400,48.0,41.400288,2.1870286,50,False,,
2026-08-22T03:33:51Z,5132S28400R2N,28400,R2N,-1,71801,71708,2026-08-22T05:43:37,72400,79100,A,41.35488,2.1156967,50,True,,
2026-08-22T03:33:51Z,5132S25602R1,25602,R1,4,79412,79410,2026-08-22T05:33:11,72305,79500,S,41.50672,2.4016483,50,False,,2
2026-08-22T03:33:51Z,5132S18120R16,18120,R16,0,65400,65402,2026-08-22T05:55:00,79400,65400,S,40.807198,0.5228472,50,True,,
2026-08-22T03:33:51Z,5132S15000R15,15000,R15,0,71400,71401,2026-08-22T05:45:00,79400,71400,,41.160637,1.1000068,50,False,,
2026-08-22T03:33:51Z,6032S29504C2,29504,C2,1,13504,13509,2026-08-22T05:35:05,13200,13506,E,43.31141,-3.0604117,60,False,1,1
2026-08-22T03:33:51Z,6032S29507C2,29507,C2,0,13200,13205,2026-08-22T05:49:00,13506,13200,A,43.256733,-2.9322033,60,False,2,1
2026-08-22T03:33:51Z,6032S29609C1,29609,C1,3,13400,13401,2026-08-22T05:35:44,13405,13200,4.0,43.256733,-2.9322033,60,False,1,1
2026-08-22T03:33:51Z,6032S26503C3,26503,C3,1,13100,13116,2026-08-22T05:37:02,13200,13100,35.0,43.009083,-3.0085218,60,True,,1
2026-08-22T03:33:51Z,6132S35680C1,35680,C1,-7,11507,11506,2026-08-22T05:44:00,11305,11508,E,43.266514,-1.9726831,61,False,2,2
2026-08-22T03:33:51Z,6132S32769C1,32769,C1,-1,11500,11501,2026-08-22T05:36:55,11508,11400,A,43.139435,-2.074181,61,False,1,1
2026-08-22T03:33:51Z,6132S81702C1,81702,C1,0,11600,11518,2026-08-22T05:53:00,11508,11600,A,43.330643,-1.8169186,61,False,,2
2026-08-22T03:33:51Z,6232S71152C2,71152,C2,0,14223,05602,2026-08-22T05:48:00,05637,14223,A,43.452877,-3.8282192,62,False,1AM,2
2026-08-22T03:33:51Z,6232S85111C1,85111,C1,0,14206,14207,2026-08-22T05:51:00,14220,14206,A,43.145645,-4.0389667,62,False,,1
2026-08-22T03:33:51Z,2032S22200C2,22200,C2,0,15211,15218,2026-08-22T05:47:00,16011,15211,E,43.366478,-5.855087,20,False,2,2
2026-08-22T03:33:51Z,2032S22101C1,22101,C1,1,15301,15302,2026-08-22T05:39:00,15410,15218,A,43.505,-5.7819037,20,False,1,1
2026-08-22T03:33:51Z,4132S84703C1,84703,C1,0,60911,62109,2026-08-22T05:50:00,62101,60911,E,38.34553,-0.49576503,41,False,1,1
2026-08-22T03:33:51Z,1032S27209C4a,27209,C4a,0,37012,37011,2026-08-22T05:49:00,19003,37012,E,40.24143,-3.769159,10,True,2,1
2026-08-22T03:33:51Z,1032S27002C3,27002,C3,0,17000,18002,2026-08-22T05:58:00,60200,17000,E,40.471382,-3.6834786,10,True,2,8
2026-08-22T03:33:51Z,1032S27407C4b,27407,C4b,0,18000,18101,2026-08-22T05:43:00,17005,18000,E,40.40654,-3.6895106,10,True,5,1
2026-08-22T03:33:51Z,1032S19800C1,19800,C1,0,17000,98003,2026-08-22T05:54:00,98305,17000,E,40.47102,-3.6825693,10,False,12,2
2026-08-22T03:33:51Z,1032S19803C1,19803,C1,0,98305,98304,2026-08-22T05:59:00,17000,98305,E,40.4924,-3.593483,10,False,2,1
2026-08-22T03:33:51Z,1032S19799C1,19799,C1,0,98003,98304,2026-08-22T05:40:00,98305,17000,A,40.481907,-3.616286,10,False,2,2
2026-08-22T03:33:51Z,1032S79202C7,79202,C7,0,18000,70002,2026-08-22T05:52:00,70103,18000,E,40.40667,-3.6893938,10,False,3,2
2026-08-22T03:33:51Z,1032S27000C3,27000,C3,0,60107,60101,2026-08-22T05:38:00,60200,17000,A,40.331753,-3.6989367,10,False,0,2
2026-08-22T03:33:51Z,1032S27003C3,27003,C3,0,60200,60105,2026-08-22T06:00:00,17000,60200,E,40.035027,-3.6189713,10,True,1,1
2026-08-22T03:33:51Z,1032S27202C4,27202,C4,4,18000,60100,2026-08-22T05:40:00,37012,18000,E,40.40654,-3.6895106,10,True,7,1
2026-08-22T03:33:51Z,1032S27704C5,27704,C5,0,35602,35601,2026-08-22T05:33:00,35012,35607,S,40.381268,-3.7802126,10,False,1,1
2026-08-22T03:33:51Z,1032S27705C5,27705,C5,0,35012,35002,2026-08-22T06:00:00,35607,35012,E,40.25559,-3.8284667,10,False,1,1
2026-08-22T03:33:51Z,1032S27207C4a,27207,C4a,0,18000,18101,2026-08-22T05:53:00,19003,18000,E,40.40654,-3.6895106,10,False,6,1
2026-08-22T03:33:51Z,1032S27702C5,27702,C5,4,18000,18003,2026-08-22T05:35:00,35012,18000,E,40.406326,-3.6896772,10,False,10,2
2026-08-22T03:33:51Z,1032S27001C3,27001,C3,3,60105,60104,2026-08-22T05:38:00,17000,60200,16.0,40.168026,-3.616271,10,False,1,1
2026-08-22T03:33:51Z,1032S27211C4a,27211,C4a,0,37012,37011,2026-08-22T06:09:00,19003,37012,E,40.24143,-3.769159,10,False,1,1
2026-08-22T03:33:51Z,1032S79505C2,79505,C2,0,70200,70105,2026-08-22T05:43:00,17000,70200,E,40.644257,-3.1823237,10,True,1,1
2026-08-22T03:33:51Z,1032S79509C2,79509,C2,0,70200,70105,2026-08-22T06:11:00,17000,70200,E,40.644257,-3.1823237,10,False,1,1
2026-08-22T03:33:51Z,1032S27405C4b,27405,C4b,2,17000,17001,2026-08-22T05:37:00,17005,18000,20.0,40.477383,-3.6806164,10,True,3,1
2026-08-22T03:33:51Z,1032S79808C8a,79808,C8a,0,10203,10202,2026-08-22T05:53:00,17000,10203,E,40.58532,-4.1321955,10,False,3,2
2026-08-22T03:33:51Z,1032S27901C5,27901,C5,0,35002,35010,2026-08-22T05:46:00,35607,35002,E,40.283237,-3.7991464,10,False,1,1
2026-08-22T03:33:51Z,1032S79205C7,79205,C7,4,70111,70112,2026-08-22T05:37:00,18000,70103,E,40.480347,-3.39294,10,False,1,1
2026-08-22T03:33:51Z,1032S27411C4b,27411,C4b,0,37012,37011,2026-08-22T05:59:00,17005,37012,E,40.24143,-3.769159,10,True,2,1
2026-08-22T03:33:51Z,1032S27210C4a,27210,C4a,3,19003,19002,2026-08-22T05:52:00,37012,19003,E,40.546417,-3.6351175,10,True,2,2
2026-08-22T03:33:51Z,1032S27708C5,27708,C5,0,35607,35606,2026-08-22T05:53:00,35012,35607,E,40.330883,-3.8823783,10,False,2,1
2026-08-22T03:33:51Z,1032S27706C5,27706,C5,0,35607,35606,2026-08-22T05:38:00,35012,35607,E,40.330883,-3.8823783,10,False,2,1
2026-08-22T03:33:51Z,1032S27703C5,27703,C5,0,35010,35011,2026-08-22T05:33:00,35607,35012,S,40.29673,-3.7924793,10,False,1,1
2026-08-22T03:33:51Z,1032S27409C4b,27409,C4b,1,37012,37011,2026-08-22T05:40:00,17005,37012,S,40.24143,-3.769159,10,False,1,1
2026-08-22T03:33:51Z,1032S27206C4,27206,C4,0,17000,18002,2026-08-22T05:39:00,37012,17000,E,40.471325,-3.6833096,10,True,2,8
2026-08-22T03:33:51Z,1032S27404C4b,27404,C4b,-2,17005,17004,2026-08-22T05:57:00,37012,17005,E,40.644844,-3.7762609,10,True,3,3
2026-08-22T03:33:51Z,1032S27402C4,27402,C4,0,17000,18002,2026-08-22T06:01:00,37012,17000,E,40.471325,-3.6833096,10,True,2,8
2026-08-22T03:33:51Z,1032S27204C4,27204,C4,11,18000,60100,2026-08-22T05:56:00,37012,18000,E,40.40654,-3.6895106,10,True,7,1
2026-08-22T03:38:29Z,3032S23501C1,23501,C1,1,50702,50701,2026-08-22T05:47:37,50600,51003,A,37.574757,-5.8031654,30,False,1,1
2026-08-22T03:38:29Z,3232S35511C1,35511,C1,-3,54501,54503,2026-08-22T05:42:12,54516,54413,E,36.70121,-4.454409,32,False,,1
2026-08-22T03:38:29Z,3232S35501C1,35501,C1,0,54513,54514,2026-08-22T05:40:40,54516,54413,A,36.564964,-4.6067243,32,False,1,1
2026-08-22T03:38:29Z,4032S80015C3,80015,C3,0,66200,66201,2026-08-22T05:41:00,66206,66200,,39.570892,-1.2023381,40,False,,1
2026-08-22T03:38:29Z,4032S24001C2,24001,C2,1,65000,64203,2026-08-22T05:43:38,64006,65000,35.0,39.450756,-0.38236058,40,False,,1
2026-08-22T03:38:29Z,4032S24103C2,24103,C2,2,64100,64006,2026-08-22T05:44:27,64003,64100,14.0,38.988403,-0.5337261,40,False,,3
2026-08-22T03:38:29Z,5132S15000R15,15000,R15,0,71400,71401,2026-08-22T05:45:00,79400,71400,,41.160637,1.1000068,50,False,,
2026-08-22T03:38:29Z,5132S25604R1,25604,R1,1,79600,79502,2026-08-22T05:40:25,72305,79603,3.0,41.577152,2.548773,50,False,2,2
2026-08-22T03:38:29Z,5132S25702R1,25702,R1,-1,78804,78805,2026-08-22T05:41:47,72305,79500,A,41.387875,2.1697214,50,True,2,2
2026-08-22T03:38:29Z,5132S28264R2S,28264,R2S,0,71700,71701,2026-08-22T05:43:00,79400,71700,E,41.219913,1.7308453,50,False,,
2026-08-22T03:38:29Z,5132S25602R1,25602,R1,2,79408,79407,2026-08-22T05:39:48,72305,79500,E,41.47896,2.3195477,50,False,,2
2026-08-22T03:38:29Z,5132S25601R1,25601,R1,0,72305,71801,2026-08-22T05:54:00,79200,72305,A,41.379536,2.1411612,50,False,,
2026-08-22T03:38:29Z,5132S28404R2N,28404,R2N,1,79104,79103,2026-08-22T05:41:42,72400,79104,19.0,41.680176,2.4851353,50,True,,
2026-08-22T03:38:29Z,5132S28402R2N,28402,R2N,1,79006,79011,2026-08-22T05:42:09,72400,79100,E,41.533474,2.2177799,50,True,2,
2026-08-22T03:38:29Z,5132S77600R4,77600,R4,3,78805,78804,2026-08-22T05:39:06,78700,72209,E,41.387875,2.1697214,50,False,,1
2026-08-22T03:38:29Z,5132S18120R16,18120,R16,0,65400,65402,2026-08-22T05:55:00,79400,65400,,40.807198,0.5228472,50,True,,
2026-08-22T03:38:29Z,5132S15772R11,15772,R11,0,79309,79303,2026-08-22T06:11:00,71801,79309,,42.265114,2.968971,50,True,,
2026-08-22T03:38:29Z,5132S28263R2S,28263,R2S,-2,71802,71801,2026-08-22T05:40:30,71700,79400,A,41.379513,2.1412146,50,False,,
2026-08-22T03:38:29Z,5132S28400R2N,28400,R2N,-2,71801,71708,2026-08-22T05:43:23,72400,79100,E,41.37954,2.1411655,50,True,,
2026-08-22T03:38:29Z,5132S77504R4,77504,R4,3,78802,78806,2026-08-22T05:40:03,71600,78700,21.0,41.42859,2.184213,50,False,2,2
2026-08-22T03:38:29Z,5132S28250R2S,28250,R2S,1,71705,71706,2026-08-22T05:42:23,79400,71700,E,41.27877,1.9793742,50,True,2,
2026-08-22T03:38:29Z,6032S29504C2,29504,C2,1,13503,13502,2026-08-22T05:40:31,13200,13506,E,43.301556,-3.0287716,60,False,1,1
2026-08-22T03:38:29Z,6032S26501C3,26501,C3,-1,13110,13111,2026-08-22T05:42:30,13200,13100,E,43.17912,-2.9028738,60,False,,1
2026-08-22T03:38:29Z,6032S26502C3,26502,C3,0,13111,13110,2026-08-22T05:43:45,13100,13200,E,43.210075,-2.888758,60,True,,2
2026-08-22T03:38:29Z,6032S26504C3,26504,C3,0,13200,13120,2026-08-22T05:52:00,13100,13200,A,43.25035,-2.930641,60,True,3,2
2026-08-22T03:38:29Z,6032S29609C1,29609,C1,2,13403,13404,2026-08-22T05:40:14,13405,13200,E,43.318596,-3.0152624,60,False,1,1
2026-08-22T03:38:29Z,6032S26503C3,26503,C3,1,13101,13121,2026-08-22T05:39:53,13200,13100,E,43.04889,-3.0018198,60,True,1,1
2026-08-22T03:38:29Z,6032S29507C2,29507,C2,0,13200,13205,2026-08-22T05:49:00,13506,13200,A,43.256733,-2.9322033,60,False,2,1
2026-08-22T03:38:29Z,6032S26500C3,26500,C3,-1,13104,13103,2026-08-22T05:42:46,13100,13200,E,43.132793,-2.9697878,60,False,,2
2026-08-22T03:38:29Z,6132S35680C1,35680,C1,0,11508,11507,2026-08-22T05:40:00,11305,11508,E,43.27241,-1.9637448,61,False,,2
2026-08-22T03:38:29Z,6132S81702C1,81702,C1,0,11600,11518,2026-08-22T05:53:00,11508,11600,A,43.330643,-1.8169186,61,False,,2
2026-08-22T03:38:29Z,6232S71152C2,71152,C2,0,14223,05602,2026-08-22T05:48:00,05637,14223,A,43.452877,-3.8282192,62,False,1AM,2
2026-08-22T03:38:29Z,6232S85111C1,85111,C1,0,14206,14207,2026-08-22T05:51:00,14220,14206,A,43.145645,-4.0389667,62,False,,1
2026-08-22T03:38:29Z,4732S71080C1,71080,C1,0,05761,05762,2026-08-22T06:02:00,05803,05761,A,42.809772,-5.1800675,47,False,1,
2026-08-22T03:38:29Z,2032S22200C2,22200,C2,0,15211,15218,2026-08-22T05:47:00,16011,15211,E,43.366478,-5.855087,20,False,2,2
2026-08-22T03:38:29Z,4132S84703C1,84703,C1,0,60911,62109,2026-08-22T05:50:00,62101,60911,E,38.34553,-0.49576503,41,False,1,1
2026-08-22T03:38:29Z,1032S27704C5,27704,C5,0,35608,35609,2026-08-22T05:42:00,35012,35607,E,40.3989,-3.7442265,10,False,1,1
2026-08-22T03:38:29Z,1032S27003C3,27003,C3,0,60200,60105,2026-08-22T06:00:00,17000,60200,E,40.035027,-3.6189713,10,True,1,1
2026-08-22T03:38:29Z,1032S27705C5,27705,C5,0,35012,35002,2026-08-22T06:00:00,35607,35012,E,40.25559,-3.8284667,10,False,1,1
2026-08-22T03:38:29Z,1032S27202C4,27202,C4,9,18000,60100,2026-08-22T05:45:00,37012,18000,E,40.40654,-3.6895106,10,True,7,1
2026-08-22T03:38:29Z,1032S27207C4a,27207,C4a,0,18000,18101,2026-08-22T05:53:00,19003,18000,E,40.40654,-3.6895106,10,False,6,1
2026-08-22T03:38:29Z,1032S27702C5,27702,C5,0,18003,35702,2026-08-22T05:34:00,35012,18000,E,40.39592,-3.6779969,10,False,2,2
2026-08-22T03:38:29Z,1032S27405C4b,27405,C4b,0,17009,17003,2026-08-22T05:43:00,17005,18000,A,40.558834,-3.7141593,10,True,1,1
2026-08-22T03:38:29Z,1032S27208C4,27208,C4,0,18000,60100,2026-08-22T06:11:00,37012,18000,E,40.40654,-3.6895106,10,True,7,1
2026-08-22T03:38:29Z,1032S27901C5,27901,C5,0,35002,35010,2026-08-22T05:46:00,35607,35002,E,40.283237,-3.7991464,10,False,1,1
2026-08-22T03:38:29Z,1032S27703C5,27703,C5,0,35009,37001,2026-08-22T05:42:00,35607,35012,A,40.34132,-3.7123663,10,False,1,4
2026-08-22T03:38:29Z,1032S27001C3,27001,C3,3,60104,60103,2026-08-22T05:43:00,17000,60200,9.0,40.200817,-3.667994,10,False,1,1
2026-08-22T03:38:29Z,1032S27002C3,27002,C3,0,17000,18002,2026-08-22T05:58:00,60200,17000,E,40.471382,-3.6834786,10,True,2,8
2026-08-22T03:38:29Z,1032S19800C1,19800,C1,0,17000,98003,2026-08-22T05:54:00,98305,17000,E,40.47102,-3.6825693,10,False,12,2
2026-08-22T03:38:29Z,1032S19803C1,19803,C1,0,98305,98304,2026-08-22T05:59:00,17000,98305,E,40.4924,-3.593483,10,False,2,1
2026-08-22T03:38:29Z,1032S27710C5,27710,C5,0,35607,35606,2026-08-22T06:08:00,35012,35607,E,40.330883,-3.8823783,10,False,2,1
2026-08-22T03:38:29Z,1032S27000C3,27000,C3,3,60107,60101,2026-08-22T05:41:00,60200,17000,16.0,40.335186,-3.686428,10,False,2,2
2026-08-22T03:38:29Z,1032S79202C7,79202,C7,3,18000,70002,2026-08-22T05:55:00,70103,18000,E,40.40667,-3.6893938,10,False,2,2
2026-08-22T03:38:29Z,1032S79205C7,79205,C7,5,70112,70102,2026-08-22T05:41:00,18000,70103,E,40.44277,-3.5339844,10,False,1,1
2026-08-22T03:38:29Z,1032S79213C7,79213,C7,0,70103,70111,2026-08-22T06:09:00,18000,70103,E,40.4889,-3.3666708,10,False,5,1
2026-08-22T03:38:29Z,1032S27411C4b,27411,C4b,0,37012,37011,2026-08-22T05:59:00,17005,37012,E,40.24143,-3.769159,10,True,2,1
2026-08-22T03:38:29Z,1032S27708C5,27708,C5,0,35607,35606,2026-08-22T05:53:00,35012,35607,E,40.330883,-3.8823783,10,False,2,1
2026-08-22T03:38:29Z,1032S27706C5,27706,C5,0,35606,35610,2026-08-22T05:41:00,35012,35607,A,40.34195,-3.8423326,10,False,1,1
2026-08-22T03:38:29Z,1032S27210C4a,27210,C4a,7,19003,19002,2026-08-22T05:56:00,37012,19003,E,40.546417,-3.6351175,10,True,2,2
2026-08-22T03:38:29Z,1032S27211C4a,27211,C4a,0,37012,37011,2026-08-22T06:09:00,19003,37012,E,40.24143,-3.769159,10,False,1,1
2026-08-22T03:38:29Z,1032S27409C4b,27409,C4b,0,37011,37002,2026-08-22T05:42:00,17005,37012,A,40.309868,-3.733689,10,True,1,1
2026-08-22T03:38:29Z,1032S79604C10,79604,C10,0,10200,10104,2026-08-22T06:11:00,18004,10200,E,40.62599,-4.0081153,10,False,4,2
2026-08-22T03:38:29Z,1032S27205C4a,27205,C4a,6,18000,18101,2026-08-22T05:40:00,19003,37012,E,40.40654,-3.6895106,10,False,6,1
2026-08-22T03:38:29Z,1032S79406C2,79406,C2,0,17000,98003,2026-08-22T06:09:00,70200,17000,E,40.47097,-3.68245,10,True,2,2
2026-08-22T03:38:29Z,1032S27206C4,27206,C4,3,17000,18002,2026-08-22T05:42:00,37012,17000,E,40.471325,-3.6833096,10,True,2,8
2026-08-22T03:38:29Z,1032S27404C4b,27404,C4b,3,17005,17004,2026-08-22T06:02:00,37012,17005,E,40.644844,-3.7762609,10,True,3,3
2026-08-22T03:38:29Z,1032S27402C4,27402,C4,0,17000,18002,2026-08-22T06:01:00,37012,17000,E,40.471325,-3.6833096,10,True,2,8
2026-08-22T03:38:29Z,1032S27204C4,27204,C4,15,18000,60100,2026-08-22T06:00:00,37012,18000,E,40.40654,-3.6895106,10,True,7,1
2026-08-22T03:38:29Z,1032S27209C4a,27209,C4a,0,37012,37011,2026-08-22T05:49:00,19003,37012,E,40.24143,-3.769159,10,True,2,1
2026-08-22T03:38:29Z,1032S27407C4b,27407,C4b,0,18000,18101,2026-08-22T05:43:00,17005,18000,E,40.40654,-3.6895106,10,True,5,1
2026-08-22T03:38:29Z,1032S79505C2,79505,C2,3,70200,70105,2026-08-22T05:46:00,17000,70200,6.0,40.639217,-3.1872652,10,True,2,1
2026-08-22T03:38:29Z,1032S79509C2,79509,C2,0,70200,70105,2026-08-22T06:11:00,17000,70200,E,40.644257,-3.1823237,10,False,1,1
2026-08-22T03:38:29Z,1032S79808C8a,79808,C8a,0,10203,10202,2026-08-22T05:53:00,17000,10203,E,40.58532,-4.1321955,10,False,3,2
2026-08-22T03:43:42Z,3032S23501C1,23501,C1,1,50702,50701,2026-08-22T05:47:43,50600,51003,E,37.54619,-5.8666563,30,False,,1
2026-08-22T03:43:42Z,3032S23502C1,23502,C1,0,51003,51100,2026-08-22T05:59:00,51200,51003,A,37.377792,-5.9795485,30,False,12,2
2026-08-22T03:43:42Z,3232S23303C1,23303,C1,1,54509,54519,2026-08-22T05:45:16,54516,54517,E,36.622364,-4.49936,32,False,1,1
2026-08-22T03:43:42Z,3232S35501C1,35501,C1,-2,54516,54516,2026-08-22T05:46:12,54516,54413,A,36.541843,-4.6237864,32,False,1,1
2026-08-22T03:43:42Z,4032S24002C2,24002,C2,0,64006,64100,2026-08-22T06:01:00,65000,64006,,38.96917,-0.5866923,40,False,,2
2026-08-22T03:43:42Z,4032S24001C2,24001,C2,-1,64203,64202,2026-08-22T05:45:11,64006,65000,E,39.42246,-0.39274746,40,False,,1
2026-08-22T03:43:42Z,4032S24103C2,24103,C2,3,64006,64006,2026-08-22T05:44:38,64003,64100,A,38.96917,-0.5866923,40,False,3,3
2026-08-22T03:43:42Z,5132S25601R1,25601,R1,0,72305,71801,2026-08-22T05:54:00,79200,72305,A,41.379536,2.1411612,50,False,,
2026-08-22T03:43:42Z,5132S25604R1,25604,R1,0,79501,79500,2026-08-22T05:46:01,72305,79603,E,41.55539,2.4983492,50,False,,2
2026-08-22T03:43:42Z,5132S28404R2N,28404,R2N,2,79103,79102,2026-08-22T05:46:59,72400,79104,12.0,41.67116,2.4468784,50,True,,
2026-08-22T03:43:42Z,5132S25400R2,25400,R2,0,79004,79005,2026-08-22T05:49:31,79104,71700,E,41.436115,2.1933901,50,True,1,
2026-08-22T03:43:42Z,5132S25702R1,25702,R1,1,78804,78805,2026-08-22T05:43:31,72305,79500,98.0,41.387955,2.1699398,50,True,,2
2026-08-22T03:43:42Z,5132S28556R2N,28556,R2N,1,72400,71707,2026-08-22T05:46:31,79400,72400,49.0,41.3182,2.055373,50,True,,4
2026-08-22T03:43:42Z,5132S28264R2S,28264,R2S,4,71700,71701,2026-08-22T05:47:12,79400,71700,38.0,41.22014,1.7623765,50,False,,
2026-08-22T03:43:42Z,5132S28263R2S,28263,R2S,0,71801,71708,2026-08-22T05:51:25,71700,79400,A,41.35488,2.1156967,50,False,,
2026-08-22T03:43:42Z,5132S28400R2N,28400,R2N,-1,71708,71707,2026-08-22T05:47:30,72400,79100,A,41.3306,2.0894625,50,True,,1
2026-08-22T03:43:42Z,5132S77404R4,77404,R4,0,71600,72201,2026-08-22T06:02:00,78700,71600,A,41.220802,1.5381482,50,False,1,2
2026-08-22T03:43:42Z,5132S77504R4,77504,R4,0,78804,78805,2026-08-22T05:45:54,71600,78700,A,41.387875,2.1697214,50,False,2,2
2026-08-22T03:43:42Z,5132S28250R2S,28250,R2S,1,71706,71709,2026-08-22T05:45:03,79400,71700,E,41.30322,2.010665,50,True,2,
2026-08-22T03:43:42Z,5132S28402R2N,28402,R2N,2,79011,79005,2026-08-22T05:46:17,72400,79100,6.0,41.510387,2.199821,50,True,2,
2026-08-22T03:43:42Z,5132S25602R1,25602,R1,1,79406,79405,2026-08-22T05:43:46,72305,79500,E,41.468693,2.2867389,50,False,,2
2026-08-22T03:43:42Z,5132S18120R16,18120,R16,0,65400,65402,2026-08-22T05:55:00,79400,65400,E,40.807198,0.5228472,50,True,,
2026-08-22T03:43:42Z,5132S15772R11,15772,R11,0,79309,79303,2026-08-22T06:11:00,71801,79309,,42.265114,2.968971,50,True,,
2026-08-22T03:43:42Z,5132S15000R15,15000,R15,0,71400,71401,2026-08-22T05:45:00,79400,71400,,41.160637,1.1000068,50,False,,
2026-08-22T03:43:42Z,6032S29504C2,29504,C2,0,13400,13305,2026-08-22T05:48:16,13200,13506,A,43.2878,-2.975288,60,False,2,2
2026-08-22T03:43:42Z,6032S26502C3,26502,C3,0,13110,13115,2026-08-22T05:44:38,13100,13200,A,43.17912,-2.9028738,60,True,2,2
2026-08-22T03:43:42Z,6032S26501C3,26501,C3,0,13111,13112,2026-08-22T05:46:43,13200,13100,A,43.22361,-2.882291,60,False,1,1
2026-08-22T03:43:42Z,6032S71503C4,71503,C4,0,05485,05483,2026-08-22T06:00:00,05451,05485,A,43.196415,-3.1899889,60,False,1,1
2026-08-22T03:43:42Z,6032S26504C3,26504,C3,0,13200,13120,2026-08-22T05:52:00,13100,13200,A,43.25035,-2.930641,60,True,3,2
2026-08-22T03:43:42Z,6032S26500C3,26500,C3,-1,13103,13102,2026-08-22T05:46:22,13100,13200,E,43.0935,-2.9995618,60,False,,2
2026-08-22T03:43:42Z,6032S26503C3,26503,C3,0,13102,13103,2026-08-22T05:44:17,13200,13100,E,43.07418,-2.9994733,60,True,,1
2026-08-22T03:43:42Z,6032S29507C2,29507,C2,0,13200,13205,2026-08-22T05:49:00,13506,13200,A,43.256733,-2.9322033,60,False,2,1
2026-08-22T03:43:42Z,6132S32769C1,32769,C1,1,11503,11504,2026-08-22T05:48:39,11508,11400,A,43.21556,-2.0203028,61,False,1,1
2026-08-22T03:43:42Z,6132S81702C1,81702,C1,0,11600,11518,2026-08-22T05:53:00,11508,11600,A,43.330643,-1.8169186,61,False,,2
2026-08-22T03:43:42Z,6132S35680C1,35680,C1,2,11507,11506,2026-08-22T05:45:39,11305,11508,45.0,43.25726,-1.9789542,61,False,,2
2026-08-22T03:43:42Z,6232S71152C2,71152,C2,0,14223,05602,2026-08-22T05:48:00,05637,14223,A,43.452877,-3.8282192,62,False,1AM,2
2026-08-22T03:43:42Z,6232S85111C1,85111,C1,0,14206,14207,2026-08-22T05:51:00,14220,14206,A,43.145645,-4.0389667,62,False,,1
2026-08-22T03:43:42Z,4732S71080C1,71080,C1,0,05761,05762,2026-08-22T06:02:00,05803,05761,A,42.809772,-5.1800675,47,False,1,
2026-08-22T03:43:42Z,2032S22200C2,22200,C2,0,15211,15218,2026-08-22T05:47:00,16011,15211,E,43.366478,-5.855087,20,False,2,2
2026-08-22T03:43:42Z,2032S22101C1,22101,C1,5,15302,15303,2026-08-22T05:46:00,15410,15218,E,43.505,-5.7819037,20,False,1,1
2026-08-22T03:43:42Z,2032S22004C1,22004,C1,0,15410,15401,2026-08-22T06:14:00,15118,15410,E,43.537712,-5.676047,20,False,2,2
2026-08-22T03:43:42Z,4132S84703C1,84703,C1,3,60911,62109,2026-08-22T05:53:00,62101,60911,E,38.34553,-0.49576503,41,False,1,1
2026-08-22T03:43:42Z,1032S27704C5,27704,C5,0,35609,18000,2026-08-22T05:46:00,35012,35607,E,40.405067,-3.7026901,10,False,1,10
2026-08-22T03:43:42Z,1032S27705C5,27705,C5,0,35012,35002,2026-08-22T06:00:00,35607,35012,E,40.25559,-3.8284667,10,False,1,1
2026-08-22T03:43:42Z,1032S27207C4a,27207,C4a,0,18000,18101,2026-08-22T05:53:00,19003,18000,E,40.40654,-3.6895106,10,False,6,1
2026-08-22T03:43:42Z,1032S27702C5,27702,C5,1,35703,35704,2026-08-22T05:39:00,35012,18000,A,40.35043,-3.705141,10,False,2,2
2026-08-22T03:43:42Z,1032S27405C4b,27405,C4b,1,17003,17004,2026-08-22T05:48:00,17005,18000,A,40.59852,-3.7158544,10,False,1,2
2026-08-22T03:43:42Z,1032S27208C4,27208,C4,0,18000,60100,2026-08-22T06:11:00,37012,18000,E,40.40654,-3.6895106,10,True,7,1
2026-08-22T03:43:42Z,1032S27901C5,27901,C5,1,35002,35010,2026-08-22T05:47:00,35607,35002,E,40.283237,-3.7991464,10,False,1,1
2026-08-22T03:43:42Z,1032S27703C5,27703,C5,0,37001,35704,2026-08-22T05:45:00,35607,35012,E,40.34132,-3.7123663,10,False,4,1
2026-08-22T03:43:42Z,1032S27001C3,27001,C3,3,60103,60102,2026-08-22T05:48:00,17000,60200,9.0,40.248535,-3.7040372,10,True,1,1
2026-08-22T03:43:42Z,1032S27000C3,27000,C3,0,60102,60103,2026-08-22T05:49:00,60200,17000,E,40.305756,-3.707588,10,False,2,2
2026-08-22T03:43:42Z,1032S27002C3,27002,C3,0,17000,18002,2026-08-22T05:58:00,60200,17000,E,40.471382,-3.6834786,10,True,2,8
2026-08-22T03:43:42Z,1032S79213C7,79213,C7,0,70103,70111,2026-08-22T06:09:00,18000,70103,E,40.4889,-3.3666708,10,False,5,1
2026-08-22T03:43:42Z,1032S19805C1,19805,C1,0,98305,98304,2026-08-22T06:14:00,17000,98305,E,40.4924,-3.593483,10,False,2,1
2026-08-22T03:43:42Z,1032S27003C3,27003,C3,0,60200,60105,2026-08-22T06:00:00,17000,60200,E,40.035027,-3.6189713,10,True,1,1
2026-08-22T03:43:42Z,1032S19800C1,19800,C1,0,17000,98003,2026-08-22T05:54:00,98305,17000,E,40.47102,-3.6825693,10,False,12,2
2026-08-22T03:43:42Z,1032S19803C1,19803,C1,0,98305,98304,2026-08-22T05:59:00,17000,98305,E,40.4924,-3.593483,10,False,2,1
2026-08-22T03:43:42Z,1032S27202C4,27202,C4,14,18000,60100,2026-08-22T05:50:00,37012,18000,E,40.40654,-3.6895106,10,True,7,1
2026-08-22T03:43:42Z,1032S27708C5,27708,C5,2,35607,35606,2026-08-22T05:55:00,35012,35607,E,40.330883,-3.8823783,10,False,2,1
2026-08-22T03:43:42Z,1032S27706C5,27706,C5,0,35605,35604,2026-08-22T05:46:00,35012,35607,A,40.356674,-3.8156087,10,False,1,1
2026-08-22T03:43:42Z,1032S27409C4b,27409,C4b,0,37002,37010,2026-08-22T05:44:00,17005,37012,E,40.309868,-3.733689,10,True,1,1
2026-08-22T03:43:42Z,1032S27707C5,27707,C5,0,35012,35002,2026-08-22T06:15:00,35607,35012,E,40.25559,-3.8284667,10,False,1,1
2026-08-22T03:43:42Z,1032S27205C4a,27205,C4a,11,18000,18101,2026-08-22T05:45:00,19003,37012,E,40.40654,-3.6895106,10,False,6,1
2026-08-22T03:43:42Z,1032S27206C4,27206,C4,4,18002,18101,2026-08-22T05:47:00,37012,17000,E,40.417023,-3.7031636,10,True,8,2
2026-08-22T03:43:42Z,1032S27404C4b,27404,C4b,8,17005,17004,2026-08-22T06:07:00,37012,17005,E,40.644844,-3.7762609,10,True,3,3
2026-08-22T03:43:42Z,1032S19799C1,19799,C1,3,98304,98305,2026-08-22T05:48:00,98305,17000,9.0,40.4924,-3.593483,10,False,2,1
2026-08-22T03:43:42Z,1032S27402C4,27402,C4,0,17000,18002,2026-08-22T06:01:00,37012,17000,E,40.471325,-3.6833096,10,True,2,8
2026-08-22T03:43:42Z,1032S27413C4b,27413,C4b,0,37012,37011,2026-08-22T06:19:00,17005,37012,E,40.24143,-3.769159,10,True,2,1
2026-08-22T03:43:42Z,1032S27710C5,27710,C5,0,35607,35606,2026-08-22T06:08:00,35012,35607,E,40.330883,-3.8823783,10,False,2,1
2026-08-22T03:43:42Z,1032S79102C7,79102,C7,0,10000,10001,2026-08-22T06:13:00,17000,10000,E,40.42163,-3.7193205,10,True,2,2
2026-08-22T03:43:42Z,1032S79202C7,79202,C7,8,18000,70002,2026-08-22T06:00:00,70103,18000,E,40.40667,-3.6893938,10,False,2,2
2026-08-22T03:43:42Z,1032S27212C4a,27212,C4a,0,19003,19002,2026-08-22T06:14:00,37012,19003,E,40.546417,-3.6351175,10,False,2,2
2026-08-22T03:43:42Z,1032S79604C10,79604,C10,0,10200,10104,2026-08-22T06:11:00,18004,10200,E,40.62599,-4.0081153,10,False,4,2
2026-08-22T03:43:42Z,1032S79406C2,79406,C2,0,17000,98003,2026-08-22T06:09:00,70200,17000,E,40.47097,-3.68245,10,True,2,2
2026-08-22T03:43:42Z,1032S79505C2,79505,C2,0,70105,70104,2026-08-22T05:47:00,17000,70200,E,40.56094,-3.2652874,10,False,1,1
2026-08-22T03:43:42Z,1032S79509C2,79509,C2,0,70200,70105,2026-08-22T06:11:00,17000,70200,E,40.644257,-3.1823237,10,False,1,1
2026-08-22T03:43:42Z,1032S79808C8a,79808,C8a,0,10203,10202,2026-08-22T05:53:00,17000,10203,E,40.58532,-4.1321955,10,False,3,2
2026-08-22T03:43:42Z,1032S27204C4,27204,C4,5,18000,60100,2026-08-22T05:50:00,37012,18000,6.0,40.403778,-3.686404,10,True,7,1
2026-08-22T03:43:42Z,1032S79205C7,79205,C7,7,70102,70101,2026-08-22T05:48:00,18000,70103,E,40.45463,-3.4796958,10,False,1,1
2026-08-22T03:43:42Z,1032S27209C4a,27209,C4a,0,37012,37011,2026-08-22T05:49:00,19003,37012,E,40.24143,-3.769159,10,True,2,1
2026-08-22T03:43:42Z,1032S27411C4b,27411,C4b,2,37012,37011,2026-08-22T06:01:00,17005,37012,E,40.24143,-3.769159,10,False,1,1
2026-08-22T03:43:42Z,1032S79402C2,79402,C2,1,70101,70102,2026-08-22T05:51:00,70200,17000,A,40.454636,-3.4796963,10,False,2,2
2026-08-22T03:43:42Z,1032S27210C4a,27210,C4a,12,19003,19002,2026-08-22T06:01:00,37012,19003,E,40.546417,-3.6351175,10,True,2,2
2026-08-22T03:43:42Z,1032S79206C7,79206,C7,0,18000,70002,2026-08-22T06:14:00,70103,18000,E,40.40667,-3.6893938,10,False,3,2
2026-08-22T03:43:42Z,1032S27211C4a,27211,C4a,0,37012,37011,2026-08-22T06:09:00,19003,37012,E,40.24143,-3.769159,10,False,1,1
2026-08-22T03:43:42Z,1032S27407C4b,27407,C4b,2,18000,18101,2026-08-22T05:45:00,17005,18000,24.0,40.412277,-3.698858,10,True,5,1
2026-08-22T03:48:39Z,3032S23502C1,23502,C1,0,51003,51100,2026-08-22T05:59:00,51200,51003,A,37.377792,-5.9795485,30,False,12,2
2026-08-22T03:48:39Z,3032S23501C1,23501,C1,0,50701,50700,2026-08-22T05:51:44,50600,51003,E,37.574757,-5.8031654,30,False,,1
2026-08-22T03:48:39Z,3232S35511C1,35511,C1,0,54505,54520,2026-08-22T05:52:19,54516,54413,E,36.677452,-4.490335,32,False,1,1
2026-08-22T03:48:39Z,3232S23151C2,23151,C2,-1,54501,54412,2026-08-22T05:51:36,54405,54517,A,36.698467,-4.4782205,32,False,,
2026-08-22T03:48:39Z,3232S23303C1,23303,C1,2,54519,54510,2026-08-22T05:48:10,54516,54517,S,36.613625,-4.509399,32,False,,1
2026-08-22T03:48:39Z,4032S24103C2,24103,C2,3,64006,64006,2026-08-22T05:44:33,64003,64100,E,38.96917,-0.5866923,40,False,3,3
2026-08-22T03:48:39Z,4032S24001C2,24001,C2,-1,64201,64200,2026-08-22T05:50:56,64006,65000,E,39.399986,-0.39908192,40,False,,3
2026-08-22T03:48:39Z,4032S24002C2,24002,C2,0,64006,64100,2026-08-22T06:01:00,65000,64006,A,38.992313,-0.5246103,40,False,3,2
2026-08-22T03:48:39Z,5132S25702R1,25702,R1,-1,71801,72305,2026-08-22T05:55:26,72305,79500,E,41.379536,2.1411612,50,True,,
2026-08-22T03:48:39Z,5132S28264R2S,28264,R2S,5,71701,71703,2026-08-22T05:57:08,79400,71700,E,41.23921,1.8097008,50,False,2,
2026-08-22T03:48:39Z,5132S28404R2N,28404,R2N,2,79102,79101,2026-08-22T05:50:54,72400,79104,19.0,41.63544,2.395371,50,True,,
2026-08-22T03:48:39Z,5132S28263R2S,28263,R2S,1,71801,71708,2026-08-22T05:51:46,71700,79400,45.0,41.368515,2.1271627,50,False,,
2026-08-22T03:48:39Z,5132S25400R2,25400,R2,0,79004,79005,2026-08-22T05:50:27,79104,71700,67.0,41.46674,2.1869514,50,True,,
2026-08-22T03:48:39Z,5132S77504R4,77504,R4,1,78804,78805,2026-08-22T05:47:20,71600,78700,S,41.391907,2.1806386,50,False,,2
2026-08-22T03:48:39Z,5132S77508R4,77508,R4,0,78700,78710,2026-08-22T06:03:00,71600,78700,A,41.567463,2.03963,50,False,,2
2026-08-22T03:48:39Z,5132S28250R2S,28250,R2S,2,71707,71708,2026-08-22T05:56:27,79400,71700,A,41.35488,2.1156967,50,True,4,
2026-08-22T03:48:39Z,5132S28400R2N,28400,R2N,1,71707,72400,2026-08-22T05:56:59,72400,79100,A,41.30425,2.0733776,50,True,1,1
2026-08-22T03:48:39Z,5132S77600R4,77600,R4,3,78802,78801,2026-08-22T05:50:42,78700,72209,E,41.430275,2.1831505,50,False,,1
2026-08-22T03:48:39Z,5132S28402R2N,28402,R2N,3,79005,79004,2026-08-22T05:52:30,72400,79100,33.0,41.466736,2.1869516,50,True,,2
2026-08-22T03:48:39Z,5132S77404R4,77404,R4,0,71600,72201,2026-08-22T06:02:00,78700,71600,A,41.220802,1.5381482,50,False,1,2
2026-08-22T03:48:39Z,5132S25602R1,25602,R1,2,79404,79403,2026-08-22T05:51:04,72305,79500,13.0,41.443188,2.2464037,50,False,2,2
2026-08-22T03:48:39Z,5132S18120R16,18120,R16,0,65400,65402,2026-08-22T05:55:00,79400,65400,,40.807198,0.5228472,50,True,,
2026-08-22T03:48:39Z,5132S15772R11,15772,R11,0,79309,79303,2026-08-22T06:11:00,71801,79309,,42.265114,2.968971,50,True,,
2026-08-22T03:48:39Z,5132S25604R1,25604,R1,1,79500,79412,2026-08-22T05:52:09,72305,79603,8.0,41.53325,2.4456325,50,False,2,2
2026-08-22T03:48:39Z,5132S18121R16,18121,R16,0,79400,71802,2026-08-22T05:55:00,65400,79400,E,41.38422,2.1855106,50,True,,
2026-08-22T03:48:39Z,6032S26501C3,26501,C3,0,13118,13113,2026-08-22T05:49:50,13200,13100,E,43.22568,-2.8871021,60,False,,2
2026-08-22T03:48:39Z,6032S29504C2,29504,C2,0,13305,13304,2026-08-22T05:50:17,13200,13506,E,43.2878,-2.975288,60,False,,2
2026-08-22T03:48:39Z,6032S71503C4,71503,C4,0,05485,05483,2026-08-22T06:00:00,05451,05485,A,43.196415,-3.1899889,60,False,1,1
2026-08-22T03:48:39Z,6032S26503C3,26503,C3,2,13103,13104,2026-08-22T05:50:58,13200,13100,50.0,43.113647,-2.9866114,60,True,,1
2026-08-22T03:48:39Z,6032S71500C4,71500,C4,0,05451,13206,2026-08-22T06:03:00,05485,05451,A,43.254723,-2.9436562,60,False,4,2AM
2026-08-22T03:48:39Z,6032S29507C2,29507,C2,0,13200,13205,2026-08-22T05:49:00,13506,13200,A,43.256733,-2.9322033,60,False,,1
2026-08-22T03:48:39Z,6032S26504C3,26504,C3,0,13200,13120,2026-08-22T05:52:00,13100,13200,A,43.25035,-2.930641,60,True,3,2
2026-08-22T03:48:39Z,6132S81702C1,81702,C1,0,11600,11518,2026-08-22T05:53:00,11508,11600,E,43.33877,-1.8007782,61,False,,2
2026-08-22T03:48:39Z,6132S35680C1,35680,C1,0,11505,11504,2026-08-22T05:50:34,11305,11508,E,43.2221,-2.015703,61,False,2,2
2026-08-22T03:48:39Z,6132S32700C1,32700,C1,0,11508,11507,2026-08-22T06:03:00,11305,11508,A,43.266514,-1.9726831,61,False,2,2
2026-08-22T03:48:39Z,6132S32769C1,32769,C1,1,11503,11504,2026-08-22T05:48:54,11508,11400,89.0,43.211655,-2.023377,61,False,,1
2026-08-22T03:48:39Z,6232S71152C2,71152,C2,-1,05602,05603,2026-08-22T05:50:29,05637,14223,E,43.452877,-3.8282192,62,False,,1
2026-08-22T03:48:39Z,6232S85111C1,85111,C1,0,14206,14207,2026-08-22T05:51:00,14220,14206,E,43.128815,-4.0535116,62,False,,1
2026-08-22T03:48:39Z,4732S71080C1,71080,C1,0,05761,05762,2026-08-22T06:02:00,05803,05761,A,42.809772,-5.1800675,47,False,1,
2026-08-22T03:48:39Z,2032S22002C1,22002,C1,0,15211,15218,2026-08-22T06:17:00,15122,15211,E,43.36655,-5.854991,20,False,2,2
2026-08-22T03:48:39Z,2032S70508C7,70508,C7,0,15211,05300,2026-08-22T06:19:00,05311,15211,E,43.366535,-5.8552504,20,False,5,1
2026-08-22T03:48:39Z,2032S22200C2,22200,C2,1,15218,15210,2026-08-22T05:51:00,16011,15211,16.0,43.353073,-5.8556705,20,False,2,2
2026-08-22T03:48:39Z,2032S22004C1,22004,C1,0,15410,15401,2026-08-22T06:14:00,15118,15410,E,43.537712,-5.676047,20,False,2,2
2026-08-22T03:48:39Z,2032S22101C1,22101,C1,3,15400,15401,2026-08-22T05:52:00,15410,15218,A,43.535202,-5.6971354,20,False,1,1
2026-08-22T03:48:39Z,4132S84703C1,84703,C1,8,60911,62109,2026-08-22T05:58:00,62101,60911,E,38.34553,-0.49576503,41,False,1,1
2026-08-22T03:48:39Z,1032S27705C5,27705,C5,0,35012,35002,2026-08-22T06:00:00,35607,35012,E,40.25559,-3.8284667,10,False,1,1
2026-08-22T03:48:39Z,1032S27207C4a,27207,C4a,0,18000,18101,2026-08-22T05:53:00,19003,18000,E,40.40654,-3.6895106,10,False,6,1
2026-08-22T03:48:39Z,1032S27702C5,27702,C5,0,37001,35009,2026-08-22T05:44:00,35012,18000,A,40.34086,-3.7482634,10,False,6,2
2026-08-22T03:48:39Z,1032S27405C4b,27405,C4b,1,17004,17005,2026-08-22T05:57:00,17005,18000,E,40.59852,-3.7158544,10,False,2,3
2026-08-22T03:48:39Z,1032S27406C4b,27406,C4b,0,17005,17004,2026-08-22T06:22:00,37012,17005,E,40.644844,-3.7762609,10,True,3,3
2026-08-22T03:48:39Z,1032S27208C4,27208,C4,0,37001,37010,2026-08-22T06:18:00,37012,18000,E,40.34132,-3.7123663,10,True,3,2
2026-08-22T03:48:39Z,1032S27001C3,27001,C3,3,60102,60109,2026-08-22T05:50:00,17000,60200,24.0,40.30883,-3.7080503,10,False,1,1
2026-08-22T03:48:39Z,1032S27002C3,27002,C3,0,17000,18002,2026-08-22T05:58:00,60200,17000,E,40.471382,-3.6834786,10,True,2,8
2026-08-22T03:48:39Z,1032S19805C1,19805,C1,0,98305,98304,2026-08-22T06:14:00,17000,98305,E,40.4924,-3.593483,10,False,2,1
2026-08-22T03:48:39Z,1032S19800C1,19800,C1,0,17000,98003,2026-08-22T05:54:00,98305,17000,E,40.47102,-3.6825693,10,False,12,2
2026-08-22T03:48:39Z,1032S19803C1,19803,C1,0,98305,98304,2026-08-22T05:59:00,17000,98305,E,40.4924,-3.593483,10,False,2,1
2026-08-22T03:48:39Z,1032S27413C4b,27413,C4b,0,37012,37011,2026-08-22T06:19:00,17005,37012,E,40.24143,-3.769159,10,True,2,1
2026-08-22T03:48:39Z,1032S27710C5,27710,C5,0,35607,35606,2026-08-22T06:08:00,35012,35607,E,40.330883,-3.8823783,10,False,2,1
2026-08-22T03:48:39Z,1032S79102C7,79102,C7,0,10000,10001,2026-08-22T06:13:00,17000,10000,E,40.42163,-3.7193205,10,True,2,2
2026-08-22T03:48:39Z,1032S27901C5,27901,C5,0,35010,35011,2026-08-22T05:48:00,35607,35002,S,40.29673,-3.7924793,10,False,1,1
2026-08-22T03:48:39Z,1032S27703C5,27703,C5,0,35703,35702,2026-08-22T05:49:00,35607,35012,E,40.367134,-3.7043796,10,False,1,1
2026-08-22T03:48:39Z,1032S27212C4a,27212,C4a,0,19003,19002,2026-08-22T06:14:00,37012,19003,E,40.546417,-3.6351175,10,False,2,2
2026-08-22T03:48:39Z,1032S79205C7,79205,C7,7,70101,70108,2026-08-22T05:52:00,18000,70103,E,40.44277,-3.5339844,10,False,1,1
2026-08-22T03:48:39Z,1032S27000C3,27000,C3,0,60103,60104,2026-08-22T05:54:00,60200,17000,A,40.196156,-3.6648214,10,True,2,2
2026-08-22T03:48:39Z,1032S27411C4b,27411,C4b,7,37012,37011,2026-08-22T06:06:00,17005,37012,E,40.24143,-3.769159,10,False,1,1
2026-08-22T03:48:39Z,1032S79402C2,79402,C2,1,70102,70112,2026-08-22T05:55:00,70200,17000,A,40.464172,-3.4414766,10,False,2,2
2026-08-22T03:48:39Z,1032S79213C7,79213,C7,0,70103,70111,2026-08-22T06:09:00,18000,70103,E,40.4889,-3.3666708,10,False,5,1
2026-08-22T03:48:39Z,1032S79810C8a,79810,C8a,0,10203,10202,2026-08-22T06:21:00,17000,10203,E,40.58532,-4.1321955,10,False,3,2
2026-08-22T03:48:39Z,1032S27003C3,27003,C3,0,60200,60105,2026-08-22T06:00:00,17000,60200,E,40.035027,-3.6189713,10,True,1,1
2026-08-22T03:48:39Z,1032S27708C5,27708,C5,7,35607,35606,2026-08-22T06:00:00,35012,35607,E,40.330883,-3.8823783,10,False,2,1
2026-08-22T03:48:39Z,1032S27706C5,27706,C5,0,35603,35602,2026-08-22T05:51:00,35012,35607,A,40.381268,-3.7802126,10,False,1,1
2026-08-22T03:48:39Z,1032S27210C4a,27210,C4a,0,19003,19002,2026-08-22T05:49:00,37012,19003,50.0,40.54557,-3.6447096,10,True,2,2
2026-08-22T03:48:39Z,1032S81004C8b,81004,C8b,0,12006,12005,2026-08-22T06:26:00,12005,12006,E,40.737614,-4.0662985,10,False,2,1
2026-08-22T03:48:39Z,1032S79206C7,79206,C7,0,18000,70002,2026-08-22T06:14:00,70103,18000,E,40.40667,-3.6893938,10,False,3,2
2026-08-22T03:48:39Z,1032S27211C4a,27211,C4a,0,37012,37011,2026-08-22T06:09:00,19003,37012,E,40.24143,-3.769159,10,False,1,1
2026-08-22T03:48:39Z,1032S79406C2,79406,C2,0,17000,98003,2026-08-22T06:09:00,70200,17000,E,40.47097,-3.68245,10,True,2,2
2026-08-22T03:48:39Z,1032S79604C10,79604,C10,1,10200,10104,2026-08-22T06:12:00,18004,10200,E,40.62599,-4.0081153,10,False,3,2
2026-08-22T03:48:39Z,1032S27409C4b,27409,C4b,4,37010,37001,2026-08-22T05:52:00,17005,37012,12.0,40.32969,-3.7242157,10,True,1,1
2026-08-22T03:48:39Z,1032S27707C5,27707,C5,0,35012,35002,2026-08-22T06:15:00,35607,35012,E,40.25559,-3.8284667,10,False,1,1
2026-08-22T03:48:39Z,1032S27205C4a,27205,C4a,14,18101,18002,2026-08-22T05:53:00,19003,37012,E,40.417023,-3.7031636,10,False,1,6
2026-08-22T03:48:39Z,1032S79505C2,79505,C2,1,70104,70107,2026-08-22T05:52:00,17000,70200,12.0,40.531048,-3.3029861,10,False,1,1
2026-08-22T03:48:39Z,1032S79509C2,79509,C2,0,70200,70105,2026-08-22T06:11:00,17000,70200,E,40.644257,-3.1823237,10,False,1,1
2026-08-22T03:48:39Z,1032S79808C8a,79808,C8a,5,10203,10202,2026-08-22T05:58:00,17000,10203,E,40.58532,-4.1321955,10,False,3,2
2026-08-22T03:48:39Z,1032S27206C4,27206,C4,5,18101,18000,2026-08-22T05:54:00,37012,17000,S,40.417023,-3.7031636,10,True,2,7
2026-08-22T03:48:39Z,1032S27404C4b,27404,C4b,13,17005,17004,2026-08-22T06:12:00,37012,17005,E,40.644844,-3.7762609,10,True,3,3
2026-08-22T03:48:39Z,1032S27402C4,27402,C4,0,17000,18002,2026-08-22T06:01:00,37012,17000,E,40.471325,-3.6833096,10,True,2,8
2026-08-22T03:48:39Z,1032S27204C4,27204,C4,3,60100,37001,2026-08-22T05:52:00,37012,18000,E,40.352676,-3.684073,10,True,1,2
2026-08-22T03:48:39Z,1032S27209C4a,27209,C4a,0,37011,37002,2026-08-22T05:52:00,19003,37012,A,40.309868,-3.733689,10,True,1,1
2026-08-22T03:48:39Z,1032S27407C4b,27407,C4b,0,17000,17001,2026-08-22T05:59:00,17005,18000,A,40.501648,-3.6821797,10,True,4,1
2026-08-22T03:48:39Z,1032S27704C5,27704,C5,0,18003,35702,2026-08-22T05:51:00,35012,35607,E,40.39592,-3.6779969,10,False,2,2
2026-08-22T03:53:36Z,3032S23502C1,23502,C1,0,51003,51100,2026-08-22T05:59:00,51200,51003,A,37.377792,-5.9795485,30,False,12,2
2026-08-22T03:53:36Z,3032S23501C1,23501,C1,2,50700,50602,2026-08-22T05:59:23,50600,51003,A,37.58157,-5.6699624,30,False,1,1
2026-08-22T03:53:36Z,3232S23303C1,23303,C1,0,54512,54513,2026-08-22T05:57:18,54516,54517,A,36.570225,-4.5940194,32,False,1,1
2026-08-22T03:53:36Z,3232S23151C2,23151,C2,0,54412,54410,2026-08-22T05:58:08,54405,54517,A,36.705082,-4.545475,32,False,,
2026-08-22T03:53:36Z,4032S24103C2,24103,C2,3,64006,64006,2026-08-22T05:44:33,64003,64100,E,38.96917,-0.5866923,40,False,3,3
2026-08-22T03:53:36Z,4032S84004C2,84004,C2,0,64003,64004,2026-08-22T06:18:00,65000,64003,,38.878082,-0.7535829,40,False,,
2026-08-22T03:53:36Z,4032S24002C2,24002,C2,0,64006,64100,2026-08-22T06:01:00,65000,64006,A,38.992313,-0.5246103,40,False,3,2
2026-08-22T03:53:36Z,4032S24001C2,24001,C2,0,64200,64107,2026-08-22T05:59:23,64006,65000,E,39.36203,-0.41514477,40,False,,1
2026-08-22T03:53:36Z,5132S28404R2N,28404,R2N,0,79109,79100,2026-08-22T05:57:42,72400,79104,A,41.59969,2.291611,50,True,2,2
2026-08-22T03:53:36Z,5132S25602R1,25602,R1,3,79403,79009,2026-08-22T05:59:38,72305,79500,18.0,41.420853,2.2216225,50,False,,3
2026-08-22T03:53:36Z,5132S25601R1,25601,R1,-1,71801,78805,2026-08-22T05:58:13,79200,72305,A,41.387875,2.1697214,50,False,9,1
2026-08-22T03:53:36Z,5132S25604R1,25604,R1,1,79412,79410,2026-08-22T05:54:07,72305,79603,E,41.50672,2.4016483,50,False,,2
2026-08-22T03:53:36Z,5132S25400R2,25400,R2,2,79005,79011,2026-08-22T05:55:05,79104,71700,35.0,41.494415,2.1897895,50,True,,
2026-08-22T03:53:36Z,5132S28264R2S,28264,R2S,3,71703,71704,2026-08-22T06:00:15,79400,71700,A,41.26706,1.9571267,50,False,2,
2026-08-22T03:53:36Z,5132S25402R2N,25402,R2N,0,72400,71707,2026-08-22T06:15:00,79104,72400,A,41.3306,2.0894625,50,True,1,4
2026-08-22T03:53:36Z,5132S28263R2S,28263,R2S,1,71708,71707,2026-08-22T05:55:59,71700,79400,29.0,41.342983,2.114444,50,False,,1
2026-08-22T03:53:36Z,5132S28556R2N,28556,R2N,1,71708,71801,2026-08-22T05:58:22,79400,72400,13.0,41.360073,2.1161103,50,True,,
2026-08-22T03:53:36Z,5132S28402R2N,28402,R2N,3,79004,79009,2026-08-22T05:58:01,72400,79100,E,41.43613,2.1936417,50,True,2,1
2026-08-22T03:53:36Z,5132S28400R2N,28400,R2N,2,71707,72400,2026-08-22T05:57:51,72400,79100,21.0,41.325783,2.0752892,50,True,,1
2026-08-22T03:53:36Z,5132S25606R1,25606,R1,1,79603,79602,2026-08-22T05:57:34,72305,79603,11.0,41.61307,2.6614854,50,False,,
2026-08-22T03:53:36Z,5132S35516R3,23516,R3,1,77109,77107,2026-08-22T06:00:23,77102,77109,19.0,41.912,2.2519524,50,False,,
2026-08-22T03:53:36Z,5132S18120R16,18120,R16,0,65400,65402,2026-08-22T05:55:00,79400,65400,,40.807198,0.5228472,50,True,,
2026-08-22T03:53:36Z,5132S15772R11,15772,R11,0,79309,79303,2026-08-22T06:11:00,71801,79309,,42.265114,2.968971,50,True,,
2026-08-22T03:53:36Z,5132S18121R16,18121,R16,0,79400,71802,2026-08-22T05:55:00,65400,79400,E,41.38422,2.1855106,50,True,,
2026-08-22T03:53:36Z,5132S77600R4,77600,R4,4,78801,78800,2026-08-22T05:53:34,78700,72209,79.0,41.468307,2.1785789,50,False,,6
2026-08-22T03:53:36Z,5132S77404R4,77404,R4,0,71600,72201,2026-08-22T06:02:00,78700,71600,A,41.220802,1.5381482,50,False,1,2
2026-08-22T03:53:36Z,5132S77504R4,77504,R4,0,71801,72305,2026-08-22T05:59:14,71600,78700,E,41.379536,2.1411612,50,False,,4
2026-08-22T03:53:36Z,5132S77508R4,77508,R4,0,78700,78710,2026-08-22T06:03:00,71600,78700,A,41.567463,2.03963,50,False,,2
2026-08-22T03:53:36Z,5132S28250R2S,28250,R2S,3,71707,71708,2026-08-22T05:56:47,79400,71700,27.0,41.33427,2.0999794,50,True,,
2026-08-22T03:53:36Z,6032S26500C3,26500,C3,1,13101,13116,2026-08-22T05:54:15,13100,13200,45.0,43.04889,-3.0018198,60,False,,2
2026-08-22T03:53:36Z,6032S26501C3,26501,C3,1,13113,13114,2026-08-22T05:56:21,13200,13100,36.0,43.23979,-2.8999605,60,False,,1
2026-08-22T03:53:36Z,6032S29504C2,29504,C2,1,13303,13208,2026-08-22T05:53:51,13200,13506,E,43.26418,-2.9553094,60,False,,2
2026-08-22T03:53:36Z,6032S26502C3,26502,C3,-2,13107,13106,2026-08-22T05:55:24,13100,13200,E,43.144993,-2.9434426,60,True,,2
2026-08-22T03:53:36Z,6032S71503C4,71503,C4,0,05485,05483,2026-08-22T06:00:00,05451,05485,A,43.196415,-3.1899889,60,False,1,1
2026-08-22T03:53:36Z,6032S29608C1,29608,C1,0,13405,13404,2026-08-22T06:08:00,13200,13405,A,43.3262,-3.023556,60,False,1,2
2026-08-22T03:53:36Z,6032S71500C4,71500,C4,0,05451,13206,2026-08-22T06:03:00,05485,05451,A,43.254723,-2.9436562,60,False,4,2AM
2026-08-22T03:53:36Z,6032S26503C3,26503,C3,0,13106,13107,2026-08-22T05:57:19,13200,13100,E,43.14222,-2.960543,60,True,1,1
2026-08-22T03:53:36Z,6032S26504C3,26504,C3,2,13120,13119,2026-08-22T05:56:33,13100,13200,E,43.25035,-2.930641,60,True,2,2
2026-08-22T03:53:36Z,6032S29507C2,29507,C2,1,13207,13208,2026-08-22T05:54:22,13506,13200,E,43.258133,-2.9459865,60,False,1,1
2026-08-22T03:53:36Z,6132S35680C1,35680,C1,-1,11503,11502,2026-08-22T05:57:53,11305,11508,A,43.162556,-2.0704687,61,False,2,2
2026-08-22T03:53:36Z,6132S81769C1,81769,C1,0,11508,11511,2026-08-22T06:21:00,11600,11508,A,43.317684,-1.9766475,61,False,1,
2026-08-22T03:53:36Z,6132S32769C1,32769,C1,-1,11506,11507,2026-08-22T05:57:05,11508,11400,A,43.266514,-1.9726831,61,False,,1
2026-08-22T03:53:36Z,6132S32700C1,32700,C1,0,11508,11507,2026-08-22T06:03:00,11305,11508,A,43.266514,-1.9726831,61,False,2,2
2026-08-22T03:53:36Z,6132S32701C1,32701,C1,0,11305,11306,2026-08-22T06:12:00,11508,11305,A,43.050964,-2.3305266,61,False,1,1
2026-08-22T03:53:36Z,6232S71152C2,71152,C2,0,05603,05604,2026-08-22T05:53:15,05637,14223,E,43.455097,-3.8411903,62,False,,1
2026-08-22T03:53:36Z,4732S71080C1,71080,C1,0,05761,05762,2026-08-22T06:02:00,05803,05761,E,42.80314,-5.130908,47,False,,
2026-08-22T03:53:36Z,2032S22002C1,22002,C1,0,15211,15218,2026-08-22T06:17:00,15122,15211,E,43.36655,-5.854991,20,False,2,2
2026-08-22T03:53:36Z,2032S22200C2,22200,C2,0,15209,15208,2026-08-22T05:56:00,16011,15211,E,43.313263,-5.8692784,20,False,2,2
2026-08-22T03:53:36Z,2032S70508C7,70508,C7,0,15211,05300,2026-08-22T06:19:00,05311,15211,E,43.366535,-5.8552504,20,False,5,1
2026-08-22T03:53:36Z,2032S22101C1,22101,C1,4,15401,15410,2026-08-22T05:57:00,15410,15218,4.0,43.535294,-5.6962495,20,False,1,1
2026-08-22T03:53:36Z,2032S22004C1,22004,C1,0,15410,15401,2026-08-22T06:14:00,15118,15410,E,43.537712,-5.676047,20,False,2,2
2026-08-22T03:53:36Z,2032S22202C2,22202,C2,0,15211,15218,2026-08-22T06:23:00,16011,15211,E,43.366478,-5.855087,20,False,2,2
2026-08-22T03:53:36Z,4132S84703C1,84703,C1,13,60911,62109,2026-08-22T06:03:00,62101,60911,E,38.34553,-0.49576503,41,False,1,1
2026-08-22T03:53:36Z,1032S27213C4a,27213,C4a,0,37012,37011,2026-08-22T06:29:00,19003,37012,E,40.24143,-3.769159,10,False,1,1
2026-08-22T03:53:36Z,1032S27000C3,27000,C3,0,60104,60105,2026-08-22T05:59:00,60200,17000,A,40.159317,-3.6098835,10,True,2,2
2026-08-22T03:53:36Z,1032S27411C4b,27411,C4b,12,37012,37011,2026-08-22T06:11:00,17005,37012,E,40.24143,-3.769159,10,False,1,1
2026-08-22T03:53:36Z,1032S79402C2,79402,C2,0,70112,70111,2026-08-22T05:58:00,70200,17000,E,40.464172,-3.4414766,10,False,2,2
2026-08-22T03:53:36Z,1032S79213C7,79213,C7,0,70103,70111,2026-08-22T06:09:00,18000,70103,E,40.4889,-3.3666708,10,False,5,1
2026-08-22T03:53:36Z,1032S27210C4a,27210,C4a,0,19001,17009,2026-08-22T05:55:00,37012,19003,E,40.55402,-3.6837044,10,True,2,2
2026-08-22T03:53:36Z,1032S79810C8a,79810,C8a,0,10203,10202,2026-08-22T06:21:00,17000,10203,E,40.58532,-4.1321955,10,False,3,2
2026-08-22T03:53:36Z,1032S81004C8b,81004,C8b,0,12006,12005,2026-08-22T06:26:00,12005,12006,E,40.737614,-4.0662985,10,False,2,1
2026-08-22T03:53:36Z,1032S79206C7,79206,C7,0,18000,70002,2026-08-22T06:14:00,70103,18000,E,40.40667,-3.6893938,10,False,3,2
2026-08-22T03:53:36Z,1032S27211C4a,27211,C4a,0,37012,37011,2026-08-22T06:09:00,19003,37012,E,40.24143,-3.769159,10,False,1,1
2026-08-22T03:53:36Z,1032S79406C2,79406,C2,0,17000,98003,2026-08-22T06:09:00,70200,17000,E,40.47097,-3.68245,10,True,2,2
2026-08-22T03:53:36Z,1032S79604C10,79604,C10,6,10200,10104,2026-08-22T06:17:00,18004,10200,E,40.62599,-4.0081153,10,False,3,2
2026-08-22T03:53:36Z,1032S27003C3,27003,C3,1,60200,60105,2026-08-22T06:01:00,17000,60200,12.0,40.04913,-3.6257164,10,True,4,1
2026-08-22T03:53:36Z,1032S79808C8a,79808,C8a,4,10203,10202,2026-08-22T05:57:00,17000,10203,23.0,40.599495,-4.1173425,10,False,3,2
2026-08-22T03:53:36Z,1032S27708C5,27708,C5,1,35606,35610,2026-08-22T05:57:00,35012,35607,A,40.34195,-3.8423326,10,False,1,1
2026-08-22T03:53:36Z,1032S27004C3,27004,C3,0,17000,18002,2026-08-22T06:26:00,60200,17000,E,40.471382,-3.6834786,10,True,2,8
2026-08-22T03:53:36Z,1032S27706C5,27706,C5,0,35601,35600,2026-08-22T05:54:00,35012,35607,A,40.386257,-3.7610443,10,False,1,1
2026-08-22T03:53:36Z,1032S19803C1,19803,C1,5,98305,98304,2026-08-22T06:04:00,17000,98305,E,40.4924,-3.593483,10,False,2,1
2026-08-22T03:53:36Z,1032S19802C1,19802,C1,0,17000,98003,2026-08-22T06:24:00,98305,17000,E,40.47102,-3.6825693,10,False,12,2
2026-08-22T03:53:36Z,1032S27712C5,27712,C5,0,35607,35606,2026-08-22T06:23:00,35012,35607,E,40.330883,-3.8823783,10,False,2,1
2026-08-22T03:53:36Z,1032S27710C5,27710,C5,0,35607,35606,2026-08-22T06:08:00,35012,35607,E,40.330883,-3.8823783,10,False,2,1
2026-08-22T03:53:36Z,1032S79102C7,79102,C7,0,10000,10001,2026-08-22T06:13:00,17000,10000,E,40.42163,-3.7193205,10,True,2,2
2026-08-22T03:53:36Z,1032S27202C4,27202,C4,16,60100,37001,2026-08-22T05:56:00,37012,18000,29.0,40.346676,-3.6901684,10,True,1,2
2026-08-22T03:53:36Z,1032S27001C3,27001,C3,0,60107,60100,2026-08-22T05:56:00,17000,60200,A,40.352676,-3.6839325,10,False,1,4
2026-08-22T03:53:36Z,1032S79217C7,79217,C7,0,70103,70111,2026-08-22T06:24:00,18000,70103,E,40.4889,-3.3666708,10,False,5,1
2026-08-22T03:53:36Z,1032S79505C2,79505,C2,2,70107,70103,2026-08-22T06:00:00,17000,70200,S,40.50538,-3.3352833,10,False,1,5
2026-08-22T03:53:36Z,1032S27002C3,27002,C3,0,17000,18002,2026-08-22T05:58:00,60200,17000,E,40.471382,-3.6834786,10,True,2,8
2026-08-22T03:53:36Z,1032S27413C4b,27413,C4b,0,37012,37011,2026-08-22T06:19:00,17005,37012,E,40.24143,-3.769159,10,True,2,1
2026-08-22T03:53:36Z,1032S79509C2,79509,C2,0,70200,70105,2026-08-22T06:11:00,17000,70200,E,40.644257,-3.1823237,10,False,1,1
2026-08-22T03:53:36Z,1032S79202C7,79202,C7,0,70002,70003,2026-08-22T05:54:00,70103,18000,A,40.376156,-3.6561253,10,False,2,2
2026-08-22T03:53:36Z,1032S27212C4a,27212,C4a,0,19003,19002,2026-08-22T06:14:00,37012,19003,E,40.546417,-3.6351175,10,False,2,2
2026-08-22T03:53:36Z,1032S27707C5,27707,C5,0,35012,35002,2026-08-22T06:15:00,35607,35012,E,40.25559,-3.8284667,10,False,1,1
2026-08-22T03:53:36Z,1032S79205C7,79205,C7,8,70108,70100,2026-08-22T05:57:00,18000,70103,4.0,40.423397,-3.561349,10,False,1,1
2026-08-22T03:53:36Z,1032S27704C5,27704,C5,0,35702,35703,2026-08-22T05:53:00,35012,35607,S,40.3791,-3.6987777,10,False,2,2
2026-08-22T03:53:36Z,1032S27409C4b,27409,C4b,1,60100,18000,2026-08-22T06:03:00,17005,37012,E,40.352676,-3.684073,10,True,2,5
2026-08-22T03:53:36Z,1032S27705C5,27705,C5,0,35012,35002,2026-08-22T06:00:00,35607,35012,E,40.25559,-3.8284667,10,False,1,1
2026-08-22T03:53:36Z,1032S27205C4a,27205,C4a,7,17000,17001,2026-08-22T05:57:00,19003,37012,A,40.501648,-3.6821797,10,False,0,1
2026-08-22T03:53:36Z,1032S27702C5,27702,C5,1,35009,35001,2026-08-22T05:48:00,35012,18000,A,40.328766,-3.7714624,10,False,2,2
2026-08-22T03:53:36Z,1032S27901C5,27901,C5,0,35009,37001,2026-08-22T05:57:00,35607,35002,A,40.34132,-3.7123663,10,False,1,4
2026-08-22T03:53:36Z,1032S27703C5,27703,C5,0,18003,18000,2026-08-22T05:57:00,35607,35012,A,40.406326,-3.6896772,10,False,1,9
2026-08-22T03:53:36Z,1032S19805C1,19805,C1,0,98305,98304,2026-08-22T06:14:00,17000,98305,E,40.4924,-3.593483,10,False,2,1
2026-08-22T03:53:36Z,1032S27206C4,27206,C4,3,18000,60100,2026-08-22T05:59:00,37012,17000,16.0,40.40045,-3.6805253,10,True,7,1
2026-08-22T03:53:36Z,1032S27404C4b,27404,C4b,17,17005,17004,2026-08-22T06:16:00,37012,17005,E,40.644844,-3.7762609,10,True,3,3
2026-08-22T03:53:36Z,1032S27005C3,27005,C3,0,60200,60105,2026-08-22T06:30:00,17000,60200,E,40.035027,-3.6189713,10,True,1,1
2026-08-22T03:53:36Z,1032S27402C4,27402,C4,0,17000,18002,2026-08-22T06:01:00,37012,17000,E,40.471325,-3.6833096,10,True,2,8
2026-08-22T03:53:36Z,1032S27204C4,27204,C4,1,37010,37002,2026-08-22T05:56:00,37012,18000,A,40.309868,-3.733689,10,True,2,2
2026-08-22T03:53:36Z,1032S27209C4a,27209,C4a,1,37002,37010,2026-08-22T05:55:00,19003,37012,E,40.309868,-3.733689,10,True,1,1
2026-08-22T03:53:36Z,1032S27407C4b,27407,C4b,0,17000,17001,2026-08-22T05:59:00,17005,18000,E,40.471325,-3.6833096,10,True,4,1
2026-08-22T03:53:36Z,1032S27207C4a,27207,C4a,2,17000,17001,2026-08-22T06:11:00,19003,18000,E,40.471325,-3.6833096,10,True,6,1
2026-08-22T03:53:36Z,1032S27405C4b,27405,C4b,6,17004,17005,2026-08-22T06:02:00,17005,18000,1.0,40.599403,-3.7165282,10,False,2,3
2026-08-22T03:53:36Z,1032S27406C4b,27406,C4b,0,17005,17004,2026-08-22T06:22:00,37012,17005,E,40.644844,-3.7762609,10,True,3,3
2026-08-22T03:53:36Z,1032S27208C4,27208,C4,4,37001,37010,2026-08-22T06:22:00,37012,18000,E,40.34132,-3.7123663,10,True,3,2
2026-08-22T03:58:33Z,3032S23502C1,23502,C1,-1,51100,51110,2026-08-22T06:01:02,51200,51003,E,37.377792,-5.9795485,30,False,,2
2026-08-22T03:58:33Z,3032S23501C1,23501,C1,5,50700,50602,2026-08-22T06:02:17,50600,51003,5.0,37.58964,-5.7261076,30,False,1,1
2026-08-22T03:58:33Z,3232S23302C1,23302,C1,0,54516,54515,2026-08-22T06:12:00,54517,54516,A,36.55467,-4.6145897,32,False,1,1
2026-08-22T03:58:33Z,3232S23303C1,23303,C1,1,54513,54514,2026-08-22T06:00:29,54516,54517,A,36.564964,-4.6067243,32,False,1,1
2026-08-22T03:58:33Z,3232S35511C1,35511,C1,0,54509,54519,2026-08-22T06:01:39,54516,54413,A,36.613625,-4.509399,32,False,1,1
2026-08-22T03:58:33Z,3232S23151C2,23151,C2,0,54410,54408,2026-08-22T06:04:25,54405,54517,E,36.705082,-4.545475,32,False,,
2026-08-22T03:58:33Z,4032S84004C2,84004,C2,0,64003,64004,2026-08-22T06:18:00,65000,64003,,38.878082,-0.7535829,40,False,,
2026-08-22T03:58:33Z,4032S24001C2,24001,C2,0,64107,64105,2026-08-22T06:07:01,64006,65000,A,39.19323,-0.4412666,40,False,1,1
2026-08-22T03:58:33Z,4032S24103C2,24103,C2,3,64006,64006,2026-08-22T05:44:33,64003,64100,E,38.96917,-0.5866923,40,False,3,3
2026-08-22T03:58:33Z,4032S24003C2,24003,C2,0,65000,64203,2026-08-22T06:18:00,64003,65000,,39.466305,-0.37739235,40,False,,1
2026-08-22T03:58:33Z,4032S24002C2,24002,C2,1,64006,64100,2026-08-22T06:02:11,65000,64006,38.0,38.981552,-0.5656141,40,False,,2
2026-08-22T03:58:33Z,5132S18121R16,18121,R16,4,71802,71801,2026-08-22T06:04:54,65400,79400,A,41.379536,2.1411645,50,True,,
2026-08-22T03:58:33Z,5132S15772R11,15772,R11,0,79309,79303,2026-08-22T06:11:00,71801,79309,,42.265114,2.968971,50,True,,
2026-08-22T03:58:33Z,5132S28404R2N,28404,R2N,0,79100,79007,2026-08-22T06:03:52,72400,79104,E,41.59969,2.291611,50,True,2,
2026-08-22T03:58:33Z,5132S28402R2N,28402,R2N,2,79009,71802,2026-08-22T06:03:29,72400,79100,E,41.409042,2.1873875,50,True,1,
2026-08-22T03:58:33Z,5132S28250R2S,28250,R2S,0,71801,71802,2026-08-22T06:05:51,79400,71700,A,41.392376,2.1651223,50,True,,
2026-08-22T03:58:33Z,5132S35516R3,23516,R3,1,77107,77106,2026-08-22T06:04:18,77102,77109,A,41.814796,2.2333581,50,False,1,
2026-08-22T03:58:33Z,5132S28556R2N,28556,R2N,-1,71801,71802,2026-08-22T06:01:56,79400,72400,E,41.37954,2.1411655,50,True,,
2026-08-22T03:58:33Z,5132S25602R1,25602,R1,1,79009,78804,2026-08-22T06:02:47,72305,79500,A,41.391903,2.1806395,50,False,3,2
2026-08-22T03:58:33Z,5132S25502R2S,25502,R2S,0,71600,71601,2026-08-22T06:02:00,79400,71600,E,41.18592,1.5248429,50,False,,
2026-08-22T03:58:33Z,5132S25601R1,25601,R1,0,78805,78804,2026-08-22T06:02:34,79200,72305,A,41.391903,2.1806395,50,False,1,1
2026-08-22T03:58:33Z,5132S25604R1,25604,R1,1,79409,79408,2026-08-22T06:01:29,72305,79603,E,41.487606,2.3548977,50,False,2,2
2026-08-22T03:58:33Z,5132S77600R4,77600,R4,7,78708,78707,2026-08-22T06:04:08,78700,72209,A,41.481228,2.1669743,50,False,1,1
2026-08-22T03:58:33Z,5132S77404R4,77404,R4,0,71600,72201,2026-08-22T06:02:00,78700,71600,E,41.186302,1.5250856,50,False,,2
2026-08-22T03:58:33Z,5132S77504R4,77504,R4,-1,72305,72303,2026-08-22T06:01:50,71600,78700,E,41.36431,2.1008937,50,False,,1
2026-08-22T03:58:33Z,5132S28264R2S,28264,R2S,3,71704,71705,2026-08-22T06:02:49,79400,71700,A,41.27877,1.9793742,50,False,2,2
2026-08-22T03:58:33Z,5132S35518R3,35518,R3,1,77309,77307,2026-08-22T06:02:44,77102,77309,52.0,42.39926,1.9158759,50,False,,
2026-08-22T03:58:33Z,5132S25606R1,25606,R1,0,79602,79601,2026-08-22T06:01:43,72305,79603,E,41.601646,2.6246321,50,False,,
2026-08-22T03:58:33Z,5132S25400R2,25400,R2,0,79006,79007,2026-08-22T06:01:14,79104,71700,E,41.53347,2.2177827,50,True,,
2026-08-22T03:58:33Z,5132S28263R2S,28263,R2S,2,71707,71709,2026-08-22T06:02:46,71700,79400,14.0,41.327705,2.08076,50,False,,
2026-08-22T03:58:33Z,5132S77400R4,77400,R4,3,72210,72211,2026-08-22T06:05:09,78600,72209,E,41.473316,1.967515,50,False,2,
2026-08-22T03:58:33Z,5132S25501R2S,25501,R2S,9,79400,71802,2026-08-22T06:06:58,71600,79400,15.0,41.386326,2.1933255,50,True,,
2026-08-22T03:58:33Z,6032S29608C1,29608,C1,0,13405,13404,2026-08-22T06:08:00,13200,13405,A,43.3262,-3.023556,60,False,1,2
2026-08-22T03:58:33Z,6032S26504C3,26504,C3,0,13114,13113,2026-08-22T05:59:50,13100,13200,E,43.24241,-2.9163692,60,True,,2
2026-08-22T03:58:33Z,6032S26500C3,26500,C3,0,13100,13100,2026-08-22T06:00:09,13100,13200,A,42.99472,-3.0158784,60,False,,
2026-08-22T03:58:33Z,6032S26501C3,26501,C3,1,13119,13120,2026-08-22T05:58:33,13200,13100,97.0,43.250034,-2.9304395,60,False,,1
2026-08-22T03:58:33Z,6032S29507C2,29507,C2,2,13304,13305,2026-08-22T05:59:59,13506,13200,E,43.27778,-2.972136,60,False,,1
2026-08-22T03:58:33Z,6032S26505C3,26505,C3,0,13100,13116,2026-08-22T06:17:00,13200,13100,A,43.035866,-3.0039182,60,False,2,1
2026-08-22T03:58:33Z,6032S26503C3,26503,C3,-1,13117,13108,2026-08-22T06:00:30,13200,13100,E,43.153534,-2.9381597,60,True,,1
2026-08-22T03:58:33Z,6032S71503C4,71503,C4,0,05485,05483,2026-08-22T06:00:00,05451,05485,A,43.196415,-3.1899889,60,False,,1
2026-08-22T03:58:33Z,6032S71500C4,71500,C4,0,05451,13206,2026-08-22T06:03:00,05485,05451,A,43.254723,-2.9436562,60,False,4,2AM
2026-08-22T03:58:33Z,6032S29504C2,29504,C2,3,13206,13205,2026-08-22T05:59:44,13200,13506,38.0,43.254063,-2.9390175,60,False,,2
2026-08-22T03:58:33Z,6032S26502C3,26502,C3,-1,13104,13103,2026-08-22T06:02:58,13100,13200,E,43.132793,-2.9697878,60,True,,2
2026-08-22T03:58:33Z,6132S35680C1,35680,C1,-1,11502,11501,2026-08-22T06:00:55,11305,11508,E,43.162556,-2.0704687,61,False,,2
2026-08-22T03:58:33Z,6132S32701C1,32701,C1,0,11305,11306,2026-08-22T06:12:00,11508,11305,A,43.050964,-2.3305266,61,False,1,1
2026-08-22T03:58:33Z,6132S32700C1,32700,C1,0,11508,11507,2026-08-22T06:03:00,11305,11508,A,43.266514,-1.9726831,61,False,2,2
2026-08-22T03:58:33Z,6132S32769C1,32769,C1,1,11506,11507,2026-08-22T05:58:51,11508,11400,88.0,43.264072,-1.9744207,61,False,,1
2026-08-22T03:58:33Z,6132S81769C1,81769,C1,0,11508,11511,2026-08-22T06:21:00,11600,11508,A,43.317684,-1.9766475,61,False,1,
2026-08-22T03:58:33Z,6232S71152C2,71152,C2,0,05605,05607,2026-08-22T06:00:21,05637,14223,A,43.435127,-3.9182508,62,False,,
2026-08-22T03:58:33Z,2032S22200C2,22200,C2,1,16001,16002,2026-08-22T06:06:00,16011,15211,A,43.33089,-5.7768655,20,False,1,1
2026-08-22T03:58:33Z,2032S22002C1,22002,C1,6,15211,15218,2026-08-22T06:23:00,15122,15211,E,43.36655,-5.854991,20,False,2,2
2026-08-22T03:58:33Z,2032S22004C1,22004,C1,2,15410,15401,2026-08-22T06:16:00,15118,15410,E,43.537712,-5.676047,20,False,3,2
2026-08-22T03:58:33Z,2032S70508C7,70508,C7,0,15211,05300,2026-08-22T06:19:00,05311,15211,E,43.366535,-5.8552504,20,False,5,1
2026-08-22T03:58:33Z,2032S22202C2,22202,C2,0,15211,15218,2026-08-22T06:23:00,16011,15211,E,43.366478,-5.855087,20,False,2,2
2026-08-22T03:58:33Z,4132S84703C1,84703,C1,18,60911,62109,2026-08-22T06:08:00,62101,60911,E,38.34553,-0.49576503,41,False,1,1
2026-08-22T03:58:33Z,4532S71701C1,71701,C1,0,05951,05952,2026-08-22T06:27:00,05977,05951,E,37.603638,-0.97674686,45,False,1,2
2026-08-22T03:58:33Z,1032S79402C2,79402,C2,1,70111,70103,2026-08-22T06:04:00,70200,17000,E,40.480347,-3.39294,10,False,2,1
2026-08-22T03:58:33Z,1032S79213C7,79213,C7,0,70103,70111,2026-08-22T06:09:00,18000,70103,E,40.4889,-3.3666708,10,False,5,1
2026-08-22T03:58:33Z,1032S79810C8a,79810,C8a,0,10203,10202,2026-08-22T06:21:00,17000,10203,E,40.58532,-4.1321955,10,False,3,2
2026-08-22T03:58:33Z,1032S27004C3,27004,C3,0,17000,18002,2026-08-22T06:26:00,60200,17000,E,40.471382,-3.6834786,10,True,2,8
2026-08-22T03:58:33Z,1032S27202C4,27202,C4,12,37002,37011,2026-08-22T06:01:00,37012,18000,A,40.288372,-3.7373493,10,True,2,2
2026-08-22T03:58:33Z,1032S27210C4a,27210,C4a,3,17009,17001,2026-08-22T06:04:00,37012,19003,8.0,40.535233,-3.698851,10,True,2,2
2026-08-22T03:58:33Z,1032S81004C8b,81004,C8b,0,12006,12005,2026-08-22T06:26:00,12005,12006,E,40.737614,-4.0662985,10,False,2,1
2026-08-22T03:58:33Z,1032S27211C4a,27211,C4a,0,37012,37011,2026-08-22T06:09:00,19003,37012,E,40.24143,-3.769159,10,False,1,1
2026-08-22T03:58:33Z,1032S79406C2,79406,C2,0,17000,98003,2026-08-22T06:09:00,70200,17000,E,40.47097,-3.68245,10,True,2,2
2026-08-22T03:58:33Z,1032S79604C10,79604,C10,11,10200,10104,2026-08-22T06:22:00,18004,10200,E,40.62599,-4.0081153,10,False,3,2
2026-08-22T03:58:33Z,1032S79808C8a,79808,C8a,2,10201,10200,2026-08-22T06:04:00,17000,10203,E,40.61781,-4.031033,10,False,2,2
2026-08-22T03:58:33Z,1032S27708C5,27708,C5,1,35605,35604,2026-08-22T06:02:00,35012,35607,A,40.356674,-3.8156087,10,False,1,1
2026-08-22T03:58:33Z,1032S27001C3,27001,C3,2,60100,18000,2026-08-22T06:08:00,17000,60200,S,40.352676,-3.6839325,10,True,4,5
2026-08-22T03:58:33Z,1032S27709C5,27709,C5,0,35012,35002,2026-08-22T06:28:00,35607,35012,E,40.25559,-3.8284667,10,False,1,1
2026-08-22T03:58:33Z,1032S79217C7,79217,C7,0,70103,70111,2026-08-22T06:24:00,18000,70103,E,40.4889,-3.3666708,10,False,5,1
2026-08-22T03:58:33Z,1032S27706C5,27706,C5,0,35608,35609,2026-08-22T06:02:00,35012,35607,A,40.405067,-3.7026901,10,False,1,1
2026-08-22T03:58:33Z,1032S27002C3,27002,C3,0,18002,18101,2026-08-22T06:02:00,60200,17000,E,40.4466,-3.6920877,10,True,8,2
2026-08-22T03:58:33Z,1032S27707C5,27707,C5,0,35012,35002,2026-08-22T06:15:00,35607,35012,E,40.25559,-3.8284667,10,False,1,1
2026-08-22T03:58:33Z,1032S27413C4b,27413,C4b,0,37012,37011,2026-08-22T06:19:00,17005,37012,E,40.24143,-3.769159,10,True,2,1
2026-08-22T03:58:33Z,1032S27704C5,27704,C5,0,37001,35009,2026-08-22T06:01:00,35012,35607,A,40.34086,-3.7482634,10,False,6,2
2026-08-22T03:58:33Z,1032S27212C4a,27212,C4a,0,19003,19002,2026-08-22T06:14:00,37012,19003,E,40.546417,-3.6351175,10,False,2,2
2026-08-22T03:58:33Z,1032S27213C4a,27213,C4a,0,37012,37011,2026-08-22T06:29:00,19003,37012,E,40.24143,-3.769159,10,False,1,1
2026-08-22T03:58:33Z,1032S19803C1,19803,C1,0,98304,98003,2026-08-22T06:05:00,17000,98305,A,40.484917,-3.6630294,10,False,1,1
2026-08-22T03:58:33Z,1032S19802C1,19802,C1,0,17000,98003,2026-08-22T06:24:00,98305,17000,E,40.47102,-3.6825693,10,False,12,2
2026-08-22T03:58:33Z,1032S27712C5,27712,C5,0,35607,35606,2026-08-22T06:23:00,35012,35607,E,40.330883,-3.8823783,10,False,2,1
2026-08-22T03:58:33Z,1032S27710C5,27710,C5,5,35607,35606,2026-08-22T06:13:00,35012,35607,E,40.330883,-3.8823783,10,False,2,1
2026-08-22T03:58:33Z,1032S79102C7,79102,C7,0,10000,10001,2026-08-22T06:13:00,17000,10000,E,40.42163,-3.7193205,10,True,2,2
2026-08-22T03:58:33Z,1032S79103C7,79103,C7,0,17000,97201,2026-08-22T06:28:00,10000,70200,E,40.47113,-3.6828332,10,False,6,1
2026-08-22T03:58:33Z,1032S79505C2,79505,C2,3,70103,70111,2026-08-22T06:03:00,17000,70200,E,40.489193,-3.3662832,10,False,5,1
2026-08-22T03:58:33Z,1032S79509C2,79509,C2,1,70200,70105,2026-08-22T06:12:00,17000,70200,E,40.644257,-3.1823237,10,False,4,1
2026-08-22T03:58:33Z,1032S27705C5,27705,C5,0,35002,35010,2026-08-22T06:01:00,35607,35012,A,40.29673,-3.7924793,10,False,3,1
2026-08-22T03:58:33Z,1032S27411C4b,27411,C4b,4,37012,37011,2026-08-22T06:03:00,17005,37012,25.0,40.245148,-3.756201,10,False,1,1
2026-08-22T03:58:33Z,1032S27702C5,27702,C5,0,35011,35010,2026-08-22T05:52:00,35012,18000,A,40.29673,-3.7924793,10,False,2,2
2026-08-22T03:58:33Z,1032S27901C5,27901,C5,1,37001,35704,2026-08-22T06:01:00,35607,35002,E,40.34132,-3.7123663,10,False,4,1
2026-08-22T03:58:33Z,1032S27205C4a,27205,C4a,12,17000,17001,2026-08-22T06:02:00,19003,37012,E,40.471325,-3.6833096,10,False,4,1
2026-08-22T03:58:33Z,1032S27703C5,27703,C5,0,18000,35609,2026-08-22T05:58:00,35607,35012,S,40.406326,-3.6896772,10,False,9,2
2026-08-22T03:58:33Z,1032S27404C4b,27404,C4b,4,17005,17004,2026-08-22T06:03:00,37012,17005,25.0,40.653206,-3.7504697,10,True,3,3
2026-08-22T03:58:33Z,1032S19805C1,19805,C1,0,98305,98304,2026-08-22T06:14:00,17000,98305,E,40.4924,-3.593483,10,False,2,1
2026-08-22T03:58:33Z,1032S27206C4,27206,C4,2,60100,37001,2026-08-22T06:02:00,37012,17000,E,40.352676,-3.684073,10,True,1,2
2026-08-22T03:58:33Z,1032S19807C1,19807,C1,0,98305,98304,2026-08-22T06:29:00,17000,98305,E,40.4924,-3.593483,10,True,2,1
2026-08-22T03:58:33Z,1032S27005C3,27005,C3,0,60200,60105,2026-08-22T06:30:00,17000,60200,E,40.035027,-3.6189713,10,True,1,1
2026-08-22T03:58:33Z,1032S27402C4,27402,C4,1,17000,18002,2026-08-22T06:02:00,37012,17000,E,40.471325,-3.6833096,10,True,2,8
2026-08-22T03:58:33Z,1032S27204C4,27204,C4,0,37011,37012,2026-08-22T06:05:00,37012,18000,A,40.24143,-3.769159,10,True,2,1
2026-08-22T03:58:33Z,1032S27209C4a,27209,C4a,4,37010,37001,2026-08-22T06:02:00,19003,37012,12.0,40.329926,-3.7241035,10,True,1,1
2026-08-22T03:58:33Z,1032S27407C4b,27407,C4b,0,17001,17009,2026-08-22T06:04:00,17005,18000,A,40.54373,-3.7003317,10,True,1,1
2026-08-22T03:58:33Z,1032S79210C7,79210,C7,0,18000,70002,2026-08-22T06:28:00,70103,18000,E,40.40667,-3.6893938,10,False,3,2
2026-08-22T03:58:33Z,1032S27207C4a,27207,C4a,7,17000,17001,2026-08-22T06:16:00,19003,18000,E,40.471325,-3.6833096,10,True,6,1
2026-08-22T03:58:33Z,1032S27406C4b,27406,C4b,0,17005,17004,2026-08-22T06:22:00,37012,17005,E,40.644844,-3.7762609,10,True,3,3
2026-08-22T03:58:33Z,1032S27208C4,27208,C4,10,37001,37010,2026-08-22T06:28:00,37012,18000,E,40.34132,-3.7123663,10,True,3,2
2026-08-22T03:58:33Z,1032S27000C3,27000,C3,0,60105,60200,2026-08-22T06:11:00,60200,17000,A,40.035027,-3.6189713,10,False,2,3
