timestamp_utc,tripId,codTren,codLinea,retrasoMin,codEstAct,codEstSig,horaLlegadaSigEst,codEstDest,codEstOrig,porAvanc,latitud,longitud,nucleo,accesible,via,nextVia
2026-08-19T00:04:06Z,3028M23578C1,23578,C1,12,50700,50701,2026-08-19T00:04:24,51003,50600,10.0,37.58847,-5.73386,30,False,2,2
2026-08-19T00:04:06Z,3028M23581C1,23581,C1,19,51100,51003,2026-08-19T00:04:21,51003,51200,E,37.377792,-5.9795485,30,False,1,
2026-08-19T00:04:06Z,3028M23743C5,23743,C5,6,43003,43027,2026-08-19T00:03:16,51003,43005,33.0,37.408543,-6.1310334,30,False,,1
2026-08-19T00:04:06Z,3228M35570C1,35570,C1,1,54510,54519,2026-08-19T00:01:01,54517,54516,A,36.613625,-4.509399,32,False,2,1
2026-08-19T00:04:06Z,3228M35577C1,35577,C1,2,54501,54503,2026-08-19T00:00:35,54516,54517,E,36.70121,-4.454409,32,False,,1
2026-08-19T00:04:06Z,3228M35589C2,23589,C2,-1439,54405,54405,2026-08-19T00:19:32,54405,54517,A,36.819714,-4.699568,32,False,,
2026-08-19T00:04:06Z,3228M23405C1,23405,C1,-1435,54516,54516,2026-08-19T00:21:07,54516,54517,A,36.541843,-4.6237864,32,False,1,1
2026-08-19T00:04:06Z,3228M23400C1,23400,C1,3,54503,54501,2026-08-19T00:02:01,54517,54516,E,36.69222,-4.48376,32,False,2,2
2026-08-19T00:04:06Z,5128M25472R2N,25472,R2N,0,72400,71707,2026-08-19T00:06:03,79100,72400,E,41.30425,2.0733776,50,True,,4
2026-08-19T00:04:06Z,5128M77468R4,77468,R4,-1427,78700,78700,2026-08-19T00:32:36,78700,71600,A,41.56993,2.0143688,50,True,2,2
2026-08-19T00:04:06Z,5128M77766R4,77766,R4,-7,71801,72305,2026-08-19T00:08:59,72209,78600,A,41.36431,2.1008937,50,False,,4
2026-08-19T00:04:06Z,5128M28393R2S,28393,R2S,-2,71802,71801,2026-08-19T00:01:30,71700,79400,A,41.379513,2.1412146,50,False,,
2026-08-19T00:04:06Z,5128M28490R2,28490,R2,-1437,71700,71700,2026-08-19T00:22:53,71700,79104,A,41.27745,1.9777229,50,True,3,3
2026-08-19T00:04:06Z,5128M77568R4,77568,R4,39,72206,72205,2026-08-19T00:02:35,71600,78600,E,41.39581,1.7681432,50,False,,1
2026-08-19T00:04:06Z,5128M77768R4,77768,R4,7,71801,72305,2026-08-19T00:06:18,72209,78700,E,41.379536,2.1411612,50,False,8,
2026-08-19T00:04:06Z,5128M25795R1,25795,R1,-1,79403,79404,2026-08-19T00:03:24,79500,72305,A,41.445705,2.2490852,50,True,,1
2026-08-19T00:04:06Z,5128M25567R2S,25567,R2S,3,71604,71603,2026-08-19T00:03:10,71600,79400,E,41.20413,1.6760199,50,False,1,1
2026-08-19T00:04:06Z,5128M28484R2N,28484,R2N,2,71707,72400,2026-08-19T00:00:40,72400,79200,87.0,41.301285,2.0645964,50,True,,1
2026-08-19T00:04:06Z,5128M77464R4,77464,R4,-1413,78600,78600,2026-08-19T00:24:04,78600,71600,A,41.72026,1.826487,50,False,2,2
2026-08-19T00:04:06Z,5128M25470R2N,25470,R2N,5,79011,79006,2026-08-19T00:02:10,79104,72400,25.0,41.51616,2.2043107,50,True,1,
2026-08-19T00:04:06Z,5128M25693R1,25693,R1,2,79601,79602,2026-08-19T00:03:00,79606,72305,E,41.586533,2.5813315,50,False,1,
2026-08-19T00:04:06Z,6028M35678C3,35678,C3,0,13108,13117,2026-08-19T00:01:55,13100,13200,E,43.16316,-2.9277587,60,True,,2
2026-08-19T00:04:06Z,6028M35681C3,35681,C3,1,13114,13119,2026-08-19T00:00:34,13200,13100,E,43.24241,-2.9163692,60,False,1,1
2026-08-19T00:04:06Z,6128M83145C1,83145,C1,0,11508,11511,2026-08-19T00:15:00,11600,11508,,43.27241,-1.9637448,61,False,1,
2026-08-19T00:04:06Z,6228M35949C1,26949,C1,19,14210,14213,2026-08-19T00:05:36,14223,14202,E,43.255173,-4.063747,62,False,,2
2026-08-19T00:04:06Z,6228M71185C2,71185,C2,0,05605,05604,2026-08-19T00:00:45,14223,05637,79.0,43.4502,-3.8650372,62,False,,2
2026-08-19T00:04:06Z,2028M22358C3,22358,C3,0,15211,15218,2026-08-19T00:01:00,15218,16405,A,43.3588,-5.8573804,20,False,2,1
2026-08-19T00:04:06Z,2028M22132C1,22132,C1,3,15212,15217,2026-08-19T00:02:00,15218,15410,E,43.404537,-5.81196,20,False,2,2
2026-08-19T00:04:06Z,2028M22139C1,22139,C1,3,15203,15206,2026-08-19T00:04:00,15211,15122,E,43.250034,-5.782385,20,False,1,1
2026-08-19T00:04:06Z,4128M84722C1,84722,C1,26,62101,62102,2026-08-19T00:22:00,60911,62101,E,38.224415,-0.7814662,41,False,3,1
2026-08-19T00:04:06Z,4128M84931C2,84931,C2,87,61200,06002,2026-08-19T00:34:00,06006,61200,E,37.97462,-1.1315287,41,False,1,2
2026-08-19T00:04:06Z,1028M20336C4a,20336,C4a,0,19003,19002,2026-08-20T00:03:00,17000,19003,E,40.546417,-3.6351175,10,False,2,2
2026-08-19T00:04:06Z,1028M79839C8a,79839,C8a,16,10203,10203,2026-08-18T23:59:00,10203,18000,E,40.58532,-4.1321955,10,False,5,5
2026-08-19T00:04:06Z,1028M19945C1,19945,C1,0,98305,98304,2026-08-20T00:12:00,18000,98305,E,40.4924,-3.593483,10,False,2,1
2026-08-19T00:04:06Z,1028M20522C4b,20522,C4b,24,17005,17004,2026-08-19T00:05:00,18000,17005,E,40.644844,-3.7762609,10,True,3,3
2026-08-19T00:04:06Z,1028M79171C7,79171,C7,-1435,10000,10000,2026-08-19T00:17:00,10000,70200,S,40.42163,-3.7193205,10,False,1,1
2026-08-19T00:04:06Z,1028M20520C4b,20520,C4b,4,18000,60100,2026-08-19T00:06:00,37012,17005,13.0,40.40084,-3.682559,10,True,7,1
2026-08-19T00:04:06Z,1028M19793C5,19793,C5,1,35001,35009,2026-08-19T00:00:00,35607,35012,E,40.328766,-3.7714624,10,False,1,1
2026-08-19T00:04:06Z,1028M19795C5,19795,C5,1,35002,35002,2026-08-18T23:55:00,35002,35012,A,40.283237,-3.7991464,10,False,1,1
2026-08-19T00:04:06Z,1028M20518C4b,20518,C4b,4,37011,37012,2026-08-19T00:06:00,37012,17005,13.0,40.27857,-3.7384615,10,True,2,2
2026-08-19T00:04:06Z,1028M79371C7,79371,C7,-1439,18000,18000,2026-08-19T00:00:00,18000,70103,E,40.40667,-3.6893938,10,False,1,1
2026-08-19T00:04:06Z,1028M79370C7,79370,C7,-1436,70103,70103,2026-08-19T00:09:00,70103,18000,E,40.4889,-3.3666708,10,False,6,6
2026-08-19T00:04:06Z,1028M79172C7,79172,C7,4,10010,10007,2026-08-19T00:03:00,17000,10000,A,40.474438,-3.846226,10,False,2,2
2026-08-19T00:04:06Z,1028M19791C5,19791,C5,0,18003,18000,2026-08-18T23:57:00,35607,35012,S,40.39592,-3.6779969,10,False,1,9
2026-08-19T00:04:06Z,1028M19790C5,19790,C5,0,35602,35601,2026-08-18T23:59:00,35012,35607,S,40.381268,-3.7802126,10,False,1,1
2026-08-19T00:04:06Z,1028M79491C2,79491,C2,0,70104,70105,2026-08-19T00:04:00,70200,18000,19.0,40.539566,-3.2922592,10,False,2,2
2026-08-19T00:04:06Z,1028M20327C4,20327,C4,-1425,17000,17000,2026-08-19T00:14:00,17000,37012,A,40.471325,-3.6833096,10,True,3,3
2026-08-19T00:04:06Z,1028M79373C7,79373,C7,1,70108,70100,2026-08-19T00:03:00,18000,70103,23.0,40.417698,-3.5687835,10,True,1,1
2026-08-19T00:04:06Z,1028M79493C2,79493,C2,7,98003,70101,2026-08-19T00:12:00,70200,18000,E,40.471153,-3.6823752,10,True,2,2
2026-08-19T00:04:06Z,1028M20524C4b,20524,C4b,-1439,18000,18000,2026-08-19T00:40:00,18000,17005,S,40.40654,-3.6895106,10,True,7,7
2026-08-19T00:04:06Z,1028M79991C2,79991,C2,-1438,17000,17000,2026-08-19T00:12:00,17000,18000,E,40.47097,-3.68245,10,False,10,10
2026-08-19T00:04:06Z,1028M20533C4,20533,C4,-1439,17000,17000,2026-08-19T00:34:00,17000,37012,A,40.471325,-3.6833096,10,True,5,5
2026-08-19T00:04:06Z,1028M20325C4a,20325,C4a,-1420,19003,19003,2026-08-19T00:18:00,19003,37012,S,40.546417,-3.6351175,10,True,2,2
2026-08-19T00:04:06Z,1028M20531C4,20531,C4,-1431,17000,17000,2026-08-19T00:24:00,17000,37012,S,40.471325,-3.6833096,10,True,5,5
2026-08-19T00:04:06Z,1028M19788C5,19788,C5,0,35704,37001,2026-08-19T00:02:00,35012,35607,E,40.35043,-3.705141,10,False,2,6
2026-08-19T00:04:06Z,1028M79841C8a,79841,C8a,6,97100,10100,2026-08-19T00:10:00,10203,18000,8.0,40.493187,-3.738863,10,True,1,3
2026-08-19T00:04:06Z,1028M79169C7,79169,C7,22,10000,10000,2026-08-18T23:59:00,10000,70200,E,40.42163,-3.7193205,10,False,4,4
2026-08-19T00:04:06Z,1028M79988C8b,79988,C8b,-1407,17000,17000,2026-08-19T00:10:00,17000,12006,E,40.47113,-3.6828332,10,False,6,6
2026-08-19T00:04:06Z,1028M79768C10,79768,C10,-1441,10200,10200,2026-08-20T00:08:00,10200,18004,E,40.62599,-4.0081153,10,False,4,4
2026-08-19T00:04:06Z,1028M19787C5,19787,C5,-1425,35607,35607,2026-08-19T00:00:00,35607,35012,S,40.330883,-3.8823783,10,False,2,2
2026-08-19T00:04:06Z,1028M20332C4a,20332,C4a,-1422,18000,18000,2026-08-19T00:01:00,18000,19003,E,40.40654,-3.6895106,10,False,5,5
2026-08-19T00:04:06Z,1028M79987C8b,79987,C8b,-1427,12006,12006,2026-08-19T00:40:00,12006,18000,S,40.737614,-4.0662985,10,False,2,2
2026-08-19T00:04:06Z,1028M79989C2,79989,C2,5,17000,17000,2026-08-18T23:59:00,17000,18000,A,40.47097,-3.68245,10,False,10,10
2026-08-19T00:04:06Z,1028M20111C3,20111,C3,-1438,17000,17000,2026-08-19T00:23:00,17000,60200,S,40.471382,-3.6834786,10,True,5,5
2026-08-19T00:04:06Z,1028M20110C3,20110,C3,-1423,60200,60200,2026-08-19T00:00:00,60200,17000,A,40.035027,-3.6189713,10,True,5,5
2026-08-19T00:08:35Z,3028M23578C1,23578,C1,12,50700,50701,2026-08-19T00:04:24,51003,50600,10.0,37.58847,-5.73386,30,False,2,2
2026-08-19T00:08:35Z,3028M23581C1,23581,C1,19,51100,51003,2026-08-19T00:04:21,51003,51200,E,37.377792,-5.9795485,30,False,1,
2026-08-19T00:08:35Z,3028M23743C5,23743,C5,6,43003,43027,2026-08-19T00:03:16,51003,43005,33.0,37.408543,-6.1310334,30,False,,1
2026-08-19T00:08:35Z,3228M35570C1,35570,C1,1,54510,54519,2026-08-19T00:01:01,54517,54516,A,36.613625,-4.509399,32,False,2,1
2026-08-19T00:08:35Z,3228M35577C1,35577,C1,2,54501,54503,2026-08-19T00:00:35,54516,54517,E,36.70121,-4.454409,32,False,,1
2026-08-19T00:08:35Z,3228M35589C2,23589,C2,-1439,54405,54405,2026-08-19T00:19:32,54405,54517,A,36.819714,-4.699568,32,False,,
2026-08-19T00:08:35Z,3228M23405C1,23405,C1,-1435,54516,54516,2026-08-19T00:21:07,54516,54517,A,36.541843,-4.6237864,32,False,1,1
2026-08-19T00:08:35Z,3228M23400C1,23400,C1,3,54503,54501,2026-08-19T00:02:01,54517,54516,E,36.69222,-4.48376,32,False,2,2
2026-08-19T00:08:35Z,5128M25472R2N,25472,R2N,0,72400,71707,2026-08-19T00:06:03,79100,72400,E,41.30425,2.0733776,50,True,,4
2026-08-19T00:08:35Z,5128M77468R4,77468,R4,-1427,78700,78700,2026-08-19T00:32:36,78700,71600,A,41.56993,2.0143688,50,True,2,2
2026-08-19T00:08:35Z,5128M77766R4,77766,R4,-7,71801,72305,2026-08-19T00:08:59,72209,78600,A,41.36431,2.1008937,50,False,,4
2026-08-19T00:08:35Z,5128M28393R2S,28393,R2S,-2,71802,71801,2026-08-19T00:01:30,71700,79400,A,41.379513,2.1412146,50,False,,
2026-08-19T00:08:35Z,5128M28490R2,28490,R2,-1437,71700,71700,2026-08-19T00:22:53,71700,79104,A,41.27745,1.9777229,50,True,3,3
2026-08-19T00:08:35Z,5128M77568R4,77568,R4,39,72206,72205,2026-08-19T00:02:35,71600,78600,E,41.39581,1.7681432,50,False,,1
2026-08-19T00:08:35Z,5128M77768R4,77768,R4,7,71801,72305,2026-08-19T00:06:18,72209,78700,E,41.379536,2.1411612,50,False,8,
2026-08-19T00:08:35Z,5128M25795R1,25795,R1,-1,79403,79404,2026-08-19T00:03:24,79500,72305,A,41.445705,2.2490852,50,True,,1
2026-08-19T00:08:35Z,5128M25567R2S,25567,R2S,3,71604,71603,2026-08-19T00:03:10,71600,79400,E,41.20413,1.6760199,50,False,1,1
2026-08-19T00:08:35Z,5128M28484R2N,28484,R2N,2,71707,72400,2026-08-19T00:00:40,72400,79200,87.0,41.301285,2.0645964,50,True,,1
2026-08-19T00:08:35Z,5128M77464R4,77464,R4,-1413,78600,78600,2026-08-19T00:24:04,78600,71600,A,41.72026,1.826487,50,False,2,2
2026-08-19T00:08:35Z,5128M25470R2N,25470,R2N,5,79011,79006,2026-08-19T00:02:10,79104,72400,25.0,41.51616,2.2043107,50,True,1,
2026-08-19T00:08:35Z,5128M25693R1,25693,R1,2,79601,79602,2026-08-19T00:03:00,79606,72305,E,41.586533,2.5813315,50,False,1,
2026-08-19T00:08:35Z,6028M35678C3,35678,C3,0,13108,13117,2026-08-19T00:01:55,13100,13200,E,43.16316,-2.9277587,60,True,,2
2026-08-19T00:08:35Z,6028M35681C3,35681,C3,1,13114,13119,2026-08-19T00:00:34,13200,13100,E,43.24241,-2.9163692,60,False,1,1
2026-08-19T00:08:35Z,6128M83145C1,83145,C1,0,11508,11511,2026-08-19T00:15:00,11600,11508,,43.27241,-1.9637448,61,False,1,
2026-08-19T00:08:35Z,6228M35949C1,26949,C1,19,14210,14213,2026-08-19T00:05:36,14223,14202,E,43.255173,-4.063747,62,False,,2
2026-08-19T00:08:35Z,6228M71185C2,71185,C2,0,05605,05604,2026-08-19T00:00:45,14223,05637,79.0,43.4502,-3.8650372,62,False,,2
2026-08-19T00:08:35Z,2028M22358C3,22358,C3,0,15211,15218,2026-08-19T00:01:00,15218,16405,A,43.3588,-5.8573804,20,False,2,1
2026-08-19T00:08:35Z,2028M22132C1,22132,C1,3,15212,15217,2026-08-19T00:02:00,15218,15410,E,43.404537,-5.81196,20,False,2,2
2026-08-19T00:08:35Z,2028M22139C1,22139,C1,3,15203,15206,2026-08-19T00:04:00,15211,15122,E,43.250034,-5.782385,20,False,1,1
2026-08-19T00:08:35Z,4128M84722C1,84722,C1,26,62101,62102,2026-08-19T00:22:00,60911,62101,E,38.224415,-0.7814662,41,False,3,1
2026-08-19T00:08:35Z,4128M84931C2,84931,C2,87,61200,06002,2026-08-19T00:34:00,06006,61200,E,37.97462,-1.1315287,41,False,1,2
2026-08-19T00:08:35Z,1028M20336C4a,20336,C4a,0,19003,19002,2026-08-20T00:03:00,17000,19003,E,40.546417,-3.6351175,10,False,2,2
2026-08-19T00:08:35Z,1028M79839C8a,79839,C8a,16,10203,10203,2026-08-18T23:59:00,10203,18000,E,40.58532,-4.1321955,10,False,5,5
2026-08-19T00:08:35Z,1028M19945C1,19945,C1,0,98305,98304,2026-08-20T00:12:00,18000,98305,E,40.4924,-3.593483,10,False,2,1
2026-08-19T00:08:35Z,1028M20522C4b,20522,C4b,24,17005,17004,2026-08-19T00:05:00,18000,17005,E,40.644844,-3.7762609,10,True,3,3
2026-08-19T00:08:35Z,1028M79171C7,79171,C7,-1435,10000,10000,2026-08-19T00:17:00,10000,70200,S,40.42163,-3.7193205,10,False,1,1
2026-08-19T00:08:35Z,1028M20520C4b,20520,C4b,4,18000,60100,2026-08-19T00:06:00,37012,17005,13.0,40.40084,-3.682559,10,True,7,1
2026-08-19T00:08:35Z,1028M19793C5,19793,C5,1,35001,35009,2026-08-19T00:00:00,35607,35012,E,40.328766,-3.7714624,10,False,1,1
2026-08-19T00:08:35Z,1028M19795C5,19795,C5,1,35002,35002,2026-08-18T23:55:00,35002,35012,A,40.283237,-3.7991464,10,False,1,1
2026-08-19T00:08:35Z,1028M20518C4b,20518,C4b,4,37011,37012,2026-08-19T00:06:00,37012,17005,13.0,40.27857,-3.7384615,10,True,2,2
2026-08-19T00:08:35Z,1028M79371C7,79371,C7,-1439,18000,18000,2026-08-19T00:00:00,18000,70103,E,40.40667,-3.6893938,10,False,1,1
2026-08-19T00:08:35Z,1028M79370C7,79370,C7,-1436,70103,70103,2026-08-19T00:09:00,70103,18000,E,40.4889,-3.3666708,10,False,6,6
2026-08-19T00:08:35Z,1028M79172C7,79172,C7,4,10010,10007,2026-08-19T00:03:00,17000,10000,A,40.474438,-3.846226,10,False,2,2
2026-08-19T00:08:35Z,1028M19791C5,19791,C5,0,18003,18000,2026-08-18T23:57:00,35607,35012,S,40.39592,-3.6779969,10,False,1,9
2026-08-19T00:08:35Z,1028M19790C5,19790,C5,0,35602,35601,2026-08-18T23:59:00,35012,35607,S,40.381268,-3.7802126,10,False,1,1
2026-08-19T00:08:35Z,1028M79491C2,79491,C2,0,70104,70105,2026-08-19T00:04:00,70200,18000,19.0,40.539566,-3.2922592,10,False,2,2
2026-08-19T00:08:35Z,1028M20327C4,20327,C4,-1425,17000,17000,2026-08-19T00:14:00,17000,37012,A,40.471325,-3.6833096,10,True,3,3
2026-08-19T00:08:35Z,1028M79373C7,79373,C7,1,70108,70100,2026-08-19T00:03:00,18000,70103,23.0,40.417698,-3.5687835,10,True,1,1
2026-08-19T00:08:35Z,1028M79493C2,79493,C2,7,98003,70101,2026-08-19T00:12:00,70200,18000,E,40.471153,-3.6823752,10,True,2,2
2026-08-19T00:08:35Z,1028M20524C4b,20524,C4b,-1439,18000,18000,2026-08-19T00:40:00,18000,17005,S,40.40654,-3.6895106,10,True,7,7
2026-08-19T00:08:35Z,1028M79991C2,79991,C2,-1438,17000,17000,2026-08-19T00:12:00,17000,18000,E,40.47097,-3.68245,10,False,10,10
2026-08-19T00:08:35Z,1028M20533C4,20533,C4,-1439,17000,17000,2026-08-19T00:34:00,17000,37012,A,40.471325,-3.6833096,10,True,5,5
2026-08-19T00:08:35Z,1028M20325C4a,20325,C4a,-1420,19003,19003,2026-08-19T00:18:00,19003,37012,S,40.546417,-3.6351175,10,True,2,2
2026-08-19T00:08:35Z,1028M20531C4,20531,C4,-1431,17000,17000,2026-08-19T00:24:00,17000,37012,S,40.471325,-3.6833096,10,True,5,5
2026-08-19T00:08:35Z,1028M19788C5,19788,C5,0,35704,37001,2026-08-19T00:02:00,35012,35607,E,40.35043,-3.705141,10,False,2,6
2026-08-19T00:08:35Z,1028M79841C8a,79841,C8a,6,97100,10100,2026-08-19T00:10:00,10203,18000,8.0,40.493187,-3.738863,10,True,1,3
2026-08-19T00:08:35Z,1028M79169C7,79169,C7,22,10000,10000,2026-08-18T23:59:00,10000,70200,E,40.42163,-3.7193205,10,False,4,4
2026-08-19T00:08:35Z,1028M79988C8b,79988,C8b,-1407,17000,17000,2026-08-19T00:10:00,17000,12006,E,40.47113,-3.6828332,10,False,6,6
2026-08-19T00:08:35Z,1028M79768C10,79768,C10,-1441,10200,10200,2026-08-20T00:08:00,10200,18004,E,40.62599,-4.0081153,10,False,4,4
2026-08-19T00:08:35Z,1028M19787C5,19787,C5,-1425,35607,35607,2026-08-19T00:00:00,35607,35012,S,40.330883,-3.8823783,10,False,2,2
2026-08-19T00:08:35Z,1028M20332C4a,20332,C4a,-1422,18000,18000,2026-08-19T00:01:00,18000,19003,E,40.40654,-3.6895106,10,False,5,5
2026-08-19T00:08:35Z,1028M79987C8b,79987,C8b,-1427,12006,12006,2026-08-19T00:40:00,12006,18000,S,40.737614,-4.0662985,10,False,2,2
2026-08-19T00:08:35Z,1028M79989C2,79989,C2,5,17000,17000,2026-08-18T23:59:00,17000,18000,A,40.47097,-3.68245,10,False,10,10
2026-08-19T00:08:35Z,1028M20111C3,20111,C3,-1438,17000,17000,2026-08-19T00:23:00,17000,60200,S,40.471382,-3.6834786,10,True,5,5
2026-08-19T00:08:35Z,1028M20110C3,20110,C3,-1423,60200,60200,2026-08-19T00:00:00,60200,17000,A,40.035027,-3.6189713,10,True,5,5
2026-08-19T00:13:34Z,3028M23578C1,23578,C1,12,50700,50701,2026-08-19T00:04:24,51003,50600,10.0,37.58847,-5.73386,30,False,2,2
2026-08-19T00:13:34Z,3028M23581C1,23581,C1,19,51100,51003,2026-08-19T00:04:21,51003,51200,E,37.377792,-5.9795485,30,False,1,
2026-08-19T00:13:34Z,3028M23743C5,23743,C5,6,43003,43027,2026-08-19T00:03:16,51003,43005,33.0,37.408543,-6.1310334,30,False,,1
2026-08-19T00:13:34Z,3228M35570C1,35570,C1,1,54510,54519,2026-08-19T00:01:01,54517,54516,A,36.613625,-4.509399,32,False,2,1
2026-08-19T00:13:34Z,3228M35577C1,35577,C1,2,54501,54503,2026-08-19T00:00:35,54516,54517,E,36.70121,-4.454409,32,False,,1
2026-08-19T00:13:34Z,3228M35589C2,23589,C2,-1439,54405,54405,2026-08-19T00:19:32,54405,54517,A,36.819714,-4.699568,32,False,,
2026-08-19T00:13:34Z,3228M23405C1,23405,C1,-1435,54516,54516,2026-08-19T00:21:07,54516,54517,A,36.541843,-4.6237864,32,False,1,1
2026-08-19T00:13:34Z,3228M23400C1,23400,C1,3,54503,54501,2026-08-19T00:02:01,54517,54516,E,36.69222,-4.48376,32,False,2,2
2026-08-19T00:13:34Z,5128M25472R2N,25472,R2N,0,72400,71707,2026-08-19T00:06:03,79100,72400,E,41.30425,2.0733776,50,True,,4
2026-08-19T00:13:34Z,5128M77468R4,77468,R4,-1427,78700,78700,2026-08-19T00:32:36,78700,71600,A,41.56993,2.0143688,50,True,2,2
2026-08-19T00:13:34Z,5128M77766R4,77766,R4,-7,71801,72305,2026-08-19T00:08:59,72209,78600,A,41.36431,2.1008937,50,False,,4
2026-08-19T00:13:34Z,5128M28393R2S,28393,R2S,-2,71802,71801,2026-08-19T00:01:30,71700,79400,A,41.379513,2.1412146,50,False,,
2026-08-19T00:13:34Z,5128M28490R2,28490,R2,-1437,71700,71700,2026-08-19T00:22:53,71700,79104,A,41.27745,1.9777229,50,True,3,3
2026-08-19T00:13:34Z,5128M77568R4,77568,R4,39,72206,72205,2026-08-19T00:02:35,71600,78600,E,41.39581,1.7681432,50,False,,1
2026-08-19T00:13:34Z,5128M77768R4,77768,R4,7,71801,72305,2026-08-19T00:06:18,72209,78700,E,41.379536,2.1411612,50,False,8,
2026-08-19T00:13:34Z,5128M25795R1,25795,R1,-1,79403,79404,2026-08-19T00:03:24,79500,72305,A,41.445705,2.2490852,50,True,,1
2026-08-19T00:13:34Z,5128M25567R2S,25567,R2S,3,71604,71603,2026-08-19T00:03:10,71600,79400,E,41.20413,1.6760199,50,False,1,1
2026-08-19T00:13:34Z,5128M28484R2N,28484,R2N,2,71707,72400,2026-08-19T00:00:40,72400,79200,87.0,41.301285,2.0645964,50,True,,1
2026-08-19T00:13:34Z,5128M77464R4,77464,R4,-1413,78600,78600,2026-08-19T00:24:04,78600,71600,A,41.72026,1.826487,50,False,2,2
2026-08-19T00:13:34Z,5128M25470R2N,25470,R2N,5,79011,79006,2026-08-19T00:02:10,79104,72400,25.0,41.51616,2.2043107,50,True,1,
2026-08-19T00:13:34Z,5128M25693R1,25693,R1,2,79601,79602,2026-08-19T00:03:00,79606,72305,E,41.586533,2.5813315,50,False,1,
2026-08-19T00:13:34Z,6028M35678C3,35678,C3,0,13108,13117,2026-08-19T00:01:55,13100,13200,E,43.16316,-2.9277587,60,True,,2
2026-08-19T00:13:34Z,6028M35681C3,35681,C3,1,13114,13119,2026-08-19T00:00:34,13200,13100,E,43.24241,-2.9163692,60,False,1,1
2026-08-19T00:13:34Z,6128M83145C1,83145,C1,0,11508,11511,2026-08-19T00:15:00,11600,11508,,43.27241,-1.9637448,61,False,1,
2026-08-19T00:13:34Z,6228M35949C1,26949,C1,19,14210,14213,2026-08-19T00:05:36,14223,14202,E,43.255173,-4.063747,62,False,,2
2026-08-19T00:13:34Z,6228M71185C2,71185,C2,0,05605,05604,2026-08-19T00:00:45,14223,05637,79.0,43.4502,-3.8650372,62,False,,2
2026-08-19T00:13:34Z,2028M22358C3,22358,C3,0,15211,15218,2026-08-19T00:01:00,15218,16405,A,43.3588,-5.8573804,20,False,2,1
2026-08-19T00:13:34Z,2028M22132C1,22132,C1,3,15212,15217,2026-08-19T00:02:00,15218,15410,E,43.404537,-5.81196,20,False,2,2
2026-08-19T00:13:34Z,2028M22139C1,22139,C1,3,15203,15206,2026-08-19T00:04:00,15211,15122,E,43.250034,-5.782385,20,False,1,1
2026-08-19T00:13:34Z,4128M84722C1,84722,C1,26,62101,62102,2026-08-19T00:22:00,60911,62101,E,38.224415,-0.7814662,41,False,3,1
2026-08-19T00:13:34Z,4128M84931C2,84931,C2,87,61200,06002,2026-08-19T00:34:00,06006,61200,E,37.97462,-1.1315287,41,False,1,2
2026-08-19T00:13:34Z,1028M20336C4a,20336,C4a,0,19003,19002,2026-08-20T00:03:00,17000,19003,E,40.546417,-3.6351175,10,False,2,2
2026-08-19T00:13:34Z,1028M79839C8a,79839,C8a,16,10203,10203,2026-08-18T23:59:00,10203,18000,E,40.58532,-4.1321955,10,False,5,5
2026-08-19T00:13:34Z,1028M19945C1,19945,C1,0,98305,98304,2026-08-20T00:12:00,18000,98305,E,40.4924,-3.593483,10,False,2,1
2026-08-19T00:13:34Z,1028M20522C4b,20522,C4b,24,17005,17004,2026-08-19T00:05:00,18000,17005,E,40.644844,-3.7762609,10,True,3,3
2026-08-19T00:13:34Z,1028M79171C7,79171,C7,-1435,10000,10000,2026-08-19T00:17:00,10000,70200,S,40.42163,-3.7193205,10,False,1,1
2026-08-19T00:13:34Z,1028M20520C4b,20520,C4b,4,18000,60100,2026-08-19T00:06:00,37012,17005,13.0,40.40084,-3.682559,10,True,7,1
2026-08-19T00:13:34Z,1028M19793C5,19793,C5,1,35001,35009,2026-08-19T00:00:00,35607,35012,E,40.328766,-3.7714624,10,False,1,1
2026-08-19T00:13:34Z,1028M19795C5,19795,C5,1,35002,35002,2026-08-18T23:55:00,35002,35012,A,40.283237,-3.7991464,10,False,1,1
2026-08-19T00:13:34Z,1028M20518C4b,20518,C4b,4,37011,37012,2026-08-19T00:06:00,37012,17005,13.0,40.27857,-3.7384615,10,True,2,2
2026-08-19T00:13:34Z,1028M79371C7,79371,C7,-1439,18000,18000,2026-08-19T00:00:00,18000,70103,E,40.40667,-3.6893938,10,False,1,1
2026-08-19T00:13:34Z,1028M79370C7,79370,C7,-1436,70103,70103,2026-08-19T00:09:00,70103,18000,E,40.4889,-3.3666708,10,False,6,6
2026-08-19T00:13:34Z,1028M79172C7,79172,C7,4,10010,10007,2026-08-19T00:03:00,17000,10000,A,40.474438,-3.846226,10,False,2,2
2026-08-19T00:13:34Z,1028M19791C5,19791,C5,0,18003,18000,2026-08-18T23:57:00,35607,35012,S,40.39592,-3.6779969,10,False,1,9
2026-08-19T00:13:34Z,1028M19790C5,19790,C5,0,35602,35601,2026-08-18T23:59:00,35012,35607,S,40.381268,-3.7802126,10,False,1,1
2026-08-19T00:13:34Z,1028M79491C2,79491,C2,0,70104,70105,2026-08-19T00:04:00,70200,18000,19.0,40.539566,-3.2922592,10,False,2,2
2026-08-19T00:13:34Z,1028M20327C4,20327,C4,-1425,17000,17000,2026-08-19T00:14:00,17000,37012,A,40.471325,-3.6833096,10,True,3,3
2026-08-19T00:13:34Z,1028M79373C7,79373,C7,1,70108,70100,2026-08-19T00:03:00,18000,70103,23.0,40.417698,-3.5687835,10,True,1,1
2026-08-19T00:13:34Z,1028M79493C2,79493,C2,7,98003,70101,2026-08-19T00:12:00,70200,18000,E,40.471153,-3.6823752,10,True,2,2
2026-08-19T00:13:34Z,1028M20524C4b,20524,C4b,-1439,18000,18000,2026-08-19T00:40:00,18000,17005,S,40.40654,-3.6895106,10,True,7,7
2026-08-19T00:13:34Z,1028M79991C2,79991,C2,-1438,17000,17000,2026-08-19T00:12:00,17000,18000,E,40.47097,-3.68245,10,False,10,10
2026-08-19T00:13:34Z,1028M20533C4,20533,C4,-1439,17000,17000,2026-08-19T00:34:00,17000,37012,A,40.471325,-3.6833096,10,True,5,5
2026-08-19T00:13:34Z,1028M20325C4a,20325,C4a,-1420,19003,19003,2026-08-19T00:18:00,19003,37012,S,40.546417,-3.6351175,10,True,2,2
2026-08-19T00:13:34Z,1028M20531C4,20531,C4,-1431,17000,17000,2026-08-19T00:24:00,17000,37012,S,40.471325,-3.6833096,10,True,5,5
2026-08-19T00:13:34Z,1028M19788C5,19788,C5,0,35704,37001,2026-08-19T00:02:00,35012,35607,E,40.35043,-3.705141,10,False,2,6
2026-08-19T00:13:34Z,1028M79841C8a,79841,C8a,6,97100,10100,2026-08-19T00:10:00,10203,18000,8.0,40.493187,-3.738863,10,True,1,3
2026-08-19T00:13:34Z,1028M79169C7,79169,C7,22,10000,10000,2026-08-18T23:59:00,10000,70200,E,40.42163,-3.7193205,10,False,4,4
2026-08-19T00:13:34Z,1028M79988C8b,79988,C8b,-1407,17000,17000,2026-08-19T00:10:00,17000,12006,E,40.47113,-3.6828332,10,False,6,6
2026-08-19T00:13:34Z,1028M79768C10,79768,C10,-1441,10200,10200,2026-08-20T00:08:00,10200,18004,E,40.62599,-4.0081153,10,False,4,4
2026-08-19T00:13:34Z,1028M19787C5,19787,C5,-1425,35607,35607,2026-08-19T00:00:00,35607,35012,S,40.330883,-3.8823783,10,False,2,2
2026-08-19T00:13:34Z,1028M20332C4a,20332,C4a,-1422,18000,18000,2026-08-19T00:01:00,18000,19003,E,40.40654,-3.6895106,10,False,5,5
2026-08-19T00:13:34Z,1028M79987C8b,79987,C8b,-1427,12006,12006,2026-08-19T00:40:00,12006,18000,S,40.737614,-4.0662985,10,False,2,2
2026-08-19T00:13:34Z,1028M79989C2,79989,C2,5,17000,17000,2026-08-18T23:59:00,17000,18000,A,40.47097,-3.68245,10,False,10,10
2026-08-19T00:13:34Z,1028M20111C3,20111,C3,-1438,17000,17000,2026-08-19T00:23:00,17000,60200,S,40.471382,-3.6834786,10,True,5,5
2026-08-19T00:13:34Z,1028M20110C3,20110,C3,-1423,60200,60200,2026-08-19T00:00:00,60200,17000,A,40.035027,-3.6189713,10,True,5,5
2026-08-19T00:18:24Z,3028M23578C1,23578,C1,12,50700,50701,2026-08-19T00:04:24,51003,50600,10.0,37.58847,-5.73386,30,False,2,2
2026-08-19T00:18:24Z,3028M23581C1,23581,C1,19,51100,51003,2026-08-19T00:04:21,51003,51200,E,37.377792,-5.9795485,30,False,1,
2026-08-19T00:18:24Z,3028M23743C5,23743,C5,6,43003,43027,2026-08-19T00:03:16,51003,43005,33.0,37.408543,-6.1310334,30,False,,1
2026-08-19T00:18:24Z,3228M35570C1,35570,C1,1,54510,54519,2026-08-19T00:01:01,54517,54516,A,36.613625,-4.509399,32,False,2,1
2026-08-19T00:18:24Z,3228M35577C1,35577,C1,2,54501,54503,2026-08-19T00:00:35,54516,54517,E,36.70121,-4.454409,32,False,,1
2026-08-19T00:18:24Z,3228M35589C2,23589,C2,-1439,54405,54405,2026-08-19T00:19:32,54405,54517,A,36.819714,-4.699568,32,False,,
2026-08-19T00:18:24Z,3228M23405C1,23405,C1,-1435,54516,54516,2026-08-19T00:21:07,54516,54517,A,36.541843,-4.6237864,32,False,1,1
2026-08-19T00:18:24Z,3228M23400C1,23400,C1,3,54503,54501,2026-08-19T00:02:01,54517,54516,E,36.69222,-4.48376,32,False,2,2
2026-08-19T00:18:24Z,5128M25472R2N,25472,R2N,0,72400,71707,2026-08-19T00:06:03,79100,72400,E,41.30425,2.0733776,50,True,,4
2026-08-19T00:18:24Z,5128M77468R4,77468,R4,-1427,78700,78700,2026-08-19T00:32:36,78700,71600,A,41.56993,2.0143688,50,True,2,2
2026-08-19T00:18:24Z,5128M77766R4,77766,R4,-7,71801,72305,2026-08-19T00:08:59,72209,78600,A,41.36431,2.1008937,50,False,,4
2026-08-19T00:18:24Z,5128M28393R2S,28393,R2S,-2,71802,71801,2026-08-19T00:01:30,71700,79400,A,41.379513,2.1412146,50,False,,
2026-08-19T00:18:24Z,5128M28490R2,28490,R2,-1437,71700,71700,2026-08-19T00:22:53,71700,79104,A,41.27745,1.9777229,50,True,3,3
2026-08-19T00:18:24Z,5128M77568R4,77568,R4,39,72206,72205,2026-08-19T00:02:35,71600,78600,E,41.39581,1.7681432,50,False,,1
2026-08-19T00:18:24Z,5128M77768R4,77768,R4,7,71801,72305,2026-08-19T00:06:18,72209,78700,E,41.379536,2.1411612,50,False,8,
2026-08-19T00:18:24Z,5128M25795R1,25795,R1,-1,79403,79404,2026-08-19T00:03:24,79500,72305,A,41.445705,2.2490852,50,True,,1
2026-08-19T00:18:24Z,5128M25567R2S,25567,R2S,3,71604,71603,2026-08-19T00:03:10,71600,79400,E,41.20413,1.6760199,50,False,1,1
2026-08-19T00:18:24Z,5128M28484R2N,28484,R2N,2,71707,72400,2026-08-19T00:00:40,72400,79200,87.0,41.301285,2.0645964,50,True,,1
2026-08-19T00:18:24Z,5128M77464R4,77464,R4,-1413,78600,78600,2026-08-19T00:24:04,78600,71600,A,41.72026,1.826487,50,False,2,2
2026-08-19T00:18:24Z,5128M25470R2N,25470,R2N,5,79011,79006,2026-08-19T00:02:10,79104,72400,25.0,41.51616,2.2043107,50,True,1,
2026-08-19T00:18:24Z,5128M25693R1,25693,R1,2,79601,79602,2026-08-19T00:03:00,79606,72305,E,41.586533,2.5813315,50,False,1,
2026-08-19T00:18:24Z,6028M35678C3,35678,C3,0,13108,13117,2026-08-19T00:01:55,13100,13200,E,43.16316,-2.9277587,60,True,,2
2026-08-19T00:18:24Z,6028M35681C3,35681,C3,1,13114,13119,2026-08-19T00:00:34,13200,13100,E,43.24241,-2.9163692,60,False,1,1
2026-08-19T00:18:24Z,6128M83145C1,83145,C1,0,11508,11511,2026-08-19T00:15:00,11600,11508,,43.27241,-1.9637448,61,False,1,
2026-08-19T00:18:24Z,6228M35949C1,26949,C1,19,14210,14213,2026-08-19T00:05:36,14223,14202,E,43.255173,-4.063747,62,False,,2
2026-08-19T00:18:24Z,6228M71185C2,71185,C2,0,05605,05604,2026-08-19T00:00:45,14223,05637,79.0,43.4502,-3.8650372,62,False,,2
2026-08-19T00:18:24Z,2028M22358C3,22358,C3,0,15211,15218,2026-08-19T00:01:00,15218,16405,A,43.3588,-5.8573804,20,False,2,1
2026-08-19T00:18:24Z,2028M22132C1,22132,C1,3,15212,15217,2026-08-19T00:02:00,15218,15410,E,43.404537,-5.81196,20,False,2,2
2026-08-19T00:18:24Z,2028M22139C1,22139,C1,3,15203,15206,2026-08-19T00:04:00,15211,15122,E,43.250034,-5.782385,20,False,1,1
2026-08-19T00:18:24Z,4128M84722C1,84722,C1,26,62101,62102,2026-08-19T00:22:00,60911,62101,E,38.224415,-0.7814662,41,False,3,1
2026-08-19T00:18:24Z,4128M84931C2,84931,C2,87,61200,06002,2026-08-19T00:34:00,06006,61200,E,37.97462,-1.1315287,41,False,1,2
2026-08-19T00:18:24Z,1028M20336C4a,20336,C4a,0,19003,19002,2026-08-20T00:03:00,17000,19003,E,40.546417,-3.6351175,10,False,2,2
2026-08-19T00:18:24Z,1028M79839C8a,79839,C8a,16,10203,10203,2026-08-18T23:59:00,10203,18000,E,40.58532,-4.1321955,10,False,5,5
2026-08-19T00:18:24Z,1028M19945C1,19945,C1,0,98305,98304,2026-08-20T00:12:00,18000,98305,E,40.4924,-3.593483,10,False,2,1
2026-08-19T00:18:24Z,1028M20522C4b,20522,C4b,24,17005,17004,2026-08-19T00:05:00,18000,17005,E,40.644844,-3.7762609,10,True,3,3
2026-08-19T00:18:24Z,1028M79171C7,79171,C7,-1435,10000,10000,2026-08-19T00:17:00,10000,70200,S,40.42163,-3.7193205,10,False,1,1
2026-08-19T00:18:24Z,1028M20520C4b,20520,C4b,4,18000,60100,2026-08-19T00:06:00,37012,17005,13.0,40.40084,-3.682559,10,True,7,1
2026-08-19T00:18:24Z,1028M19793C5,19793,C5,1,35001,35009,2026-08-19T00:00:00,35607,35012,E,40.328766,-3.7714624,10,False,1,1
2026-08-19T00:18:24Z,1028M19795C5,19795,C5,1,35002,35002,2026-08-18T23:55:00,35002,35012,A,40.283237,-3.7991464,10,False,1,1
2026-08-19T00:18:24Z,1028M20518C4b,20518,C4b,4,37011,37012,2026-08-19T00:06:00,37012,17005,13.0,40.27857,-3.7384615,10,True,2,2
2026-08-19T00:18:24Z,1028M79371C7,79371,C7,-1439,18000,18000,2026-08-19T00:00:00,18000,70103,E,40.40667,-3.6893938,10,False,1,1
2026-08-19T00:18:24Z,1028M79370C7,79370,C7,-1436,70103,70103,2026-08-19T00:09:00,70103,18000,E,40.4889,-3.3666708,10,False,6,6
2026-08-19T00:18:24Z,1028M79172C7,79172,C7,4,10010,10007,2026-08-19T00:03:00,17000,10000,A,40.474438,-3.846226,10,False,2,2
2026-08-19T00:18:24Z,1028M19791C5,19791,C5,0,18003,18000,2026-08-18T23:57:00,35607,35012,S,40.39592,-3.6779969,10,False,1,9
2026-08-19T00:18:24Z,1028M19790C5,19790,C5,0,35602,35601,2026-08-18T23:59:00,35012,35607,S,40.381268,-3.7802126,10,False,1,1
2026-08-19T00:18:24Z,1028M79491C2,79491,C2,0,70104,70105,2026-08-19T00:04:00,70200,18000,19.0,40.539566,-3.2922592,10,False,2,2
2026-08-19T00:18:24Z,1028M20327C4,20327,C4,-1425,17000,17000,2026-08-19T00:14:00,17000,37012,A,40.471325,-3.6833096,10,True,3,3
2026-08-19T00:18:24Z,1028M79373C7,79373,C7,1,70108,70100,2026-08-19T00:03:00,18000,70103,23.0,40.417698,-3.5687835,10,True,1,1
2026-08-19T00:18:24Z,1028M79493C2,79493,C2,7,98003,70101,2026-08-19T00:12:00,70200,18000,E,40.471153,-3.6823752,10,True,2,2
2026-08-19T00:18:24Z,1028M20524C4b,20524,C4b,-1439,18000,18000,2026-08-19T00:40:00,18000,17005,S,40.40654,-3.6895106,10,True,7,7
2026-08-19T00:18:24Z,1028M79991C2,79991,C2,-1438,17000,17000,2026-08-19T00:12:00,17000,18000,E,40.47097,-3.68245,10,False,10,10
2026-08-19T00:18:24Z,1028M20533C4,20533,C4,-1439,17000,17000,2026-08-19T00:34:00,17000,37012,A,40.471325,-3.6833096,10,True,5,5
2026-08-19T00:18:24Z,1028M20325C4a,20325,C4a,-1420,19003,19003,2026-08-19T00:18:00,19003,37012,S,40.546417,-3.6351175,10,True,2,2
2026-08-19T00:18:24Z,1028M20531C4,20531,C4,-1431,17000,17000,2026-08-19T00:24:00,17000,37012,S,40.471325,-3.6833096,10,True,5,5
2026-08-19T00:18:24Z,1028M19788C5,19788,C5,0,35704,37001,2026-08-19T00:02:00,35012,35607,E,40.35043,-3.705141,10,False,2,6
2026-08-19T00:18:24Z,1028M79841C8a,79841,C8a,6,97100,10100,2026-08-19T00:10:00,10203,18000,8.0,40.493187,-3.738863,10,True,1,3
2026-08-19T00:18:24Z,1028M79169C7,79169,C7,22,10000,10000,2026-08-18T23:59:00,10000,70200,E,40.42163,-3.7193205,10,False,4,4
2026-08-19T00:18:24Z,1028M79988C8b,79988,C8b,-1407,17000,17000,2026-08-19T00:10:00,17000,12006,E,40.47113,-3.6828332,10,False,6,6
2026-08-19T00:18:24Z,1028M79768C10,79768,C10,-1441,10200,10200,2026-08-20T00:08:00,10200,18004,E,40.62599,-4.0081153,10,False,4,4
2026-08-19T00:18:24Z,1028M19787C5,19787,C5,-1425,35607,35607,2026-08-19T00:00:00,35607,35012,S,40.330883,-3.8823783,10,False,2,2
2026-08-19T00:18:24Z,1028M20332C4a,20332,C4a,-1422,18000,18000,2026-08-19T00:01:00,18000,19003,E,40.40654,-3.6895106,10,False,5,5
2026-08-19T00:18:24Z,1028M79987C8b,79987,C8b,-1427,12006,12006,2026-08-19T00:40:00,12006,18000,S,40.737614,-4.0662985,10,False,2,2
2026-08-19T00:18:24Z,1028M79989C2,79989,C2,5,17000,17000,2026-08-18T23:59:00,17000,18000,A,40.47097,-3.68245,10,False,10,10
2026-08-19T00:18:24Z,1028M20111C3,20111,C3,-1438,17000,17000,2026-08-19T00:23:00,17000,60200,S,40.471382,-3.6834786,10,True,5,5
2026-08-19T00:18:24Z,1028M20110C3,20110,C3,-1423,60200,60200,2026-08-19T00:00:00,60200,17000,A,40.035027,-3.6189713,10,True,5,5
2026-08-19T00:23:47Z,3028M23578C1,23578,C1,12,50700,50701,2026-08-19T00:04:24,51003,50600,10.0,37.58847,-5.73386,30,False,2,2
2026-08-19T00:23:47Z,3028M23581C1,23581,C1,19,51100,51003,2026-08-19T00:04:21,51003,51200,E,37.377792,-5.9795485,30,False,1,
2026-08-19T00:23:47Z,3028M23743C5,23743,C5,6,43003,43027,2026-08-19T00:03:16,51003,43005,33.0,37.408543,-6.1310334,30,False,,1
2026-08-19T00:23:47Z,3228M35570C1,35570,C1,1,54510,54519,2026-08-19T00:01:01,54517,54516,A,36.613625,-4.509399,32,False,2,1
2026-08-19T00:23:47Z,3228M35577C1,35577,C1,2,54501,54503,2026-08-19T00:00:35,54516,54517,E,36.70121,-4.454409,32,False,,1
2026-08-19T00:23:47Z,3228M35589C2,23589,C2,-1439,54405,54405,2026-08-19T00:19:32,54405,54517,A,36.819714,-4.699568,32,False,,
2026-08-19T00:23:47Z,3228M23405C1,23405,C1,-1435,54516,54516,2026-08-19T00:21:07,54516,54517,A,36.541843,-4.6237864,32,False,1,1
2026-08-19T00:23:47Z,3228M23400C1,23400,C1,3,54503,54501,2026-08-19T00:02:01,54517,54516,E,36.69222,-4.48376,32,False,2,2
2026-08-19T00:23:47Z,5128M25472R2N,25472,R2N,0,72400,71707,2026-08-19T00:06:03,79100,72400,E,41.30425,2.0733776,50,True,,4
2026-08-19T00:23:47Z,5128M77468R4,77468,R4,-1427,78700,78700,2026-08-19T00:32:36,78700,71600,A,41.56993,2.0143688,50,True,2,2
2026-08-19T00:23:47Z,5128M77766R4,77766,R4,-7,71801,72305,2026-08-19T00:08:59,72209,78600,A,41.36431,2.1008937,50,False,,4
2026-08-19T00:23:47Z,5128M28393R2S,28393,R2S,-2,71802,71801,2026-08-19T00:01:30,71700,79400,A,41.379513,2.1412146,50,False,,
2026-08-19T00:23:47Z,5128M28490R2,28490,R2,-1437,71700,71700,2026-08-19T00:22:53,71700,79104,A,41.27745,1.9777229,50,True,3,3
2026-08-19T00:23:47Z,5128M77568R4,77568,R4,39,72206,72205,2026-08-19T00:02:35,71600,78600,E,41.39581,1.7681432,50,False,,1
2026-08-19T00:23:47Z,5128M77768R4,77768,R4,7,71801,72305,2026-08-19T00:06:18,72209,78700,E,41.379536,2.1411612,50,False,8,
2026-08-19T00:23:47Z,5128M25795R1,25795,R1,-1,79403,79404,2026-08-19T00:03:24,79500,72305,A,41.445705,2.2490852,50,True,,1
2026-08-19T00:23:47Z,5128M25567R2S,25567,R2S,3,71604,71603,2026-08-19T00:03:10,71600,79400,E,41.20413,1.6760199,50,False,1,1
2026-08-19T00:23:47Z,5128M28484R2N,28484,R2N,2,71707,72400,2026-08-19T00:00:40,72400,79200,87.0,41.301285,2.0645964,50,True,,1
2026-08-19T00:23:47Z,5128M77464R4,77464,R4,-1413,78600,78600,2026-08-19T00:24:04,78600,71600,A,41.72026,1.826487,50,False,2,2
2026-08-19T00:23:47Z,5128M25470R2N,25470,R2N,5,79011,79006,2026-08-19T00:02:10,79104,72400,25.0,41.51616,2.2043107,50,True,1,
2026-08-19T00:23:47Z,5128M25693R1,25693,R1,2,79601,79602,2026-08-19T00:03:00,79606,72305,E,41.586533,2.5813315,50,False,1,
2026-08-19T00:23:47Z,6028M35678C3,35678,C3,0,13108,13117,2026-08-19T00:01:55,13100,13200,E,43.16316,-2.9277587,60,True,,2
2026-08-19T00:23:47Z,6028M35681C3,35681,C3,1,13114,13119,2026-08-19T00:00:34,13200,13100,E,43.24241,-2.9163692,60,False,1,1
2026-08-19T00:23:47Z,6128M83145C1,83145,C1,0,11508,11511,2026-08-19T00:15:00,11600,11508,,43.27241,-1.9637448,61,False,1,
2026-08-19T00:23:47Z,6228M35949C1,26949,C1,19,14210,14213,2026-08-19T00:05:36,14223,14202,E,43.255173,-4.063747,62,False,,2
2026-08-19T00:23:47Z,6228M71185C2,71185,C2,0,05605,05604,2026-08-19T00:00:45,14223,05637,79.0,43.4502,-3.8650372,62,False,,2
2026-08-19T00:23:47Z,2028M22358C3,22358,C3,0,15211,15218,2026-08-19T00:01:00,15218,16405,A,43.3588,-5.8573804,20,False,2,1
2026-08-19T00:23:47Z,2028M22132C1,22132,C1,3,15212,15217,2026-08-19T00:02:00,15218,15410,E,43.404537,-5.81196,20,False,2,2
2026-08-19T00:23:47Z,2028M22139C1,22139,C1,3,15203,15206,2026-08-19T00:04:00,15211,15122,E,43.250034,-5.782385,20,False,1,1
2026-08-19T00:23:47Z,4128M84722C1,84722,C1,26,62101,62102,2026-08-19T00:22:00,60911,62101,E,38.224415,-0.7814662,41,False,3,1
2026-08-19T00:23:47Z,4128M84931C2,84931,C2,87,61200,06002,2026-08-19T00:34:00,06006,61200,E,37.97462,-1.1315287,41,False,1,2
2026-08-19T00:23:47Z,1028M20336C4a,20336,C4a,0,19003,19002,2026-08-20T00:03:00,17000,19003,E,40.546417,-3.6351175,10,False,2,2
2026-08-19T00:23:47Z,1028M79839C8a,79839,C8a,16,10203,10203,2026-08-18T23:59:00,10203,18000,E,40.58532,-4.1321955,10,False,5,5
2026-08-19T00:23:47Z,1028M19945C1,19945,C1,0,98305,98304,2026-08-20T00:12:00,18000,98305,E,40.4924,-3.593483,10,False,2,1
2026-08-19T00:23:47Z,1028M20522C4b,20522,C4b,24,17005,17004,2026-08-19T00:05:00,18000,17005,E,40.644844,-3.7762609,10,True,3,3
2026-08-19T00:23:47Z,1028M79171C7,79171,C7,-1435,10000,10000,2026-08-19T00:17:00,10000,70200,S,40.42163,-3.7193205,10,False,1,1
2026-08-19T00:23:47Z,1028M20520C4b,20520,C4b,4,18000,60100,2026-08-19T00:06:00,37012,17005,13.0,40.40084,-3.682559,10,True,7,1
2026-08-19T00:23:47Z,1028M19793C5,19793,C5,1,35001,35009,2026-08-19T00:00:00,35607,35012,E,40.328766,-3.7714624,10,False,1,1
2026-08-19T00:23:47Z,1028M19795C5,19795,C5,1,35002,35002,2026-08-18T23:55:00,35002,35012,A,40.283237,-3.7991464,10,False,1,1
2026-08-19T00:23:47Z,1028M20518C4b,20518,C4b,4,37011,37012,2026-08-19T00:06:00,37012,17005,13.0,40.27857,-3.7384615,10,True,2,2
2026-08-19T00:23:47Z,1028M79371C7,79371,C7,-1439,18000,18000,2026-08-19T00:00:00,18000,70103,E,40.40667,-3.6893938,10,False,1,1
2026-08-19T00:23:47Z,1028M79370C7,79370,C7,-1436,70103,70103,2026-08-19T00:09:00,70103,18000,E,40.4889,-3.3666708,10,False,6,6
2026-08-19T00:23:47Z,1028M79172C7,79172,C7,4,10010,10007,2026-08-19T00:03:00,17000,10000,A,40.474438,-3.846226,10,False,2,2
2026-08-19T00:23:47Z,1028M19791C5,19791,C5,0,18003,18000,2026-08-18T23:57:00,35607,35012,S,40.39592,-3.6779969,10,False,1,9
2026-08-19T00:23:47Z,1028M19790C5,19790,C5,0,35602,35601,2026-08-18T23:59:00,35012,35607,S,40.381268,-3.7802126,10,False,1,1
2026-08-19T00:23:47Z,1028M79491C2,79491,C2,0,70104,70105,2026-08-19T00:04:00,70200,18000,19.0,40.539566,-3.2922592,10,False,2,2
2026-08-19T00:23:47Z,1028M20327C4,20327,C4,-1425,17000,17000,2026-08-19T00:14:00,17000,37012,A,40.471325,-3.6833096,10,True,3,3
2026-08-19T00:23:47Z,1028M79373C7,79373,C7,1,70108,70100,2026-08-19T00:03:00,18000,70103,23.0,40.417698,-3.5687835,10,True,1,1
2026-08-19T00:23:47Z,1028M79493C2,79493,C2,7,98003,70101,2026-08-19T00:12:00,70200,18000,E,40.471153,-3.6823752,10,True,2,2
2026-08-19T00:23:47Z,1028M20524C4b,20524,C4b,-1439,18000,18000,2026-08-19T00:40:00,18000,17005,S,40.40654,-3.6895106,10,True,7,7
2026-08-19T00:23:47Z,1028M79991C2,79991,C2,-1438,17000,17000,2026-08-19T00:12:00,17000,18000,E,40.47097,-3.68245,10,False,10,10
2026-08-19T00:23:47Z,1028M20533C4,20533,C4,-1439,17000,17000,2026-08-19T00:34:00,17000,37012,A,40.471325,-3.6833096,10,True,5,5
2026-08-19T00:23:47Z,1028M20325C4a,20325,C4a,-1420,19003,19003,2026-08-19T00:18:00,19003,37012,S,40.546417,-3.6351175,10,True,2,2
2026-08-19T00:23:47Z,1028M20531C4,20531,C4,-1431,17000,17000,2026-08-19T00:24:00,17000,37012,S,40.471325,-3.6833096,10,True,5,5
2026-08-19T00:23:47Z,1028M19788C5,19788,C5,0,35704,37001,2026-08-19T00:02:00,35012,35607,E,40.35043,-3.705141,10,False,2,6
2026-08-19T00:23:47Z,1028M79841C8a,79841,C8a,6,97100,10100,2026-08-19T00:10:00,10203,18000,8.0,40.493187,-3.738863,10,True,1,3
2026-08-19T00:23:47Z,1028M79169C7,79169,C7,22,10000,10000,2026-08-18T23:59:00,10000,70200,E,40.42163,-3.7193205,10,False,4,4
2026-08-19T00:23:47Z,1028M79988C8b,79988,C8b,-1407,17000,17000,2026-08-19T00:10:00,17000,12006,E,40.47113,-3.6828332,10,False,6,6
2026-08-19T00:23:47Z,1028M79768C10,79768,C10,-1441,10200,10200,2026-08-20T00:08:00,10200,18004,E,40.62599,-4.0081153,10,False,4,4
2026-08-19T00:23:47Z,1028M19787C5,19787,C5,-1425,35607,35607,2026-08-19T00:00:00,35607,35012,S,40.330883,-3.8823783,10,False,2,2
2026-08-19T00:23:47Z,1028M20332C4a,20332,C4a,-1422,18000,18000,2026-08-19T00:01:00,18000,19003,E,40.40654,-3.6895106,10,False,5,5
2026-08-19T00:23:47Z,1028M79987C8b,79987,C8b,-1427,12006,12006,2026-08-19T00:40:00,12006,18000,S,40.737614,-4.0662985,10,False,2,2
2026-08-19T00:23:47Z,1028M79989C2,79989,C2,5,17000,17000,2026-08-18T23:59:00,17000,18000,A,40.47097,-3.68245,10,False,10,10
2026-08-19T00:23:47Z,1028M20111C3,20111,C3,-1438,17000,17000,2026-08-19T00:23:00,17000,60200,S,40.471382,-3.6834786,10,True,5,5
2026-08-19T00:23:47Z,1028M20110C3,20110,C3,-1423,60200,60200,2026-08-19T00:00:00,60200,17000,A,40.035027,-3.6189713,10,True,5,5
2026-08-19T00:28:31Z,3028M23578C1,23578,C1,12,50700,50701,2026-08-19T00:04:24,51003,50600,10.0,37.58847,-5.73386,30,False,2,2
2026-08-19T00:28:31Z,3028M23581C1,23581,C1,19,51100,51003,2026-08-19T00:04:21,51003,51200,E,37.377792,-5.9795485,30,False,1,
2026-08-19T00:28:31Z,3028M23743C5,23743,C5,6,43003,43027,2026-08-19T00:03:16,51003,43005,33.0,37.408543,-6.1310334,30,False,,1
2026-08-19T00:28:31Z,3228M35570C1,35570,C1,1,54510,54519,2026-08-19T00:01:01,54517,54516,A,36.613625,-4.509399,32,False,2,1
2026-08-19T00:28:31Z,3228M35577C1,35577,C1,2,54501,54503,2026-08-19T00:00:35,54516,54517,E,36.70121,-4.454409,32,False,,1
2026-08-19T00:28:31Z,3228M35589C2,23589,C2,-1439,54405,54405,2026-08-19T00:19:32,54405,54517,A,36.819714,-4.699568,32,False,,
2026-08-19T00:28:31Z,3228M23405C1,23405,C1,-1435,54516,54516,2026-08-19T00:21:07,54516,54517,A,36.541843,-4.6237864,32,False,1,1
2026-08-19T00:28:31Z,3228M23400C1,23400,C1,3,54503,54501,2026-08-19T00:02:01,54517,54516,E,36.69222,-4.48376,32,False,2,2
2026-08-19T00:28:31Z,5128M25472R2N,25472,R2N,0,72400,71707,2026-08-19T00:06:03,79100,72400,E,41.30425,2.0733776,50,True,,4
2026-08-19T00:28:31Z,5128M77468R4,77468,R4,-1427,78700,78700,2026-08-19T00:32:36,78700,71600,A,41.56993,2.0143688,50,True,2,2
2026-08-19T00:28:31Z,5128M77766R4,77766,R4,-7,71801,72305,2026-08-19T00:08:59,72209,78600,A,41.36431,2.1008937,50,False,,4
2026-08-19T00:28:31Z,5128M28393R2S,28393,R2S,-2,71802,71801,2026-08-19T00:01:30,71700,79400,A,41.379513,2.1412146,50,False,,
2026-08-19T00:28:31Z,5128M28490R2,28490,R2,-1437,71700,71700,2026-08-19T00:22:53,71700,79104,A,41.27745,1.9777229,50,True,3,3
2026-08-19T00:28:31Z,5128M77568R4,77568,R4,39,72206,72205,2026-08-19T00:02:35,71600,78600,E,41.39581,1.7681432,50,False,,1
2026-08-19T00:28:31Z,5128M77768R4,77768,R4,7,71801,72305,2026-08-19T00:06:18,72209,78700,E,41.379536,2.1411612,50,False,8,
2026-08-19T00:28:31Z,5128M25795R1,25795,R1,-1,79403,79404,2026-08-19T00:03:24,79500,72305,A,41.445705,2.2490852,50,True,,1
2026-08-19T00:28:31Z,5128M25567R2S,25567,R2S,3,71604,71603,2026-08-19T00:03:10,71600,79400,E,41.20413,1.6760199,50,False,1,1
2026-08-19T00:28:31Z,5128M28484R2N,28484,R2N,2,71707,72400,2026-08-19T00:00:40,72400,79200,87.0,41.301285,2.0645964,50,True,,1
2026-08-19T00:28:31Z,5128M77464R4,77464,R4,-1413,78600,78600,2026-08-19T00:24:04,78600,71600,A,41.72026,1.826487,50,False,2,2
2026-08-19T00:28:31Z,5128M25470R2N,25470,R2N,5,79011,79006,2026-08-19T00:02:10,79104,72400,25.0,41.51616,2.2043107,50,True,1,
2026-08-19T00:28:31Z,5128M25693R1,25693,R1,2,79601,79602,2026-08-19T00:03:00,79606,72305,E,41.586533,2.5813315,50,False,1,
2026-08-19T00:28:31Z,6028M35678C3,35678,C3,0,13108,13117,2026-08-19T00:01:55,13100,13200,E,43.16316,-2.9277587,60,True,,2
2026-08-19T00:28:31Z,6028M35681C3,35681,C3,1,13114,13119,2026-08-19T00:00:34,13200,13100,E,43.24241,-2.9163692,60,False,1,1
2026-08-19T00:28:31Z,6128M83145C1,83145,C1,0,11508,11511,2026-08-19T00:15:00,11600,11508,,43.27241,-1.9637448,61,False,1,
2026-08-19T00:28:31Z,6228M35949C1,26949,C1,19,14210,14213,2026-08-19T00:05:36,14223,14202,E,43.255173,-4.063747,62,False,,2
2026-08-19T00:28:31Z,6228M71185C2,71185,C2,0,05605,05604,2026-08-19T00:00:45,14223,05637,79.0,43.4502,-3.8650372,62,False,,2
2026-08-19T00:28:31Z,2028M22358C3,22358,C3,0,15211,15218,2026-08-19T00:01:00,15218,16405,A,43.3588,-5.8573804,20,False,2,1
2026-08-19T00:28:31Z,2028M22132C1,22132,C1,3,15212,15217,2026-08-19T00:02:00,15218,15410,E,43.404537,-5.81196,20,False,2,2
2026-08-19T00:28:31Z,2028M22139C1,22139,C1,3,15203,15206,2026-08-19T00:04:00,15211,15122,E,43.250034,-5.782385,20,False,1,1
2026-08-19T00:28:31Z,4128M84722C1,84722,C1,26,62101,62102,2026-08-19T00:22:00,60911,62101,E,38.224415,-0.7814662,41,False,3,1
2026-08-19T00:28:31Z,4128M84931C2,84931,C2,87,61200,06002,2026-08-19T00:34:00,06006,61200,E,37.97462,-1.1315287,41,False,1,2
2026-08-19T00:28:31Z,1028M20336C4a,20336,C4a,0,19003,19002,2026-08-20T00:03:00,17000,19003,E,40.546417,-3.6351175,10,False,2,2
2026-08-19T00:28:31Z,1028M79839C8a,79839,C8a,16,10203,10203,2026-08-18T23:59:00,10203,18000,E,40.58532,-4.1321955,10,False,5,5
2026-08-19T00:28:31Z,1028M19945C1,19945,C1,0,98305,98304,2026-08-20T00:12:00,18000,98305,E,40.4924,-3.593483,10,False,2,1
2026-08-19T00:28:31Z,1028M20522C4b,20522,C4b,24,17005,17004,2026-08-19T00:05:00,18000,17005,E,40.644844,-3.7762609,10,True,3,3
2026-08-19T00:28:31Z,1028M79171C7,79171,C7,-1435,10000,10000,2026-08-19T00:17:00,10000,70200,S,40.42163,-3.7193205,10,False,1,1
2026-08-19T00:28:31Z,1028M20520C4b,20520,C4b,4,18000,60100,2026-08-19T00:06:00,37012,17005,13.0,40.40084,-3.682559,10,True,7,1
2026-08-19T00:28:31Z,1028M19793C5,19793,C5,1,35001,35009,2026-08-19T00:00:00,35607,35012,E,40.328766,-3.7714624,10,False,1,1
2026-08-19T00:28:31Z,1028M19795C5,19795,C5,1,35002,35002,2026-08-18T23:55:00,35002,35012,A,40.283237,-3.7991464,10,False,1,1
2026-08-19T00:28:31Z,1028M20518C4b,20518,C4b,4,37011,37012,2026-08-19T00:06:00,37012,17005,13.0,40.27857,-3.7384615,10,True,2,2
2026-08-19T00:28:31Z,1028M79371C7,79371,C7,-1439,18000,18000,2026-08-19T00:00:00,18000,70103,E,40.40667,-3.6893938,10,False,1,1
2026-08-19T00:28:31Z,1028M79370C7,79370,C7,-1436,70103,70103,2026-08-19T00:09:00,70103,18000,E,40.4889,-3.3666708,10,False,6,6
2026-08-19T00:28:31Z,1028M79172C7,79172,C7,4,10010,10007,2026-08-19T00:03:00,17000,10000,A,40.474438,-3.846226,10,False,2,2
2026-08-19T00:28:31Z,1028M19791C5,19791,C5,0,18003,18000,2026-08-18T23:57:00,35607,35012,S,40.39592,-3.6779969,10,False,1,9
2026-08-19T00:28:31Z,1028M19790C5,19790,C5,0,35602,35601,2026-08-18T23:59:00,35012,35607,S,40.381268,-3.7802126,10,False,1,1
2026-08-19T00:28:31Z,1028M79491C2,79491,C2,0,70104,70105,2026-08-19T00:04:00,70200,18000,19.0,40.539566,-3.2922592,10,False,2,2
2026-08-19T00:28:31Z,1028M20327C4,20327,C4,-1425,17000,17000,2026-08-19T00:14:00,17000,37012,A,40.471325,-3.6833096,10,True,3,3
2026-08-19T00:28:31Z,1028M79373C7,79373,C7,1,70108,70100,2026-08-19T00:03:00,18000,70103,23.0,40.417698,-3.5687835,10,True,1,1
2026-08-19T00:28:31Z,1028M79493C2,79493,C2,7,98003,70101,2026-08-19T00:12:00,70200,18000,E,40.471153,-3.6823752,10,True,2,2
2026-08-19T00:28:31Z,1028M20524C4b,20524,C4b,-1439,18000,18000,2026-08-19T00:40:00,18000,17005,S,40.40654,-3.6895106,10,True,7,7
2026-08-19T00:28:31Z,1028M79991C2,79991,C2,-1438,17000,17000,2026-08-19T00:12:00,17000,18000,E,40.47097,-3.68245,10,False,10,10
2026-08-19T00:28:31Z,1028M20533C4,20533,C4,-1439,17000,17000,2026-08-19T00:34:00,17000,37012,A,40.471325,-3.6833096,10,True,5,5
2026-08-19T00:28:31Z,1028M20325C4a,20325,C4a,-1420,19003,19003,2026-08-19T00:18:00,19003,37012,S,40.546417,-3.6351175,10,True,2,2
2026-08-19T00:28:31Z,1028M20531C4,20531,C4,-1431,17000,17000,2026-08-19T00:24:00,17000,37012,S,40.471325,-3.6833096,10,True,5,5
2026-08-19T00:28:31Z,1028M19788C5,19788,C5,0,35704,37001,2026-08-19T00:02:00,35012,35607,E,40.35043,-3.705141,10,False,2,6
2026-08-19T00:28:31Z,1028M79841C8a,79841,C8a,6,97100,10100,2026-08-19T00:10:00,10203,18000,8.0,40.493187,-3.738863,10,True,1,3
2026-08-19T00:28:31Z,1028M79169C7,79169,C7,22,10000,10000,2026-08-18T23:59:00,10000,70200,E,40.42163,-3.7193205,10,False,4,4
2026-08-19T00:28:31Z,1028M79988C8b,79988,C8b,-1407,17000,17000,2026-08-19T00:10:00,17000,12006,E,40.47113,-3.6828332,10,False,6,6
2026-08-19T00:28:31Z,1028M79768C10,79768,C10,-1441,10200,10200,2026-08-20T00:08:00,10200,18004,E,40.62599,-4.0081153,10,False,4,4
2026-08-19T00:28:31Z,1028M19787C5,19787,C5,-1425,35607,35607,2026-08-19T00:00:00,35607,35012,S,40.330883,-3.8823783,10,False,2,2
2026-08-19T00:28:31Z,1028M20332C4a,20332,C4a,-1422,18000,18000,2026-08-19T00:01:00,18000,19003,E,40.40654,-3.6895106,10,False,5,5
2026-08-19T00:28:31Z,1028M79987C8b,79987,C8b,-1427,12006,12006,2026-08-19T00:40:00,12006,18000,S,40.737614,-4.0662985,10,False,2,2
2026-08-19T00:28:31Z,1028M79989C2,79989,C2,5,17000,17000,2026-08-18T23:59:00,17000,18000,A,40.47097,-3.68245,10,False,10,10
2026-08-19T00:28:31Z,1028M20111C3,20111,C3,-1438,17000,17000,2026-08-19T00:23:00,17000,60200,S,40.471382,-3.6834786,10,True,5,5
2026-08-19T00:28:31Z,1028M20110C3,20110,C3,-1423,60200,60200,2026-08-19T00:00:00,60200,17000,A,40.035027,-3.6189713,10,True,5,5
2026-08-19T00:33:46Z,3028M23578C1,23578,C1,12,50700,50701,2026-08-19T00:04:24,51003,50600,10.0,37.58847,-5.73386,30,False,2,2
2026-08-19T00:33:46Z,3028M23581C1,23581,C1,19,51100,51003,2026-08-19T00:04:21,51003,51200,E,37.377792,-5.9795485,30,False,1,
2026-08-19T00:33:46Z,3028M23743C5,23743,C5,6,43003,43027,2026-08-19T00:03:16,51003,43005,33.0,37.408543,-6.1310334,30,False,,1
2026-08-19T00:33:46Z,3228M35570C1,35570,C1,1,54510,54519,2026-08-19T00:01:01,54517,54516,A,36.613625,-4.509399,32,False,2,1
2026-08-19T00:33:46Z,3228M35577C1,35577,C1,2,54501,54503,2026-08-19T00:00:35,54516,54517,E,36.70121,-4.454409,32,False,,1
2026-08-19T00:33:46Z,3228M35589C2,23589,C2,-1439,54405,54405,2026-08-19T00:19:32,54405,54517,A,36.819714,-4.699568,32,False,,
2026-08-19T00:33:46Z,3228M23405C1,23405,C1,-1435,54516,54516,2026-08-19T00:21:07,54516,54517,A,36.541843,-4.6237864,32,False,1,1
2026-08-19T00:33:46Z,3228M23400C1,23400,C1,3,54503,54501,2026-08-19T00:02:01,54517,54516,E,36.69222,-4.48376,32,False,2,2
2026-08-19T00:33:46Z,5128M25472R2N,25472,R2N,0,72400,71707,2026-08-19T00:06:03,79100,72400,E,41.30425,2.0733776,50,True,,4
2026-08-19T00:33:46Z,5128M77468R4,77468,R4,-1427,78700,78700,2026-08-19T00:32:36,78700,71600,A,41.56993,2.0143688,50,True,2,2
2026-08-19T00:33:46Z,5128M77766R4,77766,R4,-7,71801,72305,2026-08-19T00:08:59,72209,78600,A,41.36431,2.1008937,50,False,,4
2026-08-19T00:33:46Z,5128M28393R2S,28393,R2S,-2,71802,71801,2026-08-19T00:01:30,71700,79400,A,41.379513,2.1412146,50,False,,
2026-08-19T00:33:46Z,5128M28490R2,28490,R2,-1437,71700,71700,2026-08-19T00:22:53,71700,79104,A,41.27745,1.9777229,50,True,3,3
2026-08-19T00:33:46Z,5128M77568R4,77568,R4,39,72206,72205,2026-08-19T00:02:35,71600,78600,E,41.39581,1.7681432,50,False,,1
2026-08-19T00:33:46Z,5128M77768R4,77768,R4,7,71801,72305,2026-08-19T00:06:18,72209,78700,E,41.379536,2.1411612,50,False,8,
2026-08-19T00:33:46Z,5128M25795R1,25795,R1,-1,79403,79404,2026-08-19T00:03:24,79500,72305,A,41.445705,2.2490852,50,True,,1
2026-08-19T00:33:46Z,5128M25567R2S,25567,R2S,3,71604,71603,2026-08-19T00:03:10,71600,79400,E,41.20413,1.6760199,50,False,1,1
2026-08-19T00:33:46Z,5128M28484R2N,28484,R2N,2,71707,72400,2026-08-19T00:00:40,72400,79200,87.0,41.301285,2.0645964,50,True,,1
2026-08-19T00:33:46Z,5128M77464R4,77464,R4,-1413,78600,78600,2026-08-19T00:24:04,78600,71600,A,41.72026,1.826487,50,False,2,2
2026-08-19T00:33:46Z,5128M25470R2N,25470,R2N,5,79011,79006,2026-08-19T00:02:10,79104,72400,25.0,41.51616,2.2043107,50,True,1,
2026-08-19T00:33:46Z,5128M25693R1,25693,R1,2,79601,79602,2026-08-19T00:03:00,79606,72305,E,41.586533,2.5813315,50,False,1,
2026-08-19T00:33:46Z,6028M35678C3,35678,C3,0,13108,13117,2026-08-19T00:01:55,13100,13200,E,43.16316,-2.9277587,60,True,,2
2026-08-19T00:33:46Z,6028M35681C3,35681,C3,1,13114,13119,2026-08-19T00:00:34,13200,13100,E,43.24241,-2.9163692,60,False,1,1
2026-08-19T00:33:46Z,6128M83145C1,83145,C1,0,11508,11511,2026-08-19T00:15:00,11600,11508,,43.27241,-1.9637448,61,False,1,
2026-08-19T00:33:46Z,6228M35949C1,26949,C1,19,14210,14213,2026-08-19T00:05:36,14223,14202,E,43.255173,-4.063747,62,False,,2
2026-08-19T00:33:46Z,6228M71185C2,71185,C2,0,05605,05604,2026-08-19T00:00:45,14223,05637,79.0,43.4502,-3.8650372,62,False,,2
2026-08-19T00:33:46Z,2028M22358C3,22358,C3,0,15211,15218,2026-08-19T00:01:00,15218,16405,A,43.3588,-5.8573804,20,False,2,1
2026-08-19T00:33:46Z,2028M22132C1,22132,C1,3,15212,15217,2026-08-19T00:02:00,15218,15410,E,43.404537,-5.81196,20,False,2,2
2026-08-19T00:33:46Z,2028M22139C1,22139,C1,3,15203,15206,2026-08-19T00:04:00,15211,15122,E,43.250034,-5.782385,20,False,1,1
2026-08-19T00:33:46Z,4128M84722C1,84722,C1,26,62101,62102,2026-08-19T00:22:00,60911,62101,E,38.224415,-0.7814662,41,False,3,1
2026-08-19T00:33:46Z,4128M84931C2,84931,C2,87,61200,06002,2026-08-19T00:34:00,06006,61200,E,37.97462,-1.1315287,41,False,1,2
2026-08-19T00:33:46Z,1028M20336C4a,20336,C4a,0,19003,19002,2026-08-20T00:03:00,17000,19003,E,40.546417,-3.6351175,10,False,2,2
2026-08-19T00:33:46Z,1028M79839C8a,79839,C8a,16,10203,10203,2026-08-18T23:59:00,10203,18000,E,40.58532,-4.1321955,10,False,5,5
2026-08-19T00:33:46Z,1028M19945C1,19945,C1,0,98305,98304,2026-08-20T00:12:00,18000,98305,E,40.4924,-3.593483,10,False,2,1
2026-08-19T00:33:46Z,1028M20522C4b,20522,C4b,24,17005,17004,2026-08-19T00:05:00,18000,17005,E,40.644844,-3.7762609,10,True,3,3
2026-08-19T00:33:46Z,1028M79171C7,79171,C7,-1435,10000,10000,2026-08-19T00:17:00,10000,70200,S,40.42163,-3.7193205,10,False,1,1
2026-08-19T00:33:46Z,1028M20520C4b,20520,C4b,4,18000,60100,2026-08-19T00:06:00,37012,17005,13.0,40.40084,-3.682559,10,True,7,1
2026-08-19T00:33:46Z,1028M19793C5,19793,C5,1,35001,35009,2026-08-19T00:00:00,35607,35012,E,40.328766,-3.7714624,10,False,1,1
2026-08-19T00:33:46Z,1028M19795C5,19795,C5,1,35002,35002,2026-08-18T23:55:00,35002,35012,A,40.283237,-3.7991464,10,False,1,1
2026-08-19T00:33:46Z,1028M20518C4b,20518,C4b,4,37011,37012,2026-08-19T00:06:00,37012,17005,13.0,40.27857,-3.7384615,10,True,2,2
2026-08-19T00:33:46Z,1028M79371C7,79371,C7,-1439,18000,18000,2026-08-19T00:00:00,18000,70103,E,40.40667,-3.6893938,10,False,1,1
2026-08-19T00:33:46Z,1028M79370C7,79370,C7,-1436,70103,70103,2026-08-19T00:09:00,70103,18000,E,40.4889,-3.3666708,10,False,6,6
2026-08-19T00:33:46Z,1028M79172C7,79172,C7,4,10010,10007,2026-08-19T00:03:00,17000,10000,A,40.474438,-3.846226,10,False,2,2
2026-08-19T00:33:46Z,1028M19791C5,19791,C5,0,18003,18000,2026-08-18T23:57:00,35607,35012,S,40.39592,-3.6779969,10,False,1,9
2026-08-19T00:33:46Z,1028M19790C5,19790,C5,0,35602,35601,2026-08-18T23:59:00,35012,35607,S,40.381268,-3.7802126,10,False,1,1
2026-08-19T00:33:46Z,1028M79491C2,79491,C2,0,70104,70105,2026-08-19T00:04:00,70200,18000,19.0,40.539566,-3.2922592,10,False,2,2
2026-08-19T00:33:46Z,1028M20327C4,20327,C4,-1425,17000,17000,2026-08-19T00:14:00,17000,37012,A,40.471325,-3.6833096,10,True,3,3
2026-08-19T00:33:46Z,1028M79373C7,79373,C7,1,70108,70100,2026-08-19T00:03:00,18000,70103,23.0,40.417698,-3.5687835,10,True,1,1
2026-08-19T00:33:46Z,1028M79493C2,79493,C2,7,98003,70101,2026-08-19T00:12:00,70200,18000,E,40.471153,-3.6823752,10,True,2,2
2026-08-19T00:33:46Z,1028M20524C4b,20524,C4b,-1439,18000,18000,2026-08-19T00:40:00,18000,17005,S,40.40654,-3.6895106,10,True,7,7
2026-08-19T00:33:46Z,1028M79991C2,79991,C2,-1438,17000,17000,2026-08-19T00:12:00,17000,18000,E,40.47097,-3.68245,10,False,10,10
2026-08-19T00:33:46Z,1028M20533C4,20533,C4,-1439,17000,17000,2026-08-19T00:34:00,17000,37012,A,40.471325,-3.6833096,10,True,5,5
2026-08-19T00:33:46Z,1028M20325C4a,20325,C4a,-1420,19003,19003,2026-08-19T00:18:00,19003,37012,S,40.546417,-3.6351175,10,True,2,2
2026-08-19T00:33:46Z,1028M20531C4,20531,C4,-1431,17000,17000,2026-08-19T00:24:00,17000,37012,S,40.471325,-3.6833096,10,True,5,5
2026-08-19T00:33:46Z,1028M19788C5,19788,C5,0,35704,37001,2026-08-19T00:02:00,35012,35607,E,40.35043,-3.705141,10,False,2,6
2026-08-19T00:33:46Z,1028M79841C8a,79841,C8a,6,97100,10100,2026-08-19T00:10:00,10203,18000,8.0,40.493187,-3.738863,10,True,1,3
2026-08-19T00:33:46Z,1028M79169C7,79169,C7,22,10000,10000,2026-08-18T23:59:00,10000,70200,E,40.42163,-3.7193205,10,False,4,4
2026-08-19T00:33:46Z,1028M79988C8b,79988,C8b,-1407,17000,17000,2026-08-19T00:10:00,17000,12006,E,40.47113,-3.6828332,10,False,6,6
2026-08-19T00:33:46Z,1028M79768C10,79768,C10,-1441,10200,10200,2026-08-20T00:08:00,10200,18004,E,40.62599,-4.0081153,10,False,4,4
2026-08-19T00:33:46Z,1028M19787C5,19787,C5,-1425,35607,35607,2026-08-19T00:00:00,35607,35012,S,40.330883,-3.8823783,10,False,2,2
2026-08-19T00:33:46Z,1028M20332C4a,20332,C4a,-1422,18000,18000,2026-08-19T00:01:00,18000,19003,E,40.40654,-3.6895106,10,False,5,5
2026-08-19T00:33:46Z,1028M79987C8b,79987,C8b,-1427,12006,12006,2026-08-19T00:40:00,12006,18000,S,40.737614,-4.0662985,10,False,2,2
2026-08-19T00:33:46Z,1028M79989C2,79989,C2,5,17000,17000,2026-08-18T23:59:00,17000,18000,A,40.47097,-3.68245,10,False,10,10
2026-08-19T00:33:46Z,1028M20111C3,20111,C3,-1438,17000,17000,2026-08-19T00:23:00,17000,60200,S,40.471382,-3.6834786,10,True,5,5
2026-08-19T00:33:46Z,1028M20110C3,20110,C3,-1423,60200,60200,2026-08-19T00:00:00,60200,17000,A,40.035027,-3.6189713,10,True,5,5
2026-08-19T00:38:25Z,3028M23578C1,23578,C1,12,50700,50701,2026-08-19T00:04:24,51003,50600,10.0,37.58847,-5.73386,30,False,2,2
2026-08-19T00:38:25Z,3028M23581C1,23581,C1,19,51100,51003,2026-08-19T00:04:21,51003,51200,E,37.377792,-5.9795485,30,False,1,
2026-08-19T00:38:25Z,3028M23743C5,23743,C5,6,43003,43027,2026-08-19T00:03:16,51003,43005,33.0,37.408543,-6.1310334,30,False,,1
2026-08-19T00:38:25Z,3228M35570C1,35570,C1,1,54510,54519,2026-08-19T00:01:01,54517,54516,A,36.613625,-4.509399,32,False,2,1
2026-08-19T00:38:25Z,3228M35577C1,35577,C1,2,54501,54503,2026-08-19T00:00:35,54516,54517,E,36.70121,-4.454409,32,False,,1
2026-08-19T00:38:25Z,3228M35589C2,23589,C2,-1439,54405,54405,2026-08-19T00:19:32,54405,54517,A,36.819714,-4.699568,32,False,,
2026-08-19T00:38:25Z,3228M23405C1,23405,C1,-1435,54516,54516,2026-08-19T00:21:07,54516,54517,A,36.541843,-4.6237864,32,False,1,1
2026-08-19T00:38:25Z,3228M23400C1,23400,C1,3,54503,54501,2026-08-19T00:02:01,54517,54516,E,36.69222,-4.48376,32,False,2,2
2026-08-19T00:38:25Z,5128M25472R2N,25472,R2N,0,72400,71707,2026-08-19T00:06:03,79100,72400,E,41.30425,2.0733776,50,True,,4
2026-08-19T00:38:25Z,5128M77468R4,77468,R4,-1427,78700,78700,2026-08-19T00:32:36,78700,71600,A,41.56993,2.0143688,50,True,2,2
2026-08-19T00:38:25Z,5128M77766R4,77766,R4,-7,71801,72305,2026-08-19T00:08:59,72209,78600,A,41.36431,2.1008937,50,False,,4
2026-08-19T00:38:25Z,5128M28393R2S,28393,R2S,-2,71802,71801,2026-08-19T00:01:30,71700,79400,A,41.379513,2.1412146,50,False,,
2026-08-19T00:38:25Z,5128M28490R2,28490,R2,-1437,71700,71700,2026-08-19T00:22:53,71700,79104,A,41.27745,1.9777229,50,True,3,3
2026-08-19T00:38:25Z,5128M77568R4,77568,R4,39,72206,72205,2026-08-19T00:02:35,71600,78600,E,41.39581,1.7681432,50,False,,1
2026-08-19T00:38:25Z,5128M77768R4,77768,R4,7,71801,72305,2026-08-19T00:06:18,72209,78700,E,41.379536,2.1411612,50,False,8,
2026-08-19T00:38:25Z,5128M25795R1,25795,R1,-1,79403,79404,2026-08-19T00:03:24,79500,72305,A,41.445705,2.2490852,50,True,,1
2026-08-19T00:38:25Z,5128M25567R2S,25567,R2S,3,71604,71603,2026-08-19T00:03:10,71600,79400,E,41.20413,1.6760199,50,False,1,1
2026-08-19T00:38:25Z,5128M28484R2N,28484,R2N,2,71707,72400,2026-08-19T00:00:40,72400,79200,87.0,41.301285,2.0645964,50,True,,1
2026-08-19T00:38:25Z,5128M77464R4,77464,R4,-1413,78600,78600,2026-08-19T00:24:04,78600,71600,A,41.72026,1.826487,50,False,2,2
2026-08-19T00:38:25Z,5128M25470R2N,25470,R2N,5,79011,79006,2026-08-19T00:02:10,79104,72400,25.0,41.51616,2.2043107,50,True,1,
2026-08-19T00:38:25Z,5128M25693R1,25693,R1,2,79601,79602,2026-08-19T00:03:00,79606,72305,E,41.586533,2.5813315,50,False,1,
2026-08-19T00:38:25Z,6028M35678C3,35678,C3,0,13108,13117,2026-08-19T00:01:55,13100,13200,E,43.16316,-2.9277587,60,True,,2
2026-08-19T00:38:25Z,6028M35681C3,35681,C3,1,13114,13119,2026-08-19T00:00:34,13200,13100,E,43.24241,-2.9163692,60,False,1,1
2026-08-19T00:38:25Z,6128M83145C1,83145,C1,0,11508,11511,2026-08-19T00:15:00,11600,11508,,43.27241,-1.9637448,61,False,1,
2026-08-19T00:38:25Z,6228M35949C1,26949,C1,19,14210,14213,2026-08-19T00:05:36,14223,14202,E,43.255173,-4.063747,62,False,,2
2026-08-19T00:38:25Z,6228M71185C2,71185,C2,0,05605,05604,2026-08-19T00:00:45,14223,05637,79.0,43.4502,-3.8650372,62,False,,2
2026-08-19T00:38:25Z,2028M22358C3,22358,C3,0,15211,15218,2026-08-19T00:01:00,15218,16405,A,43.3588,-5.8573804,20,False,2,1
2026-08-19T00:38:25Z,2028M22132C1,22132,C1,3,15212,15217,2026-08-19T00:02:00,15218,15410,E,43.404537,-5.81196,20,False,2,2
2026-08-19T00:38:25Z,2028M22139C1,22139,C1,3,15203,15206,2026-08-19T00:04:00,15211,15122,E,43.250034,-5.782385,20,False,1,1
2026-08-19T00:38:25Z,4128M84722C1,84722,C1,26,62101,62102,2026-08-19T00:22:00,60911,62101,E,38.224415,-0.7814662,41,False,3,1
2026-08-19T00:38:25Z,4128M84931C2,84931,C2,87,61200,06002,2026-08-19T00:34:00,06006,61200,E,37.97462,-1.1315287,41,False,1,2
2026-08-19T00:38:25Z,1028M20336C4a,20336,C4a,0,19003,19002,2026-08-20T00:03:00,17000,19003,E,40.546417,-3.6351175,10,False,2,2
2026-08-19T00:38:25Z,1028M79839C8a,79839,C8a,16,10203,10203,2026-08-18T23:59:00,10203,18000,E,40.58532,-4.1321955,10,False,5,5
2026-08-19T00:38:25Z,1028M19945C1,19945,C1,0,98305,98304,2026-08-20T00:12:00,18000,98305,E,40.4924,-3.593483,10,False,2,1
2026-08-19T00:38:25Z,1028M20522C4b,20522,C4b,24,17005,17004,2026-08-19T00:05:00,18000,17005,E,40.644844,-3.7762609,10,True,3,3
2026-08-19T00:38:25Z,1028M79171C7,79171,C7,-1435,10000,10000,2026-08-19T00:17:00,10000,70200,S,40.42163,-3.7193205,10,False,1,1
2026-08-19T00:38:25Z,1028M20520C4b,20520,C4b,4,18000,60100,2026-08-19T00:06:00,37012,17005,13.0,40.40084,-3.682559,10,True,7,1
2026-08-19T00:38:25Z,1028M19793C5,19793,C5,1,35001,35009,2026-08-19T00:00:00,35607,35012,E,40.328766,-3.7714624,10,False,1,1
2026-08-19T00:38:25Z,1028M19795C5,19795,C5,1,35002,35002,2026-08-18T23:55:00,35002,35012,A,40.283237,-3.7991464,10,False,1,1
2026-08-19T00:38:25Z,1028M20518C4b,20518,C4b,4,37011,37012,2026-08-19T00:06:00,37012,17005,13.0,40.27857,-3.7384615,10,True,2,2
2026-08-19T00:38:25Z,1028M79371C7,79371,C7,-1439,18000,18000,2026-08-19T00:00:00,18000,70103,E,40.40667,-3.6893938,10,False,1,1
2026-08-19T00:38:25Z,1028M79370C7,79370,C7,-1436,70103,70103,2026-08-19T00:09:00,70103,18000,E,40.4889,-3.3666708,10,False,6,6
2026-08-19T00:38:25Z,1028M79172C7,79172,C7,4,10010,10007,2026-08-19T00:03:00,17000,10000,A,40.474438,-3.846226,10,False,2,2
2026-08-19T00:38:25Z,1028M19791C5,19791,C5,0,18003,18000,2026-08-18T23:57:00,35607,35012,S,40.39592,-3.6779969,10,False,1,9
2026-08-19T00:38:25Z,1028M19790C5,19790,C5,0,35602,35601,2026-08-18T23:59:00,35012,35607,S,40.381268,-3.7802126,10,False,1,1
2026-08-19T00:38:25Z,1028M79491C2,79491,C2,0,70104,70105,2026-08-19T00:04:00,70200,18000,19.0,40.539566,-3.2922592,10,False,2,2
2026-08-19T00:38:25Z,1028M20327C4,20327,C4,-1425,17000,17000,2026-08-19T00:14:00,17000,37012,A,40.471325,-3.6833096,10,True,3,3
2026-08-19T00:38:25Z,1028M79373C7,79373,C7,1,70108,70100,2026-08-19T00:03:00,18000,70103,23.0,40.417698,-3.5687835,10,True,1,1
2026-08-19T00:38:25Z,1028M79493C2,79493,C2,7,98003,70101,2026-08-19T00:12:00,70200,18000,E,40.471153,-3.6823752,10,True,2,2
2026-08-19T00:38:25Z,1028M20524C4b,20524,C4b,-1439,18000,18000,2026-08-19T00:40:00,18000,17005,S,40.40654,-3.6895106,10,True,7,7
2026-08-19T00:38:25Z,1028M79991C2,79991,C2,-1438,17000,17000,2026-08-19T00:12:00,17000,18000,E,40.47097,-3.68245,10,False,10,10
2026-08-19T00:38:25Z,1028M20533C4,20533,C4,-1439,17000,17000,2026-08-19T00:34:00,17000,37012,A,40.471325,-3.6833096,10,True,5,5
2026-08-19T00:38:25Z,1028M20325C4a,20325,C4a,-1420,19003,19003,2026-08-19T00:18:00,19003,37012,S,40.546417,-3.6351175,10,True,2,2
2026-08-19T00:38:25Z,1028M20531C4,20531,C4,-1431,17000,17000,2026-08-19T00:24:00,17000,37012,S,40.471325,-3.6833096,10,True,5,5
2026-08-19T00:38:25Z,1028M19788C5,19788,C5,0,35704,37001,2026-08-19T00:02:00,35012,35607,E,40.35043,-3.705141,10,False,2,6
2026-08-19T00:38:25Z,1028M79841C8a,79841,C8a,6,97100,10100,2026-08-19T00:10:00,10203,18000,8.0,40.493187,-3.738863,10,True,1,3
2026-08-19T00:38:25Z,1028M79169C7,79169,C7,22,10000,10000,2026-08-18T23:59:00,10000,70200,E,40.42163,-3.7193205,10,False,4,4
2026-08-19T00:38:25Z,1028M79988C8b,79988,C8b,-1407,17000,17000,2026-08-19T00:10:00,17000,12006,E,40.47113,-3.6828332,10,False,6,6
2026-08-19T00:38:25Z,1028M79768C10,79768,C10,-1441,10200,10200,2026-08-20T00:08:00,10200,18004,E,40.62599,-4.0081153,10,False,4,4
2026-08-19T00:38:25Z,1028M19787C5,19787,C5,-1425,35607,35607,2026-08-19T00:00:00,35607,35012,S,40.330883,-3.8823783,10,False,2,2
2026-08-19T00:38:25Z,1028M20332C4a,20332,C4a,-1422,18000,18000,2026-08-19T00:01:00,18000,19003,E,40.40654,-3.6895106,10,False,5,5
2026-08-19T00:38:25Z,1028M79987C8b,79987,C8b,-1427,12006,12006,2026-08-19T00:40:00,12006,18000,S,40.737614,-4.0662985,10,False,2,2
2026-08-19T00:38:25Z,1028M79989C2,79989,C2,5,17000,17000,2026-08-18T23:59:00,17000,18000,A,40.47097,-3.68245,10,False,10,10
2026-08-19T00:38:25Z,1028M20111C3,20111,C3,-1438,17000,17000,2026-08-19T00:23:00,17000,60200,S,40.471382,-3.6834786,10,True,5,5
2026-08-19T00:38:25Z,1028M20110C3,20110,C3,-1423,60200,60200,2026-08-19T00:00:00,60200,17000,A,40.035027,-3.6189713,10,True,5,5
2026-08-19T00:43:34Z,3028M23578C1,23578,C1,12,50700,50701,2026-08-19T00:04:24,51003,50600,10.0,37.58847,-5.73386,30,False,2,2
2026-08-19T00:43:34Z,3028M23581C1,23581,C1,19,51100,51003,2026-08-19T00:04:21,51003,51200,E,37.377792,-5.9795485,30,False,1,
2026-08-19T00:43:34Z,3028M23743C5,23743,C5,6,43003,43027,2026-08-19T00:03:16,51003,43005,33.0,37.408543,-6.1310334,30,False,,1
2026-08-19T00:43:34Z,3228M35570C1,35570,C1,1,54510,54519,2026-08-19T00:01:01,54517,54516,A,36.613625,-4.509399,32,False,2,1
2026-08-19T00:43:34Z,3228M35577C1,35577,C1,2,54501,54503,2026-08-19T00:00:35,54516,54517,E,36.70121,-4.454409,32,False,,1
2026-08-19T00:43:34Z,3228M35589C2,23589,C2,-1439,54405,54405,2026-08-19T00:19:32,54405,54517,A,36.819714,-4.699568,32,False,,
2026-08-19T00:43:34Z,3228M23405C1,23405,C1,-1435,54516,54516,2026-08-19T00:21:07,54516,54517,A,36.541843,-4.6237864,32,False,1,1
2026-08-19T00:43:34Z,3228M23400C1,23400,C1,3,54503,54501,2026-08-19T00:02:01,54517,54516,E,36.69222,-4.48376,32,False,2,2
2026-08-19T00:43:34Z,5128M25472R2N,25472,R2N,0,72400,71707,2026-08-19T00:06:03,79100,72400,E,41.30425,2.0733776,50,True,,4
2026-08-19T00:43:34Z,5128M77468R4,77468,R4,-1427,78700,78700,2026-08-19T00:32:36,78700,71600,A,41.56993,2.0143688,50,True,2,2
2026-08-19T00:43:34Z,5128M77766R4,77766,R4,-7,71801,72305,2026-08-19T00:08:59,72209,78600,A,41.36431,2.1008937,50,False,,4
2026-08-19T00:43:34Z,5128M28393R2S,28393,R2S,-2,71802,71801,2026-08-19T00:01:30,71700,79400,A,41.379513,2.1412146,50,False,,
2026-08-19T00:43:34Z,5128M28490R2,28490,R2,-1437,71700,71700,2026-08-19T00:22:53,71700,79104,A,41.27745,1.9777229,50,True,3,3
2026-08-19T00:43:34Z,5128M77568R4,77568,R4,39,72206,72205,2026-08-19T00:02:35,71600,78600,E,41.39581,1.7681432,50,False,,1
2026-08-19T00:43:34Z,5128M77768R4,77768,R4,7,71801,72305,2026-08-19T00:06:18,72209,78700,E,41.379536,2.1411612,50,False,8,
2026-08-19T00:43:34Z,5128M25795R1,25795,R1,-1,79403,79404,2026-08-19T00:03:24,79500,72305,A,41.445705,2.2490852,50,True,,1
2026-08-19T00:43:34Z,5128M25567R2S,25567,R2S,3,71604,71603,2026-08-19T00:03:10,71600,79400,E,41.20413,1.6760199,50,False,1,1
2026-08-19T00:43:34Z,5128M28484R2N,28484,R2N,2,71707,72400,2026-08-19T00:00:40,72400,79200,87.0,41.301285,2.0645964,50,True,,1
2026-08-19T00:43:34Z,5128M77464R4,77464,R4,-1413,78600,78600,2026-08-19T00:24:04,78600,71600,A,41.72026,1.826487,50,False,2,2
2026-08-19T00:43:34Z,5128M25470R2N,25470,R2N,5,79011,79006,2026-08-19T00:02:10,79104,72400,25.0,41.51616,2.2043107,50,True,1,
2026-08-19T00:43:34Z,5128M25693R1,25693,R1,2,79601,79602,2026-08-19T00:03:00,79606,72305,E,41.586533,2.5813315,50,False,1,
2026-08-19T00:43:34Z,6028M35678C3,35678,C3,0,13108,13117,2026-08-19T00:01:55,13100,13200,E,43.16316,-2.9277587,60,True,,2
2026-08-19T00:43:34Z,6028M35681C3,35681,C3,1,13114,13119,2026-08-19T00:00:34,13200,13100,E,43.24241,-2.9163692,60,False,1,1
2026-08-19T00:43:34Z,6128M83145C1,83145,C1,0,11508,11511,2026-08-19T00:15:00,11600,11508,,43.27241,-1.9637448,61,False,1,
2026-08-19T00:43:34Z,6228M35949C1,26949,C1,19,14210,14213,2026-08-19T00:05:36,14223,14202,E,43.255173,-4.063747,62,False,,2
2026-08-19T00:43:34Z,6228M71185C2,71185,C2,0,05605,05604,2026-08-19T00:00:45,14223,05637,79.0,43.4502,-3.8650372,62,False,,2
2026-08-19T00:43:34Z,2028M22358C3,22358,C3,0,15211,15218,2026-08-19T00:01:00,15218,16405,A,43.3588,-5.8573804,20,False,2,1
2026-08-19T00:43:34Z,2028M22132C1,22132,C1,3,15212,15217,2026-08-19T00:02:00,15218,15410,E,43.404537,-5.81196,20,False,2,2
2026-08-19T00:43:34Z,2028M22139C1,22139,C1,3,15203,15206,2026-08-19T00:04:00,15211,15122,E,43.250034,-5.782385,20,False,1,1
2026-08-19T00:43:34Z,4128M84722C1,84722,C1,26,62101,62102,2026-08-19T00:22:00,60911,62101,E,38.224415,-0.7814662,41,False,3,1
2026-08-19T00:43:34Z,4128M84931C2,84931,C2,87,61200,06002,2026-08-19T00:34:00,06006,61200,E,37.97462,-1.1315287,41,False,1,2
2026-08-19T00:43:34Z,1028M20336C4a,20336,C4a,0,19003,19002,2026-08-20T00:03:00,17000,19003,E,40.546417,-3.6351175,10,False,2,2
2026-08-19T00:43:34Z,1028M79839C8a,79839,C8a,16,10203,10203,2026-08-18T23:59:00,10203,18000,E,40.58532,-4.1321955,10,False,5,5
2026-08-19T00:43:34Z,1028M19945C1,19945,C1,0,98305,98304,2026-08-20T00:12:00,18000,98305,E,40.4924,-3.593483,10,False,2,1
2026-08-19T00:43:34Z,1028M20522C4b,20522,C4b,24,17005,17004,2026-08-19T00:05:00,18000,17005,E,40.644844,-3.7762609,10,True,3,3
2026-08-19T00:43:34Z,1028M79171C7,79171,C7,-1435,10000,10000,2026-08-19T00:17:00,10000,70200,S,40.42163,-3.7193205,10,False,1,1
2026-08-19T00:43:34Z,1028M20520C4b,20520,C4b,4,18000,60100,2026-08-19T00:06:00,37012,17005,13.0,40.40084,-3.682559,10,True,7,1
2026-08-19T00:43:34Z,1028M19793C5,19793,C5,1,35001,35009,2026-08-19T00:00:00,35607,35012,E,40.328766,-3.7714624,10,False,1,1
2026-08-19T00:43:34Z,1028M19795C5,19795,C5,1,35002,35002,2026-08-18T23:55:00,35002,35012,A,40.283237,-3.7991464,10,False,1,1
2026-08-19T00:43:34Z,1028M20518C4b,20518,C4b,4,37011,37012,2026-08-19T00:06:00,37012,17005,13.0,40.27857,-3.7384615,10,True,2,2
2026-08-19T00:43:34Z,1028M79371C7,79371,C7,-1439,18000,18000,2026-08-19T00:00:00,18000,70103,E,40.40667,-3.6893938,10,False,1,1
2026-08-19T00:43:34Z,1028M79370C7,79370,C7,-1436,70103,70103,2026-08-19T00:09:00,70103,18000,E,40.4889,-3.3666708,10,False,6,6
2026-08-19T00:43:34Z,1028M79172C7,79172,C7,4,10010,10007,2026-08-19T00:03:00,17000,10000,A,40.474438,-3.846226,10,False,2,2
2026-08-19T00:43:34Z,1028M19791C5,19791,C5,0,18003,18000,2026-08-18T23:57:00,35607,35012,S,40.39592,-3.6779969,10,False,1,9
2026-08-19T00:43:34Z,1028M19790C5,19790,C5,0,35602,35601,2026-08-18T23:59:00,35012,35607,S,40.381268,-3.7802126,10,False,1,1
2026-08-19T00:43:34Z,1028M79491C2,79491,C2,0,70104,70105,2026-08-19T00:04:00,70200,18000,19.0,40.539566,-3.2922592,10,False,2,2
2026-08-19T00:43:34Z,1028M20327C4,20327,C4,-1425,17000,17000,2026-08-19T00:14:00,17000,37012,A,40.471325,-3.6833096,10,True,3,3
2026-08-19T00:43:34Z,1028M79373C7,79373,C7,1,70108,70100,2026-08-19T00:03:00,18000,70103,23.0,40.417698,-3.5687835,10,True,1,1
2026-08-19T00:43:34Z,1028M79493C2,79493,C2,7,98003,70101,2026-08-19T00:12:00,70200,18000,E,40.471153,-3.6823752,10,True,2,2
2026-08-19T00:43:34Z,1028M20524C4b,20524,C4b,-1439,18000,18000,2026-08-19T00:40:00,18000,17005,S,40.40654,-3.6895106,10,True,7,7
2026-08-19T00:43:34Z,1028M79991C2,79991,C2,-1438,17000,17000,2026-08-19T00:12:00,17000,18000,E,40.47097,-3.68245,10,False,10,10
2026-08-19T00:43:34Z,1028M20533C4,20533,C4,-1439,17000,17000,2026-08-19T00:34:00,17000,37012,A,40.471325,-3.6833096,10,True,5,5
2026-08-19T00:43:34Z,1028M20325C4a,20325,C4a,-1420,19003,19003,2026-08-19T00:18:00,19003,37012,S,40.546417,-3.6351175,10,True,2,2
2026-08-19T00:43:34Z,1028M20531C4,20531,C4,-1431,17000,17000,2026-08-19T00:24:00,17000,37012,S,40.471325,-3.6833096,10,True,5,5
2026-08-19T00:43:34Z,1028M19788C5,19788,C5,0,35704,37001,2026-08-19T00:02:00,35012,35607,E,40.35043,-3.705141,10,False,2,6
2026-08-19T00:43:34Z,1028M79841C8a,79841,C8a,6,97100,10100,2026-08-19T00:10:00,10203,18000,8.0,40.493187,-3.738863,10,True,1,3
2026-08-19T00:43:34Z,1028M79169C7,79169,C7,22,10000,10000,2026-08-18T23:59:00,10000,70200,E,40.42163,-3.7193205,10,False,4,4
2026-08-19T00:43:34Z,1028M79988C8b,79988,C8b,-1407,17000,17000,2026-08-19T00:10:00,17000,12006,E,40.47113,-3.6828332,10,False,6,6
2026-08-19T00:43:34Z,1028M79768C10,79768,C10,-1441,10200,10200,2026-08-20T00:08:00,10200,18004,E,40.62599,-4.0081153,10,False,4,4
2026-08-19T00:43:34Z,1028M19787C5,19787,C5,-1425,35607,35607,2026-08-19T00:00:00,35607,35012,S,40.330883,-3.8823783,10,False,2,2
2026-08-19T00:43:34Z,1028M20332C4a,20332,C4a,-1422,18000,18000,2026-08-19T00:01:00,18000,19003,E,40.40654,-3.6895106,10,False,5,5
2026-08-19T00:43:34Z,1028M79987C8b,79987,C8b,-1427,12006,12006,2026-08-19T00:40:00,12006,18000,S,40.737614,-4.0662985,10,False,2,2
2026-08-19T00:43:34Z,1028M79989C2,79989,C2,5,17000,17000,2026-08-18T23:59:00,17000,18000,A,40.47097,-3.68245,10,False,10,10
2026-08-19T00:43:34Z,1028M20111C3,20111,C3,-1438,17000,17000,2026-08-19T00:23:00,17000,60200,S,40.471382,-3.6834786,10,True,5,5
2026-08-19T00:43:34Z,1028M20110C3,20110,C3,-1423,60200,60200,2026-08-19T00:00:00,60200,17000,A,40.035027,-3.6189713,10,True,5,5
2026-08-19T00:48:55Z,3028M23578C1,23578,C1,12,50700,50701,2026-08-19T00:04:24,51003,50600,10.0,37.58847,-5.73386,30,False,2,2
2026-08-19T00:48:55Z,3028M23581C1,23581,C1,19,51100,51003,2026-08-19T00:04:21,51003,51200,E,37.377792,-5.9795485,30,False,1,
2026-08-19T00:48:55Z,3028M23743C5,23743,C5,6,43003,43027,2026-08-19T00:03:16,51003,43005,33.0,37.408543,-6.1310334,30,False,,1
2026-08-19T00:48:55Z,3228M35570C1,35570,C1,1,54510,54519,2026-08-19T00:01:01,54517,54516,A,36.613625,-4.509399,32,False,2,1
2026-08-19T00:48:55Z,3228M35577C1,35577,C1,2,54501,54503,2026-08-19T00:00:35,54516,54517,E,36.70121,-4.454409,32,False,,1
2026-08-19T00:48:55Z,3228M35589C2,23589,C2,-1439,54405,54405,2026-08-19T00:19:32,54405,54517,A,36.819714,-4.699568,32,False,,
2026-08-19T00:48:55Z,3228M23405C1,23405,C1,-1435,54516,54516,2026-08-19T00:21:07,54516,54517,A,36.541843,-4.6237864,32,False,1,1
2026-08-19T00:48:55Z,3228M23400C1,23400,C1,3,54503,54501,2026-08-19T00:02:01,54517,54516,E,36.69222,-4.48376,32,False,2,2
2026-08-19T00:48:55Z,5128M25472R2N,25472,R2N,0,72400,71707,2026-08-19T00:06:03,79100,72400,E,41.30425,2.0733776,50,True,,4
2026-08-19T00:48:55Z,5128M77468R4,77468,R4,-1427,78700,78700,2026-08-19T00:32:36,78700,71600,A,41.56993,2.0143688,50,True,2,2
2026-08-19T00:48:55Z,5128M77766R4,77766,R4,-7,71801,72305,2026-08-19T00:08:59,72209,78600,A,41.36431,2.1008937,50,False,,4
2026-08-19T00:48:55Z,5128M28393R2S,28393,R2S,-2,71802,71801,2026-08-19T00:01:30,71700,79400,A,41.379513,2.1412146,50,False,,
2026-08-19T00:48:55Z,5128M28490R2,28490,R2,-1437,71700,71700,2026-08-19T00:22:53,71700,79104,A,41.27745,1.9777229,50,True,3,3
2026-08-19T00:48:55Z,5128M77568R4,77568,R4,39,72206,72205,2026-08-19T00:02:35,71600,78600,E,41.39581,1.7681432,50,False,,1
2026-08-19T00:48:55Z,5128M77768R4,77768,R4,7,71801,72305,2026-08-19T00:06:18,72209,78700,E,41.379536,2.1411612,50,False,8,
2026-08-19T00:48:55Z,5128M25795R1,25795,R1,-1,79403,79404,2026-08-19T00:03:24,79500,72305,A,41.445705,2.2490852,50,True,,1
2026-08-19T00:48:55Z,5128M25567R2S,25567,R2S,3,71604,71603,2026-08-19T00:03:10,71600,79400,E,41.20413,1.6760199,50,False,1,1
2026-08-19T00:48:55Z,5128M28484R2N,28484,R2N,2,71707,72400,2026-08-19T00:00:40,72400,79200,87.0,41.301285,2.0645964,50,True,,1
2026-08-19T00:48:55Z,5128M77464R4,77464,R4,-1413,78600,78600,2026-08-19T00:24:04,78600,71600,A,41.72026,1.826487,50,False,2,2
2026-08-19T00:48:55Z,5128M25470R2N,25470,R2N,5,79011,79006,2026-08-19T00:02:10,79104,72400,25.0,41.51616,2.2043107,50,True,1,
2026-08-19T00:48:55Z,5128M25693R1,25693,R1,2,79601,79602,2026-08-19T00:03:00,79606,72305,E,41.586533,2.5813315,50,False,1,
2026-08-19T00:48:55Z,6028M35678C3,35678,C3,0,13108,13117,2026-08-19T00:01:55,13100,13200,E,43.16316,-2.9277587,60,True,,2
2026-08-19T00:48:55Z,6028M35681C3,35681,C3,1,13114,13119,2026-08-19T00:00:34,13200,13100,E,43.24241,-2.9163692,60,False,1,1
2026-08-19T00:48:55Z,6128M83145C1,83145,C1,0,11508,11511,2026-08-19T00:15:00,11600,11508,,43.27241,-1.9637448,61,False,1,
2026-08-19T00:48:55Z,6228M35949C1,26949,C1,19,14210,14213,2026-08-19T00:05:36,14223,14202,E,43.255173,-4.063747,62,False,,2
2026-08-19T00:48:55Z,6228M71185C2,71185,C2,0,05605,05604,2026-08-19T00:00:45,14223,05637,79.0,43.4502,-3.8650372,62,False,,2
2026-08-19T00:48:55Z,2028M22358C3,22358,C3,0,15211,15218,2026-08-19T00:01:00,15218,16405,A,43.3588,-5.8573804,20,False,2,1
2026-08-19T00:48:55Z,2028M22132C1,22132,C1,3,15212,15217,2026-08-19T00:02:00,15218,15410,E,43.404537,-5.81196,20,False,2,2
2026-08-19T00:48:55Z,2028M22139C1,22139,C1,3,15203,15206,2026-08-19T00:04:00,15211,15122,E,43.250034,-5.782385,20,False,1,1
2026-08-19T00:48:55Z,4128M84722C1,84722,C1,26,62101,62102,2026-08-19T00:22:00,60911,62101,E,38.224415,-0.7814662,41,False,3,1
2026-08-19T00:48:55Z,4128M84931C2,84931,C2,87,61200,06002,2026-08-19T00:34:00,06006,61200,E,37.97462,-1.1315287,41,False,1,2
2026-08-19T00:48:55Z,1028M20336C4a,20336,C4a,0,19003,19002,2026-08-20T00:03:00,17000,19003,E,40.546417,-3.6351175,10,False,2,2
2026-08-19T00:48:55Z,1028M79839C8a,79839,C8a,16,10203,10203,2026-08-18T23:59:00,10203,18000,E,40.58532,-4.1321955,10,False,5,5
2026-08-19T00:48:55Z,1028M19945C1,19945,C1,0,98305,98304,2026-08-20T00:12:00,18000,98305,E,40.4924,-3.593483,10,False,2,1
2026-08-19T00:48:55Z,1028M20522C4b,20522,C4b,24,17005,17004,2026-08-19T00:05:00,18000,17005,E,40.644844,-3.7762609,10,True,3,3
2026-08-19T00:48:55Z,1028M79171C7,79171,C7,-1435,10000,10000,2026-08-19T00:17:00,10000,70200,S,40.42163,-3.7193205,10,False,1,1
2026-08-19T00:48:55Z,1028M20520C4b,20520,C4b,4,18000,60100,2026-08-19T00:06:00,37012,17005,13.0,40.40084,-3.682559,10,True,7,1
2026-08-19T00:48:55Z,1028M19793C5,19793,C5,1,35001,35009,2026-08-19T00:00:00,35607,35012,E,40.328766,-3.7714624,10,False,1,1
2026-08-19T00:48:55Z,1028M19795C5,19795,C5,1,35002,35002,2026-08-18T23:55:00,35002,35012,A,40.283237,-3.7991464,10,False,1,1
2026-08-19T00:48:55Z,1028M20518C4b,20518,C4b,4,37011,37012,2026-08-19T00:06:00,37012,17005,13.0,40.27857,-3.7384615,10,True,2,2
2026-08-19T00:48:55Z,1028M79371C7,79371,C7,-1439,18000,18000,2026-08-19T00:00:00,18000,70103,E,40.40667,-3.6893938,10,False,1,1
2026-08-19T00:48:55Z,1028M79370C7,79370,C7,-1436,70103,70103,2026-08-19T00:09:00,70103,18000,E,40.4889,-3.3666708,10,False,6,6
2026-08-19T00:48:55Z,1028M79172C7,79172,C7,4,10010,10007,2026-08-19T00:03:00,17000,10000,A,40.474438,-3.846226,10,False,2,2
2026-08-19T00:48:55Z,1028M19791C5,19791,C5,0,18003,18000,2026-08-18T23:57:00,35607,35012,S,40.39592,-3.6779969,10,False,1,9
2026-08-19T00:48:55Z,1028M19790C5,19790,C5,0,35602,35601,2026-08-18T23:59:00,35012,35607,S,40.381268,-3.7802126,10,False,1,1
2026-08-19T00:48:55Z,1028M79491C2,79491,C2,0,70104,70105,2026-08-19T00:04:00,70200,18000,19.0,40.539566,-3.2922592,10,False,2,2
2026-08-19T00:48:55Z,1028M20327C4,20327,C4,-1425,17000,17000,2026-08-19T00:14:00,17000,37012,A,40.471325,-3.6833096,10,True,3,3
2026-08-19T00:48:55Z,1028M79373C7,79373,C7,1,70108,70100,2026-08-19T00:03:00,18000,70103,23.0,40.417698,-3.5687835,10,True,1,1
2026-08-19T00:48:55Z,1028M79493C2,79493,C2,7,98003,70101,2026-08-19T00:12:00,70200,18000,E,40.471153,-3.6823752,10,True,2,2
2026-08-19T00:48:55Z,1028M20524C4b,20524,C4b,-1439,18000,18000,2026-08-19T00:40:00,18000,17005,S,40.40654,-3.6895106,10,True,7,7
2026-08-19T00:48:55Z,1028M79991C2,79991,C2,-1438,17000,17000,2026-08-19T00:12:00,17000,18000,E,40.47097,-3.68245,10,False,10,10
2026-08-19T00:48:55Z,1028M20533C4,20533,C4,-1439,17000,17000,2026-08-19T00:34:00,17000,37012,A,40.471325,-3.6833096,10,True,5,5
2026-08-19T00:48:55Z,1028M20325C4a,20325,C4a,-1420,19003,19003,2026-08-19T00:18:00,19003,37012,S,40.546417,-3.6351175,10,True,2,2
2026-08-19T00:48:55Z,1028M20531C4,20531,C4,-1431,17000,17000,2026-08-19T00:24:00,17000,37012,S,40.471325,-3.6833096,10,True,5,5
2026-08-19T00:48:55Z,1028M19788C5,19788,C5,0,35704,37001,2026-08-19T00:02:00,35012,35607,E,40.35043,-3.705141,10,False,2,6
2026-08-19T00:48:55Z,1028M79841C8a,79841,C8a,6,97100,10100,2026-08-19T00:10:00,10203,18000,8.0,40.493187,-3.738863,10,True,1,3
2026-08-19T00:48:55Z,1028M79169C7,79169,C7,22,10000,10000,2026-08-18T23:59:00,10000,70200,E,40.42163,-3.7193205,10,False,4,4
2026-08-19T00:48:55Z,1028M79988C8b,79988,C8b,-1407,17000,17000,2026-08-19T00:10:00,17000,12006,E,40.47113,-3.6828332,10,False,6,6
2026-08-19T00:48:55Z,1028M79768C10,79768,C10,-1441,10200,10200,2026-08-20T00:08:00,10200,18004,E,40.62599,-4.0081153,10,False,4,4
2026-08-19T00:48:55Z,1028M19787C5,19787,C5,-1425,35607,35607,2026-08-19T00:00:00,35607,35012,S,40.330883,-3.8823783,10,False,2,2
2026-08-19T00:48:55Z,1028M20332C4a,20332,C4a,-1422,18000,18000,2026-08-19T00:01:00,18000,19003,E,40.40654,-3.6895106,10,False,5,5
2026-08-19T00:48:55Z,1028M79987C8b,79987,C8b,-1427,12006,12006,2026-08-19T00:40:00,12006,18000,S,40.737614,-4.0662985,10,False,2,2
2026-08-19T00:48:55Z,1028M79989C2,79989,C2,5,17000,17000,2026-08-18T23:59:00,17000,18000,A,40.47097,-3.68245,10,False,10,10
2026-08-19T00:48:55Z,1028M20111C3,20111,C3,-1438,17000,17000,2026-08-19T00:23:00,17000,60200,S,40.471382,-3.6834786,10,True,5,5
2026-08-19T00:48:55Z,1028M20110C3,20110,C3,-1423,60200,60200,2026-08-19T00:00:00,60200,17000,A,40.035027,-3.6189713,10,True,5,5
2026-08-19T00:53:40Z,3028M23578C1,23578,C1,12,50700,50701,2026-08-19T00:04:24,51003,50600,10.0,37.58847,-5.73386,30,False,2,2
2026-08-19T00:53:40Z,3028M23581C1,23581,C1,19,51100,51003,2026-08-19T00:04:21,51003,51200,E,37.377792,-5.9795485,30,False,1,
2026-08-19T00:53:40Z,3028M23743C5,23743,C5,6,43003,43027,2026-08-19T00:03:16,51003,43005,33.0,37.408543,-6.1310334,30,False,,1
2026-08-19T00:53:40Z,3228M35570C1,35570,C1,1,54510,54519,2026-08-19T00:01:01,54517,54516,A,36.613625,-4.509399,32,False,2,1
2026-08-19T00:53:40Z,3228M35577C1,35577,C1,2,54501,54503,2026-08-19T00:00:35,54516,54517,E,36.70121,-4.454409,32,False,,1
2026-08-19T00:53:40Z,3228M35589C2,23589,C2,-1439,54405,54405,2026-08-19T00:19:32,54405,54517,A,36.819714,-4.699568,32,False,,
2026-08-19T00:53:40Z,3228M23405C1,23405,C1,-1435,54516,54516,2026-08-19T00:21:07,54516,54517,A,36.541843,-4.6237864,32,False,1,1
2026-08-19T00:53:40Z,3228M23400C1,23400,C1,3,54503,54501,2026-08-19T00:02:01,54517,54516,E,36.69222,-4.48376,32,False,2,2
2026-08-19T00:53:40Z,5128M25472R2N,25472,R2N,0,72400,71707,2026-08-19T00:06:03,79100,72400,E,41.30425,2.0733776,50,True,,4
2026-08-19T00:53:40Z,5128M77468R4,77468,R4,-1427,78700,78700,2026-08-19T00:32:36,78700,71600,A,41.56993,2.0143688,50,True,2,2
2026-08-19T00:53:40Z,5128M77766R4,77766,R4,-7,71801,72305,2026-08-19T00:08:59,72209,78600,A,41.36431,2.1008937,50,False,,4
2026-08-19T00:53:40Z,5128M28393R2S,28393,R2S,-2,71802,71801,2026-08-19T00:01:30,71700,79400,A,41.379513,2.1412146,50,False,,
2026-08-19T00:53:40Z,5128M28490R2,28490,R2,-1437,71700,71700,2026-08-19T00:22:53,71700,79104,A,41.27745,1.9777229,50,True,3,3
2026-08-19T00:53:40Z,5128M77568R4,77568,R4,39,72206,72205,2026-08-19T00:02:35,71600,78600,E,41.39581,1.7681432,50,False,,1
2026-08-19T00:53:40Z,5128M77768R4,77768,R4,7,71801,72305,2026-08-19T00:06:18,72209,78700,E,41.379536,2.1411612,50,False,8,
2026-08-19T00:53:40Z,5128M25795R1,25795,R1,-1,79403,79404,2026-08-19T00:03:24,79500,72305,A,41.445705,2.2490852,50,True,,1
2026-08-19T00:53:40Z,5128M25567R2S,25567,R2S,3,71604,71603,2026-08-19T00:03:10,71600,79400,E,41.20413,1.6760199,50,False,1,1
2026-08-19T00:53:40Z,5128M28484R2N,28484,R2N,2,71707,72400,2026-08-19T00:00:40,72400,79200,87.0,41.301285,2.0645964,50,True,,1
2026-08-19T00:53:40Z,5128M77464R4,77464,R4,-1413,78600,78600,2026-08-19T00:24:04,78600,71600,A,41.72026,1.826487,50,False,2,2
2026-08-19T00:53:40Z,5128M25470R2N,25470,R2N,5,79011,79006,2026-08-19T00:02:10,79104,72400,25.0,41.51616,2.2043107,50,True,1,
2026-08-19T00:53:40Z,5128M25693R1,25693,R1,2,79601,79602,2026-08-19T00:03:00,79606,72305,E,41.586533,2.5813315,50,False,1,
2026-08-19T00:53:40Z,6028M35678C3,35678,C3,0,13108,13117,2026-08-19T00:01:55,13100,13200,E,43.16316,-2.9277587,60,True,,2
2026-08-19T00:53:40Z,6028M35681C3,35681,C3,1,13114,13119,2026-08-19T00:00:34,13200,13100,E,43.24241,-2.9163692,60,False,1,1
2026-08-19T00:53:40Z,6128M83145C1,83145,C1,0,11508,11511,2026-08-19T00:15:00,11600,11508,,43.27241,-1.9637448,61,False,1,
2026-08-19T00:53:40Z,6228M35949C1,26949,C1,19,14210,14213,2026-08-19T00:05:36,14223,14202,E,43.255173,-4.063747,62,False,,2
2026-08-19T00:53:40Z,6228M71185C2,71185,C2,0,05605,05604,2026-08-19T00:00:45,14223,05637,79.0,43.4502,-3.8650372,62,False,,2
2026-08-19T00:53:40Z,2028M22358C3,22358,C3,0,15211,15218,2026-08-19T00:01:00,15218,16405,A,43.3588,-5.8573804,20,False,2,1
2026-08-19T00:53:40Z,2028M22132C1,22132,C1,3,15212,15217,2026-08-19T00:02:00,15218,15410,E,43.404537,-5.81196,20,False,2,2
2026-08-19T00:53:40Z,2028M22139C1,22139,C1,3,15203,15206,2026-08-19T00:04:00,15211,15122,E,43.250034,-5.782385,20,False,1,1
2026-08-19T00:53:40Z,4128M84722C1,84722,C1,26,62101,62102,2026-08-19T00:22:00,60911,62101,E,38.224415,-0.7814662,41,False,3,1
2026-08-19T00:53:40Z,4128M84931C2,84931,C2,87,61200,06002,2026-08-19T00:34:00,06006,61200,E,37.97462,-1.1315287,41,False,1,2
2026-08-19T00:53:40Z,1028M20336C4a,20336,C4a,0,19003,19002,2026-08-20T00:03:00,17000,19003,E,40.546417,-3.6351175,10,False,2,2
2026-08-19T00:53:40Z,1028M79839C8a,79839,C8a,16,10203,10203,2026-08-18T23:59:00,10203,18000,E,40.58532,-4.1321955,10,False,5,5
2026-08-19T00:53:40Z,1028M19945C1,19945,C1,0,98305,98304,2026-08-20T00:12:00,18000,98305,E,40.4924,-3.593483,10,False,2,1
2026-08-19T00:53:40Z,1028M20522C4b,20522,C4b,24,17005,17004,2026-08-19T00:05:00,18000,17005,E,40.644844,-3.7762609,10,True,3,3
2026-08-19T00:53:40Z,1028M79171C7,79171,C7,-1435,10000,10000,2026-08-19T00:17:00,10000,70200,S,40.42163,-3.7193205,10,False,1,1
2026-08-19T00:53:40Z,1028M20520C4b,20520,C4b,4,18000,60100,2026-08-19T00:06:00,37012,17005,13.0,40.40084,-3.682559,10,True,7,1
2026-08-19T00:53:40Z,1028M19793C5,19793,C5,1,35001,35009,2026-08-19T00:00:00,35607,35012,E,40.328766,-3.7714624,10,False,1,1
2026-08-19T00:53:40Z,1028M19795C5,19795,C5,1,35002,35002,2026-08-18T23:55:00,35002,35012,A,40.283237,-3.7991464,10,False,1,1
2026-08-19T00:53:40Z,1028M20518C4b,20518,C4b,4,37011,37012,2026-08-19T00:06:00,37012,17005,13.0,40.27857,-3.7384615,10,True,2,2
2026-08-19T00:53:40Z,1028M79371C7,79371,C7,-1439,18000,18000,2026-08-19T00:00:00,18000,70103,E,40.40667,-3.6893938,10,False,1,1
2026-08-19T00:53:40Z,1028M79370C7,79370,C7,-1436,70103,70103,2026-08-19T00:09:00,70103,18000,E,40.4889,-3.3666708,10,False,6,6
2026-08-19T00:53:40Z,1028M79172C7,79172,C7,4,10010,10007,2026-08-19T00:03:00,17000,10000,A,40.474438,-3.846226,10,False,2,2
2026-08-19T00:53:40Z,1028M19791C5,19791,C5,0,18003,18000,2026-08-18T23:57:00,35607,35012,S,40.39592,-3.6779969,10,False,1,9
2026-08-19T00:53:40Z,1028M19790C5,19790,C5,0,35602,35601,2026-08-18T23:59:00,35012,35607,S,40.381268,-3.7802126,10,False,1,1
2026-08-19T00:53:40Z,1028M79491C2,79491,C2,0,70104,70105,2026-08-19T00:04:00,70200,18000,19.0,40.539566,-3.2922592,10,False,2,2
2026-08-19T00:53:40Z,1028M20327C4,20327,C4,-1425,17000,17000,2026-08-19T00:14:00,17000,37012,A,40.471325,-3.6833096,10,True,3,3
2026-08-19T00:53:40Z,1028M79373C7,79373,C7,1,70108,70100,2026-08-19T00:03:00,18000,70103,23.0,40.417698,-3.5687835,10,True,1,1
2026-08-19T00:53:40Z,1028M79493C2,79493,C2,7,98003,70101,2026-08-19T00:12:00,70200,18000,E,40.471153,-3.6823752,10,True,2,2
2026-08-19T00:53:40Z,1028M20524C4b,20524,C4b,-1439,18000,18000,2026-08-19T00:40:00,18000,17005,S,40.40654,-3.6895106,10,True,7,7
2026-08-19T00:53:40Z,1028M79991C2,79991,C2,-1438,17000,17000,2026-08-19T00:12:00,17000,18000,E,40.47097,-3.68245,10,False,10,10
2026-08-19T00:53:40Z,1028M20533C4,20533,C4,-1439,17000,17000,2026-08-19T00:34:00,17000,37012,A,40.471325,-3.6833096,10,True,5,5
2026-08-19T00:53:40Z,1028M20325C4a,20325,C4a,-1420,19003,19003,2026-08-19T00:18:00,19003,37012,S,40.546417,-3.6351175,10,True,2,2
2026-08-19T00:53:40Z,1028M20531C4,20531,C4,-1431,17000,17000,2026-08-19T00:24:00,17000,37012,S,40.471325,-3.6833096,10,True,5,5
2026-08-19T00:53:40Z,1028M19788C5,19788,C5,0,35704,37001,2026-08-19T00:02:00,35012,35607,E,40.35043,-3.705141,10,False,2,6
2026-08-19T00:53:40Z,1028M79841C8a,79841,C8a,6,97100,10100,2026-08-19T00:10:00,10203,18000,8.0,40.493187,-3.738863,10,True,1,3
2026-08-19T00:53:40Z,1028M79169C7,79169,C7,22,10000,10000,2026-08-18T23:59:00,10000,70200,E,40.42163,-3.7193205,10,False,4,4
2026-08-19T00:53:40Z,1028M79988C8b,79988,C8b,-1407,17000,17000,2026-08-19T00:10:00,17000,12006,E,40.47113,-3.6828332,10,False,6,6
2026-08-19T00:53:40Z,1028M79768C10,79768,C10,-1441,10200,10200,2026-08-20T00:08:00,10200,18004,E,40.62599,-4.0081153,10,False,4,4
2026-08-19T00:53:40Z,1028M19787C5,19787,C5,-1425,35607,35607,2026-08-19T00:00:00,35607,35012,S,40.330883,-3.8823783,10,False,2,2
2026-08-19T00:53:40Z,1028M20332C4a,20332,C4a,-1422,18000,18000,2026-08-19T00:01:00,18000,19003,E,40.40654,-3.6895106,10,False,5,5
2026-08-19T00:53:40Z,1028M79987C8b,79987,C8b,-1427,12006,12006,2026-08-19T00:40:00,12006,18000,S,40.737614,-4.0662985,10,False,2,2
2026-08-19T00:53:40Z,1028M79989C2,79989,C2,5,17000,17000,2026-08-18T23:59:00,17000,18000,A,40.47097,-3.68245,10,False,10,10
2026-08-19T00:53:40Z,1028M20111C3,20111,C3,-1438,17000,17000,2026-08-19T00:23:00,17000,60200,S,40.471382,-3.6834786,10,True,5,5
2026-08-19T00:53:40Z,1028M20110C3,20110,C3,-1423,60200,60200,2026-08-19T00:00:00,60200,17000,A,40.035027,-3.6189713,10,True,5,5
2026-08-19T00:58:27Z,3028M23578C1,23578,C1,12,50700,50701,2026-08-19T00:04:24,51003,50600,10.0,37.58847,-5.73386,30,False,2,2
2026-08-19T00:58:27Z,3028M23581C1,23581,C1,19,51100,51003,2026-08-19T00:04:21,51003,51200,E,37.377792,-5.9795485,30,False,1,
2026-08-19T00:58:27Z,3028M23743C5,23743,C5,6,43003,43027,2026-08-19T00:03:16,51003,43005,33.0,37.408543,-6.1310334,30,False,,1
2026-08-19T00:58:27Z,3228M35570C1,35570,C1,1,54510,54519,2026-08-19T00:01:01,54517,54516,A,36.613625,-4.509399,32,False,2,1
2026-08-19T00:58:27Z,3228M35577C1,35577,C1,2,54501,54503,2026-08-19T00:00:35,54516,54517,E,36.70121,-4.454409,32,False,,1
2026-08-19T00:58:27Z,3228M35589C2,23589,C2,-1439,54405,54405,2026-08-19T00:19:32,54405,54517,A,36.819714,-4.699568,32,False,,
2026-08-19T00:58:27Z,3228M23405C1,23405,C1,-1435,54516,54516,2026-08-19T00:21:07,54516,54517,A,36.541843,-4.6237864,32,False,1,1
2026-08-19T00:58:27Z,3228M23400C1,23400,C1,3,54503,54501,2026-08-19T00:02:01,54517,54516,E,36.69222,-4.48376,32,False,2,2
2026-08-19T00:58:27Z,5128M25472R2N,25472,R2N,0,72400,71707,2026-08-19T00:06:03,79100,72400,E,41.30425,2.0733776,50,True,,4
2026-08-19T00:58:27Z,5128M77468R4,77468,R4,-1427,78700,78700,2026-08-19T00:32:36,78700,71600,A,41.56993,2.0143688,50,True,2,2
2026-08-19T00:58:27Z,5128M77766R4,77766,R4,-7,71801,72305,2026-08-19T00:08:59,72209,78600,A,41.36431,2.1008937,50,False,,4
2026-08-19T00:58:27Z,5128M28393R2S,28393,R2S,-2,71802,71801,2026-08-19T00:01:30,71700,79400,A,41.379513,2.1412146,50,False,,
2026-08-19T00:58:27Z,5128M28490R2,28490,R2,-1437,71700,71700,2026-08-19T00:22:53,71700,79104,A,41.27745,1.9777229,50,True,3,3
2026-08-19T00:58:27Z,5128M77568R4,77568,R4,39,72206,72205,2026-08-19T00:02:35,71600,78600,E,41.39581,1.7681432,50,False,,1
2026-08-19T00:58:27Z,5128M77768R4,77768,R4,7,71801,72305,2026-08-19T00:06:18,72209,78700,E,41.379536,2.1411612,50,False,8,
2026-08-19T00:58:27Z,5128M25795R1,25795,R1,-1,79403,79404,2026-08-19T00:03:24,79500,72305,A,41.445705,2.2490852,50,True,,1
2026-08-19T00:58:27Z,5128M25567R2S,25567,R2S,3,71604,71603,2026-08-19T00:03:10,71600,79400,E,41.20413,1.6760199,50,False,1,1
2026-08-19T00:58:27Z,5128M28484R2N,28484,R2N,2,71707,72400,2026-08-19T00:00:40,72400,79200,87.0,41.301285,2.0645964,50,True,,1
2026-08-19T00:58:27Z,5128M77464R4,77464,R4,-1413,78600,78600,2026-08-19T00:24:04,78600,71600,A,41.72026,1.826487,50,False,2,2
2026-08-19T00:58:27Z,5128M25470R2N,25470,R2N,5,79011,79006,2026-08-19T00:02:10,79104,72400,25.0,41.51616,2.2043107,50,True,1,
2026-08-19T00:58:27Z,5128M25693R1,25693,R1,2,79601,79602,2026-08-19T00:03:00,79606,72305,E,41.586533,2.5813315,50,False,1,
2026-08-19T00:58:27Z,6028M35678C3,35678,C3,0,13108,13117,2026-08-19T00:01:55,13100,13200,E,43.16316,-2.9277587,60,True,,2
2026-08-19T00:58:27Z,6028M35681C3,35681,C3,1,13114,13119,2026-08-19T00:00:34,13200,13100,E,43.24241,-2.9163692,60,False,1,1
2026-08-19T00:58:27Z,6128M83145C1,83145,C1,0,11508,11511,2026-08-19T00:15:00,11600,11508,,43.27241,-1.9637448,61,False,1,
2026-08-19T00:58:27Z,6228M35949C1,26949,C1,19,14210,14213,2026-08-19T00:05:36,14223,14202,E,43.255173,-4.063747,62,False,,2
2026-08-19T00:58:27Z,6228M71185C2,71185,C2,0,05605,05604,2026-08-19T00:00:45,14223,05637,79.0,43.4502,-3.8650372,62,False,,2
2026-08-19T00:58:27Z,2028M22358C3,22358,C3,0,15211,15218,2026-08-19T00:01:00,15218,16405,A,43.3588,-5.8573804,20,False,2,1
2026-08-19T00:58:27Z,2028M22132C1,22132,C1,3,15212,15217,2026-08-19T00:02:00,15218,15410,E,43.404537,-5.81196,20,False,2,2
2026-08-19T00:58:27Z,2028M22139C1,22139,C1,3,15203,15206,2026-08-19T00:04:00,15211,15122,E,43.250034,-5.782385,20,False,1,1
2026-08-19T00:58:27Z,4128M84722C1,84722,C1,26,62101,62102,2026-08-19T00:22:00,60911,62101,E,38.224415,-0.7814662,41,False,3,1
2026-08-19T00:58:27Z,4128M84931C2,84931,C2,87,61200,06002,2026-08-19T00:34:00,06006,61200,E,37.97462,-1.1315287,41,False,1,2
2026-08-19T00:58:27Z,1028M20336C4a,20336,C4a,0,19003,19002,2026-08-20T00:03:00,17000,19003,E,40.546417,-3.6351175,10,False,2,2
2026-08-19T00:58:27Z,1028M79839C8a,79839,C8a,16,10203,10203,2026-08-18T23:59:00,10203,18000,E,40.58532,-4.1321955,10,False,5,5
2026-08-19T00:58:27Z,1028M19945C1,19945,C1,0,98305,98304,2026-08-20T00:12:00,18000,98305,E,40.4924,-3.593483,10,False,2,1
2026-08-19T00:58:27Z,1028M20522C4b,20522,C4b,24,17005,17004,2026-08-19T00:05:00,18000,17005,E,40.644844,-3.7762609,10,True,3,3
2026-08-19T00:58:27Z,1028M79171C7,79171,C7,-1435,10000,10000,2026-08-19T00:17:00,10000,70200,S,40.42163,-3.7193205,10,False,1,1
2026-08-19T00:58:27Z,1028M20520C4b,20520,C4b,4,18000,60100,2026-08-19T00:06:00,37012,17005,13.0,40.40084,-3.682559,10,True,7,1
2026-08-19T00:58:27Z,1028M19793C5,19793,C5,1,35001,35009,2026-08-19T00:00:00,35607,35012,E,40.328766,-3.7714624,10,False,1,1
2026-08-19T00:58:27Z,1028M19795C5,19795,C5,1,35002,35002,2026-08-18T23:55:00,35002,35012,A,40.283237,-3.7991464,10,False,1,1
2026-08-19T00:58:27Z,1028M20518C4b,20518,C4b,4,37011,37012,2026-08-19T00:06:00,37012,17005,13.0,40.27857,-3.7384615,10,True,2,2
2026-08-19T00:58:27Z,1028M79371C7,79371,C7,-1439,18000,18000,2026-08-19T00:00:00,18000,70103,E,40.40667,-3.6893938,10,False,1,1
2026-08-19T00:58:27Z,1028M79370C7,79370,C7,-1436,70103,70103,2026-08-19T00:09:00,70103,18000,E,40.4889,-3.3666708,10,False,6,6
2026-08-19T00:58:27Z,1028M79172C7,79172,C7,4,10010,10007,2026-08-19T00:03:00,17000,10000,A,40.474438,-3.846226,10,False,2,2
2026-08-19T00:58:27Z,1028M19791C5,19791,C5,0,18003,18000,2026-08-18T23:57:00,35607,35012,S,40.39592,-3.6779969,10,False,1,9
2026-08-19T00:58:27Z,1028M19790C5,19790,C5,0,35602,35601,2026-08-18T23:59:00,35012,35607,S,40.381268,-3.7802126,10,False,1,1
2026-08-19T00:58:27Z,1028M79491C2,79491,C2,0,70104,70105,2026-08-19T00:04:00,70200,18000,19.0,40.539566,-3.2922592,10,False,2,2
2026-08-19T00:58:27Z,1028M20327C4,20327,C4,-1425,17000,17000,2026-08-19T00:14:00,17000,37012,A,40.471325,-3.6833096,10,True,3,3
2026-08-19T00:58:27Z,1028M79373C7,79373,C7,1,70108,70100,2026-08-19T00:03:00,18000,70103,23.0,40.417698,-3.5687835,10,True,1,1
2026-08-19T00:58:27Z,1028M79493C2,79493,C2,7,98003,70101,2026-08-19T00:12:00,70200,18000,E,40.471153,-3.6823752,10,True,2,2
2026-08-19T00:58:27Z,1028M20524C4b,20524,C4b,-1439,18000,18000,2026-08-19T00:40:00,18000,17005,S,40.40654,-3.6895106,10,True,7,7
2026-08-19T00:58:27Z,1028M79991C2,79991,C2,-1438,17000,17000,2026-08-19T00:12:00,17000,18000,E,40.47097,-3.68245,10,False,10,10
2026-08-19T00:58:27Z,1028M20533C4,20533,C4,-1439,17000,17000,2026-08-19T00:34:00,17000,37012,A,40.471325,-3.6833096,10,True,5,5
2026-08-19T00:58:27Z,1028M20325C4a,20325,C4a,-1420,19003,19003,2026-08-19T00:18:00,19003,37012,S,40.546417,-3.6351175,10,True,2,2
2026-08-19T00:58:27Z,1028M20531C4,20531,C4,-1431,17000,17000,2026-08-19T00:24:00,17000,37012,S,40.471325,-3.6833096,10,True,5,5
2026-08-19T00:58:27Z,1028M19788C5,19788,C5,0,35704,37001,2026-08-19T00:02:00,35012,35607,E,40.35043,-3.705141,10,False,2,6
2026-08-19T00:58:27Z,1028M79841C8a,79841,C8a,6,97100,10100,2026-08-19T00:10:00,10203,18000,8.0,40.493187,-3.738863,10,True,1,3
2026-08-19T00:58:27Z,1028M79169C7,79169,C7,22,10000,10000,2026-08-18T23:59:00,10000,70200,E,40.42163,-3.7193205,10,False,4,4
2026-08-19T00:58:27Z,1028M79988C8b,79988,C8b,-1407,17000,17000,2026-08-19T00:10:00,17000,12006,E,40.47113,-3.6828332,10,False,6,6
2026-08-19T00:58:27Z,1028M79768C10,79768,C10,-1441,10200,10200,2026-08-20T00:08:00,10200,18004,E,40.62599,-4.0081153,10,False,4,4
2026-08-19T00:58:27Z,1028M19787C5,19787,C5,-1425,35607,35607,2026-08-19T00:00:00,35607,35012,S,40.330883,-3.8823783,10,False,2,2
2026-08-19T00:58:27Z,1028M20332C4a,20332,C4a,-1422,18000,18000,2026-08-19T00:01:00,18000,19003,E,40.40654,-3.6895106,10,False,5,5
2026-08-19T00:58:27Z,1028M79987C8b,79987,C8b,-1427,12006,12006,2026-08-19T00:40:00,12006,18000,S,40.737614,-4.0662985,10,False,2,2
2026-08-19T00:58:27Z,1028M79989C2,79989,C2,5,17000,17000,2026-08-18T23:59:00,17000,18000,A,40.47097,-3.68245,10,False,10,10
2026-08-19T00:58:27Z,1028M20111C3,20111,C3,-1438,17000,17000,2026-08-19T00:23:00,17000,60200,S,40.471382,-3.6834786,10,True,5,5
2026-08-19T00:58:27Z,1028M20110C3,20110,C3,-1423,60200,60200,2026-08-19T00:00:00,60200,17000,A,40.035027,-3.6189713,10,True,5,5
2026-08-19T01:08:56Z,3028M23578C1,23578,C1,12,50700,50701,2026-08-19T00:04:24,51003,50600,10.0,37.58847,-5.73386,30,False,2,2
2026-08-19T01:08:56Z,3028M23581C1,23581,C1,19,51100,51003,2026-08-19T00:04:21,51003,51200,E,37.377792,-5.9795485,30,False,1,
2026-08-19T01:08:56Z,3028M23743C5,23743,C5,6,43003,43027,2026-08-19T00:03:16,51003,43005,33.0,37.408543,-6.1310334,30,False,,1
2026-08-19T01:08:56Z,3228M35570C1,35570,C1,1,54510,54519,2026-08-19T00:01:01,54517,54516,A,36.613625,-4.509399,32,False,2,1
2026-08-19T01:08:56Z,3228M35577C1,35577,C1,2,54501,54503,2026-08-19T00:00:35,54516,54517,E,36.70121,-4.454409,32,False,,1
2026-08-19T01:08:56Z,3228M35589C2,23589,C2,-1439,54405,54405,2026-08-19T00:19:32,54405,54517,A,36.819714,-4.699568,32,False,,
2026-08-19T01:08:56Z,3228M23405C1,23405,C1,-1435,54516,54516,2026-08-19T00:21:07,54516,54517,A,36.541843,-4.6237864,32,False,1,1
2026-08-19T01:08:56Z,3228M23400C1,23400,C1,3,54503,54501,2026-08-19T00:02:01,54517,54516,E,36.69222,-4.48376,32,False,2,2
2026-08-19T01:08:56Z,5128M25472R2N,25472,R2N,0,72400,71707,2026-08-19T00:06:03,79100,72400,E,41.30425,2.0733776,50,True,,4
2026-08-19T01:08:56Z,5128M77468R4,77468,R4,-1427,78700,78700,2026-08-19T00:32:36,78700,71600,A,41.56993,2.0143688,50,True,2,2
2026-08-19T01:08:56Z,5128M77766R4,77766,R4,-7,71801,72305,2026-08-19T00:08:59,72209,78600,A,41.36431,2.1008937,50,False,,4
2026-08-19T01:08:56Z,5128M28393R2S,28393,R2S,-2,71802,71801,2026-08-19T00:01:30,71700,79400,A,41.379513,2.1412146,50,False,,
2026-08-19T01:08:56Z,5128M28490R2,28490,R2,-1437,71700,71700,2026-08-19T00:22:53,71700,79104,A,41.27745,1.9777229,50,True,3,3
2026-08-19T01:08:56Z,5128M77568R4,77568,R4,39,72206,72205,2026-08-19T00:02:35,71600,78600,E,41.39581,1.7681432,50,False,,1
2026-08-19T01:08:56Z,5128M77768R4,77768,R4,7,71801,72305,2026-08-19T00:06:18,72209,78700,E,41.379536,2.1411612,50,False,8,
2026-08-19T01:08:56Z,5128M25795R1,25795,R1,-1,79403,79404,2026-08-19T00:03:24,79500,72305,A,41.445705,2.2490852,50,True,,1
2026-08-19T01:08:56Z,5128M25567R2S,25567,R2S,3,71604,71603,2026-08-19T00:03:10,71600,79400,E,41.20413,1.6760199,50,False,1,1
2026-08-19T01:08:56Z,5128M28484R2N,28484,R2N,2,71707,72400,2026-08-19T00:00:40,72400,79200,87.0,41.301285,2.0645964,50,True,,1
2026-08-19T01:08:56Z,5128M77464R4,77464,R4,-1413,78600,78600,2026-08-19T00:24:04,78600,71600,A,41.72026,1.826487,50,False,2,2
2026-08-19T01:08:56Z,5128M25470R2N,25470,R2N,5,79011,79006,2026-08-19T00:02:10,79104,72400,25.0,41.51616,2.2043107,50,True,1,
2026-08-19T01:08:56Z,5128M25693R1,25693,R1,2,79601,79602,2026-08-19T00:03:00,79606,72305,E,41.586533,2.5813315,50,False,1,
2026-08-19T01:08:56Z,6028M35678C3,35678,C3,0,13108,13117,2026-08-19T00:01:55,13100,13200,E,43.16316,-2.9277587,60,True,,2
2026-08-19T01:08:56Z,6028M35681C3,35681,C3,1,13114,13119,2026-08-19T00:00:34,13200,13100,E,43.24241,-2.9163692,60,False,1,1
2026-08-19T01:08:56Z,6128M83145C1,83145,C1,0,11508,11511,2026-08-19T00:15:00,11600,11508,,43.27241,-1.9637448,61,False,1,
2026-08-19T01:08:56Z,6228M35949C1,26949,C1,19,14210,14213,2026-08-19T00:05:36,14223,14202,E,43.255173,-4.063747,62,False,,2
2026-08-19T01:08:56Z,6228M71185C2,71185,C2,0,05605,05604,2026-08-19T00:00:45,14223,05637,79.0,43.4502,-3.8650372,62,False,,2
2026-08-19T01:08:56Z,2028M22358C3,22358,C3,0,15211,15218,2026-08-19T00:01:00,15218,16405,A,43.3588,-5.8573804,20,False,2,1
2026-08-19T01:08:56Z,2028M22132C1,22132,C1,3,15212,15217,2026-08-19T00:02:00,15218,15410,E,43.404537,-5.81196,20,False,2,2
2026-08-19T01:08:56Z,2028M22139C1,22139,C1,3,15203,15206,2026-08-19T00:04:00,15211,15122,E,43.250034,-5.782385,20,False,1,1
2026-08-19T01:08:56Z,4128M84722C1,84722,C1,26,62101,62102,2026-08-19T00:22:00,60911,62101,E,38.224415,-0.7814662,41,False,3,1
2026-08-19T01:08:56Z,4128M84931C2,84931,C2,87,61200,06002,2026-08-19T00:34:00,06006,61200,E,37.97462,-1.1315287,41,False,1,2
2026-08-19T01:08:56Z,1028M20336C4a,20336,C4a,0,19003,19002,2026-08-20T00:03:00,17000,19003,E,40.546417,-3.6351175,10,False,2,2
2026-08-19T01:08:56Z,1028M79839C8a,79839,C8a,16,10203,10203,2026-08-18T23:59:00,10203,18000,E,40.58532,-4.1321955,10,False,5,5
2026-08-19T01:08:56Z,1028M19945C1,19945,C1,0,98305,98304,2026-08-20T00:12:00,18000,98305,E,40.4924,-3.593483,10,False,2,1
2026-08-19T01:08:56Z,1028M20522C4b,20522,C4b,24,17005,17004,2026-08-19T00:05:00,18000,17005,E,40.644844,-3.7762609,10,True,3,3
2026-08-19T01:08:56Z,1028M79171C7,79171,C7,-1435,10000,10000,2026-08-19T00:17:00,10000,70200,S,40.42163,-3.7193205,10,False,1,1
2026-08-19T01:08:56Z,1028M20520C4b,20520,C4b,4,18000,60100,2026-08-19T00:06:00,37012,17005,13.0,40.40084,-3.682559,10,True,7,1
2026-08-19T01:08:56Z,1028M19793C5,19793,C5,1,35001,35009,2026-08-19T00:00:00,35607,35012,E,40.328766,-3.7714624,10,False,1,1
2026-08-19T01:08:56Z,1028M19795C5,19795,C5,1,35002,35002,2026-08-18T23:55:00,35002,35012,A,40.283237,-3.7991464,10,False,1,1
2026-08-19T01:08:56Z,1028M20518C4b,20518,C4b,4,37011,37012,2026-08-19T00:06:00,37012,17005,13.0,40.27857,-3.7384615,10,True,2,2
2026-08-19T01:08:56Z,1028M79371C7,79371,C7,-1439,18000,18000,2026-08-19T00:00:00,18000,70103,E,40.40667,-3.6893938,10,False,1,1
2026-08-19T01:08:56Z,1028M79370C7,79370,C7,-1436,70103,70103,2026-08-19T00:09:00,70103,18000,E,40.4889,-3.3666708,10,False,6,6
2026-08-19T01:08:56Z,1028M79172C7,79172,C7,4,10010,10007,2026-08-19T00:03:00,17000,10000,A,40.474438,-3.846226,10,False,2,2
2026-08-19T01:08:56Z,1028M19791C5,19791,C5,0,18003,18000,2026-08-18T23:57:00,35607,35012,S,40.39592,-3.6779969,10,False,1,9
2026-08-19T01:08:56Z,1028M19790C5,19790,C5,0,35602,35601,2026-08-18T23:59:00,35012,35607,S,40.381268,-3.7802126,10,False,1,1
2026-08-19T01:08:56Z,1028M79491C2,79491,C2,0,70104,70105,2026-08-19T00:04:00,70200,18000,19.0,40.539566,-3.2922592,10,False,2,2
2026-08-19T01:08:56Z,1028M20327C4,20327,C4,-1425,17000,17000,2026-08-19T00:14:00,17000,37012,A,40.471325,-3.6833096,10,True,3,3
2026-08-19T01:08:56Z,1028M79373C7,79373,C7,1,70108,70100,2026-08-19T00:03:00,18000,70103,23.0,40.417698,-3.5687835,10,True,1,1
2026-08-19T01:08:56Z,1028M79493C2,79493,C2,7,98003,70101,2026-08-19T00:12:00,70200,18000,E,40.471153,-3.6823752,10,True,2,2
2026-08-19T01:08:56Z,1028M20524C4b,20524,C4b,-1439,18000,18000,2026-08-19T00:40:00,18000,17005,S,40.40654,-3.6895106,10,True,7,7
2026-08-19T01:08:56Z,1028M79991C2,79991,C2,-1438,17000,17000,2026-08-19T00:12:00,17000,18000,E,40.47097,-3.68245,10,False,10,10
2026-08-19T01:08:56Z,1028M20533C4,20533,C4,-1439,17000,17000,2026-08-19T00:34:00,17000,37012,A,40.471325,-3.6833096,10,True,5,5
2026-08-19T01:08:56Z,1028M20325C4a,20325,C4a,-1420,19003,19003,2026-08-19T00:18:00,19003,37012,S,40.546417,-3.6351175,10,True,2,2
2026-08-19T01:08:56Z,1028M20531C4,20531,C4,-1431,17000,17000,2026-08-19T00:24:00,17000,37012,S,40.471325,-3.6833096,10,True,5,5
2026-08-19T01:08:56Z,1028M19788C5,19788,C5,0,35704,37001,2026-08-19T00:02:00,35012,35607,E,40.35043,-3.705141,10,False,2,6
2026-08-19T01:08:56Z,1028M79841C8a,79841,C8a,6,97100,10100,2026-08-19T00:10:00,10203,18000,8.0,40.493187,-3.738863,10,True,1,3
2026-08-19T01:08:56Z,1028M79169C7,79169,C7,22,10000,10000,2026-08-18T23:59:00,10000,70200,E,40.42163,-3.7193205,10,False,4,4
2026-08-19T01:08:56Z,1028M79988C8b,79988,C8b,-1407,17000,17000,2026-08-19T00:10:00,17000,12006,E,40.47113,-3.6828332,10,False,6,6
2026-08-19T01:08:56Z,1028M79768C10,79768,C10,-1441,10200,10200,2026-08-20T00:08:00,10200,18004,E,40.62599,-4.0081153,10,False,4,4
2026-08-19T01:08:56Z,1028M19787C5,19787,C5,-1425,35607,35607,2026-08-19T00:00:00,35607,35012,S,40.330883,-3.8823783,10,False,2,2
2026-08-19T01:08:56Z,1028M20332C4a,20332,C4a,-1422,18000,18000,2026-08-19T00:01:00,18000,19003,E,40.40654,-3.6895106,10,False,5,5
2026-08-19T01:08:56Z,1028M79987C8b,79987,C8b,-1427,12006,12006,2026-08-19T00:40:00,12006,18000,S,40.737614,-4.0662985,10,False,2,2
2026-08-19T01:08:56Z,1028M79989C2,79989,C2,5,17000,17000,2026-08-18T23:59:00,17000,18000,A,40.47097,-3.68245,10,False,10,10
2026-08-19T01:08:56Z,1028M20111C3,20111,C3,-1438,17000,17000,2026-08-19T00:23:00,17000,60200,S,40.471382,-3.6834786,10,True,5,5
2026-08-19T01:08:56Z,1028M20110C3,20110,C3,-1423,60200,60200,2026-08-19T00:00:00,60200,17000,A,40.035027,-3.6189713,10,True,5,5
2026-08-19T01:14:05Z,3028M23578C1,23578,C1,12,50700,50701,2026-08-19T00:04:24,51003,50600,10.0,37.58847,-5.73386,30,False,2,2
2026-08-19T01:14:05Z,3028M23581C1,23581,C1,19,51100,51003,2026-08-19T00:04:21,51003,51200,E,37.377792,-5.9795485,30,False,1,
2026-08-19T01:14:05Z,3028M23743C5,23743,C5,6,43003,43027,2026-08-19T00:03:16,51003,43005,33.0,37.408543,-6.1310334,30,False,,1
2026-08-19T01:14:05Z,3228M35570C1,35570,C1,1,54510,54519,2026-08-19T00:01:01,54517,54516,A,36.613625,-4.509399,32,False,2,1
2026-08-19T01:14:05Z,3228M35577C1,35577,C1,2,54501,54503,2026-08-19T00:00:35,54516,54517,E,36.70121,-4.454409,32,False,,1
2026-08-19T01:14:05Z,3228M35589C2,23589,C2,-1439,54405,54405,2026-08-19T00:19:32,54405,54517,A,36.819714,-4.699568,32,False,,
2026-08-19T01:14:05Z,3228M23405C1,23405,C1,-1435,54516,54516,2026-08-19T00:21:07,54516,54517,A,36.541843,-4.6237864,32,False,1,1
2026-08-19T01:14:05Z,3228M23400C1,23400,C1,3,54503,54501,2026-08-19T00:02:01,54517,54516,E,36.69222,-4.48376,32,False,2,2
2026-08-19T01:14:05Z,5128M25472R2N,25472,R2N,0,72400,71707,2026-08-19T00:06:03,79100,72400,E,41.30425,2.0733776,50,True,,4
2026-08-19T01:14:05Z,5128M77468R4,77468,R4,-1427,78700,78700,2026-08-19T00:32:36,78700,71600,A,41.56993,2.0143688,50,True,2,2
2026-08-19T01:14:05Z,5128M77766R4,77766,R4,-7,71801,72305,2026-08-19T00:08:59,72209,78600,A,41.36431,2.1008937,50,False,,4
2026-08-19T01:14:05Z,5128M28393R2S,28393,R2S,-2,71802,71801,2026-08-19T00:01:30,71700,79400,A,41.379513,2.1412146,50,False,,
2026-08-19T01:14:05Z,5128M28490R2,28490,R2,-1437,71700,71700,2026-08-19T00:22:53,71700,79104,A,41.27745,1.9777229,50,True,3,3
2026-08-19T01:14:05Z,5128M77568R4,77568,R4,39,72206,72205,2026-08-19T00:02:35,71600,78600,E,41.39581,1.7681432,50,False,,1
2026-08-19T01:14:05Z,5128M77768R4,77768,R4,7,71801,72305,2026-08-19T00:06:18,72209,78700,E,41.379536,2.1411612,50,False,8,
2026-08-19T01:14:05Z,5128M25795R1,25795,R1,-1,79403,79404,2026-08-19T00:03:24,79500,72305,A,41.445705,2.2490852,50,True,,1
2026-08-19T01:14:05Z,5128M25567R2S,25567,R2S,3,71604,71603,2026-08-19T00:03:10,71600,79400,E,41.20413,1.6760199,50,False,1,1
2026-08-19T01:14:05Z,5128M28484R2N,28484,R2N,2,71707,72400,2026-08-19T00:00:40,72400,79200,87.0,41.301285,2.0645964,50,True,,1
2026-08-19T01:14:05Z,5128M77464R4,77464,R4,-1413,78600,78600,2026-08-19T00:24:04,78600,71600,A,41.72026,1.826487,50,False,2,2
2026-08-19T01:14:05Z,5128M25470R2N,25470,R2N,5,79011,79006,2026-08-19T00:02:10,79104,72400,25.0,41.51616,2.2043107,50,True,1,
2026-08-19T01:14:05Z,5128M25693R1,25693,R1,2,79601,79602,2026-08-19T00:03:00,79606,72305,E,41.586533,2.5813315,50,False,1,
2026-08-19T01:14:05Z,6028M35678C3,35678,C3,0,13108,13117,2026-08-19T00:01:55,13100,13200,E,43.16316,-2.9277587,60,True,,2
2026-08-19T01:14:05Z,6028M35681C3,35681,C3,1,13114,13119,2026-08-19T00:00:34,13200,13100,E,43.24241,-2.9163692,60,False,1,1
2026-08-19T01:14:05Z,6128M83145C1,83145,C1,0,11508,11511,2026-08-19T00:15:00,11600,11508,,43.27241,-1.9637448,61,False,1,
2026-08-19T01:14:05Z,6228M35949C1,26949,C1,19,14210,14213,2026-08-19T00:05:36,14223,14202,E,43.255173,-4.063747,62,False,,2
2026-08-19T01:14:05Z,6228M71185C2,71185,C2,0,05605,05604,2026-08-19T00:00:45,14223,05637,79.0,43.4502,-3.8650372,62,False,,2
2026-08-19T01:14:05Z,2028M22358C3,22358,C3,0,15211,15218,2026-08-19T00:01:00,15218,16405,A,43.3588,-5.8573804,20,False,2,1
2026-08-19T01:14:05Z,2028M22132C1,22132,C1,3,15212,15217,2026-08-19T00:02:00,15218,15410,E,43.404537,-5.81196,20,False,2,2
2026-08-19T01:14:05Z,2028M22139C1,22139,C1,3,15203,15206,2026-08-19T00:04:00,15211,15122,E,43.250034,-5.782385,20,False,1,1
2026-08-19T01:14:05Z,4128M84722C1,84722,C1,26,62101,62102,2026-08-19T00:22:00,60911,62101,E,38.224415,-0.7814662,41,False,3,1
2026-08-19T01:14:05Z,4128M84931C2,84931,C2,87,61200,06002,2026-08-19T00:34:00,06006,61200,E,37.97462,-1.1315287,41,False,1,2
2026-08-19T01:14:05Z,1028M20336C4a,20336,C4a,0,19003,19002,2026-08-20T00:03:00,17000,19003,E,40.546417,-3.6351175,10,False,2,2
2026-08-19T01:14:05Z,1028M79839C8a,79839,C8a,16,10203,10203,2026-08-18T23:59:00,10203,18000,E,40.58532,-4.1321955,10,False,5,5
2026-08-19T01:14:05Z,1028M19945C1,19945,C1,0,98305,98304,2026-08-20T00:12:00,18000,98305,E,40.4924,-3.593483,10,False,2,1
2026-08-19T01:14:05Z,1028M20522C4b,20522,C4b,24,17005,17004,2026-08-19T00:05:00,18000,17005,E,40.644844,-3.7762609,10,True,3,3
2026-08-19T01:14:05Z,1028M79171C7,79171,C7,-1435,10000,10000,2026-08-19T00:17:00,10000,70200,S,40.42163,-3.7193205,10,False,1,1
2026-08-19T01:14:05Z,1028M20520C4b,20520,C4b,4,18000,60100,2026-08-19T00:06:00,37012,17005,13.0,40.40084,-3.682559,10,True,7,1
2026-08-19T01:14:05Z,1028M19793C5,19793,C5,1,35001,35009,2026-08-19T00:00:00,35607,35012,E,40.328766,-3.7714624,10,False,1,1
2026-08-19T01:14:05Z,1028M19795C5,19795,C5,1,35002,35002,2026-08-18T23:55:00,35002,35012,A,40.283237,-3.7991464,10,False,1,1
2026-08-19T01:14:05Z,1028M20518C4b,20518,C4b,4,37011,37012,2026-08-19T00:06:00,37012,17005,13.0,40.27857,-3.7384615,10,True,2,2
2026-08-19T01:14:05Z,1028M79371C7,79371,C7,-1439,18000,18000,2026-08-19T00:00:00,18000,70103,E,40.40667,-3.6893938,10,False,1,1
2026-08-19T01:14:05Z,1028M79370C7,79370,C7,-1436,70103,70103,2026-08-19T00:09:00,70103,18000,E,40.4889,-3.3666708,10,False,6,6
2026-08-19T01:14:05Z,1028M79172C7,79172,C7,4,10010,10007,2026-08-19T00:03:00,17000,10000,A,40.474438,-3.846226,10,False,2,2
2026-08-19T01:14:05Z,1028M19791C5,19791,C5,0,18003,18000,2026-08-18T23:57:00,35607,35012,S,40.39592,-3.6779969,10,False,1,9
2026-08-19T01:14:05Z,1028M19790C5,19790,C5,0,35602,35601,2026-08-18T23:59:00,35012,35607,S,40.381268,-3.7802126,10,False,1,1
2026-08-19T01:14:05Z,1028M79491C2,79491,C2,0,70104,70105,2026-08-19T00:04:00,70200,18000,19.0,40.539566,-3.2922592,10,False,2,2
2026-08-19T01:14:05Z,1028M20327C4,20327,C4,-1425,17000,17000,2026-08-19T00:14:00,17000,37012,A,40.471325,-3.6833096,10,True,3,3
2026-08-19T01:14:05Z,1028M79373C7,79373,C7,1,70108,70100,2026-08-19T00:03:00,18000,70103,23.0,40.417698,-3.5687835,10,True,1,1
2026-08-19T01:14:05Z,1028M79493C2,79493,C2,7,98003,70101,2026-08-19T00:12:00,70200,18000,E,40.471153,-3.6823752,10,True,2,2
2026-08-19T01:14:05Z,1028M20524C4b,20524,C4b,-1439,18000,18000,2026-08-19T00:40:00,18000,17005,S,40.40654,-3.6895106,10,True,7,7
2026-08-19T01:14:05Z,1028M79991C2,79991,C2,-1438,17000,17000,2026-08-19T00:12:00,17000,18000,E,40.47097,-3.68245,10,False,10,10
2026-08-19T01:14:05Z,1028M20533C4,20533,C4,-1439,17000,17000,2026-08-19T00:34:00,17000,37012,A,40.471325,-3.6833096,10,True,5,5
2026-08-19T01:14:05Z,1028M20325C4a,20325,C4a,-1420,19003,19003,2026-08-19T00:18:00,19003,37012,S,40.546417,-3.6351175,10,True,2,2
2026-08-19T01:14:05Z,1028M20531C4,20531,C4,-1431,17000,17000,2026-08-19T00:24:00,17000,37012,S,40.471325,-3.6833096,10,True,5,5
2026-08-19T01:14:05Z,1028M19788C5,19788,C5,0,35704,37001,2026-08-19T00:02:00,35012,35607,E,40.35043,-3.705141,10,False,2,6
2026-08-19T01:14:05Z,1028M79841C8a,79841,C8a,6,97100,10100,2026-08-19T00:10:00,10203,18000,8.0,40.493187,-3.738863,10,True,1,3
2026-08-19T01:14:05Z,1028M79169C7,79169,C7,22,10000,10000,2026-08-18T23:59:00,10000,70200,E,40.42163,-3.7193205,10,False,4,4
2026-08-19T01:14:05Z,1028M79988C8b,79988,C8b,-1407,17000,17000,2026-08-19T00:10:00,17000,12006,E,40.47113,-3.6828332,10,False,6,6
2026-08-19T01:14:05Z,1028M79768C10,79768,C10,-1441,10200,10200,2026-08-20T00:08:00,10200,18004,E,40.62599,-4.0081153,10,False,4,4
2026-08-19T01:14:05Z,1028M19787C5,19787,C5,-1425,35607,35607,2026-08-19T00:00:00,35607,35012,S,40.330883,-3.8823783,10,False,2,2
2026-08-19T01:14:05Z,1028M20332C4a,20332,C4a,-1422,18000,18000,2026-08-19T00:01:00,18000,19003,E,40.40654,-3.6895106,10,False,5,5
2026-08-19T01:14:05Z,1028M79987C8b,79987,C8b,-1427,12006,12006,2026-08-19T00:40:00,12006,18000,S,40.737614,-4.0662985,10,False,2,2
2026-08-19T01:14:05Z,1028M79989C2,79989,C2,5,17000,17000,2026-08-18T23:59:00,17000,18000,A,40.47097,-3.68245,10,False,10,10
2026-08-19T01:14:05Z,1028M20111C3,20111,C3,-1438,17000,17000,2026-08-19T00:23:00,17000,60200,S,40.471382,-3.6834786,10,True,5,5
2026-08-19T01:14:05Z,1028M20110C3,20110,C3,-1423,60200,60200,2026-08-19T00:00:00,60200,17000,A,40.035027,-3.6189713,10,True,5,5
2026-08-19T01:18:47Z,3028M23578C1,23578,C1,12,50700,50701,2026-08-19T00:04:24,51003,50600,10.0,37.58847,-5.73386,30,False,2,2
2026-08-19T01:18:47Z,3028M23581C1,23581,C1,19,51100,51003,2026-08-19T00:04:21,51003,51200,E,37.377792,-5.9795485,30,False,1,
2026-08-19T01:18:47Z,3028M23743C5,23743,C5,6,43003,43027,2026-08-19T00:03:16,51003,43005,33.0,37.408543,-6.1310334,30,False,,1
2026-08-19T01:18:47Z,3228M35570C1,35570,C1,1,54510,54519,2026-08-19T00:01:01,54517,54516,A,36.613625,-4.509399,32,False,2,1
2026-08-19T01:18:47Z,3228M35577C1,35577,C1,2,54501,54503,2026-08-19T00:00:35,54516,54517,E,36.70121,-4.454409,32,False,,1
2026-08-19T01:18:47Z,3228M35589C2,23589,C2,-1439,54405,54405,2026-08-19T00:19:32,54405,54517,A,36.819714,-4.699568,32,False,,
2026-08-19T01:18:47Z,3228M23405C1,23405,C1,-1435,54516,54516,2026-08-19T00:21:07,54516,54517,A,36.541843,-4.6237864,32,False,1,1
2026-08-19T01:18:47Z,3228M23400C1,23400,C1,3,54503,54501,2026-08-19T00:02:01,54517,54516,E,36.69222,-4.48376,32,False,2,2
2026-08-19T01:18:47Z,5128M25472R2N,25472,R2N,0,72400,71707,2026-08-19T00:06:03,79100,72400,E,41.30425,2.0733776,50,True,,4
2026-08-19T01:18:47Z,5128M77468R4,77468,R4,-1427,78700,78700,2026-08-19T00:32:36,78700,71600,A,41.56993,2.0143688,50,True,2,2
2026-08-19T01:18:47Z,5128M77766R4,77766,R4,-7,71801,72305,2026-08-19T00:08:59,72209,78600,A,41.36431,2.1008937,50,False,,4
2026-08-19T01:18:47Z,5128M28393R2S,28393,R2S,-2,71802,71801,2026-08-19T00:01:30,71700,79400,A,41.379513,2.1412146,50,False,,
2026-08-19T01:18:47Z,5128M28490R2,28490,R2,-1437,71700,71700,2026-08-19T00:22:53,71700,79104,A,41.27745,1.9777229,50,True,3,3
2026-08-19T01:18:47Z,5128M77568R4,77568,R4,39,72206,72205,2026-08-19T00:02:35,71600,78600,E,41.39581,1.7681432,50,False,,1
2026-08-19T01:18:47Z,5128M77768R4,77768,R4,7,71801,72305,2026-08-19T00:06:18,72209,78700,E,41.379536,2.1411612,50,False,8,
2026-08-19T01:18:47Z,5128M25795R1,25795,R1,-1,79403,79404,2026-08-19T00:03:24,79500,72305,A,41.445705,2.2490852,50,True,,1
2026-08-19T01:18:47Z,5128M25567R2S,25567,R2S,3,71604,71603,2026-08-19T00:03:10,71600,79400,E,41.20413,1.6760199,50,False,1,1
2026-08-19T01:18:47Z,5128M28484R2N,28484,R2N,2,71707,72400,2026-08-19T00:00:40,72400,79200,87.0,41.301285,2.0645964,50,True,,1
2026-08-19T01:18:47Z,5128M77464R4,77464,R4,-1413,78600,78600,2026-08-19T00:24:04,78600,71600,A,41.72026,1.826487,50,False,2,2
2026-08-19T01:18:47Z,5128M25470R2N,25470,R2N,5,79011,79006,2026-08-19T00:02:10,79104,72400,25.0,41.51616,2.2043107,50,True,1,
2026-08-19T01:18:47Z,5128M25693R1,25693,R1,2,79601,79602,2026-08-19T00:03:00,79606,72305,E,41.586533,2.5813315,50,False,1,
2026-08-19T01:18:47Z,6028M35678C3,35678,C3,0,13108,13117,2026-08-19T00:01:55,13100,13200,E,43.16316,-2.9277587,60,True,,2
2026-08-19T01:18:47Z,6028M35681C3,35681,C3,1,13114,13119,2026-08-19T00:00:34,13200,13100,E,43.24241,-2.9163692,60,False,1,1
2026-08-19T01:18:47Z,6128M83145C1,83145,C1,0,11508,11511,2026-08-19T00:15:00,11600,11508,,43.27241,-1.9637448,61,False,1,
2026-08-19T01:18:47Z,6228M35949C1,26949,C1,19,14210,14213,2026-08-19T00:05:36,14223,14202,E,43.255173,-4.063747,62,False,,2
2026-08-19T01:18:47Z,6228M71185C2,71185,C2,0,05605,05604,2026-08-19T00:00:45,14223,05637,79.0,43.4502,-3.8650372,62,False,,2
2026-08-19T01:18:47Z,2028M22358C3,22358,C3,0,15211,15218,2026-08-19T00:01:00,15218,16405,A,43.3588,-5.8573804,20,False,2,1
2026-08-19T01:18:47Z,2028M22132C1,22132,C1,3,15212,15217,2026-08-19T00:02:00,15218,15410,E,43.404537,-5.81196,20,False,2,2
2026-08-19T01:18:47Z,2028M22139C1,22139,C1,3,15203,15206,2026-08-19T00:04:00,15211,15122,E,43.250034,-5.782385,20,False,1,1
2026-08-19T01:18:47Z,4128M84722C1,84722,C1,26,62101,62102,2026-08-19T00:22:00,60911,62101,E,38.224415,-0.7814662,41,False,3,1
2026-08-19T01:18:47Z,4128M84931C2,84931,C2,87,61200,06002,2026-08-19T00:34:00,06006,61200,E,37.97462,-1.1315287,41,False,1,2
2026-08-19T01:18:47Z,1028M20336C4a,20336,C4a,0,19003,19002,2026-08-20T00:03:00,17000,19003,E,40.546417,-3.6351175,10,False,2,2
2026-08-19T01:18:47Z,1028M79839C8a,79839,C8a,16,10203,10203,2026-08-18T23:59:00,10203,18000,E,40.58532,-4.1321955,10,False,5,5
2026-08-19T01:18:47Z,1028M19945C1,19945,C1,0,98305,98304,2026-08-20T00:12:00,18000,98305,E,40.4924,-3.593483,10,False,2,1
2026-08-19T01:18:47Z,1028M20522C4b,20522,C4b,24,17005,17004,2026-08-19T00:05:00,18000,17005,E,40.644844,-3.7762609,10,True,3,3
2026-08-19T01:18:47Z,1028M79171C7,79171,C7,-1435,10000,10000,2026-08-19T00:17:00,10000,70200,S,40.42163,-3.7193205,10,False,1,1
2026-08-19T01:18:47Z,1028M20520C4b,20520,C4b,4,18000,60100,2026-08-19T00:06:00,37012,17005,13.0,40.40084,-3.682559,10,True,7,1
2026-08-19T01:18:47Z,1028M19793C5,19793,C5,1,35001,35009,2026-08-19T00:00:00,35607,35012,E,40.328766,-3.7714624,10,False,1,1
2026-08-19T01:18:47Z,1028M19795C5,19795,C5,1,35002,35002,2026-08-18T23:55:00,35002,35012,A,40.283237,-3.7991464,10,False,1,1
2026-08-19T01:18:47Z,1028M20518C4b,20518,C4b,4,37011,37012,2026-08-19T00:06:00,37012,17005,13.0,40.27857,-3.7384615,10,True,2,2
2026-08-19T01:18:47Z,1028M79371C7,79371,C7,-1439,18000,18000,2026-08-19T00:00:00,18000,70103,E,40.40667,-3.6893938,10,False,1,1
2026-08-19T01:18:47Z,1028M79370C7,79370,C7,-1436,70103,70103,2026-08-19T00:09:00,70103,18000,E,40.4889,-3.3666708,10,False,6,6
2026-08-19T01:18:47Z,1028M79172C7,79172,C7,4,10010,10007,2026-08-19T00:03:00,17000,10000,A,40.474438,-3.846226,10,False,2,2
2026-08-19T01:18:47Z,1028M19791C5,19791,C5,0,18003,18000,2026-08-18T23:57:00,35607,35012,S,40.39592,-3.6779969,10,False,1,9
2026-08-19T01:18:47Z,1028M19790C5,19790,C5,0,35602,35601,2026-08-18T23:59:00,35012,35607,S,40.381268,-3.7802126,10,False,1,1
2026-08-19T01:18:47Z,1028M79491C2,79491,C2,0,70104,70105,2026-08-19T00:04:00,70200,18000,19.0,40.539566,-3.2922592,10,False,2,2
2026-08-19T01:18:47Z,1028M20327C4,20327,C4,-1425,17000,17000,2026-08-19T00:14:00,17000,37012,A,40.471325,-3.6833096,10,True,3,3
2026-08-19T01:18:47Z,1028M79373C7,79373,C7,1,70108,70100,2026-08-19T00:03:00,18000,70103,23.0,40.417698,-3.5687835,10,True,1,1
2026-08-19T01:18:47Z,1028M79493C2,79493,C2,7,98003,70101,2026-08-19T00:12:00,70200,18000,E,40.471153,-3.6823752,10,True,2,2
2026-08-19T01:18:47Z,1028M20524C4b,20524,C4b,-1439,18000,18000,2026-08-19T00:40:00,18000,17005,S,40.40654,-3.6895106,10,True,7,7
2026-08-19T01:18:47Z,1028M79991C2,79991,C2,-1438,17000,17000,2026-08-19T00:12:00,17000,18000,E,40.47097,-3.68245,10,False,10,10
2026-08-19T01:18:47Z,1028M20533C4,20533,C4,-1439,17000,17000,2026-08-19T00:34:00,17000,37012,A,40.471325,-3.6833096,10,True,5,5
2026-08-19T01:18:47Z,1028M20325C4a,20325,C4a,-1420,19003,19003,2026-08-19T00:18:00,19003,37012,S,40.546417,-3.6351175,10,True,2,2
2026-08-19T01:18:47Z,1028M20531C4,20531,C4,-1431,17000,17000,2026-08-19T00:24:00,17000,37012,S,40.471325,-3.6833096,10,True,5,5
2026-08-19T01:18:47Z,1028M19788C5,19788,C5,0,35704,37001,2026-08-19T00:02:00,35012,35607,E,40.35043,-3.705141,10,False,2,6
2026-08-19T01:18:47Z,1028M79841C8a,79841,C8a,6,97100,10100,2026-08-19T00:10:00,10203,18000,8.0,40.493187,-3.738863,10,True,1,3
2026-08-19T01:18:47Z,1028M79169C7,79169,C7,22,10000,10000,2026-08-18T23:59:00,10000,70200,E,40.42163,-3.7193205,10,False,4,4
2026-08-19T01:18:47Z,1028M79988C8b,79988,C8b,-1407,17000,17000,2026-08-19T00:10:00,17000,12006,E,40.47113,-3.6828332,10,False,6,6
2026-08-19T01:18:47Z,1028M79768C10,79768,C10,-1441,10200,10200,2026-08-20T00:08:00,10200,18004,E,40.62599,-4.0081153,10,False,4,4
2026-08-19T01:18:47Z,1028M19787C5,19787,C5,-1425,35607,35607,2026-08-19T00:00:00,35607,35012,S,40.330883,-3.8823783,10,False,2,2
2026-08-19T01:18:47Z,1028M20332C4a,20332,C4a,-1422,18000,18000,2026-08-19T00:01:00,18000,19003,E,40.40654,-3.6895106,10,False,5,5
2026-08-19T01:18:47Z,1028M79987C8b,79987,C8b,-1427,12006,12006,2026-08-19T00:40:00,12006,18000,S,40.737614,-4.0662985,10,False,2,2
2026-08-19T01:18:47Z,1028M79989C2,79989,C2,5,17000,17000,2026-08-18T23:59:00,17000,18000,A,40.47097,-3.68245,10,False,10,10
2026-08-19T01:18:47Z,1028M20111C3,20111,C3,-1438,17000,17000,2026-08-19T00:23:00,17000,60200,S,40.471382,-3.6834786,10,True,5,5
2026-08-19T01:18:47Z,1028M20110C3,20110,C3,-1423,60200,60200,2026-08-19T00:00:00,60200,17000,A,40.035027,-3.6189713,10,True,5,5
2026-08-19T01:24:10Z,3028M23578C1,23578,C1,12,50700,50701,2026-08-19T00:04:24,51003,50600,10.0,37.58847,-5.73386,30,False,2,2
2026-08-19T01:24:10Z,3028M23581C1,23581,C1,19,51100,51003,2026-08-19T00:04:21,51003,51200,E,37.377792,-5.9795485,30,False,1,
2026-08-19T01:24:10Z,3028M23743C5,23743,C5,6,43003,43027,2026-08-19T00:03:16,51003,43005,33.0,37.408543,-6.1310334,30,False,,1
2026-08-19T01:24:10Z,3228M35570C1,35570,C1,1,54510,54519,2026-08-19T00:01:01,54517,54516,A,36.613625,-4.509399,32,False,2,1
2026-08-19T01:24:10Z,3228M35577C1,35577,C1,2,54501,54503,2026-08-19T00:00:35,54516,54517,E,36.70121,-4.454409,32,False,,1
2026-08-19T01:24:10Z,3228M35589C2,23589,C2,-1439,54405,54405,2026-08-19T00:19:32,54405,54517,A,36.819714,-4.699568,32,False,,
2026-08-19T01:24:10Z,3228M23405C1,23405,C1,-1435,54516,54516,2026-08-19T00:21:07,54516,54517,A,36.541843,-4.6237864,32,False,1,1
2026-08-19T01:24:10Z,3228M23400C1,23400,C1,3,54503,54501,2026-08-19T00:02:01,54517,54516,E,36.69222,-4.48376,32,False,2,2
2026-08-19T01:24:10Z,5128M25472R2N,25472,R2N,0,72400,71707,2026-08-19T00:06:03,79100,72400,E,41.30425,2.0733776,50,True,,4
2026-08-19T01:24:10Z,5128M77468R4,77468,R4,-1427,78700,78700,2026-08-19T00:32:36,78700,71600,A,41.56993,2.0143688,50,True,2,2
2026-08-19T01:24:10Z,5128M77766R4,77766,R4,-7,71801,72305,2026-08-19T00:08:59,72209,78600,A,41.36431,2.1008937,50,False,,4
2026-08-19T01:24:10Z,5128M28393R2S,28393,R2S,-2,71802,71801,2026-08-19T00:01:30,71700,79400,A,41.379513,2.1412146,50,False,,
2026-08-19T01:24:10Z,5128M28490R2,28490,R2,-1437,71700,71700,2026-08-19T00:22:53,71700,79104,A,41.27745,1.9777229,50,True,3,3
2026-08-19T01:24:10Z,5128M77568R4,77568,R4,39,72206,72205,2026-08-19T00:02:35,71600,78600,E,41.39581,1.7681432,50,False,,1
2026-08-19T01:24:10Z,5128M77768R4,77768,R4,7,71801,72305,2026-08-19T00:06:18,72209,78700,E,41.379536,2.1411612,50,False,8,
2026-08-19T01:24:10Z,5128M25795R1,25795,R1,-1,79403,79404,2026-08-19T00:03:24,79500,72305,A,41.445705,2.2490852,50,True,,1
2026-08-19T01:24:10Z,5128M25567R2S,25567,R2S,3,71604,71603,2026-08-19T00:03:10,71600,79400,E,41.20413,1.6760199,50,False,1,1
2026-08-19T01:24:10Z,5128M28484R2N,28484,R2N,2,71707,72400,2026-08-19T00:00:40,72400,79200,87.0,41.301285,2.0645964,50,True,,1
2026-08-19T01:24:10Z,5128M77464R4,77464,R4,-1413,78600,78600,2026-08-19T00:24:04,78600,71600,A,41.72026,1.826487,50,False,2,2
2026-08-19T01:24:10Z,5128M25470R2N,25470,R2N,5,79011,79006,2026-08-19T00:02:10,79104,72400,25.0,41.51616,2.2043107,50,True,1,
2026-08-19T01:24:10Z,5128M25693R1,25693,R1,2,79601,79602,2026-08-19T00:03:00,79606,72305,E,41.586533,2.5813315,50,False,1,
2026-08-19T01:24:10Z,6028M35678C3,35678,C3,0,13108,13117,2026-08-19T00:01:55,13100,13200,E,43.16316,-2.9277587,60,True,,2
2026-08-19T01:24:10Z,6028M35681C3,35681,C3,1,13114,13119,2026-08-19T00:00:34,13200,13100,E,43.24241,-2.9163692,60,False,1,1
2026-08-19T01:24:10Z,6128M83145C1,83145,C1,0,11508,11511,2026-08-19T00:15:00,11600,11508,,43.27241,-1.9637448,61,False,1,
2026-08-19T01:24:10Z,6228M35949C1,26949,C1,19,14210,14213,2026-08-19T00:05:36,14223,14202,E,43.255173,-4.063747,62,False,,2
2026-08-19T01:24:10Z,6228M71185C2,71185,C2,0,05605,05604,2026-08-19T00:00:45,14223,05637,79.0,43.4502,-3.8650372,62,False,,2
2026-08-19T01:24:10Z,2028M22358C3,22358,C3,0,15211,15218,2026-08-19T00:01:00,15218,16405,A,43.3588,-5.8573804,20,False,2,1
2026-08-19T01:24:10Z,2028M22132C1,22132,C1,3,15212,15217,2026-08-19T00:02:00,15218,15410,E,43.404537,-5.81196,20,False,2,2
2026-08-19T01:24:10Z,2028M22139C1,22139,C1,3,15203,15206,2026-08-19T00:04:00,15211,15122,E,43.250034,-5.782385,20,False,1,1
2026-08-19T01:24:10Z,4128M84722C1,84722,C1,26,62101,62102,2026-08-19T00:22:00,60911,62101,E,38.224415,-0.7814662,41,False,3,1
2026-08-19T01:24:10Z,4128M84931C2,84931,C2,87,61200,06002,2026-08-19T00:34:00,06006,61200,E,37.97462,-1.1315287,41,False,1,2
2026-08-19T01:24:10Z,1028M20336C4a,20336,C4a,0,19003,19002,2026-08-20T00:03:00,17000,19003,E,40.546417,-3.6351175,10,False,2,2
2026-08-19T01:24:10Z,1028M79839C8a,79839,C8a,16,10203,10203,2026-08-18T23:59:00,10203,18000,E,40.58532,-4.1321955,10,False,5,5
2026-08-19T01:24:10Z,1028M19945C1,19945,C1,0,98305,98304,2026-08-20T00:12:00,18000,98305,E,40.4924,-3.593483,10,False,2,1
2026-08-19T01:24:10Z,1028M20522C4b,20522,C4b,24,17005,17004,2026-08-19T00:05:00,18000,17005,E,40.644844,-3.7762609,10,True,3,3
2026-08-19T01:24:10Z,1028M79171C7,79171,C7,-1435,10000,10000,2026-08-19T00:17:00,10000,70200,S,40.42163,-3.7193205,10,False,1,1
2026-08-19T01:24:10Z,1028M20520C4b,20520,C4b,4,18000,60100,2026-08-19T00:06:00,37012,17005,13.0,40.40084,-3.682559,10,True,7,1
2026-08-19T01:24:10Z,1028M19793C5,19793,C5,1,35001,35009,2026-08-19T00:00:00,35607,35012,E,40.328766,-3.7714624,10,False,1,1
2026-08-19T01:24:10Z,1028M19795C5,19795,C5,1,35002,35002,2026-08-18T23:55:00,35002,35012,A,40.283237,-3.7991464,10,False,1,1
2026-08-19T01:24:10Z,1028M20518C4b,20518,C4b,4,37011,37012,2026-08-19T00:06:00,37012,17005,13.0,40.27857,-3.7384615,10,True,2,2
2026-08-19T01:24:10Z,1028M79371C7,79371,C7,-1439,18000,18000,2026-08-19T00:00:00,18000,70103,E,40.40667,-3.6893938,10,False,1,1
2026-08-19T01:24:10Z,1028M79370C7,79370,C7,-1436,70103,70103,2026-08-19T00:09:00,70103,18000,E,40.4889,-3.3666708,10,False,6,6
2026-08-19T01:24:10Z,1028M79172C7,79172,C7,4,10010,10007,2026-08-19T00:03:00,17000,10000,A,40.474438,-3.846226,10,False,2,2
2026-08-19T01:24:10Z,1028M19791C5,19791,C5,0,18003,18000,2026-08-18T23:57:00,35607,35012,S,40.39592,-3.6779969,10,False,1,9
2026-08-19T01:24:10Z,1028M19790C5,19790,C5,0,35602,35601,2026-08-18T23:59:00,35012,35607,S,40.381268,-3.7802126,10,False,1,1
2026-08-19T01:24:10Z,1028M79491C2,79491,C2,0,70104,70105,2026-08-19T00:04:00,70200,18000,19.0,40.539566,-3.2922592,10,False,2,2
2026-08-19T01:24:10Z,1028M20327C4,20327,C4,-1425,17000,17000,2026-08-19T00:14:00,17000,37012,A,40.471325,-3.6833096,10,True,3,3
2026-08-19T01:24:10Z,1028M79373C7,79373,C7,1,70108,70100,2026-08-19T00:03:00,18000,70103,23.0,40.417698,-3.5687835,10,True,1,1
2026-08-19T01:24:10Z,1028M79493C2,79493,C2,7,98003,70101,2026-08-19T00:12:00,70200,18000,E,40.471153,-3.6823752,10,True,2,2
2026-08-19T01:24:10Z,1028M20524C4b,20524,C4b,-1439,18000,18000,2026-08-19T00:40:00,18000,17005,S,40.40654,-3.6895106,10,True,7,7
2026-08-19T01:24:10Z,1028M79991C2,79991,C2,-1438,17000,17000,2026-08-19T00:12:00,17000,18000,E,40.47097,-3.68245,10,False,10,10
2026-08-19T01:24:10Z,1028M20533C4,20533,C4,-1439,17000,17000,2026-08-19T00:34:00,17000,37012,A,40.471325,-3.6833096,10,True,5,5
2026-08-19T01:24:10Z,1028M20325C4a,20325,C4a,-1420,19003,19003,2026-08-19T00:18:00,19003,37012,S,40.546417,-3.6351175,10,True,2,2
2026-08-19T01:24:10Z,1028M20531C4,20531,C4,-1431,17000,17000,2026-08-19T00:24:00,17000,37012,S,40.471325,-3.6833096,10,True,5,5
2026-08-19T01:24:10Z,1028M19788C5,19788,C5,0,35704,37001,2026-08-19T00:02:00,35012,35607,E,40.35043,-3.705141,10,False,2,6
2026-08-19T01:24:10Z,1028M79841C8a,79841,C8a,6,97100,10100,2026-08-19T00:10:00,10203,18000,8.0,40.493187,-3.738863,10,True,1,3
2026-08-19T01:24:10Z,1028M79169C7,79169,C7,22,10000,10000,2026-08-18T23:59:00,10000,70200,E,40.42163,-3.7193205,10,False,4,4
2026-08-19T01:24:10Z,1028M79988C8b,79988,C8b,-1407,17000,17000,2026-08-19T00:10:00,17000,12006,E,40.47113,-3.6828332,10,False,6,6
2026-08-19T01:24:10Z,1028M79768C10,79768,C10,-1441,10200,10200,2026-08-20T00:08:00,10200,18004,E,40.62599,-4.0081153,10,False,4,4
2026-08-19T01:24:10Z,1028M19787C5,19787,C5,-1425,35607,35607,2026-08-19T00:00:00,35607,35012,S,40.330883,-3.8823783,10,False,2,2
2026-08-19T01:24:10Z,1028M20332C4a,20332,C4a,-1422,18000,18000,2026-08-19T00:01:00,18000,19003,E,40.40654,-3.6895106,10,False,5,5
2026-08-19T01:24:10Z,1028M79987C8b,79987,C8b,-1427,12006,12006,2026-08-19T00:40:00,12006,18000,S,40.737614,-4.0662985,10,False,2,2
2026-08-19T01:24:10Z,1028M79989C2,79989,C2,5,17000,17000,2026-08-18T23:59:00,17000,18000,A,40.47097,-3.68245,10,False,10,10
2026-08-19T01:24:10Z,1028M20111C3,20111,C3,-1438,17000,17000,2026-08-19T00:23:00,17000,60200,S,40.471382,-3.6834786,10,True,5,5
2026-08-19T01:24:10Z,1028M20110C3,20110,C3,-1423,60200,60200,2026-08-19T00:00:00,60200,17000,A,40.035027,-3.6189713,10,True,5,5
2026-08-19T01:28:37Z,3028M23578C1,23578,C1,12,50700,50701,2026-08-19T00:04:24,51003,50600,10.0,37.58847,-5.73386,30,False,2,2
2026-08-19T01:28:37Z,3028M23581C1,23581,C1,19,51100,51003,2026-08-19T00:04:21,51003,51200,E,37.377792,-5.9795485,30,False,1,
2026-08-19T01:28:37Z,3028M23743C5,23743,C5,6,43003,43027,2026-08-19T00:03:16,51003,43005,33.0,37.408543,-6.1310334,30,False,,1
2026-08-19T01:28:37Z,3228M35570C1,35570,C1,1,54510,54519,2026-08-19T00:01:01,54517,54516,A,36.613625,-4.509399,32,False,2,1
2026-08-19T01:28:37Z,3228M35577C1,35577,C1,2,54501,54503,2026-08-19T00:00:35,54516,54517,E,36.70121,-4.454409,32,False,,1
2026-08-19T01:28:37Z,3228M35589C2,23589,C2,-1439,54405,54405,2026-08-19T00:19:32,54405,54517,A,36.819714,-4.699568,32,False,,
2026-08-19T01:28:37Z,3228M23405C1,23405,C1,-1435,54516,54516,2026-08-19T00:21:07,54516,54517,A,36.541843,-4.6237864,32,False,1,1
2026-08-19T01:28:37Z,3228M23400C1,23400,C1,3,54503,54501,2026-08-19T00:02:01,54517,54516,E,36.69222,-4.48376,32,False,2,2
2026-08-19T01:28:37Z,5128M25472R2N,25472,R2N,0,72400,71707,2026-08-19T00:06:03,79100,72400,E,41.30425,2.0733776,50,True,,4
2026-08-19T01:28:37Z,5128M77468R4,77468,R4,-1427,78700,78700,2026-08-19T00:32:36,78700,71600,A,41.56993,2.0143688,50,True,2,2
2026-08-19T01:28:37Z,5128M77766R4,77766,R4,-7,71801,72305,2026-08-19T00:08:59,72209,78600,A,41.36431,2.1008937,50,False,,4
2026-08-19T01:28:37Z,5128M28393R2S,28393,R2S,-2,71802,71801,2026-08-19T00:01:30,71700,79400,A,41.379513,2.1412146,50,False,,
2026-08-19T01:28:37Z,5128M28490R2,28490,R2,-1437,71700,71700,2026-08-19T00:22:53,71700,79104,A,41.27745,1.9777229,50,True,3,3
2026-08-19T01:28:37Z,5128M77568R4,77568,R4,39,72206,72205,2026-08-19T00:02:35,71600,78600,E,41.39581,1.7681432,50,False,,1
2026-08-19T01:28:37Z,5128M77768R4,77768,R4,7,71801,72305,2026-08-19T00:06:18,72209,78700,E,41.379536,2.1411612,50,False,8,
2026-08-19T01:28:37Z,5128M25795R1,25795,R1,-1,79403,79404,2026-08-19T00:03:24,79500,72305,A,41.445705,2.2490852,50,True,,1
2026-08-19T01:28:37Z,5128M25567R2S,25567,R2S,3,71604,71603,2026-08-19T00:03:10,71600,79400,E,41.20413,1.6760199,50,False,1,1
2026-08-19T01:28:37Z,5128M28484R2N,28484,R2N,2,71707,72400,2026-08-19T00:00:40,72400,79200,87.0,41.301285,2.0645964,50,True,,1
2026-08-19T01:28:37Z,5128M77464R4,77464,R4,-1413,78600,78600,2026-08-19T00:24:04,78600,71600,A,41.72026,1.826487,50,False,2,2
2026-08-19T01:28:37Z,5128M25470R2N,25470,R2N,5,79011,79006,2026-08-19T00:02:10,79104,72400,25.0,41.51616,2.2043107,50,True,1,
2026-08-19T01:28:37Z,5128M25693R1,25693,R1,2,79601,79602,2026-08-19T00:03:00,79606,72305,E,41.586533,2.5813315,50,False,1,
2026-08-19T01:28:37Z,6028M35678C3,35678,C3,0,13108,13117,2026-08-19T00:01:55,13100,13200,E,43.16316,-2.9277587,60,True,,2
2026-08-19T01:28:37Z,6028M35681C3,35681,C3,1,13114,13119,2026-08-19T00:00:34,13200,13100,E,43.24241,-2.9163692,60,False,1,1
2026-08-19T01:28:37Z,6128M83145C1,83145,C1,0,11508,11511,2026-08-19T00:15:00,11600,11508,,43.27241,-1.9637448,61,False,1,
2026-08-19T01:28:37Z,6228M35949C1,26949,C1,19,14210,14213,2026-08-19T00:05:36,14223,14202,E,43.255173,-4.063747,62,False,,2
2026-08-19T01:28:37Z,6228M71185C2,71185,C2,0,05605,05604,2026-08-19T00:00:45,14223,05637,79.0,43.4502,-3.8650372,62,False,,2
2026-08-19T01:28:37Z,2028M22358C3,22358,C3,0,15211,15218,2026-08-19T00:01:00,15218,16405,A,43.3588,-5.8573804,20,False,2,1
2026-08-19T01:28:37Z,2028M22132C1,22132,C1,3,15212,15217,2026-08-19T00:02:00,15218,15410,E,43.404537,-5.81196,20,False,2,2
2026-08-19T01:28:37Z,2028M22139C1,22139,C1,3,15203,15206,2026-08-19T00:04:00,15211,15122,E,43.250034,-5.782385,20,False,1,1
2026-08-19T01:28:37Z,4128M84722C1,84722,C1,26,62101,62102,2026-08-19T00:22:00,60911,62101,E,38.224415,-0.7814662,41,False,3,1
2026-08-19T01:28:37Z,4128M84931C2,84931,C2,87,61200,06002,2026-08-19T00:34:00,06006,61200,E,37.97462,-1.1315287,41,False,1,2
2026-08-19T01:28:37Z,1028M20336C4a,20336,C4a,0,19003,19002,2026-08-20T00:03:00,17000,19003,E,40.546417,-3.6351175,10,False,2,2
2026-08-19T01:28:37Z,1028M79839C8a,79839,C8a,16,10203,10203,2026-08-18T23:59:00,10203,18000,E,40.58532,-4.1321955,10,False,5,5
2026-08-19T01:28:37Z,1028M19945C1,19945,C1,0,98305,98304,2026-08-20T00:12:00,18000,98305,E,40.4924,-3.593483,10,False,2,1
2026-08-19T01:28:37Z,1028M20522C4b,20522,C4b,24,17005,17004,2026-08-19T00:05:00,18000,17005,E,40.644844,-3.7762609,10,True,3,3
2026-08-19T01:28:37Z,1028M79171C7,79171,C7,-1435,10000,10000,2026-08-19T00:17:00,10000,70200,S,40.42163,-3.7193205,10,False,1,1
2026-08-19T01:28:37Z,1028M20520C4b,20520,C4b,4,18000,60100,2026-08-19T00:06:00,37012,17005,13.0,40.40084,-3.682559,10,True,7,1
2026-08-19T01:28:37Z,1028M19793C5,19793,C5,1,35001,35009,2026-08-19T00:00:00,35607,35012,E,40.328766,-3.7714624,10,False,1,1
2026-08-19T01:28:37Z,1028M19795C5,19795,C5,1,35002,35002,2026-08-18T23:55:00,35002,35012,A,40.283237,-3.7991464,10,False,1,1
2026-08-19T01:28:37Z,1028M20518C4b,20518,C4b,4,37011,37012,2026-08-19T00:06:00,37012,17005,13.0,40.27857,-3.7384615,10,True,2,2
2026-08-19T01:28:37Z,1028M79371C7,79371,C7,-1439,18000,18000,2026-08-19T00:00:00,18000,70103,E,40.40667,-3.6893938,10,False,1,1
2026-08-19T01:28:37Z,1028M79370C7,79370,C7,-1436,70103,70103,2026-08-19T00:09:00,70103,18000,E,40.4889,-3.3666708,10,False,6,6
2026-08-19T01:28:37Z,1028M79172C7,79172,C7,4,10010,10007,2026-08-19T00:03:00,17000,10000,A,40.474438,-3.846226,10,False,2,2
2026-08-19T01:28:37Z,1028M19791C5,19791,C5,0,18003,18000,2026-08-18T23:57:00,35607,35012,S,40.39592,-3.6779969,10,False,1,9
2026-08-19T01:28:37Z,1028M19790C5,19790,C5,0,35602,35601,2026-08-18T23:59:00,35012,35607,S,40.381268,-3.7802126,10,False,1,1
2026-08-19T01:28:37Z,1028M79491C2,79491,C2,0,70104,70105,2026-08-19T00:04:00,70200,18000,19.0,40.539566,-3.2922592,10,False,2,2
2026-08-19T01:28:37Z,1028M20327C4,20327,C4,-1425,17000,17000,2026-08-19T00:14:00,17000,37012,A,40.471325,-3.6833096,10,True,3,3
2026-08-19T01:28:37Z,1028M79373C7,79373,C7,1,70108,70100,2026-08-19T00:03:00,18000,70103,23.0,40.417698,-3.5687835,10,True,1,1
2026-08-19T01:28:37Z,1028M79493C2,79493,C2,7,98003,70101,2026-08-19T00:12:00,70200,18000,E,40.471153,-3.6823752,10,True,2,2
2026-08-19T01:28:37Z,1028M20524C4b,20524,C4b,-1439,18000,18000,2026-08-19T00:40:00,18000,17005,S,40.40654,-3.6895106,10,True,7,7
2026-08-19T01:28:37Z,1028M79991C2,79991,C2,-1438,17000,17000,2026-08-19T00:12:00,17000,18000,E,40.47097,-3.68245,10,False,10,10
2026-08-19T01:28:37Z,1028M20533C4,20533,C4,-1439,17000,17000,2026-08-19T00:34:00,17000,37012,A,40.471325,-3.6833096,10,True,5,5
2026-08-19T01:28:37Z,1028M20325C4a,20325,C4a,-1420,19003,19003,2026-08-19T00:18:00,19003,37012,S,40.546417,-3.6351175,10,True,2,2
2026-08-19T01:28:37Z,1028M20531C4,20531,C4,-1431,17000,17000,2026-08-19T00:24:00,17000,37012,S,40.471325,-3.6833096,10,True,5,5
2026-08-19T01:28:37Z,1028M19788C5,19788,C5,0,35704,37001,2026-08-19T00:02:00,35012,35607,E,40.35043,-3.705141,10,False,2,6
2026-08-19T01:28:37Z,1028M79841C8a,79841,C8a,6,97100,10100,2026-08-19T00:10:00,10203,18000,8.0,40.493187,-3.738863,10,True,1,3
2026-08-19T01:28:37Z,1028M79169C7,79169,C7,22,10000,10000,2026-08-18T23:59:00,10000,70200,E,40.42163,-3.7193205,10,False,4,4
2026-08-19T01:28:37Z,1028M79988C8b,79988,C8b,-1407,17000,17000,2026-08-19T00:10:00,17000,12006,E,40.47113,-3.6828332,10,False,6,6
2026-08-19T01:28:37Z,1028M79768C10,79768,C10,-1441,10200,10200,2026-08-20T00:08:00,10200,18004,E,40.62599,-4.0081153,10,False,4,4
2026-08-19T01:28:37Z,1028M19787C5,19787,C5,-1425,35607,35607,2026-08-19T00:00:00,35607,35012,S,40.330883,-3.8823783,10,False,2,2
2026-08-19T01:28:37Z,1028M20332C4a,20332,C4a,-1422,18000,18000,2026-08-19T00:01:00,18000,19003,E,40.40654,-3.6895106,10,False,5,5
2026-08-19T01:28:37Z,1028M79987C8b,79987,C8b,-1427,12006,12006,2026-08-19T00:40:00,12006,18000,S,40.737614,-4.0662985,10,False,2,2
2026-08-19T01:28:37Z,1028M79989C2,79989,C2,5,17000,17000,2026-08-18T23:59:00,17000,18000,A,40.47097,-3.68245,10,False,10,10
2026-08-19T01:28:37Z,1028M20111C3,20111,C3,-1438,17000,17000,2026-08-19T00:23:00,17000,60200,S,40.471382,-3.6834786,10,True,5,5
2026-08-19T01:28:37Z,1028M20110C3,20110,C3,-1423,60200,60200,2026-08-19T00:00:00,60200,17000,A,40.035027,-3.6189713,10,True,5,5
2026-08-19T01:34:19Z,3028M23578C1,23578,C1,12,50700,50701,2026-08-19T00:04:24,51003,50600,10.0,37.58847,-5.73386,30,False,2,2
2026-08-19T01:34:19Z,3028M23581C1,23581,C1,19,51100,51003,2026-08-19T00:04:21,51003,51200,E,37.377792,-5.9795485,30,False,1,
2026-08-19T01:34:19Z,3028M23743C5,23743,C5,6,43003,43027,2026-08-19T00:03:16,51003,43005,33.0,37.408543,-6.1310334,30,False,,1
2026-08-19T01:34:19Z,3228M35570C1,35570,C1,1,54510,54519,2026-08-19T00:01:01,54517,54516,A,36.613625,-4.509399,32,False,2,1
2026-08-19T01:34:19Z,3228M35577C1,35577,C1,2,54501,54503,2026-08-19T00:00:35,54516,54517,E,36.70121,-4.454409,32,False,,1
2026-08-19T01:34:19Z,3228M35589C2,23589,C2,-1439,54405,54405,2026-08-19T00:19:32,54405,54517,A,36.819714,-4.699568,32,False,,
2026-08-19T01:34:19Z,3228M23405C1,23405,C1,-1435,54516,54516,2026-08-19T00:21:07,54516,54517,A,36.541843,-4.6237864,32,False,1,1
2026-08-19T01:34:19Z,3228M23400C1,23400,C1,3,54503,54501,2026-08-19T00:02:01,54517,54516,E,36.69222,-4.48376,32,False,2,2
2026-08-19T01:34:19Z,5128M25472R2N,25472,R2N,0,72400,71707,2026-08-19T00:06:03,79100,72400,E,41.30425,2.0733776,50,True,,4
2026-08-19T01:34:19Z,5128M77468R4,77468,R4,-1427,78700,78700,2026-08-19T00:32:36,78700,71600,A,41.56993,2.0143688,50,True,2,2
2026-08-19T01:34:19Z,5128M77766R4,77766,R4,-7,71801,72305,2026-08-19T00:08:59,72209,78600,A,41.36431,2.1008937,50,False,,4
2026-08-19T01:34:19Z,5128M28393R2S,28393,R2S,-2,71802,71801,2026-08-19T00:01:30,71700,79400,A,41.379513,2.1412146,50,False,,
2026-08-19T01:34:19Z,5128M28490R2,28490,R2,-1437,71700,71700,2026-08-19T00:22:53,71700,79104,A,41.27745,1.9777229,50,True,3,3
2026-08-19T01:34:19Z,5128M77568R4,77568,R4,39,72206,72205,2026-08-19T00:02:35,71600,78600,E,41.39581,1.7681432,50,False,,1
2026-08-19T01:34:19Z,5128M77768R4,77768,R4,7,71801,72305,2026-08-19T00:06:18,72209,78700,E,41.379536,2.1411612,50,False,8,
2026-08-19T01:34:19Z,5128M25795R1,25795,R1,-1,79403,79404,2026-08-19T00:03:24,79500,72305,A,41.445705,2.2490852,50,True,,1
2026-08-19T01:34:19Z,5128M25567R2S,25567,R2S,3,71604,71603,2026-08-19T00:03:10,71600,79400,E,41.20413,1.6760199,50,False,1,1
2026-08-19T01:34:19Z,5128M28484R2N,28484,R2N,2,71707,72400,2026-08-19T00:00:40,72400,79200,87.0,41.301285,2.0645964,50,True,,1
2026-08-19T01:34:19Z,5128M77464R4,77464,R4,-1413,78600,78600,2026-08-19T00:24:04,78600,71600,A,41.72026,1.826487,50,False,2,2
2026-08-19T01:34:19Z,5128M25470R2N,25470,R2N,5,79011,79006,2026-08-19T00:02:10,79104,72400,25.0,41.51616,2.2043107,50,True,1,
2026-08-19T01:34:19Z,5128M25693R1,25693,R1,2,79601,79602,2026-08-19T00:03:00,79606,72305,E,41.586533,2.5813315,50,False,1,
2026-08-19T01:34:19Z,6028M35678C3,35678,C3,0,13108,13117,2026-08-19T00:01:55,13100,13200,E,43.16316,-2.9277587,60,True,,2
2026-08-19T01:34:19Z,6028M35681C3,35681,C3,1,13114,13119,2026-08-19T00:00:34,13200,13100,E,43.24241,-2.9163692,60,False,1,1
2026-08-19T01:34:19Z,6128M83145C1,83145,C1,0,11508,11511,2026-08-19T00:15:00,11600,11508,,43.27241,-1.9637448,61,False,1,
2026-08-19T01:34:19Z,6228M35949C1,26949,C1,19,14210,14213,2026-08-19T00:05:36,14223,14202,E,43.255173,-4.063747,62,False,,2
2026-08-19T01:34:19Z,6228M71185C2,71185,C2,0,05605,05604,2026-08-19T00:00:45,14223,05637,79.0,43.4502,-3.8650372,62,False,,2
2026-08-19T01:34:19Z,2028M22358C3,22358,C3,0,15211,15218,2026-08-19T00:01:00,15218,16405,A,43.3588,-5.8573804,20,False,2,1
2026-08-19T01:34:19Z,2028M22132C1,22132,C1,3,15212,15217,2026-08-19T00:02:00,15218,15410,E,43.404537,-5.81196,20,False,2,2
2026-08-19T01:34:19Z,2028M22139C1,22139,C1,3,15203,15206,2026-08-19T00:04:00,15211,15122,E,43.250034,-5.782385,20,False,1,1
2026-08-19T01:34:19Z,4128M84722C1,84722,C1,26,62101,62102,2026-08-19T00:22:00,60911,62101,E,38.224415,-0.7814662,41,False,3,1
2026-08-19T01:34:19Z,4128M84931C2,84931,C2,87,61200,06002,2026-08-19T00:34:00,06006,61200,E,37.97462,-1.1315287,41,False,1,2
2026-08-19T01:34:19Z,1028M20336C4a,20336,C4a,0,19003,19002,2026-08-20T00:03:00,17000,19003,E,40.546417,-3.6351175,10,False,2,2
2026-08-19T01:34:19Z,1028M79839C8a,79839,C8a,16,10203,10203,2026-08-18T23:59:00,10203,18000,E,40.58532,-4.1321955,10,False,5,5
2026-08-19T01:34:19Z,1028M19945C1,19945,C1,0,98305,98304,2026-08-20T00:12:00,18000,98305,E,40.4924,-3.593483,10,False,2,1
2026-08-19T01:34:19Z,1028M20522C4b,20522,C4b,24,17005,17004,2026-08-19T00:05:00,18000,17005,E,40.644844,-3.7762609,10,True,3,3
2026-08-19T01:34:19Z,1028M79171C7,79171,C7,-1435,10000,10000,2026-08-19T00:17:00,10000,70200,S,40.42163,-3.7193205,10,False,1,1
2026-08-19T01:34:19Z,1028M20520C4b,20520,C4b,4,18000,60100,2026-08-19T00:06:00,37012,17005,13.0,40.40084,-3.682559,10,True,7,1
2026-08-19T01:34:19Z,1028M19793C5,19793,C5,1,35001,35009,2026-08-19T00:00:00,35607,35012,E,40.328766,-3.7714624,10,False,1,1
2026-08-19T01:34:19Z,1028M19795C5,19795,C5,1,35002,35002,2026-08-18T23:55:00,35002,35012,A,40.283237,-3.7991464,10,False,1,1
2026-08-19T01:34:19Z,1028M20518C4b,20518,C4b,4,37011,37012,2026-08-19T00:06:00,37012,17005,13.0,40.27857,-3.7384615,10,True,2,2
2026-08-19T01:34:19Z,1028M79371C7,79371,C7,-1439,18000,18000,2026-08-19T00:00:00,18000,70103,E,40.40667,-3.6893938,10,False,1,1
2026-08-19T01:34:19Z,1028M79370C7,79370,C7,-1436,70103,70103,2026-08-19T00:09:00,70103,18000,E,40.4889,-3.3666708,10,False,6,6
2026-08-19T01:34:19Z,1028M79172C7,79172,C7,4,10010,10007,2026-08-19T00:03:00,17000,10000,A,40.474438,-3.846226,10,False,2,2
2026-08-19T01:34:19Z,1028M19791C5,19791,C5,0,18003,18000,2026-08-18T23:57:00,35607,35012,S,40.39592,-3.6779969,10,False,1,9
2026-08-19T01:34:19Z,1028M19790C5,19790,C5,0,35602,35601,2026-08-18T23:59:00,35012,35607,S,40.381268,-3.7802126,10,False,1,1
2026-08-19T01:34:19Z,1028M79491C2,79491,C2,0,70104,70105,2026-08-19T00:04:00,70200,18000,19.0,40.539566,-3.2922592,10,False,2,2
2026-08-19T01:34:19Z,1028M20327C4,20327,C4,-1425,17000,17000,2026-08-19T00:14:00,17000,37012,A,40.471325,-3.6833096,10,True,3,3
2026-08-19T01:34:19Z,1028M79373C7,79373,C7,1,70108,70100,2026-08-19T00:03:00,18000,70103,23.0,40.417698,-3.5687835,10,True,1,1
2026-08-19T01:34:19Z,1028M79493C2,79493,C2,7,98003,70101,2026-08-19T00:12:00,70200,18000,E,40.471153,-3.6823752,10,True,2,2
2026-08-19T01:34:19Z,1028M20524C4b,20524,C4b,-1439,18000,18000,2026-08-19T00:40:00,18000,17005,S,40.40654,-3.6895106,10,True,7,7
2026-08-19T01:34:19Z,1028M79991C2,79991,C2,-1438,17000,17000,2026-08-19T00:12:00,17000,18000,E,40.47097,-3.68245,10,False,10,10
2026-08-19T01:34:19Z,1028M20533C4,20533,C4,-1439,17000,17000,2026-08-19T00:34:00,17000,37012,A,40.471325,-3.6833096,10,True,5,5
2026-08-19T01:34:19Z,1028M20325C4a,20325,C4a,-1420,19003,19003,2026-08-19T00:18:00,19003,37012,S,40.546417,-3.6351175,10,True,2,2
2026-08-19T01:34:19Z,1028M20531C4,20531,C4,-1431,17000,17000,2026-08-19T00:24:00,17000,37012,S,40.471325,-3.6833096,10,True,5,5
2026-08-19T01:34:19Z,1028M19788C5,19788,C5,0,35704,37001,2026-08-19T00:02:00,35012,35607,E,40.35043,-3.705141,10,False,2,6
2026-08-19T01:34:19Z,1028M79841C8a,79841,C8a,6,97100,10100,2026-08-19T00:10:00,10203,18000,8.0,40.493187,-3.738863,10,True,1,3
2026-08-19T01:34:19Z,1028M79169C7,79169,C7,22,10000,10000,2026-08-18T23:59:00,10000,70200,E,40.42163,-3.7193205,10,False,4,4
2026-08-19T01:34:19Z,1028M79988C8b,79988,C8b,-1407,17000,17000,2026-08-19T00:10:00,17000,12006,E,40.47113,-3.6828332,10,False,6,6
2026-08-19T01:34:19Z,1028M79768C10,79768,C10,-1441,10200,10200,2026-08-20T00:08:00,10200,18004,E,40.62599,-4.0081153,10,False,4,4
2026-08-19T01:34:19Z,1028M19787C5,19787,C5,-1425,35607,35607,2026-08-19T00:00:00,35607,35012,S,40.330883,-3.8823783,10,False,2,2
2026-08-19T01:34:19Z,1028M20332C4a,20332,C4a,-1422,18000,18000,2026-08-19T00:01:00,18000,19003,E,40.40654,-3.6895106,10,False,5,5
2026-08-19T01:34:19Z,1028M79987C8b,79987,C8b,-1427,12006,12006,2026-08-19T00:40:00,12006,18000,S,40.737614,-4.0662985,10,False,2,2
2026-08-19T01:34:19Z,1028M79989C2,79989,C2,5,17000,17000,2026-08-18T23:59:00,17000,18000,A,40.47097,-3.68245,10,False,10,10
2026-08-19T01:34:19Z,1028M20111C3,20111,C3,-1438,17000,17000,2026-08-19T00:23:00,17000,60200,S,40.471382,-3.6834786,10,True,5,5
2026-08-19T01:34:19Z,1028M20110C3,20110,C3,-1423,60200,60200,2026-08-19T00:00:00,60200,17000,A,40.035027,-3.6189713,10,True,5,5
2026-08-19T01:38:55Z,3028M23578C1,23578,C1,12,50700,50701,2026-08-19T00:04:24,51003,50600,10.0,37.58847,-5.73386,30,False,2,2
2026-08-19T01:38:55Z,3028M23581C1,23581,C1,19,51100,51003,2026-08-19T00:04:21,51003,51200,E,37.377792,-5.9795485,30,False,1,
2026-08-19T01:38:55Z,3028M23743C5,23743,C5,6,43003,43027,2026-08-19T00:03:16,51003,43005,33.0,37.408543,-6.1310334,30,False,,1
2026-08-19T01:38:55Z,3228M35570C1,35570,C1,1,54510,54519,2026-08-19T00:01:01,54517,54516,A,36.613625,-4.509399,32,False,2,1
2026-08-19T01:38:55Z,3228M35577C1,35577,C1,2,54501,54503,2026-08-19T00:00:35,54516,54517,E,36.70121,-4.454409,32,False,,1
2026-08-19T01:38:55Z,3228M35589C2,23589,C2,-1439,54405,54405,2026-08-19T00:19:32,54405,54517,A,36.819714,-4.699568,32,False,,
2026-08-19T01:38:55Z,3228M23405C1,23405,C1,-1435,54516,54516,2026-08-19T00:21:07,54516,54517,A,36.541843,-4.6237864,32,False,1,1
2026-08-19T01:38:55Z,3228M23400C1,23400,C1,3,54503,54501,2026-08-19T00:02:01,54517,54516,E,36.69222,-4.48376,32,False,2,2
2026-08-19T01:38:55Z,5128M25472R2N,25472,R2N,0,72400,71707,2026-08-19T00:06:03,79100,72400,E,41.30425,2.0733776,50,True,,4
2026-08-19T01:38:55Z,5128M77468R4,77468,R4,-1427,78700,78700,2026-08-19T00:32:36,78700,71600,A,41.56993,2.0143688,50,True,2,2
2026-08-19T01:38:55Z,5128M77766R4,77766,R4,-7,71801,72305,2026-08-19T00:08:59,72209,78600,A,41.36431,2.1008937,50,False,,4
2026-08-19T01:38:55Z,5128M28393R2S,28393,R2S,-2,71802,71801,2026-08-19T00:01:30,71700,79400,A,41.379513,2.1412146,50,False,,
2026-08-19T01:38:55Z,5128M28490R2,28490,R2,-1437,71700,71700,2026-08-19T00:22:53,71700,79104,A,41.27745,1.9777229,50,True,3,3
2026-08-19T01:38:55Z,5128M77568R4,77568,R4,39,72206,72205,2026-08-19T00:02:35,71600,78600,E,41.39581,1.7681432,50,False,,1
2026-08-19T01:38:55Z,5128M77768R4,77768,R4,7,71801,72305,2026-08-19T00:06:18,72209,78700,E,41.379536,2.1411612,50,False,8,
2026-08-19T01:38:55Z,5128M25795R1,25795,R1,-1,79403,79404,2026-08-19T00:03:24,79500,72305,A,41.445705,2.2490852,50,True,,1
2026-08-19T01:38:55Z,5128M25567R2S,25567,R2S,3,71604,71603,2026-08-19T00:03:10,71600,79400,E,41.20413,1.6760199,50,False,1,1
2026-08-19T01:38:55Z,5128M28484R2N,28484,R2N,2,71707,72400,2026-08-19T00:00:40,72400,79200,87.0,41.301285,2.0645964,50,True,,1
2026-08-19T01:38:55Z,5128M77464R4,77464,R4,-1413,78600,78600,2026-08-19T00:24:04,78600,71600,A,41.72026,1.826487,50,False,2,2
2026-08-19T01:38:55Z,5128M25470R2N,25470,R2N,5,79011,79006,2026-08-19T00:02:10,79104,72400,25.0,41.51616,2.2043107,50,True,1,
2026-08-19T01:38:55Z,5128M25693R1,25693,R1,2,79601,79602,2026-08-19T00:03:00,79606,72305,E,41.586533,2.5813315,50,False,1,
2026-08-19T01:38:55Z,6028M35678C3,35678,C3,0,13108,13117,2026-08-19T00:01:55,13100,13200,E,43.16316,-2.9277587,60,True,,2
2026-08-19T01:38:55Z,6028M35681C3,35681,C3,1,13114,13119,2026-08-19T00:00:34,13200,13100,E,43.24241,-2.9163692,60,False,1,1
2026-08-19T01:38:55Z,6128M83145C1,83145,C1,0,11508,11511,2026-08-19T00:15:00,11600,11508,,43.27241,-1.9637448,61,False,1,
2026-08-19T01:38:55Z,6228M35949C1,26949,C1,19,14210,14213,2026-08-19T00:05:36,14223,14202,E,43.255173,-4.063747,62,False,,2
2026-08-19T01:38:55Z,6228M71185C2,71185,C2,0,05605,05604,2026-08-19T00:00:45,14223,05637,79.0,43.4502,-3.8650372,62,False,,2
2026-08-19T01:38:55Z,2028M22358C3,22358,C3,0,15211,15218,2026-08-19T00:01:00,15218,16405,A,43.3588,-5.8573804,20,False,2,1
2026-08-19T01:38:55Z,2028M22132C1,22132,C1,3,15212,15217,2026-08-19T00:02:00,15218,15410,E,43.404537,-5.81196,20,False,2,2
2026-08-19T01:38:55Z,2028M22139C1,22139,C1,3,15203,15206,2026-08-19T00:04:00,15211,15122,E,43.250034,-5.782385,20,False,1,1
2026-08-19T01:38:55Z,4128M84722C1,84722,C1,26,62101,62102,2026-08-19T00:22:00,60911,62101,E,38.224415,-0.7814662,41,False,3,1
2026-08-19T01:38:55Z,4128M84931C2,84931,C2,87,61200,06002,2026-08-19T00:34:00,06006,61200,E,37.97462,-1.1315287,41,False,1,2
2026-08-19T01:38:55Z,1028M20336C4a,20336,C4a,0,19003,19002,2026-08-20T00:03:00,17000,19003,E,40.546417,-3.6351175,10,False,2,2
2026-08-19T01:38:55Z,1028M79839C8a,79839,C8a,16,10203,10203,2026-08-18T23:59:00,10203,18000,E,40.58532,-4.1321955,10,False,5,5
2026-08-19T01:38:55Z,1028M19945C1,19945,C1,0,98305,98304,2026-08-20T00:12:00,18000,98305,E,40.4924,-3.593483,10,False,2,1
2026-08-19T01:38:55Z,1028M20522C4b,20522,C4b,24,17005,17004,2026-08-19T00:05:00,18000,17005,E,40.644844,-3.7762609,10,True,3,3
2026-08-19T01:38:55Z,1028M79171C7,79171,C7,-1435,10000,10000,2026-08-19T00:17:00,10000,70200,S,40.42163,-3.7193205,10,False,1,1
2026-08-19T01:38:55Z,1028M20520C4b,20520,C4b,4,18000,60100,2026-08-19T00:06:00,37012,17005,13.0,40.40084,-3.682559,10,True,7,1
2026-08-19T01:38:55Z,1028M19793C5,19793,C5,1,35001,35009,2026-08-19T00:00:00,35607,35012,E,40.328766,-3.7714624,10,False,1,1
2026-08-19T01:38:55Z,1028M19795C5,19795,C5,1,35002,35002,2026-08-18T23:55:00,35002,35012,A,40.283237,-3.7991464,10,False,1,1
2026-08-19T01:38:55Z,1028M20518C4b,20518,C4b,4,37011,37012,2026-08-19T00:06:00,37012,17005,13.0,40.27857,-3.7384615,10,True,2,2
2026-08-19T01:38:55Z,1028M79371C7,79371,C7,-1439,18000,18000,2026-08-19T00:00:00,18000,70103,E,40.40667,-3.6893938,10,False,1,1
2026-08-19T01:38:55Z,1028M79370C7,79370,C7,-1436,70103,70103,2026-08-19T00:09:00,70103,18000,E,40.4889,-3.3666708,10,False,6,6
2026-08-19T01:38:55Z,1028M79172C7,79172,C7,4,10010,10007,2026-08-19T00:03:00,17000,10000,A,40.474438,-3.846226,10,False,2,2
2026-08-19T01:38:55Z,1028M19791C5,19791,C5,0,18003,18000,2026-08-18T23:57:00,35607,35012,S,40.39592,-3.6779969,10,False,1,9
2026-08-19T01:38:55Z,1028M19790C5,19790,C5,0,35602,35601,2026-08-18T23:59:00,35012,35607,S,40.381268,-3.7802126,10,False,1,1
2026-08-19T01:38:55Z,1028M79491C2,79491,C2,0,70104,70105,2026-08-19T00:04:00,70200,18000,19.0,40.539566,-3.2922592,10,False,2,2
2026-08-19T01:38:55Z,1028M20327C4,20327,C4,-1425,17000,17000,2026-08-19T00:14:00,17000,37012,A,40.471325,-3.6833096,10,True,3,3
2026-08-19T01:38:55Z,1028M79373C7,79373,C7,1,70108,70100,2026-08-19T00:03:00,18000,70103,23.0,40.417698,-3.5687835,10,True,1,1
2026-08-19T01:38:55Z,1028M79493C2,79493,C2,7,98003,70101,2026-08-19T00:12:00,70200,18000,E,40.471153,-3.6823752,10,True,2,2
2026-08-19T01:38:55Z,1028M20524C4b,20524,C4b,-1439,18000,18000,2026-08-19T00:40:00,18000,17005,S,40.40654,-3.6895106,10,True,7,7
2026-08-19T01:38:55Z,1028M79991C2,79991,C2,-1438,17000,17000,2026-08-19T00:12:00,17000,18000,E,40.47097,-3.68245,10,False,10,10
2026-08-19T01:38:55Z,1028M20533C4,20533,C4,-1439,17000,17000,2026-08-19T00:34:00,17000,37012,A,40.471325,-3.6833096,10,True,5,5
2026-08-19T01:38:55Z,1028M20325C4a,20325,C4a,-1420,19003,19003,2026-08-19T00:18:00,19003,37012,S,40.546417,-3.6351175,10,True,2,2
2026-08-19T01:38:55Z,1028M20531C4,20531,C4,-1431,17000,17000,2026-08-19T00:24:00,17000,37012,S,40.471325,-3.6833096,10,True,5,5
2026-08-19T01:38:55Z,1028M19788C5,19788,C5,0,35704,37001,2026-08-19T00:02:00,35012,35607,E,40.35043,-3.705141,10,False,2,6
2026-08-19T01:38:55Z,1028M79841C8a,79841,C8a,6,97100,10100,2026-08-19T00:10:00,10203,18000,8.0,40.493187,-3.738863,10,True,1,3
2026-08-19T01:38:55Z,1028M79169C7,79169,C7,22,10000,10000,2026-08-18T23:59:00,10000,70200,E,40.42163,-3.7193205,10,False,4,4
2026-08-19T01:38:55Z,1028M79988C8b,79988,C8b,-1407,17000,17000,2026-08-19T00:10:00,17000,12006,E,40.47113,-3.6828332,10,False,6,6
2026-08-19T01:38:55Z,1028M79768C10,79768,C10,-1441,10200,10200,2026-08-20T00:08:00,10200,18004,E,40.62599,-4.0081153,10,False,4,4
2026-08-19T01:38:55Z,1028M19787C5,19787,C5,-1425,35607,35607,2026-08-19T00:00:00,35607,35012,S,40.330883,-3.8823783,10,False,2,2
2026-08-19T01:38:55Z,1028M20332C4a,20332,C4a,-1422,18000,18000,2026-08-19T00:01:00,18000,19003,E,40.40654,-3.6895106,10,False,5,5
2026-08-19T01:38:55Z,1028M79987C8b,79987,C8b,-1427,12006,12006,2026-08-19T00:40:00,12006,18000,S,40.737614,-4.0662985,10,False,2,2
2026-08-19T01:38:55Z,1028M79989C2,79989,C2,5,17000,17000,2026-08-18T23:59:00,17000,18000,A,40.47097,-3.68245,10,False,10,10
2026-08-19T01:38:55Z,1028M20111C3,20111,C3,-1438,17000,17000,2026-08-19T00:23:00,17000,60200,S,40.471382,-3.6834786,10,True,5,5
2026-08-19T01:38:55Z,1028M20110C3,20110,C3,-1423,60200,60200,2026-08-19T00:00:00,60200,17000,A,40.035027,-3.6189713,10,True,5,5
2026-08-19T01:44:02Z,3028M23578C1,23578,C1,12,50700,50701,2026-08-19T00:04:24,51003,50600,10.0,37.58847,-5.73386,30,False,2,2
2026-08-19T01:44:02Z,3028M23581C1,23581,C1,19,51100,51003,2026-08-19T00:04:21,51003,51200,E,37.377792,-5.9795485,30,False,1,
2026-08-19T01:44:02Z,3028M23743C5,23743,C5,6,43003,43027,2026-08-19T00:03:16,51003,43005,33.0,37.408543,-6.1310334,30,False,,1
2026-08-19T01:44:02Z,3228M35570C1,35570,C1,1,54510,54519,2026-08-19T00:01:01,54517,54516,A,36.613625,-4.509399,32,False,2,1
2026-08-19T01:44:02Z,3228M35577C1,35577,C1,2,54501,54503,2026-08-19T00:00:35,54516,54517,E,36.70121,-4.454409,32,False,,1
2026-08-19T01:44:02Z,3228M35589C2,23589,C2,-1439,54405,54405,2026-08-19T00:19:32,54405,54517,A,36.819714,-4.699568,32,False,,
2026-08-19T01:44:02Z,3228M23405C1,23405,C1,-1435,54516,54516,2026-08-19T00:21:07,54516,54517,A,36.541843,-4.6237864,32,False,1,1
2026-08-19T01:44:02Z,3228M23400C1,23400,C1,3,54503,54501,2026-08-19T00:02:01,54517,54516,E,36.69222,-4.48376,32,False,2,2
2026-08-19T01:44:02Z,5128M25472R2N,25472,R2N,0,72400,71707,2026-08-19T00:06:03,79100,72400,E,41.30425,2.0733776,50,True,,4
2026-08-19T01:44:02Z,5128M77468R4,77468,R4,-1427,78700,78700,2026-08-19T00:32:36,78700,71600,A,41.56993,2.0143688,50,True,2,2
2026-08-19T01:44:02Z,5128M77766R4,77766,R4,-7,71801,72305,2026-08-19T00:08:59,72209,78600,A,41.36431,2.1008937,50,False,,4
2026-08-19T01:44:02Z,5128M28393R2S,28393,R2S,-2,71802,71801,2026-08-19T00:01:30,71700,79400,A,41.379513,2.1412146,50,False,,
2026-08-19T01:44:02Z,5128M28490R2,28490,R2,-1437,71700,71700,2026-08-19T00:22:53,71700,79104,A,41.27745,1.9777229,50,True,3,3
2026-08-19T01:44:02Z,5128M77568R4,77568,R4,39,72206,72205,2026-08-19T00:02:35,71600,78600,E,41.39581,1.7681432,50,False,,1
2026-08-19T01:44:02Z,5128M77768R4,77768,R4,7,71801,72305,2026-08-19T00:06:18,72209,78700,E,41.379536,2.1411612,50,False,8,
2026-08-19T01:44:02Z,5128M25795R1,25795,R1,-1,79403,79404,2026-08-19T00:03:24,79500,72305,A,41.445705,2.2490852,50,True,,1
2026-08-19T01:44:02Z,5128M25567R2S,25567,R2S,3,71604,71603,2026-08-19T00:03:10,71600,79400,E,41.20413,1.6760199,50,False,1,1
2026-08-19T01:44:02Z,5128M28484R2N,28484,R2N,2,71707,72400,2026-08-19T00:00:40,72400,79200,87.0,41.301285,2.0645964,50,True,,1
2026-08-19T01:44:02Z,5128M77464R4,77464,R4,-1413,78600,78600,2026-08-19T00:24:04,78600,71600,A,41.72026,1.826487,50,False,2,2
2026-08-19T01:44:02Z,5128M25470R2N,25470,R2N,5,79011,79006,2026-08-19T00:02:10,79104,72400,25.0,41.51616,2.2043107,50,True,1,
2026-08-19T01:44:02Z,5128M25693R1,25693,R1,2,79601,79602,2026-08-19T00:03:00,79606,72305,E,41.586533,2.5813315,50,False,1,
2026-08-19T01:44:02Z,6028M35678C3,35678,C3,0,13108,13117,2026-08-19T00:01:55,13100,13200,E,43.16316,-2.9277587,60,True,,2
2026-08-19T01:44:02Z,6028M35681C3,35681,C3,1,13114,13119,2026-08-19T00:00:34,13200,13100,E,43.24241,-2.9163692,60,False,1,1
2026-08-19T01:44:02Z,6128M83145C1,83145,C1,0,11508,11511,2026-08-19T00:15:00,11600,11508,,43.27241,-1.9637448,61,False,1,
2026-08-19T01:44:02Z,6228M35949C1,26949,C1,19,14210,14213,2026-08-19T00:05:36,14223,14202,E,43.255173,-4.063747,62,False,,2
2026-08-19T01:44:02Z,6228M71185C2,71185,C2,0,05605,05604,2026-08-19T00:00:45,14223,05637,79.0,43.4502,-3.8650372,62,False,,2
2026-08-19T01:44:02Z,2028M22358C3,22358,C3,0,15211,15218,2026-08-19T00:01:00,15218,16405,A,43.3588,-5.8573804,20,False,2,1
2026-08-19T01:44:02Z,2028M22132C1,22132,C1,3,15212,15217,2026-08-19T00:02:00,15218,15410,E,43.404537,-5.81196,20,False,2,2
2026-08-19T01:44:02Z,2028M22139C1,22139,C1,3,15203,15206,2026-08-19T00:04:00,15211,15122,E,43.250034,-5.782385,20,False,1,1
2026-08-19T01:44:02Z,4128M84722C1,84722,C1,26,62101,62102,2026-08-19T00:22:00,60911,62101,E,38.224415,-0.7814662,41,False,3,1
2026-08-19T01:44:02Z,4128M84931C2,84931,C2,87,61200,06002,2026-08-19T00:34:00,06006,61200,E,37.97462,-1.1315287,41,False,1,2
2026-08-19T01:44:02Z,1028M20336C4a,20336,C4a,0,19003,19002,2026-08-20T00:03:00,17000,19003,E,40.546417,-3.6351175,10,False,2,2
2026-08-19T01:44:02Z,1028M79839C8a,79839,C8a,16,10203,10203,2026-08-18T23:59:00,10203,18000,E,40.58532,-4.1321955,10,False,5,5
2026-08-19T01:44:02Z,1028M19945C1,19945,C1,0,98305,98304,2026-08-20T00:12:00,18000,98305,E,40.4924,-3.593483,10,False,2,1
2026-08-19T01:44:02Z,1028M20522C4b,20522,C4b,24,17005,17004,2026-08-19T00:05:00,18000,17005,E,40.644844,-3.7762609,10,True,3,3
2026-08-19T01:44:02Z,1028M79171C7,79171,C7,-1435,10000,10000,2026-08-19T00:17:00,10000,70200,S,40.42163,-3.7193205,10,False,1,1
2026-08-19T01:44:02Z,1028M20520C4b,20520,C4b,4,18000,60100,2026-08-19T00:06:00,37012,17005,13.0,40.40084,-3.682559,10,True,7,1
2026-08-19T01:44:02Z,1028M19793C5,19793,C5,1,35001,35009,2026-08-19T00:00:00,35607,35012,E,40.328766,-3.7714624,10,False,1,1
2026-08-19T01:44:02Z,1028M19795C5,19795,C5,1,35002,35002,2026-08-18T23:55:00,35002,35012,A,40.283237,-3.7991464,10,False,1,1
2026-08-19T01:44:02Z,1028M20518C4b,20518,C4b,4,37011,37012,2026-08-19T00:06:00,37012,17005,13.0,40.27857,-3.7384615,10,True,2,2
2026-08-19T01:44:02Z,1028M79371C7,79371,C7,-1439,18000,18000,2026-08-19T00:00:00,18000,70103,E,40.40667,-3.6893938,10,False,1,1
2026-08-19T01:44:02Z,1028M79370C7,79370,C7,-1436,70103,70103,2026-08-19T00:09:00,70103,18000,E,40.4889,-3.3666708,10,False,6,6
2026-08-19T01:44:02Z,1028M79172C7,79172,C7,4,10010,10007,2026-08-19T00:03:00,17000,10000,A,40.474438,-3.846226,10,False,2,2
2026-08-19T01:44:02Z,1028M19791C5,19791,C5,0,18003,18000,2026-08-18T23:57:00,35607,35012,S,40.39592,-3.6779969,10,False,1,9
2026-08-19T01:44:02Z,1028M19790C5,19790,C5,0,35602,35601,2026-08-18T23:59:00,35012,35607,S,40.381268,-3.7802126,10,False,1,1
2026-08-19T01:44:02Z,1028M79491C2,79491,C2,0,70104,70105,2026-08-19T00:04:00,70200,18000,19.0,40.539566,-3.2922592,10,False,2,2
2026-08-19T01:44:02Z,1028M20327C4,20327,C4,-1425,17000,17000,2026-08-19T00:14:00,17000,37012,A,40.471325,-3.6833096,10,True,3,3
2026-08-19T01:44:02Z,1028M79373C7,79373,C7,1,70108,70100,2026-08-19T00:03:00,18000,70103,23.0,40.417698,-3.5687835,10,True,1,1
2026-08-19T01:44:02Z,1028M79493C2,79493,C2,7,98003,70101,2026-08-19T00:12:00,70200,18000,E,40.471153,-3.6823752,10,True,2,2
2026-08-19T01:44:02Z,1028M20524C4b,20524,C4b,-1439,18000,18000,2026-08-19T00:40:00,18000,17005,S,40.40654,-3.6895106,10,True,7,7
2026-08-19T01:44:02Z,1028M79991C2,79991,C2,-1438,17000,17000,2026-08-19T00:12:00,17000,18000,E,40.47097,-3.68245,10,False,10,10
2026-08-19T01:44:02Z,1028M20533C4,20533,C4,-1439,17000,17000,2026-08-19T00:34:00,17000,37012,A,40.471325,-3.6833096,10,True,5,5
2026-08-19T01:44:02Z,1028M20325C4a,20325,C4a,-1420,19003,19003,2026-08-19T00:18:00,19003,37012,S,40.546417,-3.6351175,10,True,2,2
2026-08-19T01:44:02Z,1028M20531C4,20531,C4,-1431,17000,17000,2026-08-19T00:24:00,17000,37012,S,40.471325,-3.6833096,10,True,5,5
2026-08-19T01:44:02Z,1028M19788C5,19788,C5,0,35704,37001,2026-08-19T00:02:00,35012,35607,E,40.35043,-3.705141,10,False,2,6
2026-08-19T01:44:02Z,1028M79841C8a,79841,C8a,6,97100,10100,2026-08-19T00:10:00,10203,18000,8.0,40.493187,-3.738863,10,True,1,3
2026-08-19T01:44:02Z,1028M79169C7,79169,C7,22,10000,10000,2026-08-18T23:59:00,10000,70200,E,40.42163,-3.7193205,10,False,4,4
2026-08-19T01:44:02Z,1028M79988C8b,79988,C8b,-1407,17000,17000,2026-08-19T00:10:00,17000,12006,E,40.47113,-3.6828332,10,False,6,6
2026-08-19T01:44:02Z,1028M79768C10,79768,C10,-1441,10200,10200,2026-08-20T00:08:00,10200,18004,E,40.62599,-4.0081153,10,False,4,4
2026-08-19T01:44:02Z,1028M19787C5,19787,C5,-1425,35607,35607,2026-08-19T00:00:00,35607,35012,S,40.330883,-3.8823783,10,False,2,2
2026-08-19T01:44:02Z,1028M20332C4a,20332,C4a,-1422,18000,18000,2026-08-19T00:01:00,18000,19003,E,40.40654,-3.6895106,10,False,5,5
2026-08-19T01:44:02Z,1028M79987C8b,79987,C8b,-1427,12006,12006,2026-08-19T00:40:00,12006,18000,S,40.737614,-4.0662985,10,False,2,2
2026-08-19T01:44:02Z,1028M79989C2,79989,C2,5,17000,17000,2026-08-18T23:59:00,17000,18000,A,40.47097,-3.68245,10,False,10,10
2026-08-19T01:44:02Z,1028M20111C3,20111,C3,-1438,17000,17000,2026-08-19T00:23:00,17000,60200,S,40.471382,-3.6834786,10,True,5,5
2026-08-19T01:44:02Z,1028M20110C3,20110,C3,-1423,60200,60200,2026-08-19T00:00:00,60200,17000,A,40.035027,-3.6189713,10,True,5,5
2026-08-19T01:49:05Z,3028M23578C1,23578,C1,12,50700,50701,2026-08-19T00:04:24,51003,50600,10.0,37.58847,-5.73386,30,False,2,2
2026-08-19T01:49:05Z,3028M23581C1,23581,C1,19,51100,51003,2026-08-19T00:04:21,51003,51200,E,37.377792,-5.9795485,30,False,1,
2026-08-19T01:49:05Z,3028M23743C5,23743,C5,6,43003,43027,2026-08-19T00:03:16,51003,43005,33.0,37.408543,-6.1310334,30,False,,1
2026-08-19T01:49:05Z,3228M35570C1,35570,C1,1,54510,54519,2026-08-19T00:01:01,54517,54516,A,36.613625,-4.509399,32,False,2,1
2026-08-19T01:49:05Z,3228M35577C1,35577,C1,2,54501,54503,2026-08-19T00:00:35,54516,54517,E,36.70121,-4.454409,32,False,,1
2026-08-19T01:49:05Z,3228M35589C2,23589,C2,-1439,54405,54405,2026-08-19T00:19:32,54405,54517,A,36.819714,-4.699568,32,False,,
2026-08-19T01:49:05Z,3228M23405C1,23405,C1,-1435,54516,54516,2026-08-19T00:21:07,54516,54517,A,36.541843,-4.6237864,32,False,1,1
2026-08-19T01:49:05Z,3228M23400C1,23400,C1,3,54503,54501,2026-08-19T00:02:01,54517,54516,E,36.69222,-4.48376,32,False,2,2
2026-08-19T01:49:05Z,5128M25472R2N,25472,R2N,0,72400,71707,2026-08-19T00:06:03,79100,72400,E,41.30425,2.0733776,50,True,,4
2026-08-19T01:49:05Z,5128M77468R4,77468,R4,-1427,78700,78700,2026-08-19T00:32:36,78700,71600,A,41.56993,2.0143688,50,True,2,2
2026-08-19T01:49:05Z,5128M77766R4,77766,R4,-7,71801,72305,2026-08-19T00:08:59,72209,78600,A,41.36431,2.1008937,50,False,,4
2026-08-19T01:49:05Z,5128M28393R2S,28393,R2S,-2,71802,71801,2026-08-19T00:01:30,71700,79400,A,41.379513,2.1412146,50,False,,
2026-08-19T01:49:05Z,5128M28490R2,28490,R2,-1437,71700,71700,2026-08-19T00:22:53,71700,79104,A,41.27745,1.9777229,50,True,3,3
2026-08-19T01:49:05Z,5128M77568R4,77568,R4,39,72206,72205,2026-08-19T00:02:35,71600,78600,E,41.39581,1.7681432,50,False,,1
2026-08-19T01:49:05Z,5128M77768R4,77768,R4,7,71801,72305,2026-08-19T00:06:18,72209,78700,E,41.379536,2.1411612,50,False,8,
2026-08-19T01:49:05Z,5128M25795R1,25795,R1,-1,79403,79404,2026-08-19T00:03:24,79500,72305,A,41.445705,2.2490852,50,True,,1
2026-08-19T01:49:05Z,5128M25567R2S,25567,R2S,3,71604,71603,2026-08-19T00:03:10,71600,79400,E,41.20413,1.6760199,50,False,1,1
2026-08-19T01:49:05Z,5128M28484R2N,28484,R2N,2,71707,72400,2026-08-19T00:00:40,72400,79200,87.0,41.301285,2.0645964,50,True,,1
2026-08-19T01:49:05Z,5128M77464R4,77464,R4,-1413,78600,78600,2026-08-19T00:24:04,78600,71600,A,41.72026,1.826487,50,False,2,2
2026-08-19T01:49:05Z,5128M25470R2N,25470,R2N,5,79011,79006,2026-08-19T00:02:10,79104,72400,25.0,41.51616,2.2043107,50,True,1,
2026-08-19T01:49:05Z,5128M25693R1,25693,R1,2,79601,79602,2026-08-19T00:03:00,79606,72305,E,41.586533,2.5813315,50,False,1,
2026-08-19T01:49:05Z,6028M35678C3,35678,C3,0,13108,13117,2026-08-19T00:01:55,13100,13200,E,43.16316,-2.9277587,60,True,,2
2026-08-19T01:49:05Z,6028M35681C3,35681,C3,1,13114,13119,2026-08-19T00:00:34,13200,13100,E,43.24241,-2.9163692,60,False,1,1
2026-08-19T01:49:05Z,6128M83145C1,83145,C1,0,11508,11511,2026-08-19T00:15:00,11600,11508,,43.27241,-1.9637448,61,False,1,
2026-08-19T01:49:05Z,6228M35949C1,26949,C1,19,14210,14213,2026-08-19T00:05:36,14223,14202,E,43.255173,-4.063747,62,False,,2
2026-08-19T01:49:05Z,6228M71185C2,71185,C2,0,05605,05604,2026-08-19T00:00:45,14223,05637,79.0,43.4502,-3.8650372,62,False,,2
2026-08-19T01:49:05Z,2028M22358C3,22358,C3,0,15211,15218,2026-08-19T00:01:00,15218,16405,A,43.3588,-5.8573804,20,False,2,1
2026-08-19T01:49:05Z,2028M22132C1,22132,C1,3,15212,15217,2026-08-19T00:02:00,15218,15410,E,43.404537,-5.81196,20,False,2,2
2026-08-19T01:49:05Z,2028M22139C1,22139,C1,3,15203,15206,2026-08-19T00:04:00,15211,15122,E,43.250034,-5.782385,20,False,1,1
2026-08-19T01:49:05Z,4128M84722C1,84722,C1,26,62101,62102,2026-08-19T00:22:00,60911,62101,E,38.224415,-0.7814662,41,False,3,1
2026-08-19T01:49:05Z,4128M84931C2,84931,C2,87,61200,06002,2026-08-19T00:34:00,06006,61200,E,37.97462,-1.1315287,41,False,1,2
2026-08-19T01:49:05Z,1028M20336C4a,20336,C4a,0,19003,19002,2026-08-20T00:03:00,17000,19003,E,40.546417,-3.6351175,10,False,2,2
2026-08-19T01:49:05Z,1028M79839C8a,79839,C8a,16,10203,10203,2026-08-18T23:59:00,10203,18000,E,40.58532,-4.1321955,10,False,5,5
2026-08-19T01:49:05Z,1028M19945C1,19945,C1,0,98305,98304,2026-08-20T00:12:00,18000,98305,E,40.4924,-3.593483,10,False,2,1
2026-08-19T01:49:05Z,1028M20522C4b,20522,C4b,24,17005,17004,2026-08-19T00:05:00,18000,17005,E,40.644844,-3.7762609,10,True,3,3
2026-08-19T01:49:05Z,1028M79171C7,79171,C7,-1435,10000,10000,2026-08-19T00:17:00,10000,70200,S,40.42163,-3.7193205,10,False,1,1
2026-08-19T01:49:05Z,1028M20520C4b,20520,C4b,4,18000,60100,2026-08-19T00:06:00,37012,17005,13.0,40.40084,-3.682559,10,True,7,1
2026-08-19T01:49:05Z,1028M19793C5,19793,C5,1,35001,35009,2026-08-19T00:00:00,35607,35012,E,40.328766,-3.7714624,10,False,1,1
2026-08-19T01:49:05Z,1028M19795C5,19795,C5,1,35002,35002,2026-08-18T23:55:00,35002,35012,A,40.283237,-3.7991464,10,False,1,1
2026-08-19T01:49:05Z,1028M20518C4b,20518,C4b,4,37011,37012,2026-08-19T00:06:00,37012,17005,13.0,40.27857,-3.7384615,10,True,2,2
2026-08-19T01:49:05Z,1028M79371C7,79371,C7,-1439,18000,18000,2026-08-19T00:00:00,18000,70103,E,40.40667,-3.6893938,10,False,1,1
2026-08-19T01:49:05Z,1028M79370C7,79370,C7,-1436,70103,70103,2026-08-19T00:09:00,70103,18000,E,40.4889,-3.3666708,10,False,6,6
2026-08-19T01:49:05Z,1028M79172C7,79172,C7,4,10010,10007,2026-08-19T00:03:00,17000,10000,A,40.474438,-3.846226,10,False,2,2
2026-08-19T01:49:05Z,1028M19791C5,19791,C5,0,18003,18000,2026-08-18T23:57:00,35607,35012,S,40.39592,-3.6779969,10,False,1,9
2026-08-19T01:49:05Z,1028M19790C5,19790,C5,0,35602,35601,2026-08-18T23:59:00,35012,35607,S,40.381268,-3.7802126,10,False,1,1
2026-08-19T01:49:05Z,1028M79491C2,79491,C2,0,70104,70105,2026-08-19T00:04:00,70200,18000,19.0,40.539566,-3.2922592,10,False,2,2
2026-08-19T01:49:05Z,1028M20327C4,20327,C4,-1425,17000,17000,2026-08-19T00:14:00,17000,37012,A,40.471325,-3.6833096,10,True,3,3
2026-08-19T01:49:05Z,1028M79373C7,79373,C7,1,70108,70100,2026-08-19T00:03:00,18000,70103,23.0,40.417698,-3.5687835,10,True,1,1
2026-08-19T01:49:05Z,1028M79493C2,79493,C2,7,98003,70101,2026-08-19T00:12:00,70200,18000,E,40.471153,-3.6823752,10,True,2,2
2026-08-19T01:49:05Z,1028M20524C4b,20524,C4b,-1439,18000,18000,2026-08-19T00:40:00,18000,17005,S,40.40654,-3.6895106,10,True,7,7
2026-08-19T01:49:05Z,1028M79991C2,79991,C2,-1438,17000,17000,2026-08-19T00:12:00,17000,18000,E,40.47097,-3.68245,10,False,10,10
2026-08-19T01:49:05Z,1028M20533C4,20533,C4,-1439,17000,17000,2026-08-19T00:34:00,17000,37012,A,40.471325,-3.6833096,10,True,5,5
2026-08-19T01:49:05Z,1028M20325C4a,20325,C4a,-1420,19003,19003,2026-08-19T00:18:00,19003,37012,S,40.546417,-3.6351175,10,True,2,2
2026-08-19T01:49:05Z,1028M20531C4,20531,C4,-1431,17000,17000,2026-08-19T00:24:00,17000,37012,S,40.471325,-3.6833096,10,True,5,5
2026-08-19T01:49:05Z,1028M19788C5,19788,C5,0,35704,37001,2026-08-19T00:02:00,35012,35607,E,40.35043,-3.705141,10,False,2,6
2026-08-19T01:49:05Z,1028M79841C8a,79841,C8a,6,97100,10100,2026-08-19T00:10:00,10203,18000,8.0,40.493187,-3.738863,10,True,1,3
2026-08-19T01:49:05Z,1028M79169C7,79169,C7,22,10000,10000,2026-08-18T23:59:00,10000,70200,E,40.42163,-3.7193205,10,False,4,4
2026-08-19T01:49:05Z,1028M79988C8b,79988,C8b,-1407,17000,17000,2026-08-19T00:10:00,17000,12006,E,40.47113,-3.6828332,10,False,6,6
2026-08-19T01:49:05Z,1028M79768C10,79768,C10,-1441,10200,10200,2026-08-20T00:08:00,10200,18004,E,40.62599,-4.0081153,10,False,4,4
2026-08-19T01:49:05Z,1028M19787C5,19787,C5,-1425,35607,35607,2026-08-19T00:00:00,35607,35012,S,40.330883,-3.8823783,10,False,2,2
2026-08-19T01:49:05Z,1028M20332C4a,20332,C4a,-1422,18000,18000,2026-08-19T00:01:00,18000,19003,E,40.40654,-3.6895106,10,False,5,5
2026-08-19T01:49:05Z,1028M79987C8b,79987,C8b,-1427,12006,12006,2026-08-19T00:40:00,12006,18000,S,40.737614,-4.0662985,10,False,2,2
2026-08-19T01:49:05Z,1028M79989C2,79989,C2,5,17000,17000,2026-08-18T23:59:00,17000,18000,A,40.47097,-3.68245,10,False,10,10
2026-08-19T01:49:05Z,1028M20111C3,20111,C3,-1438,17000,17000,2026-08-19T00:23:00,17000,60200,S,40.471382,-3.6834786,10,True,5,5
2026-08-19T01:49:05Z,1028M20110C3,20110,C3,-1423,60200,60200,2026-08-19T00:00:00,60200,17000,A,40.035027,-3.6189713,10,True,5,5
2026-08-19T01:53:32Z,3028M23578C1,23578,C1,12,50700,50701,2026-08-19T00:04:24,51003,50600,10.0,37.58847,-5.73386,30,False,2,2
2026-08-19T01:53:32Z,3028M23581C1,23581,C1,19,51100,51003,2026-08-19T00:04:21,51003,51200,E,37.377792,-5.9795485,30,False,1,
2026-08-19T01:53:32Z,3028M23743C5,23743,C5,6,43003,43027,2026-08-19T00:03:16,51003,43005,33.0,37.408543,-6.1310334,30,False,,1
2026-08-19T01:53:32Z,3228M35570C1,35570,C1,1,54510,54519,2026-08-19T00:01:01,54517,54516,A,36.613625,-4.509399,32,False,2,1
2026-08-19T01:53:32Z,3228M35577C1,35577,C1,2,54501,54503,2026-08-19T00:00:35,54516,54517,E,36.70121,-4.454409,32,False,,1
2026-08-19T01:53:32Z,3228M35589C2,23589,C2,-1439,54405,54405,2026-08-19T00:19:32,54405,54517,A,36.819714,-4.699568,32,False,,
2026-08-19T01:53:32Z,3228M23405C1,23405,C1,-1435,54516,54516,2026-08-19T00:21:07,54516,54517,A,36.541843,-4.6237864,32,False,1,1
2026-08-19T01:53:32Z,3228M23400C1,23400,C1,3,54503,54501,2026-08-19T00:02:01,54517,54516,E,36.69222,-4.48376,32,False,2,2
2026-08-19T01:53:32Z,5128M25472R2N,25472,R2N,0,72400,71707,2026-08-19T00:06:03,79100,72400,E,41.30425,2.0733776,50,True,,4
2026-08-19T01:53:32Z,5128M77468R4,77468,R4,-1427,78700,78700,2026-08-19T00:32:36,78700,71600,A,41.56993,2.0143688,50,True,2,2
2026-08-19T01:53:32Z,5128M77766R4,77766,R4,-7,71801,72305,2026-08-19T00:08:59,72209,78600,A,41.36431,2.1008937,50,False,,4
2026-08-19T01:53:32Z,5128M28393R2S,28393,R2S,-2,71802,71801,2026-08-19T00:01:30,71700,79400,A,41.379513,2.1412146,50,False,,
2026-08-19T01:53:32Z,5128M28490R2,28490,R2,-1437,71700,71700,2026-08-19T00:22:53,71700,79104,A,41.27745,1.9777229,50,True,3,3
2026-08-19T01:53:32Z,5128M77568R4,77568,R4,39,72206,72205,2026-08-19T00:02:35,71600,78600,E,41.39581,1.7681432,50,False,,1
2026-08-19T01:53:32Z,5128M77768R4,77768,R4,7,71801,72305,2026-08-19T00:06:18,72209,78700,E,41.379536,2.1411612,50,False,8,
2026-08-19T01:53:32Z,5128M25795R1,25795,R1,-1,79403,79404,2026-08-19T00:03:24,79500,72305,A,41.445705,2.2490852,50,True,,1
2026-08-19T01:53:32Z,5128M25567R2S,25567,R2S,3,71604,71603,2026-08-19T00:03:10,71600,79400,E,41.20413,1.6760199,50,False,1,1
2026-08-19T01:53:32Z,5128M28484R2N,28484,R2N,2,71707,72400,2026-08-19T00:00:40,72400,79200,87.0,41.301285,2.0645964,50,True,,1
2026-08-19T01:53:32Z,5128M77464R4,77464,R4,-1413,78600,78600,2026-08-19T00:24:04,78600,71600,A,41.72026,1.826487,50,False,2,2
2026-08-19T01:53:32Z,5128M25470R2N,25470,R2N,5,79011,79006,2026-08-19T00:02:10,79104,72400,25.0,41.51616,2.2043107,50,True,1,
2026-08-19T01:53:32Z,5128M25693R1,25693,R1,2,79601,79602,2026-08-19T00:03:00,79606,72305,E,41.586533,2.5813315,50,False,1,
2026-08-19T01:53:32Z,6028M35678C3,35678,C3,0,13108,13117,2026-08-19T00:01:55,13100,13200,E,43.16316,-2.9277587,60,True,,2
2026-08-19T01:53:32Z,6028M35681C3,35681,C3,1,13114,13119,2026-08-19T00:00:34,13200,13100,E,43.24241,-2.9163692,60,False,1,1
2026-08-19T01:53:32Z,6128M83145C1,83145,C1,0,11508,11511,2026-08-19T00:15:00,11600,11508,,43.27241,-1.9637448,61,False,1,
2026-08-19T01:53:32Z,6228M35949C1,26949,C1,19,14210,14213,2026-08-19T00:05:36,14223,14202,E,43.255173,-4.063747,62,False,,2
2026-08-19T01:53:32Z,6228M71185C2,71185,C2,0,05605,05604,2026-08-19T00:00:45,14223,05637,79.0,43.4502,-3.8650372,62,False,,2
2026-08-19T01:53:32Z,2028M22358C3,22358,C3,0,15211,15218,2026-08-19T00:01:00,15218,16405,A,43.3588,-5.8573804,20,False,2,1
2026-08-19T01:53:32Z,2028M22132C1,22132,C1,3,15212,15217,2026-08-19T00:02:00,15218,15410,E,43.404537,-5.81196,20,False,2,2
2026-08-19T01:53:32Z,2028M22139C1,22139,C1,3,15203,15206,2026-08-19T00:04:00,15211,15122,E,43.250034,-5.782385,20,False,1,1
2026-08-19T01:53:32Z,4128M84722C1,84722,C1,26,62101,62102,2026-08-19T00:22:00,60911,62101,E,38.224415,-0.7814662,41,False,3,1
2026-08-19T01:53:32Z,4128M84931C2,84931,C2,87,61200,06002,2026-08-19T00:34:00,06006,61200,E,37.97462,-1.1315287,41,False,1,2
2026-08-19T01:53:32Z,1028M20336C4a,20336,C4a,0,19003,19002,2026-08-20T00:03:00,17000,19003,E,40.546417,-3.6351175,10,False,2,2
2026-08-19T01:53:32Z,1028M79839C8a,79839,C8a,16,10203,10203,2026-08-18T23:59:00,10203,18000,E,40.58532,-4.1321955,10,False,5,5
2026-08-19T01:53:32Z,1028M19945C1,19945,C1,0,98305,98304,2026-08-20T00:12:00,18000,98305,E,40.4924,-3.593483,10,False,2,1
2026-08-19T01:53:32Z,1028M20522C4b,20522,C4b,24,17005,17004,2026-08-19T00:05:00,18000,17005,E,40.644844,-3.7762609,10,True,3,3
2026-08-19T01:53:32Z,1028M79171C7,79171,C7,-1435,10000,10000,2026-08-19T00:17:00,10000,70200,S,40.42163,-3.7193205,10,False,1,1
2026-08-19T01:53:32Z,1028M20520C4b,20520,C4b,4,18000,60100,2026-08-19T00:06:00,37012,17005,13.0,40.40084,-3.682559,10,True,7,1
2026-08-19T01:53:32Z,1028M19793C5,19793,C5,1,35001,35009,2026-08-19T00:00:00,35607,35012,E,40.328766,-3.7714624,10,False,1,1
2026-08-19T01:53:32Z,1028M19795C5,19795,C5,1,35002,35002,2026-08-18T23:55:00,35002,35012,A,40.283237,-3.7991464,10,False,1,1
2026-08-19T01:53:32Z,1028M20518C4b,20518,C4b,4,37011,37012,2026-08-19T00:06:00,37012,17005,13.0,40.27857,-3.7384615,10,True,2,2
2026-08-19T01:53:32Z,1028M79371C7,79371,C7,-1439,18000,18000,2026-08-19T00:00:00,18000,70103,E,40.40667,-3.6893938,10,False,1,1
2026-08-19T01:53:32Z,1028M79370C7,79370,C7,-1436,70103,70103,2026-08-19T00:09:00,70103,18000,E,40.4889,-3.3666708,10,False,6,6
2026-08-19T01:53:32Z,1028M79172C7,79172,C7,4,10010,10007,2026-08-19T00:03:00,17000,10000,A,40.474438,-3.846226,10,False,2,2
2026-08-19T01:53:32Z,1028M19791C5,19791,C5,0,18003,18000,2026-08-18T23:57:00,35607,35012,S,40.39592,-3.6779969,10,False,1,9
2026-08-19T01:53:32Z,1028M19790C5,19790,C5,0,35602,35601,2026-08-18T23:59:00,35012,35607,S,40.381268,-3.7802126,10,False,1,1
2026-08-19T01:53:32Z,1028M79491C2,79491,C2,0,70104,70105,2026-08-19T00:04:00,70200,18000,19.0,40.539566,-3.2922592,10,False,2,2
2026-08-19T01:53:32Z,1028M20327C4,20327,C4,-1425,17000,17000,2026-08-19T00:14:00,17000,37012,A,40.471325,-3.6833096,10,True,3,3
2026-08-19T01:53:32Z,1028M79373C7,79373,C7,1,70108,70100,2026-08-19T00:03:00,18000,70103,23.0,40.417698,-3.5687835,10,True,1,1
2026-08-19T01:53:32Z,1028M79493C2,79493,C2,7,98003,70101,2026-08-19T00:12:00,70200,18000,E,40.471153,-3.6823752,10,True,2,2
2026-08-19T01:53:32Z,1028M20524C4b,20524,C4b,-1439,18000,18000,2026-08-19T00:40:00,18000,17005,S,40.40654,-3.6895106,10,True,7,7
2026-08-19T01:53:32Z,1028M79991C2,79991,C2,-1438,17000,17000,2026-08-19T00:12:00,17000,18000,E,40.47097,-3.68245,10,False,10,10
2026-08-19T01:53:32Z,1028M20533C4,20533,C4,-1439,17000,17000,2026-08-19T00:34:00,17000,37012,A,40.471325,-3.6833096,10,True,5,5
2026-08-19T01:53:32Z,1028M20325C4a,20325,C4a,-1420,19003,19003,2026-08-19T00:18:00,19003,37012,S,40.546417,-3.6351175,10,True,2,2
2026-08-19T01:53:32Z,1028M20531C4,20531,C4,-1431,17000,17000,2026-08-19T00:24:00,17000,37012,S,40.471325,-3.6833096,10,True,5,5
2026-08-19T01:53:32Z,1028M19788C5,19788,C5,0,35704,37001,2026-08-19T00:02:00,35012,35607,E,40.35043,-3.705141,10,False,2,6
2026-08-19T01:53:32Z,1028M79841C8a,79841,C8a,6,97100,10100,2026-08-19T00:10:00,10203,18000,8.0,40.493187,-3.738863,10,True,1,3
2026-08-19T01:53:32Z,1028M79169C7,79169,C7,22,10000,10000,2026-08-18T23:59:00,10000,70200,E,40.42163,-3.7193205,10,False,4,4
2026-08-19T01:53:32Z,1028M79988C8b,79988,C8b,-1407,17000,17000,2026-08-19T00:10:00,17000,12006,E,40.47113,-3.6828332,10,False,6,6
2026-08-19T01:53:32Z,1028M79768C10,79768,C10,-1441,10200,10200,2026-08-20T00:08:00,10200,18004,E,40.62599,-4.0081153,10,False,4,4
2026-08-19T01:53:32Z,1028M19787C5,19787,C5,-1425,35607,35607,2026-08-19T00:00:00,35607,35012,S,40.330883,-3.8823783,10,False,2,2
2026-08-19T01:53:32Z,1028M20332C4a,20332,C4a,-1422,18000,18000,2026-08-19T00:01:00,18000,19003,E,40.40654,-3.6895106,10,False,5,5
2026-08-19T01:53:32Z,1028M79987C8b,79987,C8b,-1427,12006,12006,2026-08-19T00:40:00,12006,18000,S,40.737614,-4.0662985,10,False,2,2
2026-08-19T01:53:32Z,1028M79989C2,79989,C2,5,17000,17000,2026-08-18T23:59:00,17000,18000,A,40.47097,-3.68245,10,False,10,10
2026-08-19T01:53:32Z,1028M20111C3,20111,C3,-1438,17000,17000,2026-08-19T00:23:00,17000,60200,S,40.471382,-3.6834786,10,True,5,5
2026-08-19T01:53:32Z,1028M20110C3,20110,C3,-1423,60200,60200,2026-08-19T00:00:00,60200,17000,A,40.035027,-3.6189713,10,True,5,5
2026-08-19T01:58:30Z,3028M23578C1,23578,C1,12,50700,50701,2026-08-19T00:04:24,51003,50600,10.0,37.58847,-5.73386,30,False,2,2
2026-08-19T01:58:30Z,3028M23581C1,23581,C1,19,51100,51003,2026-08-19T00:04:21,51003,51200,E,37.377792,-5.9795485,30,False,1,
2026-08-19T01:58:30Z,3028M23743C5,23743,C5,6,43003,43027,2026-08-19T00:03:16,51003,43005,33.0,37.408543,-6.1310334,30,False,,1
2026-08-19T01:58:30Z,3228M35570C1,35570,C1,1,54510,54519,2026-08-19T00:01:01,54517,54516,A,36.613625,-4.509399,32,False,2,1
2026-08-19T01:58:30Z,3228M35577C1,35577,C1,2,54501,54503,2026-08-19T00:00:35,54516,54517,E,36.70121,-4.454409,32,False,,1
2026-08-19T01:58:30Z,3228M35589C2,23589,C2,-1439,54405,54405,2026-08-19T00:19:32,54405,54517,A,36.819714,-4.699568,32,False,,
2026-08-19T01:58:30Z,3228M23405C1,23405,C1,-1435,54516,54516,2026-08-19T00:21:07,54516,54517,A,36.541843,-4.6237864,32,False,1,1
2026-08-19T01:58:30Z,3228M23400C1,23400,C1,3,54503,54501,2026-08-19T00:02:01,54517,54516,E,36.69222,-4.48376,32,False,2,2
2026-08-19T01:58:30Z,5128M25472R2N,25472,R2N,0,72400,71707,2026-08-19T00:06:03,79100,72400,E,41.30425,2.0733776,50,True,,4
2026-08-19T01:58:30Z,5128M77468R4,77468,R4,-1427,78700,78700,2026-08-19T00:32:36,78700,71600,A,41.56993,2.0143688,50,True,2,2
2026-08-19T01:58:30Z,5128M77766R4,77766,R4,-7,71801,72305,2026-08-19T00:08:59,72209,78600,A,41.36431,2.1008937,50,False,,4
2026-08-19T01:58:30Z,5128M28393R2S,28393,R2S,-2,71802,71801,2026-08-19T00:01:30,71700,79400,A,41.379513,2.1412146,50,False,,
2026-08-19T01:58:30Z,5128M28490R2,28490,R2,-1437,71700,71700,2026-08-19T00:22:53,71700,79104,A,41.27745,1.9777229,50,True,3,3
2026-08-19T01:58:30Z,5128M77568R4,77568,R4,39,72206,72205,2026-08-19T00:02:35,71600,78600,E,41.39581,1.7681432,50,False,,1
2026-08-19T01:58:30Z,5128M77768R4,77768,R4,7,71801,72305,2026-08-19T00:06:18,72209,78700,E,41.379536,2.1411612,50,False,8,
2026-08-19T01:58:30Z,5128M25795R1,25795,R1,-1,79403,79404,2026-08-19T00:03:24,79500,72305,A,41.445705,2.2490852,50,True,,1
2026-08-19T01:58:30Z,5128M25567R2S,25567,R2S,3,71604,71603,2026-08-19T00:03:10,71600,79400,E,41.20413,1.6760199,50,False,1,1
2026-08-19T01:58:30Z,5128M28484R2N,28484,R2N,2,71707,72400,2026-08-19T00:00:40,72400,79200,87.0,41.301285,2.0645964,50,True,,1
2026-08-19T01:58:30Z,5128M77464R4,77464,R4,-1413,78600,78600,2026-08-19T00:24:04,78600,71600,A,41.72026,1.826487,50,False,2,2
2026-08-19T01:58:30Z,5128M25470R2N,25470,R2N,5,79011,79006,2026-08-19T00:02:10,79104,72400,25.0,41.51616,2.2043107,50,True,1,
2026-08-19T01:58:30Z,5128M25693R1,25693,R1,2,79601,79602,2026-08-19T00:03:00,79606,72305,E,41.586533,2.5813315,50,False,1,
2026-08-19T01:58:30Z,6028M35678C3,35678,C3,0,13108,13117,2026-08-19T00:01:55,13100,13200,E,43.16316,-2.9277587,60,True,,2
2026-08-19T01:58:30Z,6028M35681C3,35681,C3,1,13114,13119,2026-08-19T00:00:34,13200,13100,E,43.24241,-2.9163692,60,False,1,1
2026-08-19T01:58:30Z,6128M83145C1,83145,C1,0,11508,11511,2026-08-19T00:15:00,11600,11508,,43.27241,-1.9637448,61,False,1,
2026-08-19T01:58:30Z,6228M35949C1,26949,C1,19,14210,14213,2026-08-19T00:05:36,14223,14202,E,43.255173,-4.063747,62,False,,2
2026-08-19T01:58:30Z,6228M71185C2,71185,C2,0,05605,05604,2026-08-19T00:00:45,14223,05637,79.0,43.4502,-3.8650372,62,False,,2
2026-08-19T01:58:30Z,2028M22358C3,22358,C3,0,15211,15218,2026-08-19T00:01:00,15218,16405,A,43.3588,-5.8573804,20,False,2,1
2026-08-19T01:58:30Z,2028M22132C1,22132,C1,3,15212,15217,2026-08-19T00:02:00,15218,15410,E,43.404537,-5.81196,20,False,2,2
2026-08-19T01:58:30Z,2028M22139C1,22139,C1,3,15203,15206,2026-08-19T00:04:00,15211,15122,E,43.250034,-5.782385,20,False,1,1
2026-08-19T01:58:30Z,4128M84722C1,84722,C1,26,62101,62102,2026-08-19T00:22:00,60911,62101,E,38.224415,-0.7814662,41,False,3,1
2026-08-19T01:58:30Z,4128M84931C2,84931,C2,87,61200,06002,2026-08-19T00:34:00,06006,61200,E,37.97462,-1.1315287,41,False,1,2
2026-08-19T01:58:30Z,1028M20336C4a,20336,C4a,0,19003,19002,2026-08-20T00:03:00,17000,19003,E,40.546417,-3.6351175,10,False,2,2
2026-08-19T01:58:30Z,1028M79839C8a,79839,C8a,16,10203,10203,2026-08-18T23:59:00,10203,18000,E,40.58532,-4.1321955,10,False,5,5
2026-08-19T01:58:30Z,1028M19945C1,19945,C1,0,98305,98304,2026-08-20T00:12:00,18000,98305,E,40.4924,-3.593483,10,False,2,1
2026-08-19T01:58:30Z,1028M20522C4b,20522,C4b,24,17005,17004,2026-08-19T00:05:00,18000,17005,E,40.644844,-3.7762609,10,True,3,3
2026-08-19T01:58:30Z,1028M79171C7,79171,C7,-1435,10000,10000,2026-08-19T00:17:00,10000,70200,S,40.42163,-3.7193205,10,False,1,1
2026-08-19T01:58:30Z,1028M20520C4b,20520,C4b,4,18000,60100,2026-08-19T00:06:00,37012,17005,13.0,40.40084,-3.682559,10,True,7,1
2026-08-19T01:58:30Z,1028M19793C5,19793,C5,1,35001,35009,2026-08-19T00:00:00,35607,35012,E,40.328766,-3.7714624,10,False,1,1
2026-08-19T01:58:30Z,1028M19795C5,19795,C5,1,35002,35002,2026-08-18T23:55:00,35002,35012,A,40.283237,-3.7991464,10,False,1,1
2026-08-19T01:58:30Z,1028M20518C4b,20518,C4b,4,37011,37012,2026-08-19T00:06:00,37012,17005,13.0,40.27857,-3.7384615,10,True,2,2
2026-08-19T01:58:30Z,1028M79371C7,79371,C7,-1439,18000,18000,2026-08-19T00:00:00,18000,70103,E,40.40667,-3.6893938,10,False,1,1
2026-08-19T01:58:30Z,1028M79370C7,79370,C7,-1436,70103,70103,2026-08-19T00:09:00,70103,18000,E,40.4889,-3.3666708,10,False,6,6
2026-08-19T01:58:30Z,1028M79172C7,79172,C7,4,10010,10007,2026-08-19T00:03:00,17000,10000,A,40.474438,-3.846226,10,False,2,2
2026-08-19T01:58:30Z,1028M19791C5,19791,C5,0,18003,18000,2026-08-18T23:57:00,35607,35012,S,40.39592,-3.6779969,10,False,1,9
2026-08-19T01:58:30Z,1028M19790C5,19790,C5,0,35602,35601,2026-08-18T23:59:00,35012,35607,S,40.381268,-3.7802126,10,False,1,1
2026-08-19T01:58:30Z,1028M79491C2,79491,C2,0,70104,70105,2026-08-19T00:04:00,70200,18000,19.0,40.539566,-3.2922592,10,False,2,2
2026-08-19T01:58:30Z,1028M20327C4,20327,C4,-1425,17000,17000,2026-08-19T00:14:00,17000,37012,A,40.471325,-3.6833096,10,True,3,3
2026-08-19T01:58:30Z,1028M79373C7,79373,C7,1,70108,70100,2026-08-19T00:03:00,18000,70103,23.0,40.417698,-3.5687835,10,True,1,1
2026-08-19T01:58:30Z,1028M79493C2,79493,C2,7,98003,70101,2026-08-19T00:12:00,70200,18000,E,40.471153,-3.6823752,10,True,2,2
2026-08-19T01:58:30Z,1028M20524C4b,20524,C4b,-1439,18000,18000,2026-08-19T00:40:00,18000,17005,S,40.40654,-3.6895106,10,True,7,7
2026-08-19T01:58:30Z,1028M79991C2,79991,C2,-1438,17000,17000,2026-08-19T00:12:00,17000,18000,E,40.47097,-3.68245,10,False,10,10
2026-08-19T01:58:30Z,1028M20533C4,20533,C4,-1439,17000,17000,2026-08-19T00:34:00,17000,37012,A,40.471325,-3.6833096,10,True,5,5
2026-08-19T01:58:30Z,1028M20325C4a,20325,C4a,-1420,19003,19003,2026-08-19T00:18:00,19003,37012,S,40.546417,-3.6351175,10,True,2,2
2026-08-19T01:58:30Z,1028M20531C4,20531,C4,-1431,17000,17000,2026-08-19T00:24:00,17000,37012,S,40.471325,-3.6833096,10,True,5,5
2026-08-19T01:58:30Z,1028M19788C5,19788,C5,0,35704,37001,2026-08-19T00:02:00,35012,35607,E,40.35043,-3.705141,10,False,2,6
2026-08-19T01:58:30Z,1028M79841C8a,79841,C8a,6,97100,10100,2026-08-19T00:10:00,10203,18000,8.0,40.493187,-3.738863,10,True,1,3
2026-08-19T01:58:30Z,1028M79169C7,79169,C7,22,10000,10000,2026-08-18T23:59:00,10000,70200,E,40.42163,-3.7193205,10,False,4,4
2026-08-19T01:58:30Z,1028M79988C8b,79988,C8b,-1407,17000,17000,2026-08-19T00:10:00,17000,12006,E,40.47113,-3.6828332,10,False,6,6
2026-08-19T01:58:30Z,1028M79768C10,79768,C10,-1441,10200,10200,2026-08-20T00:08:00,10200,18004,E,40.62599,-4.0081153,10,False,4,4
2026-08-19T01:58:30Z,1028M19787C5,19787,C5,-1425,35607,35607,2026-08-19T00:00:00,35607,35012,S,40.330883,-3.8823783,10,False,2,2
2026-08-19T01:58:30Z,1028M20332C4a,20332,C4a,-1422,18000,18000,2026-08-19T00:01:00,18000,19003,E,40.40654,-3.6895106,10,False,5,5
2026-08-19T01:58:30Z,1028M79987C8b,79987,C8b,-1427,12006,12006,2026-08-19T00:40:00,12006,18000,S,40.737614,-4.0662985,10,False,2,2
2026-08-19T01:58:30Z,1028M79989C2,79989,C2,5,17000,17000,2026-08-18T23:59:00,17000,18000,A,40.47097,-3.68245,10,False,10,10
2026-08-19T01:58:30Z,1028M20111C3,20111,C3,-1438,17000,17000,2026-08-19T00:23:00,17000,60200,S,40.471382,-3.6834786,10,True,5,5
2026-08-19T01:58:30Z,1028M20110C3,20110,C3,-1423,60200,60200,2026-08-19T00:00:00,60200,17000,A,40.035027,-3.6189713,10,True,5,5
2026-08-19T02:03:55Z,3028M23578C1,23578,C1,12,50700,50701,2026-08-19T00:04:24,51003,50600,10.0,37.58847,-5.73386,30,False,2,2
2026-08-19T02:03:55Z,3028M23581C1,23581,C1,19,51100,51003,2026-08-19T00:04:21,51003,51200,E,37.377792,-5.9795485,30,False,1,
2026-08-19T02:03:55Z,3028M23743C5,23743,C5,6,43003,43027,2026-08-19T00:03:16,51003,43005,33.0,37.408543,-6.1310334,30,False,,1
2026-08-19T02:03:55Z,3228M35570C1,35570,C1,1,54510,54519,2026-08-19T00:01:01,54517,54516,A,36.613625,-4.509399,32,False,2,1
2026-08-19T02:03:55Z,3228M35577C1,35577,C1,2,54501,54503,2026-08-19T00:00:35,54516,54517,E,36.70121,-4.454409,32,False,,1
2026-08-19T02:03:55Z,3228M35589C2,23589,C2,-1439,54405,54405,2026-08-19T00:19:32,54405,54517,A,36.819714,-4.699568,32,False,,
2026-08-19T02:03:55Z,3228M23405C1,23405,C1,-1435,54516,54516,2026-08-19T00:21:07,54516,54517,A,36.541843,-4.6237864,32,False,1,1
2026-08-19T02:03:55Z,3228M23400C1,23400,C1,3,54503,54501,2026-08-19T00:02:01,54517,54516,E,36.69222,-4.48376,32,False,2,2
2026-08-19T02:03:55Z,5128M25472R2N,25472,R2N,0,72400,71707,2026-08-19T00:06:03,79100,72400,E,41.30425,2.0733776,50,True,,4
2026-08-19T02:03:55Z,5128M77468R4,77468,R4,-1427,78700,78700,2026-08-19T00:32:36,78700,71600,A,41.56993,2.0143688,50,True,2,2
2026-08-19T02:03:55Z,5128M77766R4,77766,R4,-7,71801,72305,2026-08-19T00:08:59,72209,78600,A,41.36431,2.1008937,50,False,,4
2026-08-19T02:03:55Z,5128M28393R2S,28393,R2S,-2,71802,71801,2026-08-19T00:01:30,71700,79400,A,41.379513,2.1412146,50,False,,
2026-08-19T02:03:55Z,5128M28490R2,28490,R2,-1437,71700,71700,2026-08-19T00:22:53,71700,79104,A,41.27745,1.9777229,50,True,3,3
2026-08-19T02:03:55Z,5128M77568R4,77568,R4,39,72206,72205,2026-08-19T00:02:35,71600,78600,E,41.39581,1.7681432,50,False,,1
2026-08-19T02:03:55Z,5128M77768R4,77768,R4,7,71801,72305,2026-08-19T00:06:18,72209,78700,E,41.379536,2.1411612,50,False,8,
2026-08-19T02:03:55Z,5128M25795R1,25795,R1,-1,79403,79404,2026-08-19T00:03:24,79500,72305,A,41.445705,2.2490852,50,True,,1
2026-08-19T02:03:55Z,5128M25567R2S,25567,R2S,3,71604,71603,2026-08-19T00:03:10,71600,79400,E,41.20413,1.6760199,50,False,1,1
2026-08-19T02:03:55Z,5128M28484R2N,28484,R2N,2,71707,72400,2026-08-19T00:00:40,72400,79200,87.0,41.301285,2.0645964,50,True,,1
2026-08-19T02:03:55Z,5128M77464R4,77464,R4,-1413,78600,78600,2026-08-19T00:24:04,78600,71600,A,41.72026,1.826487,50,False,2,2
2026-08-19T02:03:55Z,5128M25470R2N,25470,R2N,5,79011,79006,2026-08-19T00:02:10,79104,72400,25.0,41.51616,2.2043107,50,True,1,
2026-08-19T02:03:55Z,5128M25693R1,25693,R1,2,79601,79602,2026-08-19T00:03:00,79606,72305,E,41.586533,2.5813315,50,False,1,
2026-08-19T02:03:55Z,6028M35678C3,35678,C3,0,13108,13117,2026-08-19T00:01:55,13100,13200,E,43.16316,-2.9277587,60,True,,2
2026-08-19T02:03:55Z,6028M35681C3,35681,C3,1,13114,13119,2026-08-19T00:00:34,13200,13100,E,43.24241,-2.9163692,60,False,1,1
2026-08-19T02:03:55Z,6128M83145C1,83145,C1,0,11508,11511,2026-08-19T00:15:00,11600,11508,,43.27241,-1.9637448,61,False,1,
2026-08-19T02:03:55Z,6228M35949C1,26949,C1,19,14210,14213,2026-08-19T00:05:36,14223,14202,E,43.255173,-4.063747,62,False,,2
2026-08-19T02:03:55Z,6228M71185C2,71185,C2,0,05605,05604,2026-08-19T00:00:45,14223,05637,79.0,43.4502,-3.8650372,62,False,,2
2026-08-19T02:03:55Z,2028M22358C3,22358,C3,0,15211,15218,2026-08-19T00:01:00,15218,16405,A,43.3588,-5.8573804,20,False,2,1
2026-08-19T02:03:55Z,2028M22132C1,22132,C1,3,15212,15217,2026-08-19T00:02:00,15218,15410,E,43.404537,-5.81196,20,False,2,2
2026-08-19T02:03:55Z,2028M22139C1,22139,C1,3,15203,15206,2026-08-19T00:04:00,15211,15122,E,43.250034,-5.782385,20,False,1,1
2026-08-19T02:03:55Z,4128M84722C1,84722,C1,26,62101,62102,2026-08-19T00:22:00,60911,62101,E,38.224415,-0.7814662,41,False,3,1
2026-08-19T02:03:55Z,4128M84931C2,84931,C2,87,61200,06002,2026-08-19T00:34:00,06006,61200,E,37.97462,-1.1315287,41,False,1,2
2026-08-19T02:03:55Z,1028M20336C4a,20336,C4a,0,19003,19002,2026-08-20T00:03:00,17000,19003,E,40.546417,-3.6351175,10,False,2,2
2026-08-19T02:03:55Z,1028M79839C8a,79839,C8a,16,10203,10203,2026-08-18T23:59:00,10203,18000,E,40.58532,-4.1321955,10,False,5,5
2026-08-19T02:03:55Z,1028M19945C1,19945,C1,0,98305,98304,2026-08-20T00:12:00,18000,98305,E,40.4924,-3.593483,10,False,2,1
2026-08-19T02:03:55Z,1028M20522C4b,20522,C4b,24,17005,17004,2026-08-19T00:05:00,18000,17005,E,40.644844,-3.7762609,10,True,3,3
2026-08-19T02:03:55Z,1028M79171C7,79171,C7,-1435,10000,10000,2026-08-19T00:17:00,10000,70200,S,40.42163,-3.7193205,10,False,1,1
2026-08-19T02:03:55Z,1028M20520C4b,20520,C4b,4,18000,60100,2026-08-19T00:06:00,37012,17005,13.0,40.40084,-3.682559,10,True,7,1
2026-08-19T02:03:55Z,1028M19793C5,19793,C5,1,35001,35009,2026-08-19T00:00:00,35607,35012,E,40.328766,-3.7714624,10,False,1,1
2026-08-19T02:03:55Z,1028M19795C5,19795,C5,1,35002,35002,2026-08-18T23:55:00,35002,35012,A,40.283237,-3.7991464,10,False,1,1
2026-08-19T02:03:55Z,1028M20518C4b,20518,C4b,4,37011,37012,2026-08-19T00:06:00,37012,17005,13.0,40.27857,-3.7384615,10,True,2,2
2026-08-19T02:03:55Z,1028M79371C7,79371,C7,-1439,18000,18000,2026-08-19T00:00:00,18000,70103,E,40.40667,-3.6893938,10,False,1,1
2026-08-19T02:03:55Z,1028M79370C7,79370,C7,-1436,70103,70103,2026-08-19T00:09:00,70103,18000,E,40.4889,-3.3666708,10,False,6,6
2026-08-19T02:03:55Z,1028M79172C7,79172,C7,4,10010,10007,2026-08-19T00:03:00,17000,10000,A,40.474438,-3.846226,10,False,2,2
2026-08-19T02:03:55Z,1028M19791C5,19791,C5,0,18003,18000,2026-08-18T23:57:00,35607,35012,S,40.39592,-3.6779969,10,False,1,9
2026-08-19T02:03:55Z,1028M19790C5,19790,C5,0,35602,35601,2026-08-18T23:59:00,35012,35607,S,40.381268,-3.7802126,10,False,1,1
2026-08-19T02:03:55Z,1028M79491C2,79491,C2,0,70104,70105,2026-08-19T00:04:00,70200,18000,19.0,40.539566,-3.2922592,10,False,2,2
2026-08-19T02:03:55Z,1028M20327C4,20327,C4,-1425,17000,17000,2026-08-19T00:14:00,17000,37012,A,40.471325,-3.6833096,10,True,3,3
2026-08-19T02:03:55Z,1028M79373C7,79373,C7,1,70108,70100,2026-08-19T00:03:00,18000,70103,23.0,40.417698,-3.5687835,10,True,1,1
2026-08-19T02:03:55Z,1028M79493C2,79493,C2,7,98003,70101,2026-08-19T00:12:00,70200,18000,E,40.471153,-3.6823752,10,True,2,2
2026-08-19T02:03:55Z,1028M20524C4b,20524,C4b,-1439,18000,18000,2026-08-19T00:40:00,18000,17005,S,40.40654,-3.6895106,10,True,7,7
2026-08-19T02:03:55Z,1028M79991C2,79991,C2,-1438,17000,17000,2026-08-19T00:12:00,17000,18000,E,40.47097,-3.68245,10,False,10,10
2026-08-19T02:03:55Z,1028M20533C4,20533,C4,-1439,17000,17000,2026-08-19T00:34:00,17000,37012,A,40.471325,-3.6833096,10,True,5,5
2026-08-19T02:03:55Z,1028M20325C4a,20325,C4a,-1420,19003,19003,2026-08-19T00:18:00,19003,37012,S,40.546417,-3.6351175,10,True,2,2
2026-08-19T02:03:55Z,1028M20531C4,20531,C4,-1431,17000,17000,2026-08-19T00:24:00,17000,37012,S,40.471325,-3.6833096,10,True,5,5
2026-08-19T02:03:55Z,1028M19788C5,19788,C5,0,35704,37001,2026-08-19T00:02:00,35012,35607,E,40.35043,-3.705141,10,False,2,6
2026-08-19T02:03:55Z,1028M79841C8a,79841,C8a,6,97100,10100,2026-08-19T00:10:00,10203,18000,8.0,40.493187,-3.738863,10,True,1,3
2026-08-19T02:03:55Z,1028M79169C7,79169,C7,22,10000,10000,2026-08-18T23:59:00,10000,70200,E,40.42163,-3.7193205,10,False,4,4
2026-08-19T02:03:55Z,1028M79988C8b,79988,C8b,-1407,17000,17000,2026-08-19T00:10:00,17000,12006,E,40.47113,-3.6828332,10,False,6,6
2026-08-19T02:03:55Z,1028M79768C10,79768,C10,-1441,10200,10200,2026-08-20T00:08:00,10200,18004,E,40.62599,-4.0081153,10,False,4,4
2026-08-19T02:03:55Z,1028M19787C5,19787,C5,-1425,35607,35607,2026-08-19T00:00:00,35607,35012,S,40.330883,-3.8823783,10,False,2,2
2026-08-19T02:03:55Z,1028M20332C4a,20332,C4a,-1422,18000,18000,2026-08-19T00:01:00,18000,19003,E,40.40654,-3.6895106,10,False,5,5
2026-08-19T02:03:55Z,1028M79987C8b,79987,C8b,-1427,12006,12006,2026-08-19T00:40:00,12006,18000,S,40.737614,-4.0662985,10,False,2,2
2026-08-19T02:03:55Z,1028M79989C2,79989,C2,5,17000,17000,2026-08-18T23:59:00,17000,18000,A,40.47097,-3.68245,10,False,10,10
2026-08-19T02:03:55Z,1028M20111C3,20111,C3,-1438,17000,17000,2026-08-19T00:23:00,17000,60200,S,40.471382,-3.6834786,10,True,5,5
2026-08-19T02:03:55Z,1028M20110C3,20110,C3,-1423,60200,60200,2026-08-19T00:00:00,60200,17000,A,40.035027,-3.6189713,10,True,5,5
2026-08-19T02:08:38Z,3028M23578C1,23578,C1,12,50700,50701,2026-08-19T00:04:24,51003,50600,10.0,37.58847,-5.73386,30,False,2,2
2026-08-19T02:08:38Z,3028M23581C1,23581,C1,19,51100,51003,2026-08-19T00:04:21,51003,51200,E,37.377792,-5.9795485,30,False,1,
2026-08-19T02:08:38Z,3028M23743C5,23743,C5,6,43003,43027,2026-08-19T00:03:16,51003,43005,33.0,37.408543,-6.1310334,30,False,,1
2026-08-19T02:08:38Z,3228M35570C1,35570,C1,1,54510,54519,2026-08-19T00:01:01,54517,54516,A,36.613625,-4.509399,32,False,2,1
2026-08-19T02:08:38Z,3228M35577C1,35577,C1,2,54501,54503,2026-08-19T00:00:35,54516,54517,E,36.70121,-4.454409,32,False,,1
2026-08-19T02:08:38Z,3228M35589C2,23589,C2,-1439,54405,54405,2026-08-19T00:19:32,54405,54517,A,36.819714,-4.699568,32,False,,
2026-08-19T02:08:38Z,3228M23405C1,23405,C1,-1435,54516,54516,2026-08-19T00:21:07,54516,54517,A,36.541843,-4.6237864,32,False,1,1
2026-08-19T02:08:38Z,3228M23400C1,23400,C1,3,54503,54501,2026-08-19T00:02:01,54517,54516,E,36.69222,-4.48376,32,False,2,2
2026-08-19T02:08:38Z,5128M25472R2N,25472,R2N,0,72400,71707,2026-08-19T00:06:03,79100,72400,E,41.30425,2.0733776,50,True,,4
2026-08-19T02:08:38Z,5128M77468R4,77468,R4,-1427,78700,78700,2026-08-19T00:32:36,78700,71600,A,41.56993,2.0143688,50,True,2,2
2026-08-19T02:08:38Z,5128M77766R4,77766,R4,-7,71801,72305,2026-08-19T00:08:59,72209,78600,A,41.36431,2.1008937,50,False,,4
2026-08-19T02:08:38Z,5128M28393R2S,28393,R2S,-2,71802,71801,2026-08-19T00:01:30,71700,79400,A,41.379513,2.1412146,50,False,,
2026-08-19T02:08:38Z,5128M28490R2,28490,R2,-1437,71700,71700,2026-08-19T00:22:53,71700,79104,A,41.27745,1.9777229,50,True,3,3
2026-08-19T02:08:38Z,5128M77568R4,77568,R4,39,72206,72205,2026-08-19T00:02:35,71600,78600,E,41.39581,1.7681432,50,False,,1
2026-08-19T02:08:38Z,5128M77768R4,77768,R4,7,71801,72305,2026-08-19T00:06:18,72209,78700,E,41.379536,2.1411612,50,False,8,
2026-08-19T02:08:38Z,5128M25795R1,25795,R1,-1,79403,79404,2026-08-19T00:03:24,79500,72305,A,41.445705,2.2490852,50,True,,1
2026-08-19T02:08:38Z,5128M25567R2S,25567,R2S,3,71604,71603,2026-08-19T00:03:10,71600,79400,E,41.20413,1.6760199,50,False,1,1
2026-08-19T02:08:38Z,5128M28484R2N,28484,R2N,2,71707,72400,2026-08-19T00:00:40,72400,79200,87.0,41.301285,2.0645964,50,True,,1
2026-08-19T02:08:38Z,5128M77464R4,77464,R4,-1413,78600,78600,2026-08-19T00:24:04,78600,71600,A,41.72026,1.826487,50,False,2,2
2026-08-19T02:08:38Z,5128M25470R2N,25470,R2N,5,79011,79006,2026-08-19T00:02:10,79104,72400,25.0,41.51616,2.2043107,50,True,1,
2026-08-19T02:08:38Z,5128M25693R1,25693,R1,2,79601,79602,2026-08-19T00:03:00,79606,72305,E,41.586533,2.5813315,50,False,1,
2026-08-19T02:08:38Z,6028M35678C3,35678,C3,0,13108,13117,2026-08-19T00:01:55,13100,13200,E,43.16316,-2.9277587,60,True,,2
2026-08-19T02:08:38Z,6028M35681C3,35681,C3,1,13114,13119,2026-08-19T00:00:34,13200,13100,E,43.24241,-2.9163692,60,False,1,1
2026-08-19T02:08:38Z,6128M83145C1,83145,C1,0,11508,11511,2026-08-19T00:15:00,11600,11508,,43.27241,-1.9637448,61,False,1,
2026-08-19T02:08:38Z,6228M35949C1,26949,C1,19,14210,14213,2026-08-19T00:05:36,14223,14202,E,43.255173,-4.063747,62,False,,2
2026-08-19T02:08:38Z,6228M71185C2,71185,C2,0,05605,05604,2026-08-19T00:00:45,14223,05637,79.0,43.4502,-3.8650372,62,False,,2
2026-08-19T02:08:38Z,2028M22358C3,22358,C3,0,15211,15218,2026-08-19T00:01:00,15218,16405,A,43.3588,-5.8573804,20,False,2,1
2026-08-19T02:08:38Z,2028M22132C1,22132,C1,3,15212,15217,2026-08-19T00:02:00,15218,15410,E,43.404537,-5.81196,20,False,2,2
2026-08-19T02:08:38Z,2028M22139C1,22139,C1,3,15203,15206,2026-08-19T00:04:00,15211,15122,E,43.250034,-5.782385,20,False,1,1
2026-08-19T02:08:38Z,4128M84722C1,84722,C1,26,62101,62102,2026-08-19T00:22:00,60911,62101,E,38.224415,-0.7814662,41,False,3,1
2026-08-19T02:08:38Z,4128M84931C2,84931,C2,87,61200,06002,2026-08-19T00:34:00,06006,61200,E,37.97462,-1.1315287,41,False,1,2
2026-08-19T02:08:38Z,1028M20336C4a,20336,C4a,0,19003,19002,2026-08-20T00:03:00,17000,19003,E,40.546417,-3.6351175,10,False,2,2
2026-08-19T02:08:38Z,1028M79839C8a,79839,C8a,16,10203,10203,2026-08-18T23:59:00,10203,18000,E,40.58532,-4.1321955,10,False,5,5
2026-08-19T02:08:38Z,1028M19945C1,19945,C1,0,98305,98304,2026-08-20T00:12:00,18000,98305,E,40.4924,-3.593483,10,False,2,1
2026-08-19T02:08:38Z,1028M20522C4b,20522,C4b,24,17005,17004,2026-08-19T00:05:00,18000,17005,E,40.644844,-3.7762609,10,True,3,3
2026-08-19T02:08:38Z,1028M79171C7,79171,C7,-1435,10000,10000,2026-08-19T00:17:00,10000,70200,S,40.42163,-3.7193205,10,False,1,1
2026-08-19T02:08:38Z,1028M20520C4b,20520,C4b,4,18000,60100,2026-08-19T00:06:00,37012,17005,13.0,40.40084,-3.682559,10,True,7,1
2026-08-19T02:08:38Z,1028M19793C5,19793,C5,1,35001,35009,2026-08-19T00:00:00,35607,35012,E,40.328766,-3.7714624,10,False,1,1
2026-08-19T02:08:38Z,1028M19795C5,19795,C5,1,35002,35002,2026-08-18T23:55:00,35002,35012,A,40.283237,-3.7991464,10,False,1,1
2026-08-19T02:08:38Z,1028M20518C4b,20518,C4b,4,37011,37012,2026-08-19T00:06:00,37012,17005,13.0,40.27857,-3.7384615,10,True,2,2
2026-08-19T02:08:38Z,1028M79371C7,79371,C7,-1439,18000,18000,2026-08-19T00:00:00,18000,70103,E,40.40667,-3.6893938,10,False,1,1
2026-08-19T02:08:38Z,1028M79370C7,79370,C7,-1436,70103,70103,2026-08-19T00:09:00,70103,18000,E,40.4889,-3.3666708,10,False,6,6
2026-08-19T02:08:38Z,1028M79172C7,79172,C7,4,10010,10007,2026-08-19T00:03:00,17000,10000,A,40.474438,-3.846226,10,False,2,2
2026-08-19T02:08:38Z,1028M19791C5,19791,C5,0,18003,18000,2026-08-18T23:57:00,35607,35012,S,40.39592,-3.6779969,10,False,1,9
2026-08-19T02:08:38Z,1028M19790C5,19790,C5,0,35602,35601,2026-08-18T23:59:00,35012,35607,S,40.381268,-3.7802126,10,False,1,1
2026-08-19T02:08:38Z,1028M79491C2,79491,C2,0,70104,70105,2026-08-19T00:04:00,70200,18000,19.0,40.539566,-3.2922592,10,False,2,2
2026-08-19T02:08:38Z,1028M20327C4,20327,C4,-1425,17000,17000,2026-08-19T00:14:00,17000,37012,A,40.471325,-3.6833096,10,True,3,3
2026-08-19T02:08:38Z,1028M79373C7,79373,C7,1,70108,70100,2026-08-19T00:03:00,18000,70103,23.0,40.417698,-3.5687835,10,True,1,1
2026-08-19T02:08:38Z,1028M79493C2,79493,C2,7,98003,70101,2026-08-19T00:12:00,70200,18000,E,40.471153,-3.6823752,10,True,2,2
2026-08-19T02:08:38Z,1028M20524C4b,20524,C4b,-1439,18000,18000,2026-08-19T00:40:00,18000,17005,S,40.40654,-3.6895106,10,True,7,7
2026-08-19T02:08:38Z,1028M79991C2,79991,C2,-1438,17000,17000,2026-08-19T00:12:00,17000,18000,E,40.47097,-3.68245,10,False,10,10
2026-08-19T02:08:38Z,1028M20533C4,20533,C4,-1439,17000,17000,2026-08-19T00:34:00,17000,37012,A,40.471325,-3.6833096,10,True,5,5
2026-08-19T02:08:38Z,1028M20325C4a,20325,C4a,-1420,19003,19003,2026-08-19T00:18:00,19003,37012,S,40.546417,-3.6351175,10,True,2,2
2026-08-19T02:08:38Z,1028M20531C4,20531,C4,-1431,17000,17000,2026-08-19T00:24:00,17000,37012,S,40.471325,-3.6833096,10,True,5,5
2026-08-19T02:08:38Z,1028M19788C5,19788,C5,0,35704,37001,2026-08-19T00:02:00,35012,35607,E,40.35043,-3.705141,10,False,2,6
2026-08-19T02:08:38Z,1028M79841C8a,79841,C8a,6,97100,10100,2026-08-19T00:10:00,10203,18000,8.0,40.493187,-3.738863,10,True,1,3
2026-08-19T02:08:38Z,1028M79169C7,79169,C7,22,10000,10000,2026-08-18T23:59:00,10000,70200,E,40.42163,-3.7193205,10,False,4,4
2026-08-19T02:08:38Z,1028M79988C8b,79988,C8b,-1407,17000,17000,2026-08-19T00:10:00,17000,12006,E,40.47113,-3.6828332,10,False,6,6
2026-08-19T02:08:38Z,1028M79768C10,79768,C10,-1441,10200,10200,2026-08-20T00:08:00,10200,18004,E,40.62599,-4.0081153,10,False,4,4
2026-08-19T02:08:38Z,1028M19787C5,19787,C5,-1425,35607,35607,2026-08-19T00:00:00,35607,35012,S,40.330883,-3.8823783,10,False,2,2
2026-08-19T02:08:38Z,1028M20332C4a,20332,C4a,-1422,18000,18000,2026-08-19T00:01:00,18000,19003,E,40.40654,-3.6895106,10,False,5,5
2026-08-19T02:08:38Z,1028M79987C8b,79987,C8b,-1427,12006,12006,2026-08-19T00:40:00,12006,18000,S,40.737614,-4.0662985,10,False,2,2
2026-08-19T02:08:38Z,1028M79989C2,79989,C2,5,17000,17000,2026-08-18T23:59:00,17000,18000,A,40.47097,-3.68245,10,False,10,10
2026-08-19T02:08:38Z,1028M20111C3,20111,C3,-1438,17000,17000,2026-08-19T00:23:00,17000,60200,S,40.471382,-3.6834786,10,True,5,5
2026-08-19T02:08:38Z,1028M20110C3,20110,C3,-1423,60200,60200,2026-08-19T00:00:00,60200,17000,A,40.035027,-3.6189713,10,True,5,5
2026-08-19T02:13:37Z,3028M23578C1,23578,C1,12,50700,50701,2026-08-19T00:04:24,51003,50600,10.0,37.58847,-5.73386,30,False,2,2
2026-08-19T02:13:37Z,3028M23581C1,23581,C1,19,51100,51003,2026-08-19T00:04:21,51003,51200,E,37.377792,-5.9795485,30,False,1,
2026-08-19T02:13:37Z,3028M23743C5,23743,C5,6,43003,43027,2026-08-19T00:03:16,51003,43005,33.0,37.408543,-6.1310334,30,False,,1
2026-08-19T02:13:37Z,3228M35570C1,35570,C1,1,54510,54519,2026-08-19T00:01:01,54517,54516,A,36.613625,-4.509399,32,False,2,1
2026-08-19T02:13:37Z,3228M35577C1,35577,C1,2,54501,54503,2026-08-19T00:00:35,54516,54517,E,36.70121,-4.454409,32,False,,1
2026-08-19T02:13:37Z,3228M35589C2,23589,C2,-1439,54405,54405,2026-08-19T00:19:32,54405,54517,A,36.819714,-4.699568,32,False,,
2026-08-19T02:13:37Z,3228M23405C1,23405,C1,-1435,54516,54516,2026-08-19T00:21:07,54516,54517,A,36.541843,-4.6237864,32,False,1,1
2026-08-19T02:13:37Z,3228M23400C1,23400,C1,3,54503,54501,2026-08-19T00:02:01,54517,54516,E,36.69222,-4.48376,32,False,2,2
2026-08-19T02:13:37Z,5128M25472R2N,25472,R2N,0,72400,71707,2026-08-19T00:06:03,79100,72400,E,41.30425,2.0733776,50,True,,4
2026-08-19T02:13:37Z,5128M77468R4,77468,R4,-1427,78700,78700,2026-08-19T00:32:36,78700,71600,A,41.56993,2.0143688,50,True,2,2
2026-08-19T02:13:37Z,5128M77766R4,77766,R4,-7,71801,72305,2026-08-19T00:08:59,72209,78600,A,41.36431,2.1008937,50,False,,4
2026-08-19T02:13:37Z,5128M28393R2S,28393,R2S,-2,71802,71801,2026-08-19T00:01:30,71700,79400,A,41.379513,2.1412146,50,False,,
2026-08-19T02:13:37Z,5128M28490R2,28490,R2,-1437,71700,71700,2026-08-19T00:22:53,71700,79104,A,41.27745,1.9777229,50,True,3,3
2026-08-19T02:13:37Z,5128M77568R4,77568,R4,39,72206,72205,2026-08-19T00:02:35,71600,78600,E,41.39581,1.7681432,50,False,,1
2026-08-19T02:13:37Z,5128M77768R4,77768,R4,7,71801,72305,2026-08-19T00:06:18,72209,78700,E,41.379536,2.1411612,50,False,8,
2026-08-19T02:13:37Z,5128M25795R1,25795,R1,-1,79403,79404,2026-08-19T00:03:24,79500,72305,A,41.445705,2.2490852,50,True,,1
2026-08-19T02:13:37Z,5128M25567R2S,25567,R2S,3,71604,71603,2026-08-19T00:03:10,71600,79400,E,41.20413,1.6760199,50,False,1,1
2026-08-19T02:13:37Z,5128M28484R2N,28484,R2N,2,71707,72400,2026-08-19T00:00:40,72400,79200,87.0,41.301285,2.0645964,50,True,,1
2026-08-19T02:13:37Z,5128M77464R4,77464,R4,-1413,78600,78600,2026-08-19T00:24:04,78600,71600,A,41.72026,1.826487,50,False,2,2
2026-08-19T02:13:37Z,5128M25470R2N,25470,R2N,5,79011,79006,2026-08-19T00:02:10,79104,72400,25.0,41.51616,2.2043107,50,True,1,
2026-08-19T02:13:37Z,5128M25693R1,25693,R1,2,79601,79602,2026-08-19T00:03:00,79606,72305,E,41.586533,2.5813315,50,False,1,
2026-08-19T02:13:37Z,6028M35678C3,35678,C3,0,13108,13117,2026-08-19T00:01:55,13100,13200,E,43.16316,-2.9277587,60,True,,2
2026-08-19T02:13:37Z,6028M35681C3,35681,C3,1,13114,13119,2026-08-19T00:00:34,13200,13100,E,43.24241,-2.9163692,60,False,1,1
2026-08-19T02:13:37Z,6128M83145C1,83145,C1,0,11508,11511,2026-08-19T00:15:00,11600,11508,,43.27241,-1.9637448,61,False,1,
2026-08-19T02:13:37Z,6228M35949C1,26949,C1,19,14210,14213,2026-08-19T00:05:36,14223,14202,E,43.255173,-4.063747,62,False,,2
2026-08-19T02:13:37Z,6228M71185C2,71185,C2,0,05605,05604,2026-08-19T00:00:45,14223,05637,79.0,43.4502,-3.8650372,62,False,,2
2026-08-19T02:13:37Z,2028M22358C3,22358,C3,0,15211,15218,2026-08-19T00:01:00,15218,16405,A,43.3588,-5.8573804,20,False,2,1
2026-08-19T02:13:37Z,2028M22132C1,22132,C1,3,15212,15217,2026-08-19T00:02:00,15218,15410,E,43.404537,-5.81196,20,False,2,2
2026-08-19T02:13:37Z,2028M22139C1,22139,C1,3,15203,15206,2026-08-19T00:04:00,15211,15122,E,43.250034,-5.782385,20,False,1,1
2026-08-19T02:13:37Z,4128M84722C1,84722,C1,26,62101,62102,2026-08-19T00:22:00,60911,62101,E,38.224415,-0.7814662,41,False,3,1
2026-08-19T02:13:37Z,4128M84931C2,84931,C2,87,61200,06002,2026-08-19T00:34:00,06006,61200,E,37.97462,-1.1315287,41,False,1,2
2026-08-19T02:13:37Z,1028M20336C4a,20336,C4a,0,19003,19002,2026-08-20T00:03:00,17000,19003,E,40.546417,-3.6351175,10,False,2,2
2026-08-19T02:13:37Z,1028M79839C8a,79839,C8a,16,10203,10203,2026-08-18T23:59:00,10203,18000,E,40.58532,-4.1321955,10,False,5,5
2026-08-19T02:13:37Z,1028M19945C1,19945,C1,0,98305,98304,2026-08-20T00:12:00,18000,98305,E,40.4924,-3.593483,10,False,2,1
2026-08-19T02:13:37Z,1028M20522C4b,20522,C4b,24,17005,17004,2026-08-19T00:05:00,18000,17005,E,40.644844,-3.7762609,10,True,3,3
2026-08-19T02:13:37Z,1028M79171C7,79171,C7,-1435,10000,10000,2026-08-19T00:17:00,10000,70200,S,40.42163,-3.7193205,10,False,1,1
2026-08-19T02:13:37Z,1028M20520C4b,20520,C4b,4,18000,60100,2026-08-19T00:06:00,37012,17005,13.0,40.40084,-3.682559,10,True,7,1
2026-08-19T02:13:37Z,1028M19793C5,19793,C5,1,35001,35009,2026-08-19T00:00:00,35607,35012,E,40.328766,-3.7714624,10,False,1,1
2026-08-19T02:13:37Z,1028M19795C5,19795,C5,1,35002,35002,2026-08-18T23:55:00,35002,35012,A,40.283237,-3.7991464,10,False,1,1
2026-08-19T02:13:37Z,1028M20518C4b,20518,C4b,4,37011,37012,2026-08-19T00:06:00,37012,17005,13.0,40.27857,-3.7384615,10,True,2,2
2026-08-19T02:13:37Z,1028M79371C7,79371,C7,-1439,18000,18000,2026-08-19T00:00:00,18000,70103,E,40.40667,-3.6893938,10,False,1,1
2026-08-19T02:13:37Z,1028M79370C7,79370,C7,-1436,70103,70103,2026-08-19T00:09:00,70103,18000,E,40.4889,-3.3666708,10,False,6,6
2026-08-19T02:13:37Z,1028M79172C7,79172,C7,4,10010,10007,2026-08-19T00:03:00,17000,10000,A,40.474438,-3.846226,10,False,2,2
2026-08-19T02:13:37Z,1028M19791C5,19791,C5,0,18003,18000,2026-08-18T23:57:00,35607,35012,S,40.39592,-3.6779969,10,False,1,9
2026-08-19T02:13:37Z,1028M19790C5,19790,C5,0,35602,35601,2026-08-18T23:59:00,35012,35607,S,40.381268,-3.7802126,10,False,1,1
2026-08-19T02:13:37Z,1028M79491C2,79491,C2,0,70104,70105,2026-08-19T00:04:00,70200,18000,19.0,40.539566,-3.2922592,10,False,2,2
2026-08-19T02:13:37Z,1028M20327C4,20327,C4,-1425,17000,17000,2026-08-19T00:14:00,17000,37012,A,40.471325,-3.6833096,10,True,3,3
2026-08-19T02:13:37Z,1028M79373C7,79373,C7,1,70108,70100,2026-08-19T00:03:00,18000,70103,23.0,40.417698,-3.5687835,10,True,1,1
2026-08-19T02:13:37Z,1028M79493C2,79493,C2,7,98003,70101,2026-08-19T00:12:00,70200,18000,E,40.471153,-3.6823752,10,True,2,2
2026-08-19T02:13:37Z,1028M20524C4b,20524,C4b,-1439,18000,18000,2026-08-19T00:40:00,18000,17005,S,40.40654,-3.6895106,10,True,7,7
2026-08-19T02:13:37Z,1028M79991C2,79991,C2,-1438,17000,17000,2026-08-19T00:12:00,17000,18000,E,40.47097,-3.68245,10,False,10,10
2026-08-19T02:13:37Z,1028M20533C4,20533,C4,-1439,17000,17000,2026-08-19T00:34:00,17000,37012,A,40.471325,-3.6833096,10,True,5,5
2026-08-19T02:13:37Z,1028M20325C4a,20325,C4a,-1420,19003,19003,2026-08-19T00:18:00,19003,37012,S,40.546417,-3.6351175,10,True,2,2
2026-08-19T02:13:37Z,1028M20531C4,20531,C4,-1431,17000,17000,2026-08-19T00:24:00,17000,37012,S,40.471325,-3.6833096,10,True,5,5
2026-08-19T02:13:37Z,1028M19788C5,19788,C5,0,35704,37001,2026-08-19T00:02:00,35012,35607,E,40.35043,-3.705141,10,False,2,6
2026-08-19T02:13:37Z,1028M79841C8a,79841,C8a,6,97100,10100,2026-08-19T00:10:00,10203,18000,8.0,40.493187,-3.738863,10,True,1,3
2026-08-19T02:13:37Z,1028M79169C7,79169,C7,22,10000,10000,2026-08-18T23:59:00,10000,70200,E,40.42163,-3.7193205,10,False,4,4
2026-08-19T02:13:37Z,1028M79988C8b,79988,C8b,-1407,17000,17000,2026-08-19T00:10:00,17000,12006,E,40.47113,-3.6828332,10,False,6,6
2026-08-19T02:13:37Z,1028M79768C10,79768,C10,-1441,10200,10200,2026-08-20T00:08:00,10200,18004,E,40.62599,-4.0081153,10,False,4,4
2026-08-19T02:13:37Z,1028M19787C5,19787,C5,-1425,35607,35607,2026-08-19T00:00:00,35607,35012,S,40.330883,-3.8823783,10,False,2,2
2026-08-19T02:13:37Z,1028M20332C4a,20332,C4a,-1422,18000,18000,2026-08-19T00:01:00,18000,19003,E,40.40654,-3.6895106,10,False,5,5
2026-08-19T02:13:37Z,1028M79987C8b,79987,C8b,-1427,12006,12006,2026-08-19T00:40:00,12006,18000,S,40.737614,-4.0662985,10,False,2,2
2026-08-19T02:13:37Z,1028M79989C2,79989,C2,5,17000,17000,2026-08-18T23:59:00,17000,18000,A,40.47097,-3.68245,10,False,10,10
2026-08-19T02:13:37Z,1028M20111C3,20111,C3,-1438,17000,17000,2026-08-19T00:23:00,17000,60200,S,40.471382,-3.6834786,10,True,5,5
2026-08-19T02:13:37Z,1028M20110C3,20110,C3,-1423,60200,60200,2026-08-19T00:00:00,60200,17000,A,40.035027,-3.6189713,10,True,5,5
2026-08-19T02:18:37Z,3028M23578C1,23578,C1,12,50700,50701,2026-08-19T00:04:24,51003,50600,10.0,37.58847,-5.73386,30,False,2,2
2026-08-19T02:18:37Z,3028M23581C1,23581,C1,19,51100,51003,2026-08-19T00:04:21,51003,51200,E,37.377792,-5.9795485,30,False,1,
2026-08-19T02:18:37Z,3028M23743C5,23743,C5,6,43003,43027,2026-08-19T00:03:16,51003,43005,33.0,37.408543,-6.1310334,30,False,,1
2026-08-19T02:18:37Z,3228M35570C1,35570,C1,1,54510,54519,2026-08-19T00:01:01,54517,54516,A,36.613625,-4.509399,32,False,2,1
2026-08-19T02:18:37Z,3228M35577C1,35577,C1,2,54501,54503,2026-08-19T00:00:35,54516,54517,E,36.70121,-4.454409,32,False,,1
2026-08-19T02:18:37Z,3228M35589C2,23589,C2,-1439,54405,54405,2026-08-19T00:19:32,54405,54517,A,36.819714,-4.699568,32,False,,
2026-08-19T02:18:37Z,3228M23405C1,23405,C1,-1435,54516,54516,2026-08-19T00:21:07,54516,54517,A,36.541843,-4.6237864,32,False,1,1
2026-08-19T02:18:37Z,3228M23400C1,23400,C1,3,54503,54501,2026-08-19T00:02:01,54517,54516,E,36.69222,-4.48376,32,False,2,2
2026-08-19T02:18:37Z,5128M25472R2N,25472,R2N,0,72400,71707,2026-08-19T00:06:03,79100,72400,E,41.30425,2.0733776,50,True,,4
2026-08-19T02:18:37Z,5128M77468R4,77468,R4,-1427,78700,78700,2026-08-19T00:32:36,78700,71600,A,41.56993,2.0143688,50,True,2,2
2026-08-19T02:18:37Z,5128M77766R4,77766,R4,-7,71801,72305,2026-08-19T00:08:59,72209,78600,A,41.36431,2.1008937,50,False,,4
2026-08-19T02:18:37Z,5128M28393R2S,28393,R2S,-2,71802,71801,2026-08-19T00:01:30,71700,79400,A,41.379513,2.1412146,50,False,,
2026-08-19T02:18:37Z,5128M28490R2,28490,R2,-1437,71700,71700,2026-08-19T00:22:53,71700,79104,A,41.27745,1.9777229,50,True,3,3
2026-08-19T02:18:37Z,5128M77568R4,77568,R4,39,72206,72205,2026-08-19T00:02:35,71600,78600,E,41.39581,1.7681432,50,False,,1
2026-08-19T02:18:37Z,5128M77768R4,77768,R4,7,71801,72305,2026-08-19T00:06:18,72209,78700,E,41.379536,2.1411612,50,False,8,
2026-08-19T02:18:37Z,5128M25795R1,25795,R1,-1,79403,79404,2026-08-19T00:03:24,79500,72305,A,41.445705,2.2490852,50,True,,1
2026-08-19T02:18:37Z,5128M25567R2S,25567,R2S,3,71604,71603,2026-08-19T00:03:10,71600,79400,E,41.20413,1.6760199,50,False,1,1
2026-08-19T02:18:37Z,5128M28484R2N,28484,R2N,2,71707,72400,2026-08-19T00:00:40,72400,79200,87.0,41.301285,2.0645964,50,True,,1
2026-08-19T02:18:37Z,5128M77464R4,77464,R4,-1413,78600,78600,2026-08-19T00:24:04,78600,71600,A,41.72026,1.826487,50,False,2,2
2026-08-19T02:18:37Z,5128M25470R2N,25470,R2N,5,79011,79006,2026-08-19T00:02:10,79104,72400,25.0,41.51616,2.2043107,50,True,1,
2026-08-19T02:18:37Z,5128M25693R1,25693,R1,2,79601,79602,2026-08-19T00:03:00,79606,72305,E,41.586533,2.5813315,50,False,1,
2026-08-19T02:18:37Z,6028M35678C3,35678,C3,0,13108,13117,2026-08-19T00:01:55,13100,13200,E,43.16316,-2.9277587,60,True,,2
2026-08-19T02:18:37Z,6028M35681C3,35681,C3,1,13114,13119,2026-08-19T00:00:34,13200,13100,E,43.24241,-2.9163692,60,False,1,1
2026-08-19T02:18:37Z,6128M83145C1,83145,C1,0,11508,11511,2026-08-19T00:15:00,11600,11508,,43.27241,-1.9637448,61,False,1,
2026-08-19T02:18:37Z,6228M35949C1,26949,C1,19,14210,14213,2026-08-19T00:05:36,14223,14202,E,43.255173,-4.063747,62,False,,2
2026-08-19T02:18:37Z,6228M71185C2,71185,C2,0,05605,05604,2026-08-19T00:00:45,14223,05637,79.0,43.4502,-3.8650372,62,False,,2
2026-08-19T02:18:37Z,2028M22358C3,22358,C3,0,15211,15218,2026-08-19T00:01:00,15218,16405,A,43.3588,-5.8573804,20,False,2,1
2026-08-19T02:18:37Z,2028M22132C1,22132,C1,3,15212,15217,2026-08-19T00:02:00,15218,15410,E,43.404537,-5.81196,20,False,2,2
2026-08-19T02:18:37Z,2028M22139C1,22139,C1,3,15203,15206,2026-08-19T00:04:00,15211,15122,E,43.250034,-5.782385,20,False,1,1
2026-08-19T02:18:37Z,4128M84722C1,84722,C1,26,62101,62102,2026-08-19T00:22:00,60911,62101,E,38.224415,-0.7814662,41,False,3,1
2026-08-19T02:18:37Z,4128M84931C2,84931,C2,87,61200,06002,2026-08-19T00:34:00,06006,61200,E,37.97462,-1.1315287,41,False,1,2
2026-08-19T02:18:37Z,1028M20336C4a,20336,C4a,0,19003,19002,2026-08-20T00:03:00,17000,19003,E,40.546417,-3.6351175,10,False,2,2
2026-08-19T02:18:37Z,1028M79839C8a,79839,C8a,16,10203,10203,2026-08-18T23:59:00,10203,18000,E,40.58532,-4.1321955,10,False,5,5
2026-08-19T02:18:37Z,1028M19945C1,19945,C1,0,98305,98304,2026-08-20T00:12:00,18000,98305,E,40.4924,-3.593483,10,False,2,1
2026-08-19T02:18:37Z,1028M20522C4b,20522,C4b,24,17005,17004,2026-08-19T00:05:00,18000,17005,E,40.644844,-3.7762609,10,True,3,3
2026-08-19T02:18:37Z,1028M79171C7,79171,C7,-1435,10000,10000,2026-08-19T00:17:00,10000,70200,S,40.42163,-3.7193205,10,False,1,1
2026-08-19T02:18:37Z,1028M20520C4b,20520,C4b,4,18000,60100,2026-08-19T00:06:00,37012,17005,13.0,40.40084,-3.682559,10,True,7,1
2026-08-19T02:18:37Z,1028M19793C5,19793,C5,1,35001,35009,2026-08-19T00:00:00,35607,35012,E,40.328766,-3.7714624,10,False,1,1
2026-08-19T02:18:37Z,1028M19795C5,19795,C5,1,35002,35002,2026-08-18T23:55:00,35002,35012,A,40.283237,-3.7991464,10,False,1,1
2026-08-19T02:18:37Z,1028M20518C4b,20518,C4b,4,37011,37012,2026-08-19T00:06:00,37012,17005,13.0,40.27857,-3.7384615,10,True,2,2
2026-08-19T02:18:37Z,1028M79371C7,79371,C7,-1439,18000,18000,2026-08-19T00:00:00,18000,70103,E,40.40667,-3.6893938,10,False,1,1
2026-08-19T02:18:37Z,1028M79370C7,79370,C7,-1436,70103,70103,2026-08-19T00:09:00,70103,18000,E,40.4889,-3.3666708,10,False,6,6
2026-08-19T02:18:37Z,1028M79172C7,79172,C7,4,10010,10007,2026-08-19T00:03:00,17000,10000,A,40.474438,-3.846226,10,False,2,2
2026-08-19T02:18:37Z,1028M19791C5,19791,C5,0,18003,18000,2026-08-18T23:57:00,35607,35012,S,40.39592,-3.6779969,10,False,1,9
2026-08-19T02:18:37Z,1028M19790C5,19790,C5,0,35602,35601,2026-08-18T23:59:00,35012,35607,S,40.381268,-3.7802126,10,False,1,1
2026-08-19T02:18:37Z,1028M79491C2,79491,C2,0,70104,70105,2026-08-19T00:04:00,70200,18000,19.0,40.539566,-3.2922592,10,False,2,2
2026-08-19T02:18:37Z,1028M20327C4,20327,C4,-1425,17000,17000,2026-08-19T00:14:00,17000,37012,A,40.471325,-3.6833096,10,True,3,3
2026-08-19T02:18:37Z,1028M79373C7,79373,C7,1,70108,70100,2026-08-19T00:03:00,18000,70103,23.0,40.417698,-3.5687835,10,True,1,1
2026-08-19T02:18:37Z,1028M79493C2,79493,C2,7,98003,70101,2026-08-19T00:12:00,70200,18000,E,40.471153,-3.6823752,10,True,2,2
2026-08-19T02:18:37Z,1028M20524C4b,20524,C4b,-1439,18000,18000,2026-08-19T00:40:00,18000,17005,S,40.40654,-3.6895106,10,True,7,7
2026-08-19T02:18:37Z,1028M79991C2,79991,C2,-1438,17000,17000,2026-08-19T00:12:00,17000,18000,E,40.47097,-3.68245,10,False,10,10
2026-08-19T02:18:37Z,1028M20533C4,20533,C4,-1439,17000,17000,2026-08-19T00:34:00,17000,37012,A,40.471325,-3.6833096,10,True,5,5
2026-08-19T02:18:37Z,1028M20325C4a,20325,C4a,-1420,19003,19003,2026-08-19T00:18:00,19003,37012,S,40.546417,-3.6351175,10,True,2,2
2026-08-19T02:18:37Z,1028M20531C4,20531,C4,-1431,17000,17000,2026-08-19T00:24:00,17000,37012,S,40.471325,-3.6833096,10,True,5,5
2026-08-19T02:18:37Z,1028M19788C5,19788,C5,0,35704,37001,2026-08-19T00:02:00,35012,35607,E,40.35043,-3.705141,10,False,2,6
2026-08-19T02:18:37Z,1028M79841C8a,79841,C8a,6,97100,10100,2026-08-19T00:10:00,10203,18000,8.0,40.493187,-3.738863,10,True,1,3
2026-08-19T02:18:37Z,1028M79169C7,79169,C7,22,10000,10000,2026-08-18T23:59:00,10000,70200,E,40.42163,-3.7193205,10,False,4,4
2026-08-19T02:18:37Z,1028M79988C8b,79988,C8b,-1407,17000,17000,2026-08-19T00:10:00,17000,12006,E,40.47113,-3.6828332,10,False,6,6
2026-08-19T02:18:37Z,1028M79768C10,79768,C10,-1441,10200,10200,2026-08-20T00:08:00,10200,18004,E,40.62599,-4.0081153,10,False,4,4
2026-08-19T02:18:37Z,1028M19787C5,19787,C5,-1425,35607,35607,2026-08-19T00:00:00,35607,35012,S,40.330883,-3.8823783,10,False,2,2
2026-08-19T02:18:37Z,1028M20332C4a,20332,C4a,-1422,18000,18000,2026-08-19T00:01:00,18000,19003,E,40.40654,-3.6895106,10,False,5,5
2026-08-19T02:18:37Z,1028M79987C8b,79987,C8b,-1427,12006,12006,2026-08-19T00:40:00,12006,18000,S,40.737614,-4.0662985,10,False,2,2
2026-08-19T02:18:37Z,1028M79989C2,79989,C2,5,17000,17000,2026-08-18T23:59:00,17000,18000,A,40.47097,-3.68245,10,False,10,10
2026-08-19T02:18:37Z,1028M20111C3,20111,C3,-1438,17000,17000,2026-08-19T00:23:00,17000,60200,S,40.471382,-3.6834786,10,True,5,5
2026-08-19T02:18:37Z,1028M20110C3,20110,C3,-1423,60200,60200,2026-08-19T00:00:00,60200,17000,A,40.035027,-3.6189713,10,True,5,5
2026-08-19T02:23:41Z,3028M23578C1,23578,C1,12,50700,50701,2026-08-19T00:04:24,51003,50600,10.0,37.58847,-5.73386,30,False,2,2
2026-08-19T02:23:41Z,3028M23581C1,23581,C1,19,51100,51003,2026-08-19T00:04:21,51003,51200,E,37.377792,-5.9795485,30,False,1,
2026-08-19T02:23:41Z,3028M23743C5,23743,C5,6,43003,43027,2026-08-19T00:03:16,51003,43005,33.0,37.408543,-6.1310334,30,False,,1
2026-08-19T02:23:41Z,3228M35570C1,35570,C1,1,54510,54519,2026-08-19T00:01:01,54517,54516,A,36.613625,-4.509399,32,False,2,1
2026-08-19T02:23:41Z,3228M35577C1,35577,C1,2,54501,54503,2026-08-19T00:00:35,54516,54517,E,36.70121,-4.454409,32,False,,1
2026-08-19T02:23:41Z,3228M35589C2,23589,C2,-1439,54405,54405,2026-08-19T00:19:32,54405,54517,A,36.819714,-4.699568,32,False,,
2026-08-19T02:23:41Z,3228M23405C1,23405,C1,-1435,54516,54516,2026-08-19T00:21:07,54516,54517,A,36.541843,-4.6237864,32,False,1,1
2026-08-19T02:23:41Z,3228M23400C1,23400,C1,3,54503,54501,2026-08-19T00:02:01,54517,54516,E,36.69222,-4.48376,32,False,2,2
2026-08-19T02:23:41Z,5128M25472R2N,25472,R2N,0,72400,71707,2026-08-19T00:06:03,79100,72400,E,41.30425,2.0733776,50,True,,4
2026-08-19T02:23:41Z,5128M77468R4,77468,R4,-1427,78700,78700,2026-08-19T00:32:36,78700,71600,A,41.56993,2.0143688,50,True,2,2
2026-08-19T02:23:41Z,5128M77766R4,77766,R4,-7,71801,72305,2026-08-19T00:08:59,72209,78600,A,41.36431,2.1008937,50,False,,4
2026-08-19T02:23:41Z,5128M28393R2S,28393,R2S,-2,71802,71801,2026-08-19T00:01:30,71700,79400,A,41.379513,2.1412146,50,False,,
2026-08-19T02:23:41Z,5128M28490R2,28490,R2,-1437,71700,71700,2026-08-19T00:22:53,71700,79104,A,41.27745,1.9777229,50,True,3,3
2026-08-19T02:23:41Z,5128M77568R4,77568,R4,39,72206,72205,2026-08-19T00:02:35,71600,78600,E,41.39581,1.7681432,50,False,,1
2026-08-19T02:23:41Z,5128M77768R4,77768,R4,7,71801,72305,2026-08-19T00:06:18,72209,78700,E,41.379536,2.1411612,50,False,8,
2026-08-19T02:23:41Z,5128M25795R1,25795,R1,-1,79403,79404,2026-08-19T00:03:24,79500,72305,A,41.445705,2.2490852,50,True,,1
2026-08-19T02:23:41Z,5128M25567R2S,25567,R2S,3,71604,71603,2026-08-19T00:03:10,71600,79400,E,41.20413,1.6760199,50,False,1,1
2026-08-19T02:23:41Z,5128M28484R2N,28484,R2N,2,71707,72400,2026-08-19T00:00:40,72400,79200,87.0,41.301285,2.0645964,50,True,,1
2026-08-19T02:23:41Z,5128M77464R4,77464,R4,-1413,78600,78600,2026-08-19T00:24:04,78600,71600,A,41.72026,1.826487,50,False,2,2
2026-08-19T02:23:41Z,5128M25470R2N,25470,R2N,5,79011,79006,2026-08-19T00:02:10,79104,72400,25.0,41.51616,2.2043107,50,True,1,
2026-08-19T02:23:41Z,5128M25693R1,25693,R1,2,79601,79602,2026-08-19T00:03:00,79606,72305,E,41.586533,2.5813315,50,False,1,
2026-08-19T02:23:41Z,6028M35678C3,35678,C3,0,13108,13117,2026-08-19T00:01:55,13100,13200,E,43.16316,-2.9277587,60,True,,2
2026-08-19T02:23:41Z,6028M35681C3,35681,C3,1,13114,13119,2026-08-19T00:00:34,13200,13100,E,43.24241,-2.9163692,60,False,1,1
2026-08-19T02:23:41Z,6128M83145C1,83145,C1,0,11508,11511,2026-08-19T00:15:00,11600,11508,,43.27241,-1.9637448,61,False,1,
2026-08-19T02:23:41Z,6228M35949C1,26949,C1,19,14210,14213,2026-08-19T00:05:36,14223,14202,E,43.255173,-4.063747,62,False,,2
2026-08-19T02:23:41Z,6228M71185C2,71185,C2,0,05605,05604,2026-08-19T00:00:45,14223,05637,79.0,43.4502,-3.8650372,62,False,,2
2026-08-19T02:23:41Z,2028M22358C3,22358,C3,0,15211,15218,2026-08-19T00:01:00,15218,16405,A,43.3588,-5.8573804,20,False,2,1
2026-08-19T02:23:41Z,2028M22132C1,22132,C1,3,15212,15217,2026-08-19T00:02:00,15218,15410,E,43.404537,-5.81196,20,False,2,2
2026-08-19T02:23:41Z,2028M22139C1,22139,C1,3,15203,15206,2026-08-19T00:04:00,15211,15122,E,43.250034,-5.782385,20,False,1,1
2026-08-19T02:23:41Z,4128M84722C1,84722,C1,26,62101,62102,2026-08-19T00:22:00,60911,62101,E,38.224415,-0.7814662,41,False,3,1
2026-08-19T02:23:41Z,4128M84931C2,84931,C2,87,61200,06002,2026-08-19T00:34:00,06006,61200,E,37.97462,-1.1315287,41,False,1,2
2026-08-19T02:23:41Z,1028M20336C4a,20336,C4a,0,19003,19002,2026-08-20T00:03:00,17000,19003,E,40.546417,-3.6351175,10,False,2,2
2026-08-19T02:23:41Z,1028M79839C8a,79839,C8a,16,10203,10203,2026-08-18T23:59:00,10203,18000,E,40.58532,-4.1321955,10,False,5,5
2026-08-19T02:23:41Z,1028M19945C1,19945,C1,0,98305,98304,2026-08-20T00:12:00,18000,98305,E,40.4924,-3.593483,10,False,2,1
2026-08-19T02:23:41Z,1028M20522C4b,20522,C4b,24,17005,17004,2026-08-19T00:05:00,18000,17005,E,40.644844,-3.7762609,10,True,3,3
2026-08-19T02:23:41Z,1028M79171C7,79171,C7,-1435,10000,10000,2026-08-19T00:17:00,10000,70200,S,40.42163,-3.7193205,10,False,1,1
2026-08-19T02:23:41Z,1028M20520C4b,20520,C4b,4,18000,60100,2026-08-19T00:06:00,37012,17005,13.0,40.40084,-3.682559,10,True,7,1
2026-08-19T02:23:41Z,1028M19793C5,19793,C5,1,35001,35009,2026-08-19T00:00:00,35607,35012,E,40.328766,-3.7714624,10,False,1,1
2026-08-19T02:23:41Z,1028M19795C5,19795,C5,1,35002,35002,2026-08-18T23:55:00,35002,35012,A,40.283237,-3.7991464,10,False,1,1
2026-08-19T02:23:41Z,1028M20518C4b,20518,C4b,4,37011,37012,2026-08-19T00:06:00,37012,17005,13.0,40.27857,-3.7384615,10,True,2,2
2026-08-19T02:23:41Z,1028M79371C7,79371,C7,-1439,18000,18000,2026-08-19T00:00:00,18000,70103,E,40.40667,-3.6893938,10,False,1,1
2026-08-19T02:23:41Z,1028M79370C7,79370,C7,-1436,70103,70103,2026-08-19T00:09:00,70103,18000,E,40.4889,-3.3666708,10,False,6,6
2026-08-19T02:23:41Z,1028M79172C7,79172,C7,4,10010,10007,2026-08-19T00:03:00,17000,10000,A,40.474438,-3.846226,10,False,2,2
2026-08-19T02:23:41Z,1028M19791C5,19791,C5,0,18003,18000,2026-08-18T23:57:00,35607,35012,S,40.39592,-3.6779969,10,False,1,9
2026-08-19T02:23:41Z,1028M19790C5,19790,C5,0,35602,35601,2026-08-18T23:59:00,35012,35607,S,40.381268,-3.7802126,10,False,1,1
2026-08-19T02:23:41Z,1028M79491C2,79491,C2,0,70104,70105,2026-08-19T00:04:00,70200,18000,19.0,40.539566,-3.2922592,10,False,2,2
2026-08-19T02:23:41Z,1028M20327C4,20327,C4,-1425,17000,17000,2026-08-19T00:14:00,17000,37012,A,40.471325,-3.6833096,10,True,3,3
2026-08-19T02:23:41Z,1028M79373C7,79373,C7,1,70108,70100,2026-08-19T00:03:00,18000,70103,23.0,40.417698,-3.5687835,10,True,1,1
2026-08-19T02:23:41Z,1028M79493C2,79493,C2,7,98003,70101,2026-08-19T00:12:00,70200,18000,E,40.471153,-3.6823752,10,True,2,2
2026-08-19T02:23:41Z,1028M20524C4b,20524,C4b,-1439,18000,18000,2026-08-19T00:40:00,18000,17005,S,40.40654,-3.6895106,10,True,7,7
2026-08-19T02:23:41Z,1028M79991C2,79991,C2,-1438,17000,17000,2026-08-19T00:12:00,17000,18000,E,40.47097,-3.68245,10,False,10,10
2026-08-19T02:23:41Z,1028M20533C4,20533,C4,-1439,17000,17000,2026-08-19T00:34:00,17000,37012,A,40.471325,-3.6833096,10,True,5,5
2026-08-19T02:23:41Z,1028M20325C4a,20325,C4a,-1420,19003,19003,2026-08-19T00:18:00,19003,37012,S,40.546417,-3.6351175,10,True,2,2
2026-08-19T02:23:41Z,1028M20531C4,20531,C4,-1431,17000,17000,2026-08-19T00:24:00,17000,37012,S,40.471325,-3.6833096,10,True,5,5
2026-08-19T02:23:41Z,1028M19788C5,19788,C5,0,35704,37001,2026-08-19T00:02:00,35012,35607,E,40.35043,-3.705141,10,False,2,6
2026-08-19T02:23:41Z,1028M79841C8a,79841,C8a,6,97100,10100,2026-08-19T00:10:00,10203,18000,8.0,40.493187,-3.738863,10,True,1,3
2026-08-19T02:23:41Z,1028M79169C7,79169,C7,22,10000,10000,2026-08-18T23:59:00,10000,70200,E,40.42163,-3.7193205,10,False,4,4
2026-08-19T02:23:41Z,1028M79988C8b,79988,C8b,-1407,17000,17000,2026-08-19T00:10:00,17000,12006,E,40.47113,-3.6828332,10,False,6,6
2026-08-19T02:23:41Z,1028M79768C10,79768,C10,-1441,10200,10200,2026-08-20T00:08:00,10200,18004,E,40.62599,-4.0081153,10,False,4,4
2026-08-19T02:23:41Z,1028M19787C5,19787,C5,-1425,35607,35607,2026-08-19T00:00:00,35607,35012,S,40.330883,-3.8823783,10,False,2,2
2026-08-19T02:23:41Z,1028M20332C4a,20332,C4a,-1422,18000,18000,2026-08-19T00:01:00,18000,19003,E,40.40654,-3.6895106,10,False,5,5
2026-08-19T02:23:41Z,1028M79987C8b,79987,C8b,-1427,12006,12006,2026-08-19T00:40:00,12006,18000,S,40.737614,-4.0662985,10,False,2,2
2026-08-19T02:23:41Z,1028M79989C2,79989,C2,5,17000,17000,2026-08-18T23:59:00,17000,18000,A,40.47097,-3.68245,10,False,10,10
2026-08-19T02:23:41Z,1028M20111C3,20111,C3,-1438,17000,17000,2026-08-19T00:23:00,17000,60200,S,40.471382,-3.6834786,10,True,5,5
2026-08-19T02:23:41Z,1028M20110C3,20110,C3,-1423,60200,60200,2026-08-19T00:00:00,60200,17000,A,40.035027,-3.6189713,10,True,5,5
2026-08-19T02:28:31Z,3028M23578C1,23578,C1,12,50700,50701,2026-08-19T00:04:24,51003,50600,10.0,37.58847,-5.73386,30,False,2,2
2026-08-19T02:28:31Z,3028M23581C1,23581,C1,19,51100,51003,2026-08-19T00:04:21,51003,51200,E,37.377792,-5.9795485,30,False,1,
2026-08-19T02:28:31Z,3028M23743C5,23743,C5,6,43003,43027,2026-08-19T00:03:16,51003,43005,33.0,37.408543,-6.1310334,30,False,,1
2026-08-19T02:28:31Z,3228M35570C1,35570,C1,1,54510,54519,2026-08-19T00:01:01,54517,54516,A,36.613625,-4.509399,32,False,2,1
2026-08-19T02:28:31Z,3228M35577C1,35577,C1,2,54501,54503,2026-08-19T00:00:35,54516,54517,E,36.70121,-4.454409,32,False,,1
2026-08-19T02:28:31Z,3228M35589C2,23589,C2,-1439,54405,54405,2026-08-19T00:19:32,54405,54517,A,36.819714,-4.699568,32,False,,
2026-08-19T02:28:31Z,3228M23405C1,23405,C1,-1435,54516,54516,2026-08-19T00:21:07,54516,54517,A,36.541843,-4.6237864,32,False,1,1
2026-08-19T02:28:31Z,3228M23400C1,23400,C1,3,54503,54501,2026-08-19T00:02:01,54517,54516,E,36.69222,-4.48376,32,False,2,2
2026-08-19T02:28:31Z,5128M25472R2N,25472,R2N,0,72400,71707,2026-08-19T00:06:03,79100,72400,E,41.30425,2.0733776,50,True,,4
2026-08-19T02:28:31Z,5128M77468R4,77468,R4,-1427,78700,78700,2026-08-19T00:32:36,78700,71600,A,41.56993,2.0143688,50,True,2,2
2026-08-19T02:28:31Z,5128M77766R4,77766,R4,-7,71801,72305,2026-08-19T00:08:59,72209,78600,A,41.36431,2.1008937,50,False,,4
2026-08-19T02:28:31Z,5128M28393R2S,28393,R2S,-2,71802,71801,2026-08-19T00:01:30,71700,79400,A,41.379513,2.1412146,50,False,,
2026-08-19T02:28:31Z,5128M28490R2,28490,R2,-1437,71700,71700,2026-08-19T00:22:53,71700,79104,A,41.27745,1.9777229,50,True,3,3
2026-08-19T02:28:31Z,5128M77568R4,77568,R4,39,72206,72205,2026-08-19T00:02:35,71600,78600,E,41.39581,1.7681432,50,False,,1
2026-08-19T02:28:31Z,5128M77768R4,77768,R4,7,71801,72305,2026-08-19T00:06:18,72209,78700,E,41.379536,2.1411612,50,False,8,
2026-08-19T02:28:31Z,5128M25795R1,25795,R1,-1,79403,79404,2026-08-19T00:03:24,79500,72305,A,41.445705,2.2490852,50,True,,1
2026-08-19T02:28:31Z,5128M25567R2S,25567,R2S,3,71604,71603,2026-08-19T00:03:10,71600,79400,E,41.20413,1.6760199,50,False,1,1
2026-08-19T02:28:31Z,5128M28484R2N,28484,R2N,2,71707,72400,2026-08-19T00:00:40,72400,79200,87.0,41.301285,2.0645964,50,True,,1
2026-08-19T02:28:31Z,5128M77464R4,77464,R4,-1413,78600,78600,2026-08-19T00:24:04,78600,71600,A,41.72026,1.826487,50,False,2,2
2026-08-19T02:28:31Z,5128M25470R2N,25470,R2N,5,79011,79006,2026-08-19T00:02:10,79104,72400,25.0,41.51616,2.2043107,50,True,1,
2026-08-19T02:28:31Z,5128M25693R1,25693,R1,2,79601,79602,2026-08-19T00:03:00,79606,72305,E,41.586533,2.5813315,50,False,1,
2026-08-19T02:28:31Z,6028M35678C3,35678,C3,0,13108,13117,2026-08-19T00:01:55,13100,13200,E,43.16316,-2.9277587,60,True,,2
2026-08-19T02:28:31Z,6028M35681C3,35681,C3,1,13114,13119,2026-08-19T00:00:34,13200,13100,E,43.24241,-2.9163692,60,False,1,1
2026-08-19T02:28:31Z,6128M83145C1,83145,C1,0,11508,11511,2026-08-19T00:15:00,11600,11508,,43.27241,-1.9637448,61,False,1,
2026-08-19T02:28:31Z,6228M35949C1,26949,C1,19,14210,14213,2026-08-19T00:05:36,14223,14202,E,43.255173,-4.063747,62,False,,2
2026-08-19T02:28:31Z,6228M71185C2,71185,C2,0,05605,05604,2026-08-19T00:00:45,14223,05637,79.0,43.4502,-3.8650372,62,False,,2
2026-08-19T02:28:31Z,2028M22358C3,22358,C3,0,15211,15218,2026-08-19T00:01:00,15218,16405,A,43.3588,-5.8573804,20,False,2,1
2026-08-19T02:28:31Z,2028M22132C1,22132,C1,3,15212,15217,2026-08-19T00:02:00,15218,15410,E,43.404537,-5.81196,20,False,2,2
2026-08-19T02:28:31Z,2028M22139C1,22139,C1,3,15203,15206,2026-08-19T00:04:00,15211,15122,E,43.250034,-5.782385,20,False,1,1
2026-08-19T02:28:31Z,4128M84722C1,84722,C1,26,62101,62102,2026-08-19T00:22:00,60911,62101,E,38.224415,-0.7814662,41,False,3,1
2026-08-19T02:28:31Z,4128M84931C2,84931,C2,87,61200,06002,2026-08-19T00:34:00,06006,61200,E,37.97462,-1.1315287,41,False,1,2
2026-08-19T02:28:31Z,1028M20336C4a,20336,C4a,0,19003,19002,2026-08-20T00:03:00,17000,19003,E,40.546417,-3.6351175,10,False,2,2
2026-08-19T02:28:31Z,1028M79839C8a,79839,C8a,16,10203,10203,2026-08-18T23:59:00,10203,18000,E,40.58532,-4.1321955,10,False,5,5
2026-08-19T02:28:31Z,1028M19945C1,19945,C1,0,98305,98304,2026-08-20T00:12:00,18000,98305,E,40.4924,-3.593483,10,False,2,1
2026-08-19T02:28:31Z,1028M20522C4b,20522,C4b,24,17005,17004,2026-08-19T00:05:00,18000,17005,E,40.644844,-3.7762609,10,True,3,3
2026-08-19T02:28:31Z,1028M79171C7,79171,C7,-1435,10000,10000,2026-08-19T00:17:00,10000,70200,S,40.42163,-3.7193205,10,False,1,1
2026-08-19T02:28:31Z,1028M20520C4b,20520,C4b,4,18000,60100,2026-08-19T00:06:00,37012,17005,13.0,40.40084,-3.682559,10,True,7,1
2026-08-19T02:28:31Z,1028M19793C5,19793,C5,1,35001,35009,2026-08-19T00:00:00,35607,35012,E,40.328766,-3.7714624,10,False,1,1
2026-08-19T02:28:31Z,1028M19795C5,19795,C5,1,35002,35002,2026-08-18T23:55:00,35002,35012,A,40.283237,-3.7991464,10,False,1,1
2026-08-19T02:28:31Z,1028M20518C4b,20518,C4b,4,37011,37012,2026-08-19T00:06:00,37012,17005,13.0,40.27857,-3.7384615,10,True,2,2
2026-08-19T02:28:31Z,1028M79371C7,79371,C7,-1439,18000,18000,2026-08-19T00:00:00,18000,70103,E,40.40667,-3.6893938,10,False,1,1
2026-08-19T02:28:31Z,1028M79370C7,79370,C7,-1436,70103,70103,2026-08-19T00:09:00,70103,18000,E,40.4889,-3.3666708,10,False,6,6
2026-08-19T02:28:31Z,1028M79172C7,79172,C7,4,10010,10007,2026-08-19T00:03:00,17000,10000,A,40.474438,-3.846226,10,False,2,2
2026-08-19T02:28:31Z,1028M19791C5,19791,C5,0,18003,18000,2026-08-18T23:57:00,35607,35012,S,40.39592,-3.6779969,10,False,1,9
2026-08-19T02:28:31Z,1028M19790C5,19790,C5,0,35602,35601,2026-08-18T23:59:00,35012,35607,S,40.381268,-3.7802126,10,False,1,1
2026-08-19T02:28:31Z,1028M79491C2,79491,C2,0,70104,70105,2026-08-19T00:04:00,70200,18000,19.0,40.539566,-3.2922592,10,False,2,2
2026-08-19T02:28:31Z,1028M20327C4,20327,C4,-1425,17000,17000,2026-08-19T00:14:00,17000,37012,A,40.471325,-3.6833096,10,True,3,3
2026-08-19T02:28:31Z,1028M79373C7,79373,C7,1,70108,70100,2026-08-19T00:03:00,18000,70103,23.0,40.417698,-3.5687835,10,True,1,1
2026-08-19T02:28:31Z,1028M79493C2,79493,C2,7,98003,70101,2026-08-19T00:12:00,70200,18000,E,40.471153,-3.6823752,10,True,2,2
2026-08-19T02:28:31Z,1028M20524C4b,20524,C4b,-1439,18000,18000,2026-08-19T00:40:00,18000,17005,S,40.40654,-3.6895106,10,True,7,7
2026-08-19T02:28:31Z,1028M79991C2,79991,C2,-1438,17000,17000,2026-08-19T00:12:00,17000,18000,E,40.47097,-3.68245,10,False,10,10
2026-08-19T02:28:31Z,1028M20533C4,20533,C4,-1439,17000,17000,2026-08-19T00:34:00,17000,37012,A,40.471325,-3.6833096,10,True,5,5
2026-08-19T02:28:31Z,1028M20325C4a,20325,C4a,-1420,19003,19003,2026-08-19T00:18:00,19003,37012,S,40.546417,-3.6351175,10,True,2,2
2026-08-19T02:28:31Z,1028M20531C4,20531,C4,-1431,17000,17000,2026-08-19T00:24:00,17000,37012,S,40.471325,-3.6833096,10,True,5,5
2026-08-19T02:28:31Z,1028M19788C5,19788,C5,0,35704,37001,2026-08-19T00:02:00,35012,35607,E,40.35043,-3.705141,10,False,2,6
2026-08-19T02:28:31Z,1028M79841C8a,79841,C8a,6,97100,10100,2026-08-19T00:10:00,10203,18000,8.0,40.493187,-3.738863,10,True,1,3
2026-08-19T02:28:31Z,1028M79169C7,79169,C7,22,10000,10000,2026-08-18T23:59:00,10000,70200,E,40.42163,-3.7193205,10,False,4,4
2026-08-19T02:28:31Z,1028M79988C8b,79988,C8b,-1407,17000,17000,2026-08-19T00:10:00,17000,12006,E,40.47113,-3.6828332,10,False,6,6
2026-08-19T02:28:31Z,1028M79768C10,79768,C10,-1441,10200,10200,2026-08-20T00:08:00,10200,18004,E,40.62599,-4.0081153,10,False,4,4
2026-08-19T02:28:31Z,1028M19787C5,19787,C5,-1425,35607,35607,2026-08-19T00:00:00,35607,35012,S,40.330883,-3.8823783,10,False,2,2
2026-08-19T02:28:31Z,1028M20332C4a,20332,C4a,-1422,18000,18000,2026-08-19T00:01:00,18000,19003,E,40.40654,-3.6895106,10,False,5,5
2026-08-19T02:28:31Z,1028M79987C8b,79987,C8b,-1427,12006,12006,2026-08-19T00:40:00,12006,18000,S,40.737614,-4.0662985,10,False,2,2
2026-08-19T02:28:31Z,1028M79989C2,79989,C2,5,17000,17000,2026-08-18T23:59:00,17000,18000,A,40.47097,-3.68245,10,False,10,10
2026-08-19T02:28:31Z,1028M20111C3,20111,C3,-1438,17000,17000,2026-08-19T00:23:00,17000,60200,S,40.471382,-3.6834786,10,True,5,5
2026-08-19T02:28:31Z,1028M20110C3,20110,C3,-1423,60200,60200,2026-08-19T00:00:00,60200,17000,A,40.035027,-3.6189713,10,True,5,5
2026-08-19T02:34:18Z,3028M23578C1,23578,C1,12,50700,50701,2026-08-19T00:04:24,51003,50600,10.0,37.58847,-5.73386,30,False,2,2
2026-08-19T02:34:18Z,3028M23581C1,23581,C1,19,51100,51003,2026-08-19T00:04:21,51003,51200,E,37.377792,-5.9795485,30,False,1,
2026-08-19T02:34:18Z,3028M23743C5,23743,C5,6,43003,43027,2026-08-19T00:03:16,51003,43005,33.0,37.408543,-6.1310334,30,False,,1
2026-08-19T02:34:18Z,3228M35570C1,35570,C1,1,54510,54519,2026-08-19T00:01:01,54517,54516,A,36.613625,-4.509399,32,False,2,1
2026-08-19T02:34:18Z,3228M35577C1,35577,C1,2,54501,54503,2026-08-19T00:00:35,54516,54517,E,36.70121,-4.454409,32,False,,1
2026-08-19T02:34:18Z,3228M35589C2,23589,C2,-1439,54405,54405,2026-08-19T00:19:32,54405,54517,A,36.819714,-4.699568,32,False,,
2026-08-19T02:34:18Z,3228M23405C1,23405,C1,-1435,54516,54516,2026-08-19T00:21:07,54516,54517,A,36.541843,-4.6237864,32,False,1,1
2026-08-19T02:34:18Z,3228M23400C1,23400,C1,3,54503,54501,2026-08-19T00:02:01,54517,54516,E,36.69222,-4.48376,32,False,2,2
2026-08-19T02:34:18Z,5128M25472R2N,25472,R2N,0,72400,71707,2026-08-19T00:06:03,79100,72400,E,41.30425,2.0733776,50,True,,4
2026-08-19T02:34:18Z,5128M77468R4,77468,R4,-1427,78700,78700,2026-08-19T00:32:36,78700,71600,A,41.56993,2.0143688,50,True,2,2
2026-08-19T02:34:18Z,5128M77766R4,77766,R4,-7,71801,72305,2026-08-19T00:08:59,72209,78600,A,41.36431,2.1008937,50,False,,4
2026-08-19T02:34:18Z,5128M28393R2S,28393,R2S,-2,71802,71801,2026-08-19T00:01:30,71700,79400,A,41.379513,2.1412146,50,False,,
2026-08-19T02:34:18Z,5128M28490R2,28490,R2,-1437,71700,71700,2026-08-19T00:22:53,71700,79104,A,41.27745,1.9777229,50,True,3,3
2026-08-19T02:34:18Z,5128M77568R4,77568,R4,39,72206,72205,2026-08-19T00:02:35,71600,78600,E,41.39581,1.7681432,50,False,,1
2026-08-19T02:34:18Z,5128M77768R4,77768,R4,7,71801,72305,2026-08-19T00:06:18,72209,78700,E,41.379536,2.1411612,50,False,8,
2026-08-19T02:34:18Z,5128M25795R1,25795,R1,-1,79403,79404,2026-08-19T00:03:24,79500,72305,A,41.445705,2.2490852,50,True,,1
2026-08-19T02:34:18Z,5128M25567R2S,25567,R2S,3,71604,71603,2026-08-19T00:03:10,71600,79400,E,41.20413,1.6760199,50,False,1,1
2026-08-19T02:34:18Z,5128M28484R2N,28484,R2N,2,71707,72400,2026-08-19T00:00:40,72400,79200,87.0,41.301285,2.0645964,50,True,,1
2026-08-19T02:34:18Z,5128M77464R4,77464,R4,-1413,78600,78600,2026-08-19T00:24:04,78600,71600,A,41.72026,1.826487,50,False,2,2
2026-08-19T02:34:18Z,5128M25470R2N,25470,R2N,5,79011,79006,2026-08-19T00:02:10,79104,72400,25.0,41.51616,2.2043107,50,True,1,
2026-08-19T02:34:18Z,5128M25693R1,25693,R1,2,79601,79602,2026-08-19T00:03:00,79606,72305,E,41.586533,2.5813315,50,False,1,
2026-08-19T02:34:18Z,6028M35678C3,35678,C3,0,13108,13117,2026-08-19T00:01:55,13100,13200,E,43.16316,-2.9277587,60,True,,2
2026-08-19T02:34:18Z,6028M35681C3,35681,C3,1,13114,13119,2026-08-19T00:00:34,13200,13100,E,43.24241,-2.9163692,60,False,1,1
2026-08-19T02:34:18Z,6128M83145C1,83145,C1,0,11508,11511,2026-08-19T00:15:00,11600,11508,,43.27241,-1.9637448,61,False,1,
2026-08-19T02:34:18Z,6228M35949C1,26949,C1,19,14210,14213,2026-08-19T00:05:36,14223,14202,E,43.255173,-4.063747,62,False,,2
2026-08-19T02:34:18Z,6228M71185C2,71185,C2,0,05605,05604,2026-08-19T00:00:45,14223,05637,79.0,43.4502,-3.8650372,62,False,,2
2026-08-19T02:34:18Z,2028M22358C3,22358,C3,0,15211,15218,2026-08-19T00:01:00,15218,16405,A,43.3588,-5.8573804,20,False,2,1
2026-08-19T02:34:18Z,2028M22132C1,22132,C1,3,15212,15217,2026-08-19T00:02:00,15218,15410,E,43.404537,-5.81196,20,False,2,2
2026-08-19T02:34:18Z,2028M22139C1,22139,C1,3,15203,15206,2026-08-19T00:04:00,15211,15122,E,43.250034,-5.782385,20,False,1,1
2026-08-19T02:34:18Z,4128M84722C1,84722,C1,26,62101,62102,2026-08-19T00:22:00,60911,62101,E,38.224415,-0.7814662,41,False,3,1
2026-08-19T02:34:18Z,4128M84931C2,84931,C2,87,61200,06002,2026-08-19T00:34:00,06006,61200,E,37.97462,-1.1315287,41,False,1,2
2026-08-19T02:34:18Z,1028M20336C4a,20336,C4a,0,19003,19002,2026-08-20T00:03:00,17000,19003,E,40.546417,-3.6351175,10,False,2,2
2026-08-19T02:34:18Z,1028M79839C8a,79839,C8a,16,10203,10203,2026-08-18T23:59:00,10203,18000,E,40.58532,-4.1321955,10,False,5,5
2026-08-19T02:34:18Z,1028M19945C1,19945,C1,0,98305,98304,2026-08-20T00:12:00,18000,98305,E,40.4924,-3.593483,10,False,2,1
2026-08-19T02:34:18Z,1028M20522C4b,20522,C4b,24,17005,17004,2026-08-19T00:05:00,18000,17005,E,40.644844,-3.7762609,10,True,3,3
2026-08-19T02:34:18Z,1028M79171C7,79171,C7,-1435,10000,10000,2026-08-19T00:17:00,10000,70200,S,40.42163,-3.7193205,10,False,1,1
2026-08-19T02:34:18Z,1028M20520C4b,20520,C4b,4,18000,60100,2026-08-19T00:06:00,37012,17005,13.0,40.40084,-3.682559,10,True,7,1
2026-08-19T02:34:18Z,1028M19793C5,19793,C5,1,35001,35009,2026-08-19T00:00:00,35607,35012,E,40.328766,-3.7714624,10,False,1,1
2026-08-19T02:34:18Z,1028M19795C5,19795,C5,1,35002,35002,2026-08-18T23:55:00,35002,35012,A,40.283237,-3.7991464,10,False,1,1
2026-08-19T02:34:18Z,1028M20518C4b,20518,C4b,4,37011,37012,2026-08-19T00:06:00,37012,17005,13.0,40.27857,-3.7384615,10,True,2,2
2026-08-19T02:34:18Z,1028M79371C7,79371,C7,-1439,18000,18000,2026-08-19T00:00:00,18000,70103,E,40.40667,-3.6893938,10,False,1,1
2026-08-19T02:34:18Z,1028M79370C7,79370,C7,-1436,70103,70103,2026-08-19T00:09:00,70103,18000,E,40.4889,-3.3666708,10,False,6,6
2026-08-19T02:34:18Z,1028M79172C7,79172,C7,4,10010,10007,2026-08-19T00:03:00,17000,10000,A,40.474438,-3.846226,10,False,2,2
2026-08-19T02:34:18Z,1028M19791C5,19791,C5,0,18003,18000,2026-08-18T23:57:00,35607,35012,S,40.39592,-3.6779969,10,False,1,9
2026-08-19T02:34:18Z,1028M19790C5,19790,C5,0,35602,35601,2026-08-18T23:59:00,35012,35607,S,40.381268,-3.7802126,10,False,1,1
2026-08-19T02:34:18Z,1028M79491C2,79491,C2,0,70104,70105,2026-08-19T00:04:00,70200,18000,19.0,40.539566,-3.2922592,10,False,2,2
2026-08-19T02:34:18Z,1028M20327C4,20327,C4,-1425,17000,17000,2026-08-19T00:14:00,17000,37012,A,40.471325,-3.6833096,10,True,3,3
2026-08-19T02:34:18Z,1028M79373C7,79373,C7,1,70108,70100,2026-08-19T00:03:00,18000,70103,23.0,40.417698,-3.5687835,10,True,1,1
2026-08-19T02:34:18Z,1028M79493C2,79493,C2,7,98003,70101,2026-08-19T00:12:00,70200,18000,E,40.471153,-3.6823752,10,True,2,2
2026-08-19T02:34:18Z,1028M20524C4b,20524,C4b,-1439,18000,18000,2026-08-19T00:40:00,18000,17005,S,40.40654,-3.6895106,10,True,7,7
2026-08-19T02:34:18Z,1028M79991C2,79991,C2,-1438,17000,17000,2026-08-19T00:12:00,17000,18000,E,40.47097,-3.68245,10,False,10,10
2026-08-19T02:34:18Z,1028M20533C4,20533,C4,-1439,17000,17000,2026-08-19T00:34:00,17000,37012,A,40.471325,-3.6833096,10,True,5,5
2026-08-19T02:34:18Z,1028M20325C4a,20325,C4a,-1420,19003,19003,2026-08-19T00:18:00,19003,37012,S,40.546417,-3.6351175,10,True,2,2
2026-08-19T02:34:18Z,1028M20531C4,20531,C4,-1431,17000,17000,2026-08-19T00:24:00,17000,37012,S,40.471325,-3.6833096,10,True,5,5
2026-08-19T02:34:18Z,1028M19788C5,19788,C5,0,35704,37001,2026-08-19T00:02:00,35012,35607,E,40.35043,-3.705141,10,False,2,6
2026-08-19T02:34:18Z,1028M79841C8a,79841,C8a,6,97100,10100,2026-08-19T00:10:00,10203,18000,8.0,40.493187,-3.738863,10,True,1,3
2026-08-19T02:34:18Z,1028M79169C7,79169,C7,22,10000,10000,2026-08-18T23:59:00,10000,70200,E,40.42163,-3.7193205,10,False,4,4
2026-08-19T02:34:18Z,1028M79988C8b,79988,C8b,-1407,17000,17000,2026-08-19T00:10:00,17000,12006,E,40.47113,-3.6828332,10,False,6,6
2026-08-19T02:34:18Z,1028M79768C10,79768,C10,-1441,10200,10200,2026-08-20T00:08:00,10200,18004,E,40.62599,-4.0081153,10,False,4,4
2026-08-19T02:34:18Z,1028M19787C5,19787,C5,-1425,35607,35607,2026-08-19T00:00:00,35607,35012,S,40.330883,-3.8823783,10,False,2,2
2026-08-19T02:34:18Z,1028M20332C4a,20332,C4a,-1422,18000,18000,2026-08-19T00:01:00,18000,19003,E,40.40654,-3.6895106,10,False,5,5
2026-08-19T02:34:18Z,1028M79987C8b,79987,C8b,-1427,12006,12006,2026-08-19T00:40:00,12006,18000,S,40.737614,-4.0662985,10,False,2,2
2026-08-19T02:34:18Z,1028M79989C2,79989,C2,5,17000,17000,2026-08-18T23:59:00,17000,18000,A,40.47097,-3.68245,10,False,10,10
2026-08-19T02:34:18Z,1028M20111C3,20111,C3,-1438,17000,17000,2026-08-19T00:23:00,17000,60200,S,40.471382,-3.6834786,10,True,5,5
2026-08-19T02:34:18Z,1028M20110C3,20110,C3,-1423,60200,60200,2026-08-19T00:00:00,60200,17000,A,40.035027,-3.6189713,10,True,5,5
2026-08-19T02:38:28Z,3028M23578C1,23578,C1,12,50700,50701,2026-08-19T00:04:24,51003,50600,10.0,37.58847,-5.73386,30,False,2,2
2026-08-19T02:38:28Z,3028M23581C1,23581,C1,19,51100,51003,2026-08-19T00:04:21,51003,51200,E,37.377792,-5.9795485,30,False,1,
2026-08-19T02:38:28Z,3028M23743C5,23743,C5,6,43003,43027,2026-08-19T00:03:16,51003,43005,33.0,37.408543,-6.1310334,30,False,,1
2026-08-19T02:38:28Z,3228M35570C1,35570,C1,1,54510,54519,2026-08-19T00:01:01,54517,54516,A,36.613625,-4.509399,32,False,2,1
2026-08-19T02:38:28Z,3228M35577C1,35577,C1,2,54501,54503,2026-08-19T00:00:35,54516,54517,E,36.70121,-4.454409,32,False,,1
2026-08-19T02:38:28Z,3228M35589C2,23589,C2,-1439,54405,54405,2026-08-19T00:19:32,54405,54517,A,36.819714,-4.699568,32,False,,
2026-08-19T02:38:28Z,3228M23405C1,23405,C1,-1435,54516,54516,2026-08-19T00:21:07,54516,54517,A,36.541843,-4.6237864,32,False,1,1
2026-08-19T02:38:28Z,3228M23400C1,23400,C1,3,54503,54501,2026-08-19T00:02:01,54517,54516,E,36.69222,-4.48376,32,False,2,2
2026-08-19T02:38:28Z,5128M25472R2N,25472,R2N,0,72400,71707,2026-08-19T00:06:03,79100,72400,E,41.30425,2.0733776,50,True,,4
2026-08-19T02:38:28Z,5128M77468R4,77468,R4,-1427,78700,78700,2026-08-19T00:32:36,78700,71600,A,41.56993,2.0143688,50,True,2,2
2026-08-19T02:38:28Z,5128M77766R4,77766,R4,-7,71801,72305,2026-08-19T00:08:59,72209,78600,A,41.36431,2.1008937,50,False,,4
2026-08-19T02:38:28Z,5128M28393R2S,28393,R2S,-2,71802,71801,2026-08-19T00:01:30,71700,79400,A,41.379513,2.1412146,50,False,,
2026-08-19T02:38:28Z,5128M28490R2,28490,R2,-1437,71700,71700,2026-08-19T00:22:53,71700,79104,A,41.27745,1.9777229,50,True,3,3
2026-08-19T02:38:28Z,5128M77568R4,77568,R4,39,72206,72205,2026-08-19T00:02:35,71600,78600,E,41.39581,1.7681432,50,False,,1
2026-08-19T02:38:28Z,5128M77768R4,77768,R4,7,71801,72305,2026-08-19T00:06:18,72209,78700,E,41.379536,2.1411612,50,False,8,
2026-08-19T02:38:28Z,5128M25795R1,25795,R1,-1,79403,79404,2026-08-19T00:03:24,79500,72305,A,41.445705,2.2490852,50,True,,1
2026-08-19T02:38:28Z,5128M25567R2S,25567,R2S,3,71604,71603,2026-08-19T00:03:10,71600,79400,E,41.20413,1.6760199,50,False,1,1
2026-08-19T02:38:28Z,5128M28484R2N,28484,R2N,2,71707,72400,2026-08-19T00:00:40,72400,79200,87.0,41.301285,2.0645964,50,True,,1
2026-08-19T02:38:28Z,5128M77464R4,77464,R4,-1413,78600,78600,2026-08-19T00:24:04,78600,71600,A,41.72026,1.826487,50,False,2,2
2026-08-19T02:38:28Z,5128M25470R2N,25470,R2N,5,79011,79006,2026-08-19T00:02:10,79104,72400,25.0,41.51616,2.2043107,50,True,1,
2026-08-19T02:38:28Z,5128M25693R1,25693,R1,2,79601,79602,2026-08-19T00:03:00,79606,72305,E,41.586533,2.5813315,50,False,1,
2026-08-19T02:38:28Z,6028M35678C3,35678,C3,0,13108,13117,2026-08-19T00:01:55,13100,13200,E,43.16316,-2.9277587,60,True,,2
2026-08-19T02:38:28Z,6028M35681C3,35681,C3,1,13114,13119,2026-08-19T00:00:34,13200,13100,E,43.24241,-2.9163692,60,False,1,1
2026-08-19T02:38:28Z,6128M83145C1,83145,C1,0,11508,11511,2026-08-19T00:15:00,11600,11508,,43.27241,-1.9637448,61,False,1,
2026-08-19T02:38:28Z,6228M35949C1,26949,C1,19,14210,14213,2026-08-19T00:05:36,14223,14202,E,43.255173,-4.063747,62,False,,2
2026-08-19T02:38:28Z,6228M71185C2,71185,C2,0,05605,05604,2026-08-19T00:00:45,14223,05637,79.0,43.4502,-3.8650372,62,False,,2
2026-08-19T02:38:28Z,2028M22358C3,22358,C3,0,15211,15218,2026-08-19T00:01:00,15218,16405,A,43.3588,-5.8573804,20,False,2,1
2026-08-19T02:38:28Z,2028M22132C1,22132,C1,3,15212,15217,2026-08-19T00:02:00,15218,15410,E,43.404537,-5.81196,20,False,2,2
2026-08-19T02:38:28Z,2028M22139C1,22139,C1,3,15203,15206,2026-08-19T00:04:00,15211,15122,E,43.250034,-5.782385,20,False,1,1
2026-08-19T02:38:28Z,4128M84722C1,84722,C1,26,62101,62102,2026-08-19T00:22:00,60911,62101,E,38.224415,-0.7814662,41,False,3,1
2026-08-19T02:38:28Z,4128M84931C2,84931,C2,87,61200,06002,2026-08-19T00:34:00,06006,61200,E,37.97462,-1.1315287,41,False,1,2
2026-08-19T02:38:28Z,1028M20336C4a,20336,C4a,0,19003,19002,2026-08-20T00:03:00,17000,19003,E,40.546417,-3.6351175,10,False,2,2
2026-08-19T02:38:28Z,1028M79839C8a,79839,C8a,16,10203,10203,2026-08-18T23:59:00,10203,18000,E,40.58532,-4.1321955,10,False,5,5
2026-08-19T02:38:28Z,1028M19945C1,19945,C1,0,98305,98304,2026-08-20T00:12:00,18000,98305,E,40.4924,-3.593483,10,False,2,1
2026-08-19T02:38:28Z,1028M20522C4b,20522,C4b,24,17005,17004,2026-08-19T00:05:00,18000,17005,E,40.644844,-3.7762609,10,True,3,3
2026-08-19T02:38:28Z,1028M79171C7,79171,C7,-1435,10000,10000,2026-08-19T00:17:00,10000,70200,S,40.42163,-3.7193205,10,False,1,1
2026-08-19T02:38:28Z,1028M20520C4b,20520,C4b,4,18000,60100,2026-08-19T00:06:00,37012,17005,13.0,40.40084,-3.682559,10,True,7,1
2026-08-19T02:38:28Z,1028M19793C5,19793,C5,1,35001,35009,2026-08-19T00:00:00,35607,35012,E,40.328766,-3.7714624,10,False,1,1
2026-08-19T02:38:28Z,1028M19795C5,19795,C5,1,35002,35002,2026-08-18T23:55:00,35002,35012,A,40.283237,-3.7991464,10,False,1,1
2026-08-19T02:38:28Z,1028M20518C4b,20518,C4b,4,37011,37012,2026-08-19T00:06:00,37012,17005,13.0,40.27857,-3.7384615,10,True,2,2
2026-08-19T02:38:28Z,1028M79371C7,79371,C7,-1439,18000,18000,2026-08-19T00:00:00,18000,70103,E,40.40667,-3.6893938,10,False,1,1
2026-08-19T02:38:28Z,1028M79370C7,79370,C7,-1436,70103,70103,2026-08-19T00:09:00,70103,18000,E,40.4889,-3.3666708,10,False,6,6
2026-08-19T02:38:28Z,1028M79172C7,79172,C7,4,10010,10007,2026-08-19T00:03:00,17000,10000,A,40.474438,-3.846226,10,False,2,2
2026-08-19T02:38:28Z,1028M19791C5,19791,C5,0,18003,18000,2026-08-18T23:57:00,35607,35012,S,40.39592,-3.6779969,10,False,1,9
2026-08-19T02:38:28Z,1028M19790C5,19790,C5,0,35602,35601,2026-08-18T23:59:00,35012,35607,S,40.381268,-3.7802126,10,False,1,1
2026-08-19T02:38:28Z,1028M79491C2,79491,C2,0,70104,70105,2026-08-19T00:04:00,70200,18000,19.0,40.539566,-3.2922592,10,False,2,2
2026-08-19T02:38:28Z,1028M20327C4,20327,C4,-1425,17000,17000,2026-08-19T00:14:00,17000,37012,A,40.471325,-3.6833096,10,True,3,3
2026-08-19T02:38:28Z,1028M79373C7,79373,C7,1,70108,70100,2026-08-19T00:03:00,18000,70103,23.0,40.417698,-3.5687835,10,True,1,1
2026-08-19T02:38:28Z,1028M79493C2,79493,C2,7,98003,70101,2026-08-19T00:12:00,70200,18000,E,40.471153,-3.6823752,10,True,2,2
2026-08-19T02:38:28Z,1028M20524C4b,20524,C4b,-1439,18000,18000,2026-08-19T00:40:00,18000,17005,S,40.40654,-3.6895106,10,True,7,7
2026-08-19T02:38:28Z,1028M79991C2,79991,C2,-1438,17000,17000,2026-08-19T00:12:00,17000,18000,E,40.47097,-3.68245,10,False,10,10
2026-08-19T02:38:28Z,1028M20533C4,20533,C4,-1439,17000,17000,2026-08-19T00:34:00,17000,37012,A,40.471325,-3.6833096,10,True,5,5
2026-08-19T02:38:28Z,1028M20325C4a,20325,C4a,-1420,19003,19003,2026-08-19T00:18:00,19003,37012,S,40.546417,-3.6351175,10,True,2,2
2026-08-19T02:38:28Z,1028M20531C4,20531,C4,-1431,17000,17000,2026-08-19T00:24:00,17000,37012,S,40.471325,-3.6833096,10,True,5,5
2026-08-19T02:38:28Z,1028M19788C5,19788,C5,0,35704,37001,2026-08-19T00:02:00,35012,35607,E,40.35043,-3.705141,10,False,2,6
2026-08-19T02:38:28Z,1028M79841C8a,79841,C8a,6,97100,10100,2026-08-19T00:10:00,10203,18000,8.0,40.493187,-3.738863,10,True,1,3
2026-08-19T02:38:28Z,1028M79169C7,79169,C7,22,10000,10000,2026-08-18T23:59:00,10000,70200,E,40.42163,-3.7193205,10,False,4,4
2026-08-19T02:38:28Z,1028M79988C8b,79988,C8b,-1407,17000,17000,2026-08-19T00:10:00,17000,12006,E,40.47113,-3.6828332,10,False,6,6
2026-08-19T02:38:28Z,1028M79768C10,79768,C10,-1441,10200,10200,2026-08-20T00:08:00,10200,18004,E,40.62599,-4.0081153,10,False,4,4
2026-08-19T02:38:28Z,1028M19787C5,19787,C5,-1425,35607,35607,2026-08-19T00:00:00,35607,35012,S,40.330883,-3.8823783,10,False,2,2
2026-08-19T02:38:28Z,1028M20332C4a,20332,C4a,-1422,18000,18000,2026-08-19T00:01:00,18000,19003,E,40.40654,-3.6895106,10,False,5,5
2026-08-19T02:38:28Z,1028M79987C8b,79987,C8b,-1427,12006,12006,2026-08-19T00:40:00,12006,18000,S,40.737614,-4.0662985,10,False,2,2
2026-08-19T02:38:28Z,1028M79989C2,79989,C2,5,17000,17000,2026-08-18T23:59:00,17000,18000,A,40.47097,-3.68245,10,False,10,10
2026-08-19T02:38:28Z,1028M20111C3,20111,C3,-1438,17000,17000,2026-08-19T00:23:00,17000,60200,S,40.471382,-3.6834786,10,True,5,5
2026-08-19T02:38:28Z,1028M20110C3,20110,C3,-1423,60200,60200,2026-08-19T00:00:00,60200,17000,A,40.035027,-3.6189713,10,True,5,5
2026-08-19T02:43:39Z,3028M23578C1,23578,C1,12,50700,50701,2026-08-19T00:04:24,51003,50600,10.0,37.58847,-5.73386,30,False,2,2
2026-08-19T02:43:39Z,3028M23581C1,23581,C1,19,51100,51003,2026-08-19T00:04:21,51003,51200,E,37.377792,-5.9795485,30,False,1,
2026-08-19T02:43:39Z,3028M23743C5,23743,C5,6,43003,43027,2026-08-19T00:03:16,51003,43005,33.0,37.408543,-6.1310334,30,False,,1
2026-08-19T02:43:39Z,3228M35570C1,35570,C1,1,54510,54519,2026-08-19T00:01:01,54517,54516,A,36.613625,-4.509399,32,False,2,1
2026-08-19T02:43:39Z,3228M35577C1,35577,C1,2,54501,54503,2026-08-19T00:00:35,54516,54517,E,36.70121,-4.454409,32,False,,1
2026-08-19T02:43:39Z,3228M35589C2,23589,C2,-1439,54405,54405,2026-08-19T00:19:32,54405,54517,A,36.819714,-4.699568,32,False,,
2026-08-19T02:43:39Z,3228M23405C1,23405,C1,-1435,54516,54516,2026-08-19T00:21:07,54516,54517,A,36.541843,-4.6237864,32,False,1,1
2026-08-19T02:43:39Z,3228M23400C1,23400,C1,3,54503,54501,2026-08-19T00:02:01,54517,54516,E,36.69222,-4.48376,32,False,2,2
2026-08-19T02:43:39Z,5128M25472R2N,25472,R2N,0,72400,71707,2026-08-19T00:06:03,79100,72400,E,41.30425,2.0733776,50,True,,4
2026-08-19T02:43:39Z,5128M77468R4,77468,R4,-1427,78700,78700,2026-08-19T00:32:36,78700,71600,A,41.56993,2.0143688,50,True,2,2
2026-08-19T02:43:39Z,5128M77766R4,77766,R4,-7,71801,72305,2026-08-19T00:08:59,72209,78600,A,41.36431,2.1008937,50,False,,4
2026-08-19T02:43:39Z,5128M28393R2S,28393,R2S,-2,71802,71801,2026-08-19T00:01:30,71700,79400,A,41.379513,2.1412146,50,False,,
2026-08-19T02:43:39Z,5128M28490R2,28490,R2,-1437,71700,71700,2026-08-19T00:22:53,71700,79104,A,41.27745,1.9777229,50,True,3,3
2026-08-19T02:43:39Z,5128M77568R4,77568,R4,39,72206,72205,2026-08-19T00:02:35,71600,78600,E,41.39581,1.7681432,50,False,,1
2026-08-19T02:43:39Z,5128M77768R4,77768,R4,7,71801,72305,2026-08-19T00:06:18,72209,78700,E,41.379536,2.1411612,50,False,8,
2026-08-19T02:43:39Z,5128M25795R1,25795,R1,-1,79403,79404,2026-08-19T00:03:24,79500,72305,A,41.445705,2.2490852,50,True,,1
2026-08-19T02:43:39Z,5128M25567R2S,25567,R2S,3,71604,71603,2026-08-19T00:03:10,71600,79400,E,41.20413,1.6760199,50,False,1,1
2026-08-19T02:43:39Z,5128M28484R2N,28484,R2N,2,71707,72400,2026-08-19T00:00:40,72400,79200,87.0,41.301285,2.0645964,50,True,,1
2026-08-19T02:43:39Z,5128M77464R4,77464,R4,-1413,78600,78600,2026-08-19T00:24:04,78600,71600,A,41.72026,1.826487,50,False,2,2
2026-08-19T02:43:39Z,5128M25470R2N,25470,R2N,5,79011,79006,2026-08-19T00:02:10,79104,72400,25.0,41.51616,2.2043107,50,True,1,
2026-08-19T02:43:39Z,5128M25693R1,25693,R1,2,79601,79602,2026-08-19T00:03:00,79606,72305,E,41.586533,2.5813315,50,False,1,
2026-08-19T02:43:39Z,6028M35678C3,35678,C3,0,13108,13117,2026-08-19T00:01:55,13100,13200,E,43.16316,-2.9277587,60,True,,2
2026-08-19T02:43:39Z,6028M35681C3,35681,C3,1,13114,13119,2026-08-19T00:00:34,13200,13100,E,43.24241,-2.9163692,60,False,1,1
2026-08-19T02:43:39Z,6128M83145C1,83145,C1,0,11508,11511,2026-08-19T00:15:00,11600,11508,,43.27241,-1.9637448,61,False,1,
2026-08-19T02:43:39Z,6228M35949C1,26949,C1,19,14210,14213,2026-08-19T00:05:36,14223,14202,E,43.255173,-4.063747,62,False,,2
2026-08-19T02:43:39Z,6228M71185C2,71185,C2,0,05605,05604,2026-08-19T00:00:45,14223,05637,79.0,43.4502,-3.8650372,62,False,,2
2026-08-19T02:43:39Z,2028M22358C3,22358,C3,0,15211,15218,2026-08-19T00:01:00,15218,16405,A,43.3588,-5.8573804,20,False,2,1
2026-08-19T02:43:39Z,2028M22132C1,22132,C1,3,15212,15217,2026-08-19T00:02:00,15218,15410,E,43.404537,-5.81196,20,False,2,2
2026-08-19T02:43:39Z,2028M22139C1,22139,C1,3,15203,15206,2026-08-19T00:04:00,15211,15122,E,43.250034,-5.782385,20,False,1,1
2026-08-19T02:43:39Z,4128M84722C1,84722,C1,26,62101,62102,2026-08-19T00:22:00,60911,62101,E,38.224415,-0.7814662,41,False,3,1
2026-08-19T02:43:39Z,4128M84931C2,84931,C2,87,61200,06002,2026-08-19T00:34:00,06006,61200,E,37.97462,-1.1315287,41,False,1,2
2026-08-19T02:43:39Z,1028M20336C4a,20336,C4a,0,19003,19002,2026-08-20T00:03:00,17000,19003,E,40.546417,-3.6351175,10,False,2,2
2026-08-19T02:43:39Z,1028M79839C8a,79839,C8a,16,10203,10203,2026-08-18T23:59:00,10203,18000,E,40.58532,-4.1321955,10,False,5,5
2026-08-19T02:43:39Z,1028M19945C1,19945,C1,0,98305,98304,2026-08-20T00:12:00,18000,98305,E,40.4924,-3.593483,10,False,2,1
2026-08-19T02:43:39Z,1028M20522C4b,20522,C4b,24,17005,17004,2026-08-19T00:05:00,18000,17005,E,40.644844,-3.7762609,10,True,3,3
2026-08-19T02:43:39Z,1028M79171C7,79171,C7,-1435,10000,10000,2026-08-19T00:17:00,10000,70200,S,40.42163,-3.7193205,10,False,1,1
2026-08-19T02:43:39Z,1028M20520C4b,20520,C4b,4,18000,60100,2026-08-19T00:06:00,37012,17005,13.0,40.40084,-3.682559,10,True,7,1
2026-08-19T02:43:39Z,1028M19793C5,19793,C5,1,35001,35009,2026-08-19T00:00:00,35607,35012,E,40.328766,-3.7714624,10,False,1,1
2026-08-19T02:43:39Z,1028M19795C5,19795,C5,1,35002,35002,2026-08-18T23:55:00,35002,35012,A,40.283237,-3.7991464,10,False,1,1
2026-08-19T02:43:39Z,1028M20518C4b,20518,C4b,4,37011,37012,2026-08-19T00:06:00,37012,17005,13.0,40.27857,-3.7384615,10,True,2,2
2026-08-19T02:43:39Z,1028M79371C7,79371,C7,-1439,18000,18000,2026-08-19T00:00:00,18000,70103,E,40.40667,-3.6893938,10,False,1,1
2026-08-19T02:43:39Z,1028M79370C7,79370,C7,-1436,70103,70103,2026-08-19T00:09:00,70103,18000,E,40.4889,-3.3666708,10,False,6,6
2026-08-19T02:43:39Z,1028M79172C7,79172,C7,4,10010,10007,2026-08-19T00:03:00,17000,10000,A,40.474438,-3.846226,10,False,2,2
2026-08-19T02:43:39Z,1028M19791C5,19791,C5,0,18003,18000,2026-08-18T23:57:00,35607,35012,S,40.39592,-3.6779969,10,False,1,9
2026-08-19T02:43:39Z,1028M19790C5,19790,C5,0,35602,35601,2026-08-18T23:59:00,35012,35607,S,40.381268,-3.7802126,10,False,1,1
2026-08-19T02:43:39Z,1028M79491C2,79491,C2,0,70104,70105,2026-08-19T00:04:00,70200,18000,19.0,40.539566,-3.2922592,10,False,2,2
2026-08-19T02:43:39Z,1028M20327C4,20327,C4,-1425,17000,17000,2026-08-19T00:14:00,17000,37012,A,40.471325,-3.6833096,10,True,3,3
2026-08-19T02:43:39Z,1028M79373C7,79373,C7,1,70108,70100,2026-08-19T00:03:00,18000,70103,23.0,40.417698,-3.5687835,10,True,1,1
2026-08-19T02:43:39Z,1028M79493C2,79493,C2,7,98003,70101,2026-08-19T00:12:00,70200,18000,E,40.471153,-3.6823752,10,True,2,2
2026-08-19T02:43:39Z,1028M20524C4b,20524,C4b,-1439,18000,18000,2026-08-19T00:40:00,18000,17005,S,40.40654,-3.6895106,10,True,7,7
2026-08-19T02:43:39Z,1028M79991C2,79991,C2,-1438,17000,17000,2026-08-19T00:12:00,17000,18000,E,40.47097,-3.68245,10,False,10,10
2026-08-19T02:43:39Z,1028M20533C4,20533,C4,-1439,17000,17000,2026-08-19T00:34:00,17000,37012,A,40.471325,-3.6833096,10,True,5,5
2026-08-19T02:43:39Z,1028M20325C4a,20325,C4a,-1420,19003,19003,2026-08-19T00:18:00,19003,37012,S,40.546417,-3.6351175,10,True,2,2
2026-08-19T02:43:39Z,1028M20531C4,20531,C4,-1431,17000,17000,2026-08-19T00:24:00,17000,37012,S,40.471325,-3.6833096,10,True,5,5
2026-08-19T02:43:39Z,1028M19788C5,19788,C5,0,35704,37001,2026-08-19T00:02:00,35012,35607,E,40.35043,-3.705141,10,False,2,6
2026-08-19T02:43:39Z,1028M79841C8a,79841,C8a,6,97100,10100,2026-08-19T00:10:00,10203,18000,8.0,40.493187,-3.738863,10,True,1,3
2026-08-19T02:43:39Z,1028M79169C7,79169,C7,22,10000,10000,2026-08-18T23:59:00,10000,70200,E,40.42163,-3.7193205,10,False,4,4
2026-08-19T02:43:39Z,1028M79988C8b,79988,C8b,-1407,17000,17000,2026-08-19T00:10:00,17000,12006,E,40.47113,-3.6828332,10,False,6,6
2026-08-19T02:43:39Z,1028M79768C10,79768,C10,-1441,10200,10200,2026-08-20T00:08:00,10200,18004,E,40.62599,-4.0081153,10,False,4,4
2026-08-19T02:43:39Z,1028M19787C5,19787,C5,-1425,35607,35607,2026-08-19T00:00:00,35607,35012,S,40.330883,-3.8823783,10,False,2,2
2026-08-19T02:43:39Z,1028M20332C4a,20332,C4a,-1422,18000,18000,2026-08-19T00:01:00,18000,19003,E,40.40654,-3.6895106,10,False,5,5
2026-08-19T02:43:39Z,1028M79987C8b,79987,C8b,-1427,12006,12006,2026-08-19T00:40:00,12006,18000,S,40.737614,-4.0662985,10,False,2,2
2026-08-19T02:43:39Z,1028M79989C2,79989,C2,5,17000,17000,2026-08-18T23:59:00,17000,18000,A,40.47097,-3.68245,10,False,10,10
2026-08-19T02:43:39Z,1028M20111C3,20111,C3,-1438,17000,17000,2026-08-19T00:23:00,17000,60200,S,40.471382,-3.6834786,10,True,5,5
2026-08-19T02:43:39Z,1028M20110C3,20110,C3,-1423,60200,60200,2026-08-19T00:00:00,60200,17000,A,40.035027,-3.6189713,10,True,5,5
2026-08-19T02:48:35Z,3028M23578C1,23578,C1,12,50700,50701,2026-08-19T00:04:24,51003,50600,10.0,37.58847,-5.73386,30,False,2,2
2026-08-19T02:48:35Z,3028M23581C1,23581,C1,19,51100,51003,2026-08-19T00:04:21,51003,51200,E,37.377792,-5.9795485,30,False,1,
2026-08-19T02:48:35Z,3028M23743C5,23743,C5,6,43003,43027,2026-08-19T00:03:16,51003,43005,33.0,37.408543,-6.1310334,30,False,,1
2026-08-19T02:48:35Z,3228M35570C1,35570,C1,1,54510,54519,2026-08-19T00:01:01,54517,54516,A,36.613625,-4.509399,32,False,2,1
2026-08-19T02:48:35Z,3228M35577C1,35577,C1,2,54501,54503,2026-08-19T00:00:35,54516,54517,E,36.70121,-4.454409,32,False,,1
2026-08-19T02:48:35Z,3228M35589C2,23589,C2,-1439,54405,54405,2026-08-19T00:19:32,54405,54517,A,36.819714,-4.699568,32,False,,
2026-08-19T02:48:35Z,3228M23405C1,23405,C1,-1435,54516,54516,2026-08-19T00:21:07,54516,54517,A,36.541843,-4.6237864,32,False,1,1
2026-08-19T02:48:35Z,3228M23400C1,23400,C1,3,54503,54501,2026-08-19T00:02:01,54517,54516,E,36.69222,-4.48376,32,False,2,2
2026-08-19T02:48:35Z,5128M25472R2N,25472,R2N,0,72400,71707,2026-08-19T00:06:03,79100,72400,E,41.30425,2.0733776,50,True,,4
2026-08-19T02:48:35Z,5128M77468R4,77468,R4,-1427,78700,78700,2026-08-19T00:32:36,78700,71600,A,41.56993,2.0143688,50,True,2,2
2026-08-19T02:48:35Z,5128M77766R4,77766,R4,-7,71801,72305,2026-08-19T00:08:59,72209,78600,A,41.36431,2.1008937,50,False,,4
2026-08-19T02:48:35Z,5128M28393R2S,28393,R2S,-2,71802,71801,2026-08-19T00:01:30,71700,79400,A,41.379513,2.1412146,50,False,,
2026-08-19T02:48:35Z,5128M28490R2,28490,R2,-1437,71700,71700,2026-08-19T00:22:53,71700,79104,A,41.27745,1.9777229,50,True,3,3
2026-08-19T02:48:35Z,5128M77568R4,77568,R4,39,72206,72205,2026-08-19T00:02:35,71600,78600,E,41.39581,1.7681432,50,False,,1
2026-08-19T02:48:35Z,5128M77768R4,77768,R4,7,71801,72305,2026-08-19T00:06:18,72209,78700,E,41.379536,2.1411612,50,False,8,
2026-08-19T02:48:35Z,5128M25795R1,25795,R1,-1,79403,79404,2026-08-19T00:03:24,79500,72305,A,41.445705,2.2490852,50,True,,1
2026-08-19T02:48:35Z,5128M25567R2S,25567,R2S,3,71604,71603,2026-08-19T00:03:10,71600,79400,E,41.20413,1.6760199,50,False,1,1
2026-08-19T02:48:35Z,5128M28484R2N,28484,R2N,2,71707,72400,2026-08-19T00:00:40,72400,79200,87.0,41.301285,2.0645964,50,True,,1
2026-08-19T02:48:35Z,5128M77464R4,77464,R4,-1413,78600,78600,2026-08-19T00:24:04,78600,71600,A,41.72026,1.826487,50,False,2,2
2026-08-19T02:48:35Z,5128M25470R2N,25470,R2N,5,79011,79006,2026-08-19T00:02:10,79104,72400,25.0,41.51616,2.2043107,50,True,1,
2026-08-19T02:48:35Z,5128M25693R1,25693,R1,2,79601,79602,2026-08-19T00:03:00,79606,72305,E,41.586533,2.5813315,50,False,1,
2026-08-19T02:48:35Z,6028M35678C3,35678,C3,0,13108,13117,2026-08-19T00:01:55,13100,13200,E,43.16316,-2.9277587,60,True,,2
2026-08-19T02:48:35Z,6028M35681C3,35681,C3,1,13114,13119,2026-08-19T00:00:34,13200,13100,E,43.24241,-2.9163692,60,False,1,1
2026-08-19T02:48:35Z,6128M83145C1,83145,C1,0,11508,11511,2026-08-19T00:15:00,11600,11508,,43.27241,-1.9637448,61,False,1,
2026-08-19T02:48:35Z,6228M35949C1,26949,C1,19,14210,14213,2026-08-19T00:05:36,14223,14202,E,43.255173,-4.063747,62,False,,2
2026-08-19T02:48:35Z,6228M71185C2,71185,C2,0,05605,05604,2026-08-19T00:00:45,14223,05637,79.0,43.4502,-3.8650372,62,False,,2
2026-08-19T02:48:35Z,2028M22358C3,22358,C3,0,15211,15218,2026-08-19T00:01:00,15218,16405,A,43.3588,-5.8573804,20,False,2,1
2026-08-19T02:48:35Z,2028M22132C1,22132,C1,3,15212,15217,2026-08-19T00:02:00,15218,15410,E,43.404537,-5.81196,20,False,2,2
2026-08-19T02:48:35Z,2028M22139C1,22139,C1,3,15203,15206,2026-08-19T00:04:00,15211,15122,E,43.250034,-5.782385,20,False,1,1
2026-08-19T02:48:35Z,4128M84722C1,84722,C1,26,62101,62102,2026-08-19T00:22:00,60911,62101,E,38.224415,-0.7814662,41,False,3,1
2026-08-19T02:48:35Z,4128M84931C2,84931,C2,87,61200,06002,2026-08-19T00:34:00,06006,61200,E,37.97462,-1.1315287,41,False,1,2
2026-08-19T02:48:35Z,1028M20336C4a,20336,C4a,0,19003,19002,2026-08-20T00:03:00,17000,19003,E,40.546417,-3.6351175,10,False,2,2
2026-08-19T02:48:35Z,1028M79839C8a,79839,C8a,16,10203,10203,2026-08-18T23:59:00,10203,18000,E,40.58532,-4.1321955,10,False,5,5
2026-08-19T02:48:35Z,1028M19945C1,19945,C1,0,98305,98304,2026-08-20T00:12:00,18000,98305,E,40.4924,-3.593483,10,False,2,1
2026-08-19T02:48:35Z,1028M20522C4b,20522,C4b,24,17005,17004,2026-08-19T00:05:00,18000,17005,E,40.644844,-3.7762609,10,True,3,3
2026-08-19T02:48:35Z,1028M79171C7,79171,C7,-1435,10000,10000,2026-08-19T00:17:00,10000,70200,S,40.42163,-3.7193205,10,False,1,1
2026-08-19T02:48:35Z,1028M20520C4b,20520,C4b,4,18000,60100,2026-08-19T00:06:00,37012,17005,13.0,40.40084,-3.682559,10,True,7,1
2026-08-19T02:48:35Z,1028M19793C5,19793,C5,1,35001,35009,2026-08-19T00:00:00,35607,35012,E,40.328766,-3.7714624,10,False,1,1
2026-08-19T02:48:35Z,1028M19795C5,19795,C5,1,35002,35002,2026-08-18T23:55:00,35002,35012,A,40.283237,-3.7991464,10,False,1,1
2026-08-19T02:48:35Z,1028M20518C4b,20518,C4b,4,37011,37012,2026-08-19T00:06:00,37012,17005,13.0,40.27857,-3.7384615,10,True,2,2
2026-08-19T02:48:35Z,1028M79371C7,79371,C7,-1439,18000,18000,2026-08-19T00:00:00,18000,70103,E,40.40667,-3.6893938,10,False,1,1
2026-08-19T02:48:35Z,1028M79370C7,79370,C7,-1436,70103,70103,2026-08-19T00:09:00,70103,18000,E,40.4889,-3.3666708,10,False,6,6
2026-08-19T02:48:35Z,1028M79172C7,79172,C7,4,10010,10007,2026-08-19T00:03:00,17000,10000,A,40.474438,-3.846226,10,False,2,2
2026-08-19T02:48:35Z,1028M19791C5,19791,C5,0,18003,18000,2026-08-18T23:57:00,35607,35012,S,40.39592,-3.6779969,10,False,1,9
2026-08-19T02:48:35Z,1028M19790C5,19790,C5,0,35602,35601,2026-08-18T23:59:00,35012,35607,S,40.381268,-3.7802126,10,False,1,1
2026-08-19T02:48:35Z,1028M79491C2,79491,C2,0,70104,70105,2026-08-19T00:04:00,70200,18000,19.0,40.539566,-3.2922592,10,False,2,2
2026-08-19T02:48:35Z,1028M20327C4,20327,C4,-1425,17000,17000,2026-08-19T00:14:00,17000,37012,A,40.471325,-3.6833096,10,True,3,3
2026-08-19T02:48:35Z,1028M79373C7,79373,C7,1,70108,70100,2026-08-19T00:03:00,18000,70103,23.0,40.417698,-3.5687835,10,True,1,1
2026-08-19T02:48:35Z,1028M79493C2,79493,C2,7,98003,70101,2026-08-19T00:12:00,70200,18000,E,40.471153,-3.6823752,10,True,2,2
2026-08-19T02:48:35Z,1028M20524C4b,20524,C4b,-1439,18000,18000,2026-08-19T00:40:00,18000,17005,S,40.40654,-3.6895106,10,True,7,7
2026-08-19T02:48:35Z,1028M79991C2,79991,C2,-1438,17000,17000,2026-08-19T00:12:00,17000,18000,E,40.47097,-3.68245,10,False,10,10
2026-08-19T02:48:35Z,1028M20533C4,20533,C4,-1439,17000,17000,2026-08-19T00:34:00,17000,37012,A,40.471325,-3.6833096,10,True,5,5
2026-08-19T02:48:35Z,1028M20325C4a,20325,C4a,-1420,19003,19003,2026-08-19T00:18:00,19003,37012,S,40.546417,-3.6351175,10,True,2,2
2026-08-19T02:48:35Z,1028M20531C4,20531,C4,-1431,17000,17000,2026-08-19T00:24:00,17000,37012,S,40.471325,-3.6833096,10,True,5,5
2026-08-19T02:48:35Z,1028M19788C5,19788,C5,0,35704,37001,2026-08-19T00:02:00,35012,35607,E,40.35043,-3.705141,10,False,2,6
2026-08-19T02:48:35Z,1028M79841C8a,79841,C8a,6,97100,10100,2026-08-19T00:10:00,10203,18000,8.0,40.493187,-3.738863,10,True,1,3
2026-08-19T02:48:35Z,1028M79169C7,79169,C7,22,10000,10000,2026-08-18T23:59:00,10000,70200,E,40.42163,-3.7193205,10,False,4,4
2026-08-19T02:48:35Z,1028M79988C8b,79988,C8b,-1407,17000,17000,2026-08-19T00:10:00,17000,12006,E,40.47113,-3.6828332,10,False,6,6
2026-08-19T02:48:35Z,1028M79768C10,79768,C10,-1441,10200,10200,2026-08-20T00:08:00,10200,18004,E,40.62599,-4.0081153,10,False,4,4
2026-08-19T02:48:35Z,1028M19787C5,19787,C5,-1425,35607,35607,2026-08-19T00:00:00,35607,35012,S,40.330883,-3.8823783,10,False,2,2
2026-08-19T02:48:35Z,1028M20332C4a,20332,C4a,-1422,18000,18000,2026-08-19T00:01:00,18000,19003,E,40.40654,-3.6895106,10,False,5,5
2026-08-19T02:48:35Z,1028M79987C8b,79987,C8b,-1427,12006,12006,2026-08-19T00:40:00,12006,18000,S,40.737614,-4.0662985,10,False,2,2
2026-08-19T02:48:35Z,1028M79989C2,79989,C2,5,17000,17000,2026-08-18T23:59:00,17000,18000,A,40.47097,-3.68245,10,False,10,10
2026-08-19T02:48:35Z,1028M20111C3,20111,C3,-1438,17000,17000,2026-08-19T00:23:00,17000,60200,S,40.471382,-3.6834786,10,True,5,5
2026-08-19T02:48:35Z,1028M20110C3,20110,C3,-1423,60200,60200,2026-08-19T00:00:00,60200,17000,A,40.035027,-3.6189713,10,True,5,5
2026-08-19T02:53:41Z,SPECIAL_10_91525C4A,91525,C4A,2,37012,37011,2026-08-19T04:58:00,,37012,E,40.24143,-3.769159,10,False,,2
2026-08-19T02:58:32Z,SPECIAL_10_91525C4A,91525,C4A,5,37012,37011,2026-08-19T05:01:00,,37012,E,40.24143,-3.769159,10,False,,2
2026-08-19T03:04:29Z,SPECIAL_10_91525C4A,91525,C4A,-2,18002,18002,2026-08-19T05:23:00,,37012,A,40.4466,-3.6920877,10,False,,1
2026-08-19T03:09:02Z,SPECIAL_10_91525C4A,91525,C4A,-2,17000,17000,2026-08-19T05:28:00,,37012,A,40.471325,-3.6833096,10,False,,11
2026-08-19T03:13:34Z,SPECIAL_10_91525C4A,91525,C4A,22,37012,37011,2026-08-19T05:18:00,,37012,E,40.24143,-3.769159,10,False,,2
2026-08-19T03:18:40Z,SPECIAL_10_91525C4A,91525,C4A,27,37012,37011,2026-08-19T05:23:00,,37012,E,40.24143,-3.769159,10,False,,2
2026-08-19T03:24:03Z,SPECIAL_10_91525C4A,91525,C4A,32,37012,37011,2026-08-19T05:28:00,,37012,E,40.24143,-3.769159,10,False,,2
2026-08-19T03:28:32Z,SPECIAL_10_91525C4A,91525,C4A,37,37012,37011,2026-08-19T05:33:00,,37012,E,40.24143,-3.769159,10,False,,2
2026-08-19T03:33:57Z,SPECIAL_10_91525C4A,91525,C4A,42,37012,37011,2026-08-19T05:38:00,,37012,E,40.24143,-3.769159,10,False,,2
2026-08-19T03:38:55Z,SPECIAL_10_91525C4A,91525,C4A,47,37012,37011,2026-08-19T05:43:00,,37012,E,40.24143,-3.769159,10,False,,2
2026-08-19T03:43:37Z,SPECIAL_10_91525C4A,91525,C4A,52,37012,37011,2026-08-19T05:48:00,,37012,E,40.24143,-3.769159,10,False,,2
2026-08-19T03:48:40Z,SPECIAL_10_91525C4A,91525,C4A,57,37012,37011,2026-08-19T05:53:00,,37012,E,40.24143,-3.769159,10,False,,2
2026-08-19T03:53:35Z,SPECIAL_10_91525C4A,91525,C4A,62,37012,37011,2026-08-19T05:58:00,,37012,E,40.24143,-3.769159,10,False,,2
2026-08-19T03:58:32Z,SPECIAL_10_91525C4A,91525,C4A,67,37012,37011,2026-08-19T06:03:00,,37012,E,40.24143,-3.769159,10,False,,2
2026-08-19T04:04:01Z,SPECIAL_10_91525C4A,91525,C4A,72,37012,37011,2026-08-19T06:08:00,,37012,E,40.24143,-3.769159,10,False,,2
2026-08-19T04:08:33Z,SPECIAL_10_91525C4A,91525,C4A,77,37012,37011,2026-08-19T06:13:00,,37012,E,40.24143,-3.769159,10,False,,2
2026-08-19T04:14:11Z,SPECIAL_10_91525C4A,91525,C4A,82,37012,37011,2026-08-19T06:18:00,,37012,E,40.24143,-3.769159,10,False,,2
2026-08-19T04:18:37Z,SPECIAL_10_91525C4A,91525,C4A,87,37012,37011,2026-08-19T06:23:00,,37012,E,40.24143,-3.769159,10,False,,2
2026-08-19T04:23:39Z,SPECIAL_10_91525C4A,91525,C4A,89,37012,37011,2026-08-19T06:25:00,,37012,E,40.24143,-3.769159,10,False,,2
2026-08-19T04:28:59Z,SPECIAL_10_91525C4A,91525,C4A,89,37012,37011,2026-08-19T06:25:00,,37012,E,40.24143,-3.769159,10,False,,2
2026-08-19T04:33:51Z,SPECIAL_10_91525C4A,91525,C4A,89,37012,37011,2026-08-19T06:25:00,,37012,E,40.24143,-3.769159,10,False,,2
2026-08-19T04:38:34Z,SPECIAL_10_91525C4A,91525,C4A,89,37012,37011,2026-08-19T06:25:00,,37012,E,40.24143,-3.769159,10,False,,2
2026-08-19T04:43:37Z,SPECIAL_10_91525C4A,91525,C4A,89,37012,37011,2026-08-19T06:25:00,,37012,E,40.24143,-3.769159,10,False,,2
2026-08-19T04:49:09Z,SPECIAL_10_91525C4A,91525,C4A,89,37012,37011,2026-08-19T06:25:00,,37012,E,40.24143,-3.769159,10,False,,2
2026-08-19T04:53:41Z,SPECIAL_10_91525C4A,91525,C4A,89,37012,37011,2026-08-19T06:25:00,,37012,E,40.24143,-3.769159,10,False,,2
2026-08-19T04:58:59Z,SPECIAL_10_91525C4A,91525,C4A,89,37012,37011,2026-08-19T06:25:00,,37012,E,40.24143,-3.769159,10,False,,2
2026-08-19T05:04:10Z,SPECIAL_10_91525C4A,91525,C4A,89,37012,37011,2026-08-19T06:25:00,,37012,E,40.24143,-3.769159,10,False,,2
2026-08-19T05:08:55Z,SPECIAL_10_91525C4A,91525,C4A,89,37012,37011,2026-08-19T06:25:00,,37012,E,40.24143,-3.769159,10,False,,2
2026-08-19T05:14:07Z,SPECIAL_10_91525C4A,91525,C4A,89,37012,37011,2026-08-19T06:25:00,,37012,E,40.24143,-3.769159,10,False,,2
2026-08-19T05:18:44Z,SPECIAL_10_91525C4A,91525,C4A,89,37012,37011,2026-08-19T06:25:00,,37012,E,40.24143,-3.769159,10,False,,2
2026-08-19T05:23:36Z,SPECIAL_10_91525C4A,91525,C4A,89,37012,37011,2026-08-19T06:25:00,,37012,E,40.24143,-3.769159,10,False,,2
2026-08-19T05:28:26Z,SPECIAL_10_91525C4A,91525,C4A,89,37012,37011,2026-08-19T06:25:00,,37012,E,40.24143,-3.769159,10,False,,2
2026-08-19T05:33:52Z,SPECIAL_10_91525C4A,91525,C4A,89,37012,37011,2026-08-19T06:25:00,,37012,E,40.24143,-3.769159,10,False,,2
2026-08-19T05:38:30Z,SPECIAL_10_91525C4A,91525,C4A,89,37012,37011,2026-08-19T06:25:00,,37012,E,40.24143,-3.769159,10,False,,2
2026-08-19T05:44:06Z,SPECIAL_10_91525C4A,91525,C4A,89,37012,37011,2026-08-19T06:25:00,,37012,E,40.24143,-3.769159,10,False,,2
2026-08-19T05:48:35Z,SPECIAL_10_91525C4A,91525,C4A,89,37012,37011,2026-08-19T06:25:00,,37012,E,40.24143,-3.769159,10,False,,2
2026-08-19T05:53:43Z,SPECIAL_10_91525C4A,91525,C4A,89,37012,37011,2026-08-19T06:25:00,,37012,E,40.24143,-3.769159,10,False,,2
2026-08-19T05:58:33Z,SPECIAL_10_91525C4A,91525,C4A,89,37012,37011,2026-08-19T06:25:00,,37012,E,40.24143,-3.769159,10,False,,2
2026-08-19T06:04:15Z,SPECIAL_10_91525C4A,91525,C4A,89,37012,37011,2026-08-19T06:25:00,,37012,E,40.24143,-3.769159,10,False,,2
2026-08-19T06:08:40Z,SPECIAL_10_91525C4A,91525,C4A,89,37012,37011,2026-08-19T06:25:00,,37012,E,40.24143,-3.769159,10,False,,2
2026-08-19T06:13:40Z,SPECIAL_10_91525C4A,91525,C4A,89,37012,37011,2026-08-19T06:25:00,,37012,E,40.24143,-3.769159,10,False,,2
2026-08-19T06:18:38Z,SPECIAL_10_91525C4A,91525,C4A,89,37012,37011,2026-08-19T06:25:00,,37012,E,40.24143,-3.769159,10,False,,2
2026-08-19T06:24:09Z,SPECIAL_10_91525C4A,91525,C4A,89,37012,37011,2026-08-19T06:25:00,,37012,E,40.24143,-3.769159,10,False,,2
2026-08-19T06:28:29Z,SPECIAL_10_91525C4A,91525,C4A,89,37012,37011,2026-08-19T06:25:00,,37012,E,40.24143,-3.769159,10,False,,2
2026-08-19T06:34:19Z,SPECIAL_10_91525C4A,91525,C4A,89,37012,37011,2026-08-19T06:25:00,,37012,E,40.24143,-3.769159,10,False,,2
2026-08-19T06:38:40Z,SPECIAL_10_91525C4A,91525,C4A,89,37012,37011,2026-08-19T06:25:00,,37012,E,40.24143,-3.769159,10,False,,2
2026-08-19T06:43:43Z,SPECIAL_10_91525C4A,91525,C4A,89,37012,37011,2026-08-19T06:25:00,,37012,E,40.24143,-3.769159,10,False,,2
2026-08-19T06:48:37Z,SPECIAL_10_91525C4A,91525,C4A,89,37012,37011,2026-08-19T06:25:00,,37012,E,40.24143,-3.769159,10,False,,2
2026-08-19T06:53:46Z,SPECIAL_10_91525C4A,91525,C4A,89,37012,37011,2026-08-19T06:25:00,,37012,E,40.24143,-3.769159,10,False,,2
2026-08-19T06:58:37Z,SPECIAL_10_91525C4A,91525,C4A,89,37012,37011,2026-08-19T06:25:00,,37012,E,40.24143,-3.769159,10,False,,2
2026-08-19T07:04:08Z,SPECIAL_10_91525C4A,91525,C4A,89,37012,37011,2026-08-19T06:25:00,,37012,E,40.24143,-3.769159,10,False,,2
2026-08-19T07:09:04Z,SPECIAL_10_91525C4A,91525,C4A,89,37012,37011,2026-08-19T06:25:00,,37012,E,40.24143,-3.769159,10,False,,2
2026-08-19T07:13:39Z,SPECIAL_10_91525C4A,91525,C4A,89,37012,37011,2026-08-19T06:25:00,,37012,E,40.24143,-3.769159,10,False,,2
2026-08-19T07:19:12Z,SPECIAL_10_91525C4A,91525,C4A,89,37012,37011,2026-08-19T06:25:00,,37012,E,40.24143,-3.769159,10,False,,2
2026-08-19T07:23:46Z,SPECIAL_10_91525C4A,91525,C4A,89,37012,37011,2026-08-19T06:25:00,,37012,E,40.24143,-3.769159,10,False,,2
2026-08-19T07:28:46Z,SPECIAL_10_91525C4A,91525,C4A,89,37012,37011,2026-08-19T06:25:00,,37012,E,40.24143,-3.769159,10,False,,2
2026-08-19T07:34:21Z,SPECIAL_10_91525C4A,91525,C4A,89,37012,37011,2026-08-19T06:25:00,,37012,E,40.24143,-3.769159,10,False,,2
2026-08-19T07:38:49Z,SPECIAL_10_91525C4A,91525,C4A,89,37012,37011,2026-08-19T06:25:00,,37012,E,40.24143,-3.769159,10,False,,2
2026-08-19T07:43:43Z,SPECIAL_10_91525C4A,91525,C4A,89,37012,37011,2026-08-19T06:25:00,,37012,E,40.24143,-3.769159,10,False,,2
2026-08-19T07:48:52Z,3029X23615C4,23615,C4,13,51009,51010,2026-08-19T09:52:34,51100,00000,A,37.370792,-5.939321,30,False,2,2
2026-08-19T07:48:52Z,3029X23617C4,23617,C4,0,51003,51009,2026-08-19T10:03:00,51003,00000,A,37.4036,-5.936382,30,False,8,2
2026-08-19T07:48:52Z,3029X23711C5,23711,C5,9,43004,43003,2026-08-19T09:52:43,51113,43005,E,37.381527,-6.193782,30,False,,3
2026-08-19T07:48:52Z,3029X35315C2,23055,C2,0,51050,51051,2026-08-19T09:52:00,51003,51050,A,37.417423,-6.007467,30,False,1,
2026-08-19T07:48:52Z,3029X23809C5,23809,C5,4,43027,43003,2026-08-19T09:59:53,43005,51113,E,37.410107,-6.0990853,30,False,2,1
2026-08-19T07:48:52Z,3029X36322C1,23522,C1,12,50702,50704,2026-08-19T09:56:32,51200,50600,A,37.486298,-5.932888,30,False,2,2
2026-08-19T07:48:52Z,3029X23524C1,23524,C1,4,50602,50700,2026-08-19T09:54:10,51200,50600,A,37.58964,-5.7261076,30,False,2,2
2026-08-19T07:48:52Z,3029X23527C1,23527,C1,10,51111,51113,2026-08-19T09:50:11,51003,51200,16.0,37.321526,-5.964239,30,False,1,1
2026-08-19T07:48:52Z,3029X23529C1,23529,C1,8,51200,51112,2026-08-19T09:52:03,50600,51200,64.0,37.246487,-5.865645,30,False,,1
2026-08-19T07:48:52Z,3029X23709C5,23709,C5,12,51110,51113,2026-08-19T09:50:44,51113,43005,44.0,37.349693,-5.970509,30,False,,2
2026-08-19T07:48:52Z,3029X23520C1,23520,C1,13,51103,51112,2026-08-19T09:51:44,51200,50600,A,37.27829,-5.9103913,30,False,2,2
2026-08-19T07:48:52Z,3129X23211C1,23211,C1,10,51300,51300,2026-08-19T09:52:00,51300,51405,A,36.680237,-6.12622,31,False,2,2
2026-08-19T07:48:52Z,3129X23213C1,23213,C1,5,51401,51415,2026-08-19T09:55:00,51300,51405,A,36.544746,-6.1988378,31,False,1,1
2026-08-19T07:48:52Z,3129X23212C1,23212,C1,1,51300,51400,2026-08-19T09:58:00,51405,51300,S,36.67634,-6.123973,31,False,2,2
2026-08-19T07:48:52Z,3129X23430T1,23430,T1,0,51454,51455,2026-08-19T09:51:00,51405,51450,A,36.428635,-6.1433587,31,False,2,2
2026-08-19T07:48:52Z,3129X23210C1,23210,C1,4,51404,51414,2026-08-19T09:51:00,51405,51300,E,36.513554,-6.2769666,31,False,2,2
2026-08-19T07:48:52Z,3129X23427T1,23427,T1,2,51456,51455,2026-08-19T09:55:00,51450,51405,A,36.428635,-6.1433587,31,False,1,1
2026-08-19T07:48:52Z,3129X23429T1,23429,T1,0,51405,51414,2026-08-19T09:54:00,51450,51405,,36.529045,-6.2877955,31,False,4,1
2026-08-19T07:48:52Z,3229X23157C2,23157,C2,0,54412,54410,2026-08-19T09:53:47,54405,54517,A,36.705082,-4.545475,32,False,,
2026-08-19T07:48:52Z,3229X23323C1,23323,C1,1,54514,54515,2026-08-19T09:52:45,54516,54517,A,36.55467,-4.6145897,32,False,1,1
2026-08-19T07:48:52Z,3229X23322C1,23322,C1,0,54516,54515,2026-08-19T10:02:00,54517,54516,A,36.55467,-4.6145897,32,False,1,1
2026-08-19T07:48:52Z,3229X23320C1,23320,C1,-1,54512,54511,2026-08-19T09:52:24,54517,54516,A,36.59906,-4.536344,32,False,,1
2026-08-19T07:48:52Z,3229X23318C1,23318,C1,1,54518,54520,2026-08-19T09:49:35,54517,54516,E,36.645103,-4.485182,32,False,,1
2026-08-19T07:48:52Z,4029X76607C3,76607,C3,0,66209,66208,2026-08-19T10:02:33,66206,65002,E,39.485516,-0.56741005,40,False,,
2026-08-19T07:48:52Z,4029X24217C1,24217,C1,0,69102,69103,2026-08-19T09:53:42,69110,65000,25.0,39.259884,-0.36253163,40,False,,1
2026-08-19T07:48:52Z,4029X24019C2,24019,C2,5,64006,64006,2026-08-19T09:45:03,64003,65000,E,38.96917,-0.5866923,40,False,3,3
2026-08-19T07:48:52Z,4029X24316C6,24316,C6,0,65000,65002,2026-08-19T09:56:00,65300,65000,A,39.441483,-0.37143394,40,False,21,
2026-08-19T07:48:52Z,4029X24220C1,24220,C1,4,69110,69107,2026-08-19T09:53:07,65000,69110,23.0,38.986237,-0.18120407,40,False,,
2026-08-19T07:48:52Z,4029X24292C1,24292,C1,7,64200,64201,2026-08-19T09:52:23,65000,69111,A,39.399967,-0.3990348,40,False,1,2
2026-08-19T07:48:52Z,4029X84026C2,84026,C2,0,64006,64006,2026-08-19T09:34:00,65000,64003,E,38.96917,-0.5866923,40,False,,
2026-08-19T07:48:52Z,4029X24319C6,24319,C6,0,65300,65209,2026-08-19T10:04:00,65000,65300,,39.988174,-0.05200379,40,False,,1
2026-08-19T07:48:52Z,4029X24219C1,24219,C1,0,65000,64203,2026-08-19T09:59:00,69110,65000,A,39.42246,-0.39274746,40,False,2,1
2026-08-19T07:48:52Z,4029X24310C6,24310,C6,2,65300,65300,2026-08-19T09:50:25,65300,65000,A,39.988174,-0.05200379,40,False,2,2
2026-08-19T07:48:52Z,4029X76610C3,76610,C3,11,66208,66209,2026-08-19T09:59:01,65002,66206,12.0,39.495697,-0.6720374,40,False,,
2026-08-19T07:48:52Z,4029X24023C2,24023,C2,3,64102,64007,2026-08-19T09:53:47,64006,65000,A,39.050167,-0.47737372,40,False,1,1
2026-08-19T07:48:52Z,4029X24026C2,24026,C2,2,64104,64105,2026-08-19T09:55:45,65000,64006,A,39.19323,-0.4412666,40,False,2,2
2026-08-19T07:48:52Z,4029X24029C2,24029,C2,0,65000,64203,2026-08-19T10:07:00,64003,65000,A,39.42246,-0.39274746,40,False,8,1
2026-08-19T07:48:52Z,4029X24312C6,24312,C6,10,65202,65204,2026-08-19T09:51:28,65300,65000,26.0,39.757748,-0.21128522,40,False,,2
2026-08-19T07:48:52Z,4029X24315C6,24315,C6,0,65008,65007,2026-08-19T09:52:21,65000,65300,A,39.58835,-0.31190032,40,False,,1
2026-08-19T07:48:52Z,4029X24215C1,24215,C1,12,69104,69105,2026-08-19T09:56:04,69110,65000,24.0,39.15339,-0.26603955,40,False,,1
2026-08-19T07:48:52Z,4029X24216C1,24216,C1,3,69102,69101,2026-08-19T09:55:39,65000,69110,A,39.303005,-0.3941693,40,False,2,2
2026-08-19T07:48:52Z,5129X25722R1,25722,R1,-1,78804,78805,2026-08-19T09:51:21,72305,79600,A,41.387875,2.1697214,50,True,,2
2026-08-19T07:48:52Z,5129X25719R1,25719,R1,6,79502,79600,2026-08-19T09:48:52,79600,72305,E,41.568428,2.5260491,50,False,,
2026-08-19T07:48:52Z,5129X25725R1,25725,R1,1,79009,79403,2026-08-19T09:56:56,79500,72305,15.0,41.41608,2.192542,50,True,,1
2026-08-19T07:48:52Z,5129X25724R1,25724,R1,6,79501,79500,2026-08-19T09:51:22,72305,79603,E,41.55539,2.4983492,50,False,,2
2026-08-19T07:48:52Z,5129X15034R15,15034,R15,14,71500,71502,2026-08-19T09:48:45,79400,71400,97.0,41.136444,1.3696839,50,False,,
2026-08-19T07:48:52Z,5129X25510R2S,25510,R2S,8,79400,79400,2026-08-19T09:50:06,79400,71700,A,41.3834,2.1864636,50,False,11,11
2026-08-19T07:48:52Z,5129X25630R1,25630,R1,3,79601,79600,2026-08-19T09:53:03,72305,79200,A,41.577496,2.549442,50,False,1,2
2026-08-19T07:48:52Z,5129X28276R2S,28276,R2S,8,71801,71802,2026-08-19T09:47:35,79400,71600,S,41.379513,2.1412146,50,False,,
2026-08-19T07:48:52Z,5129X25512R2S,25512,R2S,17,71701,71705,2026-08-19T09:59:22,79400,71600,16.0,41.236065,1.8380594,50,True,,2
2026-08-19T07:48:52Z,5129X77410R4,77410,R4,50,71801,78805,2026-08-19T09:51:58,78600,71600,13.0,41.381054,2.1448464,50,False,,1
2026-08-19T07:48:52Z,5129X28279R2S,28279,R2S,5,71802,71801,2026-08-19T09:48:01,71700,79400,A,41.379513,2.1412146,50,False,,
2026-08-19T07:48:52Z,5129X77610R4,77610,R4,28,78703,78704,2026-08-19T09:52:43,78700,72209,A,41.546566,2.1159177,50,False,4,1
2026-08-19T07:48:52Z,5129X35531R3,23531,R3,21,77113,77114,2026-08-19T09:53:23,77200,77102,30.0,42.11208,2.2103398,50,False,,
2026-08-19T07:48:52Z,5129X25514R2S,25514,R2S,8,71602,71603,2026-08-19T09:51:24,79400,71600,E,41.19241,1.6064517,50,False,2,
2026-08-19T07:48:52Z,5129X25513R2S,25513,R2S,7,71700,71604,2026-08-19T09:57:09,71600,79400,A,41.20413,1.6760199,50,True,1,
2026-08-19T07:48:52Z,5129X77420R4,77420,R4,0,71600,72201,2026-08-19T10:02:00,78600,71600,A,41.220802,1.5381482,50,False,,2
2026-08-19T07:48:52Z,5129X77412R4,77412,R4,26,72305,71801,2026-08-19T09:53:08,78600,71600,23.0,41.366203,2.1110048,50,False,,
2026-08-19T07:48:52Z,5129X28277R2S,28277,R2S,5,71704,71703,2026-08-19T09:51:14,71700,79400,A,41.254333,1.9026438,50,False,,
2026-08-19T07:48:52Z,5129X28278R2S,28278,R2S,1,71708,71801,2026-08-19T09:56:24,79400,71700,A,41.379513,2.1412146,50,False,2,
2026-08-19T07:48:52Z,5129X77414R4,77414,R4,5,72301,72302,2026-08-19T09:50:20,78600,72204,E,41.38308,2.0479817,50,False,,2
2026-08-19T07:48:52Z,5129X77612R4,77612,R4,1,78705,78703,2026-08-19T09:52:02,78700,72305,A,41.528614,2.1051986,50,True,1,1
2026-08-19T07:48:52Z,5129X77500R4,77500,R4,36,72202,72201,2026-08-19T09:55:44,71600,78700,19.0,41.26361,1.588485,50,False,,1
2026-08-19T07:48:52Z,5129X77614R4,77614,R4,0,78805,78804,2026-08-19T09:50:43,78700,72305,E,41.387875,2.1697214,50,True,,1
2026-08-19T07:48:52Z,5129X28420R2N,28420,R2N,4,79102,79101,2026-08-19T09:53:25,72400,79104,A,41.636314,2.3562145,50,True,,
2026-08-19T07:48:52Z,5129X78638R8,78638,R8,3,72508,72503,2026-08-19T09:51:59,72209,79100,E,41.526154,2.1863635,50,True,,2
2026-08-19T07:48:52Z,5129X25727R1,25727,R1,3,71801,78805,2026-08-19T09:52:36,79500,72305,E,41.379536,2.1411612,50,True,9,1
2026-08-19T07:48:52Z,5129X25729R1,25729,R1,0,72305,71801,2026-08-19T10:03:00,79500,72305,A,41.379536,2.1411612,50,True,,
2026-08-19T07:48:52Z,5129X77416R4,77416,R4,4,72208,72209,2026-08-19T09:54:59,78600,71600,19.0,41.455612,1.8762571,50,False,,2
2026-08-19T07:48:52Z,5129X77418R4,77418,R4,0,72204,72205,2026-08-19T09:57:00,78600,72204,A,41.370678,1.7253983,50,False,2,2
2026-08-19T07:48:52Z,5129X77616R4,77616,R4,0,72305,71801,2026-08-19T10:12:00,78700,72305,A,41.379536,2.1411612,50,False,1,
2026-08-19T07:48:52Z,5129X15003R15,15003,R15,20,71401,71400,2026-08-19T09:52:55,71400,79400,60.0,41.154083,1.118929,50,False,,
2026-08-19T07:48:52Z,5129X15004R15,15004,R15,20,71700,71801,2026-08-19T10:26:31,79400,71400,A,41.379536,2.1411645,50,False,3,
2026-08-19T07:48:52Z,5129X25723R1,25723,R1,-1,79408,79409,2026-08-19T09:51:06,79500,72305,E,41.47896,2.3195477,50,False,,1
2026-08-19T07:48:52Z,5129X15780R11,15780,R11,0,79309,79303,2026-08-19T10:04:00,71801,79309,,42.265114,2.968971,50,True,,
2026-08-19T07:48:52Z,5129X77618R4,77618,R4,0,72305,71801,2026-08-19T10:42:00,78700,72305,A,41.379536,2.1411612,50,False,1,
2026-08-19T07:48:52Z,5129X15802R11,15802,R11,6,79300,79303,2026-08-19T09:54:58,79315,71801,46.0,42.025234,2.8630335,50,True,,
2026-08-19T07:48:52Z,5129X25628R1,25628,R1,16,79500,79412,2026-08-19T09:51:04,72305,79606,36.0,41.52297,2.4302142,50,False,,2
2026-08-19T07:48:52Z,5129X35539R3,35539,R3,7,77107,77109,2026-08-19T09:58:35,77200,77102,8.0,41.8468,2.254131,50,False,,1
2026-08-19T07:48:52Z,5129X77520R4,77520,R4,2,78705,78706,2026-08-19T09:52:18,72204,78600,E,41.513508,2.1183457,50,False,2,2
2026-08-19T07:48:52Z,5129X35522R3,35522,R3,0,77303,77301,2026-08-19T10:01:00,77102,77303,E,42.300304,2.166012,50,False,,
2026-08-19T07:48:52Z,5129X28416R2N,28416,R2N,2,71708,71707,2026-08-19T09:50:53,72400,79104,40.0,41.338966,2.1127276,50,True,,1
2026-08-19T07:48:52Z,5129X25622R1,25622,R1,2,72305,72305,2026-08-19T09:48:56,72305,79603,A,41.36431,2.1008937,50,True,,
2026-08-19T07:48:52Z,5129X77522R4,77522,R4,4,78605,78606,2026-08-19T09:48:20,71600,78600,S,41.628757,1.8689924,50,False,,2
2026-08-19T07:48:52Z,5129X15061R17,15061,R17,13,71502,71500,2026-08-19T09:55:27,65411,79400,30.0,41.135338,1.3366727,50,False,,
2026-08-19T07:48:52Z,5129X25624R1,25624,R1,1,71801,72305,2026-08-19T09:57:21,72305,79200,A,41.36431,2.1008937,50,False,8,
2026-08-19T07:48:52Z,5129X35520R3,35520,R3,18,77113,77112,2026-08-19T09:52:11,77102,77309,38.0,42.088036,2.2278895,50,False,,
2026-08-19T07:48:52Z,5129X77524R4,77524,R4,0,78600,78604,2026-08-19T10:07:00,72204,78600,A,41.668728,1.8624942,50,False,,2
2026-08-19T07:48:52Z,5129X15852R11,15852,R11,8,71801,71801,2026-08-19T09:48:00,71801,79315,A,41.379505,2.1412053,50,False,,
2026-08-19T07:48:52Z,5129X77408R4,77408,R4,35,78709,78710,2026-08-19T09:51:39,78600,71600,E,41.561966,2.0962272,50,False,,1
2026-08-19T07:48:52Z,5129X28281R2S,28281,R2S,0,79400,71802,2026-08-19T10:08:00,71700,79400,A,41.392376,2.1651223,50,True,,
2026-08-19T07:48:52Z,5129X25617R1,25617,R1,6,79500,79501,2026-08-19T09:53:18,79200,72305,A,41.55539,2.4983492,50,False,1,1
2026-08-19T07:48:52Z,5129X25626R1,25626,R1,6,79405,79404,2026-08-19T09:48:39,72305,79603,93.0,41.447067,2.2505808,50,True,,2
2026-08-19T07:48:52Z,5129X15254R11,15254,R11,0,79309,79308,2026-08-19T09:58:00,79200,79309,,42.265114,2.968971,50,False,,
2026-08-19T07:48:52Z,5129X28418R2N,28418,R2N,2,79005,79004,2026-08-19T09:51:36,72400,79104,48.0,41.458794,2.1877801,50,True,,2
2026-08-19T07:48:52Z,5129X18123R16,18123,R16,9,65404,65402,2026-08-19T09:58:21,65400,79400,1.0,40.811314,0.7073285,50,False,,
2026-08-19T07:48:52Z,5129X25412R2N,25412,R2N,3,79101,79102,2026-08-19T09:51:19,79104,72400,6.0,41.636314,2.3562145,50,True,1,
2026-08-19T07:48:52Z,5129X15904R11,15904,R11,1,79311,79312,2026-08-19T09:50:17,79315,71801,70.0,42.350838,3.1328022,50,False,,
2026-08-19T07:48:52Z,5129X25615R1,25615,R1,13,79603,79604,2026-08-19T09:54:13,79606,72305,A,41.622307,2.693593,50,False,1,
2026-08-19T07:48:52Z,5129X25416R2N,25416,R2N,3,71707,71708,2026-08-19T09:53:57,79104,72400,E,41.3306,2.0894625,50,True,2,
2026-08-19T07:48:52Z,5129X35525R3,35525,R3,21,77301,77303,2026-08-19T09:50:46,77303,77102,81.0,42.286263,2.1595263,50,False,,
2026-08-19T07:48:52Z,5129X33523RL4,15623,RL4,1,78505,78504,2026-08-19T09:48:46,78400,78600,96.0,41.75019,1.5731883,50,False,,
2026-08-19T07:48:52Z,5129X77514R4,77514,R4,11,72208,72207,2026-08-19T09:57:11,71600,78600,A,41.41933,1.7952268,50,False,1,1
2026-08-19T07:48:52Z,5129X33522RL4,15622,RL4,4,78500,78501,2026-08-19T09:50:05,78600,78400,85.0,41.646862,1.3989253,50,False,,
2026-08-19T07:48:52Z,5129X78606R8,78606,R8,7,72501,72502,2026-08-19T09:50:30,79100,72209,33.0,41.477425,2.051115,50,True,,1
2026-08-19T07:48:52Z,5129X77516R4,77516,R4,7,72301,72300,2026-08-19T09:53:38,72204,78600,14.0,41.38646,2.0437818,50,False,,1
2026-08-19T07:48:52Z,5129X77716R4,77716,R4,3,72305,72303,2026-08-19T09:50:56,72209,78700,E,41.36431,2.1008937,50,True,,1
2026-08-19T07:48:52Z,5129X77718R4,77718,R4,17,78705,78706,2026-08-19T09:51:34,72209,78703,23.0,41.508778,2.1251225,50,False,,2
2026-08-19T07:48:52Z,6029X71513C4,71513,C4,7,05465,05463,2026-08-19T09:49:53,05451,05485,E,43.222702,-3.024937,60,False,,1
2026-08-19T07:48:52Z,6029X71510C4,71510,C4,5,05470,05471,2026-08-19T09:50:00,05485,05451,E,43.20598,-3.082502,60,False,,
2026-08-19T07:48:52Z,6029X26610C3,26610,C3,0,13200,13120,2026-08-19T10:02:00,13106,13200,A,43.25035,-2.930641,60,False,3,2
2026-08-19T07:48:52Z,6029X26521C3,26521,C3,0,13100,13116,2026-08-19T10:06:00,13200,13100,A,43.035866,-3.0039182,60,False,2,1
2026-08-19T07:48:52Z,6029X26023C2,26023,C2,6,13504,13508,2026-08-19T09:49:42,13506,13200,40.0,43.31479,-3.0629635,60,False,,1
2026-08-19T07:48:52Z,6029X26022C2,26022,C2,4,13303,13208,2026-08-19T09:49:25,13200,13506,55.0,43.263573,-2.9514165,60,False,,2
2026-08-19T07:48:52Z,6029X26519C3,26519,C3,1,13103,13104,2026-08-19T09:50:24,13200,13100,62.0,43.118504,-2.9834197,60,False,,1
2026-08-19T07:48:52Z,6029X26520C3,26520,C3,0,13200,13120,2026-08-19T09:52:00,13100,13200,A,43.25035,-2.930641,60,True,3,2
2026-08-19T07:48:52Z,6029X26607C3,26607,C3,5,13114,13119,2026-08-19T09:51:24,13200,13106,A,43.240112,-2.924082,60,False,1,1
2026-08-19T07:48:52Z,6029X71870C5,71870,C5,8,05489,05493,2026-08-19T09:51:16,05497,05451,E,43.235535,-3.2133956,60,False,,1
2026-08-19T07:48:52Z,6029X26517C3,26517,C3,0,13118,13113,2026-08-19T09:49:42,13200,13100,E,43.22568,-2.8871021,60,False,,2
2026-08-19T07:48:52Z,6029X26516C3,26516,C3,2,13100,13100,2026-08-19T09:52:19,13100,13200,A,42.99472,-3.0158784,60,False,,
2026-08-19T07:48:52Z,6029X26123C1,26123,C1,0,13402,13403,2026-08-19T09:49:26,13405,13200,E,43.312733,-3.004488,60,False,,1
2026-08-19T07:48:52Z,6029X26025C2,26025,C2,2,13205,13206,2026-08-19T09:50:35,13506,13200,E,43.256733,-2.9322033,60,False,1,1
2026-08-19T07:48:52Z,6029X71515C4,71515,C4,2,05481,05479,2026-08-19T09:51:53,05451,05485,32.0,43.204052,-3.1616576,60,False,,1
2026-08-19T07:48:52Z,6029X26518C3,26518,C3,-2,13108,13117,2026-08-19T09:50:28,13100,13200,E,43.16316,-2.9277587,60,True,,2
2026-08-19T07:48:52Z,6029X26124C1,26124,C1,1,13400,13305,2026-08-19T09:50:48,13200,13405,23.0,43.300285,-2.9842513,60,False,,2
2026-08-19T07:48:52Z,6029X71512C4,71512,C4,2,13206,05455,2026-08-19T09:49:42,05485,05451,60.0,43.256504,-2.9507062,60,False,,2
2026-08-19T07:48:52Z,6029X26024C2,26024,C2,6,13504,13509,2026-08-19T09:48:38,13200,13506,88.0,43.308598,-3.0538077,60,False,,1
2026-08-19T07:48:52Z,6129X83114C1,83114,C1,0,11600,11518,2026-08-19T10:04:00,11508,11600,A,43.330643,-1.8169186,61,False,,2
2026-08-19T07:48:52Z,6129X83109C1,83109,C1,0,11508,11511,2026-08-19T10:10:00,11600,11508,A,43.317684,-1.9766475,61,False,1,
2026-08-19T07:48:52Z,6129X35940C1,35940,C1,0,11404,11402,2026-08-19T10:03:00,11305,11404,A,43.040184,-2.256515,61,False,4,2
2026-08-19T07:48:52Z,6129X35760C1,35760,C1,1,11503,11502,2026-08-19T09:52:00,11500,11508,A,43.162556,-2.0704687,61,False,2,2
2026-08-19T07:48:52Z,6129X35762C1,35762,C1,0,11508,11507,2026-08-19T10:02:00,11500,11508,A,43.266514,-1.9726831,61,False,2,2
2026-08-19T07:48:52Z,6129X83010C1,18170,C1,0,11500,11409,2026-08-19T10:08:00,11404,11500,A,43.10187,-2.0972357,61,False,2,2
2026-08-19T07:48:52Z,6129X35759C1,35759,C1,8,11505,11506,2026-08-19T09:51:50,11508,11500,E,43.2221,-2.015703,61,False,,1
2026-08-19T07:48:52Z,6229X35918C1,26908,C1,19,14204,14203,2026-08-19T09:53:23,14202,14223,A,43.05807,-4.0841393,62,False,1,
2026-08-19T07:48:52Z,6229X71157C2,71157,C2,1,05613,05611,2026-08-19T09:51:41,14223,05637,E,43.409706,-3.988606,62,False,,
2026-08-19T07:48:52Z,6229X71324C2,71324,C2,0,14223,05602,2026-08-19T10:03:00,05621,14223,A,43.452877,-3.8282192,62,False,2AM,2
2026-08-19T07:48:52Z,6229X71159C2,71159,C2,0,05637,05635,2026-08-19T10:01:00,14223,05637,A,43.315296,-4.2153883,62,False,1,
2026-08-19T07:48:52Z,6229X71354C3,71354,C3,0,05657,05655,2026-08-19T09:57:00,14223,05657,A,43.416107,-3.8409512,62,False,4,2
2026-08-19T07:48:52Z,6229X71850C2,71850,C2,2,05641,05643,2026-08-19T09:52:08,05649,14223,27.0,43.307663,-4.2318544,62,False,,
2026-08-19T07:48:52Z,6229X71207C3,71207,C3,1,14223,05602,2026-08-19T09:50:00,05658,14223,50.0,43.455482,-3.819694,62,False,,7
2026-08-19T07:48:52Z,6229X26917C1,26917,C1,0,14202,14233,2026-08-19T09:58:00,14223,14202,A,43.00072,-4.1343675,62,False,3,1
2026-08-19T07:48:52Z,6229X71323C2,71323,C2,0,05621,05605,2026-08-19T10:16:00,14223,05621,A,43.44074,-3.8995621,62,False,3AM,2
2026-08-19T07:48:52Z,6229X71158C2,71158,C2,-2,05635,05637,2026-08-19T09:52:22,05637,14223,E,43.315296,-4.2153883,62,False,,4
2026-08-19T07:48:52Z,6229X71110C2,71110,C2,4,05619,05621,2026-08-19T09:52:30,05623,14223,33.0,43.366814,-4.0460596,62,False,,1
2026-08-19T07:48:52Z,6229X71111C2,71111,C2,0,14223,14223,2026-08-19T09:50:38,14223,05623,A,43.45811,-3.8111749,62,False,8AM,8AM
2026-08-19T07:48:52Z,6229X26911C1,26911,C1,34,14215,14236,2026-08-19T09:52:28,14223,14206,A,43.36068,-3.9647913,62,False,1,1
2026-08-19T07:48:52Z,6229X26913C1,26913,C1,19,14207,14208,2026-08-19T09:49:15,14223,14202,63.0,43.16104,-4.0428944,62,False,,1
2026-08-19T07:48:52Z,6229X35912C1,26912,C1,0,14223,14230,2026-08-19T10:00:00,14202,14223,A,43.45403,-3.8277466,62,False,1,1
2026-08-19T07:48:52Z,6229X71160C2,71160,C2,0,05604,05605,2026-08-19T09:52:30,05637,14223,E,43.45333,-3.855874,62,False,,1
2026-08-19T07:48:52Z,4629X71800C1,71800,C1,15,05115,05113,2026-08-19T09:52:45,21010,05193,A,43.536636,-8.109218,46,False,3,1
2026-08-19T07:48:52Z,4629X71811C1,71811,C1,12,05137,05139,2026-08-19T09:49:59,05139,21010,51.0,43.677273,-7.848758,46,False,,7
2026-08-19T07:48:52Z,4729X71082C1,71082,C1,0,05761,05762,2026-08-19T09:56:00,05803,05761,E,42.80314,-5.130908,47,False,,
2026-08-19T07:48:52Z,4729X71053C1,71053,C1,10,05787,05770,2026-08-19T09:48:48,05770,05803,90.0,42.84096,-5.522938,47,False,,2
2026-08-19T07:48:52Z,2029X22011C1,22011,C1,5,15218,15211,2026-08-19T09:50:00,15410,15122,E,43.3588,-5.8573804,20,False,1,1
2026-08-19T07:48:52Z,2029X70409C5,70409,C5,1,15410,05403,2026-08-19T10:03:00,05443,15410,E,43.53758,-5.67587,20,False,14,2
2026-08-19T07:48:52Z,2029X70907C8,70907,C8,5,05389,05387,2026-08-19T10:12:00,05361,05389,E,43.124065,-5.5663133,20,False,1,1
2026-08-19T07:48:52Z,2029X70906C8,70906,C8,64,15205,05369,2026-08-19T09:55:00,05389,15205,E,43.267162,-5.8059053,20,False,2,4
2026-08-19T07:48:52Z,2029X70207C4,70207,C4,6,15410,15410,2026-08-19T09:48:00,15410,16403,A,43.537647,-5.67596,20,False,12,12
2026-08-19T07:48:52Z,2029X70306C4,70306,C4,9,05235,05237,2026-08-19T09:51:00,05245,15410,E,43.502705,-6.074272,20,False,1,1
2026-08-19T07:48:52Z,2029X22012C1,22012,C1,3,15305,15301,2026-08-19T09:51:00,15118,15410,17.0,43.472607,-5.806684,20,False,2,2
2026-08-19T07:48:52Z,2029X70804C6,70804,C6,1,05523,05517,2026-08-19T10:01:00,15211,05523,S,43.361244,-5.5090213,20,False,3,1
2026-08-19T07:48:52Z,2029X22210C2,22210,C2,2,16001,16002,2026-08-19T09:51:00,16011,15211,17.0,43.320244,-5.8067904,20,False,1,1
2026-08-19T07:48:52Z,2029X70408C5,70408,C5,3,05432,05431,2026-08-19T09:50:00,15410,05443,E,43.289085,-5.6529665,20,False,1,1
2026-08-19T07:48:52Z,2029X70308C4,70308,C4,10,05208,05209,2026-08-19T09:53:00,05245,15410,E,43.56595,-5.72878,20,False,1,1
2026-08-19T07:48:52Z,2029X22112C1,22112,C1,0,15410,15401,2026-08-19T10:03:00,15218,15410,E,43.537712,-5.676047,20,False,2,2
2026-08-19T07:48:52Z,2029X22013C1,22013,C1,0,15203,15205,2026-08-19T09:51:00,15410,15122,A,43.267654,-5.8057942,20,False,1,1
2026-08-19T07:48:52Z,2029X22015C1,22015,C1,3,15122,15123,2026-08-19T10:17:00,15410,15122,E,43.15869,-5.8311706,20,False,5,1
2026-08-19T07:48:52Z,2029X70407C5,70407,C5,0,05420,05421,2026-08-19T09:50:00,05443,15410,25.0,43.336567,-5.6333394,20,False,1,2
2026-08-19T07:48:52Z,2029X22209C2,22209,C2,1,16009,16008,2026-08-19T09:50:00,16405,16011,E,43.296474,-5.6862473,20,False,1,1
2026-08-19T07:48:52Z,2029X22314C3,22314,C3,0,15212,15217,2026-08-19T09:50:00,15218,16403,A,43.38812,-5.8272715,20,False,2,2
2026-08-19T07:48:52Z,2029X70908C8,70908,C8,4,05361,15206,2026-08-19T10:04:00,05389,05361,E,43.27461,-5.8277555,20,False,1,1
2026-08-19T07:48:52Z,2029X70465C5a,70465,C5a,2,05509,05505,2026-08-19T09:56:00,15211,15410,6.0,43.381588,-5.708358,20,False,3,2
2026-08-19T07:48:52Z,2029X70905C8,70905,C8,6,15206,05361,2026-08-19T09:52:00,05361,05389,12.0,43.2773,-5.814392,20,False,1,1
2026-08-19T07:48:52Z,2029X22360C3,22360,C3,0,16403,16402,2026-08-19T10:16:00,15218,16403,E,43.56141,-5.922727,20,False,1,1
2026-08-19T07:48:52Z,2029X22361C3,22361,C3,0,15218,15211,2026-08-19T10:01:00,16403,15218,E,43.3588,-5.8573804,20,False,1,1
2026-08-19T07:48:52Z,2029X70509C7,70509,C7,1,05300,15211,2026-08-19T09:52:00,15211,05329,E,43.365196,-5.864812,20,False,1,5
2026-08-19T07:48:52Z,2029X70857C6,70857,C6,1,05504,05505,2026-08-19T09:52:00,05534,15211,E,43.38654,-5.808886,20,False,1,1
2026-08-19T07:48:52Z,2029X22316C3,22316,C3,1,16405,16403,2026-08-19T09:52:00,16011,16405,E,43.588665,-5.9331584,20,False,1,1
2026-08-19T07:48:52Z,2029X70303C4,70303,C4,14,05219,05217,2026-08-19T09:53:00,15410,05245,S,43.554443,-5.894918,20,False,1,3
2026-08-19T07:48:52Z,2029X70512C7,70512,C7,2,05315,05316,2026-08-19T09:53:00,05329,15211,10.0,43.39093,-6.009832,20,False,1,2
2026-08-19T07:48:52Z,2029X22009C1,22009,C1,8,15400,15401,2026-08-19T09:52:00,15410,15118,A,43.535202,-5.6971354,20,False,1,1
2026-08-19T07:48:52Z,2029X70511C7,70511,C7,0,05329,05327,2026-08-19T10:11:00,15211,05329,E,43.55206,-6.087154,20,False,1,1
2026-08-19T07:48:52Z,2029X70569C5a,70569,C5a,0,15211,05504,2026-08-19T10:16:00,15410,15211,E,43.36667,-5.8550873,20,False,3,1
2026-08-19T07:48:52Z,2029X70305C4,70305,C4,4,05239,05325,2026-08-19T09:58:00,15410,05245,E,43.50375,-6.0917954,20,False,1,2
2026-08-19T07:48:52Z,2029X22317C3,22317,C3,11,16403,16405,2026-08-19T09:52:00,16405,15218,12.0,43.56435,-5.924725,20,False,1,1
2026-08-19T07:48:52Z,2029X70514C7,70514,C7,0,15211,05300,2026-08-19T10:02:00,05329,15211,E,43.366535,-5.8552504,20,False,5,1
2026-08-19T07:48:52Z,2029X70854C6,70854,C6,0,05534,05533,2026-08-19T10:11:00,15211,05534,E,43.344013,-5.3606467,20,False,2,2
2026-08-19T07:48:52Z,2029X22319C3,22319,C3,0,15301,16301,2026-08-19T09:53:00,16403,15211,A,43.476093,-5.8615694,20,False,4,1
2026-08-19T07:48:52Z,2029X70210C4,70210,C4,0,15410,05203,2026-08-19T10:01:00,16403,15410,E,43.537647,-5.67596,20,False,12,1
2026-08-19T07:48:52Z,2029X70510C7,70510,C7,17,05325,05327,2026-08-19T09:56:00,05329,15211,6.0,43.493088,-6.1129317,20,False,1,2
2026-08-19T07:48:52Z,2029X22110C1,22110,C1,33,15410,15401,2026-08-19T09:51:00,15218,15410,E,43.537712,-5.676047,20,False,2,2
2026-08-19T07:48:52Z,4129X84906C2,84906,C2,28,06006,06005,2026-08-19T09:57:00,61200,06006,E,37.672035,-1.6961039,41,False,1,1
2026-08-19T07:48:52Z,4129X84707C1,84707,C1,88,60911,62109,2026-08-19T09:58:00,62101,60911,E,38.34553,-0.49576503,41,False,1,1
2026-08-19T07:48:52Z,4129X84905C2,84905,C2,78,61200,06002,2026-08-19T10:23:00,06006,61200,E,37.97462,-1.1315287,41,False,1,2
2026-08-19T07:48:52Z,4129X84709C1,84709,C1,0,60911,62109,2026-08-19T10:05:00,62101,60911,E,38.34553,-0.49576503,41,False,1,1
2026-08-19T07:48:52Z,4129X84704C1,84704,C1,75,62101,62102,2026-08-19T10:11:00,60911,62101,E,38.224415,-0.7814662,41,False,3,1
2026-08-19T07:48:52Z,4129X84907C2,84907,C2,3,61200,06002,2026-08-19T10:23:00,07004,61200,E,37.97462,-1.1315287,41,False,1,2
2026-08-19T07:48:52Z,4129X35446C1,35446,C1,3,62100,62101,2026-08-19T10:06:00,62101,61200,A,38.224415,-0.7814662,41,False,5,1
2026-08-19T07:48:52Z,4129X32806C3,32806,C3,0,60913,60914,2026-08-19T10:03:00,60911,60913,E,38.39458,-0.5287673,41,False,1,1
2026-08-19T07:48:52Z,4129X84904C2,84904,C2,193,07004,07007,2026-08-19T10:00:00,61200,07004,E,37.40992,-1.5725332,41,False,1,1
2026-08-19T07:48:52Z,4129X84751C1,84751,C1,108,60911,62109,2026-08-19T09:58:00,62003,60911,E,38.34553,-0.49576503,41,False,1,1
2026-08-19T07:48:52Z,4129X84706C1,84706,C1,0,62101,62102,2026-08-19T10:36:00,60911,62101,E,38.224415,-0.7814662,41,False,3,1
2026-08-19T07:48:52Z,4129X32804C3,32804,C3,9,60913,60914,2026-08-19T09:55:00,60911,60913,E,38.39458,-0.5287673,41,False,3,1
2026-08-19T07:48:52Z,4529X71608C1,71608,C1,0,05971,05969,2026-08-19T09:51:00,05951,05977,E,37.62754,-0.8295775,45,False,3,1
2026-08-19T07:48:52Z,4529X71611C1,71611,C1,4,05955,05957,2026-08-19T09:52:00,05977,05951,S,37.609333,-0.9437595,45,False,1,2
2026-08-19T07:48:52Z,7029X31510C1,31510,C1,0,70800,70801,2026-08-19T10:14:00,71100,70800,E,41.722748,-1.020138,70,False,31,2
2026-08-19T07:48:52Z,7029X31513C1,31513,C1,2,70806,04040,2026-08-19T09:52:00,70800,71100,S,41.652664,-0.89599395,70,False,5,7
