timestamp_utc,tripId,codTren,codLinea,retrasoMin,codEstAct,codEstSig,horaLlegadaSigEst,codEstDest,codEstOrig,porAvanc,latitud,longitud,nucleo,accesible,via,nextVia
2026-09-28T00:05:45Z,3068D23578C1,23578,C1,2,50602,50700,2026-09-28T00:06:54,51003,50600,E,37.58157,-5.6699624,30,False,2,2
2026-09-28T00:05:45Z,3068D23743C5,23743,C5,-1442,51003,51003,2026-09-28T00:38:59,51003,43005,A,37.392567,-5.9749837,30,False,9,9
2026-09-28T00:05:45Z,3068D23841C5,23841,C5,-1,43004,43005,2026-09-28T00:03:07,43005,51113,E,37.381527,-6.193782,30,False,,3
2026-09-28T00:05:45Z,3068D23581C1,23581,C1,0,51103,51111,2026-09-28T00:03:16,51003,51200,34.0,37.294693,-5.9445186,30,False,,1
2026-09-28T00:05:45Z,3268D23176C2,23176,C2,54,54408,54410,2026-09-28T00:03:00,54517,54405,39.0,36.723545,-4.5838585,32,False,,
2026-09-28T00:05:45Z,3268D23402C1,23402,C1,-1438,54517,54517,2026-09-28T00:38:19,54517,54516,A,36.715366,-4.4266005,32,False,1,1
2026-09-28T00:05:45Z,3268D23400C1,23400,C1,3,54503,54501,2026-09-28T00:02:10,54517,54516,26.0,36.695095,-4.4762516,32,False,2,2
2026-09-28T00:05:45Z,5168D25472R2N,25472,R2N,-2,71801,71802,2026-09-28T00:02:47,79100,72400,E,41.37954,2.1411655,50,True,,
2026-09-28T00:05:45Z,5168D77468R4,77468,R4,-1432,78700,78700,2026-09-28T00:27:51,78700,71600,A,41.56993,2.0143688,50,False,,
2026-09-28T00:05:45Z,5168D35564R4,35564,R4,-1431,72209,72209,2026-09-28T00:00:49,72209,78600,A,41.47872,1.9255537,50,False,,
2026-09-28T00:05:45Z,5168D15023R15,15023,R15,52,71502,71500,2026-09-28T00:03:56,71400,79400,60.0,41.129208,1.2999328,50,False,,
2026-09-28T00:05:45Z,5168D25795R1,25795,R1,-1,79403,79404,2026-09-28T00:02:38,79500,72305,E,41.445705,2.2490852,50,False,,1
2026-09-28T00:05:45Z,5168D28393R2S,28393,R2S,-2,71802,71801,2026-09-28T00:01:35,71700,79400,A,41.379513,2.1412146,50,False,,
2026-09-28T00:05:45Z,5168D77464R4,77464,R4,11,78604,78600,2026-09-28T00:05:15,78600,71600,41.0,41.686344,1.8386431,50,False,,
2026-09-28T00:05:45Z,5168D25470R2N,25470,R2N,3,79006,79007,2026-09-28T00:03:54,79104,72400,E,41.533474,2.2177799,50,True,1,
2026-09-28T00:05:45Z,5168D25567R2S,25567,R2S,2,71604,71603,2026-09-28T00:01:57,71600,79400,E,41.20413,1.6760199,50,False,,
2026-09-28T00:05:45Z,5168D28490R2,28490,R2,0,71705,71704,2026-09-28T00:02:22,71700,79104,20.0,41.278507,1.9790424,50,True,,
2026-09-28T00:05:45Z,6068D26577C3,26577,C3,4,13119,13120,2026-09-28T00:00:52,13200,13100,E,43.240112,-2.924082,60,False,,1
2026-09-28T00:05:45Z,6068D35689C3,35689,C3,2,13121,13102,2026-09-28T00:02:16,13200,13100,E,43.05786,-2.996093,60,True,1,1
2026-09-28T00:05:45Z,6068D26576C3,26576,C3,6,13115,13109,2026-09-28T00:01:18,13100,13200,E,43.176933,-2.909058,60,True,2,2
2026-09-28T00:05:45Z,6168D35654C1,35654,C1,4,11409,11408,2026-09-28T00:00:03,11400,11508,95.0,43.094822,-2.1242988,61,False,,2
2026-09-28T00:05:45Z,6268D71185C2,71185,C2,1,05605,05604,2026-09-28T00:02:19,14223,05637,41.0,43.44704,-3.8820617,62,False,,2
2026-09-28T00:05:45Z,2068D22237C2,22237,C2,49,16011,16010,2026-09-28T00:01:00,15211,16011,E,43.28714,-5.6448464,20,False,1,1
2026-09-28T00:05:45Z,2068D22372C3,22372,C3,3,16403,16401,2026-09-28T00:03:00,15211,16403,E,43.56141,-5.922727,20,False,1,2
2026-09-28T00:05:45Z,2068D22373C3,22373,C3,7,16403,16403,2026-09-27T23:59:00,16403,15211,A,43.56141,-5.922727,20,False,1,1
2026-09-28T00:05:45Z,2068D70237C4,70237,C4,-1432,15410,15410,2026-09-28T00:03:00,15410,16403,A,43.537647,-5.67596,20,False,12,12
2026-09-28T00:05:45Z,2068D22358C3,22358,C3,-1441,15218,15218,2026-09-29T00:00:00,15218,16405,A,43.3588,-5.8573804,20,False,2,2
2026-09-28T00:05:45Z,2068D22132C1,22132,C1,0,15217,15211,2026-09-28T00:03:00,15218,17000,S,43.38812,-5.8272715,20,False,2,2
2026-09-28T00:05:45Z,4168D84931C2,84931,C2,87,61200,06002,2026-09-28T00:34:00,06006,61200,E,37.97462,-1.1315287,41,False,1,2
2026-09-28T00:05:45Z,4168D24722C1,24722,C1,13,62109,60911,2026-09-28T00:10:00,60911,61200,A,38.34553,-0.49576503,41,False,1,1
2026-09-28T00:05:45Z,4168D24723C1,24723,C1,-1425,61200,61200,2026-09-28T00:14:00,61200,60911,E,37.974686,-1.131078,41,False,1,1
2026-09-28T00:05:45Z,1068D27506C4b,27506,C4b,6,37002,37011,2026-09-28T00:02:00,37012,17005,A,40.288372,-3.7373493,10,True,2,2
2026-09-28T00:05:45Z,1068D75037C8a,75037,C8a,6,97100,10100,2026-09-28T00:10:00,10203,17000,E,40.49547,-3.7261994,10,False,1,3
2026-09-28T00:05:45Z,1068D19945C1,19945,C1,0,98305,98304,2026-09-29T00:12:00,18000,98305,E,40.4924,-3.593483,10,False,2,1
2026-09-28T00:05:45Z,1068D27316C4a,27316,C4a,-1440,18000,18000,2026-09-29T00:06:00,18000,19003,E,40.40654,-3.6895106,10,True,7,7
2026-09-28T00:05:45Z,1068D75872C7,75872,C7,3,18002,18002,2026-09-27T23:59:00,18002,10000,E,40.44655,-3.691473,10,False,4,4
2026-09-28T00:05:45Z,1068D27818C5,27818,C5,0,35009,35001,2026-09-27T23:49:00,35012,35607,S,40.34086,-3.7482634,10,False,2,2
2026-09-28T00:05:45Z,1068D27817C5,27817,C5,-1440,35607,35607,2026-09-28T00:41:00,35607,35012,A,40.330883,-3.8823783,10,False,2,2
2026-09-28T00:05:45Z,1068D27995C5,27995,C5,18,35606,35607,2026-09-27T23:59:00,35607,35002,S,40.32875,-3.8636916,10,False,1,2
2026-09-28T00:05:45Z,1068D27512C4b,27512,C4b,-1424,18000,18000,2026-09-28T00:55:00,18000,17005,E,40.40654,-3.6895106,10,True,7,7
2026-09-28T00:05:45Z,1068D75530C2,75530,C2,-1437,70200,70200,2026-09-28T00:28:00,70200,17000,E,40.644257,-3.1823237,10,False,2,2
2026-09-28T00:05:45Z,1068D75035C8a,75035,C8a,19,10203,10203,2026-09-27T23:59:00,10203,17000,E,40.58532,-4.1321955,10,False,5,5
2026-09-28T00:05:45Z,1068D27815C5,27815,C5,0,18000,35609,2026-09-27T23:59:00,35607,35012,A,40.405067,-3.7026901,10,False,9,2
2026-09-28T00:05:45Z,1068D75877C7,75877,C7,4,10007,10010,2026-09-28T00:03:00,10000,70103,24.0,40.472656,-3.836884,10,True,1,1
2026-09-28T00:05:45Z,1068D27090C3,27090,C3,-1418,60200,60200,2026-09-28T00:00:00,60200,17000,E,40.035027,-3.6189713,10,True,4,4
2026-09-28T00:05:45Z,1068D75875C7,75875,C7,15,10000,10000,2026-09-27T23:59:00,10000,70103,E,40.42163,-3.7193205,10,False,7,7
2026-09-28T00:05:45Z,1068D19940C1,19940,C1,-1440,98305,98305,2026-09-29T00:05:00,98305,17000,E,40.4924,-3.593483,10,False,1,1
2026-09-28T00:05:45Z,1068D27094C3,27094,C3,-1432,60200,60200,2026-09-28T00:45:00,60200,17000,S,40.035027,-3.6189713,10,True,3,3
2026-09-28T00:05:45Z,1068D27508C4b,27508,C4b,3,18000,60100,2026-09-28T00:06:00,37012,17005,13.0,40.40084,-3.682559,10,True,7,1
2026-09-28T00:05:45Z,1068D75644C2,75644,C2,-1435,70200,70200,2026-09-28T00:58:00,70200,17000,A,40.644257,-3.1823237,10,True,2,2
2026-09-28T00:05:45Z,1068D27095C3,27095,C3,-1,60103,60102,2026-09-29T00:04:00,17000,60200,E,40.242844,-3.7038615,10,True,1,1
2026-09-28T00:05:45Z,1068D27092C3,27092,C3,-1425,60200,60200,2026-09-28T00:12:00,60200,17000,S,40.035027,-3.6189713,10,False,3,3
2026-09-28T00:05:45Z,1068D75268C10,75268,C10,5,10101,10103,2026-09-28T00:06:00,10200,17000,13.0,40.560028,-3.9011943,10,True,1,1
2026-09-28T00:05:45Z,1068D27822C5,27822,C5,0,35601,35600,2026-09-27T23:59:00,35012,35607,A,40.386257,-3.7610443,10,False,1,1
2026-09-28T00:05:45Z,1068D27093C3,27093,C3,-1435,17000,17000,2026-09-28T00:13:00,17000,60200,E,40.471382,-3.6834786,10,True,5,5
2026-09-28T00:05:45Z,1068D27643C8b,27643,C8b,-1437,12006,12006,2026-09-28T00:26:00,12006,17000,A,40.737614,-4.0662985,10,False,2,2
2026-09-28T00:05:45Z,1068D27820C5,27820,C5,0,37001,35009,2026-09-28T00:01:00,35012,35607,A,40.34086,-3.7482634,10,False,6,2
2026-09-28T00:05:45Z,1068D27317C4,27317,C4,-1441,17000,17000,2026-09-29T00:34:00,17000,37012,A,40.471325,-3.6833096,10,True,3,3
2026-09-28T00:05:45Z,1068D75172C10,75172,C10,1,18004,18003,2026-09-28T00:01:00,17000,10200,A,40.395943,-3.677964,10,True,1,1
2026-09-28T00:05:45Z,1068D27510C4b,27510,C4b,3,17001,17000,2026-09-28T00:05:00,18000,17005,S,40.501648,-3.6821797,10,True,2,2
2026-09-28T00:14:37Z,3068D23578C1,23578,C1,2,50602,50700,2026-09-28T00:06:54,51003,50600,E,37.58157,-5.6699624,30,False,2,2
2026-09-28T00:14:37Z,3068D23743C5,23743,C5,-1442,51003,51003,2026-09-28T00:38:59,51003,43005,A,37.392567,-5.9749837,30,False,9,9
2026-09-28T00:14:37Z,3068D23841C5,23841,C5,-1,43004,43005,2026-09-28T00:03:07,43005,51113,E,37.381527,-6.193782,30,False,,3
2026-09-28T00:14:37Z,3068D23581C1,23581,C1,0,51103,51111,2026-09-28T00:03:16,51003,51200,34.0,37.294693,-5.9445186,30,False,,1
2026-09-28T00:14:37Z,3268D23176C2,23176,C2,54,54408,54410,2026-09-28T00:03:00,54517,54405,39.0,36.723545,-4.5838585,32,False,,
2026-09-28T00:14:37Z,3268D23402C1,23402,C1,-1438,54517,54517,2026-09-28T00:38:19,54517,54516,A,36.715366,-4.4266005,32,False,1,1
2026-09-28T00:14:37Z,3268D23400C1,23400,C1,3,54503,54501,2026-09-28T00:02:10,54517,54516,26.0,36.695095,-4.4762516,32,False,2,2
2026-09-28T00:14:37Z,5168D25472R2N,25472,R2N,-2,71801,71802,2026-09-28T00:02:47,79100,72400,E,41.37954,2.1411655,50,True,,
2026-09-28T00:14:37Z,5168D77468R4,77468,R4,-1432,78700,78700,2026-09-28T00:27:51,78700,71600,A,41.56993,2.0143688,50,False,,
2026-09-28T00:14:37Z,5168D35564R4,35564,R4,-1431,72209,72209,2026-09-28T00:00:49,72209,78600,A,41.47872,1.9255537,50,False,,
2026-09-28T00:14:37Z,5168D15023R15,15023,R15,52,71502,71500,2026-09-28T00:03:56,71400,79400,60.0,41.129208,1.2999328,50,False,,
2026-09-28T00:14:37Z,5168D25795R1,25795,R1,-1,79403,79404,2026-09-28T00:02:38,79500,72305,E,41.445705,2.2490852,50,False,,1
2026-09-28T00:14:37Z,5168D28393R2S,28393,R2S,-2,71802,71801,2026-09-28T00:01:35,71700,79400,A,41.379513,2.1412146,50,False,,
2026-09-28T00:14:37Z,5168D77464R4,77464,R4,11,78604,78600,2026-09-28T00:05:15,78600,71600,41.0,41.686344,1.8386431,50,False,,
2026-09-28T00:14:37Z,5168D25470R2N,25470,R2N,3,79006,79007,2026-09-28T00:03:54,79104,72400,E,41.533474,2.2177799,50,True,1,
2026-09-28T00:14:37Z,5168D25567R2S,25567,R2S,2,71604,71603,2026-09-28T00:01:57,71600,79400,E,41.20413,1.6760199,50,False,,
2026-09-28T00:14:37Z,5168D28490R2,28490,R2,0,71705,71704,2026-09-28T00:02:22,71700,79104,20.0,41.278507,1.9790424,50,True,,
2026-09-28T00:14:37Z,6068D26577C3,26577,C3,4,13119,13120,2026-09-28T00:00:52,13200,13100,E,43.240112,-2.924082,60,False,,1
2026-09-28T00:14:37Z,6068D35689C3,35689,C3,2,13121,13102,2026-09-28T00:02:16,13200,13100,E,43.05786,-2.996093,60,True,1,1
2026-09-28T00:14:37Z,6068D26576C3,26576,C3,6,13115,13109,2026-09-28T00:01:18,13100,13200,E,43.176933,-2.909058,60,True,2,2
2026-09-28T00:14:37Z,6168D35654C1,35654,C1,4,11409,11408,2026-09-28T00:00:03,11400,11508,95.0,43.094822,-2.1242988,61,False,,2
2026-09-28T00:14:37Z,6268D71185C2,71185,C2,1,05605,05604,2026-09-28T00:02:19,14223,05637,41.0,43.44704,-3.8820617,62,False,,2
2026-09-28T00:14:37Z,2068D22237C2,22237,C2,49,16011,16010,2026-09-28T00:01:00,15211,16011,E,43.28714,-5.6448464,20,False,1,1
2026-09-28T00:14:37Z,2068D22372C3,22372,C3,3,16403,16401,2026-09-28T00:03:00,15211,16403,E,43.56141,-5.922727,20,False,1,2
2026-09-28T00:14:37Z,2068D22373C3,22373,C3,7,16403,16403,2026-09-27T23:59:00,16403,15211,A,43.56141,-5.922727,20,False,1,1
2026-09-28T00:14:37Z,2068D70237C4,70237,C4,-1432,15410,15410,2026-09-28T00:03:00,15410,16403,A,43.537647,-5.67596,20,False,12,12
2026-09-28T00:14:37Z,2068D22358C3,22358,C3,-1441,15218,15218,2026-09-29T00:00:00,15218,16405,A,43.3588,-5.8573804,20,False,2,2
2026-09-28T00:14:37Z,2068D22132C1,22132,C1,0,15217,15211,2026-09-28T00:03:00,15218,17000,S,43.38812,-5.8272715,20,False,2,2
2026-09-28T00:14:37Z,4168D84931C2,84931,C2,87,61200,06002,2026-09-28T00:34:00,06006,61200,E,37.97462,-1.1315287,41,False,1,2
2026-09-28T00:14:37Z,4168D24722C1,24722,C1,13,62109,60911,2026-09-28T00:10:00,60911,61200,A,38.34553,-0.49576503,41,False,1,1
2026-09-28T00:14:37Z,4168D24723C1,24723,C1,-1425,61200,61200,2026-09-28T00:14:00,61200,60911,E,37.974686,-1.131078,41,False,1,1
2026-09-28T00:14:37Z,1068D27506C4b,27506,C4b,6,37002,37011,2026-09-28T00:02:00,37012,17005,A,40.288372,-3.7373493,10,True,2,2
2026-09-28T00:14:37Z,1068D75037C8a,75037,C8a,6,97100,10100,2026-09-28T00:10:00,10203,17000,E,40.49547,-3.7261994,10,False,1,3
2026-09-28T00:14:37Z,1068D19945C1,19945,C1,0,98305,98304,2026-09-29T00:12:00,18000,98305,E,40.4924,-3.593483,10,False,2,1
2026-09-28T00:14:37Z,1068D27316C4a,27316,C4a,-1440,18000,18000,2026-09-29T00:06:00,18000,19003,E,40.40654,-3.6895106,10,True,7,7
2026-09-28T00:14:37Z,1068D75872C7,75872,C7,3,18002,18002,2026-09-27T23:59:00,18002,10000,E,40.44655,-3.691473,10,False,4,4
2026-09-28T00:14:37Z,1068D27818C5,27818,C5,0,35009,35001,2026-09-27T23:49:00,35012,35607,S,40.34086,-3.7482634,10,False,2,2
2026-09-28T00:14:37Z,1068D27817C5,27817,C5,-1440,35607,35607,2026-09-28T00:41:00,35607,35012,A,40.330883,-3.8823783,10,False,2,2
2026-09-28T00:14:37Z,1068D27995C5,27995,C5,18,35606,35607,2026-09-27T23:59:00,35607,35002,S,40.32875,-3.8636916,10,False,1,2
2026-09-28T00:14:37Z,1068D27512C4b,27512,C4b,-1424,18000,18000,2026-09-28T00:55:00,18000,17005,E,40.40654,-3.6895106,10,True,7,7
2026-09-28T00:14:37Z,1068D75530C2,75530,C2,-1437,70200,70200,2026-09-28T00:28:00,70200,17000,E,40.644257,-3.1823237,10,False,2,2
2026-09-28T00:14:37Z,1068D75035C8a,75035,C8a,19,10203,10203,2026-09-27T23:59:00,10203,17000,E,40.58532,-4.1321955,10,False,5,5
2026-09-28T00:14:37Z,1068D27815C5,27815,C5,0,18000,35609,2026-09-27T23:59:00,35607,35012,A,40.405067,-3.7026901,10,False,9,2
2026-09-28T00:14:37Z,1068D75877C7,75877,C7,4,10007,10010,2026-09-28T00:03:00,10000,70103,24.0,40.472656,-3.836884,10,True,1,1
2026-09-28T00:14:37Z,1068D27090C3,27090,C3,-1418,60200,60200,2026-09-28T00:00:00,60200,17000,E,40.035027,-3.6189713,10,True,4,4
2026-09-28T00:14:37Z,1068D75875C7,75875,C7,15,10000,10000,2026-09-27T23:59:00,10000,70103,E,40.42163,-3.7193205,10,False,7,7
2026-09-28T00:14:37Z,1068D19940C1,19940,C1,-1440,98305,98305,2026-09-29T00:05:00,98305,17000,E,40.4924,-3.593483,10,False,1,1
2026-09-28T00:14:37Z,1068D27094C3,27094,C3,-1432,60200,60200,2026-09-28T00:45:00,60200,17000,S,40.035027,-3.6189713,10,True,3,3
2026-09-28T00:14:37Z,1068D27508C4b,27508,C4b,3,18000,60100,2026-09-28T00:06:00,37012,17005,13.0,40.40084,-3.682559,10,True,7,1
2026-09-28T00:14:37Z,1068D75644C2,75644,C2,-1435,70200,70200,2026-09-28T00:58:00,70200,17000,A,40.644257,-3.1823237,10,True,2,2
2026-09-28T00:14:37Z,1068D27095C3,27095,C3,-1,60103,60102,2026-09-29T00:04:00,17000,60200,E,40.242844,-3.7038615,10,True,1,1
2026-09-28T00:14:37Z,1068D27092C3,27092,C3,-1425,60200,60200,2026-09-28T00:12:00,60200,17000,S,40.035027,-3.6189713,10,False,3,3
2026-09-28T00:14:37Z,1068D75268C10,75268,C10,5,10101,10103,2026-09-28T00:06:00,10200,17000,13.0,40.560028,-3.9011943,10,True,1,1
2026-09-28T00:14:37Z,1068D27822C5,27822,C5,0,35601,35600,2026-09-27T23:59:00,35012,35607,A,40.386257,-3.7610443,10,False,1,1
2026-09-28T00:14:37Z,1068D27093C3,27093,C3,-1435,17000,17000,2026-09-28T00:13:00,17000,60200,E,40.471382,-3.6834786,10,True,5,5
2026-09-28T00:14:37Z,1068D27643C8b,27643,C8b,-1437,12006,12006,2026-09-28T00:26:00,12006,17000,A,40.737614,-4.0662985,10,False,2,2
2026-09-28T00:14:37Z,1068D27820C5,27820,C5,0,37001,35009,2026-09-28T00:01:00,35012,35607,A,40.34086,-3.7482634,10,False,6,2
2026-09-28T00:14:37Z,1068D27317C4,27317,C4,-1441,17000,17000,2026-09-29T00:34:00,17000,37012,A,40.471325,-3.6833096,10,True,3,3
2026-09-28T00:14:37Z,1068D75172C10,75172,C10,1,18004,18003,2026-09-28T00:01:00,17000,10200,A,40.395943,-3.677964,10,True,1,1
2026-09-28T00:14:37Z,1068D27510C4b,27510,C4b,3,17001,17000,2026-09-28T00:05:00,18000,17005,S,40.501648,-3.6821797,10,True,2,2
2026-09-28T00:19:34Z,3068D23578C1,23578,C1,2,50602,50700,2026-09-28T00:06:54,51003,50600,E,37.58157,-5.6699624,30,False,2,2
2026-09-28T00:19:34Z,3068D23743C5,23743,C5,-1442,51003,51003,2026-09-28T00:38:59,51003,43005,A,37.392567,-5.9749837,30,False,9,9
2026-09-28T00:19:34Z,3068D23841C5,23841,C5,-1,43004,43005,2026-09-28T00:03:07,43005,51113,E,37.381527,-6.193782,30,False,,3
2026-09-28T00:19:34Z,3068D23581C1,23581,C1,0,51103,51111,2026-09-28T00:03:16,51003,51200,34.0,37.294693,-5.9445186,30,False,,1
2026-09-28T00:19:34Z,3268D23176C2,23176,C2,54,54408,54410,2026-09-28T00:03:00,54517,54405,39.0,36.723545,-4.5838585,32,False,,
2026-09-28T00:19:34Z,3268D23402C1,23402,C1,-1438,54517,54517,2026-09-28T00:38:19,54517,54516,A,36.715366,-4.4266005,32,False,1,1
2026-09-28T00:19:34Z,3268D23400C1,23400,C1,3,54503,54501,2026-09-28T00:02:10,54517,54516,26.0,36.695095,-4.4762516,32,False,2,2
2026-09-28T00:19:34Z,5168D25472R2N,25472,R2N,-2,71801,71802,2026-09-28T00:02:47,79100,72400,E,41.37954,2.1411655,50,True,,
2026-09-28T00:19:34Z,5168D77468R4,77468,R4,-1432,78700,78700,2026-09-28T00:27:51,78700,71600,A,41.56993,2.0143688,50,False,,
2026-09-28T00:19:34Z,5168D35564R4,35564,R4,-1431,72209,72209,2026-09-28T00:00:49,72209,78600,A,41.47872,1.9255537,50,False,,
2026-09-28T00:19:34Z,5168D15023R15,15023,R15,52,71502,71500,2026-09-28T00:03:56,71400,79400,60.0,41.129208,1.2999328,50,False,,
2026-09-28T00:19:34Z,5168D25795R1,25795,R1,-1,79403,79404,2026-09-28T00:02:38,79500,72305,E,41.445705,2.2490852,50,False,,1
2026-09-28T00:19:34Z,5168D28393R2S,28393,R2S,-2,71802,71801,2026-09-28T00:01:35,71700,79400,A,41.379513,2.1412146,50,False,,
2026-09-28T00:19:34Z,5168D77464R4,77464,R4,11,78604,78600,2026-09-28T00:05:15,78600,71600,41.0,41.686344,1.8386431,50,False,,
2026-09-28T00:19:34Z,5168D25470R2N,25470,R2N,3,79006,79007,2026-09-28T00:03:54,79104,72400,E,41.533474,2.2177799,50,True,1,
2026-09-28T00:19:34Z,5168D25567R2S,25567,R2S,2,71604,71603,2026-09-28T00:01:57,71600,79400,E,41.20413,1.6760199,50,False,,
2026-09-28T00:19:34Z,5168D28490R2,28490,R2,0,71705,71704,2026-09-28T00:02:22,71700,79104,20.0,41.278507,1.9790424,50,True,,
2026-09-28T00:19:34Z,6068D26577C3,26577,C3,4,13119,13120,2026-09-28T00:00:52,13200,13100,E,43.240112,-2.924082,60,False,,1
2026-09-28T00:19:34Z,6068D35689C3,35689,C3,2,13121,13102,2026-09-28T00:02:16,13200,13100,E,43.05786,-2.996093,60,True,1,1
2026-09-28T00:19:34Z,6068D26576C3,26576,C3,6,13115,13109,2026-09-28T00:01:18,13100,13200,E,43.176933,-2.909058,60,True,2,2
2026-09-28T00:19:34Z,6168D35654C1,35654,C1,4,11409,11408,2026-09-28T00:00:03,11400,11508,95.0,43.094822,-2.1242988,61,False,,2
2026-09-28T00:19:34Z,6268D71185C2,71185,C2,1,05605,05604,2026-09-28T00:02:19,14223,05637,41.0,43.44704,-3.8820617,62,False,,2
2026-09-28T00:19:34Z,2068D22237C2,22237,C2,49,16011,16010,2026-09-28T00:01:00,15211,16011,E,43.28714,-5.6448464,20,False,1,1
2026-09-28T00:19:34Z,2068D22372C3,22372,C3,3,16403,16401,2026-09-28T00:03:00,15211,16403,E,43.56141,-5.922727,20,False,1,2
2026-09-28T00:19:34Z,2068D22373C3,22373,C3,7,16403,16403,2026-09-27T23:59:00,16403,15211,A,43.56141,-5.922727,20,False,1,1
2026-09-28T00:19:34Z,2068D70237C4,70237,C4,-1432,15410,15410,2026-09-28T00:03:00,15410,16403,A,43.537647,-5.67596,20,False,12,12
2026-09-28T00:19:34Z,2068D22358C3,22358,C3,-1441,15218,15218,2026-09-29T00:00:00,15218,16405,A,43.3588,-5.8573804,20,False,2,2
2026-09-28T00:19:34Z,2068D22132C1,22132,C1,0,15217,15211,2026-09-28T00:03:00,15218,17000,S,43.38812,-5.8272715,20,False,2,2
2026-09-28T00:19:34Z,4168D84931C2,84931,C2,87,61200,06002,2026-09-28T00:34:00,06006,61200,E,37.97462,-1.1315287,41,False,1,2
2026-09-28T00:19:34Z,4168D24722C1,24722,C1,13,62109,60911,2026-09-28T00:10:00,60911,61200,A,38.34553,-0.49576503,41,False,1,1
2026-09-28T00:19:34Z,4168D24723C1,24723,C1,-1425,61200,61200,2026-09-28T00:14:00,61200,60911,E,37.974686,-1.131078,41,False,1,1
2026-09-28T00:19:34Z,1068D27506C4b,27506,C4b,6,37002,37011,2026-09-28T00:02:00,37012,17005,A,40.288372,-3.7373493,10,True,2,2
2026-09-28T00:19:34Z,1068D75037C8a,75037,C8a,6,97100,10100,2026-09-28T00:10:00,10203,17000,E,40.49547,-3.7261994,10,False,1,3
2026-09-28T00:19:34Z,1068D19945C1,19945,C1,0,98305,98304,2026-09-29T00:12:00,18000,98305,E,40.4924,-3.593483,10,False,2,1
2026-09-28T00:19:34Z,1068D27316C4a,27316,C4a,-1440,18000,18000,2026-09-29T00:06:00,18000,19003,E,40.40654,-3.6895106,10,True,7,7
2026-09-28T00:19:34Z,1068D75872C7,75872,C7,3,18002,18002,2026-09-27T23:59:00,18002,10000,E,40.44655,-3.691473,10,False,4,4
2026-09-28T00:19:34Z,1068D27818C5,27818,C5,0,35009,35001,2026-09-27T23:49:00,35012,35607,S,40.34086,-3.7482634,10,False,2,2
2026-09-28T00:19:34Z,1068D27817C5,27817,C5,-1440,35607,35607,2026-09-28T00:41:00,35607,35012,A,40.330883,-3.8823783,10,False,2,2
2026-09-28T00:19:34Z,1068D27995C5,27995,C5,18,35606,35607,2026-09-27T23:59:00,35607,35002,S,40.32875,-3.8636916,10,False,1,2
2026-09-28T00:19:34Z,1068D27512C4b,27512,C4b,-1424,18000,18000,2026-09-28T00:55:00,18000,17005,E,40.40654,-3.6895106,10,True,7,7
2026-09-28T00:19:34Z,1068D75530C2,75530,C2,-1437,70200,70200,2026-09-28T00:28:00,70200,17000,E,40.644257,-3.1823237,10,False,2,2
2026-09-28T00:19:34Z,1068D75035C8a,75035,C8a,19,10203,10203,2026-09-27T23:59:00,10203,17000,E,40.58532,-4.1321955,10,False,5,5
2026-09-28T00:19:34Z,1068D27815C5,27815,C5,0,18000,35609,2026-09-27T23:59:00,35607,35012,A,40.405067,-3.7026901,10,False,9,2
2026-09-28T00:19:34Z,1068D75877C7,75877,C7,4,10007,10010,2026-09-28T00:03:00,10000,70103,24.0,40.472656,-3.836884,10,True,1,1
2026-09-28T00:19:34Z,1068D27090C3,27090,C3,-1418,60200,60200,2026-09-28T00:00:00,60200,17000,E,40.035027,-3.6189713,10,True,4,4
2026-09-28T00:19:34Z,1068D75875C7,75875,C7,15,10000,10000,2026-09-27T23:59:00,10000,70103,E,40.42163,-3.7193205,10,False,7,7
2026-09-28T00:19:34Z,1068D19940C1,19940,C1,-1440,98305,98305,2026-09-29T00:05:00,98305,17000,E,40.4924,-3.593483,10,False,1,1
2026-09-28T00:19:34Z,1068D27094C3,27094,C3,-1432,60200,60200,2026-09-28T00:45:00,60200,17000,S,40.035027,-3.6189713,10,True,3,3
2026-09-28T00:19:34Z,1068D27508C4b,27508,C4b,3,18000,60100,2026-09-28T00:06:00,37012,17005,13.0,40.40084,-3.682559,10,True,7,1
2026-09-28T00:19:34Z,1068D75644C2,75644,C2,-1435,70200,70200,2026-09-28T00:58:00,70200,17000,A,40.644257,-3.1823237,10,True,2,2
2026-09-28T00:19:34Z,1068D27095C3,27095,C3,-1,60103,60102,2026-09-29T00:04:00,17000,60200,E,40.242844,-3.7038615,10,True,1,1
2026-09-28T00:19:34Z,1068D27092C3,27092,C3,-1425,60200,60200,2026-09-28T00:12:00,60200,17000,S,40.035027,-3.6189713,10,False,3,3
2026-09-28T00:19:34Z,1068D75268C10,75268,C10,5,10101,10103,2026-09-28T00:06:00,10200,17000,13.0,40.560028,-3.9011943,10,True,1,1
2026-09-28T00:19:34Z,1068D27822C5,27822,C5,0,35601,35600,2026-09-27T23:59:00,35012,35607,A,40.386257,-3.7610443,10,False,1,1
2026-09-28T00:19:34Z,1068D27093C3,27093,C3,-1435,17000,17000,2026-09-28T00:13:00,17000,60200,E,40.471382,-3.6834786,10,True,5,5
2026-09-28T00:19:34Z,1068D27643C8b,27643,C8b,-1437,12006,12006,2026-09-28T00:26:00,12006,17000,A,40.737614,-4.0662985,10,False,2,2
2026-09-28T00:19:34Z,1068D27820C5,27820,C5,0,37001,35009,2026-09-28T00:01:00,35012,35607,A,40.34086,-3.7482634,10,False,6,2
2026-09-28T00:19:34Z,1068D27317C4,27317,C4,-1441,17000,17000,2026-09-29T00:34:00,17000,37012,A,40.471325,-3.6833096,10,True,3,3
2026-09-28T00:19:34Z,1068D75172C10,75172,C10,1,18004,18003,2026-09-28T00:01:00,17000,10200,A,40.395943,-3.677964,10,True,1,1
2026-09-28T00:19:34Z,1068D27510C4b,27510,C4b,3,17001,17000,2026-09-28T00:05:00,18000,17005,S,40.501648,-3.6821797,10,True,2,2
2026-09-28T00:25:07Z,3068D23578C1,23578,C1,2,50602,50700,2026-09-28T00:06:54,51003,50600,E,37.58157,-5.6699624,30,False,2,2
2026-09-28T00:25:07Z,3068D23743C5,23743,C5,-1442,51003,51003,2026-09-28T00:38:59,51003,43005,A,37.392567,-5.9749837,30,False,9,9
2026-09-28T00:25:07Z,3068D23841C5,23841,C5,-1,43004,43005,2026-09-28T00:03:07,43005,51113,E,37.381527,-6.193782,30,False,,3
2026-09-28T00:25:07Z,3068D23581C1,23581,C1,0,51103,51111,2026-09-28T00:03:16,51003,51200,34.0,37.294693,-5.9445186,30,False,,1
2026-09-28T00:25:07Z,3268D23176C2,23176,C2,54,54408,54410,2026-09-28T00:03:00,54517,54405,39.0,36.723545,-4.5838585,32,False,,
2026-09-28T00:25:07Z,3268D23402C1,23402,C1,-1438,54517,54517,2026-09-28T00:38:19,54517,54516,A,36.715366,-4.4266005,32,False,1,1
2026-09-28T00:25:07Z,3268D23400C1,23400,C1,3,54503,54501,2026-09-28T00:02:10,54517,54516,26.0,36.695095,-4.4762516,32,False,2,2
2026-09-28T00:25:07Z,5168D25472R2N,25472,R2N,-2,71801,71802,2026-09-28T00:02:47,79100,72400,E,41.37954,2.1411655,50,True,,
2026-09-28T00:25:07Z,5168D77468R4,77468,R4,-1432,78700,78700,2026-09-28T00:27:51,78700,71600,A,41.56993,2.0143688,50,False,,
2026-09-28T00:25:07Z,5168D35564R4,35564,R4,-1431,72209,72209,2026-09-28T00:00:49,72209,78600,A,41.47872,1.9255537,50,False,,
2026-09-28T00:25:07Z,5168D15023R15,15023,R15,52,71502,71500,2026-09-28T00:03:56,71400,79400,60.0,41.129208,1.2999328,50,False,,
2026-09-28T00:25:07Z,5168D25795R1,25795,R1,-1,79403,79404,2026-09-28T00:02:38,79500,72305,E,41.445705,2.2490852,50,False,,1
2026-09-28T00:25:07Z,5168D28393R2S,28393,R2S,-2,71802,71801,2026-09-28T00:01:35,71700,79400,A,41.379513,2.1412146,50,False,,
2026-09-28T00:25:07Z,5168D77464R4,77464,R4,11,78604,78600,2026-09-28T00:05:15,78600,71600,41.0,41.686344,1.8386431,50,False,,
2026-09-28T00:25:07Z,5168D25470R2N,25470,R2N,3,79006,79007,2026-09-28T00:03:54,79104,72400,E,41.533474,2.2177799,50,True,1,
2026-09-28T00:25:07Z,5168D25567R2S,25567,R2S,2,71604,71603,2026-09-28T00:01:57,71600,79400,E,41.20413,1.6760199,50,False,,
2026-09-28T00:25:07Z,5168D28490R2,28490,R2,0,71705,71704,2026-09-28T00:02:22,71700,79104,20.0,41.278507,1.9790424,50,True,,
2026-09-28T00:25:07Z,6068D26577C3,26577,C3,4,13119,13120,2026-09-28T00:00:52,13200,13100,E,43.240112,-2.924082,60,False,,1
2026-09-28T00:25:07Z,6068D35689C3,35689,C3,2,13121,13102,2026-09-28T00:02:16,13200,13100,E,43.05786,-2.996093,60,True,1,1
2026-09-28T00:25:07Z,6068D26576C3,26576,C3,6,13115,13109,2026-09-28T00:01:18,13100,13200,E,43.176933,-2.909058,60,True,2,2
2026-09-28T00:25:07Z,6168D35654C1,35654,C1,4,11409,11408,2026-09-28T00:00:03,11400,11508,95.0,43.094822,-2.1242988,61,False,,2
2026-09-28T00:25:07Z,6268D71185C2,71185,C2,1,05605,05604,2026-09-28T00:02:19,14223,05637,41.0,43.44704,-3.8820617,62,False,,2
2026-09-28T00:25:07Z,2068D22237C2,22237,C2,49,16011,16010,2026-09-28T00:01:00,15211,16011,E,43.28714,-5.6448464,20,False,1,1
2026-09-28T00:25:07Z,2068D22372C3,22372,C3,3,16403,16401,2026-09-28T00:03:00,15211,16403,E,43.56141,-5.922727,20,False,1,2
2026-09-28T00:25:07Z,2068D22373C3,22373,C3,7,16403,16403,2026-09-27T23:59:00,16403,15211,A,43.56141,-5.922727,20,False,1,1
2026-09-28T00:25:07Z,2068D70237C4,70237,C4,-1432,15410,15410,2026-09-28T00:03:00,15410,16403,A,43.537647,-5.67596,20,False,12,12
2026-09-28T00:25:07Z,2068D22358C3,22358,C3,-1441,15218,15218,2026-09-29T00:00:00,15218,16405,A,43.3588,-5.8573804,20,False,2,2
2026-09-28T00:25:07Z,2068D22132C1,22132,C1,0,15217,15211,2026-09-28T00:03:00,15218,17000,S,43.38812,-5.8272715,20,False,2,2
2026-09-28T00:25:07Z,4168D84931C2,84931,C2,87,61200,06002,2026-09-28T00:34:00,06006,61200,E,37.97462,-1.1315287,41,False,1,2
2026-09-28T00:25:07Z,4168D24722C1,24722,C1,13,62109,60911,2026-09-28T00:10:00,60911,61200,A,38.34553,-0.49576503,41,False,1,1
2026-09-28T00:25:07Z,4168D24723C1,24723,C1,-1425,61200,61200,2026-09-28T00:14:00,61200,60911,E,37.974686,-1.131078,41,False,1,1
2026-09-28T00:25:07Z,1068D27506C4b,27506,C4b,6,37002,37011,2026-09-28T00:02:00,37012,17005,A,40.288372,-3.7373493,10,True,2,2
2026-09-28T00:25:07Z,1068D75037C8a,75037,C8a,6,97100,10100,2026-09-28T00:10:00,10203,17000,E,40.49547,-3.7261994,10,False,1,3
2026-09-28T00:25:07Z,1068D19945C1,19945,C1,0,98305,98304,2026-09-29T00:12:00,18000,98305,E,40.4924,-3.593483,10,False,2,1
2026-09-28T00:25:07Z,1068D27316C4a,27316,C4a,-1440,18000,18000,2026-09-29T00:06:00,18000,19003,E,40.40654,-3.6895106,10,True,7,7
2026-09-28T00:25:07Z,1068D75872C7,75872,C7,3,18002,18002,2026-09-27T23:59:00,18002,10000,E,40.44655,-3.691473,10,False,4,4
2026-09-28T00:25:07Z,1068D27818C5,27818,C5,0,35009,35001,2026-09-27T23:49:00,35012,35607,S,40.34086,-3.7482634,10,False,2,2
2026-09-28T00:25:07Z,1068D27817C5,27817,C5,-1440,35607,35607,2026-09-28T00:41:00,35607,35012,A,40.330883,-3.8823783,10,False,2,2
2026-09-28T00:25:07Z,1068D27995C5,27995,C5,18,35606,35607,2026-09-27T23:59:00,35607,35002,S,40.32875,-3.8636916,10,False,1,2
2026-09-28T00:25:07Z,1068D27512C4b,27512,C4b,-1424,18000,18000,2026-09-28T00:55:00,18000,17005,E,40.40654,-3.6895106,10,True,7,7
2026-09-28T00:25:07Z,1068D75530C2,75530,C2,-1437,70200,70200,2026-09-28T00:28:00,70200,17000,E,40.644257,-3.1823237,10,False,2,2
2026-09-28T00:25:07Z,1068D75035C8a,75035,C8a,19,10203,10203,2026-09-27T23:59:00,10203,17000,E,40.58532,-4.1321955,10,False,5,5
2026-09-28T00:25:07Z,1068D27815C5,27815,C5,0,18000,35609,2026-09-27T23:59:00,35607,35012,A,40.405067,-3.7026901,10,False,9,2
2026-09-28T00:25:07Z,1068D75877C7,75877,C7,4,10007,10010,2026-09-28T00:03:00,10000,70103,24.0,40.472656,-3.836884,10,True,1,1
2026-09-28T00:25:07Z,1068D27090C3,27090,C3,-1418,60200,60200,2026-09-28T00:00:00,60200,17000,E,40.035027,-3.6189713,10,True,4,4
2026-09-28T00:25:07Z,1068D75875C7,75875,C7,15,10000,10000,2026-09-27T23:59:00,10000,70103,E,40.42163,-3.7193205,10,False,7,7
2026-09-28T00:25:07Z,1068D19940C1,19940,C1,-1440,98305,98305,2026-09-29T00:05:00,98305,17000,E,40.4924,-3.593483,10,False,1,1
2026-09-28T00:25:07Z,1068D27094C3,27094,C3,-1432,60200,60200,2026-09-28T00:45:00,60200,17000,S,40.035027,-3.6189713,10,True,3,3
2026-09-28T00:25:07Z,1068D27508C4b,27508,C4b,3,18000,60100,2026-09-28T00:06:00,37012,17005,13.0,40.40084,-3.682559,10,True,7,1
2026-09-28T00:25:07Z,1068D75644C2,75644,C2,-1435,70200,70200,2026-09-28T00:58:00,70200,17000,A,40.644257,-3.1823237,10,True,2,2
2026-09-28T00:25:07Z,1068D27095C3,27095,C3,-1,60103,60102,2026-09-29T00:04:00,17000,60200,E,40.242844,-3.7038615,10,True,1,1
2026-09-28T00:25:07Z,1068D27092C3,27092,C3,-1425,60200,60200,2026-09-28T00:12:00,60200,17000,S,40.035027,-3.6189713,10,False,3,3
2026-09-28T00:25:07Z,1068D75268C10,75268,C10,5,10101,10103,2026-09-28T00:06:00,10200,17000,13.0,40.560028,-3.9011943,10,True,1,1
2026-09-28T00:25:07Z,1068D27822C5,27822,C5,0,35601,35600,2026-09-27T23:59:00,35012,35607,A,40.386257,-3.7610443,10,False,1,1
2026-09-28T00:25:07Z,1068D27093C3,27093,C3,-1435,17000,17000,2026-09-28T00:13:00,17000,60200,E,40.471382,-3.6834786,10,True,5,5
2026-09-28T00:25:07Z,1068D27643C8b,27643,C8b,-1437,12006,12006,2026-09-28T00:26:00,12006,17000,A,40.737614,-4.0662985,10,False,2,2
2026-09-28T00:25:07Z,1068D27820C5,27820,C5,0,37001,35009,2026-09-28T00:01:00,35012,35607,A,40.34086,-3.7482634,10,False,6,2
2026-09-28T00:25:07Z,1068D27317C4,27317,C4,-1441,17000,17000,2026-09-29T00:34:00,17000,37012,A,40.471325,-3.6833096,10,True,3,3
2026-09-28T00:25:07Z,1068D75172C10,75172,C10,1,18004,18003,2026-09-28T00:01:00,17000,10200,A,40.395943,-3.677964,10,True,1,1
2026-09-28T00:25:07Z,1068D27510C4b,27510,C4b,3,17001,17000,2026-09-28T00:05:00,18000,17005,S,40.501648,-3.6821797,10,True,2,2
2026-09-28T00:29:25Z,3068D23578C1,23578,C1,2,50602,50700,2026-09-28T00:06:54,51003,50600,E,37.58157,-5.6699624,30,False,2,2
2026-09-28T00:29:25Z,3068D23743C5,23743,C5,-1442,51003,51003,2026-09-28T00:38:59,51003,43005,A,37.392567,-5.9749837,30,False,9,9
2026-09-28T00:29:25Z,3068D23841C5,23841,C5,-1,43004,43005,2026-09-28T00:03:07,43005,51113,E,37.381527,-6.193782,30,False,,3
2026-09-28T00:29:25Z,3068D23581C1,23581,C1,0,51103,51111,2026-09-28T00:03:16,51003,51200,34.0,37.294693,-5.9445186,30,False,,1
2026-09-28T00:29:25Z,3268D23176C2,23176,C2,54,54408,54410,2026-09-28T00:03:00,54517,54405,39.0,36.723545,-4.5838585,32,False,,
2026-09-28T00:29:25Z,3268D23402C1,23402,C1,-1438,54517,54517,2026-09-28T00:38:19,54517,54516,A,36.715366,-4.4266005,32,False,1,1
2026-09-28T00:29:25Z,3268D23400C1,23400,C1,3,54503,54501,2026-09-28T00:02:10,54517,54516,26.0,36.695095,-4.4762516,32,False,2,2
2026-09-28T00:29:25Z,5168D25472R2N,25472,R2N,-2,71801,71802,2026-09-28T00:02:47,79100,72400,E,41.37954,2.1411655,50,True,,
2026-09-28T00:29:25Z,5168D77468R4,77468,R4,-1432,78700,78700,2026-09-28T00:27:51,78700,71600,A,41.56993,2.0143688,50,False,,
2026-09-28T00:29:25Z,5168D35564R4,35564,R4,-1431,72209,72209,2026-09-28T00:00:49,72209,78600,A,41.47872,1.9255537,50,False,,
2026-09-28T00:29:25Z,5168D15023R15,15023,R15,52,71502,71500,2026-09-28T00:03:56,71400,79400,60.0,41.129208,1.2999328,50,False,,
2026-09-28T00:29:25Z,5168D25795R1,25795,R1,-1,79403,79404,2026-09-28T00:02:38,79500,72305,E,41.445705,2.2490852,50,False,,1
2026-09-28T00:29:25Z,5168D28393R2S,28393,R2S,-2,71802,71801,2026-09-28T00:01:35,71700,79400,A,41.379513,2.1412146,50,False,,
2026-09-28T00:29:25Z,5168D77464R4,77464,R4,11,78604,78600,2026-09-28T00:05:15,78600,71600,41.0,41.686344,1.8386431,50,False,,
2026-09-28T00:29:25Z,5168D25470R2N,25470,R2N,3,79006,79007,2026-09-28T00:03:54,79104,72400,E,41.533474,2.2177799,50,True,1,
2026-09-28T00:29:25Z,5168D25567R2S,25567,R2S,2,71604,71603,2026-09-28T00:01:57,71600,79400,E,41.20413,1.6760199,50,False,,
2026-09-28T00:29:25Z,5168D28490R2,28490,R2,0,71705,71704,2026-09-28T00:02:22,71700,79104,20.0,41.278507,1.9790424,50,True,,
2026-09-28T00:29:25Z,6068D26577C3,26577,C3,4,13119,13120,2026-09-28T00:00:52,13200,13100,E,43.240112,-2.924082,60,False,,1
2026-09-28T00:29:25Z,6068D35689C3,35689,C3,2,13121,13102,2026-09-28T00:02:16,13200,13100,E,43.05786,-2.996093,60,True,1,1
2026-09-28T00:29:25Z,6068D26576C3,26576,C3,6,13115,13109,2026-09-28T00:01:18,13100,13200,E,43.176933,-2.909058,60,True,2,2
2026-09-28T00:29:25Z,6168D35654C1,35654,C1,4,11409,11408,2026-09-28T00:00:03,11400,11508,95.0,43.094822,-2.1242988,61,False,,2
2026-09-28T00:29:25Z,6268D71185C2,71185,C2,1,05605,05604,2026-09-28T00:02:19,14223,05637,41.0,43.44704,-3.8820617,62,False,,2
2026-09-28T00:29:25Z,2068D22237C2,22237,C2,49,16011,16010,2026-09-28T00:01:00,15211,16011,E,43.28714,-5.6448464,20,False,1,1
2026-09-28T00:29:25Z,2068D22372C3,22372,C3,3,16403,16401,2026-09-28T00:03:00,15211,16403,E,43.56141,-5.922727,20,False,1,2
2026-09-28T00:29:25Z,2068D22373C3,22373,C3,7,16403,16403,2026-09-27T23:59:00,16403,15211,A,43.56141,-5.922727,20,False,1,1
2026-09-28T00:29:25Z,2068D70237C4,70237,C4,-1432,15410,15410,2026-09-28T00:03:00,15410,16403,A,43.537647,-5.67596,20,False,12,12
2026-09-28T00:29:25Z,2068D22358C3,22358,C3,-1441,15218,15218,2026-09-29T00:00:00,15218,16405,A,43.3588,-5.8573804,20,False,2,2
2026-09-28T00:29:25Z,2068D22132C1,22132,C1,0,15217,15211,2026-09-28T00:03:00,15218,17000,S,43.38812,-5.8272715,20,False,2,2
2026-09-28T00:29:25Z,4168D84931C2,84931,C2,87,61200,06002,2026-09-28T00:34:00,06006,61200,E,37.97462,-1.1315287,41,False,1,2
2026-09-28T00:29:25Z,4168D24722C1,24722,C1,13,62109,60911,2026-09-28T00:10:00,60911,61200,A,38.34553,-0.49576503,41,False,1,1
2026-09-28T00:29:25Z,4168D24723C1,24723,C1,-1425,61200,61200,2026-09-28T00:14:00,61200,60911,E,37.974686,-1.131078,41,False,1,1
2026-09-28T00:29:25Z,1068D27506C4b,27506,C4b,6,37002,37011,2026-09-28T00:02:00,37012,17005,A,40.288372,-3.7373493,10,True,2,2
2026-09-28T00:29:25Z,1068D75037C8a,75037,C8a,6,97100,10100,2026-09-28T00:10:00,10203,17000,E,40.49547,-3.7261994,10,False,1,3
2026-09-28T00:29:25Z,1068D19945C1,19945,C1,0,98305,98304,2026-09-29T00:12:00,18000,98305,E,40.4924,-3.593483,10,False,2,1
2026-09-28T00:29:25Z,1068D27316C4a,27316,C4a,-1440,18000,18000,2026-09-29T00:06:00,18000,19003,E,40.40654,-3.6895106,10,True,7,7
2026-09-28T00:29:25Z,1068D75872C7,75872,C7,3,18002,18002,2026-09-27T23:59:00,18002,10000,E,40.44655,-3.691473,10,False,4,4
2026-09-28T00:29:25Z,1068D27818C5,27818,C5,0,35009,35001,2026-09-27T23:49:00,35012,35607,S,40.34086,-3.7482634,10,False,2,2
2026-09-28T00:29:25Z,1068D27817C5,27817,C5,-1440,35607,35607,2026-09-28T00:41:00,35607,35012,A,40.330883,-3.8823783,10,False,2,2
2026-09-28T00:29:25Z,1068D27995C5,27995,C5,18,35606,35607,2026-09-27T23:59:00,35607,35002,S,40.32875,-3.8636916,10,False,1,2
2026-09-28T00:29:25Z,1068D27512C4b,27512,C4b,-1424,18000,18000,2026-09-28T00:55:00,18000,17005,E,40.40654,-3.6895106,10,True,7,7
2026-09-28T00:29:25Z,1068D75530C2,75530,C2,-1437,70200,70200,2026-09-28T00:28:00,70200,17000,E,40.644257,-3.1823237,10,False,2,2
2026-09-28T00:29:25Z,1068D75035C8a,75035,C8a,19,10203,10203,2026-09-27T23:59:00,10203,17000,E,40.58532,-4.1321955,10,False,5,5
2026-09-28T00:29:25Z,1068D27815C5,27815,C5,0,18000,35609,2026-09-27T23:59:00,35607,35012,A,40.405067,-3.7026901,10,False,9,2
2026-09-28T00:29:25Z,1068D75877C7,75877,C7,4,10007,10010,2026-09-28T00:03:00,10000,70103,24.0,40.472656,-3.836884,10,True,1,1
2026-09-28T00:29:25Z,1068D27090C3,27090,C3,-1418,60200,60200,2026-09-28T00:00:00,60200,17000,E,40.035027,-3.6189713,10,True,4,4
2026-09-28T00:29:25Z,1068D75875C7,75875,C7,15,10000,10000,2026-09-27T23:59:00,10000,70103,E,40.42163,-3.7193205,10,False,7,7
2026-09-28T00:29:25Z,1068D19940C1,19940,C1,-1440,98305,98305,2026-09-29T00:05:00,98305,17000,E,40.4924,-3.593483,10,False,1,1
2026-09-28T00:29:25Z,1068D27094C3,27094,C3,-1432,60200,60200,2026-09-28T00:45:00,60200,17000,S,40.035027,-3.6189713,10,True,3,3
2026-09-28T00:29:25Z,1068D27508C4b,27508,C4b,3,18000,60100,2026-09-28T00:06:00,37012,17005,13.0,40.40084,-3.682559,10,True,7,1
2026-09-28T00:29:25Z,1068D75644C2,75644,C2,-1435,70200,70200,2026-09-28T00:58:00,70200,17000,A,40.644257,-3.1823237,10,True,2,2
2026-09-28T00:29:25Z,1068D27095C3,27095,C3,-1,60103,60102,2026-09-29T00:04:00,17000,60200,E,40.242844,-3.7038615,10,True,1,1
2026-09-28T00:29:25Z,1068D27092C3,27092,C3,-1425,60200,60200,2026-09-28T00:12:00,60200,17000,S,40.035027,-3.6189713,10,False,3,3
2026-09-28T00:29:25Z,1068D75268C10,75268,C10,5,10101,10103,2026-09-28T00:06:00,10200,17000,13.0,40.560028,-3.9011943,10,True,1,1
2026-09-28T00:29:25Z,1068D27822C5,27822,C5,0,35601,35600,2026-09-27T23:59:00,35012,35607,A,40.386257,-3.7610443,10,False,1,1
2026-09-28T00:29:25Z,1068D27093C3,27093,C3,-1435,17000,17000,2026-09-28T00:13:00,17000,60200,E,40.471382,-3.6834786,10,True,5,5
2026-09-28T00:29:25Z,1068D27643C8b,27643,C8b,-1437,12006,12006,2026-09-28T00:26:00,12006,17000,A,40.737614,-4.0662985,10,False,2,2
2026-09-28T00:29:25Z,1068D27820C5,27820,C5,0,37001,35009,2026-09-28T00:01:00,35012,35607,A,40.34086,-3.7482634,10,False,6,2
2026-09-28T00:29:25Z,1068D27317C4,27317,C4,-1441,17000,17000,2026-09-29T00:34:00,17000,37012,A,40.471325,-3.6833096,10,True,3,3
2026-09-28T00:29:25Z,1068D75172C10,75172,C10,1,18004,18003,2026-09-28T00:01:00,17000,10200,A,40.395943,-3.677964,10,True,1,1
2026-09-28T00:29:25Z,1068D27510C4b,27510,C4b,3,17001,17000,2026-09-28T00:05:00,18000,17005,S,40.501648,-3.6821797,10,True,2,2
2026-09-28T00:34:48Z,3068D23578C1,23578,C1,2,50602,50700,2026-09-28T00:06:54,51003,50600,E,37.58157,-5.6699624,30,False,2,2
2026-09-28T00:34:48Z,3068D23743C5,23743,C5,-1442,51003,51003,2026-09-28T00:38:59,51003,43005,A,37.392567,-5.9749837,30,False,9,9
2026-09-28T00:34:48Z,3068D23841C5,23841,C5,-1,43004,43005,2026-09-28T00:03:07,43005,51113,E,37.381527,-6.193782,30,False,,3
2026-09-28T00:34:48Z,3068D23581C1,23581,C1,0,51103,51111,2026-09-28T00:03:16,51003,51200,34.0,37.294693,-5.9445186,30,False,,1
2026-09-28T00:34:48Z,3268D23176C2,23176,C2,54,54408,54410,2026-09-28T00:03:00,54517,54405,39.0,36.723545,-4.5838585,32,False,,
2026-09-28T00:34:48Z,3268D23402C1,23402,C1,-1438,54517,54517,2026-09-28T00:38:19,54517,54516,A,36.715366,-4.4266005,32,False,1,1
2026-09-28T00:34:48Z,3268D23400C1,23400,C1,3,54503,54501,2026-09-28T00:02:10,54517,54516,26.0,36.695095,-4.4762516,32,False,2,2
2026-09-28T00:34:48Z,5168D25472R2N,25472,R2N,-2,71801,71802,2026-09-28T00:02:47,79100,72400,E,41.37954,2.1411655,50,True,,
2026-09-28T00:34:48Z,5168D77468R4,77468,R4,-1432,78700,78700,2026-09-28T00:27:51,78700,71600,A,41.56993,2.0143688,50,False,,
2026-09-28T00:34:48Z,5168D35564R4,35564,R4,-1431,72209,72209,2026-09-28T00:00:49,72209,78600,A,41.47872,1.9255537,50,False,,
2026-09-28T00:34:48Z,5168D15023R15,15023,R15,52,71502,71500,2026-09-28T00:03:56,71400,79400,60.0,41.129208,1.2999328,50,False,,
2026-09-28T00:34:48Z,5168D25795R1,25795,R1,-1,79403,79404,2026-09-28T00:02:38,79500,72305,E,41.445705,2.2490852,50,False,,1
2026-09-28T00:34:48Z,5168D28393R2S,28393,R2S,-2,71802,71801,2026-09-28T00:01:35,71700,79400,A,41.379513,2.1412146,50,False,,
2026-09-28T00:34:48Z,5168D77464R4,77464,R4,11,78604,78600,2026-09-28T00:05:15,78600,71600,41.0,41.686344,1.8386431,50,False,,
2026-09-28T00:34:48Z,5168D25470R2N,25470,R2N,3,79006,79007,2026-09-28T00:03:54,79104,72400,E,41.533474,2.2177799,50,True,1,
2026-09-28T00:34:48Z,5168D25567R2S,25567,R2S,2,71604,71603,2026-09-28T00:01:57,71600,79400,E,41.20413,1.6760199,50,False,,
2026-09-28T00:34:48Z,5168D28490R2,28490,R2,0,71705,71704,2026-09-28T00:02:22,71700,79104,20.0,41.278507,1.9790424,50,True,,
2026-09-28T00:34:48Z,6068D26577C3,26577,C3,4,13119,13120,2026-09-28T00:00:52,13200,13100,E,43.240112,-2.924082,60,False,,1
2026-09-28T00:34:48Z,6068D35689C3,35689,C3,2,13121,13102,2026-09-28T00:02:16,13200,13100,E,43.05786,-2.996093,60,True,1,1
2026-09-28T00:34:48Z,6068D26576C3,26576,C3,6,13115,13109,2026-09-28T00:01:18,13100,13200,E,43.176933,-2.909058,60,True,2,2
2026-09-28T00:34:48Z,6168D35654C1,35654,C1,4,11409,11408,2026-09-28T00:00:03,11400,11508,95.0,43.094822,-2.1242988,61,False,,2
2026-09-28T00:34:48Z,6268D71185C2,71185,C2,1,05605,05604,2026-09-28T00:02:19,14223,05637,41.0,43.44704,-3.8820617,62,False,,2
2026-09-28T00:34:48Z,2068D22237C2,22237,C2,49,16011,16010,2026-09-28T00:01:00,15211,16011,E,43.28714,-5.6448464,20,False,1,1
2026-09-28T00:34:48Z,2068D22372C3,22372,C3,3,16403,16401,2026-09-28T00:03:00,15211,16403,E,43.56141,-5.922727,20,False,1,2
2026-09-28T00:34:48Z,2068D22373C3,22373,C3,7,16403,16403,2026-09-27T23:59:00,16403,15211,A,43.56141,-5.922727,20,False,1,1
2026-09-28T00:34:48Z,2068D70237C4,70237,C4,-1432,15410,15410,2026-09-28T00:03:00,15410,16403,A,43.537647,-5.67596,20,False,12,12
2026-09-28T00:34:48Z,2068D22358C3,22358,C3,-1441,15218,15218,2026-09-29T00:00:00,15218,16405,A,43.3588,-5.8573804,20,False,2,2
2026-09-28T00:34:48Z,2068D22132C1,22132,C1,0,15217,15211,2026-09-28T00:03:00,15218,17000,S,43.38812,-5.8272715,20,False,2,2
2026-09-28T00:34:48Z,4168D84931C2,84931,C2,87,61200,06002,2026-09-28T00:34:00,06006,61200,E,37.97462,-1.1315287,41,False,1,2
2026-09-28T00:34:48Z,4168D24722C1,24722,C1,13,62109,60911,2026-09-28T00:10:00,60911,61200,A,38.34553,-0.49576503,41,False,1,1
2026-09-28T00:34:48Z,4168D24723C1,24723,C1,-1425,61200,61200,2026-09-28T00:14:00,61200,60911,E,37.974686,-1.131078,41,False,1,1
2026-09-28T00:34:48Z,1068D27506C4b,27506,C4b,6,37002,37011,2026-09-28T00:02:00,37012,17005,A,40.288372,-3.7373493,10,True,2,2
2026-09-28T00:34:48Z,1068D75037C8a,75037,C8a,6,97100,10100,2026-09-28T00:10:00,10203,17000,E,40.49547,-3.7261994,10,False,1,3
2026-09-28T00:34:48Z,1068D19945C1,19945,C1,0,98305,98304,2026-09-29T00:12:00,18000,98305,E,40.4924,-3.593483,10,False,2,1
2026-09-28T00:34:48Z,1068D27316C4a,27316,C4a,-1440,18000,18000,2026-09-29T00:06:00,18000,19003,E,40.40654,-3.6895106,10,True,7,7
2026-09-28T00:34:48Z,1068D75872C7,75872,C7,3,18002,18002,2026-09-27T23:59:00,18002,10000,E,40.44655,-3.691473,10,False,4,4
2026-09-28T00:34:48Z,1068D27818C5,27818,C5,0,35009,35001,2026-09-27T23:49:00,35012,35607,S,40.34086,-3.7482634,10,False,2,2
2026-09-28T00:34:48Z,1068D27817C5,27817,C5,-1440,35607,35607,2026-09-28T00:41:00,35607,35012,A,40.330883,-3.8823783,10,False,2,2
2026-09-28T00:34:48Z,1068D27995C5,27995,C5,18,35606,35607,2026-09-27T23:59:00,35607,35002,S,40.32875,-3.8636916,10,False,1,2
2026-09-28T00:34:48Z,1068D27512C4b,27512,C4b,-1424,18000,18000,2026-09-28T00:55:00,18000,17005,E,40.40654,-3.6895106,10,True,7,7
2026-09-28T00:34:48Z,1068D75530C2,75530,C2,-1437,70200,70200,2026-09-28T00:28:00,70200,17000,E,40.644257,-3.1823237,10,False,2,2
2026-09-28T00:34:48Z,1068D75035C8a,75035,C8a,19,10203,10203,2026-09-27T23:59:00,10203,17000,E,40.58532,-4.1321955,10,False,5,5
2026-09-28T00:34:48Z,1068D27815C5,27815,C5,0,18000,35609,2026-09-27T23:59:00,35607,35012,A,40.405067,-3.7026901,10,False,9,2
2026-09-28T00:34:48Z,1068D75877C7,75877,C7,4,10007,10010,2026-09-28T00:03:00,10000,70103,24.0,40.472656,-3.836884,10,True,1,1
2026-09-28T00:34:48Z,1068D27090C3,27090,C3,-1418,60200,60200,2026-09-28T00:00:00,60200,17000,E,40.035027,-3.6189713,10,True,4,4
2026-09-28T00:34:48Z,1068D75875C7,75875,C7,15,10000,10000,2026-09-27T23:59:00,10000,70103,E,40.42163,-3.7193205,10,False,7,7
2026-09-28T00:34:48Z,1068D19940C1,19940,C1,-1440,98305,98305,2026-09-29T00:05:00,98305,17000,E,40.4924,-3.593483,10,False,1,1
2026-09-28T00:34:48Z,1068D27094C3,27094,C3,-1432,60200,60200,2026-09-28T00:45:00,60200,17000,S,40.035027,-3.6189713,10,True,3,3
2026-09-28T00:34:48Z,1068D27508C4b,27508,C4b,3,18000,60100,2026-09-28T00:06:00,37012,17005,13.0,40.40084,-3.682559,10,True,7,1
2026-09-28T00:34:48Z,1068D75644C2,75644,C2,-1435,70200,70200,2026-09-28T00:58:00,70200,17000,A,40.644257,-3.1823237,10,True,2,2
2026-09-28T00:34:48Z,1068D27095C3,27095,C3,-1,60103,60102,2026-09-29T00:04:00,17000,60200,E,40.242844,-3.7038615,10,True,1,1
2026-09-28T00:34:48Z,1068D27092C3,27092,C3,-1425,60200,60200,2026-09-28T00:12:00,60200,17000,S,40.035027,-3.6189713,10,False,3,3
2026-09-28T00:34:48Z,1068D75268C10,75268,C10,5,10101,10103,2026-09-28T00:06:00,10200,17000,13.0,40.560028,-3.9011943,10,True,1,1
2026-09-28T00:34:48Z,1068D27822C5,27822,C5,0,35601,35600,2026-09-27T23:59:00,35012,35607,A,40.386257,-3.7610443,10,False,1,1
2026-09-28T00:34:48Z,1068D27093C3,27093,C3,-1435,17000,17000,2026-09-28T00:13:00,17000,60200,E,40.471382,-3.6834786,10,True,5,5
2026-09-28T00:34:48Z,1068D27643C8b,27643,C8b,-1437,12006,12006,2026-09-28T00:26:00,12006,17000,A,40.737614,-4.0662985,10,False,2,2
2026-09-28T00:34:48Z,1068D27820C5,27820,C5,0,37001,35009,2026-09-28T00:01:00,35012,35607,A,40.34086,-3.7482634,10,False,6,2
2026-09-28T00:34:48Z,1068D27317C4,27317,C4,-1441,17000,17000,2026-09-29T00:34:00,17000,37012,A,40.471325,-3.6833096,10,True,3,3
2026-09-28T00:34:48Z,1068D75172C10,75172,C10,1,18004,18003,2026-09-28T00:01:00,17000,10200,A,40.395943,-3.677964,10,True,1,1
2026-09-28T00:34:48Z,1068D27510C4b,27510,C4b,3,17001,17000,2026-09-28T00:05:00,18000,17005,S,40.501648,-3.6821797,10,True,2,2
2026-09-28T00:39:57Z,3068D23578C1,23578,C1,2,50602,50700,2026-09-28T00:06:54,51003,50600,E,37.58157,-5.6699624,30,False,2,2
2026-09-28T00:39:57Z,3068D23743C5,23743,C5,-1442,51003,51003,2026-09-28T00:38:59,51003,43005,A,37.392567,-5.9749837,30,False,9,9
2026-09-28T00:39:57Z,3068D23841C5,23841,C5,-1,43004,43005,2026-09-28T00:03:07,43005,51113,E,37.381527,-6.193782,30,False,,3
2026-09-28T00:39:57Z,3068D23581C1,23581,C1,0,51103,51111,2026-09-28T00:03:16,51003,51200,34.0,37.294693,-5.9445186,30,False,,1
2026-09-28T00:39:57Z,3268D23176C2,23176,C2,54,54408,54410,2026-09-28T00:03:00,54517,54405,39.0,36.723545,-4.5838585,32,False,,
2026-09-28T00:39:57Z,3268D23402C1,23402,C1,-1438,54517,54517,2026-09-28T00:38:19,54517,54516,A,36.715366,-4.4266005,32,False,1,1
2026-09-28T00:39:57Z,3268D23400C1,23400,C1,3,54503,54501,2026-09-28T00:02:10,54517,54516,26.0,36.695095,-4.4762516,32,False,2,2
2026-09-28T00:39:57Z,5168D25472R2N,25472,R2N,-2,71801,71802,2026-09-28T00:02:47,79100,72400,E,41.37954,2.1411655,50,True,,
2026-09-28T00:39:57Z,5168D77468R4,77468,R4,-1432,78700,78700,2026-09-28T00:27:51,78700,71600,A,41.56993,2.0143688,50,False,,
2026-09-28T00:39:57Z,5168D35564R4,35564,R4,-1431,72209,72209,2026-09-28T00:00:49,72209,78600,A,41.47872,1.9255537,50,False,,
2026-09-28T00:39:57Z,5168D15023R15,15023,R15,52,71502,71500,2026-09-28T00:03:56,71400,79400,60.0,41.129208,1.2999328,50,False,,
2026-09-28T00:39:57Z,5168D25795R1,25795,R1,-1,79403,79404,2026-09-28T00:02:38,79500,72305,E,41.445705,2.2490852,50,False,,1
2026-09-28T00:39:57Z,5168D28393R2S,28393,R2S,-2,71802,71801,2026-09-28T00:01:35,71700,79400,A,41.379513,2.1412146,50,False,,
2026-09-28T00:39:57Z,5168D77464R4,77464,R4,11,78604,78600,2026-09-28T00:05:15,78600,71600,41.0,41.686344,1.8386431,50,False,,
2026-09-28T00:39:57Z,5168D25470R2N,25470,R2N,3,79006,79007,2026-09-28T00:03:54,79104,72400,E,41.533474,2.2177799,50,True,1,
2026-09-28T00:39:57Z,5168D25567R2S,25567,R2S,2,71604,71603,2026-09-28T00:01:57,71600,79400,E,41.20413,1.6760199,50,False,,
2026-09-28T00:39:57Z,5168D28490R2,28490,R2,0,71705,71704,2026-09-28T00:02:22,71700,79104,20.0,41.278507,1.9790424,50,True,,
2026-09-28T00:39:57Z,6068D26577C3,26577,C3,4,13119,13120,2026-09-28T00:00:52,13200,13100,E,43.240112,-2.924082,60,False,,1
2026-09-28T00:39:57Z,6068D35689C3,35689,C3,2,13121,13102,2026-09-28T00:02:16,13200,13100,E,43.05786,-2.996093,60,True,1,1
2026-09-28T00:39:57Z,6068D26576C3,26576,C3,6,13115,13109,2026-09-28T00:01:18,13100,13200,E,43.176933,-2.909058,60,True,2,2
2026-09-28T00:39:57Z,6168D35654C1,35654,C1,4,11409,11408,2026-09-28T00:00:03,11400,11508,95.0,43.094822,-2.1242988,61,False,,2
2026-09-28T00:39:57Z,6268D71185C2,71185,C2,1,05605,05604,2026-09-28T00:02:19,14223,05637,41.0,43.44704,-3.8820617,62,False,,2
2026-09-28T00:39:57Z,2068D22237C2,22237,C2,49,16011,16010,2026-09-28T00:01:00,15211,16011,E,43.28714,-5.6448464,20,False,1,1
2026-09-28T00:39:57Z,2068D22372C3,22372,C3,3,16403,16401,2026-09-28T00:03:00,15211,16403,E,43.56141,-5.922727,20,False,1,2
2026-09-28T00:39:57Z,2068D22373C3,22373,C3,7,16403,16403,2026-09-27T23:59:00,16403,15211,A,43.56141,-5.922727,20,False,1,1
2026-09-28T00:39:57Z,2068D70237C4,70237,C4,-1432,15410,15410,2026-09-28T00:03:00,15410,16403,A,43.537647,-5.67596,20,False,12,12
2026-09-28T00:39:57Z,2068D22358C3,22358,C3,-1441,15218,15218,2026-09-29T00:00:00,15218,16405,A,43.3588,-5.8573804,20,False,2,2
2026-09-28T00:39:57Z,2068D22132C1,22132,C1,0,15217,15211,2026-09-28T00:03:00,15218,17000,S,43.38812,-5.8272715,20,False,2,2
2026-09-28T00:39:57Z,4168D84931C2,84931,C2,87,61200,06002,2026-09-28T00:34:00,06006,61200,E,37.97462,-1.1315287,41,False,1,2
2026-09-28T00:39:57Z,4168D24722C1,24722,C1,13,62109,60911,2026-09-28T00:10:00,60911,61200,A,38.34553,-0.49576503,41,False,1,1
2026-09-28T00:39:57Z,4168D24723C1,24723,C1,-1425,61200,61200,2026-09-28T00:14:00,61200,60911,E,37.974686,-1.131078,41,False,1,1
2026-09-28T00:39:57Z,1068D27506C4b,27506,C4b,6,37002,37011,2026-09-28T00:02:00,37012,17005,A,40.288372,-3.7373493,10,True,2,2
2026-09-28T00:39:57Z,1068D75037C8a,75037,C8a,6,97100,10100,2026-09-28T00:10:00,10203,17000,E,40.49547,-3.7261994,10,False,1,3
2026-09-28T00:39:57Z,1068D19945C1,19945,C1,0,98305,98304,2026-09-29T00:12:00,18000,98305,E,40.4924,-3.593483,10,False,2,1
2026-09-28T00:39:57Z,1068D27316C4a,27316,C4a,-1440,18000,18000,2026-09-29T00:06:00,18000,19003,E,40.40654,-3.6895106,10,True,7,7
2026-09-28T00:39:57Z,1068D75872C7,75872,C7,3,18002,18002,2026-09-27T23:59:00,18002,10000,E,40.44655,-3.691473,10,False,4,4
2026-09-28T00:39:57Z,1068D27818C5,27818,C5,0,35009,35001,2026-09-27T23:49:00,35012,35607,S,40.34086,-3.7482634,10,False,2,2
2026-09-28T00:39:57Z,1068D27817C5,27817,C5,-1440,35607,35607,2026-09-28T00:41:00,35607,35012,A,40.330883,-3.8823783,10,False,2,2
2026-09-28T00:39:57Z,1068D27995C5,27995,C5,18,35606,35607,2026-09-27T23:59:00,35607,35002,S,40.32875,-3.8636916,10,False,1,2
2026-09-28T00:39:57Z,1068D27512C4b,27512,C4b,-1424,18000,18000,2026-09-28T00:55:00,18000,17005,E,40.40654,-3.6895106,10,True,7,7
2026-09-28T00:39:57Z,1068D75530C2,75530,C2,-1437,70200,70200,2026-09-28T00:28:00,70200,17000,E,40.644257,-3.1823237,10,False,2,2
2026-09-28T00:39:57Z,1068D75035C8a,75035,C8a,19,10203,10203,2026-09-27T23:59:00,10203,17000,E,40.58532,-4.1321955,10,False,5,5
2026-09-28T00:39:57Z,1068D27815C5,27815,C5,0,18000,35609,2026-09-27T23:59:00,35607,35012,A,40.405067,-3.7026901,10,False,9,2
2026-09-28T00:39:57Z,1068D75877C7,75877,C7,4,10007,10010,2026-09-28T00:03:00,10000,70103,24.0,40.472656,-3.836884,10,True,1,1
2026-09-28T00:39:57Z,1068D27090C3,27090,C3,-1418,60200,60200,2026-09-28T00:00:00,60200,17000,E,40.035027,-3.6189713,10,True,4,4
2026-09-28T00:39:57Z,1068D75875C7,75875,C7,15,10000,10000,2026-09-27T23:59:00,10000,70103,E,40.42163,-3.7193205,10,False,7,7
2026-09-28T00:39:57Z,1068D19940C1,19940,C1,-1440,98305,98305,2026-09-29T00:05:00,98305,17000,E,40.4924,-3.593483,10,False,1,1
2026-09-28T00:39:57Z,1068D27094C3,27094,C3,-1432,60200,60200,2026-09-28T00:45:00,60200,17000,S,40.035027,-3.6189713,10,True,3,3
2026-09-28T00:39:57Z,1068D27508C4b,27508,C4b,3,18000,60100,2026-09-28T00:06:00,37012,17005,13.0,40.40084,-3.682559,10,True,7,1
2026-09-28T00:39:57Z,1068D75644C2,75644,C2,-1435,70200,70200,2026-09-28T00:58:00,70200,17000,A,40.644257,-3.1823237,10,True,2,2
2026-09-28T00:39:57Z,1068D27095C3,27095,C3,-1,60103,60102,2026-09-29T00:04:00,17000,60200,E,40.242844,-3.7038615,10,True,1,1
2026-09-28T00:39:57Z,1068D27092C3,27092,C3,-1425,60200,60200,2026-09-28T00:12:00,60200,17000,S,40.035027,-3.6189713,10,False,3,3
2026-09-28T00:39:57Z,1068D75268C10,75268,C10,5,10101,10103,2026-09-28T00:06:00,10200,17000,13.0,40.560028,-3.9011943,10,True,1,1
2026-09-28T00:39:57Z,1068D27822C5,27822,C5,0,35601,35600,2026-09-27T23:59:00,35012,35607,A,40.386257,-3.7610443,10,False,1,1
2026-09-28T00:39:57Z,1068D27093C3,27093,C3,-1435,17000,17000,2026-09-28T00:13:00,17000,60200,E,40.471382,-3.6834786,10,True,5,5
2026-09-28T00:39:57Z,1068D27643C8b,27643,C8b,-1437,12006,12006,2026-09-28T00:26:00,12006,17000,A,40.737614,-4.0662985,10,False,2,2
2026-09-28T00:39:57Z,1068D27820C5,27820,C5,0,37001,35009,2026-09-28T00:01:00,35012,35607,A,40.34086,-3.7482634,10,False,6,2
2026-09-28T00:39:57Z,1068D27317C4,27317,C4,-1441,17000,17000,2026-09-29T00:34:00,17000,37012,A,40.471325,-3.6833096,10,True,3,3
2026-09-28T00:39:57Z,1068D75172C10,75172,C10,1,18004,18003,2026-09-28T00:01:00,17000,10200,A,40.395943,-3.677964,10,True,1,1
2026-09-28T00:39:57Z,1068D27510C4b,27510,C4b,3,17001,17000,2026-09-28T00:05:00,18000,17005,S,40.501648,-3.6821797,10,True,2,2
2026-09-28T00:45:06Z,3068D23578C1,23578,C1,2,50602,50700,2026-09-28T00:06:54,51003,50600,E,37.58157,-5.6699624,30,False,2,2
2026-09-28T00:45:06Z,3068D23743C5,23743,C5,-1442,51003,51003,2026-09-28T00:38:59,51003,43005,A,37.392567,-5.9749837,30,False,9,9
2026-09-28T00:45:06Z,3068D23841C5,23841,C5,-1,43004,43005,2026-09-28T00:03:07,43005,51113,E,37.381527,-6.193782,30,False,,3
2026-09-28T00:45:06Z,3068D23581C1,23581,C1,0,51103,51111,2026-09-28T00:03:16,51003,51200,34.0,37.294693,-5.9445186,30,False,,1
2026-09-28T00:45:06Z,3268D23176C2,23176,C2,54,54408,54410,2026-09-28T00:03:00,54517,54405,39.0,36.723545,-4.5838585,32,False,,
2026-09-28T00:45:06Z,3268D23402C1,23402,C1,-1438,54517,54517,2026-09-28T00:38:19,54517,54516,A,36.715366,-4.4266005,32,False,1,1
2026-09-28T00:45:06Z,3268D23400C1,23400,C1,3,54503,54501,2026-09-28T00:02:10,54517,54516,26.0,36.695095,-4.4762516,32,False,2,2
2026-09-28T00:45:06Z,5168D25472R2N,25472,R2N,-2,71801,71802,2026-09-28T00:02:47,79100,72400,E,41.37954,2.1411655,50,True,,
2026-09-28T00:45:06Z,5168D77468R4,77468,R4,-1432,78700,78700,2026-09-28T00:27:51,78700,71600,A,41.56993,2.0143688,50,False,,
2026-09-28T00:45:06Z,5168D35564R4,35564,R4,-1431,72209,72209,2026-09-28T00:00:49,72209,78600,A,41.47872,1.9255537,50,False,,
2026-09-28T00:45:06Z,5168D15023R15,15023,R15,52,71502,71500,2026-09-28T00:03:56,71400,79400,60.0,41.129208,1.2999328,50,False,,
2026-09-28T00:45:06Z,5168D25795R1,25795,R1,-1,79403,79404,2026-09-28T00:02:38,79500,72305,E,41.445705,2.2490852,50,False,,1
2026-09-28T00:45:06Z,5168D28393R2S,28393,R2S,-2,71802,71801,2026-09-28T00:01:35,71700,79400,A,41.379513,2.1412146,50,False,,
2026-09-28T00:45:06Z,5168D77464R4,77464,R4,11,78604,78600,2026-09-28T00:05:15,78600,71600,41.0,41.686344,1.8386431,50,False,,
2026-09-28T00:45:06Z,5168D25470R2N,25470,R2N,3,79006,79007,2026-09-28T00:03:54,79104,72400,E,41.533474,2.2177799,50,True,1,
2026-09-28T00:45:06Z,5168D25567R2S,25567,R2S,2,71604,71603,2026-09-28T00:01:57,71600,79400,E,41.20413,1.6760199,50,False,,
2026-09-28T00:45:06Z,5168D28490R2,28490,R2,0,71705,71704,2026-09-28T00:02:22,71700,79104,20.0,41.278507,1.9790424,50,True,,
2026-09-28T00:45:06Z,6068D26577C3,26577,C3,4,13119,13120,2026-09-28T00:00:52,13200,13100,E,43.240112,-2.924082,60,False,,1
2026-09-28T00:45:06Z,6068D35689C3,35689,C3,2,13121,13102,2026-09-28T00:02:16,13200,13100,E,43.05786,-2.996093,60,True,1,1
2026-09-28T00:45:06Z,6068D26576C3,26576,C3,6,13115,13109,2026-09-28T00:01:18,13100,13200,E,43.176933,-2.909058,60,True,2,2
2026-09-28T00:45:06Z,6168D35654C1,35654,C1,4,11409,11408,2026-09-28T00:00:03,11400,11508,95.0,43.094822,-2.1242988,61,False,,2
2026-09-28T00:45:06Z,6268D71185C2,71185,C2,1,05605,05604,2026-09-28T00:02:19,14223,05637,41.0,43.44704,-3.8820617,62,False,,2
2026-09-28T00:45:06Z,2068D22237C2,22237,C2,49,16011,16010,2026-09-28T00:01:00,15211,16011,E,43.28714,-5.6448464,20,False,1,1
2026-09-28T00:45:06Z,2068D22372C3,22372,C3,3,16403,16401,2026-09-28T00:03:00,15211,16403,E,43.56141,-5.922727,20,False,1,2
2026-09-28T00:45:06Z,2068D22373C3,22373,C3,7,16403,16403,2026-09-27T23:59:00,16403,15211,A,43.56141,-5.922727,20,False,1,1
2026-09-28T00:45:06Z,2068D70237C4,70237,C4,-1432,15410,15410,2026-09-28T00:03:00,15410,16403,A,43.537647,-5.67596,20,False,12,12
2026-09-28T00:45:06Z,2068D22358C3,22358,C3,-1441,15218,15218,2026-09-29T00:00:00,15218,16405,A,43.3588,-5.8573804,20,False,2,2
2026-09-28T00:45:06Z,2068D22132C1,22132,C1,0,15217,15211,2026-09-28T00:03:00,15218,17000,S,43.38812,-5.8272715,20,False,2,2
2026-09-28T00:45:06Z,4168D84931C2,84931,C2,87,61200,06002,2026-09-28T00:34:00,06006,61200,E,37.97462,-1.1315287,41,False,1,2
2026-09-28T00:45:06Z,4168D24722C1,24722,C1,13,62109,60911,2026-09-28T00:10:00,60911,61200,A,38.34553,-0.49576503,41,False,1,1
2026-09-28T00:45:06Z,4168D24723C1,24723,C1,-1425,61200,61200,2026-09-28T00:14:00,61200,60911,E,37.974686,-1.131078,41,False,1,1
2026-09-28T00:45:06Z,1068D27506C4b,27506,C4b,6,37002,37011,2026-09-28T00:02:00,37012,17005,A,40.288372,-3.7373493,10,True,2,2
2026-09-28T00:45:06Z,1068D75037C8a,75037,C8a,6,97100,10100,2026-09-28T00:10:00,10203,17000,E,40.49547,-3.7261994,10,False,1,3
2026-09-28T00:45:06Z,1068D19945C1,19945,C1,0,98305,98304,2026-09-29T00:12:00,18000,98305,E,40.4924,-3.593483,10,False,2,1
2026-09-28T00:45:06Z,1068D27316C4a,27316,C4a,-1440,18000,18000,2026-09-29T00:06:00,18000,19003,E,40.40654,-3.6895106,10,True,7,7
2026-09-28T00:45:06Z,1068D75872C7,75872,C7,3,18002,18002,2026-09-27T23:59:00,18002,10000,E,40.44655,-3.691473,10,False,4,4
2026-09-28T00:45:06Z,1068D27818C5,27818,C5,0,35009,35001,2026-09-27T23:49:00,35012,35607,S,40.34086,-3.7482634,10,False,2,2
2026-09-28T00:45:06Z,1068D27817C5,27817,C5,-1440,35607,35607,2026-09-28T00:41:00,35607,35012,A,40.330883,-3.8823783,10,False,2,2
2026-09-28T00:45:06Z,1068D27995C5,27995,C5,18,35606,35607,2026-09-27T23:59:00,35607,35002,S,40.32875,-3.8636916,10,False,1,2
2026-09-28T00:45:06Z,1068D27512C4b,27512,C4b,-1424,18000,18000,2026-09-28T00:55:00,18000,17005,E,40.40654,-3.6895106,10,True,7,7
2026-09-28T00:45:06Z,1068D75530C2,75530,C2,-1437,70200,70200,2026-09-28T00:28:00,70200,17000,E,40.644257,-3.1823237,10,False,2,2
2026-09-28T00:45:06Z,1068D75035C8a,75035,C8a,19,10203,10203,2026-09-27T23:59:00,10203,17000,E,40.58532,-4.1321955,10,False,5,5
2026-09-28T00:45:06Z,1068D27815C5,27815,C5,0,18000,35609,2026-09-27T23:59:00,35607,35012,A,40.405067,-3.7026901,10,False,9,2
2026-09-28T00:45:06Z,1068D75877C7,75877,C7,4,10007,10010,2026-09-28T00:03:00,10000,70103,24.0,40.472656,-3.836884,10,True,1,1
2026-09-28T00:45:06Z,1068D27090C3,27090,C3,-1418,60200,60200,2026-09-28T00:00:00,60200,17000,E,40.035027,-3.6189713,10,True,4,4
2026-09-28T00:45:06Z,1068D75875C7,75875,C7,15,10000,10000,2026-09-27T23:59:00,10000,70103,E,40.42163,-3.7193205,10,False,7,7
2026-09-28T00:45:06Z,1068D19940C1,19940,C1,-1440,98305,98305,2026-09-29T00:05:00,98305,17000,E,40.4924,-3.593483,10,False,1,1
2026-09-28T00:45:06Z,1068D27094C3,27094,C3,-1432,60200,60200,2026-09-28T00:45:00,60200,17000,S,40.035027,-3.6189713,10,True,3,3
2026-09-28T00:45:06Z,1068D27508C4b,27508,C4b,3,18000,60100,2026-09-28T00:06:00,37012,17005,13.0,40.40084,-3.682559,10,True,7,1
2026-09-28T00:45:06Z,1068D75644C2,75644,C2,-1435,70200,70200,2026-09-28T00:58:00,70200,17000,A,40.644257,-3.1823237,10,True,2,2
2026-09-28T00:45:06Z,1068D27095C3,27095,C3,-1,60103,60102,2026-09-29T00:04:00,17000,60200,E,40.242844,-3.7038615,10,True,1,1
2026-09-28T00:45:06Z,1068D27092C3,27092,C3,-1425,60200,60200,2026-09-28T00:12:00,60200,17000,S,40.035027,-3.6189713,10,False,3,3
2026-09-28T00:45:06Z,1068D75268C10,75268,C10,5,10101,10103,2026-09-28T00:06:00,10200,17000,13.0,40.560028,-3.9011943,10,True,1,1
2026-09-28T00:45:06Z,1068D27822C5,27822,C5,0,35601,35600,2026-09-27T23:59:00,35012,35607,A,40.386257,-3.7610443,10,False,1,1
2026-09-28T00:45:06Z,1068D27093C3,27093,C3,-1435,17000,17000,2026-09-28T00:13:00,17000,60200,E,40.471382,-3.6834786,10,True,5,5
2026-09-28T00:45:06Z,1068D27643C8b,27643,C8b,-1437,12006,12006,2026-09-28T00:26:00,12006,17000,A,40.737614,-4.0662985,10,False,2,2
2026-09-28T00:45:06Z,1068D27820C5,27820,C5,0,37001,35009,2026-09-28T00:01:00,35012,35607,A,40.34086,-3.7482634,10,False,6,2
2026-09-28T00:45:06Z,1068D27317C4,27317,C4,-1441,17000,17000,2026-09-29T00:34:00,17000,37012,A,40.471325,-3.6833096,10,True,3,3
2026-09-28T00:45:06Z,1068D75172C10,75172,C10,1,18004,18003,2026-09-28T00:01:00,17000,10200,A,40.395943,-3.677964,10,True,1,1
2026-09-28T00:45:06Z,1068D27510C4b,27510,C4b,3,17001,17000,2026-09-28T00:05:00,18000,17005,S,40.501648,-3.6821797,10,True,2,2
2026-09-28T00:49:30Z,3068D23578C1,23578,C1,2,50602,50700,2026-09-28T00:06:54,51003,50600,E,37.58157,-5.6699624,30,False,2,2
2026-09-28T00:49:30Z,3068D23743C5,23743,C5,-1442,51003,51003,2026-09-28T00:38:59,51003,43005,A,37.392567,-5.9749837,30,False,9,9
2026-09-28T00:49:30Z,3068D23841C5,23841,C5,-1,43004,43005,2026-09-28T00:03:07,43005,51113,E,37.381527,-6.193782,30,False,,3
2026-09-28T00:49:30Z,3068D23581C1,23581,C1,0,51103,51111,2026-09-28T00:03:16,51003,51200,34.0,37.294693,-5.9445186,30,False,,1
2026-09-28T00:49:30Z,3268D23176C2,23176,C2,54,54408,54410,2026-09-28T00:03:00,54517,54405,39.0,36.723545,-4.5838585,32,False,,
2026-09-28T00:49:30Z,3268D23402C1,23402,C1,-1438,54517,54517,2026-09-28T00:38:19,54517,54516,A,36.715366,-4.4266005,32,False,1,1
2026-09-28T00:49:30Z,3268D23400C1,23400,C1,3,54503,54501,2026-09-28T00:02:10,54517,54516,26.0,36.695095,-4.4762516,32,False,2,2
2026-09-28T00:49:30Z,5168D25472R2N,25472,R2N,-2,71801,71802,2026-09-28T00:02:47,79100,72400,E,41.37954,2.1411655,50,True,,
2026-09-28T00:49:30Z,5168D77468R4,77468,R4,-1432,78700,78700,2026-09-28T00:27:51,78700,71600,A,41.56993,2.0143688,50,False,,
2026-09-28T00:49:30Z,5168D35564R4,35564,R4,-1431,72209,72209,2026-09-28T00:00:49,72209,78600,A,41.47872,1.9255537,50,False,,
2026-09-28T00:49:30Z,5168D15023R15,15023,R15,52,71502,71500,2026-09-28T00:03:56,71400,79400,60.0,41.129208,1.2999328,50,False,,
2026-09-28T00:49:30Z,5168D25795R1,25795,R1,-1,79403,79404,2026-09-28T00:02:38,79500,72305,E,41.445705,2.2490852,50,False,,1
2026-09-28T00:49:30Z,5168D28393R2S,28393,R2S,-2,71802,71801,2026-09-28T00:01:35,71700,79400,A,41.379513,2.1412146,50,False,,
2026-09-28T00:49:30Z,5168D77464R4,77464,R4,11,78604,78600,2026-09-28T00:05:15,78600,71600,41.0,41.686344,1.8386431,50,False,,
2026-09-28T00:49:30Z,5168D25470R2N,25470,R2N,3,79006,79007,2026-09-28T00:03:54,79104,72400,E,41.533474,2.2177799,50,True,1,
2026-09-28T00:49:30Z,5168D25567R2S,25567,R2S,2,71604,71603,2026-09-28T00:01:57,71600,79400,E,41.20413,1.6760199,50,False,,
2026-09-28T00:49:30Z,5168D28490R2,28490,R2,0,71705,71704,2026-09-28T00:02:22,71700,79104,20.0,41.278507,1.9790424,50,True,,
2026-09-28T00:49:30Z,6068D26577C3,26577,C3,4,13119,13120,2026-09-28T00:00:52,13200,13100,E,43.240112,-2.924082,60,False,,1
2026-09-28T00:49:30Z,6068D35689C3,35689,C3,2,13121,13102,2026-09-28T00:02:16,13200,13100,E,43.05786,-2.996093,60,True,1,1
2026-09-28T00:49:30Z,6068D26576C3,26576,C3,6,13115,13109,2026-09-28T00:01:18,13100,13200,E,43.176933,-2.909058,60,True,2,2
2026-09-28T00:49:30Z,6168D35654C1,35654,C1,4,11409,11408,2026-09-28T00:00:03,11400,11508,95.0,43.094822,-2.1242988,61,False,,2
2026-09-28T00:49:30Z,6268D71185C2,71185,C2,1,05605,05604,2026-09-28T00:02:19,14223,05637,41.0,43.44704,-3.8820617,62,False,,2
2026-09-28T00:49:30Z,2068D22237C2,22237,C2,49,16011,16010,2026-09-28T00:01:00,15211,16011,E,43.28714,-5.6448464,20,False,1,1
2026-09-28T00:49:30Z,2068D22372C3,22372,C3,3,16403,16401,2026-09-28T00:03:00,15211,16403,E,43.56141,-5.922727,20,False,1,2
2026-09-28T00:49:30Z,2068D22373C3,22373,C3,7,16403,16403,2026-09-27T23:59:00,16403,15211,A,43.56141,-5.922727,20,False,1,1
2026-09-28T00:49:30Z,2068D70237C4,70237,C4,-1432,15410,15410,2026-09-28T00:03:00,15410,16403,A,43.537647,-5.67596,20,False,12,12
2026-09-28T00:49:30Z,2068D22358C3,22358,C3,-1441,15218,15218,2026-09-29T00:00:00,15218,16405,A,43.3588,-5.8573804,20,False,2,2
2026-09-28T00:49:30Z,2068D22132C1,22132,C1,0,15217,15211,2026-09-28T00:03:00,15218,17000,S,43.38812,-5.8272715,20,False,2,2
2026-09-28T00:49:30Z,4168D84931C2,84931,C2,87,61200,06002,2026-09-28T00:34:00,06006,61200,E,37.97462,-1.1315287,41,False,1,2
2026-09-28T00:49:30Z,4168D24722C1,24722,C1,13,62109,60911,2026-09-28T00:10:00,60911,61200,A,38.34553,-0.49576503,41,False,1,1
2026-09-28T00:49:30Z,4168D24723C1,24723,C1,-1425,61200,61200,2026-09-28T00:14:00,61200,60911,E,37.974686,-1.131078,41,False,1,1
2026-09-28T00:49:30Z,1068D27506C4b,27506,C4b,6,37002,37011,2026-09-28T00:02:00,37012,17005,A,40.288372,-3.7373493,10,True,2,2
2026-09-28T00:49:30Z,1068D75037C8a,75037,C8a,6,97100,10100,2026-09-28T00:10:00,10203,17000,E,40.49547,-3.7261994,10,False,1,3
2026-09-28T00:49:30Z,1068D19945C1,19945,C1,0,98305,98304,2026-09-29T00:12:00,18000,98305,E,40.4924,-3.593483,10,False,2,1
2026-09-28T00:49:30Z,1068D27316C4a,27316,C4a,-1440,18000,18000,2026-09-29T00:06:00,18000,19003,E,40.40654,-3.6895106,10,True,7,7
2026-09-28T00:49:30Z,1068D75872C7,75872,C7,3,18002,18002,2026-09-27T23:59:00,18002,10000,E,40.44655,-3.691473,10,False,4,4
2026-09-28T00:49:30Z,1068D27818C5,27818,C5,0,35009,35001,2026-09-27T23:49:00,35012,35607,S,40.34086,-3.7482634,10,False,2,2
2026-09-28T00:49:30Z,1068D27817C5,27817,C5,-1440,35607,35607,2026-09-28T00:41:00,35607,35012,A,40.330883,-3.8823783,10,False,2,2
2026-09-28T00:49:30Z,1068D27995C5,27995,C5,18,35606,35607,2026-09-27T23:59:00,35607,35002,S,40.32875,-3.8636916,10,False,1,2
2026-09-28T00:49:30Z,1068D27512C4b,27512,C4b,-1424,18000,18000,2026-09-28T00:55:00,18000,17005,E,40.40654,-3.6895106,10,True,7,7
2026-09-28T00:49:30Z,1068D75530C2,75530,C2,-1437,70200,70200,2026-09-28T00:28:00,70200,17000,E,40.644257,-3.1823237,10,False,2,2
2026-09-28T00:49:30Z,1068D75035C8a,75035,C8a,19,10203,10203,2026-09-27T23:59:00,10203,17000,E,40.58532,-4.1321955,10,False,5,5
2026-09-28T00:49:30Z,1068D27815C5,27815,C5,0,18000,35609,2026-09-27T23:59:00,35607,35012,A,40.405067,-3.7026901,10,False,9,2
2026-09-28T00:49:30Z,1068D75877C7,75877,C7,4,10007,10010,2026-09-28T00:03:00,10000,70103,24.0,40.472656,-3.836884,10,True,1,1
2026-09-28T00:49:30Z,1068D27090C3,27090,C3,-1418,60200,60200,2026-09-28T00:00:00,60200,17000,E,40.035027,-3.6189713,10,True,4,4
2026-09-28T00:49:30Z,1068D75875C7,75875,C7,15,10000,10000,2026-09-27T23:59:00,10000,70103,E,40.42163,-3.7193205,10,False,7,7
2026-09-28T00:49:30Z,1068D19940C1,19940,C1,-1440,98305,98305,2026-09-29T00:05:00,98305,17000,E,40.4924,-3.593483,10,False,1,1
2026-09-28T00:49:30Z,1068D27094C3,27094,C3,-1432,60200,60200,2026-09-28T00:45:00,60200,17000,S,40.035027,-3.6189713,10,True,3,3
2026-09-28T00:49:30Z,1068D27508C4b,27508,C4b,3,18000,60100,2026-09-28T00:06:00,37012,17005,13.0,40.40084,-3.682559,10,True,7,1
2026-09-28T00:49:30Z,1068D75644C2,75644,C2,-1435,70200,70200,2026-09-28T00:58:00,70200,17000,A,40.644257,-3.1823237,10,True,2,2
2026-09-28T00:49:30Z,1068D27095C3,27095,C3,-1,60103,60102,2026-09-29T00:04:00,17000,60200,E,40.242844,-3.7038615,10,True,1,1
2026-09-28T00:49:30Z,1068D27092C3,27092,C3,-1425,60200,60200,2026-09-28T00:12:00,60200,17000,S,40.035027,-3.6189713,10,False,3,3
2026-09-28T00:49:30Z,1068D75268C10,75268,C10,5,10101,10103,2026-09-28T00:06:00,10200,17000,13.0,40.560028,-3.9011943,10,True,1,1
2026-09-28T00:49:30Z,1068D27822C5,27822,C5,0,35601,35600,2026-09-27T23:59:00,35012,35607,A,40.386257,-3.7610443,10,False,1,1
2026-09-28T00:49:30Z,1068D27093C3,27093,C3,-1435,17000,17000,2026-09-28T00:13:00,17000,60200,E,40.471382,-3.6834786,10,True,5,5
2026-09-28T00:49:30Z,1068D27643C8b,27643,C8b,-1437,12006,12006,2026-09-28T00:26:00,12006,17000,A,40.737614,-4.0662985,10,False,2,2
2026-09-28T00:49:30Z,1068D27820C5,27820,C5,0,37001,35009,2026-09-28T00:01:00,35012,35607,A,40.34086,-3.7482634,10,False,6,2
2026-09-28T00:49:30Z,1068D27317C4,27317,C4,-1441,17000,17000,2026-09-29T00:34:00,17000,37012,A,40.471325,-3.6833096,10,True,3,3
2026-09-28T00:49:30Z,1068D75172C10,75172,C10,1,18004,18003,2026-09-28T00:01:00,17000,10200,A,40.395943,-3.677964,10,True,1,1
2026-09-28T00:49:30Z,1068D27510C4b,27510,C4b,3,17001,17000,2026-09-28T00:05:00,18000,17005,S,40.501648,-3.6821797,10,True,2,2
2026-09-28T00:54:33Z,3068D23578C1,23578,C1,2,50602,50700,2026-09-28T00:06:54,51003,50600,E,37.58157,-5.6699624,30,False,2,2
2026-09-28T00:54:33Z,3068D23743C5,23743,C5,-1442,51003,51003,2026-09-28T00:38:59,51003,43005,A,37.392567,-5.9749837,30,False,9,9
2026-09-28T00:54:33Z,3068D23841C5,23841,C5,-1,43004,43005,2026-09-28T00:03:07,43005,51113,E,37.381527,-6.193782,30,False,,3
2026-09-28T00:54:33Z,3068D23581C1,23581,C1,0,51103,51111,2026-09-28T00:03:16,51003,51200,34.0,37.294693,-5.9445186,30,False,,1
2026-09-28T00:54:33Z,3268D23176C2,23176,C2,54,54408,54410,2026-09-28T00:03:00,54517,54405,39.0,36.723545,-4.5838585,32,False,,
2026-09-28T00:54:33Z,3268D23402C1,23402,C1,-1438,54517,54517,2026-09-28T00:38:19,54517,54516,A,36.715366,-4.4266005,32,False,1,1
2026-09-28T00:54:33Z,3268D23400C1,23400,C1,3,54503,54501,2026-09-28T00:02:10,54517,54516,26.0,36.695095,-4.4762516,32,False,2,2
2026-09-28T00:54:33Z,5168D25472R2N,25472,R2N,-2,71801,71802,2026-09-28T00:02:47,79100,72400,E,41.37954,2.1411655,50,True,,
2026-09-28T00:54:33Z,5168D77468R4,77468,R4,-1432,78700,78700,2026-09-28T00:27:51,78700,71600,A,41.56993,2.0143688,50,False,,
2026-09-28T00:54:33Z,5168D35564R4,35564,R4,-1431,72209,72209,2026-09-28T00:00:49,72209,78600,A,41.47872,1.9255537,50,False,,
2026-09-28T00:54:33Z,5168D15023R15,15023,R15,52,71502,71500,2026-09-28T00:03:56,71400,79400,60.0,41.129208,1.2999328,50,False,,
2026-09-28T00:54:33Z,5168D25795R1,25795,R1,-1,79403,79404,2026-09-28T00:02:38,79500,72305,E,41.445705,2.2490852,50,False,,1
2026-09-28T00:54:33Z,5168D28393R2S,28393,R2S,-2,71802,71801,2026-09-28T00:01:35,71700,79400,A,41.379513,2.1412146,50,False,,
2026-09-28T00:54:33Z,5168D77464R4,77464,R4,11,78604,78600,2026-09-28T00:05:15,78600,71600,41.0,41.686344,1.8386431,50,False,,
2026-09-28T00:54:33Z,5168D25470R2N,25470,R2N,3,79006,79007,2026-09-28T00:03:54,79104,72400,E,41.533474,2.2177799,50,True,1,
2026-09-28T00:54:33Z,5168D25567R2S,25567,R2S,2,71604,71603,2026-09-28T00:01:57,71600,79400,E,41.20413,1.6760199,50,False,,
2026-09-28T00:54:33Z,5168D28490R2,28490,R2,0,71705,71704,2026-09-28T00:02:22,71700,79104,20.0,41.278507,1.9790424,50,True,,
2026-09-28T00:54:33Z,6068D26577C3,26577,C3,4,13119,13120,2026-09-28T00:00:52,13200,13100,E,43.240112,-2.924082,60,False,,1
2026-09-28T00:54:33Z,6068D35689C3,35689,C3,2,13121,13102,2026-09-28T00:02:16,13200,13100,E,43.05786,-2.996093,60,True,1,1
2026-09-28T00:54:33Z,6068D26576C3,26576,C3,6,13115,13109,2026-09-28T00:01:18,13100,13200,E,43.176933,-2.909058,60,True,2,2
2026-09-28T00:54:33Z,6168D35654C1,35654,C1,4,11409,11408,2026-09-28T00:00:03,11400,11508,95.0,43.094822,-2.1242988,61,False,,2
2026-09-28T00:54:33Z,6268D71185C2,71185,C2,1,05605,05604,2026-09-28T00:02:19,14223,05637,41.0,43.44704,-3.8820617,62,False,,2
2026-09-28T00:54:33Z,2068D22237C2,22237,C2,49,16011,16010,2026-09-28T00:01:00,15211,16011,E,43.28714,-5.6448464,20,False,1,1
2026-09-28T00:54:33Z,2068D22372C3,22372,C3,3,16403,16401,2026-09-28T00:03:00,15211,16403,E,43.56141,-5.922727,20,False,1,2
2026-09-28T00:54:33Z,2068D22373C3,22373,C3,7,16403,16403,2026-09-27T23:59:00,16403,15211,A,43.56141,-5.922727,20,False,1,1
2026-09-28T00:54:33Z,2068D70237C4,70237,C4,-1432,15410,15410,2026-09-28T00:03:00,15410,16403,A,43.537647,-5.67596,20,False,12,12
2026-09-28T00:54:33Z,2068D22358C3,22358,C3,-1441,15218,15218,2026-09-29T00:00:00,15218,16405,A,43.3588,-5.8573804,20,False,2,2
2026-09-28T00:54:33Z,2068D22132C1,22132,C1,0,15217,15211,2026-09-28T00:03:00,15218,17000,S,43.38812,-5.8272715,20,False,2,2
2026-09-28T00:54:33Z,4168D84931C2,84931,C2,87,61200,06002,2026-09-28T00:34:00,06006,61200,E,37.97462,-1.1315287,41,False,1,2
2026-09-28T00:54:33Z,4168D24722C1,24722,C1,13,62109,60911,2026-09-28T00:10:00,60911,61200,A,38.34553,-0.49576503,41,False,1,1
2026-09-28T00:54:33Z,4168D24723C1,24723,C1,-1425,61200,61200,2026-09-28T00:14:00,61200,60911,E,37.974686,-1.131078,41,False,1,1
2026-09-28T00:54:33Z,1068D27506C4b,27506,C4b,6,37002,37011,2026-09-28T00:02:00,37012,17005,A,40.288372,-3.7373493,10,True,2,2
2026-09-28T00:54:33Z,1068D75037C8a,75037,C8a,6,97100,10100,2026-09-28T00:10:00,10203,17000,E,40.49547,-3.7261994,10,False,1,3
2026-09-28T00:54:33Z,1068D19945C1,19945,C1,0,98305,98304,2026-09-29T00:12:00,18000,98305,E,40.4924,-3.593483,10,False,2,1
2026-09-28T00:54:33Z,1068D27316C4a,27316,C4a,-1440,18000,18000,2026-09-29T00:06:00,18000,19003,E,40.40654,-3.6895106,10,True,7,7
2026-09-28T00:54:33Z,1068D75872C7,75872,C7,3,18002,18002,2026-09-27T23:59:00,18002,10000,E,40.44655,-3.691473,10,False,4,4
2026-09-28T00:54:33Z,1068D27818C5,27818,C5,0,35009,35001,2026-09-27T23:49:00,35012,35607,S,40.34086,-3.7482634,10,False,2,2
2026-09-28T00:54:33Z,1068D27817C5,27817,C5,-1440,35607,35607,2026-09-28T00:41:00,35607,35012,A,40.330883,-3.8823783,10,False,2,2
2026-09-28T00:54:33Z,1068D27995C5,27995,C5,18,35606,35607,2026-09-27T23:59:00,35607,35002,S,40.32875,-3.8636916,10,False,1,2
2026-09-28T00:54:33Z,1068D27512C4b,27512,C4b,-1424,18000,18000,2026-09-28T00:55:00,18000,17005,E,40.40654,-3.6895106,10,True,7,7
2026-09-28T00:54:33Z,1068D75530C2,75530,C2,-1437,70200,70200,2026-09-28T00:28:00,70200,17000,E,40.644257,-3.1823237,10,False,2,2
2026-09-28T00:54:33Z,1068D75035C8a,75035,C8a,19,10203,10203,2026-09-27T23:59:00,10203,17000,E,40.58532,-4.1321955,10,False,5,5
2026-09-28T00:54:33Z,1068D27815C5,27815,C5,0,18000,35609,2026-09-27T23:59:00,35607,35012,A,40.405067,-3.7026901,10,False,9,2
2026-09-28T00:54:33Z,1068D75877C7,75877,C7,4,10007,10010,2026-09-28T00:03:00,10000,70103,24.0,40.472656,-3.836884,10,True,1,1
2026-09-28T00:54:33Z,1068D27090C3,27090,C3,-1418,60200,60200,2026-09-28T00:00:00,60200,17000,E,40.035027,-3.6189713,10,True,4,4
2026-09-28T00:54:33Z,1068D75875C7,75875,C7,15,10000,10000,2026-09-27T23:59:00,10000,70103,E,40.42163,-3.7193205,10,False,7,7
2026-09-28T00:54:33Z,1068D19940C1,19940,C1,-1440,98305,98305,2026-09-29T00:05:00,98305,17000,E,40.4924,-3.593483,10,False,1,1
2026-09-28T00:54:33Z,1068D27094C3,27094,C3,-1432,60200,60200,2026-09-28T00:45:00,60200,17000,S,40.035027,-3.6189713,10,True,3,3
2026-09-28T00:54:33Z,1068D27508C4b,27508,C4b,3,18000,60100,2026-09-28T00:06:00,37012,17005,13.0,40.40084,-3.682559,10,True,7,1
2026-09-28T00:54:33Z,1068D75644C2,75644,C2,-1435,70200,70200,2026-09-28T00:58:00,70200,17000,A,40.644257,-3.1823237,10,True,2,2
2026-09-28T00:54:33Z,1068D27095C3,27095,C3,-1,60103,60102,2026-09-29T00:04:00,17000,60200,E,40.242844,-3.7038615,10,True,1,1
2026-09-28T00:54:33Z,1068D27092C3,27092,C3,-1425,60200,60200,2026-09-28T00:12:00,60200,17000,S,40.035027,-3.6189713,10,False,3,3
2026-09-28T00:54:33Z,1068D75268C10,75268,C10,5,10101,10103,2026-09-28T00:06:00,10200,17000,13.0,40.560028,-3.9011943,10,True,1,1
2026-09-28T00:54:33Z,1068D27822C5,27822,C5,0,35601,35600,2026-09-27T23:59:00,35012,35607,A,40.386257,-3.7610443,10,False,1,1
2026-09-28T00:54:33Z,1068D27093C3,27093,C3,-1435,17000,17000,2026-09-28T00:13:00,17000,60200,E,40.471382,-3.6834786,10,True,5,5
2026-09-28T00:54:33Z,1068D27643C8b,27643,C8b,-1437,12006,12006,2026-09-28T00:26:00,12006,17000,A,40.737614,-4.0662985,10,False,2,2
2026-09-28T00:54:33Z,1068D27820C5,27820,C5,0,37001,35009,2026-09-28T00:01:00,35012,35607,A,40.34086,-3.7482634,10,False,6,2
2026-09-28T00:54:33Z,1068D27317C4,27317,C4,-1441,17000,17000,2026-09-29T00:34:00,17000,37012,A,40.471325,-3.6833096,10,True,3,3
2026-09-28T00:54:33Z,1068D75172C10,75172,C10,1,18004,18003,2026-09-28T00:01:00,17000,10200,A,40.395943,-3.677964,10,True,1,1
2026-09-28T00:54:33Z,1068D27510C4b,27510,C4b,3,17001,17000,2026-09-28T00:05:00,18000,17005,S,40.501648,-3.6821797,10,True,2,2
2026-09-28T00:59:32Z,3068D23578C1,23578,C1,2,50602,50700,2026-09-28T00:06:54,51003,50600,E,37.58157,-5.6699624,30,False,2,2
2026-09-28T00:59:32Z,3068D23743C5,23743,C5,-1442,51003,51003,2026-09-28T00:38:59,51003,43005,A,37.392567,-5.9749837,30,False,9,9
2026-09-28T00:59:32Z,3068D23841C5,23841,C5,-1,43004,43005,2026-09-28T00:03:07,43005,51113,E,37.381527,-6.193782,30,False,,3
2026-09-28T00:59:32Z,3068D23581C1,23581,C1,0,51103,51111,2026-09-28T00:03:16,51003,51200,34.0,37.294693,-5.9445186,30,False,,1
2026-09-28T00:59:32Z,3268D23176C2,23176,C2,54,54408,54410,2026-09-28T00:03:00,54517,54405,39.0,36.723545,-4.5838585,32,False,,
2026-09-28T00:59:32Z,3268D23402C1,23402,C1,-1438,54517,54517,2026-09-28T00:38:19,54517,54516,A,36.715366,-4.4266005,32,False,1,1
2026-09-28T00:59:32Z,3268D23400C1,23400,C1,3,54503,54501,2026-09-28T00:02:10,54517,54516,26.0,36.695095,-4.4762516,32,False,2,2
2026-09-28T00:59:32Z,5168D25472R2N,25472,R2N,-2,71801,71802,2026-09-28T00:02:47,79100,72400,E,41.37954,2.1411655,50,True,,
2026-09-28T00:59:32Z,5168D77468R4,77468,R4,-1432,78700,78700,2026-09-28T00:27:51,78700,71600,A,41.56993,2.0143688,50,False,,
2026-09-28T00:59:32Z,5168D35564R4,35564,R4,-1431,72209,72209,2026-09-28T00:00:49,72209,78600,A,41.47872,1.9255537,50,False,,
2026-09-28T00:59:32Z,5168D15023R15,15023,R15,52,71502,71500,2026-09-28T00:03:56,71400,79400,60.0,41.129208,1.2999328,50,False,,
2026-09-28T00:59:32Z,5168D25795R1,25795,R1,-1,79403,79404,2026-09-28T00:02:38,79500,72305,E,41.445705,2.2490852,50,False,,1
2026-09-28T00:59:32Z,5168D28393R2S,28393,R2S,-2,71802,71801,2026-09-28T00:01:35,71700,79400,A,41.379513,2.1412146,50,False,,
2026-09-28T00:59:32Z,5168D77464R4,77464,R4,11,78604,78600,2026-09-28T00:05:15,78600,71600,41.0,41.686344,1.8386431,50,False,,
2026-09-28T00:59:32Z,5168D25470R2N,25470,R2N,3,79006,79007,2026-09-28T00:03:54,79104,72400,E,41.533474,2.2177799,50,True,1,
2026-09-28T00:59:32Z,5168D25567R2S,25567,R2S,2,71604,71603,2026-09-28T00:01:57,71600,79400,E,41.20413,1.6760199,50,False,,
2026-09-28T00:59:32Z,5168D28490R2,28490,R2,0,71705,71704,2026-09-28T00:02:22,71700,79104,20.0,41.278507,1.9790424,50,True,,
2026-09-28T00:59:32Z,6068D26577C3,26577,C3,4,13119,13120,2026-09-28T00:00:52,13200,13100,E,43.240112,-2.924082,60,False,,1
2026-09-28T00:59:32Z,6068D35689C3,35689,C3,2,13121,13102,2026-09-28T00:02:16,13200,13100,E,43.05786,-2.996093,60,True,1,1
2026-09-28T00:59:32Z,6068D26576C3,26576,C3,6,13115,13109,2026-09-28T00:01:18,13100,13200,E,43.176933,-2.909058,60,True,2,2
2026-09-28T00:59:32Z,6168D35654C1,35654,C1,4,11409,11408,2026-09-28T00:00:03,11400,11508,95.0,43.094822,-2.1242988,61,False,,2
2026-09-28T00:59:32Z,6268D71185C2,71185,C2,1,05605,05604,2026-09-28T00:02:19,14223,05637,41.0,43.44704,-3.8820617,62,False,,2
2026-09-28T00:59:32Z,2068D22237C2,22237,C2,49,16011,16010,2026-09-28T00:01:00,15211,16011,E,43.28714,-5.6448464,20,False,1,1
2026-09-28T00:59:32Z,2068D22372C3,22372,C3,3,16403,16401,2026-09-28T00:03:00,15211,16403,E,43.56141,-5.922727,20,False,1,2
2026-09-28T00:59:32Z,2068D22373C3,22373,C3,7,16403,16403,2026-09-27T23:59:00,16403,15211,A,43.56141,-5.922727,20,False,1,1
2026-09-28T00:59:32Z,2068D70237C4,70237,C4,-1432,15410,15410,2026-09-28T00:03:00,15410,16403,A,43.537647,-5.67596,20,False,12,12
2026-09-28T00:59:32Z,2068D22358C3,22358,C3,-1441,15218,15218,2026-09-29T00:00:00,15218,16405,A,43.3588,-5.8573804,20,False,2,2
2026-09-28T00:59:32Z,2068D22132C1,22132,C1,0,15217,15211,2026-09-28T00:03:00,15218,17000,S,43.38812,-5.8272715,20,False,2,2
2026-09-28T00:59:32Z,4168D84931C2,84931,C2,87,61200,06002,2026-09-28T00:34:00,06006,61200,E,37.97462,-1.1315287,41,False,1,2
2026-09-28T00:59:32Z,4168D24722C1,24722,C1,13,62109,60911,2026-09-28T00:10:00,60911,61200,A,38.34553,-0.49576503,41,False,1,1
2026-09-28T00:59:32Z,4168D24723C1,24723,C1,-1425,61200,61200,2026-09-28T00:14:00,61200,60911,E,37.974686,-1.131078,41,False,1,1
2026-09-28T00:59:32Z,1068D27506C4b,27506,C4b,6,37002,37011,2026-09-28T00:02:00,37012,17005,A,40.288372,-3.7373493,10,True,2,2
2026-09-28T00:59:32Z,1068D75037C8a,75037,C8a,6,97100,10100,2026-09-28T00:10:00,10203,17000,E,40.49547,-3.7261994,10,False,1,3
2026-09-28T00:59:32Z,1068D19945C1,19945,C1,0,98305,98304,2026-09-29T00:12:00,18000,98305,E,40.4924,-3.593483,10,False,2,1
2026-09-28T00:59:32Z,1068D27316C4a,27316,C4a,-1440,18000,18000,2026-09-29T00:06:00,18000,19003,E,40.40654,-3.6895106,10,True,7,7
2026-09-28T00:59:32Z,1068D75872C7,75872,C7,3,18002,18002,2026-09-27T23:59:00,18002,10000,E,40.44655,-3.691473,10,False,4,4
2026-09-28T00:59:32Z,1068D27818C5,27818,C5,0,35009,35001,2026-09-27T23:49:00,35012,35607,S,40.34086,-3.7482634,10,False,2,2
2026-09-28T00:59:32Z,1068D27817C5,27817,C5,-1440,35607,35607,2026-09-28T00:41:00,35607,35012,A,40.330883,-3.8823783,10,False,2,2
2026-09-28T00:59:32Z,1068D27995C5,27995,C5,18,35606,35607,2026-09-27T23:59:00,35607,35002,S,40.32875,-3.8636916,10,False,1,2
2026-09-28T00:59:32Z,1068D27512C4b,27512,C4b,-1424,18000,18000,2026-09-28T00:55:00,18000,17005,E,40.40654,-3.6895106,10,True,7,7
2026-09-28T00:59:32Z,1068D75530C2,75530,C2,-1437,70200,70200,2026-09-28T00:28:00,70200,17000,E,40.644257,-3.1823237,10,False,2,2
2026-09-28T00:59:32Z,1068D75035C8a,75035,C8a,19,10203,10203,2026-09-27T23:59:00,10203,17000,E,40.58532,-4.1321955,10,False,5,5
2026-09-28T00:59:32Z,1068D27815C5,27815,C5,0,18000,35609,2026-09-27T23:59:00,35607,35012,A,40.405067,-3.7026901,10,False,9,2
2026-09-28T00:59:32Z,1068D75877C7,75877,C7,4,10007,10010,2026-09-28T00:03:00,10000,70103,24.0,40.472656,-3.836884,10,True,1,1
2026-09-28T00:59:32Z,1068D27090C3,27090,C3,-1418,60200,60200,2026-09-28T00:00:00,60200,17000,E,40.035027,-3.6189713,10,True,4,4
2026-09-28T00:59:32Z,1068D75875C7,75875,C7,15,10000,10000,2026-09-27T23:59:00,10000,70103,E,40.42163,-3.7193205,10,False,7,7
2026-09-28T00:59:32Z,1068D19940C1,19940,C1,-1440,98305,98305,2026-09-29T00:05:00,98305,17000,E,40.4924,-3.593483,10,False,1,1
2026-09-28T00:59:32Z,1068D27094C3,27094,C3,-1432,60200,60200,2026-09-28T00:45:00,60200,17000,S,40.035027,-3.6189713,10,True,3,3
2026-09-28T00:59:32Z,1068D27508C4b,27508,C4b,3,18000,60100,2026-09-28T00:06:00,37012,17005,13.0,40.40084,-3.682559,10,True,7,1
2026-09-28T00:59:32Z,1068D75644C2,75644,C2,-1435,70200,70200,2026-09-28T00:58:00,70200,17000,A,40.644257,-3.1823237,10,True,2,2
2026-09-28T00:59:32Z,1068D27095C3,27095,C3,-1,60103,60102,2026-09-29T00:04:00,17000,60200,E,40.242844,-3.7038615,10,True,1,1
2026-09-28T00:59:32Z,1068D27092C3,27092,C3,-1425,60200,60200,2026-09-28T00:12:00,60200,17000,S,40.035027,-3.6189713,10,False,3,3
2026-09-28T00:59:32Z,1068D75268C10,75268,C10,5,10101,10103,2026-09-28T00:06:00,10200,17000,13.0,40.560028,-3.9011943,10,True,1,1
2026-09-28T00:59:32Z,1068D27822C5,27822,C5,0,35601,35600,2026-09-27T23:59:00,35012,35607,A,40.386257,-3.7610443,10,False,1,1
2026-09-28T00:59:32Z,1068D27093C3,27093,C3,-1435,17000,17000,2026-09-28T00:13:00,17000,60200,E,40.471382,-3.6834786,10,True,5,5
2026-09-28T00:59:32Z,1068D27643C8b,27643,C8b,-1437,12006,12006,2026-09-28T00:26:00,12006,17000,A,40.737614,-4.0662985,10,False,2,2
2026-09-28T00:59:32Z,1068D27820C5,27820,C5,0,37001,35009,2026-09-28T00:01:00,35012,35607,A,40.34086,-3.7482634,10,False,6,2
2026-09-28T00:59:32Z,1068D27317C4,27317,C4,-1441,17000,17000,2026-09-29T00:34:00,17000,37012,A,40.471325,-3.6833096,10,True,3,3
2026-09-28T00:59:32Z,1068D75172C10,75172,C10,1,18004,18003,2026-09-28T00:01:00,17000,10200,A,40.395943,-3.677964,10,True,1,1
2026-09-28T00:59:32Z,1068D27510C4b,27510,C4b,3,17001,17000,2026-09-28T00:05:00,18000,17005,S,40.501648,-3.6821797,10,True,2,2
2026-09-28T01:05:17Z,3068D23578C1,23578,C1,2,50602,50700,2026-09-28T00:06:54,51003,50600,E,37.58157,-5.6699624,30,False,2,2
2026-09-28T01:05:17Z,3068D23743C5,23743,C5,-1442,51003,51003,2026-09-28T00:38:59,51003,43005,A,37.392567,-5.9749837,30,False,9,9
2026-09-28T01:05:17Z,3068D23841C5,23841,C5,-1,43004,43005,2026-09-28T00:03:07,43005,51113,E,37.381527,-6.193782,30,False,,3
2026-09-28T01:05:17Z,3068D23581C1,23581,C1,0,51103,51111,2026-09-28T00:03:16,51003,51200,34.0,37.294693,-5.9445186,30,False,,1
2026-09-28T01:05:17Z,3268D23176C2,23176,C2,54,54408,54410,2026-09-28T00:03:00,54517,54405,39.0,36.723545,-4.5838585,32,False,,
2026-09-28T01:05:17Z,3268D23402C1,23402,C1,-1438,54517,54517,2026-09-28T00:38:19,54517,54516,A,36.715366,-4.4266005,32,False,1,1
2026-09-28T01:05:17Z,3268D23400C1,23400,C1,3,54503,54501,2026-09-28T00:02:10,54517,54516,26.0,36.695095,-4.4762516,32,False,2,2
2026-09-28T01:05:17Z,5168D25472R2N,25472,R2N,-2,71801,71802,2026-09-28T00:02:47,79100,72400,E,41.37954,2.1411655,50,True,,
2026-09-28T01:05:17Z,5168D77468R4,77468,R4,-1432,78700,78700,2026-09-28T00:27:51,78700,71600,A,41.56993,2.0143688,50,False,,
2026-09-28T01:05:17Z,5168D35564R4,35564,R4,-1431,72209,72209,2026-09-28T00:00:49,72209,78600,A,41.47872,1.9255537,50,False,,
2026-09-28T01:05:17Z,5168D15023R15,15023,R15,52,71502,71500,2026-09-28T00:03:56,71400,79400,60.0,41.129208,1.2999328,50,False,,
2026-09-28T01:05:17Z,5168D25795R1,25795,R1,-1,79403,79404,2026-09-28T00:02:38,79500,72305,E,41.445705,2.2490852,50,False,,1
2026-09-28T01:05:17Z,5168D28393R2S,28393,R2S,-2,71802,71801,2026-09-28T00:01:35,71700,79400,A,41.379513,2.1412146,50,False,,
2026-09-28T01:05:17Z,5168D77464R4,77464,R4,11,78604,78600,2026-09-28T00:05:15,78600,71600,41.0,41.686344,1.8386431,50,False,,
2026-09-28T01:05:17Z,5168D25470R2N,25470,R2N,3,79006,79007,2026-09-28T00:03:54,79104,72400,E,41.533474,2.2177799,50,True,1,
2026-09-28T01:05:17Z,5168D25567R2S,25567,R2S,2,71604,71603,2026-09-28T00:01:57,71600,79400,E,41.20413,1.6760199,50,False,,
2026-09-28T01:05:17Z,5168D28490R2,28490,R2,0,71705,71704,2026-09-28T00:02:22,71700,79104,20.0,41.278507,1.9790424,50,True,,
2026-09-28T01:05:17Z,6068D26577C3,26577,C3,4,13119,13120,2026-09-28T00:00:52,13200,13100,E,43.240112,-2.924082,60,False,,1
2026-09-28T01:05:17Z,6068D35689C3,35689,C3,2,13121,13102,2026-09-28T00:02:16,13200,13100,E,43.05786,-2.996093,60,True,1,1
2026-09-28T01:05:17Z,6068D26576C3,26576,C3,6,13115,13109,2026-09-28T00:01:18,13100,13200,E,43.176933,-2.909058,60,True,2,2
2026-09-28T01:05:17Z,6168D35654C1,35654,C1,4,11409,11408,2026-09-28T00:00:03,11400,11508,95.0,43.094822,-2.1242988,61,False,,2
2026-09-28T01:05:17Z,6268D71185C2,71185,C2,1,05605,05604,2026-09-28T00:02:19,14223,05637,41.0,43.44704,-3.8820617,62,False,,2
2026-09-28T01:05:17Z,2068D22237C2,22237,C2,49,16011,16010,2026-09-28T00:01:00,15211,16011,E,43.28714,-5.6448464,20,False,1,1
2026-09-28T01:05:17Z,2068D22372C3,22372,C3,3,16403,16401,2026-09-28T00:03:00,15211,16403,E,43.56141,-5.922727,20,False,1,2
2026-09-28T01:05:17Z,2068D22373C3,22373,C3,7,16403,16403,2026-09-27T23:59:00,16403,15211,A,43.56141,-5.922727,20,False,1,1
2026-09-28T01:05:17Z,2068D70237C4,70237,C4,-1432,15410,15410,2026-09-28T00:03:00,15410,16403,A,43.537647,-5.67596,20,False,12,12
2026-09-28T01:05:17Z,2068D22358C3,22358,C3,-1441,15218,15218,2026-09-29T00:00:00,15218,16405,A,43.3588,-5.8573804,20,False,2,2
2026-09-28T01:05:17Z,2068D22132C1,22132,C1,0,15217,15211,2026-09-28T00:03:00,15218,17000,S,43.38812,-5.8272715,20,False,2,2
2026-09-28T01:05:17Z,4168D84931C2,84931,C2,87,61200,06002,2026-09-28T00:34:00,06006,61200,E,37.97462,-1.1315287,41,False,1,2
2026-09-28T01:05:17Z,4168D24722C1,24722,C1,13,62109,60911,2026-09-28T00:10:00,60911,61200,A,38.34553,-0.49576503,41,False,1,1
2026-09-28T01:05:17Z,4168D24723C1,24723,C1,-1425,61200,61200,2026-09-28T00:14:00,61200,60911,E,37.974686,-1.131078,41,False,1,1
2026-09-28T01:05:17Z,1068D27506C4b,27506,C4b,6,37002,37011,2026-09-28T00:02:00,37012,17005,A,40.288372,-3.7373493,10,True,2,2
2026-09-28T01:05:17Z,1068D75037C8a,75037,C8a,6,97100,10100,2026-09-28T00:10:00,10203,17000,E,40.49547,-3.7261994,10,False,1,3
2026-09-28T01:05:17Z,1068D19945C1,19945,C1,0,98305,98304,2026-09-29T00:12:00,18000,98305,E,40.4924,-3.593483,10,False,2,1
2026-09-28T01:05:17Z,1068D27316C4a,27316,C4a,-1440,18000,18000,2026-09-29T00:06:00,18000,19003,E,40.40654,-3.6895106,10,True,7,7
2026-09-28T01:05:17Z,1068D75872C7,75872,C7,3,18002,18002,2026-09-27T23:59:00,18002,10000,E,40.44655,-3.691473,10,False,4,4
2026-09-28T01:05:17Z,1068D27818C5,27818,C5,0,35009,35001,2026-09-27T23:49:00,35012,35607,S,40.34086,-3.7482634,10,False,2,2
2026-09-28T01:05:17Z,1068D27817C5,27817,C5,-1440,35607,35607,2026-09-28T00:41:00,35607,35012,A,40.330883,-3.8823783,10,False,2,2
2026-09-28T01:05:17Z,1068D27995C5,27995,C5,18,35606,35607,2026-09-27T23:59:00,35607,35002,S,40.32875,-3.8636916,10,False,1,2
2026-09-28T01:05:17Z,1068D27512C4b,27512,C4b,-1424,18000,18000,2026-09-28T00:55:00,18000,17005,E,40.40654,-3.6895106,10,True,7,7
2026-09-28T01:05:17Z,1068D75530C2,75530,C2,-1437,70200,70200,2026-09-28T00:28:00,70200,17000,E,40.644257,-3.1823237,10,False,2,2
2026-09-28T01:05:17Z,1068D75035C8a,75035,C8a,19,10203,10203,2026-09-27T23:59:00,10203,17000,E,40.58532,-4.1321955,10,False,5,5
2026-09-28T01:05:17Z,1068D27815C5,27815,C5,0,18000,35609,2026-09-27T23:59:00,35607,35012,A,40.405067,-3.7026901,10,False,9,2
2026-09-28T01:05:17Z,1068D75877C7,75877,C7,4,10007,10010,2026-09-28T00:03:00,10000,70103,24.0,40.472656,-3.836884,10,True,1,1
2026-09-28T01:05:17Z,1068D27090C3,27090,C3,-1418,60200,60200,2026-09-28T00:00:00,60200,17000,E,40.035027,-3.6189713,10,True,4,4
2026-09-28T01:05:17Z,1068D75875C7,75875,C7,15,10000,10000,2026-09-27T23:59:00,10000,70103,E,40.42163,-3.7193205,10,False,7,7
2026-09-28T01:05:17Z,1068D19940C1,19940,C1,-1440,98305,98305,2026-09-29T00:05:00,98305,17000,E,40.4924,-3.593483,10,False,1,1
2026-09-28T01:05:17Z,1068D27094C3,27094,C3,-1432,60200,60200,2026-09-28T00:45:00,60200,17000,S,40.035027,-3.6189713,10,True,3,3
2026-09-28T01:05:17Z,1068D27508C4b,27508,C4b,3,18000,60100,2026-09-28T00:06:00,37012,17005,13.0,40.40084,-3.682559,10,True,7,1
2026-09-28T01:05:17Z,1068D75644C2,75644,C2,-1435,70200,70200,2026-09-28T00:58:00,70200,17000,A,40.644257,-3.1823237,10,True,2,2
2026-09-28T01:05:17Z,1068D27095C3,27095,C3,-1,60103,60102,2026-09-29T00:04:00,17000,60200,E,40.242844,-3.7038615,10,True,1,1
2026-09-28T01:05:17Z,1068D27092C3,27092,C3,-1425,60200,60200,2026-09-28T00:12:00,60200,17000,S,40.035027,-3.6189713,10,False,3,3
2026-09-28T01:05:17Z,1068D75268C10,75268,C10,5,10101,10103,2026-09-28T00:06:00,10200,17000,13.0,40.560028,-3.9011943,10,True,1,1
2026-09-28T01:05:17Z,1068D27822C5,27822,C5,0,35601,35600,2026-09-27T23:59:00,35012,35607,A,40.386257,-3.7610443,10,False,1,1
2026-09-28T01:05:17Z,1068D27093C3,27093,C3,-1435,17000,17000,2026-09-28T00:13:00,17000,60200,E,40.471382,-3.6834786,10,True,5,5
2026-09-28T01:05:17Z,1068D27643C8b,27643,C8b,-1437,12006,12006,2026-09-28T00:26:00,12006,17000,A,40.737614,-4.0662985,10,False,2,2
2026-09-28T01:05:17Z,1068D27820C5,27820,C5,0,37001,35009,2026-09-28T00:01:00,35012,35607,A,40.34086,-3.7482634,10,False,6,2
2026-09-28T01:05:17Z,1068D27317C4,27317,C4,-1441,17000,17000,2026-09-29T00:34:00,17000,37012,A,40.471325,-3.6833096,10,True,3,3
2026-09-28T01:05:17Z,1068D75172C10,75172,C10,1,18004,18003,2026-09-28T00:01:00,17000,10200,A,40.395943,-3.677964,10,True,1,1
2026-09-28T01:05:17Z,1068D27510C4b,27510,C4b,3,17001,17000,2026-09-28T00:05:00,18000,17005,S,40.501648,-3.6821797,10,True,2,2
2026-09-28T01:10:06Z,3068D23578C1,23578,C1,2,50602,50700,2026-09-28T00:06:54,51003,50600,E,37.58157,-5.6699624,30,False,2,2
2026-09-28T01:10:06Z,3068D23743C5,23743,C5,-1442,51003,51003,2026-09-28T00:38:59,51003,43005,A,37.392567,-5.9749837,30,False,9,9
2026-09-28T01:10:06Z,3068D23841C5,23841,C5,-1,43004,43005,2026-09-28T00:03:07,43005,51113,E,37.381527,-6.193782,30,False,,3
2026-09-28T01:10:06Z,3068D23581C1,23581,C1,0,51103,51111,2026-09-28T00:03:16,51003,51200,34.0,37.294693,-5.9445186,30,False,,1
2026-09-28T01:10:06Z,3268D23176C2,23176,C2,54,54408,54410,2026-09-28T00:03:00,54517,54405,39.0,36.723545,-4.5838585,32,False,,
2026-09-28T01:10:06Z,3268D23402C1,23402,C1,-1438,54517,54517,2026-09-28T00:38:19,54517,54516,A,36.715366,-4.4266005,32,False,1,1
2026-09-28T01:10:06Z,3268D23400C1,23400,C1,3,54503,54501,2026-09-28T00:02:10,54517,54516,26.0,36.695095,-4.4762516,32,False,2,2
2026-09-28T01:10:06Z,5168D25472R2N,25472,R2N,-2,71801,71802,2026-09-28T00:02:47,79100,72400,E,41.37954,2.1411655,50,True,,
2026-09-28T01:10:06Z,5168D77468R4,77468,R4,-1432,78700,78700,2026-09-28T00:27:51,78700,71600,A,41.56993,2.0143688,50,False,,
2026-09-28T01:10:06Z,5168D35564R4,35564,R4,-1431,72209,72209,2026-09-28T00:00:49,72209,78600,A,41.47872,1.9255537,50,False,,
2026-09-28T01:10:06Z,5168D15023R15,15023,R15,52,71502,71500,2026-09-28T00:03:56,71400,79400,60.0,41.129208,1.2999328,50,False,,
2026-09-28T01:10:06Z,5168D25795R1,25795,R1,-1,79403,79404,2026-09-28T00:02:38,79500,72305,E,41.445705,2.2490852,50,False,,1
2026-09-28T01:10:06Z,5168D28393R2S,28393,R2S,-2,71802,71801,2026-09-28T00:01:35,71700,79400,A,41.379513,2.1412146,50,False,,
2026-09-28T01:10:06Z,5168D77464R4,77464,R4,11,78604,78600,2026-09-28T00:05:15,78600,71600,41.0,41.686344,1.8386431,50,False,,
2026-09-28T01:10:06Z,5168D25470R2N,25470,R2N,3,79006,79007,2026-09-28T00:03:54,79104,72400,E,41.533474,2.2177799,50,True,1,
2026-09-28T01:10:06Z,5168D25567R2S,25567,R2S,2,71604,71603,2026-09-28T00:01:57,71600,79400,E,41.20413,1.6760199,50,False,,
2026-09-28T01:10:06Z,5168D28490R2,28490,R2,0,71705,71704,2026-09-28T00:02:22,71700,79104,20.0,41.278507,1.9790424,50,True,,
2026-09-28T01:10:06Z,6068D26577C3,26577,C3,4,13119,13120,2026-09-28T00:00:52,13200,13100,E,43.240112,-2.924082,60,False,,1
2026-09-28T01:10:06Z,6068D35689C3,35689,C3,2,13121,13102,2026-09-28T00:02:16,13200,13100,E,43.05786,-2.996093,60,True,1,1
2026-09-28T01:10:06Z,6068D26576C3,26576,C3,6,13115,13109,2026-09-28T00:01:18,13100,13200,E,43.176933,-2.909058,60,True,2,2
2026-09-28T01:10:06Z,6168D35654C1,35654,C1,4,11409,11408,2026-09-28T00:00:03,11400,11508,95.0,43.094822,-2.1242988,61,False,,2
2026-09-28T01:10:06Z,6268D71185C2,71185,C2,1,05605,05604,2026-09-28T00:02:19,14223,05637,41.0,43.44704,-3.8820617,62,False,,2
2026-09-28T01:10:06Z,2068D22237C2,22237,C2,49,16011,16010,2026-09-28T00:01:00,15211,16011,E,43.28714,-5.6448464,20,False,1,1
2026-09-28T01:10:06Z,2068D22372C3,22372,C3,3,16403,16401,2026-09-28T00:03:00,15211,16403,E,43.56141,-5.922727,20,False,1,2
2026-09-28T01:10:06Z,2068D22373C3,22373,C3,7,16403,16403,2026-09-27T23:59:00,16403,15211,A,43.56141,-5.922727,20,False,1,1
2026-09-28T01:10:06Z,2068D70237C4,70237,C4,-1432,15410,15410,2026-09-28T00:03:00,15410,16403,A,43.537647,-5.67596,20,False,12,12
2026-09-28T01:10:06Z,2068D22358C3,22358,C3,-1441,15218,15218,2026-09-29T00:00:00,15218,16405,A,43.3588,-5.8573804,20,False,2,2
2026-09-28T01:10:06Z,2068D22132C1,22132,C1,0,15217,15211,2026-09-28T00:03:00,15218,17000,S,43.38812,-5.8272715,20,False,2,2
2026-09-28T01:10:06Z,4168D84931C2,84931,C2,87,61200,06002,2026-09-28T00:34:00,06006,61200,E,37.97462,-1.1315287,41,False,1,2
2026-09-28T01:10:06Z,4168D24722C1,24722,C1,13,62109,60911,2026-09-28T00:10:00,60911,61200,A,38.34553,-0.49576503,41,False,1,1
2026-09-28T01:10:06Z,4168D24723C1,24723,C1,-1425,61200,61200,2026-09-28T00:14:00,61200,60911,E,37.974686,-1.131078,41,False,1,1
2026-09-28T01:10:06Z,1068D27506C4b,27506,C4b,6,37002,37011,2026-09-28T00:02:00,37012,17005,A,40.288372,-3.7373493,10,True,2,2
2026-09-28T01:10:06Z,1068D75037C8a,75037,C8a,6,97100,10100,2026-09-28T00:10:00,10203,17000,E,40.49547,-3.7261994,10,False,1,3
2026-09-28T01:10:06Z,1068D19945C1,19945,C1,0,98305,98304,2026-09-29T00:12:00,18000,98305,E,40.4924,-3.593483,10,False,2,1
2026-09-28T01:10:06Z,1068D27316C4a,27316,C4a,-1440,18000,18000,2026-09-29T00:06:00,18000,19003,E,40.40654,-3.6895106,10,True,7,7
2026-09-28T01:10:06Z,1068D75872C7,75872,C7,3,18002,18002,2026-09-27T23:59:00,18002,10000,E,40.44655,-3.691473,10,False,4,4
2026-09-28T01:10:06Z,1068D27818C5,27818,C5,0,35009,35001,2026-09-27T23:49:00,35012,35607,S,40.34086,-3.7482634,10,False,2,2
2026-09-28T01:10:06Z,1068D27817C5,27817,C5,-1440,35607,35607,2026-09-28T00:41:00,35607,35012,A,40.330883,-3.8823783,10,False,2,2
2026-09-28T01:10:06Z,1068D27995C5,27995,C5,18,35606,35607,2026-09-27T23:59:00,35607,35002,S,40.32875,-3.8636916,10,False,1,2
2026-09-28T01:10:06Z,1068D27512C4b,27512,C4b,-1424,18000,18000,2026-09-28T00:55:00,18000,17005,E,40.40654,-3.6895106,10,True,7,7
2026-09-28T01:10:06Z,1068D75530C2,75530,C2,-1437,70200,70200,2026-09-28T00:28:00,70200,17000,E,40.644257,-3.1823237,10,False,2,2
2026-09-28T01:10:06Z,1068D75035C8a,75035,C8a,19,10203,10203,2026-09-27T23:59:00,10203,17000,E,40.58532,-4.1321955,10,False,5,5
2026-09-28T01:10:06Z,1068D27815C5,27815,C5,0,18000,35609,2026-09-27T23:59:00,35607,35012,A,40.405067,-3.7026901,10,False,9,2
2026-09-28T01:10:06Z,1068D75877C7,75877,C7,4,10007,10010,2026-09-28T00:03:00,10000,70103,24.0,40.472656,-3.836884,10,True,1,1
2026-09-28T01:10:06Z,1068D27090C3,27090,C3,-1418,60200,60200,2026-09-28T00:00:00,60200,17000,E,40.035027,-3.6189713,10,True,4,4
2026-09-28T01:10:06Z,1068D75875C7,75875,C7,15,10000,10000,2026-09-27T23:59:00,10000,70103,E,40.42163,-3.7193205,10,False,7,7
2026-09-28T01:10:06Z,1068D19940C1,19940,C1,-1440,98305,98305,2026-09-29T00:05:00,98305,17000,E,40.4924,-3.593483,10,False,1,1
2026-09-28T01:10:06Z,1068D27094C3,27094,C3,-1432,60200,60200,2026-09-28T00:45:00,60200,17000,S,40.035027,-3.6189713,10,True,3,3
2026-09-28T01:10:06Z,1068D27508C4b,27508,C4b,3,18000,60100,2026-09-28T00:06:00,37012,17005,13.0,40.40084,-3.682559,10,True,7,1
2026-09-28T01:10:06Z,1068D75644C2,75644,C2,-1435,70200,70200,2026-09-28T00:58:00,70200,17000,A,40.644257,-3.1823237,10,True,2,2
2026-09-28T01:10:06Z,1068D27095C3,27095,C3,-1,60103,60102,2026-09-29T00:04:00,17000,60200,E,40.242844,-3.7038615,10,True,1,1
2026-09-28T01:10:06Z,1068D27092C3,27092,C3,-1425,60200,60200,2026-09-28T00:12:00,60200,17000,S,40.035027,-3.6189713,10,False,3,3
2026-09-28T01:10:06Z,1068D75268C10,75268,C10,5,10101,10103,2026-09-28T00:06:00,10200,17000,13.0,40.560028,-3.9011943,10,True,1,1
2026-09-28T01:10:06Z,1068D27822C5,27822,C5,0,35601,35600,2026-09-27T23:59:00,35012,35607,A,40.386257,-3.7610443,10,False,1,1
2026-09-28T01:10:06Z,1068D27093C3,27093,C3,-1435,17000,17000,2026-09-28T00:13:00,17000,60200,E,40.471382,-3.6834786,10,True,5,5
2026-09-28T01:10:06Z,1068D27643C8b,27643,C8b,-1437,12006,12006,2026-09-28T00:26:00,12006,17000,A,40.737614,-4.0662985,10,False,2,2
2026-09-28T01:10:06Z,1068D27820C5,27820,C5,0,37001,35009,2026-09-28T00:01:00,35012,35607,A,40.34086,-3.7482634,10,False,6,2
2026-09-28T01:10:06Z,1068D27317C4,27317,C4,-1441,17000,17000,2026-09-29T00:34:00,17000,37012,A,40.471325,-3.6833096,10,True,3,3
2026-09-28T01:10:06Z,1068D75172C10,75172,C10,1,18004,18003,2026-09-28T00:01:00,17000,10200,A,40.395943,-3.677964,10,True,1,1
2026-09-28T01:10:06Z,1068D27510C4b,27510,C4b,3,17001,17000,2026-09-28T00:05:00,18000,17005,S,40.501648,-3.6821797,10,True,2,2
2026-09-28T01:14:34Z,3068D23578C1,23578,C1,2,50602,50700,2026-09-28T00:06:54,51003,50600,E,37.58157,-5.6699624,30,False,2,2
2026-09-28T01:14:34Z,3068D23743C5,23743,C5,-1442,51003,51003,2026-09-28T00:38:59,51003,43005,A,37.392567,-5.9749837,30,False,9,9
2026-09-28T01:14:34Z,3068D23841C5,23841,C5,-1,43004,43005,2026-09-28T00:03:07,43005,51113,E,37.381527,-6.193782,30,False,,3
2026-09-28T01:14:34Z,3068D23581C1,23581,C1,0,51103,51111,2026-09-28T00:03:16,51003,51200,34.0,37.294693,-5.9445186,30,False,,1
2026-09-28T01:14:34Z,3268D23176C2,23176,C2,54,54408,54410,2026-09-28T00:03:00,54517,54405,39.0,36.723545,-4.5838585,32,False,,
2026-09-28T01:14:34Z,3268D23402C1,23402,C1,-1438,54517,54517,2026-09-28T00:38:19,54517,54516,A,36.715366,-4.4266005,32,False,1,1
2026-09-28T01:14:34Z,3268D23400C1,23400,C1,3,54503,54501,2026-09-28T00:02:10,54517,54516,26.0,36.695095,-4.4762516,32,False,2,2
2026-09-28T01:14:34Z,5168D25472R2N,25472,R2N,-2,71801,71802,2026-09-28T00:02:47,79100,72400,E,41.37954,2.1411655,50,True,,
2026-09-28T01:14:34Z,5168D77468R4,77468,R4,-1432,78700,78700,2026-09-28T00:27:51,78700,71600,A,41.56993,2.0143688,50,False,,
2026-09-28T01:14:34Z,5168D35564R4,35564,R4,-1431,72209,72209,2026-09-28T00:00:49,72209,78600,A,41.47872,1.9255537,50,False,,
2026-09-28T01:14:34Z,5168D15023R15,15023,R15,52,71502,71500,2026-09-28T00:03:56,71400,79400,60.0,41.129208,1.2999328,50,False,,
2026-09-28T01:14:34Z,5168D25795R1,25795,R1,-1,79403,79404,2026-09-28T00:02:38,79500,72305,E,41.445705,2.2490852,50,False,,1
2026-09-28T01:14:34Z,5168D28393R2S,28393,R2S,-2,71802,71801,2026-09-28T00:01:35,71700,79400,A,41.379513,2.1412146,50,False,,
2026-09-28T01:14:34Z,5168D77464R4,77464,R4,11,78604,78600,2026-09-28T00:05:15,78600,71600,41.0,41.686344,1.8386431,50,False,,
2026-09-28T01:14:34Z,5168D25470R2N,25470,R2N,3,79006,79007,2026-09-28T00:03:54,79104,72400,E,41.533474,2.2177799,50,True,1,
2026-09-28T01:14:34Z,5168D25567R2S,25567,R2S,2,71604,71603,2026-09-28T00:01:57,71600,79400,E,41.20413,1.6760199,50,False,,
2026-09-28T01:14:34Z,5168D28490R2,28490,R2,0,71705,71704,2026-09-28T00:02:22,71700,79104,20.0,41.278507,1.9790424,50,True,,
2026-09-28T01:14:34Z,6068D26577C3,26577,C3,4,13119,13120,2026-09-28T00:00:52,13200,13100,E,43.240112,-2.924082,60,False,,1
2026-09-28T01:14:34Z,6068D35689C3,35689,C3,2,13121,13102,2026-09-28T00:02:16,13200,13100,E,43.05786,-2.996093,60,True,1,1
2026-09-28T01:14:34Z,6068D26576C3,26576,C3,6,13115,13109,2026-09-28T00:01:18,13100,13200,E,43.176933,-2.909058,60,True,2,2
2026-09-28T01:14:34Z,6168D35654C1,35654,C1,4,11409,11408,2026-09-28T00:00:03,11400,11508,95.0,43.094822,-2.1242988,61,False,,2
2026-09-28T01:14:34Z,6268D71185C2,71185,C2,1,05605,05604,2026-09-28T00:02:19,14223,05637,41.0,43.44704,-3.8820617,62,False,,2
2026-09-28T01:14:34Z,2068D22237C2,22237,C2,49,16011,16010,2026-09-28T00:01:00,15211,16011,E,43.28714,-5.6448464,20,False,1,1
2026-09-28T01:14:34Z,2068D22372C3,22372,C3,3,16403,16401,2026-09-28T00:03:00,15211,16403,E,43.56141,-5.922727,20,False,1,2
2026-09-28T01:14:34Z,2068D22373C3,22373,C3,7,16403,16403,2026-09-27T23:59:00,16403,15211,A,43.56141,-5.922727,20,False,1,1
2026-09-28T01:14:34Z,2068D70237C4,70237,C4,-1432,15410,15410,2026-09-28T00:03:00,15410,16403,A,43.537647,-5.67596,20,False,12,12
2026-09-28T01:14:34Z,2068D22358C3,22358,C3,-1441,15218,15218,2026-09-29T00:00:00,15218,16405,A,43.3588,-5.8573804,20,False,2,2
2026-09-28T01:14:34Z,2068D22132C1,22132,C1,0,15217,15211,2026-09-28T00:03:00,15218,17000,S,43.38812,-5.8272715,20,False,2,2
2026-09-28T01:14:34Z,4168D84931C2,84931,C2,87,61200,06002,2026-09-28T00:34:00,06006,61200,E,37.97462,-1.1315287,41,False,1,2
2026-09-28T01:14:34Z,4168D24722C1,24722,C1,13,62109,60911,2026-09-28T00:10:00,60911,61200,A,38.34553,-0.49576503,41,False,1,1
2026-09-28T01:14:34Z,4168D24723C1,24723,C1,-1425,61200,61200,2026-09-28T00:14:00,61200,60911,E,37.974686,-1.131078,41,False,1,1
2026-09-28T01:14:34Z,1068D27506C4b,27506,C4b,6,37002,37011,2026-09-28T00:02:00,37012,17005,A,40.288372,-3.7373493,10,True,2,2
2026-09-28T01:14:34Z,1068D75037C8a,75037,C8a,6,97100,10100,2026-09-28T00:10:00,10203,17000,E,40.49547,-3.7261994,10,False,1,3
2026-09-28T01:14:34Z,1068D19945C1,19945,C1,0,98305,98304,2026-09-29T00:12:00,18000,98305,E,40.4924,-3.593483,10,False,2,1
2026-09-28T01:14:34Z,1068D27316C4a,27316,C4a,-1440,18000,18000,2026-09-29T00:06:00,18000,19003,E,40.40654,-3.6895106,10,True,7,7
2026-09-28T01:14:34Z,1068D75872C7,75872,C7,3,18002,18002,2026-09-27T23:59:00,18002,10000,E,40.44655,-3.691473,10,False,4,4
2026-09-28T01:14:34Z,1068D27818C5,27818,C5,0,35009,35001,2026-09-27T23:49:00,35012,35607,S,40.34086,-3.7482634,10,False,2,2
2026-09-28T01:14:34Z,1068D27817C5,27817,C5,-1440,35607,35607,2026-09-28T00:41:00,35607,35012,A,40.330883,-3.8823783,10,False,2,2
2026-09-28T01:14:34Z,1068D27995C5,27995,C5,18,35606,35607,2026-09-27T23:59:00,35607,35002,S,40.32875,-3.8636916,10,False,1,2
2026-09-28T01:14:34Z,1068D27512C4b,27512,C4b,-1424,18000,18000,2026-09-28T00:55:00,18000,17005,E,40.40654,-3.6895106,10,True,7,7
2026-09-28T01:14:34Z,1068D75530C2,75530,C2,-1437,70200,70200,2026-09-28T00:28:00,70200,17000,E,40.644257,-3.1823237,10,False,2,2
2026-09-28T01:14:34Z,1068D75035C8a,75035,C8a,19,10203,10203,2026-09-27T23:59:00,10203,17000,E,40.58532,-4.1321955,10,False,5,5
2026-09-28T01:14:34Z,1068D27815C5,27815,C5,0,18000,35609,2026-09-27T23:59:00,35607,35012,A,40.405067,-3.7026901,10,False,9,2
2026-09-28T01:14:34Z,1068D75877C7,75877,C7,4,10007,10010,2026-09-28T00:03:00,10000,70103,24.0,40.472656,-3.836884,10,True,1,1
2026-09-28T01:14:34Z,1068D27090C3,27090,C3,-1418,60200,60200,2026-09-28T00:00:00,60200,17000,E,40.035027,-3.6189713,10,True,4,4
2026-09-28T01:14:34Z,1068D75875C7,75875,C7,15,10000,10000,2026-09-27T23:59:00,10000,70103,E,40.42163,-3.7193205,10,False,7,7
2026-09-28T01:14:34Z,1068D19940C1,19940,C1,-1440,98305,98305,2026-09-29T00:05:00,98305,17000,E,40.4924,-3.593483,10,False,1,1
2026-09-28T01:14:34Z,1068D27094C3,27094,C3,-1432,60200,60200,2026-09-28T00:45:00,60200,17000,S,40.035027,-3.6189713,10,True,3,3
2026-09-28T01:14:34Z,1068D27508C4b,27508,C4b,3,18000,60100,2026-09-28T00:06:00,37012,17005,13.0,40.40084,-3.682559,10,True,7,1
2026-09-28T01:14:34Z,1068D75644C2,75644,C2,-1435,70200,70200,2026-09-28T00:58:00,70200,17000,A,40.644257,-3.1823237,10,True,2,2
2026-09-28T01:14:34Z,1068D27095C3,27095,C3,-1,60103,60102,2026-09-29T00:04:00,17000,60200,E,40.242844,-3.7038615,10,True,1,1
2026-09-28T01:14:34Z,1068D27092C3,27092,C3,-1425,60200,60200,2026-09-28T00:12:00,60200,17000,S,40.035027,-3.6189713,10,False,3,3
2026-09-28T01:14:34Z,1068D75268C10,75268,C10,5,10101,10103,2026-09-28T00:06:00,10200,17000,13.0,40.560028,-3.9011943,10,True,1,1
2026-09-28T01:14:34Z,1068D27822C5,27822,C5,0,35601,35600,2026-09-27T23:59:00,35012,35607,A,40.386257,-3.7610443,10,False,1,1
2026-09-28T01:14:34Z,1068D27093C3,27093,C3,-1435,17000,17000,2026-09-28T00:13:00,17000,60200,E,40.471382,-3.6834786,10,True,5,5
2026-09-28T01:14:34Z,1068D27643C8b,27643,C8b,-1437,12006,12006,2026-09-28T00:26:00,12006,17000,A,40.737614,-4.0662985,10,False,2,2
2026-09-28T01:14:34Z,1068D27820C5,27820,C5,0,37001,35009,2026-09-28T00:01:00,35012,35607,A,40.34086,-3.7482634,10,False,6,2
2026-09-28T01:14:34Z,1068D27317C4,27317,C4,-1441,17000,17000,2026-09-29T00:34:00,17000,37012,A,40.471325,-3.6833096,10,True,3,3
2026-09-28T01:14:34Z,1068D75172C10,75172,C10,1,18004,18003,2026-09-28T00:01:00,17000,10200,A,40.395943,-3.677964,10,True,1,1
2026-09-28T01:14:34Z,1068D27510C4b,27510,C4b,3,17001,17000,2026-09-28T00:05:00,18000,17005,S,40.501648,-3.6821797,10,True,2,2
2026-09-28T01:19:36Z,3068D23578C1,23578,C1,2,50602,50700,2026-09-28T00:06:54,51003,50600,E,37.58157,-5.6699624,30,False,2,2
2026-09-28T01:19:36Z,3068D23743C5,23743,C5,-1442,51003,51003,2026-09-28T00:38:59,51003,43005,A,37.392567,-5.9749837,30,False,9,9
2026-09-28T01:19:36Z,3068D23841C5,23841,C5,-1,43004,43005,2026-09-28T00:03:07,43005,51113,E,37.381527,-6.193782,30,False,,3
2026-09-28T01:19:36Z,3068D23581C1,23581,C1,0,51103,51111,2026-09-28T00:03:16,51003,51200,34.0,37.294693,-5.9445186,30,False,,1
2026-09-28T01:19:36Z,3268D23176C2,23176,C2,54,54408,54410,2026-09-28T00:03:00,54517,54405,39.0,36.723545,-4.5838585,32,False,,
2026-09-28T01:19:36Z,3268D23402C1,23402,C1,-1438,54517,54517,2026-09-28T00:38:19,54517,54516,A,36.715366,-4.4266005,32,False,1,1
2026-09-28T01:19:36Z,3268D23400C1,23400,C1,3,54503,54501,2026-09-28T00:02:10,54517,54516,26.0,36.695095,-4.4762516,32,False,2,2
2026-09-28T01:19:36Z,5168D25472R2N,25472,R2N,-2,71801,71802,2026-09-28T00:02:47,79100,72400,E,41.37954,2.1411655,50,True,,
2026-09-28T01:19:36Z,5168D77468R4,77468,R4,-1432,78700,78700,2026-09-28T00:27:51,78700,71600,A,41.56993,2.0143688,50,False,,
2026-09-28T01:19:36Z,5168D35564R4,35564,R4,-1431,72209,72209,2026-09-28T00:00:49,72209,78600,A,41.47872,1.9255537,50,False,,
2026-09-28T01:19:36Z,5168D15023R15,15023,R15,52,71502,71500,2026-09-28T00:03:56,71400,79400,60.0,41.129208,1.2999328,50,False,,
2026-09-28T01:19:36Z,5168D25795R1,25795,R1,-1,79403,79404,2026-09-28T00:02:38,79500,72305,E,41.445705,2.2490852,50,False,,1
2026-09-28T01:19:36Z,5168D28393R2S,28393,R2S,-2,71802,71801,2026-09-28T00:01:35,71700,79400,A,41.379513,2.1412146,50,False,,
2026-09-28T01:19:36Z,5168D77464R4,77464,R4,11,78604,78600,2026-09-28T00:05:15,78600,71600,41.0,41.686344,1.8386431,50,False,,
2026-09-28T01:19:36Z,5168D25470R2N,25470,R2N,3,79006,79007,2026-09-28T00:03:54,79104,72400,E,41.533474,2.2177799,50,True,1,
2026-09-28T01:19:36Z,5168D25567R2S,25567,R2S,2,71604,71603,2026-09-28T00:01:57,71600,79400,E,41.20413,1.6760199,50,False,,
2026-09-28T01:19:36Z,5168D28490R2,28490,R2,0,71705,71704,2026-09-28T00:02:22,71700,79104,20.0,41.278507,1.9790424,50,True,,
2026-09-28T01:19:36Z,6068D26577C3,26577,C3,4,13119,13120,2026-09-28T00:00:52,13200,13100,E,43.240112,-2.924082,60,False,,1
2026-09-28T01:19:36Z,6068D35689C3,35689,C3,2,13121,13102,2026-09-28T00:02:16,13200,13100,E,43.05786,-2.996093,60,True,1,1
2026-09-28T01:19:36Z,6068D26576C3,26576,C3,6,13115,13109,2026-09-28T00:01:18,13100,13200,E,43.176933,-2.909058,60,True,2,2
2026-09-28T01:19:36Z,6168D35654C1,35654,C1,4,11409,11408,2026-09-28T00:00:03,11400,11508,95.0,43.094822,-2.1242988,61,False,,2
2026-09-28T01:19:36Z,6268D71185C2,71185,C2,1,05605,05604,2026-09-28T00:02:19,14223,05637,41.0,43.44704,-3.8820617,62,False,,2
2026-09-28T01:19:36Z,2068D22237C2,22237,C2,49,16011,16010,2026-09-28T00:01:00,15211,16011,E,43.28714,-5.6448464,20,False,1,1
2026-09-28T01:19:36Z,2068D22372C3,22372,C3,3,16403,16401,2026-09-28T00:03:00,15211,16403,E,43.56141,-5.922727,20,False,1,2
2026-09-28T01:19:36Z,2068D22373C3,22373,C3,7,16403,16403,2026-09-27T23:59:00,16403,15211,A,43.56141,-5.922727,20,False,1,1
2026-09-28T01:19:36Z,2068D70237C4,70237,C4,-1432,15410,15410,2026-09-28T00:03:00,15410,16403,A,43.537647,-5.67596,20,False,12,12
2026-09-28T01:19:36Z,2068D22358C3,22358,C3,-1441,15218,15218,2026-09-29T00:00:00,15218,16405,A,43.3588,-5.8573804,20,False,2,2
2026-09-28T01:19:36Z,2068D22132C1,22132,C1,0,15217,15211,2026-09-28T00:03:00,15218,17000,S,43.38812,-5.8272715,20,False,2,2
2026-09-28T01:19:36Z,4168D84931C2,84931,C2,87,61200,06002,2026-09-28T00:34:00,06006,61200,E,37.97462,-1.1315287,41,False,1,2
2026-09-28T01:19:36Z,4168D24722C1,24722,C1,13,62109,60911,2026-09-28T00:10:00,60911,61200,A,38.34553,-0.49576503,41,False,1,1
2026-09-28T01:19:36Z,4168D24723C1,24723,C1,-1425,61200,61200,2026-09-28T00:14:00,61200,60911,E,37.974686,-1.131078,41,False,1,1
2026-09-28T01:19:36Z,1068D27506C4b,27506,C4b,6,37002,37011,2026-09-28T00:02:00,37012,17005,A,40.288372,-3.7373493,10,True,2,2
2026-09-28T01:19:36Z,1068D75037C8a,75037,C8a,6,97100,10100,2026-09-28T00:10:00,10203,17000,E,40.49547,-3.7261994,10,False,1,3
2026-09-28T01:19:36Z,1068D19945C1,19945,C1,0,98305,98304,2026-09-29T00:12:00,18000,98305,E,40.4924,-3.593483,10,False,2,1
2026-09-28T01:19:36Z,1068D27316C4a,27316,C4a,-1440,18000,18000,2026-09-29T00:06:00,18000,19003,E,40.40654,-3.6895106,10,True,7,7
2026-09-28T01:19:36Z,1068D75872C7,75872,C7,3,18002,18002,2026-09-27T23:59:00,18002,10000,E,40.44655,-3.691473,10,False,4,4
2026-09-28T01:19:36Z,1068D27818C5,27818,C5,0,35009,35001,2026-09-27T23:49:00,35012,35607,S,40.34086,-3.7482634,10,False,2,2
2026-09-28T01:19:36Z,1068D27817C5,27817,C5,-1440,35607,35607,2026-09-28T00:41:00,35607,35012,A,40.330883,-3.8823783,10,False,2,2
2026-09-28T01:19:36Z,1068D27995C5,27995,C5,18,35606,35607,2026-09-27T23:59:00,35607,35002,S,40.32875,-3.8636916,10,False,1,2
2026-09-28T01:19:36Z,1068D27512C4b,27512,C4b,-1424,18000,18000,2026-09-28T00:55:00,18000,17005,E,40.40654,-3.6895106,10,True,7,7
2026-09-28T01:19:36Z,1068D75530C2,75530,C2,-1437,70200,70200,2026-09-28T00:28:00,70200,17000,E,40.644257,-3.1823237,10,False,2,2
2026-09-28T01:19:36Z,1068D75035C8a,75035,C8a,19,10203,10203,2026-09-27T23:59:00,10203,17000,E,40.58532,-4.1321955,10,False,5,5
2026-09-28T01:19:36Z,1068D27815C5,27815,C5,0,18000,35609,2026-09-27T23:59:00,35607,35012,A,40.405067,-3.7026901,10,False,9,2
2026-09-28T01:19:36Z,1068D75877C7,75877,C7,4,10007,10010,2026-09-28T00:03:00,10000,70103,24.0,40.472656,-3.836884,10,True,1,1
2026-09-28T01:19:36Z,1068D27090C3,27090,C3,-1418,60200,60200,2026-09-28T00:00:00,60200,17000,E,40.035027,-3.6189713,10,True,4,4
2026-09-28T01:19:36Z,1068D75875C7,75875,C7,15,10000,10000,2026-09-27T23:59:00,10000,70103,E,40.42163,-3.7193205,10,False,7,7
2026-09-28T01:19:36Z,1068D19940C1,19940,C1,-1440,98305,98305,2026-09-29T00:05:00,98305,17000,E,40.4924,-3.593483,10,False,1,1
2026-09-28T01:19:36Z,1068D27094C3,27094,C3,-1432,60200,60200,2026-09-28T00:45:00,60200,17000,S,40.035027,-3.6189713,10,True,3,3
2026-09-28T01:19:36Z,1068D27508C4b,27508,C4b,3,18000,60100,2026-09-28T00:06:00,37012,17005,13.0,40.40084,-3.682559,10,True,7,1
2026-09-28T01:19:36Z,1068D75644C2,75644,C2,-1435,70200,70200,2026-09-28T00:58:00,70200,17000,A,40.644257,-3.1823237,10,True,2,2
2026-09-28T01:19:36Z,1068D27095C3,27095,C3,-1,60103,60102,2026-09-29T00:04:00,17000,60200,E,40.242844,-3.7038615,10,True,1,1
2026-09-28T01:19:36Z,1068D27092C3,27092,C3,-1425,60200,60200,2026-09-28T00:12:00,60200,17000,S,40.035027,-3.6189713,10,False,3,3
2026-09-28T01:19:36Z,1068D75268C10,75268,C10,5,10101,10103,2026-09-28T00:06:00,10200,17000,13.0,40.560028,-3.9011943,10,True,1,1
2026-09-28T01:19:36Z,1068D27822C5,27822,C5,0,35601,35600,2026-09-27T23:59:00,35012,35607,A,40.386257,-3.7610443,10,False,1,1
2026-09-28T01:19:36Z,1068D27093C3,27093,C3,-1435,17000,17000,2026-09-28T00:13:00,17000,60200,E,40.471382,-3.6834786,10,True,5,5
2026-09-28T01:19:36Z,1068D27643C8b,27643,C8b,-1437,12006,12006,2026-09-28T00:26:00,12006,17000,A,40.737614,-4.0662985,10,False,2,2
2026-09-28T01:19:36Z,1068D27820C5,27820,C5,0,37001,35009,2026-09-28T00:01:00,35012,35607,A,40.34086,-3.7482634,10,False,6,2
2026-09-28T01:19:36Z,1068D27317C4,27317,C4,-1441,17000,17000,2026-09-29T00:34:00,17000,37012,A,40.471325,-3.6833096,10,True,3,3
2026-09-28T01:19:36Z,1068D75172C10,75172,C10,1,18004,18003,2026-09-28T00:01:00,17000,10200,A,40.395943,-3.677964,10,True,1,1
2026-09-28T01:19:36Z,1068D27510C4b,27510,C4b,3,17001,17000,2026-09-28T00:05:00,18000,17005,S,40.501648,-3.6821797,10,True,2,2
2026-09-28T01:25:10Z,3068D23578C1,23578,C1,2,50602,50700,2026-09-28T00:06:54,51003,50600,E,37.58157,-5.6699624,30,False,2,2
2026-09-28T01:25:10Z,3068D23743C5,23743,C5,-1442,51003,51003,2026-09-28T00:38:59,51003,43005,A,37.392567,-5.9749837,30,False,9,9
2026-09-28T01:25:10Z,3068D23841C5,23841,C5,-1,43004,43005,2026-09-28T00:03:07,43005,51113,E,37.381527,-6.193782,30,False,,3
2026-09-28T01:25:10Z,3068D23581C1,23581,C1,0,51103,51111,2026-09-28T00:03:16,51003,51200,34.0,37.294693,-5.9445186,30,False,,1
2026-09-28T01:25:10Z,3268D23176C2,23176,C2,54,54408,54410,2026-09-28T00:03:00,54517,54405,39.0,36.723545,-4.5838585,32,False,,
2026-09-28T01:25:10Z,3268D23402C1,23402,C1,-1438,54517,54517,2026-09-28T00:38:19,54517,54516,A,36.715366,-4.4266005,32,False,1,1
2026-09-28T01:25:10Z,3268D23400C1,23400,C1,3,54503,54501,2026-09-28T00:02:10,54517,54516,26.0,36.695095,-4.4762516,32,False,2,2
2026-09-28T01:25:10Z,5168D25472R2N,25472,R2N,-2,71801,71802,2026-09-28T00:02:47,79100,72400,E,41.37954,2.1411655,50,True,,
2026-09-28T01:25:10Z,5168D77468R4,77468,R4,-1432,78700,78700,2026-09-28T00:27:51,78700,71600,A,41.56993,2.0143688,50,False,,
2026-09-28T01:25:10Z,5168D35564R4,35564,R4,-1431,72209,72209,2026-09-28T00:00:49,72209,78600,A,41.47872,1.9255537,50,False,,
2026-09-28T01:25:10Z,5168D15023R15,15023,R15,52,71502,71500,2026-09-28T00:03:56,71400,79400,60.0,41.129208,1.2999328,50,False,,
2026-09-28T01:25:10Z,5168D25795R1,25795,R1,-1,79403,79404,2026-09-28T00:02:38,79500,72305,E,41.445705,2.2490852,50,False,,1
2026-09-28T01:25:10Z,5168D28393R2S,28393,R2S,-2,71802,71801,2026-09-28T00:01:35,71700,79400,A,41.379513,2.1412146,50,False,,
2026-09-28T01:25:10Z,5168D77464R4,77464,R4,11,78604,78600,2026-09-28T00:05:15,78600,71600,41.0,41.686344,1.8386431,50,False,,
2026-09-28T01:25:10Z,5168D25470R2N,25470,R2N,3,79006,79007,2026-09-28T00:03:54,79104,72400,E,41.533474,2.2177799,50,True,1,
2026-09-28T01:25:10Z,5168D25567R2S,25567,R2S,2,71604,71603,2026-09-28T00:01:57,71600,79400,E,41.20413,1.6760199,50,False,,
2026-09-28T01:25:10Z,5168D28490R2,28490,R2,0,71705,71704,2026-09-28T00:02:22,71700,79104,20.0,41.278507,1.9790424,50,True,,
2026-09-28T01:25:10Z,6068D26577C3,26577,C3,4,13119,13120,2026-09-28T00:00:52,13200,13100,E,43.240112,-2.924082,60,False,,1
2026-09-28T01:25:10Z,6068D35689C3,35689,C3,2,13121,13102,2026-09-28T00:02:16,13200,13100,E,43.05786,-2.996093,60,True,1,1
2026-09-28T01:25:10Z,6068D26576C3,26576,C3,6,13115,13109,2026-09-28T00:01:18,13100,13200,E,43.176933,-2.909058,60,True,2,2
2026-09-28T01:25:10Z,6168D35654C1,35654,C1,4,11409,11408,2026-09-28T00:00:03,11400,11508,95.0,43.094822,-2.1242988,61,False,,2
2026-09-28T01:25:10Z,6268D71185C2,71185,C2,1,05605,05604,2026-09-28T00:02:19,14223,05637,41.0,43.44704,-3.8820617,62,False,,2
2026-09-28T01:25:10Z,2068D22237C2,22237,C2,49,16011,16010,2026-09-28T00:01:00,15211,16011,E,43.28714,-5.6448464,20,False,1,1
2026-09-28T01:25:10Z,2068D22372C3,22372,C3,3,16403,16401,2026-09-28T00:03:00,15211,16403,E,43.56141,-5.922727,20,False,1,2
2026-09-28T01:25:10Z,2068D22373C3,22373,C3,7,16403,16403,2026-09-27T23:59:00,16403,15211,A,43.56141,-5.922727,20,False,1,1
2026-09-28T01:25:10Z,2068D70237C4,70237,C4,-1432,15410,15410,2026-09-28T00:03:00,15410,16403,A,43.537647,-5.67596,20,False,12,12
2026-09-28T01:25:10Z,2068D22358C3,22358,C3,-1441,15218,15218,2026-09-29T00:00:00,15218,16405,A,43.3588,-5.8573804,20,False,2,2
2026-09-28T01:25:10Z,2068D22132C1,22132,C1,0,15217,15211,2026-09-28T00:03:00,15218,17000,S,43.38812,-5.8272715,20,False,2,2
2026-09-28T01:25:10Z,4168D84931C2,84931,C2,87,61200,06002,2026-09-28T00:34:00,06006,61200,E,37.97462,-1.1315287,41,False,1,2
2026-09-28T01:25:10Z,4168D24722C1,24722,C1,13,62109,60911,2026-09-28T00:10:00,60911,61200,A,38.34553,-0.49576503,41,False,1,1
2026-09-28T01:25:10Z,4168D24723C1,24723,C1,-1425,61200,61200,2026-09-28T00:14:00,61200,60911,E,37.974686,-1.131078,41,False,1,1
2026-09-28T01:25:10Z,1068D27506C4b,27506,C4b,6,37002,37011,2026-09-28T00:02:00,37012,17005,A,40.288372,-3.7373493,10,True,2,2
2026-09-28T01:25:10Z,1068D75037C8a,75037,C8a,6,97100,10100,2026-09-28T00:10:00,10203,17000,E,40.49547,-3.7261994,10,False,1,3
2026-09-28T01:25:10Z,1068D19945C1,19945,C1,0,98305,98304,2026-09-29T00:12:00,18000,98305,E,40.4924,-3.593483,10,False,2,1
2026-09-28T01:25:10Z,1068D27316C4a,27316,C4a,-1440,18000,18000,2026-09-29T00:06:00,18000,19003,E,40.40654,-3.6895106,10,True,7,7
2026-09-28T01:25:10Z,1068D75872C7,75872,C7,3,18002,18002,2026-09-27T23:59:00,18002,10000,E,40.44655,-3.691473,10,False,4,4
2026-09-28T01:25:10Z,1068D27818C5,27818,C5,0,35009,35001,2026-09-27T23:49:00,35012,35607,S,40.34086,-3.7482634,10,False,2,2
2026-09-28T01:25:10Z,1068D27817C5,27817,C5,-1440,35607,35607,2026-09-28T00:41:00,35607,35012,A,40.330883,-3.8823783,10,False,2,2
2026-09-28T01:25:10Z,1068D27995C5,27995,C5,18,35606,35607,2026-09-27T23:59:00,35607,35002,S,40.32875,-3.8636916,10,False,1,2
2026-09-28T01:25:10Z,1068D27512C4b,27512,C4b,-1424,18000,18000,2026-09-28T00:55:00,18000,17005,E,40.40654,-3.6895106,10,True,7,7
2026-09-28T01:25:10Z,1068D75530C2,75530,C2,-1437,70200,70200,2026-09-28T00:28:00,70200,17000,E,40.644257,-3.1823237,10,False,2,2
2026-09-28T01:25:10Z,1068D75035C8a,75035,C8a,19,10203,10203,2026-09-27T23:59:00,10203,17000,E,40.58532,-4.1321955,10,False,5,5
2026-09-28T01:25:10Z,1068D27815C5,27815,C5,0,18000,35609,2026-09-27T23:59:00,35607,35012,A,40.405067,-3.7026901,10,False,9,2
2026-09-28T01:25:10Z,1068D75877C7,75877,C7,4,10007,10010,2026-09-28T00:03:00,10000,70103,24.0,40.472656,-3.836884,10,True,1,1
2026-09-28T01:25:10Z,1068D27090C3,27090,C3,-1418,60200,60200,2026-09-28T00:00:00,60200,17000,E,40.035027,-3.6189713,10,True,4,4
2026-09-28T01:25:10Z,1068D75875C7,75875,C7,15,10000,10000,2026-09-27T23:59:00,10000,70103,E,40.42163,-3.7193205,10,False,7,7
2026-09-28T01:25:10Z,1068D19940C1,19940,C1,-1440,98305,98305,2026-09-29T00:05:00,98305,17000,E,40.4924,-3.593483,10,False,1,1
2026-09-28T01:25:10Z,1068D27094C3,27094,C3,-1432,60200,60200,2026-09-28T00:45:00,60200,17000,S,40.035027,-3.6189713,10,True,3,3
2026-09-28T01:25:10Z,1068D27508C4b,27508,C4b,3,18000,60100,2026-09-28T00:06:00,37012,17005,13.0,40.40084,-3.682559,10,True,7,1
2026-09-28T01:25:10Z,1068D75644C2,75644,C2,-1435,70200,70200,2026-09-28T00:58:00,70200,17000,A,40.644257,-3.1823237,10,True,2,2
2026-09-28T01:25:10Z,1068D27095C3,27095,C3,-1,60103,60102,2026-09-29T00:04:00,17000,60200,E,40.242844,-3.7038615,10,True,1,1
2026-09-28T01:25:10Z,1068D27092C3,27092,C3,-1425,60200,60200,2026-09-28T00:12:00,60200,17000,S,40.035027,-3.6189713,10,False,3,3
2026-09-28T01:25:10Z,1068D75268C10,75268,C10,5,10101,10103,2026-09-28T00:06:00,10200,17000,13.0,40.560028,-3.9011943,10,True,1,1
2026-09-28T01:25:10Z,1068D27822C5,27822,C5,0,35601,35600,2026-09-27T23:59:00,35012,35607,A,40.386257,-3.7610443,10,False,1,1
2026-09-28T01:25:10Z,1068D27093C3,27093,C3,-1435,17000,17000,2026-09-28T00:13:00,17000,60200,E,40.471382,-3.6834786,10,True,5,5
2026-09-28T01:25:10Z,1068D27643C8b,27643,C8b,-1437,12006,12006,2026-09-28T00:26:00,12006,17000,A,40.737614,-4.0662985,10,False,2,2
2026-09-28T01:25:10Z,1068D27820C5,27820,C5,0,37001,35009,2026-09-28T00:01:00,35012,35607,A,40.34086,-3.7482634,10,False,6,2
2026-09-28T01:25:10Z,1068D27317C4,27317,C4,-1441,17000,17000,2026-09-29T00:34:00,17000,37012,A,40.471325,-3.6833096,10,True,3,3
2026-09-28T01:25:10Z,1068D75172C10,75172,C10,1,18004,18003,2026-09-28T00:01:00,17000,10200,A,40.395943,-3.677964,10,True,1,1
2026-09-28T01:25:10Z,1068D27510C4b,27510,C4b,3,17001,17000,2026-09-28T00:05:00,18000,17005,S,40.501648,-3.6821797,10,True,2,2
2026-09-28T01:29:29Z,3068D23578C1,23578,C1,2,50602,50700,2026-09-28T00:06:54,51003,50600,E,37.58157,-5.6699624,30,False,2,2
2026-09-28T01:29:29Z,3068D23743C5,23743,C5,-1442,51003,51003,2026-09-28T00:38:59,51003,43005,A,37.392567,-5.9749837,30,False,9,9
2026-09-28T01:29:29Z,3068D23841C5,23841,C5,-1,43004,43005,2026-09-28T00:03:07,43005,51113,E,37.381527,-6.193782,30,False,,3
2026-09-28T01:29:29Z,3068D23581C1,23581,C1,0,51103,51111,2026-09-28T00:03:16,51003,51200,34.0,37.294693,-5.9445186,30,False,,1
2026-09-28T01:29:29Z,3268D23176C2,23176,C2,54,54408,54410,2026-09-28T00:03:00,54517,54405,39.0,36.723545,-4.5838585,32,False,,
2026-09-28T01:29:29Z,3268D23402C1,23402,C1,-1438,54517,54517,2026-09-28T00:38:19,54517,54516,A,36.715366,-4.4266005,32,False,1,1
2026-09-28T01:29:29Z,3268D23400C1,23400,C1,3,54503,54501,2026-09-28T00:02:10,54517,54516,26.0,36.695095,-4.4762516,32,False,2,2
2026-09-28T01:29:29Z,5168D25472R2N,25472,R2N,-2,71801,71802,2026-09-28T00:02:47,79100,72400,E,41.37954,2.1411655,50,True,,
2026-09-28T01:29:29Z,5168D77468R4,77468,R4,-1432,78700,78700,2026-09-28T00:27:51,78700,71600,A,41.56993,2.0143688,50,False,,
2026-09-28T01:29:29Z,5168D35564R4,35564,R4,-1431,72209,72209,2026-09-28T00:00:49,72209,78600,A,41.47872,1.9255537,50,False,,
2026-09-28T01:29:29Z,5168D15023R15,15023,R15,52,71502,71500,2026-09-28T00:03:56,71400,79400,60.0,41.129208,1.2999328,50,False,,
2026-09-28T01:29:29Z,5168D25795R1,25795,R1,-1,79403,79404,2026-09-28T00:02:38,79500,72305,E,41.445705,2.2490852,50,False,,1
2026-09-28T01:29:29Z,5168D28393R2S,28393,R2S,-2,71802,71801,2026-09-28T00:01:35,71700,79400,A,41.379513,2.1412146,50,False,,
2026-09-28T01:29:29Z,5168D77464R4,77464,R4,11,78604,78600,2026-09-28T00:05:15,78600,71600,41.0,41.686344,1.8386431,50,False,,
2026-09-28T01:29:29Z,5168D25470R2N,25470,R2N,3,79006,79007,2026-09-28T00:03:54,79104,72400,E,41.533474,2.2177799,50,True,1,
2026-09-28T01:29:29Z,5168D25567R2S,25567,R2S,2,71604,71603,2026-09-28T00:01:57,71600,79400,E,41.20413,1.6760199,50,False,,
2026-09-28T01:29:29Z,5168D28490R2,28490,R2,0,71705,71704,2026-09-28T00:02:22,71700,79104,20.0,41.278507,1.9790424,50,True,,
2026-09-28T01:29:29Z,6068D26577C3,26577,C3,4,13119,13120,2026-09-28T00:00:52,13200,13100,E,43.240112,-2.924082,60,False,,1
2026-09-28T01:29:29Z,6068D35689C3,35689,C3,2,13121,13102,2026-09-28T00:02:16,13200,13100,E,43.05786,-2.996093,60,True,1,1
2026-09-28T01:29:29Z,6068D26576C3,26576,C3,6,13115,13109,2026-09-28T00:01:18,13100,13200,E,43.176933,-2.909058,60,True,2,2
2026-09-28T01:29:29Z,6168D35654C1,35654,C1,4,11409,11408,2026-09-28T00:00:03,11400,11508,95.0,43.094822,-2.1242988,61,False,,2
2026-09-28T01:29:29Z,6268D71185C2,71185,C2,1,05605,05604,2026-09-28T00:02:19,14223,05637,41.0,43.44704,-3.8820617,62,False,,2
2026-09-28T01:29:29Z,2068D22237C2,22237,C2,49,16011,16010,2026-09-28T00:01:00,15211,16011,E,43.28714,-5.6448464,20,False,1,1
2026-09-28T01:29:29Z,2068D22372C3,22372,C3,3,16403,16401,2026-09-28T00:03:00,15211,16403,E,43.56141,-5.922727,20,False,1,2
2026-09-28T01:29:29Z,2068D22373C3,22373,C3,7,16403,16403,2026-09-27T23:59:00,16403,15211,A,43.56141,-5.922727,20,False,1,1
2026-09-28T01:29:29Z,2068D70237C4,70237,C4,-1432,15410,15410,2026-09-28T00:03:00,15410,16403,A,43.537647,-5.67596,20,False,12,12
2026-09-28T01:29:29Z,2068D22358C3,22358,C3,-1441,15218,15218,2026-09-29T00:00:00,15218,16405,A,43.3588,-5.8573804,20,False,2,2
2026-09-28T01:29:29Z,2068D22132C1,22132,C1,0,15217,15211,2026-09-28T00:03:00,15218,17000,S,43.38812,-5.8272715,20,False,2,2
2026-09-28T01:29:29Z,4168D84931C2,84931,C2,87,61200,06002,2026-09-28T00:34:00,06006,61200,E,37.97462,-1.1315287,41,False,1,2
2026-09-28T01:29:29Z,4168D24722C1,24722,C1,13,62109,60911,2026-09-28T00:10:00,60911,61200,A,38.34553,-0.49576503,41,False,1,1
2026-09-28T01:29:29Z,4168D24723C1,24723,C1,-1425,61200,61200,2026-09-28T00:14:00,61200,60911,E,37.974686,-1.131078,41,False,1,1
2026-09-28T01:29:29Z,1068D27506C4b,27506,C4b,6,37002,37011,2026-09-28T00:02:00,37012,17005,A,40.288372,-3.7373493,10,True,2,2
2026-09-28T01:29:29Z,1068D75037C8a,75037,C8a,6,97100,10100,2026-09-28T00:10:00,10203,17000,E,40.49547,-3.7261994,10,False,1,3
2026-09-28T01:29:29Z,1068D19945C1,19945,C1,0,98305,98304,2026-09-29T00:12:00,18000,98305,E,40.4924,-3.593483,10,False,2,1
2026-09-28T01:29:29Z,1068D27316C4a,27316,C4a,-1440,18000,18000,2026-09-29T00:06:00,18000,19003,E,40.40654,-3.6895106,10,True,7,7
2026-09-28T01:29:29Z,1068D75872C7,75872,C7,3,18002,18002,2026-09-27T23:59:00,18002,10000,E,40.44655,-3.691473,10,False,4,4
2026-09-28T01:29:29Z,1068D27818C5,27818,C5,0,35009,35001,2026-09-27T23:49:00,35012,35607,S,40.34086,-3.7482634,10,False,2,2
2026-09-28T01:29:29Z,1068D27817C5,27817,C5,-1440,35607,35607,2026-09-28T00:41:00,35607,35012,A,40.330883,-3.8823783,10,False,2,2
2026-09-28T01:29:29Z,1068D27995C5,27995,C5,18,35606,35607,2026-09-27T23:59:00,35607,35002,S,40.32875,-3.8636916,10,False,1,2
2026-09-28T01:29:29Z,1068D27512C4b,27512,C4b,-1424,18000,18000,2026-09-28T00:55:00,18000,17005,E,40.40654,-3.6895106,10,True,7,7
2026-09-28T01:29:29Z,1068D75530C2,75530,C2,-1437,70200,70200,2026-09-28T00:28:00,70200,17000,E,40.644257,-3.1823237,10,False,2,2
2026-09-28T01:29:29Z,1068D75035C8a,75035,C8a,19,10203,10203,2026-09-27T23:59:00,10203,17000,E,40.58532,-4.1321955,10,False,5,5
2026-09-28T01:29:29Z,1068D27815C5,27815,C5,0,18000,35609,2026-09-27T23:59:00,35607,35012,A,40.405067,-3.7026901,10,False,9,2
2026-09-28T01:29:29Z,1068D75877C7,75877,C7,4,10007,10010,2026-09-28T00:03:00,10000,70103,24.0,40.472656,-3.836884,10,True,1,1
2026-09-28T01:29:29Z,1068D27090C3,27090,C3,-1418,60200,60200,2026-09-28T00:00:00,60200,17000,E,40.035027,-3.6189713,10,True,4,4
2026-09-28T01:29:29Z,1068D75875C7,75875,C7,15,10000,10000,2026-09-27T23:59:00,10000,70103,E,40.42163,-3.7193205,10,False,7,7
2026-09-28T01:29:29Z,1068D19940C1,19940,C1,-1440,98305,98305,2026-09-29T00:05:00,98305,17000,E,40.4924,-3.593483,10,False,1,1
2026-09-28T01:29:29Z,1068D27094C3,27094,C3,-1432,60200,60200,2026-09-28T00:45:00,60200,17000,S,40.035027,-3.6189713,10,True,3,3
2026-09-28T01:29:29Z,1068D27508C4b,27508,C4b,3,18000,60100,2026-09-28T00:06:00,37012,17005,13.0,40.40084,-3.682559,10,True,7,1
2026-09-28T01:29:29Z,1068D75644C2,75644,C2,-1435,70200,70200,2026-09-28T00:58:00,70200,17000,A,40.644257,-3.1823237,10,True,2,2
2026-09-28T01:29:29Z,1068D27095C3,27095,C3,-1,60103,60102,2026-09-29T00:04:00,17000,60200,E,40.242844,-3.7038615,10,True,1,1
2026-09-28T01:29:29Z,1068D27092C3,27092,C3,-1425,60200,60200,2026-09-28T00:12:00,60200,17000,S,40.035027,-3.6189713,10,False,3,3
2026-09-28T01:29:29Z,1068D75268C10,75268,C10,5,10101,10103,2026-09-28T00:06:00,10200,17000,13.0,40.560028,-3.9011943,10,True,1,1
2026-09-28T01:29:29Z,1068D27822C5,27822,C5,0,35601,35600,2026-09-27T23:59:00,35012,35607,A,40.386257,-3.7610443,10,False,1,1
2026-09-28T01:29:29Z,1068D27093C3,27093,C3,-1435,17000,17000,2026-09-28T00:13:00,17000,60200,E,40.471382,-3.6834786,10,True,5,5
2026-09-28T01:29:29Z,1068D27643C8b,27643,C8b,-1437,12006,12006,2026-09-28T00:26:00,12006,17000,A,40.737614,-4.0662985,10,False,2,2
2026-09-28T01:29:29Z,1068D27820C5,27820,C5,0,37001,35009,2026-09-28T00:01:00,35012,35607,A,40.34086,-3.7482634,10,False,6,2
2026-09-28T01:29:29Z,1068D27317C4,27317,C4,-1441,17000,17000,2026-09-29T00:34:00,17000,37012,A,40.471325,-3.6833096,10,True,3,3
2026-09-28T01:29:29Z,1068D75172C10,75172,C10,1,18004,18003,2026-09-28T00:01:00,17000,10200,A,40.395943,-3.677964,10,True,1,1
2026-09-28T01:29:29Z,1068D27510C4b,27510,C4b,3,17001,17000,2026-09-28T00:05:00,18000,17005,S,40.501648,-3.6821797,10,True,2,2
2026-09-28T01:34:56Z,3068D23578C1,23578,C1,2,50602,50700,2026-09-28T00:06:54,51003,50600,E,37.58157,-5.6699624,30,False,2,2
2026-09-28T01:34:56Z,3068D23743C5,23743,C5,-1442,51003,51003,2026-09-28T00:38:59,51003,43005,A,37.392567,-5.9749837,30,False,9,9
2026-09-28T01:34:56Z,3068D23841C5,23841,C5,-1,43004,43005,2026-09-28T00:03:07,43005,51113,E,37.381527,-6.193782,30,False,,3
2026-09-28T01:34:56Z,3068D23581C1,23581,C1,0,51103,51111,2026-09-28T00:03:16,51003,51200,34.0,37.294693,-5.9445186,30,False,,1
2026-09-28T01:34:56Z,3268D23176C2,23176,C2,54,54408,54410,2026-09-28T00:03:00,54517,54405,39.0,36.723545,-4.5838585,32,False,,
2026-09-28T01:34:56Z,3268D23402C1,23402,C1,-1438,54517,54517,2026-09-28T00:38:19,54517,54516,A,36.715366,-4.4266005,32,False,1,1
2026-09-28T01:34:56Z,3268D23400C1,23400,C1,3,54503,54501,2026-09-28T00:02:10,54517,54516,26.0,36.695095,-4.4762516,32,False,2,2
2026-09-28T01:34:56Z,5168D25472R2N,25472,R2N,-2,71801,71802,2026-09-28T00:02:47,79100,72400,E,41.37954,2.1411655,50,True,,
2026-09-28T01:34:56Z,5168D77468R4,77468,R4,-1432,78700,78700,2026-09-28T00:27:51,78700,71600,A,41.56993,2.0143688,50,False,,
2026-09-28T01:34:56Z,5168D35564R4,35564,R4,-1431,72209,72209,2026-09-28T00:00:49,72209,78600,A,41.47872,1.9255537,50,False,,
2026-09-28T01:34:56Z,5168D15023R15,15023,R15,52,71502,71500,2026-09-28T00:03:56,71400,79400,60.0,41.129208,1.2999328,50,False,,
2026-09-28T01:34:56Z,5168D25795R1,25795,R1,-1,79403,79404,2026-09-28T00:02:38,79500,72305,E,41.445705,2.2490852,50,False,,1
2026-09-28T01:34:56Z,5168D28393R2S,28393,R2S,-2,71802,71801,2026-09-28T00:01:35,71700,79400,A,41.379513,2.1412146,50,False,,
2026-09-28T01:34:56Z,5168D77464R4,77464,R4,11,78604,78600,2026-09-28T00:05:15,78600,71600,41.0,41.686344,1.8386431,50,False,,
2026-09-28T01:34:56Z,5168D25470R2N,25470,R2N,3,79006,79007,2026-09-28T00:03:54,79104,72400,E,41.533474,2.2177799,50,True,1,
2026-09-28T01:34:56Z,5168D25567R2S,25567,R2S,2,71604,71603,2026-09-28T00:01:57,71600,79400,E,41.20413,1.6760199,50,False,,
2026-09-28T01:34:56Z,5168D28490R2,28490,R2,0,71705,71704,2026-09-28T00:02:22,71700,79104,20.0,41.278507,1.9790424,50,True,,
2026-09-28T01:34:56Z,6068D26577C3,26577,C3,4,13119,13120,2026-09-28T00:00:52,13200,13100,E,43.240112,-2.924082,60,False,,1
2026-09-28T01:34:56Z,6068D35689C3,35689,C3,2,13121,13102,2026-09-28T00:02:16,13200,13100,E,43.05786,-2.996093,60,True,1,1
2026-09-28T01:34:56Z,6068D26576C3,26576,C3,6,13115,13109,2026-09-28T00:01:18,13100,13200,E,43.176933,-2.909058,60,True,2,2
2026-09-28T01:34:56Z,6168D35654C1,35654,C1,4,11409,11408,2026-09-28T00:00:03,11400,11508,95.0,43.094822,-2.1242988,61,False,,2
2026-09-28T01:34:56Z,6268D71185C2,71185,C2,1,05605,05604,2026-09-28T00:02:19,14223,05637,41.0,43.44704,-3.8820617,62,False,,2
2026-09-28T01:34:56Z,2068D22237C2,22237,C2,49,16011,16010,2026-09-28T00:01:00,15211,16011,E,43.28714,-5.6448464,20,False,1,1
2026-09-28T01:34:56Z,2068D22372C3,22372,C3,3,16403,16401,2026-09-28T00:03:00,15211,16403,E,43.56141,-5.922727,20,False,1,2
2026-09-28T01:34:56Z,2068D22373C3,22373,C3,7,16403,16403,2026-09-27T23:59:00,16403,15211,A,43.56141,-5.922727,20,False,1,1
2026-09-28T01:34:56Z,2068D70237C4,70237,C4,-1432,15410,15410,2026-09-28T00:03:00,15410,16403,A,43.537647,-5.67596,20,False,12,12
2026-09-28T01:34:56Z,2068D22358C3,22358,C3,-1441,15218,15218,2026-09-29T00:00:00,15218,16405,A,43.3588,-5.8573804,20,False,2,2
2026-09-28T01:34:56Z,2068D22132C1,22132,C1,0,15217,15211,2026-09-28T00:03:00,15218,17000,S,43.38812,-5.8272715,20,False,2,2
2026-09-28T01:34:56Z,4168D84931C2,84931,C2,87,61200,06002,2026-09-28T00:34:00,06006,61200,E,37.97462,-1.1315287,41,False,1,2
2026-09-28T01:34:56Z,4168D24722C1,24722,C1,13,62109,60911,2026-09-28T00:10:00,60911,61200,A,38.34553,-0.49576503,41,False,1,1
2026-09-28T01:34:56Z,4168D24723C1,24723,C1,-1425,61200,61200,2026-09-28T00:14:00,61200,60911,E,37.974686,-1.131078,41,False,1,1
2026-09-28T01:34:56Z,1068D27506C4b,27506,C4b,6,37002,37011,2026-09-28T00:02:00,37012,17005,A,40.288372,-3.7373493,10,True,2,2
2026-09-28T01:34:56Z,1068D75037C8a,75037,C8a,6,97100,10100,2026-09-28T00:10:00,10203,17000,E,40.49547,-3.7261994,10,False,1,3
2026-09-28T01:34:56Z,1068D19945C1,19945,C1,0,98305,98304,2026-09-29T00:12:00,18000,98305,E,40.4924,-3.593483,10,False,2,1
2026-09-28T01:34:56Z,1068D27316C4a,27316,C4a,-1440,18000,18000,2026-09-29T00:06:00,18000,19003,E,40.40654,-3.6895106,10,True,7,7
2026-09-28T01:34:56Z,1068D75872C7,75872,C7,3,18002,18002,2026-09-27T23:59:00,18002,10000,E,40.44655,-3.691473,10,False,4,4
2026-09-28T01:34:56Z,1068D27818C5,27818,C5,0,35009,35001,2026-09-27T23:49:00,35012,35607,S,40.34086,-3.7482634,10,False,2,2
2026-09-28T01:34:56Z,1068D27817C5,27817,C5,-1440,35607,35607,2026-09-28T00:41:00,35607,35012,A,40.330883,-3.8823783,10,False,2,2
2026-09-28T01:34:56Z,1068D27995C5,27995,C5,18,35606,35607,2026-09-27T23:59:00,35607,35002,S,40.32875,-3.8636916,10,False,1,2
2026-09-28T01:34:56Z,1068D27512C4b,27512,C4b,-1424,18000,18000,2026-09-28T00:55:00,18000,17005,E,40.40654,-3.6895106,10,True,7,7
2026-09-28T01:34:56Z,1068D75530C2,75530,C2,-1437,70200,70200,2026-09-28T00:28:00,70200,17000,E,40.644257,-3.1823237,10,False,2,2
2026-09-28T01:34:56Z,1068D75035C8a,75035,C8a,19,10203,10203,2026-09-27T23:59:00,10203,17000,E,40.58532,-4.1321955,10,False,5,5
2026-09-28T01:34:56Z,1068D27815C5,27815,C5,0,18000,35609,2026-09-27T23:59:00,35607,35012,A,40.405067,-3.7026901,10,False,9,2
2026-09-28T01:34:56Z,1068D75877C7,75877,C7,4,10007,10010,2026-09-28T00:03:00,10000,70103,24.0,40.472656,-3.836884,10,True,1,1
2026-09-28T01:34:56Z,1068D27090C3,27090,C3,-1418,60200,60200,2026-09-28T00:00:00,60200,17000,E,40.035027,-3.6189713,10,True,4,4
2026-09-28T01:34:56Z,1068D75875C7,75875,C7,15,10000,10000,2026-09-27T23:59:00,10000,70103,E,40.42163,-3.7193205,10,False,7,7
2026-09-28T01:34:56Z,1068D19940C1,19940,C1,-1440,98305,98305,2026-09-29T00:05:00,98305,17000,E,40.4924,-3.593483,10,False,1,1
2026-09-28T01:34:56Z,1068D27094C3,27094,C3,-1432,60200,60200,2026-09-28T00:45:00,60200,17000,S,40.035027,-3.6189713,10,True,3,3
2026-09-28T01:34:56Z,1068D27508C4b,27508,C4b,3,18000,60100,2026-09-28T00:06:00,37012,17005,13.0,40.40084,-3.682559,10,True,7,1
2026-09-28T01:34:56Z,1068D75644C2,75644,C2,-1435,70200,70200,2026-09-28T00:58:00,70200,17000,A,40.644257,-3.1823237,10,True,2,2
2026-09-28T01:34:56Z,1068D27095C3,27095,C3,-1,60103,60102,2026-09-29T00:04:00,17000,60200,E,40.242844,-3.7038615,10,True,1,1
2026-09-28T01:34:56Z,1068D27092C3,27092,C3,-1425,60200,60200,2026-09-28T00:12:00,60200,17000,S,40.035027,-3.6189713,10,False,3,3
2026-09-28T01:34:56Z,1068D75268C10,75268,C10,5,10101,10103,2026-09-28T00:06:00,10200,17000,13.0,40.560028,-3.9011943,10,True,1,1
2026-09-28T01:34:56Z,1068D27822C5,27822,C5,0,35601,35600,2026-09-27T23:59:00,35012,35607,A,40.386257,-3.7610443,10,False,1,1
2026-09-28T01:34:56Z,1068D27093C3,27093,C3,-1435,17000,17000,2026-09-28T00:13:00,17000,60200,E,40.471382,-3.6834786,10,True,5,5
2026-09-28T01:34:56Z,1068D27643C8b,27643,C8b,-1437,12006,12006,2026-09-28T00:26:00,12006,17000,A,40.737614,-4.0662985,10,False,2,2
2026-09-28T01:34:56Z,1068D27820C5,27820,C5,0,37001,35009,2026-09-28T00:01:00,35012,35607,A,40.34086,-3.7482634,10,False,6,2
2026-09-28T01:34:56Z,1068D27317C4,27317,C4,-1441,17000,17000,2026-09-29T00:34:00,17000,37012,A,40.471325,-3.6833096,10,True,3,3
2026-09-28T01:34:56Z,1068D75172C10,75172,C10,1,18004,18003,2026-09-28T00:01:00,17000,10200,A,40.395943,-3.677964,10,True,1,1
2026-09-28T01:34:56Z,1068D27510C4b,27510,C4b,3,17001,17000,2026-09-28T00:05:00,18000,17005,S,40.501648,-3.6821797,10,True,2,2
2026-09-28T01:39:26Z,3068D23578C1,23578,C1,2,50602,50700,2026-09-28T00:06:54,51003,50600,E,37.58157,-5.6699624,30,False,2,2
2026-09-28T01:39:26Z,3068D23743C5,23743,C5,-1442,51003,51003,2026-09-28T00:38:59,51003,43005,A,37.392567,-5.9749837,30,False,9,9
2026-09-28T01:39:26Z,3068D23841C5,23841,C5,-1,43004,43005,2026-09-28T00:03:07,43005,51113,E,37.381527,-6.193782,30,False,,3
2026-09-28T01:39:26Z,3068D23581C1,23581,C1,0,51103,51111,2026-09-28T00:03:16,51003,51200,34.0,37.294693,-5.9445186,30,False,,1
2026-09-28T01:39:26Z,3268D23176C2,23176,C2,54,54408,54410,2026-09-28T00:03:00,54517,54405,39.0,36.723545,-4.5838585,32,False,,
2026-09-28T01:39:26Z,3268D23402C1,23402,C1,-1438,54517,54517,2026-09-28T00:38:19,54517,54516,A,36.715366,-4.4266005,32,False,1,1
2026-09-28T01:39:26Z,3268D23400C1,23400,C1,3,54503,54501,2026-09-28T00:02:10,54517,54516,26.0,36.695095,-4.4762516,32,False,2,2
2026-09-28T01:39:26Z,5168D25472R2N,25472,R2N,-2,71801,71802,2026-09-28T00:02:47,79100,72400,E,41.37954,2.1411655,50,True,,
2026-09-28T01:39:26Z,5168D77468R4,77468,R4,-1432,78700,78700,2026-09-28T00:27:51,78700,71600,A,41.56993,2.0143688,50,False,,
2026-09-28T01:39:26Z,5168D35564R4,35564,R4,-1431,72209,72209,2026-09-28T00:00:49,72209,78600,A,41.47872,1.9255537,50,False,,
2026-09-28T01:39:26Z,5168D15023R15,15023,R15,52,71502,71500,2026-09-28T00:03:56,71400,79400,60.0,41.129208,1.2999328,50,False,,
2026-09-28T01:39:26Z,5168D25795R1,25795,R1,-1,79403,79404,2026-09-28T00:02:38,79500,72305,E,41.445705,2.2490852,50,False,,1
2026-09-28T01:39:26Z,5168D28393R2S,28393,R2S,-2,71802,71801,2026-09-28T00:01:35,71700,79400,A,41.379513,2.1412146,50,False,,
2026-09-28T01:39:26Z,5168D77464R4,77464,R4,11,78604,78600,2026-09-28T00:05:15,78600,71600,41.0,41.686344,1.8386431,50,False,,
2026-09-28T01:39:26Z,5168D25470R2N,25470,R2N,3,79006,79007,2026-09-28T00:03:54,79104,72400,E,41.533474,2.2177799,50,True,1,
2026-09-28T01:39:26Z,5168D25567R2S,25567,R2S,2,71604,71603,2026-09-28T00:01:57,71600,79400,E,41.20413,1.6760199,50,False,,
2026-09-28T01:39:26Z,5168D28490R2,28490,R2,0,71705,71704,2026-09-28T00:02:22,71700,79104,20.0,41.278507,1.9790424,50,True,,
2026-09-28T01:39:26Z,6068D26577C3,26577,C3,4,13119,13120,2026-09-28T00:00:52,13200,13100,E,43.240112,-2.924082,60,False,,1
2026-09-28T01:39:26Z,6068D35689C3,35689,C3,2,13121,13102,2026-09-28T00:02:16,13200,13100,E,43.05786,-2.996093,60,True,1,1
2026-09-28T01:39:26Z,6068D26576C3,26576,C3,6,13115,13109,2026-09-28T00:01:18,13100,13200,E,43.176933,-2.909058,60,True,2,2
2026-09-28T01:39:26Z,6168D35654C1,35654,C1,4,11409,11408,2026-09-28T00:00:03,11400,11508,95.0,43.094822,-2.1242988,61,False,,2
2026-09-28T01:39:26Z,6268D71185C2,71185,C2,1,05605,05604,2026-09-28T00:02:19,14223,05637,41.0,43.44704,-3.8820617,62,False,,2
2026-09-28T01:39:26Z,2068D22237C2,22237,C2,49,16011,16010,2026-09-28T00:01:00,15211,16011,E,43.28714,-5.6448464,20,False,1,1
2026-09-28T01:39:26Z,2068D22372C3,22372,C3,3,16403,16401,2026-09-28T00:03:00,15211,16403,E,43.56141,-5.922727,20,False,1,2
2026-09-28T01:39:26Z,2068D22373C3,22373,C3,7,16403,16403,2026-09-27T23:59:00,16403,15211,A,43.56141,-5.922727,20,False,1,1
2026-09-28T01:39:26Z,2068D70237C4,70237,C4,-1432,15410,15410,2026-09-28T00:03:00,15410,16403,A,43.537647,-5.67596,20,False,12,12
2026-09-28T01:39:26Z,2068D22358C3,22358,C3,-1441,15218,15218,2026-09-29T00:00:00,15218,16405,A,43.3588,-5.8573804,20,False,2,2
2026-09-28T01:39:26Z,2068D22132C1,22132,C1,0,15217,15211,2026-09-28T00:03:00,15218,17000,S,43.38812,-5.8272715,20,False,2,2
2026-09-28T01:39:26Z,4168D84931C2,84931,C2,87,61200,06002,2026-09-28T00:34:00,06006,61200,E,37.97462,-1.1315287,41,False,1,2
2026-09-28T01:39:26Z,4168D24722C1,24722,C1,13,62109,60911,2026-09-28T00:10:00,60911,61200,A,38.34553,-0.49576503,41,False,1,1
2026-09-28T01:39:26Z,4168D24723C1,24723,C1,-1425,61200,61200,2026-09-28T00:14:00,61200,60911,E,37.974686,-1.131078,41,False,1,1
2026-09-28T01:39:26Z,1068D27506C4b,27506,C4b,6,37002,37011,2026-09-28T00:02:00,37012,17005,A,40.288372,-3.7373493,10,True,2,2
2026-09-28T01:39:26Z,1068D75037C8a,75037,C8a,6,97100,10100,2026-09-28T00:10:00,10203,17000,E,40.49547,-3.7261994,10,False,1,3
2026-09-28T01:39:26Z,1068D19945C1,19945,C1,0,98305,98304,2026-09-29T00:12:00,18000,98305,E,40.4924,-3.593483,10,False,2,1
2026-09-28T01:39:26Z,1068D27316C4a,27316,C4a,-1440,18000,18000,2026-09-29T00:06:00,18000,19003,E,40.40654,-3.6895106,10,True,7,7
2026-09-28T01:39:26Z,1068D75872C7,75872,C7,3,18002,18002,2026-09-27T23:59:00,18002,10000,E,40.44655,-3.691473,10,False,4,4
2026-09-28T01:39:26Z,1068D27818C5,27818,C5,0,35009,35001,2026-09-27T23:49:00,35012,35607,S,40.34086,-3.7482634,10,False,2,2
2026-09-28T01:39:26Z,1068D27817C5,27817,C5,-1440,35607,35607,2026-09-28T00:41:00,35607,35012,A,40.330883,-3.8823783,10,False,2,2
2026-09-28T01:39:26Z,1068D27995C5,27995,C5,18,35606,35607,2026-09-27T23:59:00,35607,35002,S,40.32875,-3.8636916,10,False,1,2
2026-09-28T01:39:26Z,1068D27512C4b,27512,C4b,-1424,18000,18000,2026-09-28T00:55:00,18000,17005,E,40.40654,-3.6895106,10,True,7,7
2026-09-28T01:39:26Z,1068D75530C2,75530,C2,-1437,70200,70200,2026-09-28T00:28:00,70200,17000,E,40.644257,-3.1823237,10,False,2,2
2026-09-28T01:39:26Z,1068D75035C8a,75035,C8a,19,10203,10203,2026-09-27T23:59:00,10203,17000,E,40.58532,-4.1321955,10,False,5,5
2026-09-28T01:39:26Z,1068D27815C5,27815,C5,0,18000,35609,2026-09-27T23:59:00,35607,35012,A,40.405067,-3.7026901,10,False,9,2
2026-09-28T01:39:26Z,1068D75877C7,75877,C7,4,10007,10010,2026-09-28T00:03:00,10000,70103,24.0,40.472656,-3.836884,10,True,1,1
2026-09-28T01:39:26Z,1068D27090C3,27090,C3,-1418,60200,60200,2026-09-28T00:00:00,60200,17000,E,40.035027,-3.6189713,10,True,4,4
2026-09-28T01:39:26Z,1068D75875C7,75875,C7,15,10000,10000,2026-09-27T23:59:00,10000,70103,E,40.42163,-3.7193205,10,False,7,7
2026-09-28T01:39:26Z,1068D19940C1,19940,C1,-1440,98305,98305,2026-09-29T00:05:00,98305,17000,E,40.4924,-3.593483,10,False,1,1
2026-09-28T01:39:26Z,1068D27094C3,27094,C3,-1432,60200,60200,2026-09-28T00:45:00,60200,17000,S,40.035027,-3.6189713,10,True,3,3
2026-09-28T01:39:26Z,1068D27508C4b,27508,C4b,3,18000,60100,2026-09-28T00:06:00,37012,17005,13.0,40.40084,-3.682559,10,True,7,1
2026-09-28T01:39:26Z,1068D75644C2,75644,C2,-1435,70200,70200,2026-09-28T00:58:00,70200,17000,A,40.644257,-3.1823237,10,True,2,2
2026-09-28T01:39:26Z,1068D27095C3,27095,C3,-1,60103,60102,2026-09-29T00:04:00,17000,60200,E,40.242844,-3.7038615,10,True,1,1
2026-09-28T01:39:26Z,1068D27092C3,27092,C3,-1425,60200,60200,2026-09-28T00:12:00,60200,17000,S,40.035027,-3.6189713,10,False,3,3
2026-09-28T01:39:26Z,1068D75268C10,75268,C10,5,10101,10103,2026-09-28T00:06:00,10200,17000,13.0,40.560028,-3.9011943,10,True,1,1
2026-09-28T01:39:26Z,1068D27822C5,27822,C5,0,35601,35600,2026-09-27T23:59:00,35012,35607,A,40.386257,-3.7610443,10,False,1,1
2026-09-28T01:39:26Z,1068D27093C3,27093,C3,-1435,17000,17000,2026-09-28T00:13:00,17000,60200,E,40.471382,-3.6834786,10,True,5,5
2026-09-28T01:39:26Z,1068D27643C8b,27643,C8b,-1437,12006,12006,2026-09-28T00:26:00,12006,17000,A,40.737614,-4.0662985,10,False,2,2
2026-09-28T01:39:26Z,1068D27820C5,27820,C5,0,37001,35009,2026-09-28T00:01:00,35012,35607,A,40.34086,-3.7482634,10,False,6,2
2026-09-28T01:39:26Z,1068D27317C4,27317,C4,-1441,17000,17000,2026-09-29T00:34:00,17000,37012,A,40.471325,-3.6833096,10,True,3,3
2026-09-28T01:39:26Z,1068D75172C10,75172,C10,1,18004,18003,2026-09-28T00:01:00,17000,10200,A,40.395943,-3.677964,10,True,1,1
2026-09-28T01:39:26Z,1068D27510C4b,27510,C4b,3,17001,17000,2026-09-28T00:05:00,18000,17005,S,40.501648,-3.6821797,10,True,2,2
2026-09-28T01:44:36Z,3068D23578C1,23578,C1,2,50602,50700,2026-09-28T00:06:54,51003,50600,E,37.58157,-5.6699624,30,False,2,2
2026-09-28T01:44:36Z,3068D23743C5,23743,C5,-1442,51003,51003,2026-09-28T00:38:59,51003,43005,A,37.392567,-5.9749837,30,False,9,9
2026-09-28T01:44:36Z,3068D23841C5,23841,C5,-1,43004,43005,2026-09-28T00:03:07,43005,51113,E,37.381527,-6.193782,30,False,,3
2026-09-28T01:44:36Z,3068D23581C1,23581,C1,0,51103,51111,2026-09-28T00:03:16,51003,51200,34.0,37.294693,-5.9445186,30,False,,1
2026-09-28T01:44:36Z,3268D23176C2,23176,C2,54,54408,54410,2026-09-28T00:03:00,54517,54405,39.0,36.723545,-4.5838585,32,False,,
2026-09-28T01:44:36Z,3268D23402C1,23402,C1,-1438,54517,54517,2026-09-28T00:38:19,54517,54516,A,36.715366,-4.4266005,32,False,1,1
2026-09-28T01:44:36Z,3268D23400C1,23400,C1,3,54503,54501,2026-09-28T00:02:10,54517,54516,26.0,36.695095,-4.4762516,32,False,2,2
2026-09-28T01:44:36Z,5168D25472R2N,25472,R2N,-2,71801,71802,2026-09-28T00:02:47,79100,72400,E,41.37954,2.1411655,50,True,,
2026-09-28T01:44:36Z,5168D77468R4,77468,R4,-1432,78700,78700,2026-09-28T00:27:51,78700,71600,A,41.56993,2.0143688,50,False,,
2026-09-28T01:44:36Z,5168D35564R4,35564,R4,-1431,72209,72209,2026-09-28T00:00:49,72209,78600,A,41.47872,1.9255537,50,False,,
2026-09-28T01:44:36Z,5168D15023R15,15023,R15,52,71502,71500,2026-09-28T00:03:56,71400,79400,60.0,41.129208,1.2999328,50,False,,
2026-09-28T01:44:36Z,5168D25795R1,25795,R1,-1,79403,79404,2026-09-28T00:02:38,79500,72305,E,41.445705,2.2490852,50,False,,1
2026-09-28T01:44:36Z,5168D28393R2S,28393,R2S,-2,71802,71801,2026-09-28T00:01:35,71700,79400,A,41.379513,2.1412146,50,False,,
2026-09-28T01:44:36Z,5168D77464R4,77464,R4,11,78604,78600,2026-09-28T00:05:15,78600,71600,41.0,41.686344,1.8386431,50,False,,
2026-09-28T01:44:36Z,5168D25470R2N,25470,R2N,3,79006,79007,2026-09-28T00:03:54,79104,72400,E,41.533474,2.2177799,50,True,1,
2026-09-28T01:44:36Z,5168D25567R2S,25567,R2S,2,71604,71603,2026-09-28T00:01:57,71600,79400,E,41.20413,1.6760199,50,False,,
2026-09-28T01:44:36Z,5168D28490R2,28490,R2,0,71705,71704,2026-09-28T00:02:22,71700,79104,20.0,41.278507,1.9790424,50,True,,
2026-09-28T01:44:36Z,6068D26577C3,26577,C3,4,13119,13120,2026-09-28T00:00:52,13200,13100,E,43.240112,-2.924082,60,False,,1
2026-09-28T01:44:36Z,6068D35689C3,35689,C3,2,13121,13102,2026-09-28T00:02:16,13200,13100,E,43.05786,-2.996093,60,True,1,1
2026-09-28T01:44:36Z,6068D26576C3,26576,C3,6,13115,13109,2026-09-28T00:01:18,13100,13200,E,43.176933,-2.909058,60,True,2,2
2026-09-28T01:44:36Z,6168D35654C1,35654,C1,4,11409,11408,2026-09-28T00:00:03,11400,11508,95.0,43.094822,-2.1242988,61,False,,2
2026-09-28T01:44:36Z,6268D71185C2,71185,C2,1,05605,05604,2026-09-28T00:02:19,14223,05637,41.0,43.44704,-3.8820617,62,False,,2
2026-09-28T01:44:36Z,2068D22237C2,22237,C2,49,16011,16010,2026-09-28T00:01:00,15211,16011,E,43.28714,-5.6448464,20,False,1,1
2026-09-28T01:44:36Z,2068D22372C3,22372,C3,3,16403,16401,2026-09-28T00:03:00,15211,16403,E,43.56141,-5.922727,20,False,1,2
2026-09-28T01:44:36Z,2068D22373C3,22373,C3,7,16403,16403,2026-09-27T23:59:00,16403,15211,A,43.56141,-5.922727,20,False,1,1
2026-09-28T01:44:36Z,2068D70237C4,70237,C4,-1432,15410,15410,2026-09-28T00:03:00,15410,16403,A,43.537647,-5.67596,20,False,12,12
2026-09-28T01:44:36Z,2068D22358C3,22358,C3,-1441,15218,15218,2026-09-29T00:00:00,15218,16405,A,43.3588,-5.8573804,20,False,2,2
2026-09-28T01:44:36Z,2068D22132C1,22132,C1,0,15217,15211,2026-09-28T00:03:00,15218,17000,S,43.38812,-5.8272715,20,False,2,2
2026-09-28T01:44:36Z,4168D84931C2,84931,C2,87,61200,06002,2026-09-28T00:34:00,06006,61200,E,37.97462,-1.1315287,41,False,1,2
2026-09-28T01:44:36Z,4168D24722C1,24722,C1,13,62109,60911,2026-09-28T00:10:00,60911,61200,A,38.34553,-0.49576503,41,False,1,1
2026-09-28T01:44:36Z,4168D24723C1,24723,C1,-1425,61200,61200,2026-09-28T00:14:00,61200,60911,E,37.974686,-1.131078,41,False,1,1
2026-09-28T01:44:36Z,1068D27506C4b,27506,C4b,6,37002,37011,2026-09-28T00:02:00,37012,17005,A,40.288372,-3.7373493,10,True,2,2
2026-09-28T01:44:36Z,1068D75037C8a,75037,C8a,6,97100,10100,2026-09-28T00:10:00,10203,17000,E,40.49547,-3.7261994,10,False,1,3
2026-09-28T01:44:36Z,1068D19945C1,19945,C1,0,98305,98304,2026-09-29T00:12:00,18000,98305,E,40.4924,-3.593483,10,False,2,1
2026-09-28T01:44:36Z,1068D27316C4a,27316,C4a,-1440,18000,18000,2026-09-29T00:06:00,18000,19003,E,40.40654,-3.6895106,10,True,7,7
2026-09-28T01:44:36Z,1068D75872C7,75872,C7,3,18002,18002,2026-09-27T23:59:00,18002,10000,E,40.44655,-3.691473,10,False,4,4
2026-09-28T01:44:36Z,1068D27818C5,27818,C5,0,35009,35001,2026-09-27T23:49:00,35012,35607,S,40.34086,-3.7482634,10,False,2,2
2026-09-28T01:44:36Z,1068D27817C5,27817,C5,-1440,35607,35607,2026-09-28T00:41:00,35607,35012,A,40.330883,-3.8823783,10,False,2,2
2026-09-28T01:44:36Z,1068D27995C5,27995,C5,18,35606,35607,2026-09-27T23:59:00,35607,35002,S,40.32875,-3.8636916,10,False,1,2
2026-09-28T01:44:36Z,1068D27512C4b,27512,C4b,-1424,18000,18000,2026-09-28T00:55:00,18000,17005,E,40.40654,-3.6895106,10,True,7,7
2026-09-28T01:44:36Z,1068D75530C2,75530,C2,-1437,70200,70200,2026-09-28T00:28:00,70200,17000,E,40.644257,-3.1823237,10,False,2,2
2026-09-28T01:44:36Z,1068D75035C8a,75035,C8a,19,10203,10203,2026-09-27T23:59:00,10203,17000,E,40.58532,-4.1321955,10,False,5,5
2026-09-28T01:44:36Z,1068D27815C5,27815,C5,0,18000,35609,2026-09-27T23:59:00,35607,35012,A,40.405067,-3.7026901,10,False,9,2
2026-09-28T01:44:36Z,1068D75877C7,75877,C7,4,10007,10010,2026-09-28T00:03:00,10000,70103,24.0,40.472656,-3.836884,10,True,1,1
2026-09-28T01:44:36Z,1068D27090C3,27090,C3,-1418,60200,60200,2026-09-28T00:00:00,60200,17000,E,40.035027,-3.6189713,10,True,4,4
2026-09-28T01:44:36Z,1068D75875C7,75875,C7,15,10000,10000,2026-09-27T23:59:00,10000,70103,E,40.42163,-3.7193205,10,False,7,7
2026-09-28T01:44:36Z,1068D19940C1,19940,C1,-1440,98305,98305,2026-09-29T00:05:00,98305,17000,E,40.4924,-3.593483,10,False,1,1
2026-09-28T01:44:36Z,1068D27094C3,27094,C3,-1432,60200,60200,2026-09-28T00:45:00,60200,17000,S,40.035027,-3.6189713,10,True,3,3
2026-09-28T01:44:36Z,1068D27508C4b,27508,C4b,3,18000,60100,2026-09-28T00:06:00,37012,17005,13.0,40.40084,-3.682559,10,True,7,1
2026-09-28T01:44:36Z,1068D75644C2,75644,C2,-1435,70200,70200,2026-09-28T00:58:00,70200,17000,A,40.644257,-3.1823237,10,True,2,2
2026-09-28T01:44:36Z,1068D27095C3,27095,C3,-1,60103,60102,2026-09-29T00:04:00,17000,60200,E,40.242844,-3.7038615,10,True,1,1
2026-09-28T01:44:36Z,1068D27092C3,27092,C3,-1425,60200,60200,2026-09-28T00:12:00,60200,17000,S,40.035027,-3.6189713,10,False,3,3
2026-09-28T01:44:36Z,1068D75268C10,75268,C10,5,10101,10103,2026-09-28T00:06:00,10200,17000,13.0,40.560028,-3.9011943,10,True,1,1
2026-09-28T01:44:36Z,1068D27822C5,27822,C5,0,35601,35600,2026-09-27T23:59:00,35012,35607,A,40.386257,-3.7610443,10,False,1,1
2026-09-28T01:44:36Z,1068D27093C3,27093,C3,-1435,17000,17000,2026-09-28T00:13:00,17000,60200,E,40.471382,-3.6834786,10,True,5,5
2026-09-28T01:44:36Z,1068D27643C8b,27643,C8b,-1437,12006,12006,2026-09-28T00:26:00,12006,17000,A,40.737614,-4.0662985,10,False,2,2
2026-09-28T01:44:36Z,1068D27820C5,27820,C5,0,37001,35009,2026-09-28T00:01:00,35012,35607,A,40.34086,-3.7482634,10,False,6,2
2026-09-28T01:44:36Z,1068D27317C4,27317,C4,-1441,17000,17000,2026-09-29T00:34:00,17000,37012,A,40.471325,-3.6833096,10,True,3,3
2026-09-28T01:44:36Z,1068D75172C10,75172,C10,1,18004,18003,2026-09-28T00:01:00,17000,10200,A,40.395943,-3.677964,10,True,1,1
2026-09-28T01:44:36Z,1068D27510C4b,27510,C4b,3,17001,17000,2026-09-28T00:05:00,18000,17005,S,40.501648,-3.6821797,10,True,2,2
2026-09-28T01:50:16Z,3068D23578C1,23578,C1,2,50602,50700,2026-09-28T00:06:54,51003,50600,E,37.58157,-5.6699624,30,False,2,2
2026-09-28T01:50:16Z,3068D23743C5,23743,C5,-1442,51003,51003,2026-09-28T00:38:59,51003,43005,A,37.392567,-5.9749837,30,False,9,9
2026-09-28T01:50:16Z,3068D23841C5,23841,C5,-1,43004,43005,2026-09-28T00:03:07,43005,51113,E,37.381527,-6.193782,30,False,,3
2026-09-28T01:50:16Z,3068D23581C1,23581,C1,0,51103,51111,2026-09-28T00:03:16,51003,51200,34.0,37.294693,-5.9445186,30,False,,1
2026-09-28T01:50:16Z,3268D23176C2,23176,C2,54,54408,54410,2026-09-28T00:03:00,54517,54405,39.0,36.723545,-4.5838585,32,False,,
2026-09-28T01:50:16Z,3268D23402C1,23402,C1,-1438,54517,54517,2026-09-28T00:38:19,54517,54516,A,36.715366,-4.4266005,32,False,1,1
2026-09-28T01:50:16Z,3268D23400C1,23400,C1,3,54503,54501,2026-09-28T00:02:10,54517,54516,26.0,36.695095,-4.4762516,32,False,2,2
2026-09-28T01:50:16Z,5168D25472R2N,25472,R2N,-2,71801,71802,2026-09-28T00:02:47,79100,72400,E,41.37954,2.1411655,50,True,,
2026-09-28T01:50:16Z,5168D77468R4,77468,R4,-1432,78700,78700,2026-09-28T00:27:51,78700,71600,A,41.56993,2.0143688,50,False,,
2026-09-28T01:50:16Z,5168D35564R4,35564,R4,-1431,72209,72209,2026-09-28T00:00:49,72209,78600,A,41.47872,1.9255537,50,False,,
2026-09-28T01:50:16Z,5168D15023R15,15023,R15,52,71502,71500,2026-09-28T00:03:56,71400,79400,60.0,41.129208,1.2999328,50,False,,
2026-09-28T01:50:16Z,5168D25795R1,25795,R1,-1,79403,79404,2026-09-28T00:02:38,79500,72305,E,41.445705,2.2490852,50,False,,1
2026-09-28T01:50:16Z,5168D28393R2S,28393,R2S,-2,71802,71801,2026-09-28T00:01:35,71700,79400,A,41.379513,2.1412146,50,False,,
2026-09-28T01:50:16Z,5168D77464R4,77464,R4,11,78604,78600,2026-09-28T00:05:15,78600,71600,41.0,41.686344,1.8386431,50,False,,
2026-09-28T01:50:16Z,5168D25470R2N,25470,R2N,3,79006,79007,2026-09-28T00:03:54,79104,72400,E,41.533474,2.2177799,50,True,1,
2026-09-28T01:50:16Z,5168D25567R2S,25567,R2S,2,71604,71603,2026-09-28T00:01:57,71600,79400,E,41.20413,1.6760199,50,False,,
2026-09-28T01:50:16Z,5168D28490R2,28490,R2,0,71705,71704,2026-09-28T00:02:22,71700,79104,20.0,41.278507,1.9790424,50,True,,
2026-09-28T01:50:16Z,6068D26577C3,26577,C3,4,13119,13120,2026-09-28T00:00:52,13200,13100,E,43.240112,-2.924082,60,False,,1
2026-09-28T01:50:16Z,6068D35689C3,35689,C3,2,13121,13102,2026-09-28T00:02:16,13200,13100,E,43.05786,-2.996093,60,True,1,1
2026-09-28T01:50:16Z,6068D26576C3,26576,C3,6,13115,13109,2026-09-28T00:01:18,13100,13200,E,43.176933,-2.909058,60,True,2,2
2026-09-28T01:50:16Z,6168D35654C1,35654,C1,4,11409,11408,2026-09-28T00:00:03,11400,11508,95.0,43.094822,-2.1242988,61,False,,2
2026-09-28T01:50:16Z,6268D71185C2,71185,C2,1,05605,05604,2026-09-28T00:02:19,14223,05637,41.0,43.44704,-3.8820617,62,False,,2
2026-09-28T01:50:16Z,2068D22237C2,22237,C2,49,16011,16010,2026-09-28T00:01:00,15211,16011,E,43.28714,-5.6448464,20,False,1,1
2026-09-28T01:50:16Z,2068D22372C3,22372,C3,3,16403,16401,2026-09-28T00:03:00,15211,16403,E,43.56141,-5.922727,20,False,1,2
2026-09-28T01:50:16Z,2068D22373C3,22373,C3,7,16403,16403,2026-09-27T23:59:00,16403,15211,A,43.56141,-5.922727,20,False,1,1
2026-09-28T01:50:16Z,2068D70237C4,70237,C4,-1432,15410,15410,2026-09-28T00:03:00,15410,16403,A,43.537647,-5.67596,20,False,12,12
2026-09-28T01:50:16Z,2068D22358C3,22358,C3,-1441,15218,15218,2026-09-29T00:00:00,15218,16405,A,43.3588,-5.8573804,20,False,2,2
2026-09-28T01:50:16Z,2068D22132C1,22132,C1,0,15217,15211,2026-09-28T00:03:00,15218,17000,S,43.38812,-5.8272715,20,False,2,2
2026-09-28T01:50:16Z,4168D84931C2,84931,C2,87,61200,06002,2026-09-28T00:34:00,06006,61200,E,37.97462,-1.1315287,41,False,1,2
2026-09-28T01:50:16Z,4168D24722C1,24722,C1,13,62109,60911,2026-09-28T00:10:00,60911,61200,A,38.34553,-0.49576503,41,False,1,1
2026-09-28T01:50:16Z,4168D24723C1,24723,C1,-1425,61200,61200,2026-09-28T00:14:00,61200,60911,E,37.974686,-1.131078,41,False,1,1
2026-09-28T01:50:16Z,1068D27506C4b,27506,C4b,6,37002,37011,2026-09-28T00:02:00,37012,17005,A,40.288372,-3.7373493,10,True,2,2
2026-09-28T01:50:16Z,1068D75037C8a,75037,C8a,6,97100,10100,2026-09-28T00:10:00,10203,17000,E,40.49547,-3.7261994,10,False,1,3
2026-09-28T01:50:16Z,1068D19945C1,19945,C1,0,98305,98304,2026-09-29T00:12:00,18000,98305,E,40.4924,-3.593483,10,False,2,1
2026-09-28T01:50:16Z,1068D27316C4a,27316,C4a,-1440,18000,18000,2026-09-29T00:06:00,18000,19003,E,40.40654,-3.6895106,10,True,7,7
2026-09-28T01:50:16Z,1068D75872C7,75872,C7,3,18002,18002,2026-09-27T23:59:00,18002,10000,E,40.44655,-3.691473,10,False,4,4
2026-09-28T01:50:16Z,1068D27818C5,27818,C5,0,35009,35001,2026-09-27T23:49:00,35012,35607,S,40.34086,-3.7482634,10,False,2,2
2026-09-28T01:50:16Z,1068D27817C5,27817,C5,-1440,35607,35607,2026-09-28T00:41:00,35607,35012,A,40.330883,-3.8823783,10,False,2,2
2026-09-28T01:50:16Z,1068D27995C5,27995,C5,18,35606,35607,2026-09-27T23:59:00,35607,35002,S,40.32875,-3.8636916,10,False,1,2
2026-09-28T01:50:16Z,1068D27512C4b,27512,C4b,-1424,18000,18000,2026-09-28T00:55:00,18000,17005,E,40.40654,-3.6895106,10,True,7,7
2026-09-28T01:50:16Z,1068D75530C2,75530,C2,-1437,70200,70200,2026-09-28T00:28:00,70200,17000,E,40.644257,-3.1823237,10,False,2,2
2026-09-28T01:50:16Z,1068D75035C8a,75035,C8a,19,10203,10203,2026-09-27T23:59:00,10203,17000,E,40.58532,-4.1321955,10,False,5,5
2026-09-28T01:50:16Z,1068D27815C5,27815,C5,0,18000,35609,2026-09-27T23:59:00,35607,35012,A,40.405067,-3.7026901,10,False,9,2
2026-09-28T01:50:16Z,1068D75877C7,75877,C7,4,10007,10010,2026-09-28T00:03:00,10000,70103,24.0,40.472656,-3.836884,10,True,1,1
2026-09-28T01:50:16Z,1068D27090C3,27090,C3,-1418,60200,60200,2026-09-28T00:00:00,60200,17000,E,40.035027,-3.6189713,10,True,4,4
2026-09-28T01:50:16Z,1068D75875C7,75875,C7,15,10000,10000,2026-09-27T23:59:00,10000,70103,E,40.42163,-3.7193205,10,False,7,7
2026-09-28T01:50:16Z,1068D19940C1,19940,C1,-1440,98305,98305,2026-09-29T00:05:00,98305,17000,E,40.4924,-3.593483,10,False,1,1
2026-09-28T01:50:16Z,1068D27094C3,27094,C3,-1432,60200,60200,2026-09-28T00:45:00,60200,17000,S,40.035027,-3.6189713,10,True,3,3
2026-09-28T01:50:16Z,1068D27508C4b,27508,C4b,3,18000,60100,2026-09-28T00:06:00,37012,17005,13.0,40.40084,-3.682559,10,True,7,1
2026-09-28T01:50:16Z,1068D75644C2,75644,C2,-1435,70200,70200,2026-09-28T00:58:00,70200,17000,A,40.644257,-3.1823237,10,True,2,2
2026-09-28T01:50:16Z,1068D27095C3,27095,C3,-1,60103,60102,2026-09-29T00:04:00,17000,60200,E,40.242844,-3.7038615,10,True,1,1
2026-09-28T01:50:16Z,1068D27092C3,27092,C3,-1425,60200,60200,2026-09-28T00:12:00,60200,17000,S,40.035027,-3.6189713,10,False,3,3
2026-09-28T01:50:16Z,1068D75268C10,75268,C10,5,10101,10103,2026-09-28T00:06:00,10200,17000,13.0,40.560028,-3.9011943,10,True,1,1
2026-09-28T01:50:16Z,1068D27822C5,27822,C5,0,35601,35600,2026-09-27T23:59:00,35012,35607,A,40.386257,-3.7610443,10,False,1,1
2026-09-28T01:50:16Z,1068D27093C3,27093,C3,-1435,17000,17000,2026-09-28T00:13:00,17000,60200,E,40.471382,-3.6834786,10,True,5,5
2026-09-28T01:50:16Z,1068D27643C8b,27643,C8b,-1437,12006,12006,2026-09-28T00:26:00,12006,17000,A,40.737614,-4.0662985,10,False,2,2
2026-09-28T01:50:16Z,1068D27820C5,27820,C5,0,37001,35009,2026-09-28T00:01:00,35012,35607,A,40.34086,-3.7482634,10,False,6,2
2026-09-28T01:50:16Z,1068D27317C4,27317,C4,-1441,17000,17000,2026-09-29T00:34:00,17000,37012,A,40.471325,-3.6833096,10,True,3,3
2026-09-28T01:50:16Z,1068D75172C10,75172,C10,1,18004,18003,2026-09-28T00:01:00,17000,10200,A,40.395943,-3.677964,10,True,1,1
2026-09-28T01:50:16Z,1068D27510C4b,27510,C4b,3,17001,17000,2026-09-28T00:05:00,18000,17005,S,40.501648,-3.6821797,10,True,2,2
2026-09-28T01:54:33Z,3068D23578C1,23578,C1,2,50602,50700,2026-09-28T00:06:54,51003,50600,E,37.58157,-5.6699624,30,False,2,2
2026-09-28T01:54:33Z,3068D23743C5,23743,C5,-1442,51003,51003,2026-09-28T00:38:59,51003,43005,A,37.392567,-5.9749837,30,False,9,9
2026-09-28T01:54:33Z,3068D23841C5,23841,C5,-1,43004,43005,2026-09-28T00:03:07,43005,51113,E,37.381527,-6.193782,30,False,,3
2026-09-28T01:54:33Z,3068D23581C1,23581,C1,0,51103,51111,2026-09-28T00:03:16,51003,51200,34.0,37.294693,-5.9445186,30,False,,1
2026-09-28T01:54:33Z,3268D23176C2,23176,C2,54,54408,54410,2026-09-28T00:03:00,54517,54405,39.0,36.723545,-4.5838585,32,False,,
2026-09-28T01:54:33Z,3268D23402C1,23402,C1,-1438,54517,54517,2026-09-28T00:38:19,54517,54516,A,36.715366,-4.4266005,32,False,1,1
2026-09-28T01:54:33Z,3268D23400C1,23400,C1,3,54503,54501,2026-09-28T00:02:10,54517,54516,26.0,36.695095,-4.4762516,32,False,2,2
2026-09-28T01:54:33Z,5168D25472R2N,25472,R2N,-2,71801,71802,2026-09-28T00:02:47,79100,72400,E,41.37954,2.1411655,50,True,,
2026-09-28T01:54:33Z,5168D77468R4,77468,R4,-1432,78700,78700,2026-09-28T00:27:51,78700,71600,A,41.56993,2.0143688,50,False,,
2026-09-28T01:54:33Z,5168D35564R4,35564,R4,-1431,72209,72209,2026-09-28T00:00:49,72209,78600,A,41.47872,1.9255537,50,False,,
2026-09-28T01:54:33Z,5168D15023R15,15023,R15,52,71502,71500,2026-09-28T00:03:56,71400,79400,60.0,41.129208,1.2999328,50,False,,
2026-09-28T01:54:33Z,5168D25795R1,25795,R1,-1,79403,79404,2026-09-28T00:02:38,79500,72305,E,41.445705,2.2490852,50,False,,1
2026-09-28T01:54:33Z,5168D28393R2S,28393,R2S,-2,71802,71801,2026-09-28T00:01:35,71700,79400,A,41.379513,2.1412146,50,False,,
2026-09-28T01:54:33Z,5168D77464R4,77464,R4,11,78604,78600,2026-09-28T00:05:15,78600,71600,41.0,41.686344,1.8386431,50,False,,
2026-09-28T01:54:33Z,5168D25470R2N,25470,R2N,3,79006,79007,2026-09-28T00:03:54,79104,72400,E,41.533474,2.2177799,50,True,1,
2026-09-28T01:54:33Z,5168D25567R2S,25567,R2S,2,71604,71603,2026-09-28T00:01:57,71600,79400,E,41.20413,1.6760199,50,False,,
2026-09-28T01:54:33Z,5168D28490R2,28490,R2,0,71705,71704,2026-09-28T00:02:22,71700,79104,20.0,41.278507,1.9790424,50,True,,
2026-09-28T01:54:33Z,6068D26577C3,26577,C3,4,13119,13120,2026-09-28T00:00:52,13200,13100,E,43.240112,-2.924082,60,False,,1
2026-09-28T01:54:33Z,6068D35689C3,35689,C3,2,13121,13102,2026-09-28T00:02:16,13200,13100,E,43.05786,-2.996093,60,True,1,1
2026-09-28T01:54:33Z,6068D26576C3,26576,C3,6,13115,13109,2026-09-28T00:01:18,13100,13200,E,43.176933,-2.909058,60,True,2,2
2026-09-28T01:54:33Z,6168D35654C1,35654,C1,4,11409,11408,2026-09-28T00:00:03,11400,11508,95.0,43.094822,-2.1242988,61,False,,2
2026-09-28T01:54:33Z,6268D71185C2,71185,C2,1,05605,05604,2026-09-28T00:02:19,14223,05637,41.0,43.44704,-3.8820617,62,False,,2
2026-09-28T01:54:33Z,2068D22237C2,22237,C2,49,16011,16010,2026-09-28T00:01:00,15211,16011,E,43.28714,-5.6448464,20,False,1,1
2026-09-28T01:54:33Z,2068D22372C3,22372,C3,3,16403,16401,2026-09-28T00:03:00,15211,16403,E,43.56141,-5.922727,20,False,1,2
2026-09-28T01:54:33Z,2068D22373C3,22373,C3,7,16403,16403,2026-09-27T23:59:00,16403,15211,A,43.56141,-5.922727,20,False,1,1
2026-09-28T01:54:33Z,2068D70237C4,70237,C4,-1432,15410,15410,2026-09-28T00:03:00,15410,16403,A,43.537647,-5.67596,20,False,12,12
2026-09-28T01:54:33Z,2068D22358C3,22358,C3,-1441,15218,15218,2026-09-29T00:00:00,15218,16405,A,43.3588,-5.8573804,20,False,2,2
2026-09-28T01:54:33Z,2068D22132C1,22132,C1,0,15217,15211,2026-09-28T00:03:00,15218,17000,S,43.38812,-5.8272715,20,False,2,2
2026-09-28T01:54:33Z,4168D84931C2,84931,C2,87,61200,06002,2026-09-28T00:34:00,06006,61200,E,37.97462,-1.1315287,41,False,1,2
2026-09-28T01:54:33Z,4168D24722C1,24722,C1,13,62109,60911,2026-09-28T00:10:00,60911,61200,A,38.34553,-0.49576503,41,False,1,1
2026-09-28T01:54:33Z,4168D24723C1,24723,C1,-1425,61200,61200,2026-09-28T00:14:00,61200,60911,E,37.974686,-1.131078,41,False,1,1
2026-09-28T01:54:33Z,1068D27506C4b,27506,C4b,6,37002,37011,2026-09-28T00:02:00,37012,17005,A,40.288372,-3.7373493,10,True,2,2
2026-09-28T01:54:33Z,1068D75037C8a,75037,C8a,6,97100,10100,2026-09-28T00:10:00,10203,17000,E,40.49547,-3.7261994,10,False,1,3
2026-09-28T01:54:33Z,1068D19945C1,19945,C1,0,98305,98304,2026-09-29T00:12:00,18000,98305,E,40.4924,-3.593483,10,False,2,1
2026-09-28T01:54:33Z,1068D27316C4a,27316,C4a,-1440,18000,18000,2026-09-29T00:06:00,18000,19003,E,40.40654,-3.6895106,10,True,7,7
2026-09-28T01:54:33Z,1068D75872C7,75872,C7,3,18002,18002,2026-09-27T23:59:00,18002,10000,E,40.44655,-3.691473,10,False,4,4
2026-09-28T01:54:33Z,1068D27818C5,27818,C5,0,35009,35001,2026-09-27T23:49:00,35012,35607,S,40.34086,-3.7482634,10,False,2,2
2026-09-28T01:54:33Z,1068D27817C5,27817,C5,-1440,35607,35607,2026-09-28T00:41:00,35607,35012,A,40.330883,-3.8823783,10,False,2,2
2026-09-28T01:54:33Z,1068D27995C5,27995,C5,18,35606,35607,2026-09-27T23:59:00,35607,35002,S,40.32875,-3.8636916,10,False,1,2
2026-09-28T01:54:33Z,1068D27512C4b,27512,C4b,-1424,18000,18000,2026-09-28T00:55:00,18000,17005,E,40.40654,-3.6895106,10,True,7,7
2026-09-28T01:54:33Z,1068D75530C2,75530,C2,-1437,70200,70200,2026-09-28T00:28:00,70200,17000,E,40.644257,-3.1823237,10,False,2,2
2026-09-28T01:54:33Z,1068D75035C8a,75035,C8a,19,10203,10203,2026-09-27T23:59:00,10203,17000,E,40.58532,-4.1321955,10,False,5,5
2026-09-28T01:54:33Z,1068D27815C5,27815,C5,0,18000,35609,2026-09-27T23:59:00,35607,35012,A,40.405067,-3.7026901,10,False,9,2
2026-09-28T01:54:33Z,1068D75877C7,75877,C7,4,10007,10010,2026-09-28T00:03:00,10000,70103,24.0,40.472656,-3.836884,10,True,1,1
2026-09-28T01:54:33Z,1068D27090C3,27090,C3,-1418,60200,60200,2026-09-28T00:00:00,60200,17000,E,40.035027,-3.6189713,10,True,4,4
2026-09-28T01:54:33Z,1068D75875C7,75875,C7,15,10000,10000,2026-09-27T23:59:00,10000,70103,E,40.42163,-3.7193205,10,False,7,7
2026-09-28T01:54:33Z,1068D19940C1,19940,C1,-1440,98305,98305,2026-09-29T00:05:00,98305,17000,E,40.4924,-3.593483,10,False,1,1
2026-09-28T01:54:33Z,1068D27094C3,27094,C3,-1432,60200,60200,2026-09-28T00:45:00,60200,17000,S,40.035027,-3.6189713,10,True,3,3
2026-09-28T01:54:33Z,1068D27508C4b,27508,C4b,3,18000,60100,2026-09-28T00:06:00,37012,17005,13.0,40.40084,-3.682559,10,True,7,1
2026-09-28T01:54:33Z,1068D75644C2,75644,C2,-1435,70200,70200,2026-09-28T00:58:00,70200,17000,A,40.644257,-3.1823237,10,True,2,2
2026-09-28T01:54:33Z,1068D27095C3,27095,C3,-1,60103,60102,2026-09-29T00:04:00,17000,60200,E,40.242844,-3.7038615,10,True,1,1
2026-09-28T01:54:33Z,1068D27092C3,27092,C3,-1425,60200,60200,2026-09-28T00:12:00,60200,17000,S,40.035027,-3.6189713,10,False,3,3
2026-09-28T01:54:33Z,1068D75268C10,75268,C10,5,10101,10103,2026-09-28T00:06:00,10200,17000,13.0,40.560028,-3.9011943,10,True,1,1
2026-09-28T01:54:33Z,1068D27822C5,27822,C5,0,35601,35600,2026-09-27T23:59:00,35012,35607,A,40.386257,-3.7610443,10,False,1,1
2026-09-28T01:54:33Z,1068D27093C3,27093,C3,-1435,17000,17000,2026-09-28T00:13:00,17000,60200,E,40.471382,-3.6834786,10,True,5,5
2026-09-28T01:54:33Z,1068D27643C8b,27643,C8b,-1437,12006,12006,2026-09-28T00:26:00,12006,17000,A,40.737614,-4.0662985,10,False,2,2
2026-09-28T01:54:33Z,1068D27820C5,27820,C5,0,37001,35009,2026-09-28T00:01:00,35012,35607,A,40.34086,-3.7482634,10,False,6,2
2026-09-28T01:54:33Z,1068D27317C4,27317,C4,-1441,17000,17000,2026-09-29T00:34:00,17000,37012,A,40.471325,-3.6833096,10,True,3,3
2026-09-28T01:54:33Z,1068D75172C10,75172,C10,1,18004,18003,2026-09-28T00:01:00,17000,10200,A,40.395943,-3.677964,10,True,1,1
2026-09-28T01:54:33Z,1068D27510C4b,27510,C4b,3,17001,17000,2026-09-28T00:05:00,18000,17005,S,40.501648,-3.6821797,10,True,2,2
2026-09-28T01:59:31Z,3068D23578C1,23578,C1,2,50602,50700,2026-09-28T00:06:54,51003,50600,E,37.58157,-5.6699624,30,False,2,2
2026-09-28T01:59:31Z,3068D23743C5,23743,C5,-1442,51003,51003,2026-09-28T00:38:59,51003,43005,A,37.392567,-5.9749837,30,False,9,9
2026-09-28T01:59:31Z,3068D23841C5,23841,C5,-1,43004,43005,2026-09-28T00:03:07,43005,51113,E,37.381527,-6.193782,30,False,,3
2026-09-28T01:59:31Z,3068D23581C1,23581,C1,0,51103,51111,2026-09-28T00:03:16,51003,51200,34.0,37.294693,-5.9445186,30,False,,1
2026-09-28T01:59:31Z,3268D23176C2,23176,C2,54,54408,54410,2026-09-28T00:03:00,54517,54405,39.0,36.723545,-4.5838585,32,False,,
2026-09-28T01:59:31Z,3268D23402C1,23402,C1,-1438,54517,54517,2026-09-28T00:38:19,54517,54516,A,36.715366,-4.4266005,32,False,1,1
2026-09-28T01:59:31Z,3268D23400C1,23400,C1,3,54503,54501,2026-09-28T00:02:10,54517,54516,26.0,36.695095,-4.4762516,32,False,2,2
2026-09-28T01:59:31Z,5168D25472R2N,25472,R2N,-2,71801,71802,2026-09-28T00:02:47,79100,72400,E,41.37954,2.1411655,50,True,,
2026-09-28T01:59:31Z,5168D77468R4,77468,R4,-1432,78700,78700,2026-09-28T00:27:51,78700,71600,A,41.56993,2.0143688,50,False,,
2026-09-28T01:59:31Z,5168D35564R4,35564,R4,-1431,72209,72209,2026-09-28T00:00:49,72209,78600,A,41.47872,1.9255537,50,False,,
2026-09-28T01:59:31Z,5168D15023R15,15023,R15,52,71502,71500,2026-09-28T00:03:56,71400,79400,60.0,41.129208,1.2999328,50,False,,
2026-09-28T01:59:31Z,5168D25795R1,25795,R1,-1,79403,79404,2026-09-28T00:02:38,79500,72305,E,41.445705,2.2490852,50,False,,1
2026-09-28T01:59:31Z,5168D28393R2S,28393,R2S,-2,71802,71801,2026-09-28T00:01:35,71700,79400,A,41.379513,2.1412146,50,False,,
2026-09-28T01:59:31Z,5168D77464R4,77464,R4,11,78604,78600,2026-09-28T00:05:15,78600,71600,41.0,41.686344,1.8386431,50,False,,
2026-09-28T01:59:31Z,5168D25470R2N,25470,R2N,3,79006,79007,2026-09-28T00:03:54,79104,72400,E,41.533474,2.2177799,50,True,1,
2026-09-28T01:59:31Z,5168D25567R2S,25567,R2S,2,71604,71603,2026-09-28T00:01:57,71600,79400,E,41.20413,1.6760199,50,False,,
2026-09-28T01:59:31Z,5168D28490R2,28490,R2,0,71705,71704,2026-09-28T00:02:22,71700,79104,20.0,41.278507,1.9790424,50,True,,
2026-09-28T01:59:31Z,6068D26577C3,26577,C3,4,13119,13120,2026-09-28T00:00:52,13200,13100,E,43.240112,-2.924082,60,False,,1
2026-09-28T01:59:31Z,6068D35689C3,35689,C3,2,13121,13102,2026-09-28T00:02:16,13200,13100,E,43.05786,-2.996093,60,True,1,1
2026-09-28T01:59:31Z,6068D26576C3,26576,C3,6,13115,13109,2026-09-28T00:01:18,13100,13200,E,43.176933,-2.909058,60,True,2,2
2026-09-28T01:59:31Z,6168D35654C1,35654,C1,4,11409,11408,2026-09-28T00:00:03,11400,11508,95.0,43.094822,-2.1242988,61,False,,2
2026-09-28T01:59:31Z,6268D71185C2,71185,C2,1,05605,05604,2026-09-28T00:02:19,14223,05637,41.0,43.44704,-3.8820617,62,False,,2
2026-09-28T01:59:31Z,2068D22237C2,22237,C2,49,16011,16010,2026-09-28T00:01:00,15211,16011,E,43.28714,-5.6448464,20,False,1,1
2026-09-28T01:59:31Z,2068D22372C3,22372,C3,3,16403,16401,2026-09-28T00:03:00,15211,16403,E,43.56141,-5.922727,20,False,1,2
2026-09-28T01:59:31Z,2068D22373C3,22373,C3,7,16403,16403,2026-09-27T23:59:00,16403,15211,A,43.56141,-5.922727,20,False,1,1
2026-09-28T01:59:31Z,2068D70237C4,70237,C4,-1432,15410,15410,2026-09-28T00:03:00,15410,16403,A,43.537647,-5.67596,20,False,12,12
2026-09-28T01:59:31Z,2068D22358C3,22358,C3,-1441,15218,15218,2026-09-29T00:00:00,15218,16405,A,43.3588,-5.8573804,20,False,2,2
2026-09-28T01:59:31Z,2068D22132C1,22132,C1,0,15217,15211,2026-09-28T00:03:00,15218,17000,S,43.38812,-5.8272715,20,False,2,2
2026-09-28T01:59:31Z,4168D84931C2,84931,C2,87,61200,06002,2026-09-28T00:34:00,06006,61200,E,37.97462,-1.1315287,41,False,1,2
2026-09-28T01:59:31Z,4168D24722C1,24722,C1,13,62109,60911,2026-09-28T00:10:00,60911,61200,A,38.34553,-0.49576503,41,False,1,1
2026-09-28T01:59:31Z,4168D24723C1,24723,C1,-1425,61200,61200,2026-09-28T00:14:00,61200,60911,E,37.974686,-1.131078,41,False,1,1
2026-09-28T01:59:31Z,1068D27506C4b,27506,C4b,6,37002,37011,2026-09-28T00:02:00,37012,17005,A,40.288372,-3.7373493,10,True,2,2
2026-09-28T01:59:31Z,1068D75037C8a,75037,C8a,6,97100,10100,2026-09-28T00:10:00,10203,17000,E,40.49547,-3.7261994,10,False,1,3
2026-09-28T01:59:31Z,1068D19945C1,19945,C1,0,98305,98304,2026-09-29T00:12:00,18000,98305,E,40.4924,-3.593483,10,False,2,1
2026-09-28T01:59:31Z,1068D27316C4a,27316,C4a,-1440,18000,18000,2026-09-29T00:06:00,18000,19003,E,40.40654,-3.6895106,10,True,7,7
2026-09-28T01:59:31Z,1068D75872C7,75872,C7,3,18002,18002,2026-09-27T23:59:00,18002,10000,E,40.44655,-3.691473,10,False,4,4
2026-09-28T01:59:31Z,1068D27818C5,27818,C5,0,35009,35001,2026-09-27T23:49:00,35012,35607,S,40.34086,-3.7482634,10,False,2,2
2026-09-28T01:59:31Z,1068D27817C5,27817,C5,-1440,35607,35607,2026-09-28T00:41:00,35607,35012,A,40.330883,-3.8823783,10,False,2,2
2026-09-28T01:59:31Z,1068D27995C5,27995,C5,18,35606,35607,2026-09-27T23:59:00,35607,35002,S,40.32875,-3.8636916,10,False,1,2
2026-09-28T01:59:31Z,1068D27512C4b,27512,C4b,-1424,18000,18000,2026-09-28T00:55:00,18000,17005,E,40.40654,-3.6895106,10,True,7,7
2026-09-28T01:59:31Z,1068D75530C2,75530,C2,-1437,70200,70200,2026-09-28T00:28:00,70200,17000,E,40.644257,-3.1823237,10,False,2,2
2026-09-28T01:59:31Z,1068D75035C8a,75035,C8a,19,10203,10203,2026-09-27T23:59:00,10203,17000,E,40.58532,-4.1321955,10,False,5,5
2026-09-28T01:59:31Z,1068D27815C5,27815,C5,0,18000,35609,2026-09-27T23:59:00,35607,35012,A,40.405067,-3.7026901,10,False,9,2
2026-09-28T01:59:31Z,1068D75877C7,75877,C7,4,10007,10010,2026-09-28T00:03:00,10000,70103,24.0,40.472656,-3.836884,10,True,1,1
2026-09-28T01:59:31Z,1068D27090C3,27090,C3,-1418,60200,60200,2026-09-28T00:00:00,60200,17000,E,40.035027,-3.6189713,10,True,4,4
2026-09-28T01:59:31Z,1068D75875C7,75875,C7,15,10000,10000,2026-09-27T23:59:00,10000,70103,E,40.42163,-3.7193205,10,False,7,7
2026-09-28T01:59:31Z,1068D19940C1,19940,C1,-1440,98305,98305,2026-09-29T00:05:00,98305,17000,E,40.4924,-3.593483,10,False,1,1
2026-09-28T01:59:31Z,1068D27094C3,27094,C3,-1432,60200,60200,2026-09-28T00:45:00,60200,17000,S,40.035027,-3.6189713,10,True,3,3
2026-09-28T01:59:31Z,1068D27508C4b,27508,C4b,3,18000,60100,2026-09-28T00:06:00,37012,17005,13.0,40.40084,-3.682559,10,True,7,1
2026-09-28T01:59:31Z,1068D75644C2,75644,C2,-1435,70200,70200,2026-09-28T00:58:00,70200,17000,A,40.644257,-3.1823237,10,True,2,2
2026-09-28T01:59:31Z,1068D27095C3,27095,C3,-1,60103,60102,2026-09-29T00:04:00,17000,60200,E,40.242844,-3.7038615,10,True,1,1
2026-09-28T01:59:31Z,1068D27092C3,27092,C3,-1425,60200,60200,2026-09-28T00:12:00,60200,17000,S,40.035027,-3.6189713,10,False,3,3
2026-09-28T01:59:31Z,1068D75268C10,75268,C10,5,10101,10103,2026-09-28T00:06:00,10200,17000,13.0,40.560028,-3.9011943,10,True,1,1
2026-09-28T01:59:31Z,1068D27822C5,27822,C5,0,35601,35600,2026-09-27T23:59:00,35012,35607,A,40.386257,-3.7610443,10,False,1,1
2026-09-28T01:59:31Z,1068D27093C3,27093,C3,-1435,17000,17000,2026-09-28T00:13:00,17000,60200,E,40.471382,-3.6834786,10,True,5,5
2026-09-28T01:59:31Z,1068D27643C8b,27643,C8b,-1437,12006,12006,2026-09-28T00:26:00,12006,17000,A,40.737614,-4.0662985,10,False,2,2
2026-09-28T01:59:31Z,1068D27820C5,27820,C5,0,37001,35009,2026-09-28T00:01:00,35012,35607,A,40.34086,-3.7482634,10,False,6,2
2026-09-28T01:59:31Z,1068D27317C4,27317,C4,-1441,17000,17000,2026-09-29T00:34:00,17000,37012,A,40.471325,-3.6833096,10,True,3,3
2026-09-28T01:59:31Z,1068D75172C10,75172,C10,1,18004,18003,2026-09-28T00:01:00,17000,10200,A,40.395943,-3.677964,10,True,1,1
2026-09-28T01:59:31Z,1068D27510C4b,27510,C4b,3,17001,17000,2026-09-28T00:05:00,18000,17005,S,40.501648,-3.6821797,10,True,2,2
2026-09-28T02:05:39Z,3068D23578C1,23578,C1,2,50602,50700,2026-09-28T00:06:54,51003,50600,E,37.58157,-5.6699624,30,False,2,2
2026-09-28T02:05:39Z,3068D23743C5,23743,C5,-1442,51003,51003,2026-09-28T00:38:59,51003,43005,A,37.392567,-5.9749837,30,False,9,9
2026-09-28T02:05:39Z,3068D23841C5,23841,C5,-1,43004,43005,2026-09-28T00:03:07,43005,51113,E,37.381527,-6.193782,30,False,,3
2026-09-28T02:05:39Z,3068D23581C1,23581,C1,0,51103,51111,2026-09-28T00:03:16,51003,51200,34.0,37.294693,-5.9445186,30,False,,1
2026-09-28T02:05:39Z,3268D23176C2,23176,C2,54,54408,54410,2026-09-28T00:03:00,54517,54405,39.0,36.723545,-4.5838585,32,False,,
2026-09-28T02:05:39Z,3268D23402C1,23402,C1,-1438,54517,54517,2026-09-28T00:38:19,54517,54516,A,36.715366,-4.4266005,32,False,1,1
2026-09-28T02:05:39Z,3268D23400C1,23400,C1,3,54503,54501,2026-09-28T00:02:10,54517,54516,26.0,36.695095,-4.4762516,32,False,2,2
2026-09-28T02:05:39Z,5168D25472R2N,25472,R2N,-2,71801,71802,2026-09-28T00:02:47,79100,72400,E,41.37954,2.1411655,50,True,,
2026-09-28T02:05:39Z,5168D77468R4,77468,R4,-1432,78700,78700,2026-09-28T00:27:51,78700,71600,A,41.56993,2.0143688,50,False,,
2026-09-28T02:05:39Z,5168D35564R4,35564,R4,-1431,72209,72209,2026-09-28T00:00:49,72209,78600,A,41.47872,1.9255537,50,False,,
2026-09-28T02:05:39Z,5168D15023R15,15023,R15,52,71502,71500,2026-09-28T00:03:56,71400,79400,60.0,41.129208,1.2999328,50,False,,
2026-09-28T02:05:39Z,5168D25795R1,25795,R1,-1,79403,79404,2026-09-28T00:02:38,79500,72305,E,41.445705,2.2490852,50,False,,1
2026-09-28T02:05:39Z,5168D28393R2S,28393,R2S,-2,71802,71801,2026-09-28T00:01:35,71700,79400,A,41.379513,2.1412146,50,False,,
2026-09-28T02:05:39Z,5168D77464R4,77464,R4,11,78604,78600,2026-09-28T00:05:15,78600,71600,41.0,41.686344,1.8386431,50,False,,
2026-09-28T02:05:39Z,5168D25470R2N,25470,R2N,3,79006,79007,2026-09-28T00:03:54,79104,72400,E,41.533474,2.2177799,50,True,1,
2026-09-28T02:05:39Z,5168D25567R2S,25567,R2S,2,71604,71603,2026-09-28T00:01:57,71600,79400,E,41.20413,1.6760199,50,False,,
2026-09-28T02:05:39Z,5168D28490R2,28490,R2,0,71705,71704,2026-09-28T00:02:22,71700,79104,20.0,41.278507,1.9790424,50,True,,
2026-09-28T02:05:39Z,6068D26577C3,26577,C3,4,13119,13120,2026-09-28T00:00:52,13200,13100,E,43.240112,-2.924082,60,False,,1
2026-09-28T02:05:39Z,6068D35689C3,35689,C3,2,13121,13102,2026-09-28T00:02:16,13200,13100,E,43.05786,-2.996093,60,True,1,1
2026-09-28T02:05:39Z,6068D26576C3,26576,C3,6,13115,13109,2026-09-28T00:01:18,13100,13200,E,43.176933,-2.909058,60,True,2,2
2026-09-28T02:05:39Z,6168D35654C1,35654,C1,4,11409,11408,2026-09-28T00:00:03,11400,11508,95.0,43.094822,-2.1242988,61,False,,2
2026-09-28T02:05:39Z,6268D71185C2,71185,C2,1,05605,05604,2026-09-28T00:02:19,14223,05637,41.0,43.44704,-3.8820617,62,False,,2
2026-09-28T02:05:39Z,2068D22237C2,22237,C2,49,16011,16010,2026-09-28T00:01:00,15211,16011,E,43.28714,-5.6448464,20,False,1,1
2026-09-28T02:05:39Z,2068D22372C3,22372,C3,3,16403,16401,2026-09-28T00:03:00,15211,16403,E,43.56141,-5.922727,20,False,1,2
2026-09-28T02:05:39Z,2068D22373C3,22373,C3,7,16403,16403,2026-09-27T23:59:00,16403,15211,A,43.56141,-5.922727,20,False,1,1
2026-09-28T02:05:39Z,2068D70237C4,70237,C4,-1432,15410,15410,2026-09-28T00:03:00,15410,16403,A,43.537647,-5.67596,20,False,12,12
2026-09-28T02:05:39Z,2068D22358C3,22358,C3,-1441,15218,15218,2026-09-29T00:00:00,15218,16405,A,43.3588,-5.8573804,20,False,2,2
2026-09-28T02:05:39Z,2068D22132C1,22132,C1,0,15217,15211,2026-09-28T00:03:00,15218,17000,S,43.38812,-5.8272715,20,False,2,2
2026-09-28T02:05:39Z,4168D84931C2,84931,C2,87,61200,06002,2026-09-28T00:34:00,06006,61200,E,37.97462,-1.1315287,41,False,1,2
2026-09-28T02:05:39Z,4168D24722C1,24722,C1,13,62109,60911,2026-09-28T00:10:00,60911,61200,A,38.34553,-0.49576503,41,False,1,1
2026-09-28T02:05:39Z,4168D24723C1,24723,C1,-1425,61200,61200,2026-09-28T00:14:00,61200,60911,E,37.974686,-1.131078,41,False,1,1
2026-09-28T02:05:39Z,1068D27506C4b,27506,C4b,6,37002,37011,2026-09-28T00:02:00,37012,17005,A,40.288372,-3.7373493,10,True,2,2
2026-09-28T02:05:39Z,1068D75037C8a,75037,C8a,6,97100,10100,2026-09-28T00:10:00,10203,17000,E,40.49547,-3.7261994,10,False,1,3
2026-09-28T02:05:39Z,1068D19945C1,19945,C1,0,98305,98304,2026-09-29T00:12:00,18000,98305,E,40.4924,-3.593483,10,False,2,1
2026-09-28T02:05:39Z,1068D27316C4a,27316,C4a,-1440,18000,18000,2026-09-29T00:06:00,18000,19003,E,40.40654,-3.6895106,10,True,7,7
2026-09-28T02:05:39Z,1068D75872C7,75872,C7,3,18002,18002,2026-09-27T23:59:00,18002,10000,E,40.44655,-3.691473,10,False,4,4
2026-09-28T02:05:39Z,1068D27818C5,27818,C5,0,35009,35001,2026-09-27T23:49:00,35012,35607,S,40.34086,-3.7482634,10,False,2,2
2026-09-28T02:05:39Z,1068D27817C5,27817,C5,-1440,35607,35607,2026-09-28T00:41:00,35607,35012,A,40.330883,-3.8823783,10,False,2,2
2026-09-28T02:05:39Z,1068D27995C5,27995,C5,18,35606,35607,2026-09-27T23:59:00,35607,35002,S,40.32875,-3.8636916,10,False,1,2
2026-09-28T02:05:39Z,1068D27512C4b,27512,C4b,-1424,18000,18000,2026-09-28T00:55:00,18000,17005,E,40.40654,-3.6895106,10,True,7,7
2026-09-28T02:05:39Z,1068D75530C2,75530,C2,-1437,70200,70200,2026-09-28T00:28:00,70200,17000,E,40.644257,-3.1823237,10,False,2,2
2026-09-28T02:05:39Z,1068D75035C8a,75035,C8a,19,10203,10203,2026-09-27T23:59:00,10203,17000,E,40.58532,-4.1321955,10,False,5,5
2026-09-28T02:05:39Z,1068D27815C5,27815,C5,0,18000,35609,2026-09-27T23:59:00,35607,35012,A,40.405067,-3.7026901,10,False,9,2
2026-09-28T02:05:39Z,1068D75877C7,75877,C7,4,10007,10010,2026-09-28T00:03:00,10000,70103,24.0,40.472656,-3.836884,10,True,1,1
2026-09-28T02:05:39Z,1068D27090C3,27090,C3,-1418,60200,60200,2026-09-28T00:00:00,60200,17000,E,40.035027,-3.6189713,10,True,4,4
2026-09-28T02:05:39Z,1068D75875C7,75875,C7,15,10000,10000,2026-09-27T23:59:00,10000,70103,E,40.42163,-3.7193205,10,False,7,7
2026-09-28T02:05:39Z,1068D19940C1,19940,C1,-1440,98305,98305,2026-09-29T00:05:00,98305,17000,E,40.4924,-3.593483,10,False,1,1
2026-09-28T02:05:39Z,1068D27094C3,27094,C3,-1432,60200,60200,2026-09-28T00:45:00,60200,17000,S,40.035027,-3.6189713,10,True,3,3
2026-09-28T02:05:39Z,1068D27508C4b,27508,C4b,3,18000,60100,2026-09-28T00:06:00,37012,17005,13.0,40.40084,-3.682559,10,True,7,1
2026-09-28T02:05:39Z,1068D75644C2,75644,C2,-1435,70200,70200,2026-09-28T00:58:00,70200,17000,A,40.644257,-3.1823237,10,True,2,2
2026-09-28T02:05:39Z,1068D27095C3,27095,C3,-1,60103,60102,2026-09-29T00:04:00,17000,60200,E,40.242844,-3.7038615,10,True,1,1
2026-09-28T02:05:39Z,1068D27092C3,27092,C3,-1425,60200,60200,2026-09-28T00:12:00,60200,17000,S,40.035027,-3.6189713,10,False,3,3
2026-09-28T02:05:39Z,1068D75268C10,75268,C10,5,10101,10103,2026-09-28T00:06:00,10200,17000,13.0,40.560028,-3.9011943,10,True,1,1
2026-09-28T02:05:39Z,1068D27822C5,27822,C5,0,35601,35600,2026-09-27T23:59:00,35012,35607,A,40.386257,-3.7610443,10,False,1,1
2026-09-28T02:05:39Z,1068D27093C3,27093,C3,-1435,17000,17000,2026-09-28T00:13:00,17000,60200,E,40.471382,-3.6834786,10,True,5,5
2026-09-28T02:05:39Z,1068D27643C8b,27643,C8b,-1437,12006,12006,2026-09-28T00:26:00,12006,17000,A,40.737614,-4.0662985,10,False,2,2
2026-09-28T02:05:39Z,1068D27820C5,27820,C5,0,37001,35009,2026-09-28T00:01:00,35012,35607,A,40.34086,-3.7482634,10,False,6,2
2026-09-28T02:05:39Z,1068D27317C4,27317,C4,-1441,17000,17000,2026-09-29T00:34:00,17000,37012,A,40.471325,-3.6833096,10,True,3,3
2026-09-28T02:05:39Z,1068D75172C10,75172,C10,1,18004,18003,2026-09-28T00:01:00,17000,10200,A,40.395943,-3.677964,10,True,1,1
2026-09-28T02:05:39Z,1068D27510C4b,27510,C4b,3,17001,17000,2026-09-28T00:05:00,18000,17005,S,40.501648,-3.6821797,10,True,2,2
2026-09-28T02:14:45Z,3068D23578C1,23578,C1,2,50602,50700,2026-09-28T00:06:54,51003,50600,E,37.58157,-5.6699624,30,False,2,2
2026-09-28T02:14:45Z,3068D23743C5,23743,C5,-1442,51003,51003,2026-09-28T00:38:59,51003,43005,A,37.392567,-5.9749837,30,False,9,9
2026-09-28T02:14:45Z,3068D23841C5,23841,C5,-1,43004,43005,2026-09-28T00:03:07,43005,51113,E,37.381527,-6.193782,30,False,,3
2026-09-28T02:14:45Z,3068D23581C1,23581,C1,0,51103,51111,2026-09-28T00:03:16,51003,51200,34.0,37.294693,-5.9445186,30,False,,1
2026-09-28T02:14:45Z,3268D23176C2,23176,C2,54,54408,54410,2026-09-28T00:03:00,54517,54405,39.0,36.723545,-4.5838585,32,False,,
2026-09-28T02:14:45Z,3268D23402C1,23402,C1,-1438,54517,54517,2026-09-28T00:38:19,54517,54516,A,36.715366,-4.4266005,32,False,1,1
2026-09-28T02:14:45Z,3268D23400C1,23400,C1,3,54503,54501,2026-09-28T00:02:10,54517,54516,26.0,36.695095,-4.4762516,32,False,2,2
2026-09-28T02:14:45Z,5168D25472R2N,25472,R2N,-2,71801,71802,2026-09-28T00:02:47,79100,72400,E,41.37954,2.1411655,50,True,,
2026-09-28T02:14:45Z,5168D77468R4,77468,R4,-1432,78700,78700,2026-09-28T00:27:51,78700,71600,A,41.56993,2.0143688,50,False,,
2026-09-28T02:14:45Z,5168D35564R4,35564,R4,-1431,72209,72209,2026-09-28T00:00:49,72209,78600,A,41.47872,1.9255537,50,False,,
2026-09-28T02:14:45Z,5168D15023R15,15023,R15,52,71502,71500,2026-09-28T00:03:56,71400,79400,60.0,41.129208,1.2999328,50,False,,
2026-09-28T02:14:45Z,5168D25795R1,25795,R1,-1,79403,79404,2026-09-28T00:02:38,79500,72305,E,41.445705,2.2490852,50,False,,1
2026-09-28T02:14:45Z,5168D28393R2S,28393,R2S,-2,71802,71801,2026-09-28T00:01:35,71700,79400,A,41.379513,2.1412146,50,False,,
2026-09-28T02:14:45Z,5168D77464R4,77464,R4,11,78604,78600,2026-09-28T00:05:15,78600,71600,41.0,41.686344,1.8386431,50,False,,
2026-09-28T02:14:45Z,5168D25470R2N,25470,R2N,3,79006,79007,2026-09-28T00:03:54,79104,72400,E,41.533474,2.2177799,50,True,1,
2026-09-28T02:14:45Z,5168D25567R2S,25567,R2S,2,71604,71603,2026-09-28T00:01:57,71600,79400,E,41.20413,1.6760199,50,False,,
2026-09-28T02:14:45Z,5168D28490R2,28490,R2,0,71705,71704,2026-09-28T00:02:22,71700,79104,20.0,41.278507,1.9790424,50,True,,
2026-09-28T02:14:45Z,6068D26577C3,26577,C3,4,13119,13120,2026-09-28T00:00:52,13200,13100,E,43.240112,-2.924082,60,False,,1
2026-09-28T02:14:45Z,6068D35689C3,35689,C3,2,13121,13102,2026-09-28T00:02:16,13200,13100,E,43.05786,-2.996093,60,True,1,1
2026-09-28T02:14:45Z,6068D26576C3,26576,C3,6,13115,13109,2026-09-28T00:01:18,13100,13200,E,43.176933,-2.909058,60,True,2,2
2026-09-28T02:14:45Z,6168D35654C1,35654,C1,4,11409,11408,2026-09-28T00:00:03,11400,11508,95.0,43.094822,-2.1242988,61,False,,2
2026-09-28T02:14:45Z,6268D71185C2,71185,C2,1,05605,05604,2026-09-28T00:02:19,14223,05637,41.0,43.44704,-3.8820617,62,False,,2
2026-09-28T02:14:45Z,2068D22237C2,22237,C2,49,16011,16010,2026-09-28T00:01:00,15211,16011,E,43.28714,-5.6448464,20,False,1,1
2026-09-28T02:14:45Z,2068D22372C3,22372,C3,3,16403,16401,2026-09-28T00:03:00,15211,16403,E,43.56141,-5.922727,20,False,1,2
2026-09-28T02:14:45Z,2068D22373C3,22373,C3,7,16403,16403,2026-09-27T23:59:00,16403,15211,A,43.56141,-5.922727,20,False,1,1
2026-09-28T02:14:45Z,2068D70237C4,70237,C4,-1432,15410,15410,2026-09-28T00:03:00,15410,16403,A,43.537647,-5.67596,20,False,12,12
2026-09-28T02:14:45Z,2068D22358C3,22358,C3,-1441,15218,15218,2026-09-29T00:00:00,15218,16405,A,43.3588,-5.8573804,20,False,2,2
2026-09-28T02:14:45Z,2068D22132C1,22132,C1,0,15217,15211,2026-09-28T00:03:00,15218,17000,S,43.38812,-5.8272715,20,False,2,2
2026-09-28T02:14:45Z,4168D84931C2,84931,C2,87,61200,06002,2026-09-28T00:34:00,06006,61200,E,37.97462,-1.1315287,41,False,1,2
2026-09-28T02:14:45Z,4168D24722C1,24722,C1,13,62109,60911,2026-09-28T00:10:00,60911,61200,A,38.34553,-0.49576503,41,False,1,1
2026-09-28T02:14:45Z,4168D24723C1,24723,C1,-1425,61200,61200,2026-09-28T00:14:00,61200,60911,E,37.974686,-1.131078,41,False,1,1
2026-09-28T02:14:45Z,1068D27506C4b,27506,C4b,6,37002,37011,2026-09-28T00:02:00,37012,17005,A,40.288372,-3.7373493,10,True,2,2
2026-09-28T02:14:45Z,1068D75037C8a,75037,C8a,6,97100,10100,2026-09-28T00:10:00,10203,17000,E,40.49547,-3.7261994,10,False,1,3
2026-09-28T02:14:45Z,1068D19945C1,19945,C1,0,98305,98304,2026-09-29T00:12:00,18000,98305,E,40.4924,-3.593483,10,False,2,1
2026-09-28T02:14:45Z,1068D27316C4a,27316,C4a,-1440,18000,18000,2026-09-29T00:06:00,18000,19003,E,40.40654,-3.6895106,10,True,7,7
2026-09-28T02:14:45Z,1068D75872C7,75872,C7,3,18002,18002,2026-09-27T23:59:00,18002,10000,E,40.44655,-3.691473,10,False,4,4
2026-09-28T02:14:45Z,1068D27818C5,27818,C5,0,35009,35001,2026-09-27T23:49:00,35012,35607,S,40.34086,-3.7482634,10,False,2,2
2026-09-28T02:14:45Z,1068D27817C5,27817,C5,-1440,35607,35607,2026-09-28T00:41:00,35607,35012,A,40.330883,-3.8823783,10,False,2,2
2026-09-28T02:14:45Z,1068D27995C5,27995,C5,18,35606,35607,2026-09-27T23:59:00,35607,35002,S,40.32875,-3.8636916,10,False,1,2
2026-09-28T02:14:45Z,1068D27512C4b,27512,C4b,-1424,18000,18000,2026-09-28T00:55:00,18000,17005,E,40.40654,-3.6895106,10,True,7,7
2026-09-28T02:14:45Z,1068D75530C2,75530,C2,-1437,70200,70200,2026-09-28T00:28:00,70200,17000,E,40.644257,-3.1823237,10,False,2,2
2026-09-28T02:14:45Z,1068D75035C8a,75035,C8a,19,10203,10203,2026-09-27T23:59:00,10203,17000,E,40.58532,-4.1321955,10,False,5,5
2026-09-28T02:14:45Z,1068D27815C5,27815,C5,0,18000,35609,2026-09-27T23:59:00,35607,35012,A,40.405067,-3.7026901,10,False,9,2
2026-09-28T02:14:45Z,1068D75877C7,75877,C7,4,10007,10010,2026-09-28T00:03:00,10000,70103,24.0,40.472656,-3.836884,10,True,1,1
2026-09-28T02:14:45Z,1068D27090C3,27090,C3,-1418,60200,60200,2026-09-28T00:00:00,60200,17000,E,40.035027,-3.6189713,10,True,4,4
2026-09-28T02:14:45Z,1068D75875C7,75875,C7,15,10000,10000,2026-09-27T23:59:00,10000,70103,E,40.42163,-3.7193205,10,False,7,7
2026-09-28T02:14:45Z,1068D19940C1,19940,C1,-1440,98305,98305,2026-09-29T00:05:00,98305,17000,E,40.4924,-3.593483,10,False,1,1
2026-09-28T02:14:45Z,1068D27094C3,27094,C3,-1432,60200,60200,2026-09-28T00:45:00,60200,17000,S,40.035027,-3.6189713,10,True,3,3
2026-09-28T02:14:45Z,1068D27508C4b,27508,C4b,3,18000,60100,2026-09-28T00:06:00,37012,17005,13.0,40.40084,-3.682559,10,True,7,1
2026-09-28T02:14:45Z,1068D75644C2,75644,C2,-1435,70200,70200,2026-09-28T00:58:00,70200,17000,A,40.644257,-3.1823237,10,True,2,2
2026-09-28T02:14:45Z,1068D27095C3,27095,C3,-1,60103,60102,2026-09-29T00:04:00,17000,60200,E,40.242844,-3.7038615,10,True,1,1
2026-09-28T02:14:45Z,1068D27092C3,27092,C3,-1425,60200,60200,2026-09-28T00:12:00,60200,17000,S,40.035027,-3.6189713,10,False,3,3
2026-09-28T02:14:45Z,1068D75268C10,75268,C10,5,10101,10103,2026-09-28T00:06:00,10200,17000,13.0,40.560028,-3.9011943,10,True,1,1
2026-09-28T02:14:45Z,1068D27822C5,27822,C5,0,35601,35600,2026-09-27T23:59:00,35012,35607,A,40.386257,-3.7610443,10,False,1,1
2026-09-28T02:14:45Z,1068D27093C3,27093,C3,-1435,17000,17000,2026-09-28T00:13:00,17000,60200,E,40.471382,-3.6834786,10,True,5,5
2026-09-28T02:14:45Z,1068D27643C8b,27643,C8b,-1437,12006,12006,2026-09-28T00:26:00,12006,17000,A,40.737614,-4.0662985,10,False,2,2
2026-09-28T02:14:45Z,1068D27820C5,27820,C5,0,37001,35009,2026-09-28T00:01:00,35012,35607,A,40.34086,-3.7482634,10,False,6,2
2026-09-28T02:14:45Z,1068D27317C4,27317,C4,-1441,17000,17000,2026-09-29T00:34:00,17000,37012,A,40.471325,-3.6833096,10,True,3,3
2026-09-28T02:14:45Z,1068D75172C10,75172,C10,1,18004,18003,2026-09-28T00:01:00,17000,10200,A,40.395943,-3.677964,10,True,1,1
2026-09-28T02:14:45Z,1068D27510C4b,27510,C4b,3,17001,17000,2026-09-28T00:05:00,18000,17005,S,40.501648,-3.6821797,10,True,2,2
2026-09-28T02:19:44Z,3068D23578C1,23578,C1,2,50602,50700,2026-09-28T00:06:54,51003,50600,E,37.58157,-5.6699624,30,False,2,2
2026-09-28T02:19:44Z,3068D23743C5,23743,C5,-1442,51003,51003,2026-09-28T00:38:59,51003,43005,A,37.392567,-5.9749837,30,False,9,9
2026-09-28T02:19:44Z,3068D23841C5,23841,C5,-1,43004,43005,2026-09-28T00:03:07,43005,51113,E,37.381527,-6.193782,30,False,,3
2026-09-28T02:19:44Z,3068D23581C1,23581,C1,0,51103,51111,2026-09-28T00:03:16,51003,51200,34.0,37.294693,-5.9445186,30,False,,1
2026-09-28T02:19:44Z,3268D23176C2,23176,C2,54,54408,54410,2026-09-28T00:03:00,54517,54405,39.0,36.723545,-4.5838585,32,False,,
2026-09-28T02:19:44Z,3268D23402C1,23402,C1,-1438,54517,54517,2026-09-28T00:38:19,54517,54516,A,36.715366,-4.4266005,32,False,1,1
2026-09-28T02:19:44Z,3268D23400C1,23400,C1,3,54503,54501,2026-09-28T00:02:10,54517,54516,26.0,36.695095,-4.4762516,32,False,2,2
2026-09-28T02:19:44Z,5168D25472R2N,25472,R2N,-2,71801,71802,2026-09-28T00:02:47,79100,72400,E,41.37954,2.1411655,50,True,,
2026-09-28T02:19:44Z,5168D77468R4,77468,R4,-1432,78700,78700,2026-09-28T00:27:51,78700,71600,A,41.56993,2.0143688,50,False,,
2026-09-28T02:19:44Z,5168D35564R4,35564,R4,-1431,72209,72209,2026-09-28T00:00:49,72209,78600,A,41.47872,1.9255537,50,False,,
2026-09-28T02:19:44Z,5168D15023R15,15023,R15,52,71502,71500,2026-09-28T00:03:56,71400,79400,60.0,41.129208,1.2999328,50,False,,
2026-09-28T02:19:44Z,5168D25795R1,25795,R1,-1,79403,79404,2026-09-28T00:02:38,79500,72305,E,41.445705,2.2490852,50,False,,1
2026-09-28T02:19:44Z,5168D28393R2S,28393,R2S,-2,71802,71801,2026-09-28T00:01:35,71700,79400,A,41.379513,2.1412146,50,False,,
2026-09-28T02:19:44Z,5168D77464R4,77464,R4,11,78604,78600,2026-09-28T00:05:15,78600,71600,41.0,41.686344,1.8386431,50,False,,
2026-09-28T02:19:44Z,5168D25470R2N,25470,R2N,3,79006,79007,2026-09-28T00:03:54,79104,72400,E,41.533474,2.2177799,50,True,1,
2026-09-28T02:19:44Z,5168D25567R2S,25567,R2S,2,71604,71603,2026-09-28T00:01:57,71600,79400,E,41.20413,1.6760199,50,False,,
2026-09-28T02:19:44Z,5168D28490R2,28490,R2,0,71705,71704,2026-09-28T00:02:22,71700,79104,20.0,41.278507,1.9790424,50,True,,
2026-09-28T02:19:44Z,6068D26577C3,26577,C3,4,13119,13120,2026-09-28T00:00:52,13200,13100,E,43.240112,-2.924082,60,False,,1
2026-09-28T02:19:44Z,6068D35689C3,35689,C3,2,13121,13102,2026-09-28T00:02:16,13200,13100,E,43.05786,-2.996093,60,True,1,1
2026-09-28T02:19:44Z,6068D26576C3,26576,C3,6,13115,13109,2026-09-28T00:01:18,13100,13200,E,43.176933,-2.909058,60,True,2,2
2026-09-28T02:19:44Z,6168D35654C1,35654,C1,4,11409,11408,2026-09-28T00:00:03,11400,11508,95.0,43.094822,-2.1242988,61,False,,2
2026-09-28T02:19:44Z,6268D71185C2,71185,C2,1,05605,05604,2026-09-28T00:02:19,14223,05637,41.0,43.44704,-3.8820617,62,False,,2
2026-09-28T02:19:44Z,2068D22237C2,22237,C2,49,16011,16010,2026-09-28T00:01:00,15211,16011,E,43.28714,-5.6448464,20,False,1,1
2026-09-28T02:19:44Z,2068D22372C3,22372,C3,3,16403,16401,2026-09-28T00:03:00,15211,16403,E,43.56141,-5.922727,20,False,1,2
2026-09-28T02:19:44Z,2068D22373C3,22373,C3,7,16403,16403,2026-09-27T23:59:00,16403,15211,A,43.56141,-5.922727,20,False,1,1
2026-09-28T02:19:44Z,2068D70237C4,70237,C4,-1432,15410,15410,2026-09-28T00:03:00,15410,16403,A,43.537647,-5.67596,20,False,12,12
2026-09-28T02:19:44Z,2068D22358C3,22358,C3,-1441,15218,15218,2026-09-29T00:00:00,15218,16405,A,43.3588,-5.8573804,20,False,2,2
2026-09-28T02:19:44Z,2068D22132C1,22132,C1,0,15217,15211,2026-09-28T00:03:00,15218,17000,S,43.38812,-5.8272715,20,False,2,2
2026-09-28T02:19:44Z,4168D84931C2,84931,C2,87,61200,06002,2026-09-28T00:34:00,06006,61200,E,37.97462,-1.1315287,41,False,1,2
2026-09-28T02:19:44Z,4168D24722C1,24722,C1,13,62109,60911,2026-09-28T00:10:00,60911,61200,A,38.34553,-0.49576503,41,False,1,1
2026-09-28T02:19:44Z,4168D24723C1,24723,C1,-1425,61200,61200,2026-09-28T00:14:00,61200,60911,E,37.974686,-1.131078,41,False,1,1
2026-09-28T02:19:44Z,1068D27506C4b,27506,C4b,6,37002,37011,2026-09-28T00:02:00,37012,17005,A,40.288372,-3.7373493,10,True,2,2
2026-09-28T02:19:44Z,1068D75037C8a,75037,C8a,6,97100,10100,2026-09-28T00:10:00,10203,17000,E,40.49547,-3.7261994,10,False,1,3
2026-09-28T02:19:44Z,1068D19945C1,19945,C1,0,98305,98304,2026-09-29T00:12:00,18000,98305,E,40.4924,-3.593483,10,False,2,1
2026-09-28T02:19:44Z,1068D27316C4a,27316,C4a,-1440,18000,18000,2026-09-29T00:06:00,18000,19003,E,40.40654,-3.6895106,10,True,7,7
2026-09-28T02:19:44Z,1068D75872C7,75872,C7,3,18002,18002,2026-09-27T23:59:00,18002,10000,E,40.44655,-3.691473,10,False,4,4
2026-09-28T02:19:44Z,1068D27818C5,27818,C5,0,35009,35001,2026-09-27T23:49:00,35012,35607,S,40.34086,-3.7482634,10,False,2,2
2026-09-28T02:19:44Z,1068D27817C5,27817,C5,-1440,35607,35607,2026-09-28T00:41:00,35607,35012,A,40.330883,-3.8823783,10,False,2,2
2026-09-28T02:19:44Z,1068D27995C5,27995,C5,18,35606,35607,2026-09-27T23:59:00,35607,35002,S,40.32875,-3.8636916,10,False,1,2
2026-09-28T02:19:44Z,1068D27512C4b,27512,C4b,-1424,18000,18000,2026-09-28T00:55:00,18000,17005,E,40.40654,-3.6895106,10,True,7,7
2026-09-28T02:19:44Z,1068D75530C2,75530,C2,-1437,70200,70200,2026-09-28T00:28:00,70200,17000,E,40.644257,-3.1823237,10,False,2,2
2026-09-28T02:19:44Z,1068D75035C8a,75035,C8a,19,10203,10203,2026-09-27T23:59:00,10203,17000,E,40.58532,-4.1321955,10,False,5,5
2026-09-28T02:19:44Z,1068D27815C5,27815,C5,0,18000,35609,2026-09-27T23:59:00,35607,35012,A,40.405067,-3.7026901,10,False,9,2
2026-09-28T02:19:44Z,1068D75877C7,75877,C7,4,10007,10010,2026-09-28T00:03:00,10000,70103,24.0,40.472656,-3.836884,10,True,1,1
2026-09-28T02:19:44Z,1068D27090C3,27090,C3,-1418,60200,60200,2026-09-28T00:00:00,60200,17000,E,40.035027,-3.6189713,10,True,4,4
2026-09-28T02:19:44Z,1068D75875C7,75875,C7,15,10000,10000,2026-09-27T23:59:00,10000,70103,E,40.42163,-3.7193205,10,False,7,7
2026-09-28T02:19:44Z,1068D19940C1,19940,C1,-1440,98305,98305,2026-09-29T00:05:00,98305,17000,E,40.4924,-3.593483,10,False,1,1
2026-09-28T02:19:44Z,1068D27094C3,27094,C3,-1432,60200,60200,2026-09-28T00:45:00,60200,17000,S,40.035027,-3.6189713,10,True,3,3
2026-09-28T02:19:44Z,1068D27508C4b,27508,C4b,3,18000,60100,2026-09-28T00:06:00,37012,17005,13.0,40.40084,-3.682559,10,True,7,1
2026-09-28T02:19:44Z,1068D75644C2,75644,C2,-1435,70200,70200,2026-09-28T00:58:00,70200,17000,A,40.644257,-3.1823237,10,True,2,2
2026-09-28T02:19:44Z,1068D27095C3,27095,C3,-1,60103,60102,2026-09-29T00:04:00,17000,60200,E,40.242844,-3.7038615,10,True,1,1
2026-09-28T02:19:44Z,1068D27092C3,27092,C3,-1425,60200,60200,2026-09-28T00:12:00,60200,17000,S,40.035027,-3.6189713,10,False,3,3
2026-09-28T02:19:44Z,1068D75268C10,75268,C10,5,10101,10103,2026-09-28T00:06:00,10200,17000,13.0,40.560028,-3.9011943,10,True,1,1
2026-09-28T02:19:44Z,1068D27822C5,27822,C5,0,35601,35600,2026-09-27T23:59:00,35012,35607,A,40.386257,-3.7610443,10,False,1,1
2026-09-28T02:19:44Z,1068D27093C3,27093,C3,-1435,17000,17000,2026-09-28T00:13:00,17000,60200,E,40.471382,-3.6834786,10,True,5,5
2026-09-28T02:19:44Z,1068D27643C8b,27643,C8b,-1437,12006,12006,2026-09-28T00:26:00,12006,17000,A,40.737614,-4.0662985,10,False,2,2
2026-09-28T02:19:44Z,1068D27820C5,27820,C5,0,37001,35009,2026-09-28T00:01:00,35012,35607,A,40.34086,-3.7482634,10,False,6,2
2026-09-28T02:19:44Z,1068D27317C4,27317,C4,-1441,17000,17000,2026-09-29T00:34:00,17000,37012,A,40.471325,-3.6833096,10,True,3,3
2026-09-28T02:19:44Z,1068D75172C10,75172,C10,1,18004,18003,2026-09-28T00:01:00,17000,10200,A,40.395943,-3.677964,10,True,1,1
2026-09-28T02:19:44Z,1068D27510C4b,27510,C4b,3,17001,17000,2026-09-28T00:05:00,18000,17005,S,40.501648,-3.6821797,10,True,2,2
2026-09-28T02:25:07Z,3068D23578C1,23578,C1,2,50602,50700,2026-09-28T00:06:54,51003,50600,E,37.58157,-5.6699624,30,False,2,2
2026-09-28T02:25:07Z,3068D23743C5,23743,C5,-1442,51003,51003,2026-09-28T00:38:59,51003,43005,A,37.392567,-5.9749837,30,False,9,9
2026-09-28T02:25:07Z,3068D23841C5,23841,C5,-1,43004,43005,2026-09-28T00:03:07,43005,51113,E,37.381527,-6.193782,30,False,,3
2026-09-28T02:25:07Z,3068D23581C1,23581,C1,0,51103,51111,2026-09-28T00:03:16,51003,51200,34.0,37.294693,-5.9445186,30,False,,1
2026-09-28T02:25:07Z,3268D23176C2,23176,C2,54,54408,54410,2026-09-28T00:03:00,54517,54405,39.0,36.723545,-4.5838585,32,False,,
2026-09-28T02:25:07Z,3268D23402C1,23402,C1,-1438,54517,54517,2026-09-28T00:38:19,54517,54516,A,36.715366,-4.4266005,32,False,1,1
2026-09-28T02:25:07Z,3268D23400C1,23400,C1,3,54503,54501,2026-09-28T00:02:10,54517,54516,26.0,36.695095,-4.4762516,32,False,2,2
2026-09-28T02:25:07Z,5168D25472R2N,25472,R2N,-2,71801,71802,2026-09-28T00:02:47,79100,72400,E,41.37954,2.1411655,50,True,,
2026-09-28T02:25:07Z,5168D77468R4,77468,R4,-1432,78700,78700,2026-09-28T00:27:51,78700,71600,A,41.56993,2.0143688,50,False,,
2026-09-28T02:25:07Z,5168D35564R4,35564,R4,-1431,72209,72209,2026-09-28T00:00:49,72209,78600,A,41.47872,1.9255537,50,False,,
2026-09-28T02:25:07Z,5168D15023R15,15023,R15,52,71502,71500,2026-09-28T00:03:56,71400,79400,60.0,41.129208,1.2999328,50,False,,
2026-09-28T02:25:07Z,5168D25795R1,25795,R1,-1,79403,79404,2026-09-28T00:02:38,79500,72305,E,41.445705,2.2490852,50,False,,1
2026-09-28T02:25:07Z,5168D28393R2S,28393,R2S,-2,71802,71801,2026-09-28T00:01:35,71700,79400,A,41.379513,2.1412146,50,False,,
2026-09-28T02:25:07Z,5168D77464R4,77464,R4,11,78604,78600,2026-09-28T00:05:15,78600,71600,41.0,41.686344,1.8386431,50,False,,
2026-09-28T02:25:07Z,5168D25470R2N,25470,R2N,3,79006,79007,2026-09-28T00:03:54,79104,72400,E,41.533474,2.2177799,50,True,1,
2026-09-28T02:25:07Z,5168D25567R2S,25567,R2S,2,71604,71603,2026-09-28T00:01:57,71600,79400,E,41.20413,1.6760199,50,False,,
2026-09-28T02:25:07Z,5168D28490R2,28490,R2,0,71705,71704,2026-09-28T00:02:22,71700,79104,20.0,41.278507,1.9790424,50,True,,
2026-09-28T02:25:07Z,6068D26577C3,26577,C3,4,13119,13120,2026-09-28T00:00:52,13200,13100,E,43.240112,-2.924082,60,False,,1
2026-09-28T02:25:07Z,6068D35689C3,35689,C3,2,13121,13102,2026-09-28T00:02:16,13200,13100,E,43.05786,-2.996093,60,True,1,1
2026-09-28T02:25:07Z,6068D26576C3,26576,C3,6,13115,13109,2026-09-28T00:01:18,13100,13200,E,43.176933,-2.909058,60,True,2,2
2026-09-28T02:25:07Z,6168D35654C1,35654,C1,4,11409,11408,2026-09-28T00:00:03,11400,11508,95.0,43.094822,-2.1242988,61,False,,2
2026-09-28T02:25:07Z,6268D71185C2,71185,C2,1,05605,05604,2026-09-28T00:02:19,14223,05637,41.0,43.44704,-3.8820617,62,False,,2
2026-09-28T02:25:07Z,2068D22237C2,22237,C2,49,16011,16010,2026-09-28T00:01:00,15211,16011,E,43.28714,-5.6448464,20,False,1,1
2026-09-28T02:25:07Z,2068D22372C3,22372,C3,3,16403,16401,2026-09-28T00:03:00,15211,16403,E,43.56141,-5.922727,20,False,1,2
2026-09-28T02:25:07Z,2068D22373C3,22373,C3,7,16403,16403,2026-09-27T23:59:00,16403,15211,A,43.56141,-5.922727,20,False,1,1
2026-09-28T02:25:07Z,2068D70237C4,70237,C4,-1432,15410,15410,2026-09-28T00:03:00,15410,16403,A,43.537647,-5.67596,20,False,12,12
2026-09-28T02:25:07Z,2068D22358C3,22358,C3,-1441,15218,15218,2026-09-29T00:00:00,15218,16405,A,43.3588,-5.8573804,20,False,2,2
2026-09-28T02:25:07Z,2068D22132C1,22132,C1,0,15217,15211,2026-09-28T00:03:00,15218,17000,S,43.38812,-5.8272715,20,False,2,2
2026-09-28T02:25:07Z,4168D84931C2,84931,C2,87,61200,06002,2026-09-28T00:34:00,06006,61200,E,37.97462,-1.1315287,41,False,1,2
2026-09-28T02:25:07Z,4168D24722C1,24722,C1,13,62109,60911,2026-09-28T00:10:00,60911,61200,A,38.34553,-0.49576503,41,False,1,1
2026-09-28T02:25:07Z,4168D24723C1,24723,C1,-1425,61200,61200,2026-09-28T00:14:00,61200,60911,E,37.974686,-1.131078,41,False,1,1
2026-09-28T02:25:07Z,1068D27506C4b,27506,C4b,6,37002,37011,2026-09-28T00:02:00,37012,17005,A,40.288372,-3.7373493,10,True,2,2
2026-09-28T02:25:07Z,1068D75037C8a,75037,C8a,6,97100,10100,2026-09-28T00:10:00,10203,17000,E,40.49547,-3.7261994,10,False,1,3
2026-09-28T02:25:07Z,1068D19945C1,19945,C1,0,98305,98304,2026-09-29T00:12:00,18000,98305,E,40.4924,-3.593483,10,False,2,1
2026-09-28T02:25:07Z,1068D27316C4a,27316,C4a,-1440,18000,18000,2026-09-29T00:06:00,18000,19003,E,40.40654,-3.6895106,10,True,7,7
2026-09-28T02:25:07Z,1068D75872C7,75872,C7,3,18002,18002,2026-09-27T23:59:00,18002,10000,E,40.44655,-3.691473,10,False,4,4
2026-09-28T02:25:07Z,1068D27818C5,27818,C5,0,35009,35001,2026-09-27T23:49:00,35012,35607,S,40.34086,-3.7482634,10,False,2,2
2026-09-28T02:25:07Z,1068D27817C5,27817,C5,-1440,35607,35607,2026-09-28T00:41:00,35607,35012,A,40.330883,-3.8823783,10,False,2,2
2026-09-28T02:25:07Z,1068D27995C5,27995,C5,18,35606,35607,2026-09-27T23:59:00,35607,35002,S,40.32875,-3.8636916,10,False,1,2
2026-09-28T02:25:07Z,1068D27512C4b,27512,C4b,-1424,18000,18000,2026-09-28T00:55:00,18000,17005,E,40.40654,-3.6895106,10,True,7,7
2026-09-28T02:25:07Z,1068D75530C2,75530,C2,-1437,70200,70200,2026-09-28T00:28:00,70200,17000,E,40.644257,-3.1823237,10,False,2,2
2026-09-28T02:25:07Z,1068D75035C8a,75035,C8a,19,10203,10203,2026-09-27T23:59:00,10203,17000,E,40.58532,-4.1321955,10,False,5,5
2026-09-28T02:25:07Z,1068D27815C5,27815,C5,0,18000,35609,2026-09-27T23:59:00,35607,35012,A,40.405067,-3.7026901,10,False,9,2
2026-09-28T02:25:07Z,1068D75877C7,75877,C7,4,10007,10010,2026-09-28T00:03:00,10000,70103,24.0,40.472656,-3.836884,10,True,1,1
2026-09-28T02:25:07Z,1068D27090C3,27090,C3,-1418,60200,60200,2026-09-28T00:00:00,60200,17000,E,40.035027,-3.6189713,10,True,4,4
2026-09-28T02:25:07Z,1068D75875C7,75875,C7,15,10000,10000,2026-09-27T23:59:00,10000,70103,E,40.42163,-3.7193205,10,False,7,7
2026-09-28T02:25:07Z,1068D19940C1,19940,C1,-1440,98305,98305,2026-09-29T00:05:00,98305,17000,E,40.4924,-3.593483,10,False,1,1
2026-09-28T02:25:07Z,1068D27094C3,27094,C3,-1432,60200,60200,2026-09-28T00:45:00,60200,17000,S,40.035027,-3.6189713,10,True,3,3
2026-09-28T02:25:07Z,1068D27508C4b,27508,C4b,3,18000,60100,2026-09-28T00:06:00,37012,17005,13.0,40.40084,-3.682559,10,True,7,1
2026-09-28T02:25:07Z,1068D75644C2,75644,C2,-1435,70200,70200,2026-09-28T00:58:00,70200,17000,A,40.644257,-3.1823237,10,True,2,2
2026-09-28T02:25:07Z,1068D27095C3,27095,C3,-1,60103,60102,2026-09-29T00:04:00,17000,60200,E,40.242844,-3.7038615,10,True,1,1
2026-09-28T02:25:07Z,1068D27092C3,27092,C3,-1425,60200,60200,2026-09-28T00:12:00,60200,17000,S,40.035027,-3.6189713,10,False,3,3
2026-09-28T02:25:07Z,1068D75268C10,75268,C10,5,10101,10103,2026-09-28T00:06:00,10200,17000,13.0,40.560028,-3.9011943,10,True,1,1
2026-09-28T02:25:07Z,1068D27822C5,27822,C5,0,35601,35600,2026-09-27T23:59:00,35012,35607,A,40.386257,-3.7610443,10,False,1,1
2026-09-28T02:25:07Z,1068D27093C3,27093,C3,-1435,17000,17000,2026-09-28T00:13:00,17000,60200,E,40.471382,-3.6834786,10,True,5,5
2026-09-28T02:25:07Z,1068D27643C8b,27643,C8b,-1437,12006,12006,2026-09-28T00:26:00,12006,17000,A,40.737614,-4.0662985,10,False,2,2
2026-09-28T02:25:07Z,1068D27820C5,27820,C5,0,37001,35009,2026-09-28T00:01:00,35012,35607,A,40.34086,-3.7482634,10,False,6,2
2026-09-28T02:25:07Z,1068D27317C4,27317,C4,-1441,17000,17000,2026-09-29T00:34:00,17000,37012,A,40.471325,-3.6833096,10,True,3,3
2026-09-28T02:25:07Z,1068D75172C10,75172,C10,1,18004,18003,2026-09-28T00:01:00,17000,10200,A,40.395943,-3.677964,10,True,1,1
2026-09-28T02:25:07Z,1068D27510C4b,27510,C4b,3,17001,17000,2026-09-28T00:05:00,18000,17005,S,40.501648,-3.6821797,10,True,2,2
2026-09-28T02:29:26Z,3068D23578C1,23578,C1,2,50602,50700,2026-09-28T00:06:54,51003,50600,E,37.58157,-5.6699624,30,False,2,2
2026-09-28T02:29:26Z,3068D23743C5,23743,C5,-1442,51003,51003,2026-09-28T00:38:59,51003,43005,A,37.392567,-5.9749837,30,False,9,9
2026-09-28T02:29:26Z,3068D23841C5,23841,C5,-1,43004,43005,2026-09-28T00:03:07,43005,51113,E,37.381527,-6.193782,30,False,,3
2026-09-28T02:29:26Z,3068D23581C1,23581,C1,0,51103,51111,2026-09-28T00:03:16,51003,51200,34.0,37.294693,-5.9445186,30,False,,1
2026-09-28T02:29:26Z,3268D23176C2,23176,C2,54,54408,54410,2026-09-28T00:03:00,54517,54405,39.0,36.723545,-4.5838585,32,False,,
2026-09-28T02:29:26Z,3268D23402C1,23402,C1,-1438,54517,54517,2026-09-28T00:38:19,54517,54516,A,36.715366,-4.4266005,32,False,1,1
2026-09-28T02:29:26Z,3268D23400C1,23400,C1,3,54503,54501,2026-09-28T00:02:10,54517,54516,26.0,36.695095,-4.4762516,32,False,2,2
2026-09-28T02:29:26Z,5168D25472R2N,25472,R2N,-2,71801,71802,2026-09-28T00:02:47,79100,72400,E,41.37954,2.1411655,50,True,,
2026-09-28T02:29:26Z,5168D77468R4,77468,R4,-1432,78700,78700,2026-09-28T00:27:51,78700,71600,A,41.56993,2.0143688,50,False,,
2026-09-28T02:29:26Z,5168D35564R4,35564,R4,-1431,72209,72209,2026-09-28T00:00:49,72209,78600,A,41.47872,1.9255537,50,False,,
2026-09-28T02:29:26Z,5168D15023R15,15023,R15,52,71502,71500,2026-09-28T00:03:56,71400,79400,60.0,41.129208,1.2999328,50,False,,
2026-09-28T02:29:26Z,5168D25795R1,25795,R1,-1,79403,79404,2026-09-28T00:02:38,79500,72305,E,41.445705,2.2490852,50,False,,1
2026-09-28T02:29:26Z,5168D28393R2S,28393,R2S,-2,71802,71801,2026-09-28T00:01:35,71700,79400,A,41.379513,2.1412146,50,False,,
2026-09-28T02:29:26Z,5168D77464R4,77464,R4,11,78604,78600,2026-09-28T00:05:15,78600,71600,41.0,41.686344,1.8386431,50,False,,
2026-09-28T02:29:26Z,5168D25470R2N,25470,R2N,3,79006,79007,2026-09-28T00:03:54,79104,72400,E,41.533474,2.2177799,50,True,1,
2026-09-28T02:29:26Z,5168D25567R2S,25567,R2S,2,71604,71603,2026-09-28T00:01:57,71600,79400,E,41.20413,1.6760199,50,False,,
2026-09-28T02:29:26Z,5168D28490R2,28490,R2,0,71705,71704,2026-09-28T00:02:22,71700,79104,20.0,41.278507,1.9790424,50,True,,
2026-09-28T02:29:26Z,6068D26577C3,26577,C3,4,13119,13120,2026-09-28T00:00:52,13200,13100,E,43.240112,-2.924082,60,False,,1
2026-09-28T02:29:26Z,6068D35689C3,35689,C3,2,13121,13102,2026-09-28T00:02:16,13200,13100,E,43.05786,-2.996093,60,True,1,1
2026-09-28T02:29:26Z,6068D26576C3,26576,C3,6,13115,13109,2026-09-28T00:01:18,13100,13200,E,43.176933,-2.909058,60,True,2,2
2026-09-28T02:29:26Z,6168D35654C1,35654,C1,4,11409,11408,2026-09-28T00:00:03,11400,11508,95.0,43.094822,-2.1242988,61,False,,2
2026-09-28T02:29:26Z,6268D71185C2,71185,C2,1,05605,05604,2026-09-28T00:02:19,14223,05637,41.0,43.44704,-3.8820617,62,False,,2
2026-09-28T02:29:26Z,2068D22237C2,22237,C2,49,16011,16010,2026-09-28T00:01:00,15211,16011,E,43.28714,-5.6448464,20,False,1,1
2026-09-28T02:29:26Z,2068D22372C3,22372,C3,3,16403,16401,2026-09-28T00:03:00,15211,16403,E,43.56141,-5.922727,20,False,1,2
2026-09-28T02:29:26Z,2068D22373C3,22373,C3,7,16403,16403,2026-09-27T23:59:00,16403,15211,A,43.56141,-5.922727,20,False,1,1
2026-09-28T02:29:26Z,2068D70237C4,70237,C4,-1432,15410,15410,2026-09-28T00:03:00,15410,16403,A,43.537647,-5.67596,20,False,12,12
2026-09-28T02:29:26Z,2068D22358C3,22358,C3,-1441,15218,15218,2026-09-29T00:00:00,15218,16405,A,43.3588,-5.8573804,20,False,2,2
2026-09-28T02:29:26Z,2068D22132C1,22132,C1,0,15217,15211,2026-09-28T00:03:00,15218,17000,S,43.38812,-5.8272715,20,False,2,2
2026-09-28T02:29:26Z,4168D84931C2,84931,C2,87,61200,06002,2026-09-28T00:34:00,06006,61200,E,37.97462,-1.1315287,41,False,1,2
2026-09-28T02:29:26Z,4168D24722C1,24722,C1,13,62109,60911,2026-09-28T00:10:00,60911,61200,A,38.34553,-0.49576503,41,False,1,1
2026-09-28T02:29:26Z,4168D24723C1,24723,C1,-1425,61200,61200,2026-09-28T00:14:00,61200,60911,E,37.974686,-1.131078,41,False,1,1
2026-09-28T02:29:26Z,1068D27506C4b,27506,C4b,6,37002,37011,2026-09-28T00:02:00,37012,17005,A,40.288372,-3.7373493,10,True,2,2
2026-09-28T02:29:26Z,1068D75037C8a,75037,C8a,6,97100,10100,2026-09-28T00:10:00,10203,17000,E,40.49547,-3.7261994,10,False,1,3
2026-09-28T02:29:26Z,1068D19945C1,19945,C1,0,98305,98304,2026-09-29T00:12:00,18000,98305,E,40.4924,-3.593483,10,False,2,1
2026-09-28T02:29:26Z,1068D27316C4a,27316,C4a,-1440,18000,18000,2026-09-29T00:06:00,18000,19003,E,40.40654,-3.6895106,10,True,7,7
2026-09-28T02:29:26Z,1068D75872C7,75872,C7,3,18002,18002,2026-09-27T23:59:00,18002,10000,E,40.44655,-3.691473,10,False,4,4
2026-09-28T02:29:26Z,1068D27818C5,27818,C5,0,35009,35001,2026-09-27T23:49:00,35012,35607,S,40.34086,-3.7482634,10,False,2,2
2026-09-28T02:29:26Z,1068D27817C5,27817,C5,-1440,35607,35607,2026-09-28T00:41:00,35607,35012,A,40.330883,-3.8823783,10,False,2,2
2026-09-28T02:29:26Z,1068D27995C5,27995,C5,18,35606,35607,2026-09-27T23:59:00,35607,35002,S,40.32875,-3.8636916,10,False,1,2
2026-09-28T02:29:26Z,1068D27512C4b,27512,C4b,-1424,18000,18000,2026-09-28T00:55:00,18000,17005,E,40.40654,-3.6895106,10,True,7,7
2026-09-28T02:29:26Z,1068D75530C2,75530,C2,-1437,70200,70200,2026-09-28T00:28:00,70200,17000,E,40.644257,-3.1823237,10,False,2,2
2026-09-28T02:29:26Z,1068D75035C8a,75035,C8a,19,10203,10203,2026-09-27T23:59:00,10203,17000,E,40.58532,-4.1321955,10,False,5,5
2026-09-28T02:29:26Z,1068D27815C5,27815,C5,0,18000,35609,2026-09-27T23:59:00,35607,35012,A,40.405067,-3.7026901,10,False,9,2
2026-09-28T02:29:26Z,1068D75877C7,75877,C7,4,10007,10010,2026-09-28T00:03:00,10000,70103,24.0,40.472656,-3.836884,10,True,1,1
2026-09-28T02:29:26Z,1068D27090C3,27090,C3,-1418,60200,60200,2026-09-28T00:00:00,60200,17000,E,40.035027,-3.6189713,10,True,4,4
2026-09-28T02:29:26Z,1068D75875C7,75875,C7,15,10000,10000,2026-09-27T23:59:00,10000,70103,E,40.42163,-3.7193205,10,False,7,7
2026-09-28T02:29:26Z,1068D19940C1,19940,C1,-1440,98305,98305,2026-09-29T00:05:00,98305,17000,E,40.4924,-3.593483,10,False,1,1
2026-09-28T02:29:26Z,1068D27094C3,27094,C3,-1432,60200,60200,2026-09-28T00:45:00,60200,17000,S,40.035027,-3.6189713,10,True,3,3
2026-09-28T02:29:26Z,1068D27508C4b,27508,C4b,3,18000,60100,2026-09-28T00:06:00,37012,17005,13.0,40.40084,-3.682559,10,True,7,1
2026-09-28T02:29:26Z,1068D75644C2,75644,C2,-1435,70200,70200,2026-09-28T00:58:00,70200,17000,A,40.644257,-3.1823237,10,True,2,2
2026-09-28T02:29:26Z,1068D27095C3,27095,C3,-1,60103,60102,2026-09-29T00:04:00,17000,60200,E,40.242844,-3.7038615,10,True,1,1
2026-09-28T02:29:26Z,1068D27092C3,27092,C3,-1425,60200,60200,2026-09-28T00:12:00,60200,17000,S,40.035027,-3.6189713,10,False,3,3
2026-09-28T02:29:26Z,1068D75268C10,75268,C10,5,10101,10103,2026-09-28T00:06:00,10200,17000,13.0,40.560028,-3.9011943,10,True,1,1
2026-09-28T02:29:26Z,1068D27822C5,27822,C5,0,35601,35600,2026-09-27T23:59:00,35012,35607,A,40.386257,-3.7610443,10,False,1,1
2026-09-28T02:29:26Z,1068D27093C3,27093,C3,-1435,17000,17000,2026-09-28T00:13:00,17000,60200,E,40.471382,-3.6834786,10,True,5,5
2026-09-28T02:29:26Z,1068D27643C8b,27643,C8b,-1437,12006,12006,2026-09-28T00:26:00,12006,17000,A,40.737614,-4.0662985,10,False,2,2
2026-09-28T02:29:26Z,1068D27820C5,27820,C5,0,37001,35009,2026-09-28T00:01:00,35012,35607,A,40.34086,-3.7482634,10,False,6,2
2026-09-28T02:29:26Z,1068D27317C4,27317,C4,-1441,17000,17000,2026-09-29T00:34:00,17000,37012,A,40.471325,-3.6833096,10,True,3,3
2026-09-28T02:29:26Z,1068D75172C10,75172,C10,1,18004,18003,2026-09-28T00:01:00,17000,10200,A,40.395943,-3.677964,10,True,1,1
2026-09-28T02:29:26Z,1068D27510C4b,27510,C4b,3,17001,17000,2026-09-28T00:05:00,18000,17005,S,40.501648,-3.6821797,10,True,2,2
2026-09-28T02:34:54Z,3068D23578C1,23578,C1,2,50602,50700,2026-09-28T00:06:54,51003,50600,E,37.58157,-5.6699624,30,False,2,2
2026-09-28T02:34:54Z,3068D23743C5,23743,C5,-1442,51003,51003,2026-09-28T00:38:59,51003,43005,A,37.392567,-5.9749837,30,False,9,9
2026-09-28T02:34:54Z,3068D23841C5,23841,C5,-1,43004,43005,2026-09-28T00:03:07,43005,51113,E,37.381527,-6.193782,30,False,,3
2026-09-28T02:34:54Z,3068D23581C1,23581,C1,0,51103,51111,2026-09-28T00:03:16,51003,51200,34.0,37.294693,-5.9445186,30,False,,1
2026-09-28T02:34:54Z,3268D23176C2,23176,C2,54,54408,54410,2026-09-28T00:03:00,54517,54405,39.0,36.723545,-4.5838585,32,False,,
2026-09-28T02:34:54Z,3268D23402C1,23402,C1,-1438,54517,54517,2026-09-28T00:38:19,54517,54516,A,36.715366,-4.4266005,32,False,1,1
2026-09-28T02:34:54Z,3268D23400C1,23400,C1,3,54503,54501,2026-09-28T00:02:10,54517,54516,26.0,36.695095,-4.4762516,32,False,2,2
2026-09-28T02:34:54Z,5168D25472R2N,25472,R2N,-2,71801,71802,2026-09-28T00:02:47,79100,72400,E,41.37954,2.1411655,50,True,,
2026-09-28T02:34:54Z,5168D77468R4,77468,R4,-1432,78700,78700,2026-09-28T00:27:51,78700,71600,A,41.56993,2.0143688,50,False,,
2026-09-28T02:34:54Z,5168D35564R4,35564,R4,-1431,72209,72209,2026-09-28T00:00:49,72209,78600,A,41.47872,1.9255537,50,False,,
2026-09-28T02:34:54Z,5168D15023R15,15023,R15,52,71502,71500,2026-09-28T00:03:56,71400,79400,60.0,41.129208,1.2999328,50,False,,
2026-09-28T02:34:54Z,5168D25795R1,25795,R1,-1,79403,79404,2026-09-28T00:02:38,79500,72305,E,41.445705,2.2490852,50,False,,1
2026-09-28T02:34:54Z,5168D28393R2S,28393,R2S,-2,71802,71801,2026-09-28T00:01:35,71700,79400,A,41.379513,2.1412146,50,False,,
2026-09-28T02:34:54Z,5168D77464R4,77464,R4,11,78604,78600,2026-09-28T00:05:15,78600,71600,41.0,41.686344,1.8386431,50,False,,
2026-09-28T02:34:54Z,5168D25470R2N,25470,R2N,3,79006,79007,2026-09-28T00:03:54,79104,72400,E,41.533474,2.2177799,50,True,1,
2026-09-28T02:34:54Z,5168D25567R2S,25567,R2S,2,71604,71603,2026-09-28T00:01:57,71600,79400,E,41.20413,1.6760199,50,False,,
2026-09-28T02:34:54Z,5168D28490R2,28490,R2,0,71705,71704,2026-09-28T00:02:22,71700,79104,20.0,41.278507,1.9790424,50,True,,
2026-09-28T02:34:54Z,6068D26577C3,26577,C3,4,13119,13120,2026-09-28T00:00:52,13200,13100,E,43.240112,-2.924082,60,False,,1
2026-09-28T02:34:54Z,6068D35689C3,35689,C3,2,13121,13102,2026-09-28T00:02:16,13200,13100,E,43.05786,-2.996093,60,True,1,1
2026-09-28T02:34:54Z,6068D26576C3,26576,C3,6,13115,13109,2026-09-28T00:01:18,13100,13200,E,43.176933,-2.909058,60,True,2,2
2026-09-28T02:34:54Z,6168D35654C1,35654,C1,4,11409,11408,2026-09-28T00:00:03,11400,11508,95.0,43.094822,-2.1242988,61,False,,2
2026-09-28T02:34:54Z,6268D71185C2,71185,C2,1,05605,05604,2026-09-28T00:02:19,14223,05637,41.0,43.44704,-3.8820617,62,False,,2
2026-09-28T02:34:54Z,2068D22237C2,22237,C2,49,16011,16010,2026-09-28T00:01:00,15211,16011,E,43.28714,-5.6448464,20,False,1,1
2026-09-28T02:34:54Z,2068D22372C3,22372,C3,3,16403,16401,2026-09-28T00:03:00,15211,16403,E,43.56141,-5.922727,20,False,1,2
2026-09-28T02:34:54Z,2068D22373C3,22373,C3,7,16403,16403,2026-09-27T23:59:00,16403,15211,A,43.56141,-5.922727,20,False,1,1
2026-09-28T02:34:54Z,2068D70237C4,70237,C4,-1432,15410,15410,2026-09-28T00:03:00,15410,16403,A,43.537647,-5.67596,20,False,12,12
2026-09-28T02:34:54Z,2068D22358C3,22358,C3,-1441,15218,15218,2026-09-29T00:00:00,15218,16405,A,43.3588,-5.8573804,20,False,2,2
2026-09-28T02:34:54Z,2068D22132C1,22132,C1,0,15217,15211,2026-09-28T00:03:00,15218,17000,S,43.38812,-5.8272715,20,False,2,2
2026-09-28T02:34:54Z,4168D84931C2,84931,C2,87,61200,06002,2026-09-28T00:34:00,06006,61200,E,37.97462,-1.1315287,41,False,1,2
2026-09-28T02:34:54Z,4168D24722C1,24722,C1,13,62109,60911,2026-09-28T00:10:00,60911,61200,A,38.34553,-0.49576503,41,False,1,1
2026-09-28T02:34:54Z,4168D24723C1,24723,C1,-1425,61200,61200,2026-09-28T00:14:00,61200,60911,E,37.974686,-1.131078,41,False,1,1
2026-09-28T02:34:54Z,1068D27506C4b,27506,C4b,6,37002,37011,2026-09-28T00:02:00,37012,17005,A,40.288372,-3.7373493,10,True,2,2
2026-09-28T02:34:54Z,1068D75037C8a,75037,C8a,6,97100,10100,2026-09-28T00:10:00,10203,17000,E,40.49547,-3.7261994,10,False,1,3
2026-09-28T02:34:54Z,1068D19945C1,19945,C1,0,98305,98304,2026-09-29T00:12:00,18000,98305,E,40.4924,-3.593483,10,False,2,1
2026-09-28T02:34:54Z,1068D27316C4a,27316,C4a,-1440,18000,18000,2026-09-29T00:06:00,18000,19003,E,40.40654,-3.6895106,10,True,7,7
2026-09-28T02:34:54Z,1068D75872C7,75872,C7,3,18002,18002,2026-09-27T23:59:00,18002,10000,E,40.44655,-3.691473,10,False,4,4
2026-09-28T02:34:54Z,1068D27818C5,27818,C5,0,35009,35001,2026-09-27T23:49:00,35012,35607,S,40.34086,-3.7482634,10,False,2,2
2026-09-28T02:34:54Z,1068D27817C5,27817,C5,-1440,35607,35607,2026-09-28T00:41:00,35607,35012,A,40.330883,-3.8823783,10,False,2,2
2026-09-28T02:34:54Z,1068D27995C5,27995,C5,18,35606,35607,2026-09-27T23:59:00,35607,35002,S,40.32875,-3.8636916,10,False,1,2
2026-09-28T02:34:54Z,1068D27512C4b,27512,C4b,-1424,18000,18000,2026-09-28T00:55:00,18000,17005,E,40.40654,-3.6895106,10,True,7,7
2026-09-28T02:34:54Z,1068D75530C2,75530,C2,-1437,70200,70200,2026-09-28T00:28:00,70200,17000,E,40.644257,-3.1823237,10,False,2,2
2026-09-28T02:34:54Z,1068D75035C8a,75035,C8a,19,10203,10203,2026-09-27T23:59:00,10203,17000,E,40.58532,-4.1321955,10,False,5,5
2026-09-28T02:34:54Z,1068D27815C5,27815,C5,0,18000,35609,2026-09-27T23:59:00,35607,35012,A,40.405067,-3.7026901,10,False,9,2
2026-09-28T02:34:54Z,1068D75877C7,75877,C7,4,10007,10010,2026-09-28T00:03:00,10000,70103,24.0,40.472656,-3.836884,10,True,1,1
2026-09-28T02:34:54Z,1068D27090C3,27090,C3,-1418,60200,60200,2026-09-28T00:00:00,60200,17000,E,40.035027,-3.6189713,10,True,4,4
2026-09-28T02:34:54Z,1068D75875C7,75875,C7,15,10000,10000,2026-09-27T23:59:00,10000,70103,E,40.42163,-3.7193205,10,False,7,7
2026-09-28T02:34:54Z,1068D19940C1,19940,C1,-1440,98305,98305,2026-09-29T00:05:00,98305,17000,E,40.4924,-3.593483,10,False,1,1
2026-09-28T02:34:54Z,1068D27094C3,27094,C3,-1432,60200,60200,2026-09-28T00:45:00,60200,17000,S,40.035027,-3.6189713,10,True,3,3
2026-09-28T02:34:54Z,1068D27508C4b,27508,C4b,3,18000,60100,2026-09-28T00:06:00,37012,17005,13.0,40.40084,-3.682559,10,True,7,1
2026-09-28T02:34:54Z,1068D75644C2,75644,C2,-1435,70200,70200,2026-09-28T00:58:00,70200,17000,A,40.644257,-3.1823237,10,True,2,2
2026-09-28T02:34:54Z,1068D27095C3,27095,C3,-1,60103,60102,2026-09-29T00:04:00,17000,60200,E,40.242844,-3.7038615,10,True,1,1
2026-09-28T02:34:54Z,1068D27092C3,27092,C3,-1425,60200,60200,2026-09-28T00:12:00,60200,17000,S,40.035027,-3.6189713,10,False,3,3
2026-09-28T02:34:54Z,1068D75268C10,75268,C10,5,10101,10103,2026-09-28T00:06:00,10200,17000,13.0,40.560028,-3.9011943,10,True,1,1
2026-09-28T02:34:54Z,1068D27822C5,27822,C5,0,35601,35600,2026-09-27T23:59:00,35012,35607,A,40.386257,-3.7610443,10,False,1,1
2026-09-28T02:34:54Z,1068D27093C3,27093,C3,-1435,17000,17000,2026-09-28T00:13:00,17000,60200,E,40.471382,-3.6834786,10,True,5,5
2026-09-28T02:34:54Z,1068D27643C8b,27643,C8b,-1437,12006,12006,2026-09-28T00:26:00,12006,17000,A,40.737614,-4.0662985,10,False,2,2
2026-09-28T02:34:54Z,1068D27820C5,27820,C5,0,37001,35009,2026-09-28T00:01:00,35012,35607,A,40.34086,-3.7482634,10,False,6,2
2026-09-28T02:34:54Z,1068D27317C4,27317,C4,-1441,17000,17000,2026-09-29T00:34:00,17000,37012,A,40.471325,-3.6833096,10,True,3,3
2026-09-28T02:34:54Z,1068D75172C10,75172,C10,1,18004,18003,2026-09-28T00:01:00,17000,10200,A,40.395943,-3.677964,10,True,1,1
2026-09-28T02:34:54Z,1068D27510C4b,27510,C4b,3,17001,17000,2026-09-28T00:05:00,18000,17005,S,40.501648,-3.6821797,10,True,2,2
2026-09-28T02:40:01Z,3068D23578C1,23578,C1,2,50602,50700,2026-09-28T00:06:54,51003,50600,E,37.58157,-5.6699624,30,False,2,2
2026-09-28T02:40:01Z,3068D23743C5,23743,C5,-1442,51003,51003,2026-09-28T00:38:59,51003,43005,A,37.392567,-5.9749837,30,False,9,9
2026-09-28T02:40:01Z,3068D23841C5,23841,C5,-1,43004,43005,2026-09-28T00:03:07,43005,51113,E,37.381527,-6.193782,30,False,,3
2026-09-28T02:40:01Z,3068D23581C1,23581,C1,0,51103,51111,2026-09-28T00:03:16,51003,51200,34.0,37.294693,-5.9445186,30,False,,1
2026-09-28T02:40:01Z,3268D23176C2,23176,C2,54,54408,54410,2026-09-28T00:03:00,54517,54405,39.0,36.723545,-4.5838585,32,False,,
2026-09-28T02:40:01Z,3268D23402C1,23402,C1,-1438,54517,54517,2026-09-28T00:38:19,54517,54516,A,36.715366,-4.4266005,32,False,1,1
2026-09-28T02:40:01Z,3268D23400C1,23400,C1,3,54503,54501,2026-09-28T00:02:10,54517,54516,26.0,36.695095,-4.4762516,32,False,2,2
2026-09-28T02:40:01Z,5168D25472R2N,25472,R2N,-2,71801,71802,2026-09-28T00:02:47,79100,72400,E,41.37954,2.1411655,50,True,,
2026-09-28T02:40:01Z,5168D77468R4,77468,R4,-1432,78700,78700,2026-09-28T00:27:51,78700,71600,A,41.56993,2.0143688,50,False,,
2026-09-28T02:40:01Z,5168D35564R4,35564,R4,-1431,72209,72209,2026-09-28T00:00:49,72209,78600,A,41.47872,1.9255537,50,False,,
2026-09-28T02:40:01Z,5168D15023R15,15023,R15,52,71502,71500,2026-09-28T00:03:56,71400,79400,60.0,41.129208,1.2999328,50,False,,
2026-09-28T02:40:01Z,5168D25795R1,25795,R1,-1,79403,79404,2026-09-28T00:02:38,79500,72305,E,41.445705,2.2490852,50,False,,1
2026-09-28T02:40:01Z,5168D28393R2S,28393,R2S,-2,71802,71801,2026-09-28T00:01:35,71700,79400,A,41.379513,2.1412146,50,False,,
2026-09-28T02:40:01Z,5168D77464R4,77464,R4,11,78604,78600,2026-09-28T00:05:15,78600,71600,41.0,41.686344,1.8386431,50,False,,
2026-09-28T02:40:01Z,5168D25470R2N,25470,R2N,3,79006,79007,2026-09-28T00:03:54,79104,72400,E,41.533474,2.2177799,50,True,1,
2026-09-28T02:40:01Z,5168D25567R2S,25567,R2S,2,71604,71603,2026-09-28T00:01:57,71600,79400,E,41.20413,1.6760199,50,False,,
2026-09-28T02:40:01Z,5168D28490R2,28490,R2,0,71705,71704,2026-09-28T00:02:22,71700,79104,20.0,41.278507,1.9790424,50,True,,
2026-09-28T02:40:01Z,6068D26577C3,26577,C3,4,13119,13120,2026-09-28T00:00:52,13200,13100,E,43.240112,-2.924082,60,False,,1
2026-09-28T02:40:01Z,6068D35689C3,35689,C3,2,13121,13102,2026-09-28T00:02:16,13200,13100,E,43.05786,-2.996093,60,True,1,1
2026-09-28T02:40:01Z,6068D26576C3,26576,C3,6,13115,13109,2026-09-28T00:01:18,13100,13200,E,43.176933,-2.909058,60,True,2,2
2026-09-28T02:40:01Z,6168D35654C1,35654,C1,4,11409,11408,2026-09-28T00:00:03,11400,11508,95.0,43.094822,-2.1242988,61,False,,2
2026-09-28T02:40:01Z,6268D71185C2,71185,C2,1,05605,05604,2026-09-28T00:02:19,14223,05637,41.0,43.44704,-3.8820617,62,False,,2
2026-09-28T02:40:01Z,2068D22237C2,22237,C2,49,16011,16010,2026-09-28T00:01:00,15211,16011,E,43.28714,-5.6448464,20,False,1,1
2026-09-28T02:40:01Z,2068D22372C3,22372,C3,3,16403,16401,2026-09-28T00:03:00,15211,16403,E,43.56141,-5.922727,20,False,1,2
2026-09-28T02:40:01Z,2068D22373C3,22373,C3,7,16403,16403,2026-09-27T23:59:00,16403,15211,A,43.56141,-5.922727,20,False,1,1
2026-09-28T02:40:01Z,2068D70237C4,70237,C4,-1432,15410,15410,2026-09-28T00:03:00,15410,16403,A,43.537647,-5.67596,20,False,12,12
2026-09-28T02:40:01Z,2068D22358C3,22358,C3,-1441,15218,15218,2026-09-29T00:00:00,15218,16405,A,43.3588,-5.8573804,20,False,2,2
2026-09-28T02:40:01Z,2068D22132C1,22132,C1,0,15217,15211,2026-09-28T00:03:00,15218,17000,S,43.38812,-5.8272715,20,False,2,2
2026-09-28T02:40:01Z,4168D84931C2,84931,C2,87,61200,06002,2026-09-28T00:34:00,06006,61200,E,37.97462,-1.1315287,41,False,1,2
2026-09-28T02:40:01Z,4168D24722C1,24722,C1,13,62109,60911,2026-09-28T00:10:00,60911,61200,A,38.34553,-0.49576503,41,False,1,1
2026-09-28T02:40:01Z,4168D24723C1,24723,C1,-1425,61200,61200,2026-09-28T00:14:00,61200,60911,E,37.974686,-1.131078,41,False,1,1
2026-09-28T02:40:01Z,1068D27506C4b,27506,C4b,6,37002,37011,2026-09-28T00:02:00,37012,17005,A,40.288372,-3.7373493,10,True,2,2
2026-09-28T02:40:01Z,1068D75037C8a,75037,C8a,6,97100,10100,2026-09-28T00:10:00,10203,17000,E,40.49547,-3.7261994,10,False,1,3
2026-09-28T02:40:01Z,1068D19945C1,19945,C1,0,98305,98304,2026-09-29T00:12:00,18000,98305,E,40.4924,-3.593483,10,False,2,1
2026-09-28T02:40:01Z,1068D27316C4a,27316,C4a,-1440,18000,18000,2026-09-29T00:06:00,18000,19003,E,40.40654,-3.6895106,10,True,7,7
2026-09-28T02:40:01Z,1068D75872C7,75872,C7,3,18002,18002,2026-09-27T23:59:00,18002,10000,E,40.44655,-3.691473,10,False,4,4
2026-09-28T02:40:01Z,1068D27818C5,27818,C5,0,35009,35001,2026-09-27T23:49:00,35012,35607,S,40.34086,-3.7482634,10,False,2,2
2026-09-28T02:40:01Z,1068D27817C5,27817,C5,-1440,35607,35607,2026-09-28T00:41:00,35607,35012,A,40.330883,-3.8823783,10,False,2,2
2026-09-28T02:40:01Z,1068D27995C5,27995,C5,18,35606,35607,2026-09-27T23:59:00,35607,35002,S,40.32875,-3.8636916,10,False,1,2
2026-09-28T02:40:01Z,1068D27512C4b,27512,C4b,-1424,18000,18000,2026-09-28T00:55:00,18000,17005,E,40.40654,-3.6895106,10,True,7,7
2026-09-28T02:40:01Z,1068D75530C2,75530,C2,-1437,70200,70200,2026-09-28T00:28:00,70200,17000,E,40.644257,-3.1823237,10,False,2,2
2026-09-28T02:40:01Z,1068D75035C8a,75035,C8a,19,10203,10203,2026-09-27T23:59:00,10203,17000,E,40.58532,-4.1321955,10,False,5,5
2026-09-28T02:40:01Z,1068D27815C5,27815,C5,0,18000,35609,2026-09-27T23:59:00,35607,35012,A,40.405067,-3.7026901,10,False,9,2
2026-09-28T02:40:01Z,1068D75877C7,75877,C7,4,10007,10010,2026-09-28T00:03:00,10000,70103,24.0,40.472656,-3.836884,10,True,1,1
2026-09-28T02:40:01Z,1068D27090C3,27090,C3,-1418,60200,60200,2026-09-28T00:00:00,60200,17000,E,40.035027,-3.6189713,10,True,4,4
2026-09-28T02:40:01Z,1068D75875C7,75875,C7,15,10000,10000,2026-09-27T23:59:00,10000,70103,E,40.42163,-3.7193205,10,False,7,7
2026-09-28T02:40:01Z,1068D19940C1,19940,C1,-1440,98305,98305,2026-09-29T00:05:00,98305,17000,E,40.4924,-3.593483,10,False,1,1
2026-09-28T02:40:01Z,1068D27094C3,27094,C3,-1432,60200,60200,2026-09-28T00:45:00,60200,17000,S,40.035027,-3.6189713,10,True,3,3
2026-09-28T02:40:01Z,1068D27508C4b,27508,C4b,3,18000,60100,2026-09-28T00:06:00,37012,17005,13.0,40.40084,-3.682559,10,True,7,1
2026-09-28T02:40:01Z,1068D75644C2,75644,C2,-1435,70200,70200,2026-09-28T00:58:00,70200,17000,A,40.644257,-3.1823237,10,True,2,2
2026-09-28T02:40:01Z,1068D27095C3,27095,C3,-1,60103,60102,2026-09-29T00:04:00,17000,60200,E,40.242844,-3.7038615,10,True,1,1
2026-09-28T02:40:01Z,1068D27092C3,27092,C3,-1425,60200,60200,2026-09-28T00:12:00,60200,17000,S,40.035027,-3.6189713,10,False,3,3
2026-09-28T02:40:01Z,1068D75268C10,75268,C10,5,10101,10103,2026-09-28T00:06:00,10200,17000,13.0,40.560028,-3.9011943,10,True,1,1
2026-09-28T02:40:01Z,1068D27822C5,27822,C5,0,35601,35600,2026-09-27T23:59:00,35012,35607,A,40.386257,-3.7610443,10,False,1,1
2026-09-28T02:40:01Z,1068D27093C3,27093,C3,-1435,17000,17000,2026-09-28T00:13:00,17000,60200,E,40.471382,-3.6834786,10,True,5,5
2026-09-28T02:40:01Z,1068D27643C8b,27643,C8b,-1437,12006,12006,2026-09-28T00:26:00,12006,17000,A,40.737614,-4.0662985,10,False,2,2
2026-09-28T02:40:01Z,1068D27820C5,27820,C5,0,37001,35009,2026-09-28T00:01:00,35012,35607,A,40.34086,-3.7482634,10,False,6,2
2026-09-28T02:40:01Z,1068D27317C4,27317,C4,-1441,17000,17000,2026-09-29T00:34:00,17000,37012,A,40.471325,-3.6833096,10,True,3,3
2026-09-28T02:40:01Z,1068D75172C10,75172,C10,1,18004,18003,2026-09-28T00:01:00,17000,10200,A,40.395943,-3.677964,10,True,1,1
2026-09-28T02:40:01Z,1068D27510C4b,27510,C4b,3,17001,17000,2026-09-28T00:05:00,18000,17005,S,40.501648,-3.6821797,10,True,2,2
2026-09-28T02:44:38Z,3068D23578C1,23578,C1,2,50602,50700,2026-09-28T00:06:54,51003,50600,E,37.58157,-5.6699624,30,False,2,2
2026-09-28T02:44:38Z,3068D23743C5,23743,C5,-1442,51003,51003,2026-09-28T00:38:59,51003,43005,A,37.392567,-5.9749837,30,False,9,9
2026-09-28T02:44:38Z,3068D23841C5,23841,C5,-1,43004,43005,2026-09-28T00:03:07,43005,51113,E,37.381527,-6.193782,30,False,,3
2026-09-28T02:44:38Z,3068D23581C1,23581,C1,0,51103,51111,2026-09-28T00:03:16,51003,51200,34.0,37.294693,-5.9445186,30,False,,1
2026-09-28T02:44:38Z,3268D23176C2,23176,C2,54,54408,54410,2026-09-28T00:03:00,54517,54405,39.0,36.723545,-4.5838585,32,False,,
2026-09-28T02:44:38Z,3268D23402C1,23402,C1,-1438,54517,54517,2026-09-28T00:38:19,54517,54516,A,36.715366,-4.4266005,32,False,1,1
2026-09-28T02:44:38Z,3268D23400C1,23400,C1,3,54503,54501,2026-09-28T00:02:10,54517,54516,26.0,36.695095,-4.4762516,32,False,2,2
2026-09-28T02:44:38Z,5168D25472R2N,25472,R2N,-2,71801,71802,2026-09-28T00:02:47,79100,72400,E,41.37954,2.1411655,50,True,,
2026-09-28T02:44:38Z,5168D77468R4,77468,R4,-1432,78700,78700,2026-09-28T00:27:51,78700,71600,A,41.56993,2.0143688,50,False,,
2026-09-28T02:44:38Z,5168D35564R4,35564,R4,-1431,72209,72209,2026-09-28T00:00:49,72209,78600,A,41.47872,1.9255537,50,False,,
2026-09-28T02:44:38Z,5168D15023R15,15023,R15,52,71502,71500,2026-09-28T00:03:56,71400,79400,60.0,41.129208,1.2999328,50,False,,
2026-09-28T02:44:38Z,5168D25795R1,25795,R1,-1,79403,79404,2026-09-28T00:02:38,79500,72305,E,41.445705,2.2490852,50,False,,1
2026-09-28T02:44:38Z,5168D28393R2S,28393,R2S,-2,71802,71801,2026-09-28T00:01:35,71700,79400,A,41.379513,2.1412146,50,False,,
2026-09-28T02:44:38Z,5168D77464R4,77464,R4,11,78604,78600,2026-09-28T00:05:15,78600,71600,41.0,41.686344,1.8386431,50,False,,
2026-09-28T02:44:38Z,5168D25470R2N,25470,R2N,3,79006,79007,2026-09-28T00:03:54,79104,72400,E,41.533474,2.2177799,50,True,1,
2026-09-28T02:44:38Z,5168D25567R2S,25567,R2S,2,71604,71603,2026-09-28T00:01:57,71600,79400,E,41.20413,1.6760199,50,False,,
2026-09-28T02:44:38Z,5168D28490R2,28490,R2,0,71705,71704,2026-09-28T00:02:22,71700,79104,20.0,41.278507,1.9790424,50,True,,
2026-09-28T02:44:38Z,6068D26577C3,26577,C3,4,13119,13120,2026-09-28T00:00:52,13200,13100,E,43.240112,-2.924082,60,False,,1
2026-09-28T02:44:38Z,6068D35689C3,35689,C3,2,13121,13102,2026-09-28T00:02:16,13200,13100,E,43.05786,-2.996093,60,True,1,1
2026-09-28T02:44:38Z,6068D26576C3,26576,C3,6,13115,13109,2026-09-28T00:01:18,13100,13200,E,43.176933,-2.909058,60,True,2,2
2026-09-28T02:44:38Z,6168D35654C1,35654,C1,4,11409,11408,2026-09-28T00:00:03,11400,11508,95.0,43.094822,-2.1242988,61,False,,2
2026-09-28T02:44:38Z,6268D71185C2,71185,C2,1,05605,05604,2026-09-28T00:02:19,14223,05637,41.0,43.44704,-3.8820617,62,False,,2
2026-09-28T02:44:38Z,2068D22237C2,22237,C2,49,16011,16010,2026-09-28T00:01:00,15211,16011,E,43.28714,-5.6448464,20,False,1,1
2026-09-28T02:44:38Z,2068D22372C3,22372,C3,3,16403,16401,2026-09-28T00:03:00,15211,16403,E,43.56141,-5.922727,20,False,1,2
2026-09-28T02:44:38Z,2068D22373C3,22373,C3,7,16403,16403,2026-09-27T23:59:00,16403,15211,A,43.56141,-5.922727,20,False,1,1
2026-09-28T02:44:38Z,2068D70237C4,70237,C4,-1432,15410,15410,2026-09-28T00:03:00,15410,16403,A,43.537647,-5.67596,20,False,12,12
2026-09-28T02:44:38Z,2068D22358C3,22358,C3,-1441,15218,15218,2026-09-29T00:00:00,15218,16405,A,43.3588,-5.8573804,20,False,2,2
2026-09-28T02:44:38Z,2068D22132C1,22132,C1,0,15217,15211,2026-09-28T00:03:00,15218,17000,S,43.38812,-5.8272715,20,False,2,2
2026-09-28T02:44:38Z,4168D84931C2,84931,C2,87,61200,06002,2026-09-28T00:34:00,06006,61200,E,37.97462,-1.1315287,41,False,1,2
2026-09-28T02:44:38Z,4168D24722C1,24722,C1,13,62109,60911,2026-09-28T00:10:00,60911,61200,A,38.34553,-0.49576503,41,False,1,1
2026-09-28T02:44:38Z,4168D24723C1,24723,C1,-1425,61200,61200,2026-09-28T00:14:00,61200,60911,E,37.974686,-1.131078,41,False,1,1
2026-09-28T02:44:38Z,1068D27506C4b,27506,C4b,6,37002,37011,2026-09-28T00:02:00,37012,17005,A,40.288372,-3.7373493,10,True,2,2
2026-09-28T02:44:38Z,1068D75037C8a,75037,C8a,6,97100,10100,2026-09-28T00:10:00,10203,17000,E,40.49547,-3.7261994,10,False,1,3
2026-09-28T02:44:38Z,1068D19945C1,19945,C1,0,98305,98304,2026-09-29T00:12:00,18000,98305,E,40.4924,-3.593483,10,False,2,1
2026-09-28T02:44:38Z,1068D27316C4a,27316,C4a,-1440,18000,18000,2026-09-29T00:06:00,18000,19003,E,40.40654,-3.6895106,10,True,7,7
2026-09-28T02:44:38Z,1068D75872C7,75872,C7,3,18002,18002,2026-09-27T23:59:00,18002,10000,E,40.44655,-3.691473,10,False,4,4
2026-09-28T02:44:38Z,1068D27818C5,27818,C5,0,35009,35001,2026-09-27T23:49:00,35012,35607,S,40.34086,-3.7482634,10,False,2,2
2026-09-28T02:44:38Z,1068D27817C5,27817,C5,-1440,35607,35607,2026-09-28T00:41:00,35607,35012,A,40.330883,-3.8823783,10,False,2,2
2026-09-28T02:44:38Z,1068D27995C5,27995,C5,18,35606,35607,2026-09-27T23:59:00,35607,35002,S,40.32875,-3.8636916,10,False,1,2
2026-09-28T02:44:38Z,1068D27512C4b,27512,C4b,-1424,18000,18000,2026-09-28T00:55:00,18000,17005,E,40.40654,-3.6895106,10,True,7,7
2026-09-28T02:44:38Z,1068D75530C2,75530,C2,-1437,70200,70200,2026-09-28T00:28:00,70200,17000,E,40.644257,-3.1823237,10,False,2,2
2026-09-28T02:44:38Z,1068D75035C8a,75035,C8a,19,10203,10203,2026-09-27T23:59:00,10203,17000,E,40.58532,-4.1321955,10,False,5,5
2026-09-28T02:44:38Z,1068D27815C5,27815,C5,0,18000,35609,2026-09-27T23:59:00,35607,35012,A,40.405067,-3.7026901,10,False,9,2
2026-09-28T02:44:38Z,1068D75877C7,75877,C7,4,10007,10010,2026-09-28T00:03:00,10000,70103,24.0,40.472656,-3.836884,10,True,1,1
2026-09-28T02:44:38Z,1068D27090C3,27090,C3,-1418,60200,60200,2026-09-28T00:00:00,60200,17000,E,40.035027,-3.6189713,10,True,4,4
2026-09-28T02:44:38Z,1068D75875C7,75875,C7,15,10000,10000,2026-09-27T23:59:00,10000,70103,E,40.42163,-3.7193205,10,False,7,7
2026-09-28T02:44:38Z,1068D19940C1,19940,C1,-1440,98305,98305,2026-09-29T00:05:00,98305,17000,E,40.4924,-3.593483,10,False,1,1
2026-09-28T02:44:38Z,1068D27094C3,27094,C3,-1432,60200,60200,2026-09-28T00:45:00,60200,17000,S,40.035027,-3.6189713,10,True,3,3
2026-09-28T02:44:38Z,1068D27508C4b,27508,C4b,3,18000,60100,2026-09-28T00:06:00,37012,17005,13.0,40.40084,-3.682559,10,True,7,1
2026-09-28T02:44:38Z,1068D75644C2,75644,C2,-1435,70200,70200,2026-09-28T00:58:00,70200,17000,A,40.644257,-3.1823237,10,True,2,2
2026-09-28T02:44:38Z,1068D27095C3,27095,C3,-1,60103,60102,2026-09-29T00:04:00,17000,60200,E,40.242844,-3.7038615,10,True,1,1
2026-09-28T02:44:38Z,1068D27092C3,27092,C3,-1425,60200,60200,2026-09-28T00:12:00,60200,17000,S,40.035027,-3.6189713,10,False,3,3
2026-09-28T02:44:38Z,1068D75268C10,75268,C10,5,10101,10103,2026-09-28T00:06:00,10200,17000,13.0,40.560028,-3.9011943,10,True,1,1
2026-09-28T02:44:38Z,1068D27822C5,27822,C5,0,35601,35600,2026-09-27T23:59:00,35012,35607,A,40.386257,-3.7610443,10,False,1,1
2026-09-28T02:44:38Z,1068D27093C3,27093,C3,-1435,17000,17000,2026-09-28T00:13:00,17000,60200,E,40.471382,-3.6834786,10,True,5,5
2026-09-28T02:44:38Z,1068D27643C8b,27643,C8b,-1437,12006,12006,2026-09-28T00:26:00,12006,17000,A,40.737614,-4.0662985,10,False,2,2
2026-09-28T02:44:38Z,1068D27820C5,27820,C5,0,37001,35009,2026-09-28T00:01:00,35012,35607,A,40.34086,-3.7482634,10,False,6,2
2026-09-28T02:44:38Z,1068D27317C4,27317,C4,-1441,17000,17000,2026-09-29T00:34:00,17000,37012,A,40.471325,-3.6833096,10,True,3,3
2026-09-28T02:44:38Z,1068D75172C10,75172,C10,1,18004,18003,2026-09-28T00:01:00,17000,10200,A,40.395943,-3.677964,10,True,1,1
2026-09-28T02:44:38Z,1068D27510C4b,27510,C4b,3,17001,17000,2026-09-28T00:05:00,18000,17005,S,40.501648,-3.6821797,10,True,2,2
2026-09-28T02:49:40Z,3068D23578C1,23578,C1,2,50602,50700,2026-09-28T00:06:54,51003,50600,E,37.58157,-5.6699624,30,False,2,2
2026-09-28T02:49:40Z,3068D23743C5,23743,C5,-1442,51003,51003,2026-09-28T00:38:59,51003,43005,A,37.392567,-5.9749837,30,False,9,9
2026-09-28T02:49:40Z,3068D23841C5,23841,C5,-1,43004,43005,2026-09-28T00:03:07,43005,51113,E,37.381527,-6.193782,30,False,,3
2026-09-28T02:49:40Z,3068D23581C1,23581,C1,0,51103,51111,2026-09-28T00:03:16,51003,51200,34.0,37.294693,-5.9445186,30,False,,1
2026-09-28T02:49:40Z,3268D23176C2,23176,C2,54,54408,54410,2026-09-28T00:03:00,54517,54405,39.0,36.723545,-4.5838585,32,False,,
2026-09-28T02:49:40Z,3268D23402C1,23402,C1,-1438,54517,54517,2026-09-28T00:38:19,54517,54516,A,36.715366,-4.4266005,32,False,1,1
2026-09-28T02:49:40Z,3268D23400C1,23400,C1,3,54503,54501,2026-09-28T00:02:10,54517,54516,26.0,36.695095,-4.4762516,32,False,2,2
2026-09-28T02:49:40Z,5168D25472R2N,25472,R2N,-2,71801,71802,2026-09-28T00:02:47,79100,72400,E,41.37954,2.1411655,50,True,,
2026-09-28T02:49:40Z,5168D77468R4,77468,R4,-1432,78700,78700,2026-09-28T00:27:51,78700,71600,A,41.56993,2.0143688,50,False,,
2026-09-28T02:49:40Z,5168D35564R4,35564,R4,-1431,72209,72209,2026-09-28T00:00:49,72209,78600,A,41.47872,1.9255537,50,False,,
2026-09-28T02:49:40Z,5168D15023R15,15023,R15,52,71502,71500,2026-09-28T00:03:56,71400,79400,60.0,41.129208,1.2999328,50,False,,
2026-09-28T02:49:40Z,5168D25795R1,25795,R1,-1,79403,79404,2026-09-28T00:02:38,79500,72305,E,41.445705,2.2490852,50,False,,1
2026-09-28T02:49:40Z,5168D28393R2S,28393,R2S,-2,71802,71801,2026-09-28T00:01:35,71700,79400,A,41.379513,2.1412146,50,False,,
2026-09-28T02:49:40Z,5168D77464R4,77464,R4,11,78604,78600,2026-09-28T00:05:15,78600,71600,41.0,41.686344,1.8386431,50,False,,
2026-09-28T02:49:40Z,5168D25470R2N,25470,R2N,3,79006,79007,2026-09-28T00:03:54,79104,72400,E,41.533474,2.2177799,50,True,1,
2026-09-28T02:49:40Z,5168D25567R2S,25567,R2S,2,71604,71603,2026-09-28T00:01:57,71600,79400,E,41.20413,1.6760199,50,False,,
2026-09-28T02:49:40Z,5168D28490R2,28490,R2,0,71705,71704,2026-09-28T00:02:22,71700,79104,20.0,41.278507,1.9790424,50,True,,
2026-09-28T02:49:40Z,6068D26577C3,26577,C3,4,13119,13120,2026-09-28T00:00:52,13200,13100,E,43.240112,-2.924082,60,False,,1
2026-09-28T02:49:40Z,6068D35689C3,35689,C3,2,13121,13102,2026-09-28T00:02:16,13200,13100,E,43.05786,-2.996093,60,True,1,1
2026-09-28T02:49:40Z,6068D26576C3,26576,C3,6,13115,13109,2026-09-28T00:01:18,13100,13200,E,43.176933,-2.909058,60,True,2,2
2026-09-28T02:49:40Z,6168D35654C1,35654,C1,4,11409,11408,2026-09-28T00:00:03,11400,11508,95.0,43.094822,-2.1242988,61,False,,2
2026-09-28T02:49:40Z,6268D71185C2,71185,C2,1,05605,05604,2026-09-28T00:02:19,14223,05637,41.0,43.44704,-3.8820617,62,False,,2
2026-09-28T02:49:40Z,2068D22237C2,22237,C2,49,16011,16010,2026-09-28T00:01:00,15211,16011,E,43.28714,-5.6448464,20,False,1,1
2026-09-28T02:49:40Z,2068D22372C3,22372,C3,3,16403,16401,2026-09-28T00:03:00,15211,16403,E,43.56141,-5.922727,20,False,1,2
2026-09-28T02:49:40Z,2068D22373C3,22373,C3,7,16403,16403,2026-09-27T23:59:00,16403,15211,A,43.56141,-5.922727,20,False,1,1
2026-09-28T02:49:40Z,2068D70237C4,70237,C4,-1432,15410,15410,2026-09-28T00:03:00,15410,16403,A,43.537647,-5.67596,20,False,12,12
2026-09-28T02:49:40Z,2068D22358C3,22358,C3,-1441,15218,15218,2026-09-29T00:00:00,15218,16405,A,43.3588,-5.8573804,20,False,2,2
2026-09-28T02:49:40Z,2068D22132C1,22132,C1,0,15217,15211,2026-09-28T00:03:00,15218,17000,S,43.38812,-5.8272715,20,False,2,2
2026-09-28T02:49:40Z,4168D84931C2,84931,C2,87,61200,06002,2026-09-28T00:34:00,06006,61200,E,37.97462,-1.1315287,41,False,1,2
2026-09-28T02:49:40Z,4168D24722C1,24722,C1,13,62109,60911,2026-09-28T00:10:00,60911,61200,A,38.34553,-0.49576503,41,False,1,1
2026-09-28T02:49:40Z,4168D24723C1,24723,C1,-1425,61200,61200,2026-09-28T00:14:00,61200,60911,E,37.974686,-1.131078,41,False,1,1
2026-09-28T02:49:40Z,1068D27506C4b,27506,C4b,6,37002,37011,2026-09-28T00:02:00,37012,17005,A,40.288372,-3.7373493,10,True,2,2
2026-09-28T02:49:40Z,1068D75037C8a,75037,C8a,6,97100,10100,2026-09-28T00:10:00,10203,17000,E,40.49547,-3.7261994,10,False,1,3
2026-09-28T02:49:40Z,1068D19945C1,19945,C1,0,98305,98304,2026-09-29T00:12:00,18000,98305,E,40.4924,-3.593483,10,False,2,1
2026-09-28T02:49:40Z,1068D27316C4a,27316,C4a,-1440,18000,18000,2026-09-29T00:06:00,18000,19003,E,40.40654,-3.6895106,10,True,7,7
2026-09-28T02:49:40Z,1068D75872C7,75872,C7,3,18002,18002,2026-09-27T23:59:00,18002,10000,E,40.44655,-3.691473,10,False,4,4
2026-09-28T02:49:40Z,1068D27818C5,27818,C5,0,35009,35001,2026-09-27T23:49:00,35012,35607,S,40.34086,-3.7482634,10,False,2,2
2026-09-28T02:49:40Z,1068D27817C5,27817,C5,-1440,35607,35607,2026-09-28T00:41:00,35607,35012,A,40.330883,-3.8823783,10,False,2,2
2026-09-28T02:49:40Z,1068D27995C5,27995,C5,18,35606,35607,2026-09-27T23:59:00,35607,35002,S,40.32875,-3.8636916,10,False,1,2
2026-09-28T02:49:40Z,1068D27512C4b,27512,C4b,-1424,18000,18000,2026-09-28T00:55:00,18000,17005,E,40.40654,-3.6895106,10,True,7,7
2026-09-28T02:49:40Z,1068D75530C2,75530,C2,-1437,70200,70200,2026-09-28T00:28:00,70200,17000,E,40.644257,-3.1823237,10,False,2,2
2026-09-28T02:49:40Z,1068D75035C8a,75035,C8a,19,10203,10203,2026-09-27T23:59:00,10203,17000,E,40.58532,-4.1321955,10,False,5,5
2026-09-28T02:49:40Z,1068D27815C5,27815,C5,0,18000,35609,2026-09-27T23:59:00,35607,35012,A,40.405067,-3.7026901,10,False,9,2
2026-09-28T02:49:40Z,1068D75877C7,75877,C7,4,10007,10010,2026-09-28T00:03:00,10000,70103,24.0,40.472656,-3.836884,10,True,1,1
2026-09-28T02:49:40Z,1068D27090C3,27090,C3,-1418,60200,60200,2026-09-28T00:00:00,60200,17000,E,40.035027,-3.6189713,10,True,4,4
2026-09-28T02:49:40Z,1068D75875C7,75875,C7,15,10000,10000,2026-09-27T23:59:00,10000,70103,E,40.42163,-3.7193205,10,False,7,7
2026-09-28T02:49:40Z,1068D19940C1,19940,C1,-1440,98305,98305,2026-09-29T00:05:00,98305,17000,E,40.4924,-3.593483,10,False,1,1
2026-09-28T02:49:40Z,1068D27094C3,27094,C3,-1432,60200,60200,2026-09-28T00:45:00,60200,17000,S,40.035027,-3.6189713,10,True,3,3
2026-09-28T02:49:40Z,1068D27508C4b,27508,C4b,3,18000,60100,2026-09-28T00:06:00,37012,17005,13.0,40.40084,-3.682559,10,True,7,1
2026-09-28T02:49:40Z,1068D75644C2,75644,C2,-1435,70200,70200,2026-09-28T00:58:00,70200,17000,A,40.644257,-3.1823237,10,True,2,2
2026-09-28T02:49:40Z,1068D27095C3,27095,C3,-1,60103,60102,2026-09-29T00:04:00,17000,60200,E,40.242844,-3.7038615,10,True,1,1
2026-09-28T02:49:40Z,1068D27092C3,27092,C3,-1425,60200,60200,2026-09-28T00:12:00,60200,17000,S,40.035027,-3.6189713,10,False,3,3
2026-09-28T02:49:40Z,1068D75268C10,75268,C10,5,10101,10103,2026-09-28T00:06:00,10200,17000,13.0,40.560028,-3.9011943,10,True,1,1
2026-09-28T02:49:40Z,1068D27822C5,27822,C5,0,35601,35600,2026-09-27T23:59:00,35012,35607,A,40.386257,-3.7610443,10,False,1,1
2026-09-28T02:49:40Z,1068D27093C3,27093,C3,-1435,17000,17000,2026-09-28T00:13:00,17000,60200,E,40.471382,-3.6834786,10,True,5,5
2026-09-28T02:49:40Z,1068D27643C8b,27643,C8b,-1437,12006,12006,2026-09-28T00:26:00,12006,17000,A,40.737614,-4.0662985,10,False,2,2
2026-09-28T02:49:40Z,1068D27820C5,27820,C5,0,37001,35009,2026-09-28T00:01:00,35012,35607,A,40.34086,-3.7482634,10,False,6,2
2026-09-28T02:49:40Z,1068D27317C4,27317,C4,-1441,17000,17000,2026-09-29T00:34:00,17000,37012,A,40.471325,-3.6833096,10,True,3,3
2026-09-28T02:49:40Z,1068D75172C10,75172,C10,1,18004,18003,2026-09-28T00:01:00,17000,10200,A,40.395943,-3.677964,10,True,1,1
2026-09-28T02:49:40Z,1068D27510C4b,27510,C4b,3,17001,17000,2026-09-28T00:05:00,18000,17005,S,40.501648,-3.6821797,10,True,2,2
2026-09-28T02:54:32Z,3068D23578C1,23578,C1,2,50602,50700,2026-09-28T00:06:54,51003,50600,E,37.58157,-5.6699624,30,False,2,2
2026-09-28T02:54:32Z,3068D23743C5,23743,C5,-1442,51003,51003,2026-09-28T00:38:59,51003,43005,A,37.392567,-5.9749837,30,False,9,9
2026-09-28T02:54:32Z,3068D23841C5,23841,C5,-1,43004,43005,2026-09-28T00:03:07,43005,51113,E,37.381527,-6.193782,30,False,,3
2026-09-28T02:54:32Z,3068D23581C1,23581,C1,0,51103,51111,2026-09-28T00:03:16,51003,51200,34.0,37.294693,-5.9445186,30,False,,1
2026-09-28T02:54:32Z,3268D23176C2,23176,C2,54,54408,54410,2026-09-28T00:03:00,54517,54405,39.0,36.723545,-4.5838585,32,False,,
2026-09-28T02:54:32Z,3268D23402C1,23402,C1,-1438,54517,54517,2026-09-28T00:38:19,54517,54516,A,36.715366,-4.4266005,32,False,1,1
2026-09-28T02:54:32Z,3268D23400C1,23400,C1,3,54503,54501,2026-09-28T00:02:10,54517,54516,26.0,36.695095,-4.4762516,32,False,2,2
2026-09-28T02:54:32Z,5168D25472R2N,25472,R2N,-2,71801,71802,2026-09-28T00:02:47,79100,72400,E,41.37954,2.1411655,50,True,,
2026-09-28T02:54:32Z,5168D77468R4,77468,R4,-1432,78700,78700,2026-09-28T00:27:51,78700,71600,A,41.56993,2.0143688,50,False,,
2026-09-28T02:54:32Z,5168D35564R4,35564,R4,-1431,72209,72209,2026-09-28T00:00:49,72209,78600,A,41.47872,1.9255537,50,False,,
2026-09-28T02:54:32Z,5168D15023R15,15023,R15,52,71502,71500,2026-09-28T00:03:56,71400,79400,60.0,41.129208,1.2999328,50,False,,
2026-09-28T02:54:32Z,5168D25795R1,25795,R1,-1,79403,79404,2026-09-28T00:02:38,79500,72305,E,41.445705,2.2490852,50,False,,1
2026-09-28T02:54:32Z,5168D28393R2S,28393,R2S,-2,71802,71801,2026-09-28T00:01:35,71700,79400,A,41.379513,2.1412146,50,False,,
2026-09-28T02:54:32Z,5168D77464R4,77464,R4,11,78604,78600,2026-09-28T00:05:15,78600,71600,41.0,41.686344,1.8386431,50,False,,
2026-09-28T02:54:32Z,5168D25470R2N,25470,R2N,3,79006,79007,2026-09-28T00:03:54,79104,72400,E,41.533474,2.2177799,50,True,1,
2026-09-28T02:54:32Z,5168D25567R2S,25567,R2S,2,71604,71603,2026-09-28T00:01:57,71600,79400,E,41.20413,1.6760199,50,False,,
2026-09-28T02:54:32Z,5168D28490R2,28490,R2,0,71705,71704,2026-09-28T00:02:22,71700,79104,20.0,41.278507,1.9790424,50,True,,
2026-09-28T02:54:32Z,6068D26577C3,26577,C3,4,13119,13120,2026-09-28T00:00:52,13200,13100,E,43.240112,-2.924082,60,False,,1
2026-09-28T02:54:32Z,6068D35689C3,35689,C3,2,13121,13102,2026-09-28T00:02:16,13200,13100,E,43.05786,-2.996093,60,True,1,1
2026-09-28T02:54:32Z,6068D26576C3,26576,C3,6,13115,13109,2026-09-28T00:01:18,13100,13200,E,43.176933,-2.909058,60,True,2,2
2026-09-28T02:54:32Z,6168D35654C1,35654,C1,4,11409,11408,2026-09-28T00:00:03,11400,11508,95.0,43.094822,-2.1242988,61,False,,2
2026-09-28T02:54:32Z,6268D71185C2,71185,C2,1,05605,05604,2026-09-28T00:02:19,14223,05637,41.0,43.44704,-3.8820617,62,False,,2
2026-09-28T02:54:32Z,2068D22237C2,22237,C2,49,16011,16010,2026-09-28T00:01:00,15211,16011,E,43.28714,-5.6448464,20,False,1,1
2026-09-28T02:54:32Z,2068D22372C3,22372,C3,3,16403,16401,2026-09-28T00:03:00,15211,16403,E,43.56141,-5.922727,20,False,1,2
2026-09-28T02:54:32Z,2068D22373C3,22373,C3,7,16403,16403,2026-09-27T23:59:00,16403,15211,A,43.56141,-5.922727,20,False,1,1
2026-09-28T02:54:32Z,2068D70237C4,70237,C4,-1432,15410,15410,2026-09-28T00:03:00,15410,16403,A,43.537647,-5.67596,20,False,12,12
2026-09-28T02:54:32Z,2068D22358C3,22358,C3,-1441,15218,15218,2026-09-29T00:00:00,15218,16405,A,43.3588,-5.8573804,20,False,2,2
2026-09-28T02:54:32Z,2068D22132C1,22132,C1,0,15217,15211,2026-09-28T00:03:00,15218,17000,S,43.38812,-5.8272715,20,False,2,2
2026-09-28T02:54:32Z,4168D84931C2,84931,C2,87,61200,06002,2026-09-28T00:34:00,06006,61200,E,37.97462,-1.1315287,41,False,1,2
2026-09-28T02:54:32Z,4168D24722C1,24722,C1,13,62109,60911,2026-09-28T00:10:00,60911,61200,A,38.34553,-0.49576503,41,False,1,1
2026-09-28T02:54:32Z,4168D24723C1,24723,C1,-1425,61200,61200,2026-09-28T00:14:00,61200,60911,E,37.974686,-1.131078,41,False,1,1
2026-09-28T02:54:32Z,1068D27506C4b,27506,C4b,6,37002,37011,2026-09-28T00:02:00,37012,17005,A,40.288372,-3.7373493,10,True,2,2
2026-09-28T02:54:32Z,1068D75037C8a,75037,C8a,6,97100,10100,2026-09-28T00:10:00,10203,17000,E,40.49547,-3.7261994,10,False,1,3
2026-09-28T02:54:32Z,1068D19945C1,19945,C1,0,98305,98304,2026-09-29T00:12:00,18000,98305,E,40.4924,-3.593483,10,False,2,1
2026-09-28T02:54:32Z,1068D27316C4a,27316,C4a,-1440,18000,18000,2026-09-29T00:06:00,18000,19003,E,40.40654,-3.6895106,10,True,7,7
2026-09-28T02:54:32Z,1068D75872C7,75872,C7,3,18002,18002,2026-09-27T23:59:00,18002,10000,E,40.44655,-3.691473,10,False,4,4
2026-09-28T02:54:32Z,1068D27818C5,27818,C5,0,35009,35001,2026-09-27T23:49:00,35012,35607,S,40.34086,-3.7482634,10,False,2,2
2026-09-28T02:54:32Z,1068D27817C5,27817,C5,-1440,35607,35607,2026-09-28T00:41:00,35607,35012,A,40.330883,-3.8823783,10,False,2,2
2026-09-28T02:54:32Z,1068D27995C5,27995,C5,18,35606,35607,2026-09-27T23:59:00,35607,35002,S,40.32875,-3.8636916,10,False,1,2
2026-09-28T02:54:32Z,1068D27512C4b,27512,C4b,-1424,18000,18000,2026-09-28T00:55:00,18000,17005,E,40.40654,-3.6895106,10,True,7,7
2026-09-28T02:54:32Z,1068D75530C2,75530,C2,-1437,70200,70200,2026-09-28T00:28:00,70200,17000,E,40.644257,-3.1823237,10,False,2,2
2026-09-28T02:54:32Z,1068D75035C8a,75035,C8a,19,10203,10203,2026-09-27T23:59:00,10203,17000,E,40.58532,-4.1321955,10,False,5,5
2026-09-28T02:54:32Z,1068D27815C5,27815,C5,0,18000,35609,2026-09-27T23:59:00,35607,35012,A,40.405067,-3.7026901,10,False,9,2
2026-09-28T02:54:32Z,1068D75877C7,75877,C7,4,10007,10010,2026-09-28T00:03:00,10000,70103,24.0,40.472656,-3.836884,10,True,1,1
2026-09-28T02:54:32Z,1068D27090C3,27090,C3,-1418,60200,60200,2026-09-28T00:00:00,60200,17000,E,40.035027,-3.6189713,10,True,4,4
2026-09-28T02:54:32Z,1068D75875C7,75875,C7,15,10000,10000,2026-09-27T23:59:00,10000,70103,E,40.42163,-3.7193205,10,False,7,7
2026-09-28T02:54:32Z,1068D19940C1,19940,C1,-1440,98305,98305,2026-09-29T00:05:00,98305,17000,E,40.4924,-3.593483,10,False,1,1
2026-09-28T02:54:32Z,1068D27094C3,27094,C3,-1432,60200,60200,2026-09-28T00:45:00,60200,17000,S,40.035027,-3.6189713,10,True,3,3
2026-09-28T02:54:32Z,1068D27508C4b,27508,C4b,3,18000,60100,2026-09-28T00:06:00,37012,17005,13.0,40.40084,-3.682559,10,True,7,1
2026-09-28T02:54:32Z,1068D75644C2,75644,C2,-1435,70200,70200,2026-09-28T00:58:00,70200,17000,A,40.644257,-3.1823237,10,True,2,2
2026-09-28T02:54:32Z,1068D27095C3,27095,C3,-1,60103,60102,2026-09-29T00:04:00,17000,60200,E,40.242844,-3.7038615,10,True,1,1
2026-09-28T02:54:32Z,1068D27092C3,27092,C3,-1425,60200,60200,2026-09-28T00:12:00,60200,17000,S,40.035027,-3.6189713,10,False,3,3
2026-09-28T02:54:32Z,1068D75268C10,75268,C10,5,10101,10103,2026-09-28T00:06:00,10200,17000,13.0,40.560028,-3.9011943,10,True,1,1
2026-09-28T02:54:32Z,1068D27822C5,27822,C5,0,35601,35600,2026-09-27T23:59:00,35012,35607,A,40.386257,-3.7610443,10,False,1,1
2026-09-28T02:54:32Z,1068D27093C3,27093,C3,-1435,17000,17000,2026-09-28T00:13:00,17000,60200,E,40.471382,-3.6834786,10,True,5,5
2026-09-28T02:54:32Z,1068D27643C8b,27643,C8b,-1437,12006,12006,2026-09-28T00:26:00,12006,17000,A,40.737614,-4.0662985,10,False,2,2
2026-09-28T02:54:32Z,1068D27820C5,27820,C5,0,37001,35009,2026-09-28T00:01:00,35012,35607,A,40.34086,-3.7482634,10,False,6,2
2026-09-28T02:54:32Z,1068D27317C4,27317,C4,-1441,17000,17000,2026-09-29T00:34:00,17000,37012,A,40.471325,-3.6833096,10,True,3,3
2026-09-28T02:54:32Z,1068D75172C10,75172,C10,1,18004,18003,2026-09-28T00:01:00,17000,10200,A,40.395943,-3.677964,10,True,1,1
2026-09-28T02:54:32Z,1068D27510C4b,27510,C4b,3,17001,17000,2026-09-28T00:05:00,18000,17005,S,40.501648,-3.6821797,10,True,2,2
2026-09-28T02:59:30Z,3068D23578C1,23578,C1,2,50602,50700,2026-09-28T00:06:54,51003,50600,E,37.58157,-5.6699624,30,False,2,2
2026-09-28T02:59:30Z,3068D23743C5,23743,C5,-1442,51003,51003,2026-09-28T00:38:59,51003,43005,A,37.392567,-5.9749837,30,False,9,9
2026-09-28T02:59:30Z,3068D23841C5,23841,C5,-1,43004,43005,2026-09-28T00:03:07,43005,51113,E,37.381527,-6.193782,30,False,,3
2026-09-28T02:59:30Z,3068D23581C1,23581,C1,0,51103,51111,2026-09-28T00:03:16,51003,51200,34.0,37.294693,-5.9445186,30,False,,1
2026-09-28T02:59:30Z,3268D23176C2,23176,C2,54,54408,54410,2026-09-28T00:03:00,54517,54405,39.0,36.723545,-4.5838585,32,False,,
2026-09-28T02:59:30Z,3268D23402C1,23402,C1,-1438,54517,54517,2026-09-28T00:38:19,54517,54516,A,36.715366,-4.4266005,32,False,1,1
2026-09-28T02:59:30Z,3268D23400C1,23400,C1,3,54503,54501,2026-09-28T00:02:10,54517,54516,26.0,36.695095,-4.4762516,32,False,2,2
2026-09-28T02:59:30Z,5168D25472R2N,25472,R2N,-2,71801,71802,2026-09-28T00:02:47,79100,72400,E,41.37954,2.1411655,50,True,,
2026-09-28T02:59:30Z,5168D77468R4,77468,R4,-1432,78700,78700,2026-09-28T00:27:51,78700,71600,A,41.56993,2.0143688,50,False,,
2026-09-28T02:59:30Z,5168D35564R4,35564,R4,-1431,72209,72209,2026-09-28T00:00:49,72209,78600,A,41.47872,1.9255537,50,False,,
2026-09-28T02:59:30Z,5168D15023R15,15023,R15,52,71502,71500,2026-09-28T00:03:56,71400,79400,60.0,41.129208,1.2999328,50,False,,
2026-09-28T02:59:30Z,5168D25795R1,25795,R1,-1,79403,79404,2026-09-28T00:02:38,79500,72305,E,41.445705,2.2490852,50,False,,1
2026-09-28T02:59:30Z,5168D28393R2S,28393,R2S,-2,71802,71801,2026-09-28T00:01:35,71700,79400,A,41.379513,2.1412146,50,False,,
2026-09-28T02:59:30Z,5168D77464R4,77464,R4,11,78604,78600,2026-09-28T00:05:15,78600,71600,41.0,41.686344,1.8386431,50,False,,
2026-09-28T02:59:30Z,5168D25470R2N,25470,R2N,3,79006,79007,2026-09-28T00:03:54,79104,72400,E,41.533474,2.2177799,50,True,1,
2026-09-28T02:59:30Z,5168D25567R2S,25567,R2S,2,71604,71603,2026-09-28T00:01:57,71600,79400,E,41.20413,1.6760199,50,False,,
2026-09-28T02:59:30Z,5168D28490R2,28490,R2,0,71705,71704,2026-09-28T00:02:22,71700,79104,20.0,41.278507,1.9790424,50,True,,
2026-09-28T02:59:30Z,6068D26577C3,26577,C3,4,13119,13120,2026-09-28T00:00:52,13200,13100,E,43.240112,-2.924082,60,False,,1
2026-09-28T02:59:30Z,6068D35689C3,35689,C3,2,13121,13102,2026-09-28T00:02:16,13200,13100,E,43.05786,-2.996093,60,True,1,1
2026-09-28T02:59:30Z,6068D26576C3,26576,C3,6,13115,13109,2026-09-28T00:01:18,13100,13200,E,43.176933,-2.909058,60,True,2,2
2026-09-28T02:59:30Z,6168D35654C1,35654,C1,4,11409,11408,2026-09-28T00:00:03,11400,11508,95.0,43.094822,-2.1242988,61,False,,2
2026-09-28T02:59:30Z,6268D71185C2,71185,C2,1,05605,05604,2026-09-28T00:02:19,14223,05637,41.0,43.44704,-3.8820617,62,False,,2
2026-09-28T02:59:30Z,2068D22237C2,22237,C2,49,16011,16010,2026-09-28T00:01:00,15211,16011,E,43.28714,-5.6448464,20,False,1,1
2026-09-28T02:59:30Z,2068D22372C3,22372,C3,3,16403,16401,2026-09-28T00:03:00,15211,16403,E,43.56141,-5.922727,20,False,1,2
2026-09-28T02:59:30Z,2068D22373C3,22373,C3,7,16403,16403,2026-09-27T23:59:00,16403,15211,A,43.56141,-5.922727,20,False,1,1
2026-09-28T02:59:30Z,2068D70237C4,70237,C4,-1432,15410,15410,2026-09-28T00:03:00,15410,16403,A,43.537647,-5.67596,20,False,12,12
2026-09-28T02:59:30Z,2068D22358C3,22358,C3,-1441,15218,15218,2026-09-29T00:00:00,15218,16405,A,43.3588,-5.8573804,20,False,2,2
2026-09-28T02:59:30Z,2068D22132C1,22132,C1,0,15217,15211,2026-09-28T00:03:00,15218,17000,S,43.38812,-5.8272715,20,False,2,2
2026-09-28T02:59:30Z,4168D84931C2,84931,C2,87,61200,06002,2026-09-28T00:34:00,06006,61200,E,37.97462,-1.1315287,41,False,1,2
2026-09-28T02:59:30Z,4168D24722C1,24722,C1,13,62109,60911,2026-09-28T00:10:00,60911,61200,A,38.34553,-0.49576503,41,False,1,1
2026-09-28T02:59:30Z,4168D24723C1,24723,C1,-1425,61200,61200,2026-09-28T00:14:00,61200,60911,E,37.974686,-1.131078,41,False,1,1
2026-09-28T02:59:30Z,1068D27506C4b,27506,C4b,6,37002,37011,2026-09-28T00:02:00,37012,17005,A,40.288372,-3.7373493,10,True,2,2
2026-09-28T02:59:30Z,1068D75037C8a,75037,C8a,6,97100,10100,2026-09-28T00:10:00,10203,17000,E,40.49547,-3.7261994,10,False,1,3
2026-09-28T02:59:30Z,1068D19945C1,19945,C1,0,98305,98304,2026-09-29T00:12:00,18000,98305,E,40.4924,-3.593483,10,False,2,1
2026-09-28T02:59:30Z,1068D27316C4a,27316,C4a,-1440,18000,18000,2026-09-29T00:06:00,18000,19003,E,40.40654,-3.6895106,10,True,7,7
2026-09-28T02:59:30Z,1068D75872C7,75872,C7,3,18002,18002,2026-09-27T23:59:00,18002,10000,E,40.44655,-3.691473,10,False,4,4
2026-09-28T02:59:30Z,1068D27818C5,27818,C5,0,35009,35001,2026-09-27T23:49:00,35012,35607,S,40.34086,-3.7482634,10,False,2,2
2026-09-28T02:59:30Z,1068D27817C5,27817,C5,-1440,35607,35607,2026-09-28T00:41:00,35607,35012,A,40.330883,-3.8823783,10,False,2,2
2026-09-28T02:59:30Z,1068D27995C5,27995,C5,18,35606,35607,2026-09-27T23:59:00,35607,35002,S,40.32875,-3.8636916,10,False,1,2
2026-09-28T02:59:30Z,1068D27512C4b,27512,C4b,-1424,18000,18000,2026-09-28T00:55:00,18000,17005,E,40.40654,-3.6895106,10,True,7,7
2026-09-28T02:59:30Z,1068D75530C2,75530,C2,-1437,70200,70200,2026-09-28T00:28:00,70200,17000,E,40.644257,-3.1823237,10,False,2,2
2026-09-28T02:59:30Z,1068D75035C8a,75035,C8a,19,10203,10203,2026-09-27T23:59:00,10203,17000,E,40.58532,-4.1321955,10,False,5,5
2026-09-28T02:59:30Z,1068D27815C5,27815,C5,0,18000,35609,2026-09-27T23:59:00,35607,35012,A,40.405067,-3.7026901,10,False,9,2
2026-09-28T02:59:30Z,1068D75877C7,75877,C7,4,10007,10010,2026-09-28T00:03:00,10000,70103,24.0,40.472656,-3.836884,10,True,1,1
2026-09-28T02:59:30Z,1068D27090C3,27090,C3,-1418,60200,60200,2026-09-28T00:00:00,60200,17000,E,40.035027,-3.6189713,10,True,4,4
2026-09-28T02:59:30Z,1068D75875C7,75875,C7,15,10000,10000,2026-09-27T23:59:00,10000,70103,E,40.42163,-3.7193205,10,False,7,7
2026-09-28T02:59:30Z,1068D19940C1,19940,C1,-1440,98305,98305,2026-09-29T00:05:00,98305,17000,E,40.4924,-3.593483,10,False,1,1
2026-09-28T02:59:30Z,1068D27094C3,27094,C3,-1432,60200,60200,2026-09-28T00:45:00,60200,17000,S,40.035027,-3.6189713,10,True,3,3
2026-09-28T02:59:30Z,1068D27508C4b,27508,C4b,3,18000,60100,2026-09-28T00:06:00,37012,17005,13.0,40.40084,-3.682559,10,True,7,1
2026-09-28T02:59:30Z,1068D75644C2,75644,C2,-1435,70200,70200,2026-09-28T00:58:00,70200,17000,A,40.644257,-3.1823237,10,True,2,2
2026-09-28T02:59:30Z,1068D27095C3,27095,C3,-1,60103,60102,2026-09-29T00:04:00,17000,60200,E,40.242844,-3.7038615,10,True,1,1
2026-09-28T02:59:30Z,1068D27092C3,27092,C3,-1425,60200,60200,2026-09-28T00:12:00,60200,17000,S,40.035027,-3.6189713,10,False,3,3
2026-09-28T02:59:30Z,1068D75268C10,75268,C10,5,10101,10103,2026-09-28T00:06:00,10200,17000,13.0,40.560028,-3.9011943,10,True,1,1
2026-09-28T02:59:30Z,1068D27822C5,27822,C5,0,35601,35600,2026-09-27T23:59:00,35012,35607,A,40.386257,-3.7610443,10,False,1,1
2026-09-28T02:59:30Z,1068D27093C3,27093,C3,-1435,17000,17000,2026-09-28T00:13:00,17000,60200,E,40.471382,-3.6834786,10,True,5,5
2026-09-28T02:59:30Z,1068D27643C8b,27643,C8b,-1437,12006,12006,2026-09-28T00:26:00,12006,17000,A,40.737614,-4.0662985,10,False,2,2
2026-09-28T02:59:30Z,1068D27820C5,27820,C5,0,37001,35009,2026-09-28T00:01:00,35012,35607,A,40.34086,-3.7482634,10,False,6,2
2026-09-28T02:59:30Z,1068D27317C4,27317,C4,-1441,17000,17000,2026-09-29T00:34:00,17000,37012,A,40.471325,-3.6833096,10,True,3,3
2026-09-28T02:59:30Z,1068D75172C10,75172,C10,1,18004,18003,2026-09-28T00:01:00,17000,10200,A,40.395943,-3.677964,10,True,1,1
2026-09-28T02:59:30Z,1068D27510C4b,27510,C4b,3,17001,17000,2026-09-28T00:05:00,18000,17005,S,40.501648,-3.6821797,10,True,2,2
2026-09-28T03:05:51Z,3068D23578C1,23578,C1,2,50602,50700,2026-09-28T00:06:54,51003,50600,E,37.58157,-5.6699624,30,False,2,2
2026-09-28T03:05:51Z,3068D23743C5,23743,C5,-1442,51003,51003,2026-09-28T00:38:59,51003,43005,A,37.392567,-5.9749837,30,False,9,9
2026-09-28T03:05:51Z,3068D23841C5,23841,C5,-1,43004,43005,2026-09-28T00:03:07,43005,51113,E,37.381527,-6.193782,30,False,,3
2026-09-28T03:05:51Z,3068D23581C1,23581,C1,0,51103,51111,2026-09-28T00:03:16,51003,51200,34.0,37.294693,-5.9445186,30,False,,1
2026-09-28T03:05:51Z,3268D23176C2,23176,C2,54,54408,54410,2026-09-28T00:03:00,54517,54405,39.0,36.723545,-4.5838585,32,False,,
2026-09-28T03:05:51Z,3268D23402C1,23402,C1,-1438,54517,54517,2026-09-28T00:38:19,54517,54516,A,36.715366,-4.4266005,32,False,1,1
2026-09-28T03:05:51Z,3268D23400C1,23400,C1,3,54503,54501,2026-09-28T00:02:10,54517,54516,26.0,36.695095,-4.4762516,32,False,2,2
2026-09-28T03:05:51Z,5168D25472R2N,25472,R2N,-2,71801,71802,2026-09-28T00:02:47,79100,72400,E,41.37954,2.1411655,50,True,,
2026-09-28T03:05:51Z,5168D77468R4,77468,R4,-1432,78700,78700,2026-09-28T00:27:51,78700,71600,A,41.56993,2.0143688,50,False,,
2026-09-28T03:05:51Z,5168D35564R4,35564,R4,-1431,72209,72209,2026-09-28T00:00:49,72209,78600,A,41.47872,1.9255537,50,False,,
2026-09-28T03:05:51Z,5168D15023R15,15023,R15,52,71502,71500,2026-09-28T00:03:56,71400,79400,60.0,41.129208,1.2999328,50,False,,
2026-09-28T03:05:51Z,5168D25795R1,25795,R1,-1,79403,79404,2026-09-28T00:02:38,79500,72305,E,41.445705,2.2490852,50,False,,1
2026-09-28T03:05:51Z,5168D28393R2S,28393,R2S,-2,71802,71801,2026-09-28T00:01:35,71700,79400,A,41.379513,2.1412146,50,False,,
2026-09-28T03:05:51Z,5168D77464R4,77464,R4,11,78604,78600,2026-09-28T00:05:15,78600,71600,41.0,41.686344,1.8386431,50,False,,
2026-09-28T03:05:51Z,5168D25470R2N,25470,R2N,3,79006,79007,2026-09-28T00:03:54,79104,72400,E,41.533474,2.2177799,50,True,1,
2026-09-28T03:05:51Z,5168D25567R2S,25567,R2S,2,71604,71603,2026-09-28T00:01:57,71600,79400,E,41.20413,1.6760199,50,False,,
2026-09-28T03:05:51Z,5168D28490R2,28490,R2,0,71705,71704,2026-09-28T00:02:22,71700,79104,20.0,41.278507,1.9790424,50,True,,
2026-09-28T03:05:51Z,6068D26577C3,26577,C3,4,13119,13120,2026-09-28T00:00:52,13200,13100,E,43.240112,-2.924082,60,False,,1
2026-09-28T03:05:51Z,6068D35689C3,35689,C3,2,13121,13102,2026-09-28T00:02:16,13200,13100,E,43.05786,-2.996093,60,True,1,1
2026-09-28T03:05:51Z,6068D26576C3,26576,C3,6,13115,13109,2026-09-28T00:01:18,13100,13200,E,43.176933,-2.909058,60,True,2,2
2026-09-28T03:05:51Z,6168D35654C1,35654,C1,4,11409,11408,2026-09-28T00:00:03,11400,11508,95.0,43.094822,-2.1242988,61,False,,2
2026-09-28T03:05:51Z,6268D71185C2,71185,C2,1,05605,05604,2026-09-28T00:02:19,14223,05637,41.0,43.44704,-3.8820617,62,False,,2
2026-09-28T03:05:51Z,2068D22237C2,22237,C2,49,16011,16010,2026-09-28T00:01:00,15211,16011,E,43.28714,-5.6448464,20,False,1,1
2026-09-28T03:05:51Z,2068D22372C3,22372,C3,3,16403,16401,2026-09-28T00:03:00,15211,16403,E,43.56141,-5.922727,20,False,1,2
2026-09-28T03:05:51Z,2068D22373C3,22373,C3,7,16403,16403,2026-09-27T23:59:00,16403,15211,A,43.56141,-5.922727,20,False,1,1
2026-09-28T03:05:51Z,2068D70237C4,70237,C4,-1432,15410,15410,2026-09-28T00:03:00,15410,16403,A,43.537647,-5.67596,20,False,12,12
2026-09-28T03:05:51Z,2068D22358C3,22358,C3,-1441,15218,15218,2026-09-29T00:00:00,15218,16405,A,43.3588,-5.8573804,20,False,2,2
2026-09-28T03:05:51Z,2068D22132C1,22132,C1,0,15217,15211,2026-09-28T00:03:00,15218,17000,S,43.38812,-5.8272715,20,False,2,2
2026-09-28T03:05:51Z,4168D84931C2,84931,C2,87,61200,06002,2026-09-28T00:34:00,06006,61200,E,37.97462,-1.1315287,41,False,1,2
2026-09-28T03:05:51Z,4168D24722C1,24722,C1,13,62109,60911,2026-09-28T00:10:00,60911,61200,A,38.34553,-0.49576503,41,False,1,1
2026-09-28T03:05:51Z,4168D24723C1,24723,C1,-1425,61200,61200,2026-09-28T00:14:00,61200,60911,E,37.974686,-1.131078,41,False,1,1
2026-09-28T03:05:51Z,1068D27506C4b,27506,C4b,6,37002,37011,2026-09-28T00:02:00,37012,17005,A,40.288372,-3.7373493,10,True,2,2
2026-09-28T03:05:51Z,1068D75037C8a,75037,C8a,6,97100,10100,2026-09-28T00:10:00,10203,17000,E,40.49547,-3.7261994,10,False,1,3
2026-09-28T03:05:51Z,1068D19945C1,19945,C1,0,98305,98304,2026-09-29T00:12:00,18000,98305,E,40.4924,-3.593483,10,False,2,1
2026-09-28T03:05:51Z,1068D27316C4a,27316,C4a,-1440,18000,18000,2026-09-29T00:06:00,18000,19003,E,40.40654,-3.6895106,10,True,7,7
2026-09-28T03:05:51Z,1068D75872C7,75872,C7,3,18002,18002,2026-09-27T23:59:00,18002,10000,E,40.44655,-3.691473,10,False,4,4
2026-09-28T03:05:51Z,1068D27818C5,27818,C5,0,35009,35001,2026-09-27T23:49:00,35012,35607,S,40.34086,-3.7482634,10,False,2,2
2026-09-28T03:05:51Z,1068D27817C5,27817,C5,-1440,35607,35607,2026-09-28T00:41:00,35607,35012,A,40.330883,-3.8823783,10,False,2,2
2026-09-28T03:05:51Z,1068D27995C5,27995,C5,18,35606,35607,2026-09-27T23:59:00,35607,35002,S,40.32875,-3.8636916,10,False,1,2
2026-09-28T03:05:51Z,1068D27512C4b,27512,C4b,-1424,18000,18000,2026-09-28T00:55:00,18000,17005,E,40.40654,-3.6895106,10,True,7,7
2026-09-28T03:05:51Z,1068D75530C2,75530,C2,-1437,70200,70200,2026-09-28T00:28:00,70200,17000,E,40.644257,-3.1823237,10,False,2,2
2026-09-28T03:05:51Z,1068D75035C8a,75035,C8a,19,10203,10203,2026-09-27T23:59:00,10203,17000,E,40.58532,-4.1321955,10,False,5,5
2026-09-28T03:05:51Z,1068D27815C5,27815,C5,0,18000,35609,2026-09-27T23:59:00,35607,35012,A,40.405067,-3.7026901,10,False,9,2
2026-09-28T03:05:51Z,1068D75877C7,75877,C7,4,10007,10010,2026-09-28T00:03:00,10000,70103,24.0,40.472656,-3.836884,10,True,1,1
2026-09-28T03:05:51Z,1068D27090C3,27090,C3,-1418,60200,60200,2026-09-28T00:00:00,60200,17000,E,40.035027,-3.6189713,10,True,4,4
2026-09-28T03:05:51Z,1068D75875C7,75875,C7,15,10000,10000,2026-09-27T23:59:00,10000,70103,E,40.42163,-3.7193205,10,False,7,7
2026-09-28T03:05:51Z,1068D19940C1,19940,C1,-1440,98305,98305,2026-09-29T00:05:00,98305,17000,E,40.4924,-3.593483,10,False,1,1
2026-09-28T03:05:51Z,1068D27094C3,27094,C3,-1432,60200,60200,2026-09-28T00:45:00,60200,17000,S,40.035027,-3.6189713,10,True,3,3
2026-09-28T03:05:51Z,1068D27508C4b,27508,C4b,3,18000,60100,2026-09-28T00:06:00,37012,17005,13.0,40.40084,-3.682559,10,True,7,1
2026-09-28T03:05:51Z,1068D75644C2,75644,C2,-1435,70200,70200,2026-09-28T00:58:00,70200,17000,A,40.644257,-3.1823237,10,True,2,2
2026-09-28T03:05:51Z,1068D27095C3,27095,C3,-1,60103,60102,2026-09-29T00:04:00,17000,60200,E,40.242844,-3.7038615,10,True,1,1
2026-09-28T03:05:51Z,1068D27092C3,27092,C3,-1425,60200,60200,2026-09-28T00:12:00,60200,17000,S,40.035027,-3.6189713,10,False,3,3
2026-09-28T03:05:51Z,1068D75268C10,75268,C10,5,10101,10103,2026-09-28T00:06:00,10200,17000,13.0,40.560028,-3.9011943,10,True,1,1
2026-09-28T03:05:51Z,1068D27822C5,27822,C5,0,35601,35600,2026-09-27T23:59:00,35012,35607,A,40.386257,-3.7610443,10,False,1,1
2026-09-28T03:05:51Z,1068D27093C3,27093,C3,-1435,17000,17000,2026-09-28T00:13:00,17000,60200,E,40.471382,-3.6834786,10,True,5,5
2026-09-28T03:05:51Z,1068D27643C8b,27643,C8b,-1437,12006,12006,2026-09-28T00:26:00,12006,17000,A,40.737614,-4.0662985,10,False,2,2
2026-09-28T03:05:51Z,1068D27820C5,27820,C5,0,37001,35009,2026-09-28T00:01:00,35012,35607,A,40.34086,-3.7482634,10,False,6,2
2026-09-28T03:05:51Z,1068D27317C4,27317,C4,-1441,17000,17000,2026-09-29T00:34:00,17000,37012,A,40.471325,-3.6833096,10,True,3,3
2026-09-28T03:05:51Z,1068D75172C10,75172,C10,1,18004,18003,2026-09-28T00:01:00,17000,10200,A,40.395943,-3.677964,10,True,1,1
2026-09-28T03:05:51Z,1068D27510C4b,27510,C4b,3,17001,17000,2026-09-28T00:05:00,18000,17005,S,40.501648,-3.6821797,10,True,2,2
2026-09-28T03:15:17Z,3068D23578C1,23578,C1,2,50602,50700,2026-09-28T00:06:54,51003,50600,E,37.58157,-5.6699624,30,False,2,2
2026-09-28T03:15:17Z,3068D23743C5,23743,C5,-1442,51003,51003,2026-09-28T00:38:59,51003,43005,A,37.392567,-5.9749837,30,False,9,9
2026-09-28T03:15:17Z,3068D23841C5,23841,C5,-1,43004,43005,2026-09-28T00:03:07,43005,51113,E,37.381527,-6.193782,30,False,,3
2026-09-28T03:15:17Z,3068D23581C1,23581,C1,0,51103,51111,2026-09-28T00:03:16,51003,51200,34.0,37.294693,-5.9445186,30,False,,1
2026-09-28T03:15:17Z,3268D23176C2,23176,C2,54,54408,54410,2026-09-28T00:03:00,54517,54405,39.0,36.723545,-4.5838585,32,False,,
2026-09-28T03:15:17Z,3268D23402C1,23402,C1,-1438,54517,54517,2026-09-28T00:38:19,54517,54516,A,36.715366,-4.4266005,32,False,1,1
2026-09-28T03:15:17Z,3268D23400C1,23400,C1,3,54503,54501,2026-09-28T00:02:10,54517,54516,26.0,36.695095,-4.4762516,32,False,2,2
2026-09-28T03:15:17Z,5168D25472R2N,25472,R2N,-2,71801,71802,2026-09-28T00:02:47,79100,72400,E,41.37954,2.1411655,50,True,,
2026-09-28T03:15:17Z,5168D77468R4,77468,R4,-1432,78700,78700,2026-09-28T00:27:51,78700,71600,A,41.56993,2.0143688,50,False,,
2026-09-28T03:15:17Z,5168D35564R4,35564,R4,-1431,72209,72209,2026-09-28T00:00:49,72209,78600,A,41.47872,1.9255537,50,False,,
2026-09-28T03:15:17Z,5168D15023R15,15023,R15,52,71502,71500,2026-09-28T00:03:56,71400,79400,60.0,41.129208,1.2999328,50,False,,
2026-09-28T03:15:17Z,5168D25795R1,25795,R1,-1,79403,79404,2026-09-28T00:02:38,79500,72305,E,41.445705,2.2490852,50,False,,1
2026-09-28T03:15:17Z,5168D28393R2S,28393,R2S,-2,71802,71801,2026-09-28T00:01:35,71700,79400,A,41.379513,2.1412146,50,False,,
2026-09-28T03:15:17Z,5168D77464R4,77464,R4,11,78604,78600,2026-09-28T00:05:15,78600,71600,41.0,41.686344,1.8386431,50,False,,
2026-09-28T03:15:17Z,5168D25470R2N,25470,R2N,3,79006,79007,2026-09-28T00:03:54,79104,72400,E,41.533474,2.2177799,50,True,1,
2026-09-28T03:15:17Z,5168D25567R2S,25567,R2S,2,71604,71603,2026-09-28T00:01:57,71600,79400,E,41.20413,1.6760199,50,False,,
2026-09-28T03:15:17Z,5168D28490R2,28490,R2,0,71705,71704,2026-09-28T00:02:22,71700,79104,20.0,41.278507,1.9790424,50,True,,
2026-09-28T03:15:17Z,6068D26577C3,26577,C3,4,13119,13120,2026-09-28T00:00:52,13200,13100,E,43.240112,-2.924082,60,False,,1
2026-09-28T03:15:17Z,6068D35689C3,35689,C3,2,13121,13102,2026-09-28T00:02:16,13200,13100,E,43.05786,-2.996093,60,True,1,1
2026-09-28T03:15:17Z,6068D26576C3,26576,C3,6,13115,13109,2026-09-28T00:01:18,13100,13200,E,43.176933,-2.909058,60,True,2,2
2026-09-28T03:15:17Z,6168D35654C1,35654,C1,4,11409,11408,2026-09-28T00:00:03,11400,11508,95.0,43.094822,-2.1242988,61,False,,2
2026-09-28T03:15:17Z,6268D71185C2,71185,C2,1,05605,05604,2026-09-28T00:02:19,14223,05637,41.0,43.44704,-3.8820617,62,False,,2
2026-09-28T03:15:17Z,2068D22237C2,22237,C2,49,16011,16010,2026-09-28T00:01:00,15211,16011,E,43.28714,-5.6448464,20,False,1,1
2026-09-28T03:15:17Z,2068D22372C3,22372,C3,3,16403,16401,2026-09-28T00:03:00,15211,16403,E,43.56141,-5.922727,20,False,1,2
2026-09-28T03:15:17Z,2068D22373C3,22373,C3,7,16403,16403,2026-09-27T23:59:00,16403,15211,A,43.56141,-5.922727,20,False,1,1
2026-09-28T03:15:17Z,2068D70237C4,70237,C4,-1432,15410,15410,2026-09-28T00:03:00,15410,16403,A,43.537647,-5.67596,20,False,12,12
2026-09-28T03:15:17Z,2068D22358C3,22358,C3,-1441,15218,15218,2026-09-29T00:00:00,15218,16405,A,43.3588,-5.8573804,20,False,2,2
2026-09-28T03:15:17Z,2068D22132C1,22132,C1,0,15217,15211,2026-09-28T00:03:00,15218,17000,S,43.38812,-5.8272715,20,False,2,2
2026-09-28T03:15:17Z,4168D84931C2,84931,C2,87,61200,06002,2026-09-28T00:34:00,06006,61200,E,37.97462,-1.1315287,41,False,1,2
2026-09-28T03:15:17Z,4168D24722C1,24722,C1,13,62109,60911,2026-09-28T00:10:00,60911,61200,A,38.34553,-0.49576503,41,False,1,1
2026-09-28T03:15:17Z,4168D24723C1,24723,C1,-1425,61200,61200,2026-09-28T00:14:00,61200,60911,E,37.974686,-1.131078,41,False,1,1
2026-09-28T03:15:17Z,1068D27506C4b,27506,C4b,6,37002,37011,2026-09-28T00:02:00,37012,17005,A,40.288372,-3.7373493,10,True,2,2
2026-09-28T03:15:17Z,1068D75037C8a,75037,C8a,6,97100,10100,2026-09-28T00:10:00,10203,17000,E,40.49547,-3.7261994,10,False,1,3
2026-09-28T03:15:17Z,1068D19945C1,19945,C1,0,98305,98304,2026-09-29T00:12:00,18000,98305,E,40.4924,-3.593483,10,False,2,1
2026-09-28T03:15:17Z,1068D27316C4a,27316,C4a,-1440,18000,18000,2026-09-29T00:06:00,18000,19003,E,40.40654,-3.6895106,10,True,7,7
2026-09-28T03:15:17Z,1068D75872C7,75872,C7,3,18002,18002,2026-09-27T23:59:00,18002,10000,E,40.44655,-3.691473,10,False,4,4
2026-09-28T03:15:17Z,1068D27818C5,27818,C5,0,35009,35001,2026-09-27T23:49:00,35012,35607,S,40.34086,-3.7482634,10,False,2,2
2026-09-28T03:15:17Z,1068D27817C5,27817,C5,-1440,35607,35607,2026-09-28T00:41:00,35607,35012,A,40.330883,-3.8823783,10,False,2,2
2026-09-28T03:15:17Z,1068D27995C5,27995,C5,18,35606,35607,2026-09-27T23:59:00,35607,35002,S,40.32875,-3.8636916,10,False,1,2
2026-09-28T03:15:17Z,1068D27512C4b,27512,C4b,-1424,18000,18000,2026-09-28T00:55:00,18000,17005,E,40.40654,-3.6895106,10,True,7,7
2026-09-28T03:15:17Z,1068D75530C2,75530,C2,-1437,70200,70200,2026-09-28T00:28:00,70200,17000,E,40.644257,-3.1823237,10,False,2,2
2026-09-28T03:15:17Z,1068D75035C8a,75035,C8a,19,10203,10203,2026-09-27T23:59:00,10203,17000,E,40.58532,-4.1321955,10,False,5,5
2026-09-28T03:15:17Z,1068D27815C5,27815,C5,0,18000,35609,2026-09-27T23:59:00,35607,35012,A,40.405067,-3.7026901,10,False,9,2
2026-09-28T03:15:17Z,1068D75877C7,75877,C7,4,10007,10010,2026-09-28T00:03:00,10000,70103,24.0,40.472656,-3.836884,10,True,1,1
2026-09-28T03:15:17Z,1068D27090C3,27090,C3,-1418,60200,60200,2026-09-28T00:00:00,60200,17000,E,40.035027,-3.6189713,10,True,4,4
2026-09-28T03:15:17Z,1068D75875C7,75875,C7,15,10000,10000,2026-09-27T23:59:00,10000,70103,E,40.42163,-3.7193205,10,False,7,7
2026-09-28T03:15:17Z,1068D19940C1,19940,C1,-1440,98305,98305,2026-09-29T00:05:00,98305,17000,E,40.4924,-3.593483,10,False,1,1
2026-09-28T03:15:17Z,1068D27094C3,27094,C3,-1432,60200,60200,2026-09-28T00:45:00,60200,17000,S,40.035027,-3.6189713,10,True,3,3
2026-09-28T03:15:17Z,1068D27508C4b,27508,C4b,3,18000,60100,2026-09-28T00:06:00,37012,17005,13.0,40.40084,-3.682559,10,True,7,1
2026-09-28T03:15:17Z,1068D75644C2,75644,C2,-1435,70200,70200,2026-09-28T00:58:00,70200,17000,A,40.644257,-3.1823237,10,True,2,2
2026-09-28T03:15:17Z,1068D27095C3,27095,C3,-1,60103,60102,2026-09-29T00:04:00,17000,60200,E,40.242844,-3.7038615,10,True,1,1
2026-09-28T03:15:17Z,1068D27092C3,27092,C3,-1425,60200,60200,2026-09-28T00:12:00,60200,17000,S,40.035027,-3.6189713,10,False,3,3
2026-09-28T03:15:17Z,1068D75268C10,75268,C10,5,10101,10103,2026-09-28T00:06:00,10200,17000,13.0,40.560028,-3.9011943,10,True,1,1
2026-09-28T03:15:17Z,1068D27822C5,27822,C5,0,35601,35600,2026-09-27T23:59:00,35012,35607,A,40.386257,-3.7610443,10,False,1,1
2026-09-28T03:15:17Z,1068D27093C3,27093,C3,-1435,17000,17000,2026-09-28T00:13:00,17000,60200,E,40.471382,-3.6834786,10,True,5,5
2026-09-28T03:15:17Z,1068D27643C8b,27643,C8b,-1437,12006,12006,2026-09-28T00:26:00,12006,17000,A,40.737614,-4.0662985,10,False,2,2
2026-09-28T03:15:17Z,1068D27820C5,27820,C5,0,37001,35009,2026-09-28T00:01:00,35012,35607,A,40.34086,-3.7482634,10,False,6,2
2026-09-28T03:15:17Z,1068D27317C4,27317,C4,-1441,17000,17000,2026-09-29T00:34:00,17000,37012,A,40.471325,-3.6833096,10,True,3,3
2026-09-28T03:15:17Z,1068D75172C10,75172,C10,1,18004,18003,2026-09-28T00:01:00,17000,10200,A,40.395943,-3.677964,10,True,1,1
2026-09-28T03:15:17Z,1068D27510C4b,27510,C4b,3,17001,17000,2026-09-28T00:05:00,18000,17005,S,40.501648,-3.6821797,10,True,2,2
2026-09-28T03:19:41Z,3068D23578C1,23578,C1,2,50602,50700,2026-09-28T00:06:54,51003,50600,E,37.58157,-5.6699624,30,False,2,2
2026-09-28T03:19:41Z,3068D23743C5,23743,C5,-1442,51003,51003,2026-09-28T00:38:59,51003,43005,A,37.392567,-5.9749837,30,False,9,9
2026-09-28T03:19:41Z,3068D23841C5,23841,C5,-1,43004,43005,2026-09-28T00:03:07,43005,51113,E,37.381527,-6.193782,30,False,,3
2026-09-28T03:19:41Z,3068D23581C1,23581,C1,0,51103,51111,2026-09-28T00:03:16,51003,51200,34.0,37.294693,-5.9445186,30,False,,1
2026-09-28T03:19:41Z,3268D23176C2,23176,C2,54,54408,54410,2026-09-28T00:03:00,54517,54405,39.0,36.723545,-4.5838585,32,False,,
2026-09-28T03:19:41Z,3268D23402C1,23402,C1,-1438,54517,54517,2026-09-28T00:38:19,54517,54516,A,36.715366,-4.4266005,32,False,1,1
2026-09-28T03:19:41Z,3268D23400C1,23400,C1,3,54503,54501,2026-09-28T00:02:10,54517,54516,26.0,36.695095,-4.4762516,32,False,2,2
2026-09-28T03:19:41Z,5168D25472R2N,25472,R2N,-2,71801,71802,2026-09-28T00:02:47,79100,72400,E,41.37954,2.1411655,50,True,,
2026-09-28T03:19:41Z,5168D77468R4,77468,R4,-1432,78700,78700,2026-09-28T00:27:51,78700,71600,A,41.56993,2.0143688,50,False,,
2026-09-28T03:19:41Z,5168D35564R4,35564,R4,-1431,72209,72209,2026-09-28T00:00:49,72209,78600,A,41.47872,1.9255537,50,False,,
2026-09-28T03:19:41Z,5168D15023R15,15023,R15,52,71502,71500,2026-09-28T00:03:56,71400,79400,60.0,41.129208,1.2999328,50,False,,
2026-09-28T03:19:41Z,5168D25795R1,25795,R1,-1,79403,79404,2026-09-28T00:02:38,79500,72305,E,41.445705,2.2490852,50,False,,1
2026-09-28T03:19:41Z,5168D28393R2S,28393,R2S,-2,71802,71801,2026-09-28T00:01:35,71700,79400,A,41.379513,2.1412146,50,False,,
2026-09-28T03:19:41Z,5168D77464R4,77464,R4,11,78604,78600,2026-09-28T00:05:15,78600,71600,41.0,41.686344,1.8386431,50,False,,
2026-09-28T03:19:41Z,5168D25470R2N,25470,R2N,3,79006,79007,2026-09-28T00:03:54,79104,72400,E,41.533474,2.2177799,50,True,1,
2026-09-28T03:19:41Z,5168D25567R2S,25567,R2S,2,71604,71603,2026-09-28T00:01:57,71600,79400,E,41.20413,1.6760199,50,False,,
2026-09-28T03:19:41Z,5168D28490R2,28490,R2,0,71705,71704,2026-09-28T00:02:22,71700,79104,20.0,41.278507,1.9790424,50,True,,
2026-09-28T03:19:41Z,6068D26577C3,26577,C3,4,13119,13120,2026-09-28T00:00:52,13200,13100,E,43.240112,-2.924082,60,False,,1
2026-09-28T03:19:41Z,6068D35689C3,35689,C3,2,13121,13102,2026-09-28T00:02:16,13200,13100,E,43.05786,-2.996093,60,True,1,1
2026-09-28T03:19:41Z,6068D26576C3,26576,C3,6,13115,13109,2026-09-28T00:01:18,13100,13200,E,43.176933,-2.909058,60,True,2,2
2026-09-28T03:19:41Z,6168D35654C1,35654,C1,4,11409,11408,2026-09-28T00:00:03,11400,11508,95.0,43.094822,-2.1242988,61,False,,2
2026-09-28T03:19:41Z,6268D71185C2,71185,C2,1,05605,05604,2026-09-28T00:02:19,14223,05637,41.0,43.44704,-3.8820617,62,False,,2
2026-09-28T03:19:41Z,2068D22237C2,22237,C2,49,16011,16010,2026-09-28T00:01:00,15211,16011,E,43.28714,-5.6448464,20,False,1,1
2026-09-28T03:19:41Z,2068D22372C3,22372,C3,3,16403,16401,2026-09-28T00:03:00,15211,16403,E,43.56141,-5.922727,20,False,1,2
2026-09-28T03:19:41Z,2068D22373C3,22373,C3,7,16403,16403,2026-09-27T23:59:00,16403,15211,A,43.56141,-5.922727,20,False,1,1
2026-09-28T03:19:41Z,2068D70237C4,70237,C4,-1432,15410,15410,2026-09-28T00:03:00,15410,16403,A,43.537647,-5.67596,20,False,12,12
2026-09-28T03:19:41Z,2068D22358C3,22358,C3,-1441,15218,15218,2026-09-29T00:00:00,15218,16405,A,43.3588,-5.8573804,20,False,2,2
2026-09-28T03:19:41Z,2068D22132C1,22132,C1,0,15217,15211,2026-09-28T00:03:00,15218,17000,S,43.38812,-5.8272715,20,False,2,2
2026-09-28T03:19:41Z,4168D84931C2,84931,C2,87,61200,06002,2026-09-28T00:34:00,06006,61200,E,37.97462,-1.1315287,41,False,1,2
2026-09-28T03:19:41Z,4168D24722C1,24722,C1,13,62109,60911,2026-09-28T00:10:00,60911,61200,A,38.34553,-0.49576503,41,False,1,1
2026-09-28T03:19:41Z,4168D24723C1,24723,C1,-1425,61200,61200,2026-09-28T00:14:00,61200,60911,E,37.974686,-1.131078,41,False,1,1
2026-09-28T03:19:41Z,1068D27506C4b,27506,C4b,6,37002,37011,2026-09-28T00:02:00,37012,17005,A,40.288372,-3.7373493,10,True,2,2
2026-09-28T03:19:41Z,1068D75037C8a,75037,C8a,6,97100,10100,2026-09-28T00:10:00,10203,17000,E,40.49547,-3.7261994,10,False,1,3
2026-09-28T03:19:41Z,1068D19945C1,19945,C1,0,98305,98304,2026-09-29T00:12:00,18000,98305,E,40.4924,-3.593483,10,False,2,1
2026-09-28T03:19:41Z,1068D27316C4a,27316,C4a,-1440,18000,18000,2026-09-29T00:06:00,18000,19003,E,40.40654,-3.6895106,10,True,7,7
2026-09-28T03:19:41Z,1068D75872C7,75872,C7,3,18002,18002,2026-09-27T23:59:00,18002,10000,E,40.44655,-3.691473,10,False,4,4
2026-09-28T03:19:41Z,1068D27818C5,27818,C5,0,35009,35001,2026-09-27T23:49:00,35012,35607,S,40.34086,-3.7482634,10,False,2,2
2026-09-28T03:19:41Z,1068D27817C5,27817,C5,-1440,35607,35607,2026-09-28T00:41:00,35607,35012,A,40.330883,-3.8823783,10,False,2,2
2026-09-28T03:19:41Z,1068D27995C5,27995,C5,18,35606,35607,2026-09-27T23:59:00,35607,35002,S,40.32875,-3.8636916,10,False,1,2
2026-09-28T03:19:41Z,1068D27512C4b,27512,C4b,-1424,18000,18000,2026-09-28T00:55:00,18000,17005,E,40.40654,-3.6895106,10,True,7,7
2026-09-28T03:19:41Z,1068D75530C2,75530,C2,-1437,70200,70200,2026-09-28T00:28:00,70200,17000,E,40.644257,-3.1823237,10,False,2,2
2026-09-28T03:19:41Z,1068D75035C8a,75035,C8a,19,10203,10203,2026-09-27T23:59:00,10203,17000,E,40.58532,-4.1321955,10,False,5,5
2026-09-28T03:19:41Z,1068D27815C5,27815,C5,0,18000,35609,2026-09-27T23:59:00,35607,35012,A,40.405067,-3.7026901,10,False,9,2
2026-09-28T03:19:41Z,1068D75877C7,75877,C7,4,10007,10010,2026-09-28T00:03:00,10000,70103,24.0,40.472656,-3.836884,10,True,1,1
2026-09-28T03:19:41Z,1068D27090C3,27090,C3,-1418,60200,60200,2026-09-28T00:00:00,60200,17000,E,40.035027,-3.6189713,10,True,4,4
2026-09-28T03:19:41Z,1068D75875C7,75875,C7,15,10000,10000,2026-09-27T23:59:00,10000,70103,E,40.42163,-3.7193205,10,False,7,7
2026-09-28T03:19:41Z,1068D19940C1,19940,C1,-1440,98305,98305,2026-09-29T00:05:00,98305,17000,E,40.4924,-3.593483,10,False,1,1
2026-09-28T03:19:41Z,1068D27094C3,27094,C3,-1432,60200,60200,2026-09-28T00:45:00,60200,17000,S,40.035027,-3.6189713,10,True,3,3
2026-09-28T03:19:41Z,1068D27508C4b,27508,C4b,3,18000,60100,2026-09-28T00:06:00,37012,17005,13.0,40.40084,-3.682559,10,True,7,1
2026-09-28T03:19:41Z,1068D75644C2,75644,C2,-1435,70200,70200,2026-09-28T00:58:00,70200,17000,A,40.644257,-3.1823237,10,True,2,2
2026-09-28T03:19:41Z,1068D27095C3,27095,C3,-1,60103,60102,2026-09-29T00:04:00,17000,60200,E,40.242844,-3.7038615,10,True,1,1
2026-09-28T03:19:41Z,1068D27092C3,27092,C3,-1425,60200,60200,2026-09-28T00:12:00,60200,17000,S,40.035027,-3.6189713,10,False,3,3
2026-09-28T03:19:41Z,1068D75268C10,75268,C10,5,10101,10103,2026-09-28T00:06:00,10200,17000,13.0,40.560028,-3.9011943,10,True,1,1
2026-09-28T03:19:41Z,1068D27822C5,27822,C5,0,35601,35600,2026-09-27T23:59:00,35012,35607,A,40.386257,-3.7610443,10,False,1,1
2026-09-28T03:19:41Z,1068D27093C3,27093,C3,-1435,17000,17000,2026-09-28T00:13:00,17000,60200,E,40.471382,-3.6834786,10,True,5,5
2026-09-28T03:19:41Z,1068D27643C8b,27643,C8b,-1437,12006,12006,2026-09-28T00:26:00,12006,17000,A,40.737614,-4.0662985,10,False,2,2
2026-09-28T03:19:41Z,1068D27820C5,27820,C5,0,37001,35009,2026-09-28T00:01:00,35012,35607,A,40.34086,-3.7482634,10,False,6,2
2026-09-28T03:19:41Z,1068D27317C4,27317,C4,-1441,17000,17000,2026-09-29T00:34:00,17000,37012,A,40.471325,-3.6833096,10,True,3,3
2026-09-28T03:19:41Z,1068D75172C10,75172,C10,1,18004,18003,2026-09-28T00:01:00,17000,10200,A,40.395943,-3.677964,10,True,1,1
2026-09-28T03:19:41Z,1068D27510C4b,27510,C4b,3,17001,17000,2026-09-28T00:05:00,18000,17005,S,40.501648,-3.6821797,10,True,2,2
2026-09-28T03:25:18Z,3068D23578C1,23578,C1,2,50602,50700,2026-09-28T00:06:54,51003,50600,E,37.58157,-5.6699624,30,False,2,2
2026-09-28T03:25:18Z,3068D23743C5,23743,C5,-1442,51003,51003,2026-09-28T00:38:59,51003,43005,A,37.392567,-5.9749837,30,False,9,9
2026-09-28T03:25:18Z,3068D23841C5,23841,C5,-1,43004,43005,2026-09-28T00:03:07,43005,51113,E,37.381527,-6.193782,30,False,,3
2026-09-28T03:25:18Z,3068D23581C1,23581,C1,0,51103,51111,2026-09-28T00:03:16,51003,51200,34.0,37.294693,-5.9445186,30,False,,1
2026-09-28T03:25:18Z,3268D23176C2,23176,C2,54,54408,54410,2026-09-28T00:03:00,54517,54405,39.0,36.723545,-4.5838585,32,False,,
2026-09-28T03:25:18Z,3268D23402C1,23402,C1,-1438,54517,54517,2026-09-28T00:38:19,54517,54516,A,36.715366,-4.4266005,32,False,1,1
2026-09-28T03:25:18Z,3268D23400C1,23400,C1,3,54503,54501,2026-09-28T00:02:10,54517,54516,26.0,36.695095,-4.4762516,32,False,2,2
2026-09-28T03:25:18Z,5168D25472R2N,25472,R2N,-2,71801,71802,2026-09-28T00:02:47,79100,72400,E,41.37954,2.1411655,50,True,,
2026-09-28T03:25:18Z,5168D77468R4,77468,R4,-1432,78700,78700,2026-09-28T00:27:51,78700,71600,A,41.56993,2.0143688,50,False,,
2026-09-28T03:25:18Z,5168D35564R4,35564,R4,-1431,72209,72209,2026-09-28T00:00:49,72209,78600,A,41.47872,1.9255537,50,False,,
2026-09-28T03:25:18Z,5168D15023R15,15023,R15,52,71502,71500,2026-09-28T00:03:56,71400,79400,60.0,41.129208,1.2999328,50,False,,
2026-09-28T03:25:18Z,5168D25795R1,25795,R1,-1,79403,79404,2026-09-28T00:02:38,79500,72305,E,41.445705,2.2490852,50,False,,1
2026-09-28T03:25:18Z,5168D28393R2S,28393,R2S,-2,71802,71801,2026-09-28T00:01:35,71700,79400,A,41.379513,2.1412146,50,False,,
2026-09-28T03:25:18Z,5168D77464R4,77464,R4,11,78604,78600,2026-09-28T00:05:15,78600,71600,41.0,41.686344,1.8386431,50,False,,
2026-09-28T03:25:18Z,5168D25470R2N,25470,R2N,3,79006,79007,2026-09-28T00:03:54,79104,72400,E,41.533474,2.2177799,50,True,1,
2026-09-28T03:25:18Z,5168D25567R2S,25567,R2S,2,71604,71603,2026-09-28T00:01:57,71600,79400,E,41.20413,1.6760199,50,False,,
2026-09-28T03:25:18Z,5168D28490R2,28490,R2,0,71705,71704,2026-09-28T00:02:22,71700,79104,20.0,41.278507,1.9790424,50,True,,
2026-09-28T03:25:18Z,6068D26577C3,26577,C3,4,13119,13120,2026-09-28T00:00:52,13200,13100,E,43.240112,-2.924082,60,False,,1
2026-09-28T03:25:18Z,6068D35689C3,35689,C3,2,13121,13102,2026-09-28T00:02:16,13200,13100,E,43.05786,-2.996093,60,True,1,1
2026-09-28T03:25:18Z,6068D26576C3,26576,C3,6,13115,13109,2026-09-28T00:01:18,13100,13200,E,43.176933,-2.909058,60,True,2,2
2026-09-28T03:25:18Z,6168D35654C1,35654,C1,4,11409,11408,2026-09-28T00:00:03,11400,11508,95.0,43.094822,-2.1242988,61,False,,2
2026-09-28T03:25:18Z,6268D71185C2,71185,C2,1,05605,05604,2026-09-28T00:02:19,14223,05637,41.0,43.44704,-3.8820617,62,False,,2
2026-09-28T03:25:18Z,2068D22237C2,22237,C2,49,16011,16010,2026-09-28T00:01:00,15211,16011,E,43.28714,-5.6448464,20,False,1,1
2026-09-28T03:25:18Z,2068D22372C3,22372,C3,3,16403,16401,2026-09-28T00:03:00,15211,16403,E,43.56141,-5.922727,20,False,1,2
2026-09-28T03:25:18Z,2068D22373C3,22373,C3,7,16403,16403,2026-09-27T23:59:00,16403,15211,A,43.56141,-5.922727,20,False,1,1
2026-09-28T03:25:18Z,2068D70237C4,70237,C4,-1432,15410,15410,2026-09-28T00:03:00,15410,16403,A,43.537647,-5.67596,20,False,12,12
2026-09-28T03:25:18Z,2068D22358C3,22358,C3,-1441,15218,15218,2026-09-29T00:00:00,15218,16405,A,43.3588,-5.8573804,20,False,2,2
2026-09-28T03:25:18Z,2068D22132C1,22132,C1,0,15217,15211,2026-09-28T00:03:00,15218,17000,S,43.38812,-5.8272715,20,False,2,2
2026-09-28T03:25:18Z,4168D84931C2,84931,C2,87,61200,06002,2026-09-28T00:34:00,06006,61200,E,37.97462,-1.1315287,41,False,1,2
2026-09-28T03:25:18Z,4168D24722C1,24722,C1,13,62109,60911,2026-09-28T00:10:00,60911,61200,A,38.34553,-0.49576503,41,False,1,1
2026-09-28T03:25:18Z,4168D24723C1,24723,C1,-1425,61200,61200,2026-09-28T00:14:00,61200,60911,E,37.974686,-1.131078,41,False,1,1
2026-09-28T03:25:18Z,1068D27506C4b,27506,C4b,6,37002,37011,2026-09-28T00:02:00,37012,17005,A,40.288372,-3.7373493,10,True,2,2
2026-09-28T03:25:18Z,1068D75037C8a,75037,C8a,6,97100,10100,2026-09-28T00:10:00,10203,17000,E,40.49547,-3.7261994,10,False,1,3
2026-09-28T03:25:18Z,1068D19945C1,19945,C1,0,98305,98304,2026-09-29T00:12:00,18000,98305,E,40.4924,-3.593483,10,False,2,1
2026-09-28T03:25:18Z,1068D27316C4a,27316,C4a,-1440,18000,18000,2026-09-29T00:06:00,18000,19003,E,40.40654,-3.6895106,10,True,7,7
2026-09-28T03:25:18Z,1068D75872C7,75872,C7,3,18002,18002,2026-09-27T23:59:00,18002,10000,E,40.44655,-3.691473,10,False,4,4
2026-09-28T03:25:18Z,1068D27818C5,27818,C5,0,35009,35001,2026-09-27T23:49:00,35012,35607,S,40.34086,-3.7482634,10,False,2,2
2026-09-28T03:25:18Z,1068D27817C5,27817,C5,-1440,35607,35607,2026-09-28T00:41:00,35607,35012,A,40.330883,-3.8823783,10,False,2,2
2026-09-28T03:25:18Z,1068D27995C5,27995,C5,18,35606,35607,2026-09-27T23:59:00,35607,35002,S,40.32875,-3.8636916,10,False,1,2
2026-09-28T03:25:18Z,1068D27512C4b,27512,C4b,-1424,18000,18000,2026-09-28T00:55:00,18000,17005,E,40.40654,-3.6895106,10,True,7,7
2026-09-28T03:25:18Z,1068D75530C2,75530,C2,-1437,70200,70200,2026-09-28T00:28:00,70200,17000,E,40.644257,-3.1823237,10,False,2,2
2026-09-28T03:25:18Z,1068D75035C8a,75035,C8a,19,10203,10203,2026-09-27T23:59:00,10203,17000,E,40.58532,-4.1321955,10,False,5,5
2026-09-28T03:25:18Z,1068D27815C5,27815,C5,0,18000,35609,2026-09-27T23:59:00,35607,35012,A,40.405067,-3.7026901,10,False,9,2
2026-09-28T03:25:18Z,1068D75877C7,75877,C7,4,10007,10010,2026-09-28T00:03:00,10000,70103,24.0,40.472656,-3.836884,10,True,1,1
2026-09-28T03:25:18Z,1068D27090C3,27090,C3,-1418,60200,60200,2026-09-28T00:00:00,60200,17000,E,40.035027,-3.6189713,10,True,4,4
2026-09-28T03:25:18Z,1068D75875C7,75875,C7,15,10000,10000,2026-09-27T23:59:00,10000,70103,E,40.42163,-3.7193205,10,False,7,7
2026-09-28T03:25:18Z,1068D19940C1,19940,C1,-1440,98305,98305,2026-09-29T00:05:00,98305,17000,E,40.4924,-3.593483,10,False,1,1
2026-09-28T03:25:18Z,1068D27094C3,27094,C3,-1432,60200,60200,2026-09-28T00:45:00,60200,17000,S,40.035027,-3.6189713,10,True,3,3
2026-09-28T03:25:18Z,1068D27508C4b,27508,C4b,3,18000,60100,2026-09-28T00:06:00,37012,17005,13.0,40.40084,-3.682559,10,True,7,1
2026-09-28T03:25:18Z,1068D75644C2,75644,C2,-1435,70200,70200,2026-09-28T00:58:00,70200,17000,A,40.644257,-3.1823237,10,True,2,2
2026-09-28T03:25:18Z,1068D27095C3,27095,C3,-1,60103,60102,2026-09-29T00:04:00,17000,60200,E,40.242844,-3.7038615,10,True,1,1
2026-09-28T03:25:18Z,1068D27092C3,27092,C3,-1425,60200,60200,2026-09-28T00:12:00,60200,17000,S,40.035027,-3.6189713,10,False,3,3
2026-09-28T03:25:18Z,1068D75268C10,75268,C10,5,10101,10103,2026-09-28T00:06:00,10200,17000,13.0,40.560028,-3.9011943,10,True,1,1
2026-09-28T03:25:18Z,1068D27822C5,27822,C5,0,35601,35600,2026-09-27T23:59:00,35012,35607,A,40.386257,-3.7610443,10,False,1,1
2026-09-28T03:25:18Z,1068D27093C3,27093,C3,-1435,17000,17000,2026-09-28T00:13:00,17000,60200,E,40.471382,-3.6834786,10,True,5,5
2026-09-28T03:25:18Z,1068D27643C8b,27643,C8b,-1437,12006,12006,2026-09-28T00:26:00,12006,17000,A,40.737614,-4.0662985,10,False,2,2
2026-09-28T03:25:18Z,1068D27820C5,27820,C5,0,37001,35009,2026-09-28T00:01:00,35012,35607,A,40.34086,-3.7482634,10,False,6,2
2026-09-28T03:25:18Z,1068D27317C4,27317,C4,-1441,17000,17000,2026-09-29T00:34:00,17000,37012,A,40.471325,-3.6833096,10,True,3,3
2026-09-28T03:25:18Z,1068D75172C10,75172,C10,1,18004,18003,2026-09-28T00:01:00,17000,10200,A,40.395943,-3.677964,10,True,1,1
2026-09-28T03:25:18Z,1068D27510C4b,27510,C4b,3,17001,17000,2026-09-28T00:05:00,18000,17005,S,40.501648,-3.6821797,10,True,2,2
2026-09-28T03:30:10Z,3068D23578C1,23578,C1,2,50602,50700,2026-09-28T00:06:54,51003,50600,E,37.58157,-5.6699624,30,False,2,2
2026-09-28T03:30:10Z,3068D23743C5,23743,C5,-1442,51003,51003,2026-09-28T00:38:59,51003,43005,A,37.392567,-5.9749837,30,False,9,9
2026-09-28T03:30:10Z,3068D23841C5,23841,C5,-1,43004,43005,2026-09-28T00:03:07,43005,51113,E,37.381527,-6.193782,30,False,,3
2026-09-28T03:30:10Z,3068D23581C1,23581,C1,0,51103,51111,2026-09-28T00:03:16,51003,51200,34.0,37.294693,-5.9445186,30,False,,1
2026-09-28T03:30:10Z,3268D23176C2,23176,C2,54,54408,54410,2026-09-28T00:03:00,54517,54405,39.0,36.723545,-4.5838585,32,False,,
2026-09-28T03:30:10Z,3268D23402C1,23402,C1,-1438,54517,54517,2026-09-28T00:38:19,54517,54516,A,36.715366,-4.4266005,32,False,1,1
2026-09-28T03:30:10Z,3268D23400C1,23400,C1,3,54503,54501,2026-09-28T00:02:10,54517,54516,26.0,36.695095,-4.4762516,32,False,2,2
2026-09-28T03:30:10Z,5168D25472R2N,25472,R2N,-2,71801,71802,2026-09-28T00:02:47,79100,72400,E,41.37954,2.1411655,50,True,,
2026-09-28T03:30:10Z,5168D77468R4,77468,R4,-1432,78700,78700,2026-09-28T00:27:51,78700,71600,A,41.56993,2.0143688,50,False,,
2026-09-28T03:30:10Z,5168D35564R4,35564,R4,-1431,72209,72209,2026-09-28T00:00:49,72209,78600,A,41.47872,1.9255537,50,False,,
2026-09-28T03:30:10Z,5168D15023R15,15023,R15,52,71502,71500,2026-09-28T00:03:56,71400,79400,60.0,41.129208,1.2999328,50,False,,
2026-09-28T03:30:10Z,5168D25795R1,25795,R1,-1,79403,79404,2026-09-28T00:02:38,79500,72305,E,41.445705,2.2490852,50,False,,1
2026-09-28T03:30:10Z,5168D28393R2S,28393,R2S,-2,71802,71801,2026-09-28T00:01:35,71700,79400,A,41.379513,2.1412146,50,False,,
2026-09-28T03:30:10Z,5168D77464R4,77464,R4,11,78604,78600,2026-09-28T00:05:15,78600,71600,41.0,41.686344,1.8386431,50,False,,
2026-09-28T03:30:10Z,5168D25470R2N,25470,R2N,3,79006,79007,2026-09-28T00:03:54,79104,72400,E,41.533474,2.2177799,50,True,1,
2026-09-28T03:30:10Z,5168D25567R2S,25567,R2S,2,71604,71603,2026-09-28T00:01:57,71600,79400,E,41.20413,1.6760199,50,False,,
2026-09-28T03:30:10Z,5168D28490R2,28490,R2,0,71705,71704,2026-09-28T00:02:22,71700,79104,20.0,41.278507,1.9790424,50,True,,
2026-09-28T03:30:10Z,6068D26577C3,26577,C3,4,13119,13120,2026-09-28T00:00:52,13200,13100,E,43.240112,-2.924082,60,False,,1
2026-09-28T03:30:10Z,6068D35689C3,35689,C3,2,13121,13102,2026-09-28T00:02:16,13200,13100,E,43.05786,-2.996093,60,True,1,1
2026-09-28T03:30:10Z,6068D26576C3,26576,C3,6,13115,13109,2026-09-28T00:01:18,13100,13200,E,43.176933,-2.909058,60,True,2,2
2026-09-28T03:30:10Z,6168D35654C1,35654,C1,4,11409,11408,2026-09-28T00:00:03,11400,11508,95.0,43.094822,-2.1242988,61,False,,2
2026-09-28T03:30:10Z,6268D71185C2,71185,C2,1,05605,05604,2026-09-28T00:02:19,14223,05637,41.0,43.44704,-3.8820617,62,False,,2
2026-09-28T03:30:10Z,2068D22237C2,22237,C2,49,16011,16010,2026-09-28T00:01:00,15211,16011,E,43.28714,-5.6448464,20,False,1,1
2026-09-28T03:30:10Z,2068D22372C3,22372,C3,3,16403,16401,2026-09-28T00:03:00,15211,16403,E,43.56141,-5.922727,20,False,1,2
2026-09-28T03:30:10Z,2068D22373C3,22373,C3,7,16403,16403,2026-09-27T23:59:00,16403,15211,A,43.56141,-5.922727,20,False,1,1
2026-09-28T03:30:10Z,2068D70237C4,70237,C4,-1432,15410,15410,2026-09-28T00:03:00,15410,16403,A,43.537647,-5.67596,20,False,12,12
2026-09-28T03:30:10Z,2068D22358C3,22358,C3,-1441,15218,15218,2026-09-29T00:00:00,15218,16405,A,43.3588,-5.8573804,20,False,2,2
2026-09-28T03:30:10Z,2068D22132C1,22132,C1,0,15217,15211,2026-09-28T00:03:00,15218,17000,S,43.38812,-5.8272715,20,False,2,2
2026-09-28T03:30:10Z,4168D84931C2,84931,C2,87,61200,06002,2026-09-28T00:34:00,06006,61200,E,37.97462,-1.1315287,41,False,1,2
2026-09-28T03:30:10Z,4168D24722C1,24722,C1,13,62109,60911,2026-09-28T00:10:00,60911,61200,A,38.34553,-0.49576503,41,False,1,1
2026-09-28T03:30:10Z,4168D24723C1,24723,C1,-1425,61200,61200,2026-09-28T00:14:00,61200,60911,E,37.974686,-1.131078,41,False,1,1
2026-09-28T03:30:10Z,1068D27506C4b,27506,C4b,6,37002,37011,2026-09-28T00:02:00,37012,17005,A,40.288372,-3.7373493,10,True,2,2
2026-09-28T03:30:10Z,1068D75037C8a,75037,C8a,6,97100,10100,2026-09-28T00:10:00,10203,17000,E,40.49547,-3.7261994,10,False,1,3
2026-09-28T03:30:10Z,1068D19945C1,19945,C1,0,98305,98304,2026-09-29T00:12:00,18000,98305,E,40.4924,-3.593483,10,False,2,1
2026-09-28T03:30:10Z,1068D27316C4a,27316,C4a,-1440,18000,18000,2026-09-29T00:06:00,18000,19003,E,40.40654,-3.6895106,10,True,7,7
2026-09-28T03:30:10Z,1068D75872C7,75872,C7,3,18002,18002,2026-09-27T23:59:00,18002,10000,E,40.44655,-3.691473,10,False,4,4
2026-09-28T03:30:10Z,1068D27818C5,27818,C5,0,35009,35001,2026-09-27T23:49:00,35012,35607,S,40.34086,-3.7482634,10,False,2,2
2026-09-28T03:30:10Z,1068D27817C5,27817,C5,-1440,35607,35607,2026-09-28T00:41:00,35607,35012,A,40.330883,-3.8823783,10,False,2,2
2026-09-28T03:30:10Z,1068D27995C5,27995,C5,18,35606,35607,2026-09-27T23:59:00,35607,35002,S,40.32875,-3.8636916,10,False,1,2
2026-09-28T03:30:10Z,1068D27512C4b,27512,C4b,-1424,18000,18000,2026-09-28T00:55:00,18000,17005,E,40.40654,-3.6895106,10,True,7,7
2026-09-28T03:30:10Z,1068D75530C2,75530,C2,-1437,70200,70200,2026-09-28T00:28:00,70200,17000,E,40.644257,-3.1823237,10,False,2,2
2026-09-28T03:30:10Z,1068D75035C8a,75035,C8a,19,10203,10203,2026-09-27T23:59:00,10203,17000,E,40.58532,-4.1321955,10,False,5,5
2026-09-28T03:30:10Z,1068D27815C5,27815,C5,0,18000,35609,2026-09-27T23:59:00,35607,35012,A,40.405067,-3.7026901,10,False,9,2
2026-09-28T03:30:10Z,1068D75877C7,75877,C7,4,10007,10010,2026-09-28T00:03:00,10000,70103,24.0,40.472656,-3.836884,10,True,1,1
2026-09-28T03:30:10Z,1068D27090C3,27090,C3,-1418,60200,60200,2026-09-28T00:00:00,60200,17000,E,40.035027,-3.6189713,10,True,4,4
2026-09-28T03:30:10Z,1068D75875C7,75875,C7,15,10000,10000,2026-09-27T23:59:00,10000,70103,E,40.42163,-3.7193205,10,False,7,7
2026-09-28T03:30:10Z,1068D19940C1,19940,C1,-1440,98305,98305,2026-09-29T00:05:00,98305,17000,E,40.4924,-3.593483,10,False,1,1
2026-09-28T03:30:10Z,1068D27094C3,27094,C3,-1432,60200,60200,2026-09-28T00:45:00,60200,17000,S,40.035027,-3.6189713,10,True,3,3
2026-09-28T03:30:10Z,1068D27508C4b,27508,C4b,3,18000,60100,2026-09-28T00:06:00,37012,17005,13.0,40.40084,-3.682559,10,True,7,1
2026-09-28T03:30:10Z,1068D75644C2,75644,C2,-1435,70200,70200,2026-09-28T00:58:00,70200,17000,A,40.644257,-3.1823237,10,True,2,2
2026-09-28T03:30:10Z,1068D27095C3,27095,C3,-1,60103,60102,2026-09-29T00:04:00,17000,60200,E,40.242844,-3.7038615,10,True,1,1
2026-09-28T03:30:10Z,1068D27092C3,27092,C3,-1425,60200,60200,2026-09-28T00:12:00,60200,17000,S,40.035027,-3.6189713,10,False,3,3
2026-09-28T03:30:10Z,1068D75268C10,75268,C10,5,10101,10103,2026-09-28T00:06:00,10200,17000,13.0,40.560028,-3.9011943,10,True,1,1
2026-09-28T03:30:10Z,1068D27822C5,27822,C5,0,35601,35600,2026-09-27T23:59:00,35012,35607,A,40.386257,-3.7610443,10,False,1,1
2026-09-28T03:30:10Z,1068D27093C3,27093,C3,-1435,17000,17000,2026-09-28T00:13:00,17000,60200,E,40.471382,-3.6834786,10,True,5,5
2026-09-28T03:30:10Z,1068D27643C8b,27643,C8b,-1437,12006,12006,2026-09-28T00:26:00,12006,17000,A,40.737614,-4.0662985,10,False,2,2
2026-09-28T03:30:10Z,1068D27820C5,27820,C5,0,37001,35009,2026-09-28T00:01:00,35012,35607,A,40.34086,-3.7482634,10,False,6,2
2026-09-28T03:30:10Z,1068D27317C4,27317,C4,-1441,17000,17000,2026-09-29T00:34:00,17000,37012,A,40.471325,-3.6833096,10,True,3,3
2026-09-28T03:30:10Z,1068D75172C10,75172,C10,1,18004,18003,2026-09-28T00:01:00,17000,10200,A,40.395943,-3.677964,10,True,1,1
2026-09-28T03:30:10Z,1068D27510C4b,27510,C4b,3,17001,17000,2026-09-28T00:05:00,18000,17005,S,40.501648,-3.6821797,10,True,2,2
2026-09-28T03:34:46Z,3068D23578C1,23578,C1,2,50602,50700,2026-09-28T00:06:54,51003,50600,E,37.58157,-5.6699624,30,False,2,2
2026-09-28T03:34:46Z,3068D23743C5,23743,C5,-1442,51003,51003,2026-09-28T00:38:59,51003,43005,A,37.392567,-5.9749837,30,False,9,9
2026-09-28T03:34:46Z,3068D23841C5,23841,C5,-1,43004,43005,2026-09-28T00:03:07,43005,51113,E,37.381527,-6.193782,30,False,,3
2026-09-28T03:34:46Z,3068D23581C1,23581,C1,0,51103,51111,2026-09-28T00:03:16,51003,51200,34.0,37.294693,-5.9445186,30,False,,1
2026-09-28T03:34:46Z,3268D23176C2,23176,C2,54,54408,54410,2026-09-28T00:03:00,54517,54405,39.0,36.723545,-4.5838585,32,False,,
2026-09-28T03:34:46Z,3268D23402C1,23402,C1,-1438,54517,54517,2026-09-28T00:38:19,54517,54516,A,36.715366,-4.4266005,32,False,1,1
2026-09-28T03:34:46Z,3268D23400C1,23400,C1,3,54503,54501,2026-09-28T00:02:10,54517,54516,26.0,36.695095,-4.4762516,32,False,2,2
2026-09-28T03:34:46Z,5168D25472R2N,25472,R2N,-2,71801,71802,2026-09-28T00:02:47,79100,72400,E,41.37954,2.1411655,50,True,,
2026-09-28T03:34:46Z,5168D77468R4,77468,R4,-1432,78700,78700,2026-09-28T00:27:51,78700,71600,A,41.56993,2.0143688,50,False,,
2026-09-28T03:34:46Z,5168D35564R4,35564,R4,-1431,72209,72209,2026-09-28T00:00:49,72209,78600,A,41.47872,1.9255537,50,False,,
2026-09-28T03:34:46Z,5168D15023R15,15023,R15,52,71502,71500,2026-09-28T00:03:56,71400,79400,60.0,41.129208,1.2999328,50,False,,
2026-09-28T03:34:46Z,5168D25795R1,25795,R1,-1,79403,79404,2026-09-28T00:02:38,79500,72305,E,41.445705,2.2490852,50,False,,1
2026-09-28T03:34:46Z,5168D28393R2S,28393,R2S,-2,71802,71801,2026-09-28T00:01:35,71700,79400,A,41.379513,2.1412146,50,False,,
2026-09-28T03:34:46Z,5168D77464R4,77464,R4,11,78604,78600,2026-09-28T00:05:15,78600,71600,41.0,41.686344,1.8386431,50,False,,
2026-09-28T03:34:46Z,5168D25470R2N,25470,R2N,3,79006,79007,2026-09-28T00:03:54,79104,72400,E,41.533474,2.2177799,50,True,1,
2026-09-28T03:34:46Z,5168D25567R2S,25567,R2S,2,71604,71603,2026-09-28T00:01:57,71600,79400,E,41.20413,1.6760199,50,False,,
2026-09-28T03:34:46Z,5168D28490R2,28490,R2,0,71705,71704,2026-09-28T00:02:22,71700,79104,20.0,41.278507,1.9790424,50,True,,
2026-09-28T03:34:46Z,6068D26577C3,26577,C3,4,13119,13120,2026-09-28T00:00:52,13200,13100,E,43.240112,-2.924082,60,False,,1
2026-09-28T03:34:46Z,6068D35689C3,35689,C3,2,13121,13102,2026-09-28T00:02:16,13200,13100,E,43.05786,-2.996093,60,True,1,1
2026-09-28T03:34:46Z,6068D26576C3,26576,C3,6,13115,13109,2026-09-28T00:01:18,13100,13200,E,43.176933,-2.909058,60,True,2,2
2026-09-28T03:34:46Z,6168D35654C1,35654,C1,4,11409,11408,2026-09-28T00:00:03,11400,11508,95.0,43.094822,-2.1242988,61,False,,2
2026-09-28T03:34:46Z,6268D71185C2,71185,C2,1,05605,05604,2026-09-28T00:02:19,14223,05637,41.0,43.44704,-3.8820617,62,False,,2
2026-09-28T03:34:46Z,2068D22237C2,22237,C2,49,16011,16010,2026-09-28T00:01:00,15211,16011,E,43.28714,-5.6448464,20,False,1,1
2026-09-28T03:34:46Z,2068D22372C3,22372,C3,3,16403,16401,2026-09-28T00:03:00,15211,16403,E,43.56141,-5.922727,20,False,1,2
2026-09-28T03:34:46Z,2068D22373C3,22373,C3,7,16403,16403,2026-09-27T23:59:00,16403,15211,A,43.56141,-5.922727,20,False,1,1
2026-09-28T03:34:46Z,2068D70237C4,70237,C4,-1432,15410,15410,2026-09-28T00:03:00,15410,16403,A,43.537647,-5.67596,20,False,12,12
2026-09-28T03:34:46Z,2068D22358C3,22358,C3,-1441,15218,15218,2026-09-29T00:00:00,15218,16405,A,43.3588,-5.8573804,20,False,2,2
2026-09-28T03:34:46Z,2068D22132C1,22132,C1,0,15217,15211,2026-09-28T00:03:00,15218,17000,S,43.38812,-5.8272715,20,False,2,2
2026-09-28T03:34:46Z,4168D84931C2,84931,C2,87,61200,06002,2026-09-28T00:34:00,06006,61200,E,37.97462,-1.1315287,41,False,1,2
2026-09-28T03:34:46Z,4168D24722C1,24722,C1,13,62109,60911,2026-09-28T00:10:00,60911,61200,A,38.34553,-0.49576503,41,False,1,1
2026-09-28T03:34:46Z,4168D24723C1,24723,C1,-1425,61200,61200,2026-09-28T00:14:00,61200,60911,E,37.974686,-1.131078,41,False,1,1
2026-09-28T03:34:46Z,1068D27506C4b,27506,C4b,6,37002,37011,2026-09-28T00:02:00,37012,17005,A,40.288372,-3.7373493,10,True,2,2
2026-09-28T03:34:46Z,1068D75037C8a,75037,C8a,6,97100,10100,2026-09-28T00:10:00,10203,17000,E,40.49547,-3.7261994,10,False,1,3
2026-09-28T03:34:46Z,1068D19945C1,19945,C1,0,98305,98304,2026-09-29T00:12:00,18000,98305,E,40.4924,-3.593483,10,False,2,1
2026-09-28T03:34:46Z,1068D27316C4a,27316,C4a,-1440,18000,18000,2026-09-29T00:06:00,18000,19003,E,40.40654,-3.6895106,10,True,7,7
2026-09-28T03:34:46Z,1068D75872C7,75872,C7,3,18002,18002,2026-09-27T23:59:00,18002,10000,E,40.44655,-3.691473,10,False,4,4
2026-09-28T03:34:46Z,1068D27818C5,27818,C5,0,35009,35001,2026-09-27T23:49:00,35012,35607,S,40.34086,-3.7482634,10,False,2,2
2026-09-28T03:34:46Z,1068D27817C5,27817,C5,-1440,35607,35607,2026-09-28T00:41:00,35607,35012,A,40.330883,-3.8823783,10,False,2,2
2026-09-28T03:34:46Z,1068D27995C5,27995,C5,18,35606,35607,2026-09-27T23:59:00,35607,35002,S,40.32875,-3.8636916,10,False,1,2
2026-09-28T03:34:46Z,1068D27512C4b,27512,C4b,-1424,18000,18000,2026-09-28T00:55:00,18000,17005,E,40.40654,-3.6895106,10,True,7,7
2026-09-28T03:34:46Z,1068D75530C2,75530,C2,-1437,70200,70200,2026-09-28T00:28:00,70200,17000,E,40.644257,-3.1823237,10,False,2,2
2026-09-28T03:34:46Z,1068D75035C8a,75035,C8a,19,10203,10203,2026-09-27T23:59:00,10203,17000,E,40.58532,-4.1321955,10,False,5,5
2026-09-28T03:34:46Z,1068D27815C5,27815,C5,0,18000,35609,2026-09-27T23:59:00,35607,35012,A,40.405067,-3.7026901,10,False,9,2
2026-09-28T03:34:46Z,1068D75877C7,75877,C7,4,10007,10010,2026-09-28T00:03:00,10000,70103,24.0,40.472656,-3.836884,10,True,1,1
2026-09-28T03:34:46Z,1068D27090C3,27090,C3,-1418,60200,60200,2026-09-28T00:00:00,60200,17000,E,40.035027,-3.6189713,10,True,4,4
2026-09-28T03:34:46Z,1068D75875C7,75875,C7,15,10000,10000,2026-09-27T23:59:00,10000,70103,E,40.42163,-3.7193205,10,False,7,7
2026-09-28T03:34:46Z,1068D19940C1,19940,C1,-1440,98305,98305,2026-09-29T00:05:00,98305,17000,E,40.4924,-3.593483,10,False,1,1
2026-09-28T03:34:46Z,1068D27094C3,27094,C3,-1432,60200,60200,2026-09-28T00:45:00,60200,17000,S,40.035027,-3.6189713,10,True,3,3
2026-09-28T03:34:46Z,1068D27508C4b,27508,C4b,3,18000,60100,2026-09-28T00:06:00,37012,17005,13.0,40.40084,-3.682559,10,True,7,1
2026-09-28T03:34:46Z,1068D75644C2,75644,C2,-1435,70200,70200,2026-09-28T00:58:00,70200,17000,A,40.644257,-3.1823237,10,True,2,2
2026-09-28T03:34:46Z,1068D27095C3,27095,C3,-1,60103,60102,2026-09-29T00:04:00,17000,60200,E,40.242844,-3.7038615,10,True,1,1
2026-09-28T03:34:46Z,1068D27092C3,27092,C3,-1425,60200,60200,2026-09-28T00:12:00,60200,17000,S,40.035027,-3.6189713,10,False,3,3
2026-09-28T03:34:46Z,1068D75268C10,75268,C10,5,10101,10103,2026-09-28T00:06:00,10200,17000,13.0,40.560028,-3.9011943,10,True,1,1
2026-09-28T03:34:46Z,1068D27822C5,27822,C5,0,35601,35600,2026-09-27T23:59:00,35012,35607,A,40.386257,-3.7610443,10,False,1,1
2026-09-28T03:34:46Z,1068D27093C3,27093,C3,-1435,17000,17000,2026-09-28T00:13:00,17000,60200,E,40.471382,-3.6834786,10,True,5,5
2026-09-28T03:34:46Z,1068D27643C8b,27643,C8b,-1437,12006,12006,2026-09-28T00:26:00,12006,17000,A,40.737614,-4.0662985,10,False,2,2
2026-09-28T03:34:46Z,1068D27820C5,27820,C5,0,37001,35009,2026-09-28T00:01:00,35012,35607,A,40.34086,-3.7482634,10,False,6,2
2026-09-28T03:34:46Z,1068D27317C4,27317,C4,-1441,17000,17000,2026-09-29T00:34:00,17000,37012,A,40.471325,-3.6833096,10,True,3,3
2026-09-28T03:34:46Z,1068D75172C10,75172,C10,1,18004,18003,2026-09-28T00:01:00,17000,10200,A,40.395943,-3.677964,10,True,1,1
2026-09-28T03:34:46Z,1068D27510C4b,27510,C4b,3,17001,17000,2026-09-28T00:05:00,18000,17005,S,40.501648,-3.6821797,10,True,2,2
2026-09-28T03:39:32Z,3068D23578C1,23578,C1,2,50602,50700,2026-09-28T00:06:54,51003,50600,E,37.58157,-5.6699624,30,False,2,2
2026-09-28T03:39:32Z,3068D23743C5,23743,C5,-1442,51003,51003,2026-09-28T00:38:59,51003,43005,A,37.392567,-5.9749837,30,False,9,9
2026-09-28T03:39:32Z,3068D23841C5,23841,C5,-1,43004,43005,2026-09-28T00:03:07,43005,51113,E,37.381527,-6.193782,30,False,,3
2026-09-28T03:39:32Z,3068D23581C1,23581,C1,0,51103,51111,2026-09-28T00:03:16,51003,51200,34.0,37.294693,-5.9445186,30,False,,1
2026-09-28T03:39:32Z,3268D23176C2,23176,C2,54,54408,54410,2026-09-28T00:03:00,54517,54405,39.0,36.723545,-4.5838585,32,False,,
2026-09-28T03:39:32Z,3268D23402C1,23402,C1,-1438,54517,54517,2026-09-28T00:38:19,54517,54516,A,36.715366,-4.4266005,32,False,1,1
2026-09-28T03:39:32Z,3268D23400C1,23400,C1,3,54503,54501,2026-09-28T00:02:10,54517,54516,26.0,36.695095,-4.4762516,32,False,2,2
2026-09-28T03:39:32Z,5168D25472R2N,25472,R2N,-2,71801,71802,2026-09-28T00:02:47,79100,72400,E,41.37954,2.1411655,50,True,,
2026-09-28T03:39:32Z,5168D77468R4,77468,R4,-1432,78700,78700,2026-09-28T00:27:51,78700,71600,A,41.56993,2.0143688,50,False,,
2026-09-28T03:39:32Z,5168D35564R4,35564,R4,-1431,72209,72209,2026-09-28T00:00:49,72209,78600,A,41.47872,1.9255537,50,False,,
2026-09-28T03:39:32Z,5168D15023R15,15023,R15,52,71502,71500,2026-09-28T00:03:56,71400,79400,60.0,41.129208,1.2999328,50,False,,
2026-09-28T03:39:32Z,5168D25795R1,25795,R1,-1,79403,79404,2026-09-28T00:02:38,79500,72305,E,41.445705,2.2490852,50,False,,1
2026-09-28T03:39:32Z,5168D28393R2S,28393,R2S,-2,71802,71801,2026-09-28T00:01:35,71700,79400,A,41.379513,2.1412146,50,False,,
2026-09-28T03:39:32Z,5168D77464R4,77464,R4,11,78604,78600,2026-09-28T00:05:15,78600,71600,41.0,41.686344,1.8386431,50,False,,
2026-09-28T03:39:32Z,5168D25470R2N,25470,R2N,3,79006,79007,2026-09-28T00:03:54,79104,72400,E,41.533474,2.2177799,50,True,1,
2026-09-28T03:39:32Z,5168D25567R2S,25567,R2S,2,71604,71603,2026-09-28T00:01:57,71600,79400,E,41.20413,1.6760199,50,False,,
2026-09-28T03:39:32Z,5168D28490R2,28490,R2,0,71705,71704,2026-09-28T00:02:22,71700,79104,20.0,41.278507,1.9790424,50,True,,
2026-09-28T03:39:32Z,6068D26577C3,26577,C3,4,13119,13120,2026-09-28T00:00:52,13200,13100,E,43.240112,-2.924082,60,False,,1
2026-09-28T03:39:32Z,6068D35689C3,35689,C3,2,13121,13102,2026-09-28T00:02:16,13200,13100,E,43.05786,-2.996093,60,True,1,1
2026-09-28T03:39:32Z,6068D26576C3,26576,C3,6,13115,13109,2026-09-28T00:01:18,13100,13200,E,43.176933,-2.909058,60,True,2,2
2026-09-28T03:39:32Z,6168D35654C1,35654,C1,4,11409,11408,2026-09-28T00:00:03,11400,11508,95.0,43.094822,-2.1242988,61,False,,2
2026-09-28T03:39:32Z,6268D71185C2,71185,C2,1,05605,05604,2026-09-28T00:02:19,14223,05637,41.0,43.44704,-3.8820617,62,False,,2
2026-09-28T03:39:32Z,2068D22237C2,22237,C2,49,16011,16010,2026-09-28T00:01:00,15211,16011,E,43.28714,-5.6448464,20,False,1,1
2026-09-28T03:39:32Z,2068D22372C3,22372,C3,3,16403,16401,2026-09-28T00:03:00,15211,16403,E,43.56141,-5.922727,20,False,1,2
2026-09-28T03:39:32Z,2068D22373C3,22373,C3,7,16403,16403,2026-09-27T23:59:00,16403,15211,A,43.56141,-5.922727,20,False,1,1
2026-09-28T03:39:32Z,2068D70237C4,70237,C4,-1432,15410,15410,2026-09-28T00:03:00,15410,16403,A,43.537647,-5.67596,20,False,12,12
2026-09-28T03:39:32Z,2068D22358C3,22358,C3,-1441,15218,15218,2026-09-29T00:00:00,15218,16405,A,43.3588,-5.8573804,20,False,2,2
2026-09-28T03:39:32Z,2068D22132C1,22132,C1,0,15217,15211,2026-09-28T00:03:00,15218,17000,S,43.38812,-5.8272715,20,False,2,2
2026-09-28T03:39:32Z,4168D84931C2,84931,C2,87,61200,06002,2026-09-28T00:34:00,06006,61200,E,37.97462,-1.1315287,41,False,1,2
2026-09-28T03:39:32Z,4168D24722C1,24722,C1,13,62109,60911,2026-09-28T00:10:00,60911,61200,A,38.34553,-0.49576503,41,False,1,1
2026-09-28T03:39:32Z,4168D24723C1,24723,C1,-1425,61200,61200,2026-09-28T00:14:00,61200,60911,E,37.974686,-1.131078,41,False,1,1
2026-09-28T03:39:32Z,1068D27506C4b,27506,C4b,6,37002,37011,2026-09-28T00:02:00,37012,17005,A,40.288372,-3.7373493,10,True,2,2
2026-09-28T03:39:32Z,1068D75037C8a,75037,C8a,6,97100,10100,2026-09-28T00:10:00,10203,17000,E,40.49547,-3.7261994,10,False,1,3
2026-09-28T03:39:32Z,1068D19945C1,19945,C1,0,98305,98304,2026-09-29T00:12:00,18000,98305,E,40.4924,-3.593483,10,False,2,1
2026-09-28T03:39:32Z,1068D27316C4a,27316,C4a,-1440,18000,18000,2026-09-29T00:06:00,18000,19003,E,40.40654,-3.6895106,10,True,7,7
2026-09-28T03:39:32Z,1068D75872C7,75872,C7,3,18002,18002,2026-09-27T23:59:00,18002,10000,E,40.44655,-3.691473,10,False,4,4
2026-09-28T03:39:32Z,1068D27818C5,27818,C5,0,35009,35001,2026-09-27T23:49:00,35012,35607,S,40.34086,-3.7482634,10,False,2,2
2026-09-28T03:39:32Z,1068D27817C5,27817,C5,-1440,35607,35607,2026-09-28T00:41:00,35607,35012,A,40.330883,-3.8823783,10,False,2,2
2026-09-28T03:39:32Z,1068D27995C5,27995,C5,18,35606,35607,2026-09-27T23:59:00,35607,35002,S,40.32875,-3.8636916,10,False,1,2
2026-09-28T03:39:32Z,1068D27512C4b,27512,C4b,-1424,18000,18000,2026-09-28T00:55:00,18000,17005,E,40.40654,-3.6895106,10,True,7,7
2026-09-28T03:39:32Z,1068D75530C2,75530,C2,-1437,70200,70200,2026-09-28T00:28:00,70200,17000,E,40.644257,-3.1823237,10,False,2,2
2026-09-28T03:39:32Z,1068D75035C8a,75035,C8a,19,10203,10203,2026-09-27T23:59:00,10203,17000,E,40.58532,-4.1321955,10,False,5,5
2026-09-28T03:39:32Z,1068D27815C5,27815,C5,0,18000,35609,2026-09-27T23:59:00,35607,35012,A,40.405067,-3.7026901,10,False,9,2
2026-09-28T03:39:32Z,1068D75877C7,75877,C7,4,10007,10010,2026-09-28T00:03:00,10000,70103,24.0,40.472656,-3.836884,10,True,1,1
2026-09-28T03:39:32Z,1068D27090C3,27090,C3,-1418,60200,60200,2026-09-28T00:00:00,60200,17000,E,40.035027,-3.6189713,10,True,4,4
2026-09-28T03:39:32Z,1068D75875C7,75875,C7,15,10000,10000,2026-09-27T23:59:00,10000,70103,E,40.42163,-3.7193205,10,False,7,7
2026-09-28T03:39:32Z,1068D19940C1,19940,C1,-1440,98305,98305,2026-09-29T00:05:00,98305,17000,E,40.4924,-3.593483,10,False,1,1
2026-09-28T03:39:32Z,1068D27094C3,27094,C3,-1432,60200,60200,2026-09-28T00:45:00,60200,17000,S,40.035027,-3.6189713,10,True,3,3
2026-09-28T03:39:32Z,1068D27508C4b,27508,C4b,3,18000,60100,2026-09-28T00:06:00,37012,17005,13.0,40.40084,-3.682559,10,True,7,1
2026-09-28T03:39:32Z,1068D75644C2,75644,C2,-1435,70200,70200,2026-09-28T00:58:00,70200,17000,A,40.644257,-3.1823237,10,True,2,2
2026-09-28T03:39:32Z,1068D27095C3,27095,C3,-1,60103,60102,2026-09-29T00:04:00,17000,60200,E,40.242844,-3.7038615,10,True,1,1
2026-09-28T03:39:32Z,1068D27092C3,27092,C3,-1425,60200,60200,2026-09-28T00:12:00,60200,17000,S,40.035027,-3.6189713,10,False,3,3
2026-09-28T03:39:32Z,1068D75268C10,75268,C10,5,10101,10103,2026-09-28T00:06:00,10200,17000,13.0,40.560028,-3.9011943,10,True,1,1
2026-09-28T03:39:32Z,1068D27822C5,27822,C5,0,35601,35600,2026-09-27T23:59:00,35012,35607,A,40.386257,-3.7610443,10,False,1,1
2026-09-28T03:39:32Z,1068D27093C3,27093,C3,-1435,17000,17000,2026-09-28T00:13:00,17000,60200,E,40.471382,-3.6834786,10,True,5,5
2026-09-28T03:39:32Z,1068D27643C8b,27643,C8b,-1437,12006,12006,2026-09-28T00:26:00,12006,17000,A,40.737614,-4.0662985,10,False,2,2
2026-09-28T03:39:32Z,1068D27820C5,27820,C5,0,37001,35009,2026-09-28T00:01:00,35012,35607,A,40.34086,-3.7482634,10,False,6,2
2026-09-28T03:39:32Z,1068D27317C4,27317,C4,-1441,17000,17000,2026-09-29T00:34:00,17000,37012,A,40.471325,-3.6833096,10,True,3,3
2026-09-28T03:39:32Z,1068D75172C10,75172,C10,1,18004,18003,2026-09-28T00:01:00,17000,10200,A,40.395943,-3.677964,10,True,1,1
2026-09-28T03:39:32Z,1068D27510C4b,27510,C4b,3,17001,17000,2026-09-28T00:05:00,18000,17005,S,40.501648,-3.6821797,10,True,2,2
2026-09-28T03:44:32Z,3068D23578C1,23578,C1,2,50602,50700,2026-09-28T00:06:54,51003,50600,E,37.58157,-5.6699624,30,False,2,2
2026-09-28T03:44:32Z,3068D23743C5,23743,C5,-1442,51003,51003,2026-09-28T00:38:59,51003,43005,A,37.392567,-5.9749837,30,False,9,9
2026-09-28T03:44:32Z,3068D23841C5,23841,C5,-1,43004,43005,2026-09-28T00:03:07,43005,51113,E,37.381527,-6.193782,30,False,,3
2026-09-28T03:44:32Z,3068D23581C1,23581,C1,0,51103,51111,2026-09-28T00:03:16,51003,51200,34.0,37.294693,-5.9445186,30,False,,1
2026-09-28T03:44:32Z,3268D23176C2,23176,C2,54,54408,54410,2026-09-28T00:03:00,54517,54405,39.0,36.723545,-4.5838585,32,False,,
2026-09-28T03:44:32Z,3268D23402C1,23402,C1,-1438,54517,54517,2026-09-28T00:38:19,54517,54516,A,36.715366,-4.4266005,32,False,1,1
2026-09-28T03:44:32Z,3268D23400C1,23400,C1,3,54503,54501,2026-09-28T00:02:10,54517,54516,26.0,36.695095,-4.4762516,32,False,2,2
2026-09-28T03:44:32Z,5168D25472R2N,25472,R2N,-2,71801,71802,2026-09-28T00:02:47,79100,72400,E,41.37954,2.1411655,50,True,,
2026-09-28T03:44:32Z,5168D77468R4,77468,R4,-1432,78700,78700,2026-09-28T00:27:51,78700,71600,A,41.56993,2.0143688,50,False,,
2026-09-28T03:44:32Z,5168D35564R4,35564,R4,-1431,72209,72209,2026-09-28T00:00:49,72209,78600,A,41.47872,1.9255537,50,False,,
2026-09-28T03:44:32Z,5168D15023R15,15023,R15,52,71502,71500,2026-09-28T00:03:56,71400,79400,60.0,41.129208,1.2999328,50,False,,
2026-09-28T03:44:32Z,5168D25795R1,25795,R1,-1,79403,79404,2026-09-28T00:02:38,79500,72305,E,41.445705,2.2490852,50,False,,1
2026-09-28T03:44:32Z,5168D28393R2S,28393,R2S,-2,71802,71801,2026-09-28T00:01:35,71700,79400,A,41.379513,2.1412146,50,False,,
2026-09-28T03:44:32Z,5168D77464R4,77464,R4,11,78604,78600,2026-09-28T00:05:15,78600,71600,41.0,41.686344,1.8386431,50,False,,
2026-09-28T03:44:32Z,5168D25470R2N,25470,R2N,3,79006,79007,2026-09-28T00:03:54,79104,72400,E,41.533474,2.2177799,50,True,1,
2026-09-28T03:44:32Z,5168D25567R2S,25567,R2S,2,71604,71603,2026-09-28T00:01:57,71600,79400,E,41.20413,1.6760199,50,False,,
2026-09-28T03:44:32Z,5168D28490R2,28490,R2,0,71705,71704,2026-09-28T00:02:22,71700,79104,20.0,41.278507,1.9790424,50,True,,
2026-09-28T03:44:32Z,6068D26577C3,26577,C3,4,13119,13120,2026-09-28T00:00:52,13200,13100,E,43.240112,-2.924082,60,False,,1
2026-09-28T03:44:32Z,6068D35689C3,35689,C3,2,13121,13102,2026-09-28T00:02:16,13200,13100,E,43.05786,-2.996093,60,True,1,1
2026-09-28T03:44:32Z,6068D26576C3,26576,C3,6,13115,13109,2026-09-28T00:01:18,13100,13200,E,43.176933,-2.909058,60,True,2,2
2026-09-28T03:44:32Z,6168D35654C1,35654,C1,4,11409,11408,2026-09-28T00:00:03,11400,11508,95.0,43.094822,-2.1242988,61,False,,2
2026-09-28T03:44:32Z,6268D71185C2,71185,C2,1,05605,05604,2026-09-28T00:02:19,14223,05637,41.0,43.44704,-3.8820617,62,False,,2
2026-09-28T03:44:32Z,2068D22237C2,22237,C2,49,16011,16010,2026-09-28T00:01:00,15211,16011,E,43.28714,-5.6448464,20,False,1,1
2026-09-28T03:44:32Z,2068D22372C3,22372,C3,3,16403,16401,2026-09-28T00:03:00,15211,16403,E,43.56141,-5.922727,20,False,1,2
2026-09-28T03:44:32Z,2068D22373C3,22373,C3,7,16403,16403,2026-09-27T23:59:00,16403,15211,A,43.56141,-5.922727,20,False,1,1
2026-09-28T03:44:32Z,2068D70237C4,70237,C4,-1432,15410,15410,2026-09-28T00:03:00,15410,16403,A,43.537647,-5.67596,20,False,12,12
2026-09-28T03:44:32Z,2068D22358C3,22358,C3,-1441,15218,15218,2026-09-29T00:00:00,15218,16405,A,43.3588,-5.8573804,20,False,2,2
2026-09-28T03:44:32Z,2068D22132C1,22132,C1,0,15217,15211,2026-09-28T00:03:00,15218,17000,S,43.38812,-5.8272715,20,False,2,2
2026-09-28T03:44:32Z,4168D84931C2,84931,C2,87,61200,06002,2026-09-28T00:34:00,06006,61200,E,37.97462,-1.1315287,41,False,1,2
2026-09-28T03:44:32Z,4168D24722C1,24722,C1,13,62109,60911,2026-09-28T00:10:00,60911,61200,A,38.34553,-0.49576503,41,False,1,1
2026-09-28T03:44:32Z,4168D24723C1,24723,C1,-1425,61200,61200,2026-09-28T00:14:00,61200,60911,E,37.974686,-1.131078,41,False,1,1
2026-09-28T03:44:32Z,1068D27506C4b,27506,C4b,6,37002,37011,2026-09-28T00:02:00,37012,17005,A,40.288372,-3.7373493,10,True,2,2
2026-09-28T03:44:32Z,1068D75037C8a,75037,C8a,6,97100,10100,2026-09-28T00:10:00,10203,17000,E,40.49547,-3.7261994,10,False,1,3
2026-09-28T03:44:32Z,1068D19945C1,19945,C1,0,98305,98304,2026-09-29T00:12:00,18000,98305,E,40.4924,-3.593483,10,False,2,1
2026-09-28T03:44:32Z,1068D27316C4a,27316,C4a,-1440,18000,18000,2026-09-29T00:06:00,18000,19003,E,40.40654,-3.6895106,10,True,7,7
2026-09-28T03:44:32Z,1068D75872C7,75872,C7,3,18002,18002,2026-09-27T23:59:00,18002,10000,E,40.44655,-3.691473,10,False,4,4
2026-09-28T03:44:32Z,1068D27818C5,27818,C5,0,35009,35001,2026-09-27T23:49:00,35012,35607,S,40.34086,-3.7482634,10,False,2,2
2026-09-28T03:44:32Z,1068D27817C5,27817,C5,-1440,35607,35607,2026-09-28T00:41:00,35607,35012,A,40.330883,-3.8823783,10,False,2,2
2026-09-28T03:44:32Z,1068D27995C5,27995,C5,18,35606,35607,2026-09-27T23:59:00,35607,35002,S,40.32875,-3.8636916,10,False,1,2
2026-09-28T03:44:32Z,1068D27512C4b,27512,C4b,-1424,18000,18000,2026-09-28T00:55:00,18000,17005,E,40.40654,-3.6895106,10,True,7,7
2026-09-28T03:44:32Z,1068D75530C2,75530,C2,-1437,70200,70200,2026-09-28T00:28:00,70200,17000,E,40.644257,-3.1823237,10,False,2,2
2026-09-28T03:44:32Z,1068D75035C8a,75035,C8a,19,10203,10203,2026-09-27T23:59:00,10203,17000,E,40.58532,-4.1321955,10,False,5,5
2026-09-28T03:44:32Z,1068D27815C5,27815,C5,0,18000,35609,2026-09-27T23:59:00,35607,35012,A,40.405067,-3.7026901,10,False,9,2
2026-09-28T03:44:32Z,1068D75877C7,75877,C7,4,10007,10010,2026-09-28T00:03:00,10000,70103,24.0,40.472656,-3.836884,10,True,1,1
2026-09-28T03:44:32Z,1068D27090C3,27090,C3,-1418,60200,60200,2026-09-28T00:00:00,60200,17000,E,40.035027,-3.6189713,10,True,4,4
2026-09-28T03:44:32Z,1068D75875C7,75875,C7,15,10000,10000,2026-09-27T23:59:00,10000,70103,E,40.42163,-3.7193205,10,False,7,7
2026-09-28T03:44:32Z,1068D19940C1,19940,C1,-1440,98305,98305,2026-09-29T00:05:00,98305,17000,E,40.4924,-3.593483,10,False,1,1
2026-09-28T03:44:32Z,1068D27094C3,27094,C3,-1432,60200,60200,2026-09-28T00:45:00,60200,17000,S,40.035027,-3.6189713,10,True,3,3
2026-09-28T03:44:32Z,1068D27508C4b,27508,C4b,3,18000,60100,2026-09-28T00:06:00,37012,17005,13.0,40.40084,-3.682559,10,True,7,1
2026-09-28T03:44:32Z,1068D75644C2,75644,C2,-1435,70200,70200,2026-09-28T00:58:00,70200,17000,A,40.644257,-3.1823237,10,True,2,2
2026-09-28T03:44:32Z,1068D27095C3,27095,C3,-1,60103,60102,2026-09-29T00:04:00,17000,60200,E,40.242844,-3.7038615,10,True,1,1
2026-09-28T03:44:32Z,1068D27092C3,27092,C3,-1425,60200,60200,2026-09-28T00:12:00,60200,17000,S,40.035027,-3.6189713,10,False,3,3
2026-09-28T03:44:32Z,1068D75268C10,75268,C10,5,10101,10103,2026-09-28T00:06:00,10200,17000,13.0,40.560028,-3.9011943,10,True,1,1
2026-09-28T03:44:32Z,1068D27822C5,27822,C5,0,35601,35600,2026-09-27T23:59:00,35012,35607,A,40.386257,-3.7610443,10,False,1,1
2026-09-28T03:44:32Z,1068D27093C3,27093,C3,-1435,17000,17000,2026-09-28T00:13:00,17000,60200,E,40.471382,-3.6834786,10,True,5,5
2026-09-28T03:44:32Z,1068D27643C8b,27643,C8b,-1437,12006,12006,2026-09-28T00:26:00,12006,17000,A,40.737614,-4.0662985,10,False,2,2
2026-09-28T03:44:32Z,1068D27820C5,27820,C5,0,37001,35009,2026-09-28T00:01:00,35012,35607,A,40.34086,-3.7482634,10,False,6,2
2026-09-28T03:44:32Z,1068D27317C4,27317,C4,-1441,17000,17000,2026-09-29T00:34:00,17000,37012,A,40.471325,-3.6833096,10,True,3,3
2026-09-28T03:44:32Z,1068D75172C10,75172,C10,1,18004,18003,2026-09-28T00:01:00,17000,10200,A,40.395943,-3.677964,10,True,1,1
2026-09-28T03:44:32Z,1068D27510C4b,27510,C4b,3,17001,17000,2026-09-28T00:05:00,18000,17005,S,40.501648,-3.6821797,10,True,2,2
2026-09-28T03:49:40Z,3068D23578C1,23578,C1,2,50602,50700,2026-09-28T00:06:54,51003,50600,E,37.58157,-5.6699624,30,False,2,2
2026-09-28T03:49:40Z,3068D23743C5,23743,C5,-1442,51003,51003,2026-09-28T00:38:59,51003,43005,A,37.392567,-5.9749837,30,False,9,9
2026-09-28T03:49:40Z,3068D23841C5,23841,C5,-1,43004,43005,2026-09-28T00:03:07,43005,51113,E,37.381527,-6.193782,30,False,,3
2026-09-28T03:49:40Z,3068D23581C1,23581,C1,0,51103,51111,2026-09-28T00:03:16,51003,51200,34.0,37.294693,-5.9445186,30,False,,1
2026-09-28T03:49:40Z,3268D23176C2,23176,C2,54,54408,54410,2026-09-28T00:03:00,54517,54405,39.0,36.723545,-4.5838585,32,False,,
2026-09-28T03:49:40Z,3268D23402C1,23402,C1,-1438,54517,54517,2026-09-28T00:38:19,54517,54516,A,36.715366,-4.4266005,32,False,1,1
2026-09-28T03:49:40Z,3268D23400C1,23400,C1,3,54503,54501,2026-09-28T00:02:10,54517,54516,26.0,36.695095,-4.4762516,32,False,2,2
2026-09-28T03:49:40Z,5168D25472R2N,25472,R2N,-2,71801,71802,2026-09-28T00:02:47,79100,72400,E,41.37954,2.1411655,50,True,,
2026-09-28T03:49:40Z,5168D77468R4,77468,R4,-1432,78700,78700,2026-09-28T00:27:51,78700,71600,A,41.56993,2.0143688,50,False,,
2026-09-28T03:49:40Z,5168D35564R4,35564,R4,-1431,72209,72209,2026-09-28T00:00:49,72209,78600,A,41.47872,1.9255537,50,False,,
2026-09-28T03:49:40Z,5168D15023R15,15023,R15,52,71502,71500,2026-09-28T00:03:56,71400,79400,60.0,41.129208,1.2999328,50,False,,
2026-09-28T03:49:40Z,5168D25795R1,25795,R1,-1,79403,79404,2026-09-28T00:02:38,79500,72305,E,41.445705,2.2490852,50,False,,1
2026-09-28T03:49:40Z,5168D28393R2S,28393,R2S,-2,71802,71801,2026-09-28T00:01:35,71700,79400,A,41.379513,2.1412146,50,False,,
2026-09-28T03:49:40Z,5168D77464R4,77464,R4,11,78604,78600,2026-09-28T00:05:15,78600,71600,41.0,41.686344,1.8386431,50,False,,
2026-09-28T03:49:40Z,5168D25470R2N,25470,R2N,3,79006,79007,2026-09-28T00:03:54,79104,72400,E,41.533474,2.2177799,50,True,1,
2026-09-28T03:49:40Z,5168D25567R2S,25567,R2S,2,71604,71603,2026-09-28T00:01:57,71600,79400,E,41.20413,1.6760199,50,False,,
2026-09-28T03:49:40Z,5168D28490R2,28490,R2,0,71705,71704,2026-09-28T00:02:22,71700,79104,20.0,41.278507,1.9790424,50,True,,
2026-09-28T03:49:40Z,6068D26577C3,26577,C3,4,13119,13120,2026-09-28T00:00:52,13200,13100,E,43.240112,-2.924082,60,False,,1
2026-09-28T03:49:40Z,6068D35689C3,35689,C3,2,13121,13102,2026-09-28T00:02:16,13200,13100,E,43.05786,-2.996093,60,True,1,1
2026-09-28T03:49:40Z,6068D26576C3,26576,C3,6,13115,13109,2026-09-28T00:01:18,13100,13200,E,43.176933,-2.909058,60,True,2,2
2026-09-28T03:49:40Z,6168D35654C1,35654,C1,4,11409,11408,2026-09-28T00:00:03,11400,11508,95.0,43.094822,-2.1242988,61,False,,2
2026-09-28T03:49:40Z,6268D71185C2,71185,C2,1,05605,05604,2026-09-28T00:02:19,14223,05637,41.0,43.44704,-3.8820617,62,False,,2
2026-09-28T03:49:40Z,2068D22237C2,22237,C2,49,16011,16010,2026-09-28T00:01:00,15211,16011,E,43.28714,-5.6448464,20,False,1,1
2026-09-28T03:49:40Z,2068D22372C3,22372,C3,3,16403,16401,2026-09-28T00:03:00,15211,16403,E,43.56141,-5.922727,20,False,1,2
2026-09-28T03:49:40Z,2068D22373C3,22373,C3,7,16403,16403,2026-09-27T23:59:00,16403,15211,A,43.56141,-5.922727,20,False,1,1
2026-09-28T03:49:40Z,2068D70237C4,70237,C4,-1432,15410,15410,2026-09-28T00:03:00,15410,16403,A,43.537647,-5.67596,20,False,12,12
2026-09-28T03:49:40Z,2068D22358C3,22358,C3,-1441,15218,15218,2026-09-29T00:00:00,15218,16405,A,43.3588,-5.8573804,20,False,2,2
2026-09-28T03:49:40Z,2068D22132C1,22132,C1,0,15217,15211,2026-09-28T00:03:00,15218,17000,S,43.38812,-5.8272715,20,False,2,2
2026-09-28T03:49:40Z,4168D84931C2,84931,C2,87,61200,06002,2026-09-28T00:34:00,06006,61200,E,37.97462,-1.1315287,41,False,1,2
2026-09-28T03:49:40Z,4168D24722C1,24722,C1,13,62109,60911,2026-09-28T00:10:00,60911,61200,A,38.34553,-0.49576503,41,False,1,1
2026-09-28T03:49:40Z,4168D24723C1,24723,C1,-1425,61200,61200,2026-09-28T00:14:00,61200,60911,E,37.974686,-1.131078,41,False,1,1
2026-09-28T03:49:40Z,1068D27506C4b,27506,C4b,6,37002,37011,2026-09-28T00:02:00,37012,17005,A,40.288372,-3.7373493,10,True,2,2
2026-09-28T03:49:40Z,1068D75037C8a,75037,C8a,6,97100,10100,2026-09-28T00:10:00,10203,17000,E,40.49547,-3.7261994,10,False,1,3
2026-09-28T03:49:40Z,1068D19945C1,19945,C1,0,98305,98304,2026-09-29T00:12:00,18000,98305,E,40.4924,-3.593483,10,False,2,1
2026-09-28T03:49:40Z,1068D27316C4a,27316,C4a,-1440,18000,18000,2026-09-29T00:06:00,18000,19003,E,40.40654,-3.6895106,10,True,7,7
2026-09-28T03:49:40Z,1068D75872C7,75872,C7,3,18002,18002,2026-09-27T23:59:00,18002,10000,E,40.44655,-3.691473,10,False,4,4
2026-09-28T03:49:40Z,1068D27818C5,27818,C5,0,35009,35001,2026-09-27T23:49:00,35012,35607,S,40.34086,-3.7482634,10,False,2,2
2026-09-28T03:49:40Z,1068D27817C5,27817,C5,-1440,35607,35607,2026-09-28T00:41:00,35607,35012,A,40.330883,-3.8823783,10,False,2,2
2026-09-28T03:49:40Z,1068D27995C5,27995,C5,18,35606,35607,2026-09-27T23:59:00,35607,35002,S,40.32875,-3.8636916,10,False,1,2
2026-09-28T03:49:40Z,1068D27512C4b,27512,C4b,-1424,18000,18000,2026-09-28T00:55:00,18000,17005,E,40.40654,-3.6895106,10,True,7,7
2026-09-28T03:49:40Z,1068D75530C2,75530,C2,-1437,70200,70200,2026-09-28T00:28:00,70200,17000,E,40.644257,-3.1823237,10,False,2,2
2026-09-28T03:49:40Z,1068D75035C8a,75035,C8a,19,10203,10203,2026-09-27T23:59:00,10203,17000,E,40.58532,-4.1321955,10,False,5,5
2026-09-28T03:49:40Z,1068D27815C5,27815,C5,0,18000,35609,2026-09-27T23:59:00,35607,35012,A,40.405067,-3.7026901,10,False,9,2
2026-09-28T03:49:40Z,1068D75877C7,75877,C7,4,10007,10010,2026-09-28T00:03:00,10000,70103,24.0,40.472656,-3.836884,10,True,1,1
2026-09-28T03:49:40Z,1068D27090C3,27090,C3,-1418,60200,60200,2026-09-28T00:00:00,60200,17000,E,40.035027,-3.6189713,10,True,4,4
2026-09-28T03:49:40Z,1068D75875C7,75875,C7,15,10000,10000,2026-09-27T23:59:00,10000,70103,E,40.42163,-3.7193205,10,False,7,7
2026-09-28T03:49:40Z,1068D19940C1,19940,C1,-1440,98305,98305,2026-09-29T00:05:00,98305,17000,E,40.4924,-3.593483,10,False,1,1
2026-09-28T03:49:40Z,1068D27094C3,27094,C3,-1432,60200,60200,2026-09-28T00:45:00,60200,17000,S,40.035027,-3.6189713,10,True,3,3
2026-09-28T03:49:40Z,1068D27508C4b,27508,C4b,3,18000,60100,2026-09-28T00:06:00,37012,17005,13.0,40.40084,-3.682559,10,True,7,1
2026-09-28T03:49:40Z,1068D75644C2,75644,C2,-1435,70200,70200,2026-09-28T00:58:00,70200,17000,A,40.644257,-3.1823237,10,True,2,2
2026-09-28T03:49:40Z,1068D27095C3,27095,C3,-1,60103,60102,2026-09-29T00:04:00,17000,60200,E,40.242844,-3.7038615,10,True,1,1
2026-09-28T03:49:40Z,1068D27092C3,27092,C3,-1425,60200,60200,2026-09-28T00:12:00,60200,17000,S,40.035027,-3.6189713,10,False,3,3
2026-09-28T03:49:40Z,1068D75268C10,75268,C10,5,10101,10103,2026-09-28T00:06:00,10200,17000,13.0,40.560028,-3.9011943,10,True,1,1
2026-09-28T03:49:40Z,1068D27822C5,27822,C5,0,35601,35600,2026-09-27T23:59:00,35012,35607,A,40.386257,-3.7610443,10,False,1,1
2026-09-28T03:49:40Z,1068D27093C3,27093,C3,-1435,17000,17000,2026-09-28T00:13:00,17000,60200,E,40.471382,-3.6834786,10,True,5,5
2026-09-28T03:49:40Z,1068D27643C8b,27643,C8b,-1437,12006,12006,2026-09-28T00:26:00,12006,17000,A,40.737614,-4.0662985,10,False,2,2
2026-09-28T03:49:40Z,1068D27820C5,27820,C5,0,37001,35009,2026-09-28T00:01:00,35012,35607,A,40.34086,-3.7482634,10,False,6,2
2026-09-28T03:49:40Z,1068D27317C4,27317,C4,-1441,17000,17000,2026-09-29T00:34:00,17000,37012,A,40.471325,-3.6833096,10,True,3,3
2026-09-28T03:49:40Z,1068D75172C10,75172,C10,1,18004,18003,2026-09-28T00:01:00,17000,10200,A,40.395943,-3.677964,10,True,1,1
2026-09-28T03:49:40Z,1068D27510C4b,27510,C4b,3,17001,17000,2026-09-28T00:05:00,18000,17005,S,40.501648,-3.6821797,10,True,2,2
2026-09-28T03:54:31Z,3068D23578C1,23578,C1,2,50602,50700,2026-09-28T00:06:54,51003,50600,E,37.58157,-5.6699624,30,False,2,2
2026-09-28T03:54:31Z,3068D23743C5,23743,C5,-1442,51003,51003,2026-09-28T00:38:59,51003,43005,A,37.392567,-5.9749837,30,False,9,9
2026-09-28T03:54:31Z,3068D23841C5,23841,C5,-1,43004,43005,2026-09-28T00:03:07,43005,51113,E,37.381527,-6.193782,30,False,,3
2026-09-28T03:54:31Z,3068D23581C1,23581,C1,0,51103,51111,2026-09-28T00:03:16,51003,51200,34.0,37.294693,-5.9445186,30,False,,1
2026-09-28T03:54:31Z,3268D23176C2,23176,C2,54,54408,54410,2026-09-28T00:03:00,54517,54405,39.0,36.723545,-4.5838585,32,False,,
2026-09-28T03:54:31Z,3268D23402C1,23402,C1,-1438,54517,54517,2026-09-28T00:38:19,54517,54516,A,36.715366,-4.4266005,32,False,1,1
2026-09-28T03:54:31Z,3268D23400C1,23400,C1,3,54503,54501,2026-09-28T00:02:10,54517,54516,26.0,36.695095,-4.4762516,32,False,2,2
2026-09-28T03:54:31Z,5168D25472R2N,25472,R2N,-2,71801,71802,2026-09-28T00:02:47,79100,72400,E,41.37954,2.1411655,50,True,,
2026-09-28T03:54:31Z,5168D77468R4,77468,R4,-1432,78700,78700,2026-09-28T00:27:51,78700,71600,A,41.56993,2.0143688,50,False,,
2026-09-28T03:54:31Z,5168D35564R4,35564,R4,-1431,72209,72209,2026-09-28T00:00:49,72209,78600,A,41.47872,1.9255537,50,False,,
2026-09-28T03:54:31Z,5168D15023R15,15023,R15,52,71502,71500,2026-09-28T00:03:56,71400,79400,60.0,41.129208,1.2999328,50,False,,
2026-09-28T03:54:31Z,5168D25795R1,25795,R1,-1,79403,79404,2026-09-28T00:02:38,79500,72305,E,41.445705,2.2490852,50,False,,1
2026-09-28T03:54:31Z,5168D28393R2S,28393,R2S,-2,71802,71801,2026-09-28T00:01:35,71700,79400,A,41.379513,2.1412146,50,False,,
2026-09-28T03:54:31Z,5168D77464R4,77464,R4,11,78604,78600,2026-09-28T00:05:15,78600,71600,41.0,41.686344,1.8386431,50,False,,
2026-09-28T03:54:31Z,5168D25470R2N,25470,R2N,3,79006,79007,2026-09-28T00:03:54,79104,72400,E,41.533474,2.2177799,50,True,1,
2026-09-28T03:54:31Z,5168D25567R2S,25567,R2S,2,71604,71603,2026-09-28T00:01:57,71600,79400,E,41.20413,1.6760199,50,False,,
2026-09-28T03:54:31Z,5168D28490R2,28490,R2,0,71705,71704,2026-09-28T00:02:22,71700,79104,20.0,41.278507,1.9790424,50,True,,
2026-09-28T03:54:31Z,6068D26577C3,26577,C3,4,13119,13120,2026-09-28T00:00:52,13200,13100,E,43.240112,-2.924082,60,False,,1
2026-09-28T03:54:31Z,6068D35689C3,35689,C3,2,13121,13102,2026-09-28T00:02:16,13200,13100,E,43.05786,-2.996093,60,True,1,1
2026-09-28T03:54:31Z,6068D26576C3,26576,C3,6,13115,13109,2026-09-28T00:01:18,13100,13200,E,43.176933,-2.909058,60,True,2,2
2026-09-28T03:54:31Z,6168D35654C1,35654,C1,4,11409,11408,2026-09-28T00:00:03,11400,11508,95.0,43.094822,-2.1242988,61,False,,2
2026-09-28T03:54:31Z,6268D71185C2,71185,C2,1,05605,05604,2026-09-28T00:02:19,14223,05637,41.0,43.44704,-3.8820617,62,False,,2
2026-09-28T03:54:31Z,2068D22237C2,22237,C2,49,16011,16010,2026-09-28T00:01:00,15211,16011,E,43.28714,-5.6448464,20,False,1,1
2026-09-28T03:54:31Z,2068D22372C3,22372,C3,3,16403,16401,2026-09-28T00:03:00,15211,16403,E,43.56141,-5.922727,20,False,1,2
2026-09-28T03:54:31Z,2068D22373C3,22373,C3,7,16403,16403,2026-09-27T23:59:00,16403,15211,A,43.56141,-5.922727,20,False,1,1
2026-09-28T03:54:31Z,2068D70237C4,70237,C4,-1432,15410,15410,2026-09-28T00:03:00,15410,16403,A,43.537647,-5.67596,20,False,12,12
2026-09-28T03:54:31Z,2068D22358C3,22358,C3,-1441,15218,15218,2026-09-29T00:00:00,15218,16405,A,43.3588,-5.8573804,20,False,2,2
2026-09-28T03:54:31Z,2068D22132C1,22132,C1,0,15217,15211,2026-09-28T00:03:00,15218,17000,S,43.38812,-5.8272715,20,False,2,2
2026-09-28T03:54:31Z,4168D84931C2,84931,C2,87,61200,06002,2026-09-28T00:34:00,06006,61200,E,37.97462,-1.1315287,41,False,1,2
2026-09-28T03:54:31Z,4168D24722C1,24722,C1,13,62109,60911,2026-09-28T00:10:00,60911,61200,A,38.34553,-0.49576503,41,False,1,1
2026-09-28T03:54:31Z,4168D24723C1,24723,C1,-1425,61200,61200,2026-09-28T00:14:00,61200,60911,E,37.974686,-1.131078,41,False,1,1
2026-09-28T03:54:31Z,1068D27506C4b,27506,C4b,6,37002,37011,2026-09-28T00:02:00,37012,17005,A,40.288372,-3.7373493,10,True,2,2
2026-09-28T03:54:31Z,1068D75037C8a,75037,C8a,6,97100,10100,2026-09-28T00:10:00,10203,17000,E,40.49547,-3.7261994,10,False,1,3
2026-09-28T03:54:31Z,1068D19945C1,19945,C1,0,98305,98304,2026-09-29T00:12:00,18000,98305,E,40.4924,-3.593483,10,False,2,1
2026-09-28T03:54:31Z,1068D27316C4a,27316,C4a,-1440,18000,18000,2026-09-29T00:06:00,18000,19003,E,40.40654,-3.6895106,10,True,7,7
2026-09-28T03:54:31Z,1068D75872C7,75872,C7,3,18002,18002,2026-09-27T23:59:00,18002,10000,E,40.44655,-3.691473,10,False,4,4
2026-09-28T03:54:31Z,1068D27818C5,27818,C5,0,35009,35001,2026-09-27T23:49:00,35012,35607,S,40.34086,-3.7482634,10,False,2,2
2026-09-28T03:54:31Z,1068D27817C5,27817,C5,-1440,35607,35607,2026-09-28T00:41:00,35607,35012,A,40.330883,-3.8823783,10,False,2,2
2026-09-28T03:54:31Z,1068D27995C5,27995,C5,18,35606,35607,2026-09-27T23:59:00,35607,35002,S,40.32875,-3.8636916,10,False,1,2
2026-09-28T03:54:31Z,1068D27512C4b,27512,C4b,-1424,18000,18000,2026-09-28T00:55:00,18000,17005,E,40.40654,-3.6895106,10,True,7,7
2026-09-28T03:54:31Z,1068D75530C2,75530,C2,-1437,70200,70200,2026-09-28T00:28:00,70200,17000,E,40.644257,-3.1823237,10,False,2,2
2026-09-28T03:54:31Z,1068D75035C8a,75035,C8a,19,10203,10203,2026-09-27T23:59:00,10203,17000,E,40.58532,-4.1321955,10,False,5,5
2026-09-28T03:54:31Z,1068D27815C5,27815,C5,0,18000,35609,2026-09-27T23:59:00,35607,35012,A,40.405067,-3.7026901,10,False,9,2
2026-09-28T03:54:31Z,1068D75877C7,75877,C7,4,10007,10010,2026-09-28T00:03:00,10000,70103,24.0,40.472656,-3.836884,10,True,1,1
2026-09-28T03:54:31Z,1068D27090C3,27090,C3,-1418,60200,60200,2026-09-28T00:00:00,60200,17000,E,40.035027,-3.6189713,10,True,4,4
2026-09-28T03:54:31Z,1068D75875C7,75875,C7,15,10000,10000,2026-09-27T23:59:00,10000,70103,E,40.42163,-3.7193205,10,False,7,7
2026-09-28T03:54:31Z,1068D19940C1,19940,C1,-1440,98305,98305,2026-09-29T00:05:00,98305,17000,E,40.4924,-3.593483,10,False,1,1
2026-09-28T03:54:31Z,1068D27094C3,27094,C3,-1432,60200,60200,2026-09-28T00:45:00,60200,17000,S,40.035027,-3.6189713,10,True,3,3
2026-09-28T03:54:31Z,1068D27508C4b,27508,C4b,3,18000,60100,2026-09-28T00:06:00,37012,17005,13.0,40.40084,-3.682559,10,True,7,1
2026-09-28T03:54:31Z,1068D75644C2,75644,C2,-1435,70200,70200,2026-09-28T00:58:00,70200,17000,A,40.644257,-3.1823237,10,True,2,2
2026-09-28T03:54:31Z,1068D27095C3,27095,C3,-1,60103,60102,2026-09-29T00:04:00,17000,60200,E,40.242844,-3.7038615,10,True,1,1
2026-09-28T03:54:31Z,1068D27092C3,27092,C3,-1425,60200,60200,2026-09-28T00:12:00,60200,17000,S,40.035027,-3.6189713,10,False,3,3
2026-09-28T03:54:31Z,1068D75268C10,75268,C10,5,10101,10103,2026-09-28T00:06:00,10200,17000,13.0,40.560028,-3.9011943,10,True,1,1
2026-09-28T03:54:31Z,1068D27822C5,27822,C5,0,35601,35600,2026-09-27T23:59:00,35012,35607,A,40.386257,-3.7610443,10,False,1,1
2026-09-28T03:54:31Z,1068D27093C3,27093,C3,-1435,17000,17000,2026-09-28T00:13:00,17000,60200,E,40.471382,-3.6834786,10,True,5,5
2026-09-28T03:54:31Z,1068D27643C8b,27643,C8b,-1437,12006,12006,2026-09-28T00:26:00,12006,17000,A,40.737614,-4.0662985,10,False,2,2
2026-09-28T03:54:31Z,1068D27820C5,27820,C5,0,37001,35009,2026-09-28T00:01:00,35012,35607,A,40.34086,-3.7482634,10,False,6,2
2026-09-28T03:54:31Z,1068D27317C4,27317,C4,-1441,17000,17000,2026-09-29T00:34:00,17000,37012,A,40.471325,-3.6833096,10,True,3,3
2026-09-28T03:54:31Z,1068D75172C10,75172,C10,1,18004,18003,2026-09-28T00:01:00,17000,10200,A,40.395943,-3.677964,10,True,1,1
2026-09-28T03:54:31Z,1068D27510C4b,27510,C4b,3,17001,17000,2026-09-28T00:05:00,18000,17005,S,40.501648,-3.6821797,10,True,2,2
2026-09-28T03:59:28Z,3068D23578C1,23578,C1,2,50602,50700,2026-09-28T00:06:54,51003,50600,E,37.58157,-5.6699624,30,False,2,2
2026-09-28T03:59:28Z,3068D23743C5,23743,C5,-1442,51003,51003,2026-09-28T00:38:59,51003,43005,A,37.392567,-5.9749837,30,False,9,9
2026-09-28T03:59:28Z,3068D23841C5,23841,C5,-1,43004,43005,2026-09-28T00:03:07,43005,51113,E,37.381527,-6.193782,30,False,,3
2026-09-28T03:59:28Z,3068D23581C1,23581,C1,0,51103,51111,2026-09-28T00:03:16,51003,51200,34.0,37.294693,-5.9445186,30,False,,1
2026-09-28T03:59:28Z,3268D23176C2,23176,C2,54,54408,54410,2026-09-28T00:03:00,54517,54405,39.0,36.723545,-4.5838585,32,False,,
2026-09-28T03:59:28Z,3268D23402C1,23402,C1,-1438,54517,54517,2026-09-28T00:38:19,54517,54516,A,36.715366,-4.4266005,32,False,1,1
2026-09-28T03:59:28Z,3268D23400C1,23400,C1,3,54503,54501,2026-09-28T00:02:10,54517,54516,26.0,36.695095,-4.4762516,32,False,2,2
2026-09-28T03:59:28Z,5168D25472R2N,25472,R2N,-2,71801,71802,2026-09-28T00:02:47,79100,72400,E,41.37954,2.1411655,50,True,,
2026-09-28T03:59:28Z,5168D77468R4,77468,R4,-1432,78700,78700,2026-09-28T00:27:51,78700,71600,A,41.56993,2.0143688,50,False,,
2026-09-28T03:59:28Z,5168D35564R4,35564,R4,-1431,72209,72209,2026-09-28T00:00:49,72209,78600,A,41.47872,1.9255537,50,False,,
2026-09-28T03:59:28Z,5168D15023R15,15023,R15,52,71502,71500,2026-09-28T00:03:56,71400,79400,60.0,41.129208,1.2999328,50,False,,
2026-09-28T03:59:28Z,5168D25795R1,25795,R1,-1,79403,79404,2026-09-28T00:02:38,79500,72305,E,41.445705,2.2490852,50,False,,1
2026-09-28T03:59:28Z,5168D28393R2S,28393,R2S,-2,71802,71801,2026-09-28T00:01:35,71700,79400,A,41.379513,2.1412146,50,False,,
2026-09-28T03:59:28Z,5168D77464R4,77464,R4,11,78604,78600,2026-09-28T00:05:15,78600,71600,41.0,41.686344,1.8386431,50,False,,
2026-09-28T03:59:28Z,5168D25470R2N,25470,R2N,3,79006,79007,2026-09-28T00:03:54,79104,72400,E,41.533474,2.2177799,50,True,1,
2026-09-28T03:59:28Z,5168D25567R2S,25567,R2S,2,71604,71603,2026-09-28T00:01:57,71600,79400,E,41.20413,1.6760199,50,False,,
2026-09-28T03:59:28Z,5168D28490R2,28490,R2,0,71705,71704,2026-09-28T00:02:22,71700,79104,20.0,41.278507,1.9790424,50,True,,
2026-09-28T03:59:28Z,6068D26577C3,26577,C3,4,13119,13120,2026-09-28T00:00:52,13200,13100,E,43.240112,-2.924082,60,False,,1
2026-09-28T03:59:28Z,6068D35689C3,35689,C3,2,13121,13102,2026-09-28T00:02:16,13200,13100,E,43.05786,-2.996093,60,True,1,1
2026-09-28T03:59:28Z,6068D26576C3,26576,C3,6,13115,13109,2026-09-28T00:01:18,13100,13200,E,43.176933,-2.909058,60,True,2,2
2026-09-28T03:59:28Z,6168D35654C1,35654,C1,4,11409,11408,2026-09-28T00:00:03,11400,11508,95.0,43.094822,-2.1242988,61,False,,2
2026-09-28T03:59:28Z,6268D71185C2,71185,C2,1,05605,05604,2026-09-28T00:02:19,14223,05637,41.0,43.44704,-3.8820617,62,False,,2
2026-09-28T03:59:28Z,2068D22237C2,22237,C2,49,16011,16010,2026-09-28T00:01:00,15211,16011,E,43.28714,-5.6448464,20,False,1,1
2026-09-28T03:59:28Z,2068D22372C3,22372,C3,3,16403,16401,2026-09-28T00:03:00,15211,16403,E,43.56141,-5.922727,20,False,1,2
2026-09-28T03:59:28Z,2068D22373C3,22373,C3,7,16403,16403,2026-09-27T23:59:00,16403,15211,A,43.56141,-5.922727,20,False,1,1
2026-09-28T03:59:28Z,2068D70237C4,70237,C4,-1432,15410,15410,2026-09-28T00:03:00,15410,16403,A,43.537647,-5.67596,20,False,12,12
2026-09-28T03:59:28Z,2068D22358C3,22358,C3,-1441,15218,15218,2026-09-29T00:00:00,15218,16405,A,43.3588,-5.8573804,20,False,2,2
2026-09-28T03:59:28Z,2068D22132C1,22132,C1,0,15217,15211,2026-09-28T00:03:00,15218,17000,S,43.38812,-5.8272715,20,False,2,2
2026-09-28T03:59:28Z,4168D84931C2,84931,C2,87,61200,06002,2026-09-28T00:34:00,06006,61200,E,37.97462,-1.1315287,41,False,1,2
2026-09-28T03:59:28Z,4168D24722C1,24722,C1,13,62109,60911,2026-09-28T00:10:00,60911,61200,A,38.34553,-0.49576503,41,False,1,1
2026-09-28T03:59:28Z,4168D24723C1,24723,C1,-1425,61200,61200,2026-09-28T00:14:00,61200,60911,E,37.974686,-1.131078,41,False,1,1
2026-09-28T03:59:28Z,1068D27506C4b,27506,C4b,6,37002,37011,2026-09-28T00:02:00,37012,17005,A,40.288372,-3.7373493,10,True,2,2
2026-09-28T03:59:28Z,1068D75037C8a,75037,C8a,6,97100,10100,2026-09-28T00:10:00,10203,17000,E,40.49547,-3.7261994,10,False,1,3
2026-09-28T03:59:28Z,1068D19945C1,19945,C1,0,98305,98304,2026-09-29T00:12:00,18000,98305,E,40.4924,-3.593483,10,False,2,1
2026-09-28T03:59:28Z,1068D27316C4a,27316,C4a,-1440,18000,18000,2026-09-29T00:06:00,18000,19003,E,40.40654,-3.6895106,10,True,7,7
2026-09-28T03:59:28Z,1068D75872C7,75872,C7,3,18002,18002,2026-09-27T23:59:00,18002,10000,E,40.44655,-3.691473,10,False,4,4
2026-09-28T03:59:28Z,1068D27818C5,27818,C5,0,35009,35001,2026-09-27T23:49:00,35012,35607,S,40.34086,-3.7482634,10,False,2,2
2026-09-28T03:59:28Z,1068D27817C5,27817,C5,-1440,35607,35607,2026-09-28T00:41:00,35607,35012,A,40.330883,-3.8823783,10,False,2,2
2026-09-28T03:59:28Z,1068D27995C5,27995,C5,18,35606,35607,2026-09-27T23:59:00,35607,35002,S,40.32875,-3.8636916,10,False,1,2
2026-09-28T03:59:28Z,1068D27512C4b,27512,C4b,-1424,18000,18000,2026-09-28T00:55:00,18000,17005,E,40.40654,-3.6895106,10,True,7,7
2026-09-28T03:59:28Z,1068D75530C2,75530,C2,-1437,70200,70200,2026-09-28T00:28:00,70200,17000,E,40.644257,-3.1823237,10,False,2,2
2026-09-28T03:59:28Z,1068D75035C8a,75035,C8a,19,10203,10203,2026-09-27T23:59:00,10203,17000,E,40.58532,-4.1321955,10,False,5,5
2026-09-28T03:59:28Z,1068D27815C5,27815,C5,0,18000,35609,2026-09-27T23:59:00,35607,35012,A,40.405067,-3.7026901,10,False,9,2
2026-09-28T03:59:28Z,1068D75877C7,75877,C7,4,10007,10010,2026-09-28T00:03:00,10000,70103,24.0,40.472656,-3.836884,10,True,1,1
2026-09-28T03:59:28Z,1068D27090C3,27090,C3,-1418,60200,60200,2026-09-28T00:00:00,60200,17000,E,40.035027,-3.6189713,10,True,4,4
2026-09-28T03:59:28Z,1068D75875C7,75875,C7,15,10000,10000,2026-09-27T23:59:00,10000,70103,E,40.42163,-3.7193205,10,False,7,7
2026-09-28T03:59:28Z,1068D19940C1,19940,C1,-1440,98305,98305,2026-09-29T00:05:00,98305,17000,E,40.4924,-3.593483,10,False,1,1
2026-09-28T03:59:28Z,1068D27094C3,27094,C3,-1432,60200,60200,2026-09-28T00:45:00,60200,17000,S,40.035027,-3.6189713,10,True,3,3
2026-09-28T03:59:28Z,1068D27508C4b,27508,C4b,3,18000,60100,2026-09-28T00:06:00,37012,17005,13.0,40.40084,-3.682559,10,True,7,1
2026-09-28T03:59:28Z,1068D75644C2,75644,C2,-1435,70200,70200,2026-09-28T00:58:00,70200,17000,A,40.644257,-3.1823237,10,True,2,2
2026-09-28T03:59:28Z,1068D27095C3,27095,C3,-1,60103,60102,2026-09-29T00:04:00,17000,60200,E,40.242844,-3.7038615,10,True,1,1
2026-09-28T03:59:28Z,1068D27092C3,27092,C3,-1425,60200,60200,2026-09-28T00:12:00,60200,17000,S,40.035027,-3.6189713,10,False,3,3
2026-09-28T03:59:28Z,1068D75268C10,75268,C10,5,10101,10103,2026-09-28T00:06:00,10200,17000,13.0,40.560028,-3.9011943,10,True,1,1
2026-09-28T03:59:28Z,1068D27822C5,27822,C5,0,35601,35600,2026-09-27T23:59:00,35012,35607,A,40.386257,-3.7610443,10,False,1,1
2026-09-28T03:59:28Z,1068D27093C3,27093,C3,-1435,17000,17000,2026-09-28T00:13:00,17000,60200,E,40.471382,-3.6834786,10,True,5,5
2026-09-28T03:59:28Z,1068D27643C8b,27643,C8b,-1437,12006,12006,2026-09-28T00:26:00,12006,17000,A,40.737614,-4.0662985,10,False,2,2
2026-09-28T03:59:28Z,1068D27820C5,27820,C5,0,37001,35009,2026-09-28T00:01:00,35012,35607,A,40.34086,-3.7482634,10,False,6,2
2026-09-28T03:59:28Z,1068D27317C4,27317,C4,-1441,17000,17000,2026-09-29T00:34:00,17000,37012,A,40.471325,-3.6833096,10,True,3,3
2026-09-28T03:59:28Z,1068D75172C10,75172,C10,1,18004,18003,2026-09-28T00:01:00,17000,10200,A,40.395943,-3.677964,10,True,1,1
2026-09-28T03:59:28Z,1068D27510C4b,27510,C4b,3,17001,17000,2026-09-28T00:05:00,18000,17005,S,40.501648,-3.6821797,10,True,2,2
2026-09-28T04:05:09Z,3068D23578C1,23578,C1,2,50602,50700,2026-09-28T00:06:54,51003,50600,E,37.58157,-5.6699624,30,False,2,2
2026-09-28T04:05:09Z,3068D23743C5,23743,C5,-1442,51003,51003,2026-09-28T00:38:59,51003,43005,A,37.392567,-5.9749837,30,False,9,9
2026-09-28T04:05:09Z,3068D23841C5,23841,C5,-1,43004,43005,2026-09-28T00:03:07,43005,51113,E,37.381527,-6.193782,30,False,,3
2026-09-28T04:05:09Z,3068D23581C1,23581,C1,0,51103,51111,2026-09-28T00:03:16,51003,51200,34.0,37.294693,-5.9445186,30,False,,1
2026-09-28T04:05:09Z,3268D23176C2,23176,C2,54,54408,54410,2026-09-28T00:03:00,54517,54405,39.0,36.723545,-4.5838585,32,False,,
2026-09-28T04:05:09Z,3268D23402C1,23402,C1,-1438,54517,54517,2026-09-28T00:38:19,54517,54516,A,36.715366,-4.4266005,32,False,1,1
2026-09-28T04:05:09Z,3268D23400C1,23400,C1,3,54503,54501,2026-09-28T00:02:10,54517,54516,26.0,36.695095,-4.4762516,32,False,2,2
2026-09-28T04:05:09Z,5168D25472R2N,25472,R2N,-2,71801,71802,2026-09-28T00:02:47,79100,72400,E,41.37954,2.1411655,50,True,,
2026-09-28T04:05:09Z,5168D77468R4,77468,R4,-1432,78700,78700,2026-09-28T00:27:51,78700,71600,A,41.56993,2.0143688,50,False,,
2026-09-28T04:05:09Z,5168D35564R4,35564,R4,-1431,72209,72209,2026-09-28T00:00:49,72209,78600,A,41.47872,1.9255537,50,False,,
2026-09-28T04:05:09Z,5168D15023R15,15023,R15,52,71502,71500,2026-09-28T00:03:56,71400,79400,60.0,41.129208,1.2999328,50,False,,
2026-09-28T04:05:09Z,5168D25795R1,25795,R1,-1,79403,79404,2026-09-28T00:02:38,79500,72305,E,41.445705,2.2490852,50,False,,1
2026-09-28T04:05:09Z,5168D28393R2S,28393,R2S,-2,71802,71801,2026-09-28T00:01:35,71700,79400,A,41.379513,2.1412146,50,False,,
2026-09-28T04:05:09Z,5168D77464R4,77464,R4,11,78604,78600,2026-09-28T00:05:15,78600,71600,41.0,41.686344,1.8386431,50,False,,
2026-09-28T04:05:09Z,5168D25470R2N,25470,R2N,3,79006,79007,2026-09-28T00:03:54,79104,72400,E,41.533474,2.2177799,50,True,1,
2026-09-28T04:05:09Z,5168D25567R2S,25567,R2S,2,71604,71603,2026-09-28T00:01:57,71600,79400,E,41.20413,1.6760199,50,False,,
2026-09-28T04:05:09Z,5168D28490R2,28490,R2,0,71705,71704,2026-09-28T00:02:22,71700,79104,20.0,41.278507,1.9790424,50,True,,
2026-09-28T04:05:09Z,6068D26577C3,26577,C3,4,13119,13120,2026-09-28T00:00:52,13200,13100,E,43.240112,-2.924082,60,False,,1
2026-09-28T04:05:09Z,6068D35689C3,35689,C3,2,13121,13102,2026-09-28T00:02:16,13200,13100,E,43.05786,-2.996093,60,True,1,1
2026-09-28T04:05:09Z,6068D26576C3,26576,C3,6,13115,13109,2026-09-28T00:01:18,13100,13200,E,43.176933,-2.909058,60,True,2,2
2026-09-28T04:05:09Z,6168D35654C1,35654,C1,4,11409,11408,2026-09-28T00:00:03,11400,11508,95.0,43.094822,-2.1242988,61,False,,2
2026-09-28T04:05:09Z,6268D71185C2,71185,C2,1,05605,05604,2026-09-28T00:02:19,14223,05637,41.0,43.44704,-3.8820617,62,False,,2
2026-09-28T04:05:09Z,2068D22237C2,22237,C2,49,16011,16010,2026-09-28T00:01:00,15211,16011,E,43.28714,-5.6448464,20,False,1,1
2026-09-28T04:05:09Z,2068D22372C3,22372,C3,3,16403,16401,2026-09-28T00:03:00,15211,16403,E,43.56141,-5.922727,20,False,1,2
2026-09-28T04:05:09Z,2068D22373C3,22373,C3,7,16403,16403,2026-09-27T23:59:00,16403,15211,A,43.56141,-5.922727,20,False,1,1
2026-09-28T04:05:09Z,2068D70237C4,70237,C4,-1432,15410,15410,2026-09-28T00:03:00,15410,16403,A,43.537647,-5.67596,20,False,12,12
2026-09-28T04:05:09Z,2068D22358C3,22358,C3,-1441,15218,15218,2026-09-29T00:00:00,15218,16405,A,43.3588,-5.8573804,20,False,2,2
2026-09-28T04:05:09Z,2068D22132C1,22132,C1,0,15217,15211,2026-09-28T00:03:00,15218,17000,S,43.38812,-5.8272715,20,False,2,2
2026-09-28T04:05:09Z,4168D84931C2,84931,C2,87,61200,06002,2026-09-28T00:34:00,06006,61200,E,37.97462,-1.1315287,41,False,1,2
2026-09-28T04:05:09Z,4168D24722C1,24722,C1,13,62109,60911,2026-09-28T00:10:00,60911,61200,A,38.34553,-0.49576503,41,False,1,1
2026-09-28T04:05:09Z,4168D24723C1,24723,C1,-1425,61200,61200,2026-09-28T00:14:00,61200,60911,E,37.974686,-1.131078,41,False,1,1
2026-09-28T04:05:09Z,1068D27506C4b,27506,C4b,6,37002,37011,2026-09-28T00:02:00,37012,17005,A,40.288372,-3.7373493,10,True,2,2
2026-09-28T04:05:09Z,1068D75037C8a,75037,C8a,6,97100,10100,2026-09-28T00:10:00,10203,17000,E,40.49547,-3.7261994,10,False,1,3
2026-09-28T04:05:09Z,1068D19945C1,19945,C1,0,98305,98304,2026-09-29T00:12:00,18000,98305,E,40.4924,-3.593483,10,False,2,1
2026-09-28T04:05:09Z,1068D27316C4a,27316,C4a,-1440,18000,18000,2026-09-29T00:06:00,18000,19003,E,40.40654,-3.6895106,10,True,7,7
2026-09-28T04:05:09Z,1068D75872C7,75872,C7,3,18002,18002,2026-09-27T23:59:00,18002,10000,E,40.44655,-3.691473,10,False,4,4
2026-09-28T04:05:09Z,1068D27818C5,27818,C5,0,35009,35001,2026-09-27T23:49:00,35012,35607,S,40.34086,-3.7482634,10,False,2,2
2026-09-28T04:05:09Z,1068D27817C5,27817,C5,-1440,35607,35607,2026-09-28T00:41:00,35607,35012,A,40.330883,-3.8823783,10,False,2,2
2026-09-28T04:05:09Z,1068D27995C5,27995,C5,18,35606,35607,2026-09-27T23:59:00,35607,35002,S,40.32875,-3.8636916,10,False,1,2
2026-09-28T04:05:09Z,1068D27512C4b,27512,C4b,-1424,18000,18000,2026-09-28T00:55:00,18000,17005,E,40.40654,-3.6895106,10,True,7,7
2026-09-28T04:05:09Z,1068D75530C2,75530,C2,-1437,70200,70200,2026-09-28T00:28:00,70200,17000,E,40.644257,-3.1823237,10,False,2,2
2026-09-28T04:05:09Z,1068D75035C8a,75035,C8a,19,10203,10203,2026-09-27T23:59:00,10203,17000,E,40.58532,-4.1321955,10,False,5,5
2026-09-28T04:05:09Z,1068D27815C5,27815,C5,0,18000,35609,2026-09-27T23:59:00,35607,35012,A,40.405067,-3.7026901,10,False,9,2
2026-09-28T04:05:09Z,1068D75877C7,75877,C7,4,10007,10010,2026-09-28T00:03:00,10000,70103,24.0,40.472656,-3.836884,10,True,1,1
2026-09-28T04:05:09Z,1068D27090C3,27090,C3,-1418,60200,60200,2026-09-28T00:00:00,60200,17000,E,40.035027,-3.6189713,10,True,4,4
2026-09-28T04:05:09Z,1068D75875C7,75875,C7,15,10000,10000,2026-09-27T23:59:00,10000,70103,E,40.42163,-3.7193205,10,False,7,7
2026-09-28T04:05:09Z,1068D19940C1,19940,C1,-1440,98305,98305,2026-09-29T00:05:00,98305,17000,E,40.4924,-3.593483,10,False,1,1
2026-09-28T04:05:09Z,1068D27094C3,27094,C3,-1432,60200,60200,2026-09-28T00:45:00,60200,17000,S,40.035027,-3.6189713,10,True,3,3
2026-09-28T04:05:09Z,1068D27508C4b,27508,C4b,3,18000,60100,2026-09-28T00:06:00,37012,17005,13.0,40.40084,-3.682559,10,True,7,1
2026-09-28T04:05:09Z,1068D75644C2,75644,C2,-1435,70200,70200,2026-09-28T00:58:00,70200,17000,A,40.644257,-3.1823237,10,True,2,2
2026-09-28T04:05:09Z,1068D27095C3,27095,C3,-1,60103,60102,2026-09-29T00:04:00,17000,60200,E,40.242844,-3.7038615,10,True,1,1
2026-09-28T04:05:09Z,1068D27092C3,27092,C3,-1425,60200,60200,2026-09-28T00:12:00,60200,17000,S,40.035027,-3.6189713,10,False,3,3
2026-09-28T04:05:09Z,1068D75268C10,75268,C10,5,10101,10103,2026-09-28T00:06:00,10200,17000,13.0,40.560028,-3.9011943,10,True,1,1
2026-09-28T04:05:09Z,1068D27822C5,27822,C5,0,35601,35600,2026-09-27T23:59:00,35012,35607,A,40.386257,-3.7610443,10,False,1,1
2026-09-28T04:05:09Z,1068D27093C3,27093,C3,-1435,17000,17000,2026-09-28T00:13:00,17000,60200,E,40.471382,-3.6834786,10,True,5,5
2026-09-28T04:05:09Z,1068D27643C8b,27643,C8b,-1437,12006,12006,2026-09-28T00:26:00,12006,17000,A,40.737614,-4.0662985,10,False,2,2
2026-09-28T04:05:09Z,1068D27820C5,27820,C5,0,37001,35009,2026-09-28T00:01:00,35012,35607,A,40.34086,-3.7482634,10,False,6,2
2026-09-28T04:05:09Z,1068D27317C4,27317,C4,-1441,17000,17000,2026-09-29T00:34:00,17000,37012,A,40.471325,-3.6833096,10,True,3,3
2026-09-28T04:05:09Z,1068D75172C10,75172,C10,1,18004,18003,2026-09-28T00:01:00,17000,10200,A,40.395943,-3.677964,10,True,1,1
2026-09-28T04:05:09Z,1068D27510C4b,27510,C4b,3,17001,17000,2026-09-28T00:05:00,18000,17005,S,40.501648,-3.6821797,10,True,2,2
2026-09-28T04:10:02Z,3068D23578C1,23578,C1,2,50602,50700,2026-09-28T00:06:54,51003,50600,E,37.58157,-5.6699624,30,False,2,2
2026-09-28T04:10:02Z,3068D23743C5,23743,C5,-1442,51003,51003,2026-09-28T00:38:59,51003,43005,A,37.392567,-5.9749837,30,False,9,9
2026-09-28T04:10:02Z,3068D23841C5,23841,C5,-1,43004,43005,2026-09-28T00:03:07,43005,51113,E,37.381527,-6.193782,30,False,,3
2026-09-28T04:10:02Z,3068D23581C1,23581,C1,0,51103,51111,2026-09-28T00:03:16,51003,51200,34.0,37.294693,-5.9445186,30,False,,1
2026-09-28T04:10:02Z,3268D23176C2,23176,C2,54,54408,54410,2026-09-28T00:03:00,54517,54405,39.0,36.723545,-4.5838585,32,False,,
2026-09-28T04:10:02Z,3268D23402C1,23402,C1,-1438,54517,54517,2026-09-28T00:38:19,54517,54516,A,36.715366,-4.4266005,32,False,1,1
2026-09-28T04:10:02Z,3268D23400C1,23400,C1,3,54503,54501,2026-09-28T00:02:10,54517,54516,26.0,36.695095,-4.4762516,32,False,2,2
2026-09-28T04:10:02Z,5168D25472R2N,25472,R2N,-2,71801,71802,2026-09-28T00:02:47,79100,72400,E,41.37954,2.1411655,50,True,,
2026-09-28T04:10:02Z,5168D77468R4,77468,R4,-1432,78700,78700,2026-09-28T00:27:51,78700,71600,A,41.56993,2.0143688,50,False,,
2026-09-28T04:10:02Z,5168D35564R4,35564,R4,-1431,72209,72209,2026-09-28T00:00:49,72209,78600,A,41.47872,1.9255537,50,False,,
2026-09-28T04:10:02Z,5168D15023R15,15023,R15,52,71502,71500,2026-09-28T00:03:56,71400,79400,60.0,41.129208,1.2999328,50,False,,
2026-09-28T04:10:02Z,5168D25795R1,25795,R1,-1,79403,79404,2026-09-28T00:02:38,79500,72305,E,41.445705,2.2490852,50,False,,1
2026-09-28T04:10:02Z,5168D28393R2S,28393,R2S,-2,71802,71801,2026-09-28T00:01:35,71700,79400,A,41.379513,2.1412146,50,False,,
2026-09-28T04:10:02Z,5168D77464R4,77464,R4,11,78604,78600,2026-09-28T00:05:15,78600,71600,41.0,41.686344,1.8386431,50,False,,
2026-09-28T04:10:02Z,5168D25470R2N,25470,R2N,3,79006,79007,2026-09-28T00:03:54,79104,72400,E,41.533474,2.2177799,50,True,1,
2026-09-28T04:10:02Z,5168D25567R2S,25567,R2S,2,71604,71603,2026-09-28T00:01:57,71600,79400,E,41.20413,1.6760199,50,False,,
2026-09-28T04:10:02Z,5168D28490R2,28490,R2,0,71705,71704,2026-09-28T00:02:22,71700,79104,20.0,41.278507,1.9790424,50,True,,
2026-09-28T04:10:02Z,6068D26577C3,26577,C3,4,13119,13120,2026-09-28T00:00:52,13200,13100,E,43.240112,-2.924082,60,False,,1
2026-09-28T04:10:02Z,6068D35689C3,35689,C3,2,13121,13102,2026-09-28T00:02:16,13200,13100,E,43.05786,-2.996093,60,True,1,1
2026-09-28T04:10:02Z,6068D26576C3,26576,C3,6,13115,13109,2026-09-28T00:01:18,13100,13200,E,43.176933,-2.909058,60,True,2,2
2026-09-28T04:10:02Z,6168D35654C1,35654,C1,4,11409,11408,2026-09-28T00:00:03,11400,11508,95.0,43.094822,-2.1242988,61,False,,2
2026-09-28T04:10:02Z,6268D71185C2,71185,C2,1,05605,05604,2026-09-28T00:02:19,14223,05637,41.0,43.44704,-3.8820617,62,False,,2
2026-09-28T04:10:02Z,2068D22237C2,22237,C2,49,16011,16010,2026-09-28T00:01:00,15211,16011,E,43.28714,-5.6448464,20,False,1,1
2026-09-28T04:10:02Z,2068D22372C3,22372,C3,3,16403,16401,2026-09-28T00:03:00,15211,16403,E,43.56141,-5.922727,20,False,1,2
2026-09-28T04:10:02Z,2068D22373C3,22373,C3,7,16403,16403,2026-09-27T23:59:00,16403,15211,A,43.56141,-5.922727,20,False,1,1
2026-09-28T04:10:02Z,2068D70237C4,70237,C4,-1432,15410,15410,2026-09-28T00:03:00,15410,16403,A,43.537647,-5.67596,20,False,12,12
2026-09-28T04:10:02Z,2068D22358C3,22358,C3,-1441,15218,15218,2026-09-29T00:00:00,15218,16405,A,43.3588,-5.8573804,20,False,2,2
2026-09-28T04:10:02Z,2068D22132C1,22132,C1,0,15217,15211,2026-09-28T00:03:00,15218,17000,S,43.38812,-5.8272715,20,False,2,2
2026-09-28T04:10:02Z,4168D84931C2,84931,C2,87,61200,06002,2026-09-28T00:34:00,06006,61200,E,37.97462,-1.1315287,41,False,1,2
2026-09-28T04:10:02Z,4168D24722C1,24722,C1,13,62109,60911,2026-09-28T00:10:00,60911,61200,A,38.34553,-0.49576503,41,False,1,1
2026-09-28T04:10:02Z,4168D24723C1,24723,C1,-1425,61200,61200,2026-09-28T00:14:00,61200,60911,E,37.974686,-1.131078,41,False,1,1
2026-09-28T04:10:02Z,1068D27506C4b,27506,C4b,6,37002,37011,2026-09-28T00:02:00,37012,17005,A,40.288372,-3.7373493,10,True,2,2
2026-09-28T04:10:02Z,1068D75037C8a,75037,C8a,6,97100,10100,2026-09-28T00:10:00,10203,17000,E,40.49547,-3.7261994,10,False,1,3
2026-09-28T04:10:02Z,1068D19945C1,19945,C1,0,98305,98304,2026-09-29T00:12:00,18000,98305,E,40.4924,-3.593483,10,False,2,1
2026-09-28T04:10:02Z,1068D27316C4a,27316,C4a,-1440,18000,18000,2026-09-29T00:06:00,18000,19003,E,40.40654,-3.6895106,10,True,7,7
2026-09-28T04:10:02Z,1068D75872C7,75872,C7,3,18002,18002,2026-09-27T23:59:00,18002,10000,E,40.44655,-3.691473,10,False,4,4
2026-09-28T04:10:02Z,1068D27818C5,27818,C5,0,35009,35001,2026-09-27T23:49:00,35012,35607,S,40.34086,-3.7482634,10,False,2,2
2026-09-28T04:10:02Z,1068D27817C5,27817,C5,-1440,35607,35607,2026-09-28T00:41:00,35607,35012,A,40.330883,-3.8823783,10,False,2,2
2026-09-28T04:10:02Z,1068D27995C5,27995,C5,18,35606,35607,2026-09-27T23:59:00,35607,35002,S,40.32875,-3.8636916,10,False,1,2
2026-09-28T04:10:02Z,1068D27512C4b,27512,C4b,-1424,18000,18000,2026-09-28T00:55:00,18000,17005,E,40.40654,-3.6895106,10,True,7,7
2026-09-28T04:10:02Z,1068D75530C2,75530,C2,-1437,70200,70200,2026-09-28T00:28:00,70200,17000,E,40.644257,-3.1823237,10,False,2,2
2026-09-28T04:10:02Z,1068D75035C8a,75035,C8a,19,10203,10203,2026-09-27T23:59:00,10203,17000,E,40.58532,-4.1321955,10,False,5,5
2026-09-28T04:10:02Z,1068D27815C5,27815,C5,0,18000,35609,2026-09-27T23:59:00,35607,35012,A,40.405067,-3.7026901,10,False,9,2
2026-09-28T04:10:02Z,1068D75877C7,75877,C7,4,10007,10010,2026-09-28T00:03:00,10000,70103,24.0,40.472656,-3.836884,10,True,1,1
2026-09-28T04:10:02Z,1068D27090C3,27090,C3,-1418,60200,60200,2026-09-28T00:00:00,60200,17000,E,40.035027,-3.6189713,10,True,4,4
2026-09-28T04:10:02Z,1068D75875C7,75875,C7,15,10000,10000,2026-09-27T23:59:00,10000,70103,E,40.42163,-3.7193205,10,False,7,7
2026-09-28T04:10:02Z,1068D19940C1,19940,C1,-1440,98305,98305,2026-09-29T00:05:00,98305,17000,E,40.4924,-3.593483,10,False,1,1
2026-09-28T04:10:02Z,1068D27094C3,27094,C3,-1432,60200,60200,2026-09-28T00:45:00,60200,17000,S,40.035027,-3.6189713,10,True,3,3
2026-09-28T04:10:02Z,1068D27508C4b,27508,C4b,3,18000,60100,2026-09-28T00:06:00,37012,17005,13.0,40.40084,-3.682559,10,True,7,1
2026-09-28T04:10:02Z,1068D75644C2,75644,C2,-1435,70200,70200,2026-09-28T00:58:00,70200,17000,A,40.644257,-3.1823237,10,True,2,2
2026-09-28T04:10:02Z,1068D27095C3,27095,C3,-1,60103,60102,2026-09-29T00:04:00,17000,60200,E,40.242844,-3.7038615,10,True,1,1
2026-09-28T04:10:02Z,1068D27092C3,27092,C3,-1425,60200,60200,2026-09-28T00:12:00,60200,17000,S,40.035027,-3.6189713,10,False,3,3
2026-09-28T04:10:02Z,1068D75268C10,75268,C10,5,10101,10103,2026-09-28T00:06:00,10200,17000,13.0,40.560028,-3.9011943,10,True,1,1
2026-09-28T04:10:02Z,1068D27822C5,27822,C5,0,35601,35600,2026-09-27T23:59:00,35012,35607,A,40.386257,-3.7610443,10,False,1,1
2026-09-28T04:10:02Z,1068D27093C3,27093,C3,-1435,17000,17000,2026-09-28T00:13:00,17000,60200,E,40.471382,-3.6834786,10,True,5,5
2026-09-28T04:10:02Z,1068D27643C8b,27643,C8b,-1437,12006,12006,2026-09-28T00:26:00,12006,17000,A,40.737614,-4.0662985,10,False,2,2
2026-09-28T04:10:02Z,1068D27820C5,27820,C5,0,37001,35009,2026-09-28T00:01:00,35012,35607,A,40.34086,-3.7482634,10,False,6,2
2026-09-28T04:10:02Z,1068D27317C4,27317,C4,-1441,17000,17000,2026-09-29T00:34:00,17000,37012,A,40.471325,-3.6833096,10,True,3,3
2026-09-28T04:10:02Z,1068D75172C10,75172,C10,1,18004,18003,2026-09-28T00:01:00,17000,10200,A,40.395943,-3.677964,10,True,1,1
2026-09-28T04:10:02Z,1068D27510C4b,27510,C4b,3,17001,17000,2026-09-28T00:05:00,18000,17005,S,40.501648,-3.6821797,10,True,2,2
2026-09-28T04:14:53Z,3068D23578C1,23578,C1,2,50602,50700,2026-09-28T00:06:54,51003,50600,E,37.58157,-5.6699624,30,False,2,2
2026-09-28T04:14:53Z,3068D23743C5,23743,C5,-1442,51003,51003,2026-09-28T00:38:59,51003,43005,A,37.392567,-5.9749837,30,False,9,9
2026-09-28T04:14:53Z,3068D23841C5,23841,C5,-1,43004,43005,2026-09-28T00:03:07,43005,51113,E,37.381527,-6.193782,30,False,,3
2026-09-28T04:14:53Z,3068D23581C1,23581,C1,0,51103,51111,2026-09-28T00:03:16,51003,51200,34.0,37.294693,-5.9445186,30,False,,1
2026-09-28T04:14:53Z,3268D23176C2,23176,C2,54,54408,54410,2026-09-28T00:03:00,54517,54405,39.0,36.723545,-4.5838585,32,False,,
2026-09-28T04:14:53Z,3268D23402C1,23402,C1,-1438,54517,54517,2026-09-28T00:38:19,54517,54516,A,36.715366,-4.4266005,32,False,1,1
2026-09-28T04:14:53Z,3268D23400C1,23400,C1,3,54503,54501,2026-09-28T00:02:10,54517,54516,26.0,36.695095,-4.4762516,32,False,2,2
2026-09-28T04:14:53Z,5168D25472R2N,25472,R2N,-2,71801,71802,2026-09-28T00:02:47,79100,72400,E,41.37954,2.1411655,50,True,,
2026-09-28T04:14:53Z,5168D77468R4,77468,R4,-1432,78700,78700,2026-09-28T00:27:51,78700,71600,A,41.56993,2.0143688,50,False,,
2026-09-28T04:14:53Z,5168D35564R4,35564,R4,-1431,72209,72209,2026-09-28T00:00:49,72209,78600,A,41.47872,1.9255537,50,False,,
2026-09-28T04:14:53Z,5168D15023R15,15023,R15,52,71502,71500,2026-09-28T00:03:56,71400,79400,60.0,41.129208,1.2999328,50,False,,
2026-09-28T04:14:53Z,5168D25795R1,25795,R1,-1,79403,79404,2026-09-28T00:02:38,79500,72305,E,41.445705,2.2490852,50,False,,1
2026-09-28T04:14:53Z,5168D28393R2S,28393,R2S,-2,71802,71801,2026-09-28T00:01:35,71700,79400,A,41.379513,2.1412146,50,False,,
2026-09-28T04:14:53Z,5168D77464R4,77464,R4,11,78604,78600,2026-09-28T00:05:15,78600,71600,41.0,41.686344,1.8386431,50,False,,
2026-09-28T04:14:53Z,5168D25470R2N,25470,R2N,3,79006,79007,2026-09-28T00:03:54,79104,72400,E,41.533474,2.2177799,50,True,1,
2026-09-28T04:14:53Z,5168D25567R2S,25567,R2S,2,71604,71603,2026-09-28T00:01:57,71600,79400,E,41.20413,1.6760199,50,False,,
2026-09-28T04:14:53Z,5168D28490R2,28490,R2,0,71705,71704,2026-09-28T00:02:22,71700,79104,20.0,41.278507,1.9790424,50,True,,
2026-09-28T04:14:53Z,6068D26577C3,26577,C3,4,13119,13120,2026-09-28T00:00:52,13200,13100,E,43.240112,-2.924082,60,False,,1
2026-09-28T04:14:53Z,6068D35689C3,35689,C3,2,13121,13102,2026-09-28T00:02:16,13200,13100,E,43.05786,-2.996093,60,True,1,1
2026-09-28T04:14:53Z,6068D26576C3,26576,C3,6,13115,13109,2026-09-28T00:01:18,13100,13200,E,43.176933,-2.909058,60,True,2,2
2026-09-28T04:14:53Z,6168D35654C1,35654,C1,4,11409,11408,2026-09-28T00:00:03,11400,11508,95.0,43.094822,-2.1242988,61,False,,2
2026-09-28T04:14:53Z,6268D71185C2,71185,C2,1,05605,05604,2026-09-28T00:02:19,14223,05637,41.0,43.44704,-3.8820617,62,False,,2
2026-09-28T04:14:53Z,2068D22237C2,22237,C2,49,16011,16010,2026-09-28T00:01:00,15211,16011,E,43.28714,-5.6448464,20,False,1,1
2026-09-28T04:14:53Z,2068D22372C3,22372,C3,3,16403,16401,2026-09-28T00:03:00,15211,16403,E,43.56141,-5.922727,20,False,1,2
2026-09-28T04:14:53Z,2068D22373C3,22373,C3,7,16403,16403,2026-09-27T23:59:00,16403,15211,A,43.56141,-5.922727,20,False,1,1
2026-09-28T04:14:53Z,2068D70237C4,70237,C4,-1432,15410,15410,2026-09-28T00:03:00,15410,16403,A,43.537647,-5.67596,20,False,12,12
2026-09-28T04:14:53Z,2068D22358C3,22358,C3,-1441,15218,15218,2026-09-29T00:00:00,15218,16405,A,43.3588,-5.8573804,20,False,2,2
2026-09-28T04:14:53Z,2068D22132C1,22132,C1,0,15217,15211,2026-09-28T00:03:00,15218,17000,S,43.38812,-5.8272715,20,False,2,2
2026-09-28T04:14:53Z,4168D84931C2,84931,C2,87,61200,06002,2026-09-28T00:34:00,06006,61200,E,37.97462,-1.1315287,41,False,1,2
2026-09-28T04:14:53Z,4168D24722C1,24722,C1,13,62109,60911,2026-09-28T00:10:00,60911,61200,A,38.34553,-0.49576503,41,False,1,1
2026-09-28T04:14:53Z,4168D24723C1,24723,C1,-1425,61200,61200,2026-09-28T00:14:00,61200,60911,E,37.974686,-1.131078,41,False,1,1
2026-09-28T04:14:53Z,1068D27506C4b,27506,C4b,6,37002,37011,2026-09-28T00:02:00,37012,17005,A,40.288372,-3.7373493,10,True,2,2
2026-09-28T04:14:53Z,1068D75037C8a,75037,C8a,6,97100,10100,2026-09-28T00:10:00,10203,17000,E,40.49547,-3.7261994,10,False,1,3
2026-09-28T04:14:53Z,1068D19945C1,19945,C1,0,98305,98304,2026-09-29T00:12:00,18000,98305,E,40.4924,-3.593483,10,False,2,1
2026-09-28T04:14:53Z,1068D27316C4a,27316,C4a,-1440,18000,18000,2026-09-29T00:06:00,18000,19003,E,40.40654,-3.6895106,10,True,7,7
2026-09-28T04:14:53Z,1068D75872C7,75872,C7,3,18002,18002,2026-09-27T23:59:00,18002,10000,E,40.44655,-3.691473,10,False,4,4
2026-09-28T04:14:53Z,1068D27818C5,27818,C5,0,35009,35001,2026-09-27T23:49:00,35012,35607,S,40.34086,-3.7482634,10,False,2,2
2026-09-28T04:14:53Z,1068D27817C5,27817,C5,-1440,35607,35607,2026-09-28T00:41:00,35607,35012,A,40.330883,-3.8823783,10,False,2,2
2026-09-28T04:14:53Z,1068D27995C5,27995,C5,18,35606,35607,2026-09-27T23:59:00,35607,35002,S,40.32875,-3.8636916,10,False,1,2
2026-09-28T04:14:53Z,1068D27512C4b,27512,C4b,-1424,18000,18000,2026-09-28T00:55:00,18000,17005,E,40.40654,-3.6895106,10,True,7,7
2026-09-28T04:14:53Z,1068D75530C2,75530,C2,-1437,70200,70200,2026-09-28T00:28:00,70200,17000,E,40.644257,-3.1823237,10,False,2,2
2026-09-28T04:14:53Z,1068D75035C8a,75035,C8a,19,10203,10203,2026-09-27T23:59:00,10203,17000,E,40.58532,-4.1321955,10,False,5,5
2026-09-28T04:14:53Z,1068D27815C5,27815,C5,0,18000,35609,2026-09-27T23:59:00,35607,35012,A,40.405067,-3.7026901,10,False,9,2
2026-09-28T04:14:53Z,1068D75877C7,75877,C7,4,10007,10010,2026-09-28T00:03:00,10000,70103,24.0,40.472656,-3.836884,10,True,1,1
2026-09-28T04:14:53Z,1068D27090C3,27090,C3,-1418,60200,60200,2026-09-28T00:00:00,60200,17000,E,40.035027,-3.6189713,10,True,4,4
2026-09-28T04:14:53Z,1068D75875C7,75875,C7,15,10000,10000,2026-09-27T23:59:00,10000,70103,E,40.42163,-3.7193205,10,False,7,7
2026-09-28T04:14:53Z,1068D19940C1,19940,C1,-1440,98305,98305,2026-09-29T00:05:00,98305,17000,E,40.4924,-3.593483,10,False,1,1
2026-09-28T04:14:53Z,1068D27094C3,27094,C3,-1432,60200,60200,2026-09-28T00:45:00,60200,17000,S,40.035027,-3.6189713,10,True,3,3
2026-09-28T04:14:53Z,1068D27508C4b,27508,C4b,3,18000,60100,2026-09-28T00:06:00,37012,17005,13.0,40.40084,-3.682559,10,True,7,1
2026-09-28T04:14:53Z,1068D75644C2,75644,C2,-1435,70200,70200,2026-09-28T00:58:00,70200,17000,A,40.644257,-3.1823237,10,True,2,2
2026-09-28T04:14:53Z,1068D27095C3,27095,C3,-1,60103,60102,2026-09-29T00:04:00,17000,60200,E,40.242844,-3.7038615,10,True,1,1
2026-09-28T04:14:53Z,1068D27092C3,27092,C3,-1425,60200,60200,2026-09-28T00:12:00,60200,17000,S,40.035027,-3.6189713,10,False,3,3
2026-09-28T04:14:53Z,1068D75268C10,75268,C10,5,10101,10103,2026-09-28T00:06:00,10200,17000,13.0,40.560028,-3.9011943,10,True,1,1
2026-09-28T04:14:53Z,1068D27822C5,27822,C5,0,35601,35600,2026-09-27T23:59:00,35012,35607,A,40.386257,-3.7610443,10,False,1,1
2026-09-28T04:14:53Z,1068D27093C3,27093,C3,-1435,17000,17000,2026-09-28T00:13:00,17000,60200,E,40.471382,-3.6834786,10,True,5,5
2026-09-28T04:14:53Z,1068D27643C8b,27643,C8b,-1437,12006,12006,2026-09-28T00:26:00,12006,17000,A,40.737614,-4.0662985,10,False,2,2
2026-09-28T04:14:53Z,1068D27820C5,27820,C5,0,37001,35009,2026-09-28T00:01:00,35012,35607,A,40.34086,-3.7482634,10,False,6,2
2026-09-28T04:14:53Z,1068D27317C4,27317,C4,-1441,17000,17000,2026-09-29T00:34:00,17000,37012,A,40.471325,-3.6833096,10,True,3,3
2026-09-28T04:14:53Z,1068D75172C10,75172,C10,1,18004,18003,2026-09-28T00:01:00,17000,10200,A,40.395943,-3.677964,10,True,1,1
2026-09-28T04:14:53Z,1068D27510C4b,27510,C4b,3,17001,17000,2026-09-28T00:05:00,18000,17005,S,40.501648,-3.6821797,10,True,2,2
2026-09-28T04:19:34Z,3068D23578C1,23578,C1,2,50602,50700,2026-09-28T00:06:54,51003,50600,E,37.58157,-5.6699624,30,False,2,2
2026-09-28T04:19:34Z,3068D23743C5,23743,C5,-1442,51003,51003,2026-09-28T00:38:59,51003,43005,A,37.392567,-5.9749837,30,False,9,9
2026-09-28T04:19:34Z,3068D23841C5,23841,C5,-1,43004,43005,2026-09-28T00:03:07,43005,51113,E,37.381527,-6.193782,30,False,,3
2026-09-28T04:19:34Z,3068D23581C1,23581,C1,0,51103,51111,2026-09-28T00:03:16,51003,51200,34.0,37.294693,-5.9445186,30,False,,1
2026-09-28T04:19:34Z,3268D23176C2,23176,C2,54,54408,54410,2026-09-28T00:03:00,54517,54405,39.0,36.723545,-4.5838585,32,False,,
2026-09-28T04:19:34Z,3268D23402C1,23402,C1,-1438,54517,54517,2026-09-28T00:38:19,54517,54516,A,36.715366,-4.4266005,32,False,1,1
2026-09-28T04:19:34Z,3268D23400C1,23400,C1,3,54503,54501,2026-09-28T00:02:10,54517,54516,26.0,36.695095,-4.4762516,32,False,2,2
2026-09-28T04:19:34Z,5168D25472R2N,25472,R2N,-2,71801,71802,2026-09-28T00:02:47,79100,72400,E,41.37954,2.1411655,50,True,,
2026-09-28T04:19:34Z,5168D77468R4,77468,R4,-1432,78700,78700,2026-09-28T00:27:51,78700,71600,A,41.56993,2.0143688,50,False,,
2026-09-28T04:19:34Z,5168D35564R4,35564,R4,-1431,72209,72209,2026-09-28T00:00:49,72209,78600,A,41.47872,1.9255537,50,False,,
2026-09-28T04:19:34Z,5168D15023R15,15023,R15,52,71502,71500,2026-09-28T00:03:56,71400,79400,60.0,41.129208,1.2999328,50,False,,
2026-09-28T04:19:34Z,5168D25795R1,25795,R1,-1,79403,79404,2026-09-28T00:02:38,79500,72305,E,41.445705,2.2490852,50,False,,1
2026-09-28T04:19:34Z,5168D28393R2S,28393,R2S,-2,71802,71801,2026-09-28T00:01:35,71700,79400,A,41.379513,2.1412146,50,False,,
2026-09-28T04:19:34Z,5168D77464R4,77464,R4,11,78604,78600,2026-09-28T00:05:15,78600,71600,41.0,41.686344,1.8386431,50,False,,
2026-09-28T04:19:34Z,5168D25470R2N,25470,R2N,3,79006,79007,2026-09-28T00:03:54,79104,72400,E,41.533474,2.2177799,50,True,1,
2026-09-28T04:19:34Z,5168D25567R2S,25567,R2S,2,71604,71603,2026-09-28T00:01:57,71600,79400,E,41.20413,1.6760199,50,False,,
2026-09-28T04:19:34Z,5168D28490R2,28490,R2,0,71705,71704,2026-09-28T00:02:22,71700,79104,20.0,41.278507,1.9790424,50,True,,
2026-09-28T04:19:34Z,6068D26577C3,26577,C3,4,13119,13120,2026-09-28T00:00:52,13200,13100,E,43.240112,-2.924082,60,False,,1
2026-09-28T04:19:34Z,6068D35689C3,35689,C3,2,13121,13102,2026-09-28T00:02:16,13200,13100,E,43.05786,-2.996093,60,True,1,1
2026-09-28T04:19:34Z,6068D26576C3,26576,C3,6,13115,13109,2026-09-28T00:01:18,13100,13200,E,43.176933,-2.909058,60,True,2,2
2026-09-28T04:19:34Z,6168D35654C1,35654,C1,4,11409,11408,2026-09-28T00:00:03,11400,11508,95.0,43.094822,-2.1242988,61,False,,2
2026-09-28T04:19:34Z,6268D71185C2,71185,C2,1,05605,05604,2026-09-28T00:02:19,14223,05637,41.0,43.44704,-3.8820617,62,False,,2
2026-09-28T04:19:34Z,2068D22237C2,22237,C2,49,16011,16010,2026-09-28T00:01:00,15211,16011,E,43.28714,-5.6448464,20,False,1,1
2026-09-28T04:19:34Z,2068D22372C3,22372,C3,3,16403,16401,2026-09-28T00:03:00,15211,16403,E,43.56141,-5.922727,20,False,1,2
2026-09-28T04:19:34Z,2068D22373C3,22373,C3,7,16403,16403,2026-09-27T23:59:00,16403,15211,A,43.56141,-5.922727,20,False,1,1
2026-09-28T04:19:34Z,2068D70237C4,70237,C4,-1432,15410,15410,2026-09-28T00:03:00,15410,16403,A,43.537647,-5.67596,20,False,12,12
2026-09-28T04:19:34Z,2068D22358C3,22358,C3,-1441,15218,15218,2026-09-29T00:00:00,15218,16405,A,43.3588,-5.8573804,20,False,2,2
2026-09-28T04:19:34Z,2068D22132C1,22132,C1,0,15217,15211,2026-09-28T00:03:00,15218,17000,S,43.38812,-5.8272715,20,False,2,2
2026-09-28T04:19:34Z,4168D84931C2,84931,C2,87,61200,06002,2026-09-28T00:34:00,06006,61200,E,37.97462,-1.1315287,41,False,1,2
2026-09-28T04:19:34Z,4168D24722C1,24722,C1,13,62109,60911,2026-09-28T00:10:00,60911,61200,A,38.34553,-0.49576503,41,False,1,1
2026-09-28T04:19:34Z,4168D24723C1,24723,C1,-1425,61200,61200,2026-09-28T00:14:00,61200,60911,E,37.974686,-1.131078,41,False,1,1
2026-09-28T04:19:34Z,1068D27506C4b,27506,C4b,6,37002,37011,2026-09-28T00:02:00,37012,17005,A,40.288372,-3.7373493,10,True,2,2
2026-09-28T04:19:34Z,1068D75037C8a,75037,C8a,6,97100,10100,2026-09-28T00:10:00,10203,17000,E,40.49547,-3.7261994,10,False,1,3
2026-09-28T04:19:34Z,1068D19945C1,19945,C1,0,98305,98304,2026-09-29T00:12:00,18000,98305,E,40.4924,-3.593483,10,False,2,1
2026-09-28T04:19:34Z,1068D27316C4a,27316,C4a,-1440,18000,18000,2026-09-29T00:06:00,18000,19003,E,40.40654,-3.6895106,10,True,7,7
2026-09-28T04:19:34Z,1068D75872C7,75872,C7,3,18002,18002,2026-09-27T23:59:00,18002,10000,E,40.44655,-3.691473,10,False,4,4
2026-09-28T04:19:34Z,1068D27818C5,27818,C5,0,35009,35001,2026-09-27T23:49:00,35012,35607,S,40.34086,-3.7482634,10,False,2,2
2026-09-28T04:19:34Z,1068D27817C5,27817,C5,-1440,35607,35607,2026-09-28T00:41:00,35607,35012,A,40.330883,-3.8823783,10,False,2,2
2026-09-28T04:19:34Z,1068D27995C5,27995,C5,18,35606,35607,2026-09-27T23:59:00,35607,35002,S,40.32875,-3.8636916,10,False,1,2
2026-09-28T04:19:34Z,1068D27512C4b,27512,C4b,-1424,18000,18000,2026-09-28T00:55:00,18000,17005,E,40.40654,-3.6895106,10,True,7,7
2026-09-28T04:19:34Z,1068D75530C2,75530,C2,-1437,70200,70200,2026-09-28T00:28:00,70200,17000,E,40.644257,-3.1823237,10,False,2,2
2026-09-28T04:19:34Z,1068D75035C8a,75035,C8a,19,10203,10203,2026-09-27T23:59:00,10203,17000,E,40.58532,-4.1321955,10,False,5,5
2026-09-28T04:19:34Z,1068D27815C5,27815,C5,0,18000,35609,2026-09-27T23:59:00,35607,35012,A,40.405067,-3.7026901,10,False,9,2
2026-09-28T04:19:34Z,1068D75877C7,75877,C7,4,10007,10010,2026-09-28T00:03:00,10000,70103,24.0,40.472656,-3.836884,10,True,1,1
2026-09-28T04:19:34Z,1068D27090C3,27090,C3,-1418,60200,60200,2026-09-28T00:00:00,60200,17000,E,40.035027,-3.6189713,10,True,4,4
2026-09-28T04:19:34Z,1068D75875C7,75875,C7,15,10000,10000,2026-09-27T23:59:00,10000,70103,E,40.42163,-3.7193205,10,False,7,7
2026-09-28T04:19:34Z,1068D19940C1,19940,C1,-1440,98305,98305,2026-09-29T00:05:00,98305,17000,E,40.4924,-3.593483,10,False,1,1
2026-09-28T04:19:34Z,1068D27094C3,27094,C3,-1432,60200,60200,2026-09-28T00:45:00,60200,17000,S,40.035027,-3.6189713,10,True,3,3
2026-09-28T04:19:34Z,1068D27508C4b,27508,C4b,3,18000,60100,2026-09-28T00:06:00,37012,17005,13.0,40.40084,-3.682559,10,True,7,1
2026-09-28T04:19:34Z,1068D75644C2,75644,C2,-1435,70200,70200,2026-09-28T00:58:00,70200,17000,A,40.644257,-3.1823237,10,True,2,2
2026-09-28T04:19:34Z,1068D27095C3,27095,C3,-1,60103,60102,2026-09-29T00:04:00,17000,60200,E,40.242844,-3.7038615,10,True,1,1
2026-09-28T04:19:34Z,1068D27092C3,27092,C3,-1425,60200,60200,2026-09-28T00:12:00,60200,17000,S,40.035027,-3.6189713,10,False,3,3
2026-09-28T04:19:34Z,1068D75268C10,75268,C10,5,10101,10103,2026-09-28T00:06:00,10200,17000,13.0,40.560028,-3.9011943,10,True,1,1
2026-09-28T04:19:34Z,1068D27822C5,27822,C5,0,35601,35600,2026-09-27T23:59:00,35012,35607,A,40.386257,-3.7610443,10,False,1,1
2026-09-28T04:19:34Z,1068D27093C3,27093,C3,-1435,17000,17000,2026-09-28T00:13:00,17000,60200,E,40.471382,-3.6834786,10,True,5,5
2026-09-28T04:19:34Z,1068D27643C8b,27643,C8b,-1437,12006,12006,2026-09-28T00:26:00,12006,17000,A,40.737614,-4.0662985,10,False,2,2
2026-09-28T04:19:34Z,1068D27820C5,27820,C5,0,37001,35009,2026-09-28T00:01:00,35012,35607,A,40.34086,-3.7482634,10,False,6,2
2026-09-28T04:19:34Z,1068D27317C4,27317,C4,-1441,17000,17000,2026-09-29T00:34:00,17000,37012,A,40.471325,-3.6833096,10,True,3,3
2026-09-28T04:19:34Z,1068D75172C10,75172,C10,1,18004,18003,2026-09-28T00:01:00,17000,10200,A,40.395943,-3.677964,10,True,1,1
2026-09-28T04:19:34Z,1068D27510C4b,27510,C4b,3,17001,17000,2026-09-28T00:05:00,18000,17005,S,40.501648,-3.6821797,10,True,2,2
2026-09-28T04:24:45Z,3068D23578C1,23578,C1,2,50602,50700,2026-09-28T00:06:54,51003,50600,E,37.58157,-5.6699624,30,False,2,2
2026-09-28T04:24:45Z,3068D23743C5,23743,C5,-1442,51003,51003,2026-09-28T00:38:59,51003,43005,A,37.392567,-5.9749837,30,False,9,9
2026-09-28T04:24:45Z,3068D23841C5,23841,C5,-1,43004,43005,2026-09-28T00:03:07,43005,51113,E,37.381527,-6.193782,30,False,,3
2026-09-28T04:24:45Z,3068D23581C1,23581,C1,0,51103,51111,2026-09-28T00:03:16,51003,51200,34.0,37.294693,-5.9445186,30,False,,1
2026-09-28T04:24:45Z,3268D23176C2,23176,C2,54,54408,54410,2026-09-28T00:03:00,54517,54405,39.0,36.723545,-4.5838585,32,False,,
2026-09-28T04:24:45Z,3268D23402C1,23402,C1,-1438,54517,54517,2026-09-28T00:38:19,54517,54516,A,36.715366,-4.4266005,32,False,1,1
2026-09-28T04:24:45Z,3268D23400C1,23400,C1,3,54503,54501,2026-09-28T00:02:10,54517,54516,26.0,36.695095,-4.4762516,32,False,2,2
2026-09-28T04:24:45Z,5168D25472R2N,25472,R2N,-2,71801,71802,2026-09-28T00:02:47,79100,72400,E,41.37954,2.1411655,50,True,,
2026-09-28T04:24:45Z,5168D77468R4,77468,R4,-1432,78700,78700,2026-09-28T00:27:51,78700,71600,A,41.56993,2.0143688,50,False,,
2026-09-28T04:24:45Z,5168D35564R4,35564,R4,-1431,72209,72209,2026-09-28T00:00:49,72209,78600,A,41.47872,1.9255537,50,False,,
2026-09-28T04:24:45Z,5168D15023R15,15023,R15,52,71502,71500,2026-09-28T00:03:56,71400,79400,60.0,41.129208,1.2999328,50,False,,
2026-09-28T04:24:45Z,5168D25795R1,25795,R1,-1,79403,79404,2026-09-28T00:02:38,79500,72305,E,41.445705,2.2490852,50,False,,1
2026-09-28T04:24:45Z,5168D28393R2S,28393,R2S,-2,71802,71801,2026-09-28T00:01:35,71700,79400,A,41.379513,2.1412146,50,False,,
2026-09-28T04:24:45Z,5168D77464R4,77464,R4,11,78604,78600,2026-09-28T00:05:15,78600,71600,41.0,41.686344,1.8386431,50,False,,
2026-09-28T04:24:45Z,5168D25470R2N,25470,R2N,3,79006,79007,2026-09-28T00:03:54,79104,72400,E,41.533474,2.2177799,50,True,1,
2026-09-28T04:24:45Z,5168D25567R2S,25567,R2S,2,71604,71603,2026-09-28T00:01:57,71600,79400,E,41.20413,1.6760199,50,False,,
2026-09-28T04:24:45Z,5168D28490R2,28490,R2,0,71705,71704,2026-09-28T00:02:22,71700,79104,20.0,41.278507,1.9790424,50,True,,
2026-09-28T04:24:45Z,6068D26577C3,26577,C3,4,13119,13120,2026-09-28T00:00:52,13200,13100,E,43.240112,-2.924082,60,False,,1
2026-09-28T04:24:45Z,6068D35689C3,35689,C3,2,13121,13102,2026-09-28T00:02:16,13200,13100,E,43.05786,-2.996093,60,True,1,1
2026-09-28T04:24:45Z,6068D26576C3,26576,C3,6,13115,13109,2026-09-28T00:01:18,13100,13200,E,43.176933,-2.909058,60,True,2,2
2026-09-28T04:24:45Z,6168D35654C1,35654,C1,4,11409,11408,2026-09-28T00:00:03,11400,11508,95.0,43.094822,-2.1242988,61,False,,2
2026-09-28T04:24:45Z,6268D71185C2,71185,C2,1,05605,05604,2026-09-28T00:02:19,14223,05637,41.0,43.44704,-3.8820617,62,False,,2
2026-09-28T04:24:45Z,2068D22237C2,22237,C2,49,16011,16010,2026-09-28T00:01:00,15211,16011,E,43.28714,-5.6448464,20,False,1,1
2026-09-28T04:24:45Z,2068D22372C3,22372,C3,3,16403,16401,2026-09-28T00:03:00,15211,16403,E,43.56141,-5.922727,20,False,1,2
2026-09-28T04:24:45Z,2068D22373C3,22373,C3,7,16403,16403,2026-09-27T23:59:00,16403,15211,A,43.56141,-5.922727,20,False,1,1
2026-09-28T04:24:45Z,2068D70237C4,70237,C4,-1432,15410,15410,2026-09-28T00:03:00,15410,16403,A,43.537647,-5.67596,20,False,12,12
2026-09-28T04:24:45Z,2068D22358C3,22358,C3,-1441,15218,15218,2026-09-29T00:00:00,15218,16405,A,43.3588,-5.8573804,20,False,2,2
2026-09-28T04:24:45Z,2068D22132C1,22132,C1,0,15217,15211,2026-09-28T00:03:00,15218,17000,S,43.38812,-5.8272715,20,False,2,2
2026-09-28T04:24:45Z,4168D84931C2,84931,C2,87,61200,06002,2026-09-28T00:34:00,06006,61200,E,37.97462,-1.1315287,41,False,1,2
2026-09-28T04:24:45Z,4168D24722C1,24722,C1,13,62109,60911,2026-09-28T00:10:00,60911,61200,A,38.34553,-0.49576503,41,False,1,1
2026-09-28T04:24:45Z,4168D24723C1,24723,C1,-1425,61200,61200,2026-09-28T00:14:00,61200,60911,E,37.974686,-1.131078,41,False,1,1
2026-09-28T04:24:45Z,1068D27506C4b,27506,C4b,6,37002,37011,2026-09-28T00:02:00,37012,17005,A,40.288372,-3.7373493,10,True,2,2
2026-09-28T04:24:45Z,1068D75037C8a,75037,C8a,6,97100,10100,2026-09-28T00:10:00,10203,17000,E,40.49547,-3.7261994,10,False,1,3
2026-09-28T04:24:45Z,1068D19945C1,19945,C1,0,98305,98304,2026-09-29T00:12:00,18000,98305,E,40.4924,-3.593483,10,False,2,1
2026-09-28T04:24:45Z,1068D27316C4a,27316,C4a,-1440,18000,18000,2026-09-29T00:06:00,18000,19003,E,40.40654,-3.6895106,10,True,7,7
2026-09-28T04:24:45Z,1068D75872C7,75872,C7,3,18002,18002,2026-09-27T23:59:00,18002,10000,E,40.44655,-3.691473,10,False,4,4
2026-09-28T04:24:45Z,1068D27818C5,27818,C5,0,35009,35001,2026-09-27T23:49:00,35012,35607,S,40.34086,-3.7482634,10,False,2,2
2026-09-28T04:24:45Z,1068D27817C5,27817,C5,-1440,35607,35607,2026-09-28T00:41:00,35607,35012,A,40.330883,-3.8823783,10,False,2,2
2026-09-28T04:24:45Z,1068D27995C5,27995,C5,18,35606,35607,2026-09-27T23:59:00,35607,35002,S,40.32875,-3.8636916,10,False,1,2
2026-09-28T04:24:45Z,1068D27512C4b,27512,C4b,-1424,18000,18000,2026-09-28T00:55:00,18000,17005,E,40.40654,-3.6895106,10,True,7,7
2026-09-28T04:24:45Z,1068D75530C2,75530,C2,-1437,70200,70200,2026-09-28T00:28:00,70200,17000,E,40.644257,-3.1823237,10,False,2,2
2026-09-28T04:24:45Z,1068D75035C8a,75035,C8a,19,10203,10203,2026-09-27T23:59:00,10203,17000,E,40.58532,-4.1321955,10,False,5,5
2026-09-28T04:24:45Z,1068D27815C5,27815,C5,0,18000,35609,2026-09-27T23:59:00,35607,35012,A,40.405067,-3.7026901,10,False,9,2
2026-09-28T04:24:45Z,1068D75877C7,75877,C7,4,10007,10010,2026-09-28T00:03:00,10000,70103,24.0,40.472656,-3.836884,10,True,1,1
2026-09-28T04:24:45Z,1068D27090C3,27090,C3,-1418,60200,60200,2026-09-28T00:00:00,60200,17000,E,40.035027,-3.6189713,10,True,4,4
2026-09-28T04:24:45Z,1068D75875C7,75875,C7,15,10000,10000,2026-09-27T23:59:00,10000,70103,E,40.42163,-3.7193205,10,False,7,7
2026-09-28T04:24:45Z,1068D19940C1,19940,C1,-1440,98305,98305,2026-09-29T00:05:00,98305,17000,E,40.4924,-3.593483,10,False,1,1
2026-09-28T04:24:45Z,1068D27094C3,27094,C3,-1432,60200,60200,2026-09-28T00:45:00,60200,17000,S,40.035027,-3.6189713,10,True,3,3
2026-09-28T04:24:45Z,1068D27508C4b,27508,C4b,3,18000,60100,2026-09-28T00:06:00,37012,17005,13.0,40.40084,-3.682559,10,True,7,1
2026-09-28T04:24:45Z,1068D75644C2,75644,C2,-1435,70200,70200,2026-09-28T00:58:00,70200,17000,A,40.644257,-3.1823237,10,True,2,2
2026-09-28T04:24:45Z,1068D27095C3,27095,C3,-1,60103,60102,2026-09-29T00:04:00,17000,60200,E,40.242844,-3.7038615,10,True,1,1
2026-09-28T04:24:45Z,1068D27092C3,27092,C3,-1425,60200,60200,2026-09-28T00:12:00,60200,17000,S,40.035027,-3.6189713,10,False,3,3
2026-09-28T04:24:45Z,1068D75268C10,75268,C10,5,10101,10103,2026-09-28T00:06:00,10200,17000,13.0,40.560028,-3.9011943,10,True,1,1
2026-09-28T04:24:45Z,1068D27822C5,27822,C5,0,35601,35600,2026-09-27T23:59:00,35012,35607,A,40.386257,-3.7610443,10,False,1,1
2026-09-28T04:24:45Z,1068D27093C3,27093,C3,-1435,17000,17000,2026-09-28T00:13:00,17000,60200,E,40.471382,-3.6834786,10,True,5,5
2026-09-28T04:24:45Z,1068D27643C8b,27643,C8b,-1437,12006,12006,2026-09-28T00:26:00,12006,17000,A,40.737614,-4.0662985,10,False,2,2
2026-09-28T04:24:45Z,1068D27820C5,27820,C5,0,37001,35009,2026-09-28T00:01:00,35012,35607,A,40.34086,-3.7482634,10,False,6,2
2026-09-28T04:24:45Z,1068D27317C4,27317,C4,-1441,17000,17000,2026-09-29T00:34:00,17000,37012,A,40.471325,-3.6833096,10,True,3,3
2026-09-28T04:24:45Z,1068D75172C10,75172,C10,1,18004,18003,2026-09-28T00:01:00,17000,10200,A,40.395943,-3.677964,10,True,1,1
2026-09-28T04:24:45Z,1068D27510C4b,27510,C4b,3,17001,17000,2026-09-28T00:05:00,18000,17005,S,40.501648,-3.6821797,10,True,2,2
2026-09-28T04:29:28Z,3068D23578C1,23578,C1,2,50602,50700,2026-09-28T00:06:54,51003,50600,E,37.58157,-5.6699624,30,False,2,2
2026-09-28T04:29:28Z,3068D23743C5,23743,C5,-1442,51003,51003,2026-09-28T00:38:59,51003,43005,A,37.392567,-5.9749837,30,False,9,9
2026-09-28T04:29:28Z,3068D23841C5,23841,C5,-1,43004,43005,2026-09-28T00:03:07,43005,51113,E,37.381527,-6.193782,30,False,,3
2026-09-28T04:29:28Z,3068D23581C1,23581,C1,0,51103,51111,2026-09-28T00:03:16,51003,51200,34.0,37.294693,-5.9445186,30,False,,1
2026-09-28T04:29:28Z,3268D23176C2,23176,C2,54,54408,54410,2026-09-28T00:03:00,54517,54405,39.0,36.723545,-4.5838585,32,False,,
2026-09-28T04:29:28Z,3268D23402C1,23402,C1,-1438,54517,54517,2026-09-28T00:38:19,54517,54516,A,36.715366,-4.4266005,32,False,1,1
2026-09-28T04:29:28Z,3268D23400C1,23400,C1,3,54503,54501,2026-09-28T00:02:10,54517,54516,26.0,36.695095,-4.4762516,32,False,2,2
2026-09-28T04:29:28Z,5168D25472R2N,25472,R2N,-2,71801,71802,2026-09-28T00:02:47,79100,72400,E,41.37954,2.1411655,50,True,,
2026-09-28T04:29:28Z,5168D77468R4,77468,R4,-1432,78700,78700,2026-09-28T00:27:51,78700,71600,A,41.56993,2.0143688,50,False,,
2026-09-28T04:29:28Z,5168D35564R4,35564,R4,-1431,72209,72209,2026-09-28T00:00:49,72209,78600,A,41.47872,1.9255537,50,False,,
2026-09-28T04:29:28Z,5168D15023R15,15023,R15,52,71502,71500,2026-09-28T00:03:56,71400,79400,60.0,41.129208,1.2999328,50,False,,
2026-09-28T04:29:28Z,5168D25795R1,25795,R1,-1,79403,79404,2026-09-28T00:02:38,79500,72305,E,41.445705,2.2490852,50,False,,1
2026-09-28T04:29:28Z,5168D28393R2S,28393,R2S,-2,71802,71801,2026-09-28T00:01:35,71700,79400,A,41.379513,2.1412146,50,False,,
2026-09-28T04:29:28Z,5168D77464R4,77464,R4,11,78604,78600,2026-09-28T00:05:15,78600,71600,41.0,41.686344,1.8386431,50,False,,
2026-09-28T04:29:28Z,5168D25470R2N,25470,R2N,3,79006,79007,2026-09-28T00:03:54,79104,72400,E,41.533474,2.2177799,50,True,1,
2026-09-28T04:29:28Z,5168D25567R2S,25567,R2S,2,71604,71603,2026-09-28T00:01:57,71600,79400,E,41.20413,1.6760199,50,False,,
2026-09-28T04:29:28Z,5168D28490R2,28490,R2,0,71705,71704,2026-09-28T00:02:22,71700,79104,20.0,41.278507,1.9790424,50,True,,
2026-09-28T04:29:28Z,6068D26577C3,26577,C3,4,13119,13120,2026-09-28T00:00:52,13200,13100,E,43.240112,-2.924082,60,False,,1
2026-09-28T04:29:28Z,6068D35689C3,35689,C3,2,13121,13102,2026-09-28T00:02:16,13200,13100,E,43.05786,-2.996093,60,True,1,1
2026-09-28T04:29:28Z,6068D26576C3,26576,C3,6,13115,13109,2026-09-28T00:01:18,13100,13200,E,43.176933,-2.909058,60,True,2,2
2026-09-28T04:29:28Z,6168D35654C1,35654,C1,4,11409,11408,2026-09-28T00:00:03,11400,11508,95.0,43.094822,-2.1242988,61,False,,2
2026-09-28T04:29:28Z,6268D71185C2,71185,C2,1,05605,05604,2026-09-28T00:02:19,14223,05637,41.0,43.44704,-3.8820617,62,False,,2
2026-09-28T04:29:28Z,2068D22237C2,22237,C2,49,16011,16010,2026-09-28T00:01:00,15211,16011,E,43.28714,-5.6448464,20,False,1,1
2026-09-28T04:29:28Z,2068D22372C3,22372,C3,3,16403,16401,2026-09-28T00:03:00,15211,16403,E,43.56141,-5.922727,20,False,1,2
2026-09-28T04:29:28Z,2068D22373C3,22373,C3,7,16403,16403,2026-09-27T23:59:00,16403,15211,A,43.56141,-5.922727,20,False,1,1
2026-09-28T04:29:28Z,2068D70237C4,70237,C4,-1432,15410,15410,2026-09-28T00:03:00,15410,16403,A,43.537647,-5.67596,20,False,12,12
2026-09-28T04:29:28Z,2068D22358C3,22358,C3,-1441,15218,15218,2026-09-29T00:00:00,15218,16405,A,43.3588,-5.8573804,20,False,2,2
2026-09-28T04:29:28Z,2068D22132C1,22132,C1,0,15217,15211,2026-09-28T00:03:00,15218,17000,S,43.38812,-5.8272715,20,False,2,2
2026-09-28T04:29:28Z,4168D84931C2,84931,C2,87,61200,06002,2026-09-28T00:34:00,06006,61200,E,37.97462,-1.1315287,41,False,1,2
2026-09-28T04:29:28Z,4168D24722C1,24722,C1,13,62109,60911,2026-09-28T00:10:00,60911,61200,A,38.34553,-0.49576503,41,False,1,1
2026-09-28T04:29:28Z,4168D24723C1,24723,C1,-1425,61200,61200,2026-09-28T00:14:00,61200,60911,E,37.974686,-1.131078,41,False,1,1
2026-09-28T04:29:28Z,1068D27506C4b,27506,C4b,6,37002,37011,2026-09-28T00:02:00,37012,17005,A,40.288372,-3.7373493,10,True,2,2
2026-09-28T04:29:28Z,1068D75037C8a,75037,C8a,6,97100,10100,2026-09-28T00:10:00,10203,17000,E,40.49547,-3.7261994,10,False,1,3
2026-09-28T04:29:28Z,1068D19945C1,19945,C1,0,98305,98304,2026-09-29T00:12:00,18000,98305,E,40.4924,-3.593483,10,False,2,1
2026-09-28T04:29:28Z,1068D27316C4a,27316,C4a,-1440,18000,18000,2026-09-29T00:06:00,18000,19003,E,40.40654,-3.6895106,10,True,7,7
2026-09-28T04:29:28Z,1068D75872C7,75872,C7,3,18002,18002,2026-09-27T23:59:00,18002,10000,E,40.44655,-3.691473,10,False,4,4
2026-09-28T04:29:28Z,1068D27818C5,27818,C5,0,35009,35001,2026-09-27T23:49:00,35012,35607,S,40.34086,-3.7482634,10,False,2,2
2026-09-28T04:29:28Z,1068D27817C5,27817,C5,-1440,35607,35607,2026-09-28T00:41:00,35607,35012,A,40.330883,-3.8823783,10,False,2,2
2026-09-28T04:29:28Z,1068D27995C5,27995,C5,18,35606,35607,2026-09-27T23:59:00,35607,35002,S,40.32875,-3.8636916,10,False,1,2
2026-09-28T04:29:28Z,1068D27512C4b,27512,C4b,-1424,18000,18000,2026-09-28T00:55:00,18000,17005,E,40.40654,-3.6895106,10,True,7,7
2026-09-28T04:29:28Z,1068D75530C2,75530,C2,-1437,70200,70200,2026-09-28T00:28:00,70200,17000,E,40.644257,-3.1823237,10,False,2,2
2026-09-28T04:29:28Z,1068D75035C8a,75035,C8a,19,10203,10203,2026-09-27T23:59:00,10203,17000,E,40.58532,-4.1321955,10,False,5,5
2026-09-28T04:29:28Z,1068D27815C5,27815,C5,0,18000,35609,2026-09-27T23:59:00,35607,35012,A,40.405067,-3.7026901,10,False,9,2
2026-09-28T04:29:28Z,1068D75877C7,75877,C7,4,10007,10010,2026-09-28T00:03:00,10000,70103,24.0,40.472656,-3.836884,10,True,1,1
2026-09-28T04:29:28Z,1068D27090C3,27090,C3,-1418,60200,60200,2026-09-28T00:00:00,60200,17000,E,40.035027,-3.6189713,10,True,4,4
2026-09-28T04:29:28Z,1068D75875C7,75875,C7,15,10000,10000,2026-09-27T23:59:00,10000,70103,E,40.42163,-3.7193205,10,False,7,7
2026-09-28T04:29:28Z,1068D19940C1,19940,C1,-1440,98305,98305,2026-09-29T00:05:00,98305,17000,E,40.4924,-3.593483,10,False,1,1
2026-09-28T04:29:28Z,1068D27094C3,27094,C3,-1432,60200,60200,2026-09-28T00:45:00,60200,17000,S,40.035027,-3.6189713,10,True,3,3
2026-09-28T04:29:28Z,1068D27508C4b,27508,C4b,3,18000,60100,2026-09-28T00:06:00,37012,17005,13.0,40.40084,-3.682559,10,True,7,1
2026-09-28T04:29:28Z,1068D75644C2,75644,C2,-1435,70200,70200,2026-09-28T00:58:00,70200,17000,A,40.644257,-3.1823237,10,True,2,2
2026-09-28T04:29:28Z,1068D27095C3,27095,C3,-1,60103,60102,2026-09-29T00:04:00,17000,60200,E,40.242844,-3.7038615,10,True,1,1
2026-09-28T04:29:28Z,1068D27092C3,27092,C3,-1425,60200,60200,2026-09-28T00:12:00,60200,17000,S,40.035027,-3.6189713,10,False,3,3
2026-09-28T04:29:28Z,1068D75268C10,75268,C10,5,10101,10103,2026-09-28T00:06:00,10200,17000,13.0,40.560028,-3.9011943,10,True,1,1
2026-09-28T04:29:28Z,1068D27822C5,27822,C5,0,35601,35600,2026-09-27T23:59:00,35012,35607,A,40.386257,-3.7610443,10,False,1,1
2026-09-28T04:29:28Z,1068D27093C3,27093,C3,-1435,17000,17000,2026-09-28T00:13:00,17000,60200,E,40.471382,-3.6834786,10,True,5,5
2026-09-28T04:29:28Z,1068D27643C8b,27643,C8b,-1437,12006,12006,2026-09-28T00:26:00,12006,17000,A,40.737614,-4.0662985,10,False,2,2
2026-09-28T04:29:28Z,1068D27820C5,27820,C5,0,37001,35009,2026-09-28T00:01:00,35012,35607,A,40.34086,-3.7482634,10,False,6,2
2026-09-28T04:29:28Z,1068D27317C4,27317,C4,-1441,17000,17000,2026-09-29T00:34:00,17000,37012,A,40.471325,-3.6833096,10,True,3,3
2026-09-28T04:29:28Z,1068D75172C10,75172,C10,1,18004,18003,2026-09-28T00:01:00,17000,10200,A,40.395943,-3.677964,10,True,1,1
2026-09-28T04:29:28Z,1068D27510C4b,27510,C4b,3,17001,17000,2026-09-28T00:05:00,18000,17005,S,40.501648,-3.6821797,10,True,2,2
2026-09-28T04:35:02Z,3068D23578C1,23578,C1,2,50602,50700,2026-09-28T00:06:54,51003,50600,E,37.58157,-5.6699624,30,False,2,2
2026-09-28T04:35:02Z,3068D23743C5,23743,C5,-1442,51003,51003,2026-09-28T00:38:59,51003,43005,A,37.392567,-5.9749837,30,False,9,9
2026-09-28T04:35:02Z,3068D23841C5,23841,C5,-1,43004,43005,2026-09-28T00:03:07,43005,51113,E,37.381527,-6.193782,30,False,,3
2026-09-28T04:35:02Z,3068D23581C1,23581,C1,0,51103,51111,2026-09-28T00:03:16,51003,51200,34.0,37.294693,-5.9445186,30,False,,1
2026-09-28T04:35:02Z,3268D23176C2,23176,C2,54,54408,54410,2026-09-28T00:03:00,54517,54405,39.0,36.723545,-4.5838585,32,False,,
2026-09-28T04:35:02Z,3268D23402C1,23402,C1,-1438,54517,54517,2026-09-28T00:38:19,54517,54516,A,36.715366,-4.4266005,32,False,1,1
2026-09-28T04:35:02Z,3268D23400C1,23400,C1,3,54503,54501,2026-09-28T00:02:10,54517,54516,26.0,36.695095,-4.4762516,32,False,2,2
2026-09-28T04:35:02Z,5168D25472R2N,25472,R2N,-2,71801,71802,2026-09-28T00:02:47,79100,72400,E,41.37954,2.1411655,50,True,,
2026-09-28T04:35:02Z,5168D77468R4,77468,R4,-1432,78700,78700,2026-09-28T00:27:51,78700,71600,A,41.56993,2.0143688,50,False,,
2026-09-28T04:35:02Z,5168D35564R4,35564,R4,-1431,72209,72209,2026-09-28T00:00:49,72209,78600,A,41.47872,1.9255537,50,False,,
2026-09-28T04:35:02Z,5168D15023R15,15023,R15,52,71502,71500,2026-09-28T00:03:56,71400,79400,60.0,41.129208,1.2999328,50,False,,
2026-09-28T04:35:02Z,5168D25795R1,25795,R1,-1,79403,79404,2026-09-28T00:02:38,79500,72305,E,41.445705,2.2490852,50,False,,1
2026-09-28T04:35:02Z,5168D28393R2S,28393,R2S,-2,71802,71801,2026-09-28T00:01:35,71700,79400,A,41.379513,2.1412146,50,False,,
2026-09-28T04:35:02Z,5168D77464R4,77464,R4,11,78604,78600,2026-09-28T00:05:15,78600,71600,41.0,41.686344,1.8386431,50,False,,
2026-09-28T04:35:02Z,5168D25470R2N,25470,R2N,3,79006,79007,2026-09-28T00:03:54,79104,72400,E,41.533474,2.2177799,50,True,1,
2026-09-28T04:35:02Z,5168D25567R2S,25567,R2S,2,71604,71603,2026-09-28T00:01:57,71600,79400,E,41.20413,1.6760199,50,False,,
2026-09-28T04:35:02Z,5168D28490R2,28490,R2,0,71705,71704,2026-09-28T00:02:22,71700,79104,20.0,41.278507,1.9790424,50,True,,
2026-09-28T04:35:02Z,6068D26577C3,26577,C3,4,13119,13120,2026-09-28T00:00:52,13200,13100,E,43.240112,-2.924082,60,False,,1
2026-09-28T04:35:02Z,6068D35689C3,35689,C3,2,13121,13102,2026-09-28T00:02:16,13200,13100,E,43.05786,-2.996093,60,True,1,1
2026-09-28T04:35:02Z,6068D26576C3,26576,C3,6,13115,13109,2026-09-28T00:01:18,13100,13200,E,43.176933,-2.909058,60,True,2,2
2026-09-28T04:35:02Z,6168D35654C1,35654,C1,4,11409,11408,2026-09-28T00:00:03,11400,11508,95.0,43.094822,-2.1242988,61,False,,2
2026-09-28T04:35:02Z,6268D71185C2,71185,C2,1,05605,05604,2026-09-28T00:02:19,14223,05637,41.0,43.44704,-3.8820617,62,False,,2
2026-09-28T04:35:02Z,2068D22237C2,22237,C2,49,16011,16010,2026-09-28T00:01:00,15211,16011,E,43.28714,-5.6448464,20,False,1,1
2026-09-28T04:35:02Z,2068D22372C3,22372,C3,3,16403,16401,2026-09-28T00:03:00,15211,16403,E,43.56141,-5.922727,20,False,1,2
2026-09-28T04:35:02Z,2068D22373C3,22373,C3,7,16403,16403,2026-09-27T23:59:00,16403,15211,A,43.56141,-5.922727,20,False,1,1
2026-09-28T04:35:02Z,2068D70237C4,70237,C4,-1432,15410,15410,2026-09-28T00:03:00,15410,16403,A,43.537647,-5.67596,20,False,12,12
2026-09-28T04:35:02Z,2068D22358C3,22358,C3,-1441,15218,15218,2026-09-29T00:00:00,15218,16405,A,43.3588,-5.8573804,20,False,2,2
2026-09-28T04:35:02Z,2068D22132C1,22132,C1,0,15217,15211,2026-09-28T00:03:00,15218,17000,S,43.38812,-5.8272715,20,False,2,2
2026-09-28T04:35:02Z,4168D84931C2,84931,C2,87,61200,06002,2026-09-28T00:34:00,06006,61200,E,37.97462,-1.1315287,41,False,1,2
2026-09-28T04:35:02Z,4168D24722C1,24722,C1,13,62109,60911,2026-09-28T00:10:00,60911,61200,A,38.34553,-0.49576503,41,False,1,1
2026-09-28T04:35:02Z,4168D24723C1,24723,C1,-1425,61200,61200,2026-09-28T00:14:00,61200,60911,E,37.974686,-1.131078,41,False,1,1
2026-09-28T04:35:02Z,1068D27506C4b,27506,C4b,6,37002,37011,2026-09-28T00:02:00,37012,17005,A,40.288372,-3.7373493,10,True,2,2
2026-09-28T04:35:02Z,1068D75037C8a,75037,C8a,6,97100,10100,2026-09-28T00:10:00,10203,17000,E,40.49547,-3.7261994,10,False,1,3
2026-09-28T04:35:02Z,1068D19945C1,19945,C1,0,98305,98304,2026-09-29T00:12:00,18000,98305,E,40.4924,-3.593483,10,False,2,1
2026-09-28T04:35:02Z,1068D27316C4a,27316,C4a,-1440,18000,18000,2026-09-29T00:06:00,18000,19003,E,40.40654,-3.6895106,10,True,7,7
2026-09-28T04:35:02Z,1068D75872C7,75872,C7,3,18002,18002,2026-09-27T23:59:00,18002,10000,E,40.44655,-3.691473,10,False,4,4
2026-09-28T04:35:02Z,1068D27818C5,27818,C5,0,35009,35001,2026-09-27T23:49:00,35012,35607,S,40.34086,-3.7482634,10,False,2,2
2026-09-28T04:35:02Z,1068D27817C5,27817,C5,-1440,35607,35607,2026-09-28T00:41:00,35607,35012,A,40.330883,-3.8823783,10,False,2,2
2026-09-28T04:35:02Z,1068D27995C5,27995,C5,18,35606,35607,2026-09-27T23:59:00,35607,35002,S,40.32875,-3.8636916,10,False,1,2
2026-09-28T04:35:02Z,1068D27512C4b,27512,C4b,-1424,18000,18000,2026-09-28T00:55:00,18000,17005,E,40.40654,-3.6895106,10,True,7,7
2026-09-28T04:35:02Z,1068D75530C2,75530,C2,-1437,70200,70200,2026-09-28T00:28:00,70200,17000,E,40.644257,-3.1823237,10,False,2,2
2026-09-28T04:35:02Z,1068D75035C8a,75035,C8a,19,10203,10203,2026-09-27T23:59:00,10203,17000,E,40.58532,-4.1321955,10,False,5,5
2026-09-28T04:35:02Z,1068D27815C5,27815,C5,0,18000,35609,2026-09-27T23:59:00,35607,35012,A,40.405067,-3.7026901,10,False,9,2
2026-09-28T04:35:02Z,1068D75877C7,75877,C7,4,10007,10010,2026-09-28T00:03:00,10000,70103,24.0,40.472656,-3.836884,10,True,1,1
2026-09-28T04:35:02Z,1068D27090C3,27090,C3,-1418,60200,60200,2026-09-28T00:00:00,60200,17000,E,40.035027,-3.6189713,10,True,4,4
2026-09-28T04:35:02Z,1068D75875C7,75875,C7,15,10000,10000,2026-09-27T23:59:00,10000,70103,E,40.42163,-3.7193205,10,False,7,7
2026-09-28T04:35:02Z,1068D19940C1,19940,C1,-1440,98305,98305,2026-09-29T00:05:00,98305,17000,E,40.4924,-3.593483,10,False,1,1
2026-09-28T04:35:02Z,1068D27094C3,27094,C3,-1432,60200,60200,2026-09-28T00:45:00,60200,17000,S,40.035027,-3.6189713,10,True,3,3
2026-09-28T04:35:02Z,1068D27508C4b,27508,C4b,3,18000,60100,2026-09-28T00:06:00,37012,17005,13.0,40.40084,-3.682559,10,True,7,1
2026-09-28T04:35:02Z,1068D75644C2,75644,C2,-1435,70200,70200,2026-09-28T00:58:00,70200,17000,A,40.644257,-3.1823237,10,True,2,2
2026-09-28T04:35:02Z,1068D27095C3,27095,C3,-1,60103,60102,2026-09-29T00:04:00,17000,60200,E,40.242844,-3.7038615,10,True,1,1
2026-09-28T04:35:02Z,1068D27092C3,27092,C3,-1425,60200,60200,2026-09-28T00:12:00,60200,17000,S,40.035027,-3.6189713,10,False,3,3
2026-09-28T04:35:02Z,1068D75268C10,75268,C10,5,10101,10103,2026-09-28T00:06:00,10200,17000,13.0,40.560028,-3.9011943,10,True,1,1
2026-09-28T04:35:02Z,1068D27822C5,27822,C5,0,35601,35600,2026-09-27T23:59:00,35012,35607,A,40.386257,-3.7610443,10,False,1,1
2026-09-28T04:35:02Z,1068D27093C3,27093,C3,-1435,17000,17000,2026-09-28T00:13:00,17000,60200,E,40.471382,-3.6834786,10,True,5,5
2026-09-28T04:35:02Z,1068D27643C8b,27643,C8b,-1437,12006,12006,2026-09-28T00:26:00,12006,17000,A,40.737614,-4.0662985,10,False,2,2
2026-09-28T04:35:02Z,1068D27820C5,27820,C5,0,37001,35009,2026-09-28T00:01:00,35012,35607,A,40.34086,-3.7482634,10,False,6,2
2026-09-28T04:35:02Z,1068D27317C4,27317,C4,-1441,17000,17000,2026-09-29T00:34:00,17000,37012,A,40.471325,-3.6833096,10,True,3,3
2026-09-28T04:35:02Z,1068D75172C10,75172,C10,1,18004,18003,2026-09-28T00:01:00,17000,10200,A,40.395943,-3.677964,10,True,1,1
2026-09-28T04:35:02Z,1068D27510C4b,27510,C4b,3,17001,17000,2026-09-28T00:05:00,18000,17005,S,40.501648,-3.6821797,10,True,2,2
2026-09-28T04:39:28Z,3068D23578C1,23578,C1,2,50602,50700,2026-09-28T00:06:54,51003,50600,E,37.58157,-5.6699624,30,False,2,2
2026-09-28T04:39:28Z,3068D23743C5,23743,C5,-1442,51003,51003,2026-09-28T00:38:59,51003,43005,A,37.392567,-5.9749837,30,False,9,9
2026-09-28T04:39:28Z,3068D23841C5,23841,C5,-1,43004,43005,2026-09-28T00:03:07,43005,51113,E,37.381527,-6.193782,30,False,,3
2026-09-28T04:39:28Z,3068D23581C1,23581,C1,0,51103,51111,2026-09-28T00:03:16,51003,51200,34.0,37.294693,-5.9445186,30,False,,1
2026-09-28T04:39:28Z,3268D23176C2,23176,C2,54,54408,54410,2026-09-28T00:03:00,54517,54405,39.0,36.723545,-4.5838585,32,False,,
2026-09-28T04:39:28Z,3268D23402C1,23402,C1,-1438,54517,54517,2026-09-28T00:38:19,54517,54516,A,36.715366,-4.4266005,32,False,1,1
2026-09-28T04:39:28Z,3268D23400C1,23400,C1,3,54503,54501,2026-09-28T00:02:10,54517,54516,26.0,36.695095,-4.4762516,32,False,2,2
2026-09-28T04:39:28Z,5168D25472R2N,25472,R2N,-2,71801,71802,2026-09-28T00:02:47,79100,72400,E,41.37954,2.1411655,50,True,,
2026-09-28T04:39:28Z,5168D77468R4,77468,R4,-1432,78700,78700,2026-09-28T00:27:51,78700,71600,A,41.56993,2.0143688,50,False,,
2026-09-28T04:39:28Z,5168D35564R4,35564,R4,-1431,72209,72209,2026-09-28T00:00:49,72209,78600,A,41.47872,1.9255537,50,False,,
2026-09-28T04:39:28Z,5168D15023R15,15023,R15,52,71502,71500,2026-09-28T00:03:56,71400,79400,60.0,41.129208,1.2999328,50,False,,
2026-09-28T04:39:28Z,5168D25795R1,25795,R1,-1,79403,79404,2026-09-28T00:02:38,79500,72305,E,41.445705,2.2490852,50,False,,1
2026-09-28T04:39:28Z,5168D28393R2S,28393,R2S,-2,71802,71801,2026-09-28T00:01:35,71700,79400,A,41.379513,2.1412146,50,False,,
2026-09-28T04:39:28Z,5168D77464R4,77464,R4,11,78604,78600,2026-09-28T00:05:15,78600,71600,41.0,41.686344,1.8386431,50,False,,
2026-09-28T04:39:28Z,5168D25470R2N,25470,R2N,3,79006,79007,2026-09-28T00:03:54,79104,72400,E,41.533474,2.2177799,50,True,1,
2026-09-28T04:39:28Z,5168D25567R2S,25567,R2S,2,71604,71603,2026-09-28T00:01:57,71600,79400,E,41.20413,1.6760199,50,False,,
2026-09-28T04:39:28Z,5168D28490R2,28490,R2,0,71705,71704,2026-09-28T00:02:22,71700,79104,20.0,41.278507,1.9790424,50,True,,
2026-09-28T04:39:28Z,6068D26577C3,26577,C3,4,13119,13120,2026-09-28T00:00:52,13200,13100,E,43.240112,-2.924082,60,False,,1
2026-09-28T04:39:28Z,6068D35689C3,35689,C3,2,13121,13102,2026-09-28T00:02:16,13200,13100,E,43.05786,-2.996093,60,True,1,1
2026-09-28T04:39:28Z,6068D26576C3,26576,C3,6,13115,13109,2026-09-28T00:01:18,13100,13200,E,43.176933,-2.909058,60,True,2,2
2026-09-28T04:39:28Z,6168D35654C1,35654,C1,4,11409,11408,2026-09-28T00:00:03,11400,11508,95.0,43.094822,-2.1242988,61,False,,2
2026-09-28T04:39:28Z,6268D71185C2,71185,C2,1,05605,05604,2026-09-28T00:02:19,14223,05637,41.0,43.44704,-3.8820617,62,False,,2
2026-09-28T04:39:28Z,2068D22237C2,22237,C2,49,16011,16010,2026-09-28T00:01:00,15211,16011,E,43.28714,-5.6448464,20,False,1,1
2026-09-28T04:39:28Z,2068D22372C3,22372,C3,3,16403,16401,2026-09-28T00:03:00,15211,16403,E,43.56141,-5.922727,20,False,1,2
2026-09-28T04:39:28Z,2068D22373C3,22373,C3,7,16403,16403,2026-09-27T23:59:00,16403,15211,A,43.56141,-5.922727,20,False,1,1
2026-09-28T04:39:28Z,2068D70237C4,70237,C4,-1432,15410,15410,2026-09-28T00:03:00,15410,16403,A,43.537647,-5.67596,20,False,12,12
2026-09-28T04:39:28Z,2068D22358C3,22358,C3,-1441,15218,15218,2026-09-29T00:00:00,15218,16405,A,43.3588,-5.8573804,20,False,2,2
2026-09-28T04:39:28Z,2068D22132C1,22132,C1,0,15217,15211,2026-09-28T00:03:00,15218,17000,S,43.38812,-5.8272715,20,False,2,2
2026-09-28T04:39:28Z,4168D84931C2,84931,C2,87,61200,06002,2026-09-28T00:34:00,06006,61200,E,37.97462,-1.1315287,41,False,1,2
2026-09-28T04:39:28Z,4168D24722C1,24722,C1,13,62109,60911,2026-09-28T00:10:00,60911,61200,A,38.34553,-0.49576503,41,False,1,1
2026-09-28T04:39:28Z,4168D24723C1,24723,C1,-1425,61200,61200,2026-09-28T00:14:00,61200,60911,E,37.974686,-1.131078,41,False,1,1
2026-09-28T04:39:28Z,1068D27506C4b,27506,C4b,6,37002,37011,2026-09-28T00:02:00,37012,17005,A,40.288372,-3.7373493,10,True,2,2
2026-09-28T04:39:28Z,1068D75037C8a,75037,C8a,6,97100,10100,2026-09-28T00:10:00,10203,17000,E,40.49547,-3.7261994,10,False,1,3
2026-09-28T04:39:28Z,1068D19945C1,19945,C1,0,98305,98304,2026-09-29T00:12:00,18000,98305,E,40.4924,-3.593483,10,False,2,1
2026-09-28T04:39:28Z,1068D27316C4a,27316,C4a,-1440,18000,18000,2026-09-29T00:06:00,18000,19003,E,40.40654,-3.6895106,10,True,7,7
2026-09-28T04:39:28Z,1068D75872C7,75872,C7,3,18002,18002,2026-09-27T23:59:00,18002,10000,E,40.44655,-3.691473,10,False,4,4
2026-09-28T04:39:28Z,1068D27818C5,27818,C5,0,35009,35001,2026-09-27T23:49:00,35012,35607,S,40.34086,-3.7482634,10,False,2,2
2026-09-28T04:39:28Z,1068D27817C5,27817,C5,-1440,35607,35607,2026-09-28T00:41:00,35607,35012,A,40.330883,-3.8823783,10,False,2,2
2026-09-28T04:39:28Z,1068D27995C5,27995,C5,18,35606,35607,2026-09-27T23:59:00,35607,35002,S,40.32875,-3.8636916,10,False,1,2
2026-09-28T04:39:28Z,1068D27512C4b,27512,C4b,-1424,18000,18000,2026-09-28T00:55:00,18000,17005,E,40.40654,-3.6895106,10,True,7,7
2026-09-28T04:39:28Z,1068D75530C2,75530,C2,-1437,70200,70200,2026-09-28T00:28:00,70200,17000,E,40.644257,-3.1823237,10,False,2,2
2026-09-28T04:39:28Z,1068D75035C8a,75035,C8a,19,10203,10203,2026-09-27T23:59:00,10203,17000,E,40.58532,-4.1321955,10,False,5,5
2026-09-28T04:39:28Z,1068D27815C5,27815,C5,0,18000,35609,2026-09-27T23:59:00,35607,35012,A,40.405067,-3.7026901,10,False,9,2
2026-09-28T04:39:28Z,1068D75877C7,75877,C7,4,10007,10010,2026-09-28T00:03:00,10000,70103,24.0,40.472656,-3.836884,10,True,1,1
2026-09-28T04:39:28Z,1068D27090C3,27090,C3,-1418,60200,60200,2026-09-28T00:00:00,60200,17000,E,40.035027,-3.6189713,10,True,4,4
2026-09-28T04:39:28Z,1068D75875C7,75875,C7,15,10000,10000,2026-09-27T23:59:00,10000,70103,E,40.42163,-3.7193205,10,False,7,7
2026-09-28T04:39:28Z,1068D19940C1,19940,C1,-1440,98305,98305,2026-09-29T00:05:00,98305,17000,E,40.4924,-3.593483,10,False,1,1
2026-09-28T04:39:28Z,1068D27094C3,27094,C3,-1432,60200,60200,2026-09-28T00:45:00,60200,17000,S,40.035027,-3.6189713,10,True,3,3
2026-09-28T04:39:28Z,1068D27508C4b,27508,C4b,3,18000,60100,2026-09-28T00:06:00,37012,17005,13.0,40.40084,-3.682559,10,True,7,1
2026-09-28T04:39:28Z,1068D75644C2,75644,C2,-1435,70200,70200,2026-09-28T00:58:00,70200,17000,A,40.644257,-3.1823237,10,True,2,2
2026-09-28T04:39:28Z,1068D27095C3,27095,C3,-1,60103,60102,2026-09-29T00:04:00,17000,60200,E,40.242844,-3.7038615,10,True,1,1
2026-09-28T04:39:28Z,1068D27092C3,27092,C3,-1425,60200,60200,2026-09-28T00:12:00,60200,17000,S,40.035027,-3.6189713,10,False,3,3
2026-09-28T04:39:28Z,1068D75268C10,75268,C10,5,10101,10103,2026-09-28T00:06:00,10200,17000,13.0,40.560028,-3.9011943,10,True,1,1
2026-09-28T04:39:28Z,1068D27822C5,27822,C5,0,35601,35600,2026-09-27T23:59:00,35012,35607,A,40.386257,-3.7610443,10,False,1,1
2026-09-28T04:39:28Z,1068D27093C3,27093,C3,-1435,17000,17000,2026-09-28T00:13:00,17000,60200,E,40.471382,-3.6834786,10,True,5,5
2026-09-28T04:39:28Z,1068D27643C8b,27643,C8b,-1437,12006,12006,2026-09-28T00:26:00,12006,17000,A,40.737614,-4.0662985,10,False,2,2
2026-09-28T04:39:28Z,1068D27820C5,27820,C5,0,37001,35009,2026-09-28T00:01:00,35012,35607,A,40.34086,-3.7482634,10,False,6,2
2026-09-28T04:39:28Z,1068D27317C4,27317,C4,-1441,17000,17000,2026-09-29T00:34:00,17000,37012,A,40.471325,-3.6833096,10,True,3,3
2026-09-28T04:39:28Z,1068D75172C10,75172,C10,1,18004,18003,2026-09-28T00:01:00,17000,10200,A,40.395943,-3.677964,10,True,1,1
2026-09-28T04:39:28Z,1068D27510C4b,27510,C4b,3,17001,17000,2026-09-28T00:05:00,18000,17005,S,40.501648,-3.6821797,10,True,2,2
2026-09-28T04:44:37Z,3068D23578C1,23578,C1,2,50602,50700,2026-09-28T00:06:54,51003,50600,E,37.58157,-5.6699624,30,False,2,2
2026-09-28T04:44:37Z,3068D23743C5,23743,C5,-1442,51003,51003,2026-09-28T00:38:59,51003,43005,A,37.392567,-5.9749837,30,False,9,9
2026-09-28T04:44:37Z,3068D23841C5,23841,C5,-1,43004,43005,2026-09-28T00:03:07,43005,51113,E,37.381527,-6.193782,30,False,,3
2026-09-28T04:44:37Z,3068D23581C1,23581,C1,0,51103,51111,2026-09-28T00:03:16,51003,51200,34.0,37.294693,-5.9445186,30,False,,1
2026-09-28T04:44:37Z,3268D23176C2,23176,C2,54,54408,54410,2026-09-28T00:03:00,54517,54405,39.0,36.723545,-4.5838585,32,False,,
2026-09-28T04:44:37Z,3268D23402C1,23402,C1,-1438,54517,54517,2026-09-28T00:38:19,54517,54516,A,36.715366,-4.4266005,32,False,1,1
2026-09-28T04:44:37Z,3268D23400C1,23400,C1,3,54503,54501,2026-09-28T00:02:10,54517,54516,26.0,36.695095,-4.4762516,32,False,2,2
2026-09-28T04:44:37Z,5168D25472R2N,25472,R2N,-2,71801,71802,2026-09-28T00:02:47,79100,72400,E,41.37954,2.1411655,50,True,,
2026-09-28T04:44:37Z,5168D77468R4,77468,R4,-1432,78700,78700,2026-09-28T00:27:51,78700,71600,A,41.56993,2.0143688,50,False,,
2026-09-28T04:44:37Z,5168D35564R4,35564,R4,-1431,72209,72209,2026-09-28T00:00:49,72209,78600,A,41.47872,1.9255537,50,False,,
2026-09-28T04:44:37Z,5168D15023R15,15023,R15,52,71502,71500,2026-09-28T00:03:56,71400,79400,60.0,41.129208,1.2999328,50,False,,
2026-09-28T04:44:37Z,5168D25795R1,25795,R1,-1,79403,79404,2026-09-28T00:02:38,79500,72305,E,41.445705,2.2490852,50,False,,1
2026-09-28T04:44:37Z,5168D28393R2S,28393,R2S,-2,71802,71801,2026-09-28T00:01:35,71700,79400,A,41.379513,2.1412146,50,False,,
2026-09-28T04:44:37Z,5168D77464R4,77464,R4,11,78604,78600,2026-09-28T00:05:15,78600,71600,41.0,41.686344,1.8386431,50,False,,
2026-09-28T04:44:37Z,5168D25470R2N,25470,R2N,3,79006,79007,2026-09-28T00:03:54,79104,72400,E,41.533474,2.2177799,50,True,1,
2026-09-28T04:44:37Z,5168D25567R2S,25567,R2S,2,71604,71603,2026-09-28T00:01:57,71600,79400,E,41.20413,1.6760199,50,False,,
2026-09-28T04:44:37Z,5168D28490R2,28490,R2,0,71705,71704,2026-09-28T00:02:22,71700,79104,20.0,41.278507,1.9790424,50,True,,
2026-09-28T04:44:37Z,6068D26577C3,26577,C3,4,13119,13120,2026-09-28T00:00:52,13200,13100,E,43.240112,-2.924082,60,False,,1
2026-09-28T04:44:37Z,6068D35689C3,35689,C3,2,13121,13102,2026-09-28T00:02:16,13200,13100,E,43.05786,-2.996093,60,True,1,1
2026-09-28T04:44:37Z,6068D26576C3,26576,C3,6,13115,13109,2026-09-28T00:01:18,13100,13200,E,43.176933,-2.909058,60,True,2,2
2026-09-28T04:44:37Z,6168D35654C1,35654,C1,4,11409,11408,2026-09-28T00:00:03,11400,11508,95.0,43.094822,-2.1242988,61,False,,2
2026-09-28T04:44:37Z,6268D71185C2,71185,C2,1,05605,05604,2026-09-28T00:02:19,14223,05637,41.0,43.44704,-3.8820617,62,False,,2
2026-09-28T04:44:37Z,2068D22237C2,22237,C2,49,16011,16010,2026-09-28T00:01:00,15211,16011,E,43.28714,-5.6448464,20,False,1,1
2026-09-28T04:44:37Z,2068D22372C3,22372,C3,3,16403,16401,2026-09-28T00:03:00,15211,16403,E,43.56141,-5.922727,20,False,1,2
2026-09-28T04:44:37Z,2068D22373C3,22373,C3,7,16403,16403,2026-09-27T23:59:00,16403,15211,A,43.56141,-5.922727,20,False,1,1
2026-09-28T04:44:37Z,2068D70237C4,70237,C4,-1432,15410,15410,2026-09-28T00:03:00,15410,16403,A,43.537647,-5.67596,20,False,12,12
2026-09-28T04:44:37Z,2068D22358C3,22358,C3,-1441,15218,15218,2026-09-29T00:00:00,15218,16405,A,43.3588,-5.8573804,20,False,2,2
2026-09-28T04:44:37Z,2068D22132C1,22132,C1,0,15217,15211,2026-09-28T00:03:00,15218,17000,S,43.38812,-5.8272715,20,False,2,2
2026-09-28T04:44:37Z,4168D84931C2,84931,C2,87,61200,06002,2026-09-28T00:34:00,06006,61200,E,37.97462,-1.1315287,41,False,1,2
2026-09-28T04:44:37Z,4168D24722C1,24722,C1,13,62109,60911,2026-09-28T00:10:00,60911,61200,A,38.34553,-0.49576503,41,False,1,1
2026-09-28T04:44:37Z,4168D24723C1,24723,C1,-1425,61200,61200,2026-09-28T00:14:00,61200,60911,E,37.974686,-1.131078,41,False,1,1
2026-09-28T04:44:37Z,1068D27506C4b,27506,C4b,6,37002,37011,2026-09-28T00:02:00,37012,17005,A,40.288372,-3.7373493,10,True,2,2
2026-09-28T04:44:37Z,1068D75037C8a,75037,C8a,6,97100,10100,2026-09-28T00:10:00,10203,17000,E,40.49547,-3.7261994,10,False,1,3
2026-09-28T04:44:37Z,1068D19945C1,19945,C1,0,98305,98304,2026-09-29T00:12:00,18000,98305,E,40.4924,-3.593483,10,False,2,1
2026-09-28T04:44:37Z,1068D27316C4a,27316,C4a,-1440,18000,18000,2026-09-29T00:06:00,18000,19003,E,40.40654,-3.6895106,10,True,7,7
2026-09-28T04:44:37Z,1068D75872C7,75872,C7,3,18002,18002,2026-09-27T23:59:00,18002,10000,E,40.44655,-3.691473,10,False,4,4
2026-09-28T04:44:37Z,1068D27818C5,27818,C5,0,35009,35001,2026-09-27T23:49:00,35012,35607,S,40.34086,-3.7482634,10,False,2,2
2026-09-28T04:44:37Z,1068D27817C5,27817,C5,-1440,35607,35607,2026-09-28T00:41:00,35607,35012,A,40.330883,-3.8823783,10,False,2,2
2026-09-28T04:44:37Z,1068D27995C5,27995,C5,18,35606,35607,2026-09-27T23:59:00,35607,35002,S,40.32875,-3.8636916,10,False,1,2
2026-09-28T04:44:37Z,1068D27512C4b,27512,C4b,-1424,18000,18000,2026-09-28T00:55:00,18000,17005,E,40.40654,-3.6895106,10,True,7,7
2026-09-28T04:44:37Z,1068D75530C2,75530,C2,-1437,70200,70200,2026-09-28T00:28:00,70200,17000,E,40.644257,-3.1823237,10,False,2,2
2026-09-28T04:44:37Z,1068D75035C8a,75035,C8a,19,10203,10203,2026-09-27T23:59:00,10203,17000,E,40.58532,-4.1321955,10,False,5,5
2026-09-28T04:44:37Z,1068D27815C5,27815,C5,0,18000,35609,2026-09-27T23:59:00,35607,35012,A,40.405067,-3.7026901,10,False,9,2
2026-09-28T04:44:37Z,1068D75877C7,75877,C7,4,10007,10010,2026-09-28T00:03:00,10000,70103,24.0,40.472656,-3.836884,10,True,1,1
2026-09-28T04:44:37Z,1068D27090C3,27090,C3,-1418,60200,60200,2026-09-28T00:00:00,60200,17000,E,40.035027,-3.6189713,10,True,4,4
2026-09-28T04:44:37Z,1068D75875C7,75875,C7,15,10000,10000,2026-09-27T23:59:00,10000,70103,E,40.42163,-3.7193205,10,False,7,7
2026-09-28T04:44:37Z,1068D19940C1,19940,C1,-1440,98305,98305,2026-09-29T00:05:00,98305,17000,E,40.4924,-3.593483,10,False,1,1
2026-09-28T04:44:37Z,1068D27094C3,27094,C3,-1432,60200,60200,2026-09-28T00:45:00,60200,17000,S,40.035027,-3.6189713,10,True,3,3
2026-09-28T04:44:37Z,1068D27508C4b,27508,C4b,3,18000,60100,2026-09-28T00:06:00,37012,17005,13.0,40.40084,-3.682559,10,True,7,1
2026-09-28T04:44:37Z,1068D75644C2,75644,C2,-1435,70200,70200,2026-09-28T00:58:00,70200,17000,A,40.644257,-3.1823237,10,True,2,2
2026-09-28T04:44:37Z,1068D27095C3,27095,C3,-1,60103,60102,2026-09-29T00:04:00,17000,60200,E,40.242844,-3.7038615,10,True,1,1
2026-09-28T04:44:37Z,1068D27092C3,27092,C3,-1425,60200,60200,2026-09-28T00:12:00,60200,17000,S,40.035027,-3.6189713,10,False,3,3
2026-09-28T04:44:37Z,1068D75268C10,75268,C10,5,10101,10103,2026-09-28T00:06:00,10200,17000,13.0,40.560028,-3.9011943,10,True,1,1
2026-09-28T04:44:37Z,1068D27822C5,27822,C5,0,35601,35600,2026-09-27T23:59:00,35012,35607,A,40.386257,-3.7610443,10,False,1,1
2026-09-28T04:44:37Z,1068D27093C3,27093,C3,-1435,17000,17000,2026-09-28T00:13:00,17000,60200,E,40.471382,-3.6834786,10,True,5,5
2026-09-28T04:44:37Z,1068D27643C8b,27643,C8b,-1437,12006,12006,2026-09-28T00:26:00,12006,17000,A,40.737614,-4.0662985,10,False,2,2
2026-09-28T04:44:37Z,1068D27820C5,27820,C5,0,37001,35009,2026-09-28T00:01:00,35012,35607,A,40.34086,-3.7482634,10,False,6,2
2026-09-28T04:44:37Z,1068D27317C4,27317,C4,-1441,17000,17000,2026-09-29T00:34:00,17000,37012,A,40.471325,-3.6833096,10,True,3,3
2026-09-28T04:44:37Z,1068D75172C10,75172,C10,1,18004,18003,2026-09-28T00:01:00,17000,10200,A,40.395943,-3.677964,10,True,1,1
2026-09-28T04:44:37Z,1068D27510C4b,27510,C4b,3,17001,17000,2026-09-28T00:05:00,18000,17005,S,40.501648,-3.6821797,10,True,2,2
2026-09-28T04:49:31Z,3068D23578C1,23578,C1,2,50602,50700,2026-09-28T00:06:54,51003,50600,E,37.58157,-5.6699624,30,False,2,2
2026-09-28T04:49:31Z,3068D23743C5,23743,C5,-1442,51003,51003,2026-09-28T00:38:59,51003,43005,A,37.392567,-5.9749837,30,False,9,9
2026-09-28T04:49:31Z,3068D23841C5,23841,C5,-1,43004,43005,2026-09-28T00:03:07,43005,51113,E,37.381527,-6.193782,30,False,,3
2026-09-28T04:49:31Z,3068D23581C1,23581,C1,0,51103,51111,2026-09-28T00:03:16,51003,51200,34.0,37.294693,-5.9445186,30,False,,1
2026-09-28T04:49:31Z,3268D23176C2,23176,C2,54,54408,54410,2026-09-28T00:03:00,54517,54405,39.0,36.723545,-4.5838585,32,False,,
2026-09-28T04:49:31Z,3268D23402C1,23402,C1,-1438,54517,54517,2026-09-28T00:38:19,54517,54516,A,36.715366,-4.4266005,32,False,1,1
2026-09-28T04:49:31Z,3268D23400C1,23400,C1,3,54503,54501,2026-09-28T00:02:10,54517,54516,26.0,36.695095,-4.4762516,32,False,2,2
2026-09-28T04:49:31Z,5168D25472R2N,25472,R2N,-2,71801,71802,2026-09-28T00:02:47,79100,72400,E,41.37954,2.1411655,50,True,,
2026-09-28T04:49:31Z,5168D77468R4,77468,R4,-1432,78700,78700,2026-09-28T00:27:51,78700,71600,A,41.56993,2.0143688,50,False,,
2026-09-28T04:49:31Z,5168D35564R4,35564,R4,-1431,72209,72209,2026-09-28T00:00:49,72209,78600,A,41.47872,1.9255537,50,False,,
2026-09-28T04:49:31Z,5168D15023R15,15023,R15,52,71502,71500,2026-09-28T00:03:56,71400,79400,60.0,41.129208,1.2999328,50,False,,
2026-09-28T04:49:31Z,5168D25795R1,25795,R1,-1,79403,79404,2026-09-28T00:02:38,79500,72305,E,41.445705,2.2490852,50,False,,1
2026-09-28T04:49:31Z,5168D28393R2S,28393,R2S,-2,71802,71801,2026-09-28T00:01:35,71700,79400,A,41.379513,2.1412146,50,False,,
2026-09-28T04:49:31Z,5168D77464R4,77464,R4,11,78604,78600,2026-09-28T00:05:15,78600,71600,41.0,41.686344,1.8386431,50,False,,
2026-09-28T04:49:31Z,5168D25470R2N,25470,R2N,3,79006,79007,2026-09-28T00:03:54,79104,72400,E,41.533474,2.2177799,50,True,1,
2026-09-28T04:49:31Z,5168D25567R2S,25567,R2S,2,71604,71603,2026-09-28T00:01:57,71600,79400,E,41.20413,1.6760199,50,False,,
2026-09-28T04:49:31Z,5168D28490R2,28490,R2,0,71705,71704,2026-09-28T00:02:22,71700,79104,20.0,41.278507,1.9790424,50,True,,
2026-09-28T04:49:31Z,6068D26577C3,26577,C3,4,13119,13120,2026-09-28T00:00:52,13200,13100,E,43.240112,-2.924082,60,False,,1
2026-09-28T04:49:31Z,6068D35689C3,35689,C3,2,13121,13102,2026-09-28T00:02:16,13200,13100,E,43.05786,-2.996093,60,True,1,1
2026-09-28T04:49:31Z,6068D26576C3,26576,C3,6,13115,13109,2026-09-28T00:01:18,13100,13200,E,43.176933,-2.909058,60,True,2,2
2026-09-28T04:49:31Z,6168D35654C1,35654,C1,4,11409,11408,2026-09-28T00:00:03,11400,11508,95.0,43.094822,-2.1242988,61,False,,2
2026-09-28T04:49:31Z,6268D71185C2,71185,C2,1,05605,05604,2026-09-28T00:02:19,14223,05637,41.0,43.44704,-3.8820617,62,False,,2
2026-09-28T04:49:31Z,2068D22237C2,22237,C2,49,16011,16010,2026-09-28T00:01:00,15211,16011,E,43.28714,-5.6448464,20,False,1,1
2026-09-28T04:49:31Z,2068D22372C3,22372,C3,3,16403,16401,2026-09-28T00:03:00,15211,16403,E,43.56141,-5.922727,20,False,1,2
2026-09-28T04:49:31Z,2068D22373C3,22373,C3,7,16403,16403,2026-09-27T23:59:00,16403,15211,A,43.56141,-5.922727,20,False,1,1
2026-09-28T04:49:31Z,2068D70237C4,70237,C4,-1432,15410,15410,2026-09-28T00:03:00,15410,16403,A,43.537647,-5.67596,20,False,12,12
2026-09-28T04:49:31Z,2068D22358C3,22358,C3,-1441,15218,15218,2026-09-29T00:00:00,15218,16405,A,43.3588,-5.8573804,20,False,2,2
2026-09-28T04:49:31Z,2068D22132C1,22132,C1,0,15217,15211,2026-09-28T00:03:00,15218,17000,S,43.38812,-5.8272715,20,False,2,2
2026-09-28T04:49:31Z,4168D84931C2,84931,C2,87,61200,06002,2026-09-28T00:34:00,06006,61200,E,37.97462,-1.1315287,41,False,1,2
2026-09-28T04:49:31Z,4168D24722C1,24722,C1,13,62109,60911,2026-09-28T00:10:00,60911,61200,A,38.34553,-0.49576503,41,False,1,1
2026-09-28T04:49:31Z,4168D24723C1,24723,C1,-1425,61200,61200,2026-09-28T00:14:00,61200,60911,E,37.974686,-1.131078,41,False,1,1
2026-09-28T04:49:31Z,1068D27506C4b,27506,C4b,6,37002,37011,2026-09-28T00:02:00,37012,17005,A,40.288372,-3.7373493,10,True,2,2
2026-09-28T04:49:31Z,1068D75037C8a,75037,C8a,6,97100,10100,2026-09-28T00:10:00,10203,17000,E,40.49547,-3.7261994,10,False,1,3
2026-09-28T04:49:31Z,1068D19945C1,19945,C1,0,98305,98304,2026-09-29T00:12:00,18000,98305,E,40.4924,-3.593483,10,False,2,1
2026-09-28T04:49:31Z,1068D27316C4a,27316,C4a,-1440,18000,18000,2026-09-29T00:06:00,18000,19003,E,40.40654,-3.6895106,10,True,7,7
2026-09-28T04:49:31Z,1068D75872C7,75872,C7,3,18002,18002,2026-09-27T23:59:00,18002,10000,E,40.44655,-3.691473,10,False,4,4
2026-09-28T04:49:31Z,1068D27818C5,27818,C5,0,35009,35001,2026-09-27T23:49:00,35012,35607,S,40.34086,-3.7482634,10,False,2,2
2026-09-28T04:49:31Z,1068D27817C5,27817,C5,-1440,35607,35607,2026-09-28T00:41:00,35607,35012,A,40.330883,-3.8823783,10,False,2,2
2026-09-28T04:49:31Z,1068D27995C5,27995,C5,18,35606,35607,2026-09-27T23:59:00,35607,35002,S,40.32875,-3.8636916,10,False,1,2
2026-09-28T04:49:31Z,1068D27512C4b,27512,C4b,-1424,18000,18000,2026-09-28T00:55:00,18000,17005,E,40.40654,-3.6895106,10,True,7,7
2026-09-28T04:49:31Z,1068D75530C2,75530,C2,-1437,70200,70200,2026-09-28T00:28:00,70200,17000,E,40.644257,-3.1823237,10,False,2,2
2026-09-28T04:49:31Z,1068D75035C8a,75035,C8a,19,10203,10203,2026-09-27T23:59:00,10203,17000,E,40.58532,-4.1321955,10,False,5,5
2026-09-28T04:49:31Z,1068D27815C5,27815,C5,0,18000,35609,2026-09-27T23:59:00,35607,35012,A,40.405067,-3.7026901,10,False,9,2
2026-09-28T04:49:31Z,1068D75877C7,75877,C7,4,10007,10010,2026-09-28T00:03:00,10000,70103,24.0,40.472656,-3.836884,10,True,1,1
2026-09-28T04:49:31Z,1068D27090C3,27090,C3,-1418,60200,60200,2026-09-28T00:00:00,60200,17000,E,40.035027,-3.6189713,10,True,4,4
2026-09-28T04:49:31Z,1068D75875C7,75875,C7,15,10000,10000,2026-09-27T23:59:00,10000,70103,E,40.42163,-3.7193205,10,False,7,7
2026-09-28T04:49:31Z,1068D19940C1,19940,C1,-1440,98305,98305,2026-09-29T00:05:00,98305,17000,E,40.4924,-3.593483,10,False,1,1
2026-09-28T04:49:31Z,1068D27094C3,27094,C3,-1432,60200,60200,2026-09-28T00:45:00,60200,17000,S,40.035027,-3.6189713,10,True,3,3
2026-09-28T04:49:31Z,1068D27508C4b,27508,C4b,3,18000,60100,2026-09-28T00:06:00,37012,17005,13.0,40.40084,-3.682559,10,True,7,1
2026-09-28T04:49:31Z,1068D75644C2,75644,C2,-1435,70200,70200,2026-09-28T00:58:00,70200,17000,A,40.644257,-3.1823237,10,True,2,2
2026-09-28T04:49:31Z,1068D27095C3,27095,C3,-1,60103,60102,2026-09-29T00:04:00,17000,60200,E,40.242844,-3.7038615,10,True,1,1
2026-09-28T04:49:31Z,1068D27092C3,27092,C3,-1425,60200,60200,2026-09-28T00:12:00,60200,17000,S,40.035027,-3.6189713,10,False,3,3
2026-09-28T04:49:31Z,1068D75268C10,75268,C10,5,10101,10103,2026-09-28T00:06:00,10200,17000,13.0,40.560028,-3.9011943,10,True,1,1
2026-09-28T04:49:31Z,1068D27822C5,27822,C5,0,35601,35600,2026-09-27T23:59:00,35012,35607,A,40.386257,-3.7610443,10,False,1,1
2026-09-28T04:49:31Z,1068D27093C3,27093,C3,-1435,17000,17000,2026-09-28T00:13:00,17000,60200,E,40.471382,-3.6834786,10,True,5,5
2026-09-28T04:49:31Z,1068D27643C8b,27643,C8b,-1437,12006,12006,2026-09-28T00:26:00,12006,17000,A,40.737614,-4.0662985,10,False,2,2
2026-09-28T04:49:31Z,1068D27820C5,27820,C5,0,37001,35009,2026-09-28T00:01:00,35012,35607,A,40.34086,-3.7482634,10,False,6,2
2026-09-28T04:49:31Z,1068D27317C4,27317,C4,-1441,17000,17000,2026-09-29T00:34:00,17000,37012,A,40.471325,-3.6833096,10,True,3,3
2026-09-28T04:49:31Z,1068D75172C10,75172,C10,1,18004,18003,2026-09-28T00:01:00,17000,10200,A,40.395943,-3.677964,10,True,1,1
2026-09-28T04:49:31Z,1068D27510C4b,27510,C4b,3,17001,17000,2026-09-28T00:05:00,18000,17005,S,40.501648,-3.6821797,10,True,2,2
2026-09-28T04:55:07Z,3068D23578C1,23578,C1,2,50602,50700,2026-09-28T00:06:54,51003,50600,E,37.58157,-5.6699624,30,False,2,2
2026-09-28T04:55:07Z,3068D23743C5,23743,C5,-1442,51003,51003,2026-09-28T00:38:59,51003,43005,A,37.392567,-5.9749837,30,False,9,9
2026-09-28T04:55:07Z,3068D23841C5,23841,C5,-1,43004,43005,2026-09-28T00:03:07,43005,51113,E,37.381527,-6.193782,30,False,,3
2026-09-28T04:55:07Z,3068D23581C1,23581,C1,0,51103,51111,2026-09-28T00:03:16,51003,51200,34.0,37.294693,-5.9445186,30,False,,1
2026-09-28T04:55:07Z,3268D23176C2,23176,C2,54,54408,54410,2026-09-28T00:03:00,54517,54405,39.0,36.723545,-4.5838585,32,False,,
2026-09-28T04:55:07Z,3268D23402C1,23402,C1,-1438,54517,54517,2026-09-28T00:38:19,54517,54516,A,36.715366,-4.4266005,32,False,1,1
2026-09-28T04:55:07Z,3268D23400C1,23400,C1,3,54503,54501,2026-09-28T00:02:10,54517,54516,26.0,36.695095,-4.4762516,32,False,2,2
2026-09-28T04:55:07Z,5168D25472R2N,25472,R2N,-2,71801,71802,2026-09-28T00:02:47,79100,72400,E,41.37954,2.1411655,50,True,,
2026-09-28T04:55:07Z,5168D77468R4,77468,R4,-1432,78700,78700,2026-09-28T00:27:51,78700,71600,A,41.56993,2.0143688,50,False,,
2026-09-28T04:55:07Z,5168D35564R4,35564,R4,-1431,72209,72209,2026-09-28T00:00:49,72209,78600,A,41.47872,1.9255537,50,False,,
2026-09-28T04:55:07Z,5168D15023R15,15023,R15,52,71502,71500,2026-09-28T00:03:56,71400,79400,60.0,41.129208,1.2999328,50,False,,
2026-09-28T04:55:07Z,5168D25795R1,25795,R1,-1,79403,79404,2026-09-28T00:02:38,79500,72305,E,41.445705,2.2490852,50,False,,1
2026-09-28T04:55:07Z,5168D28393R2S,28393,R2S,-2,71802,71801,2026-09-28T00:01:35,71700,79400,A,41.379513,2.1412146,50,False,,
2026-09-28T04:55:07Z,5168D77464R4,77464,R4,11,78604,78600,2026-09-28T00:05:15,78600,71600,41.0,41.686344,1.8386431,50,False,,
2026-09-28T04:55:07Z,5168D25470R2N,25470,R2N,3,79006,79007,2026-09-28T00:03:54,79104,72400,E,41.533474,2.2177799,50,True,1,
2026-09-28T04:55:07Z,5168D25567R2S,25567,R2S,2,71604,71603,2026-09-28T00:01:57,71600,79400,E,41.20413,1.6760199,50,False,,
2026-09-28T04:55:07Z,5168D28490R2,28490,R2,0,71705,71704,2026-09-28T00:02:22,71700,79104,20.0,41.278507,1.9790424,50,True,,
2026-09-28T04:55:07Z,6068D26577C3,26577,C3,4,13119,13120,2026-09-28T00:00:52,13200,13100,E,43.240112,-2.924082,60,False,,1
2026-09-28T04:55:07Z,6068D35689C3,35689,C3,2,13121,13102,2026-09-28T00:02:16,13200,13100,E,43.05786,-2.996093,60,True,1,1
2026-09-28T04:55:07Z,6068D26576C3,26576,C3,6,13115,13109,2026-09-28T00:01:18,13100,13200,E,43.176933,-2.909058,60,True,2,2
2026-09-28T04:55:07Z,6168D35654C1,35654,C1,4,11409,11408,2026-09-28T00:00:03,11400,11508,95.0,43.094822,-2.1242988,61,False,,2
2026-09-28T04:55:07Z,6268D71185C2,71185,C2,1,05605,05604,2026-09-28T00:02:19,14223,05637,41.0,43.44704,-3.8820617,62,False,,2
2026-09-28T04:55:07Z,2068D22237C2,22237,C2,49,16011,16010,2026-09-28T00:01:00,15211,16011,E,43.28714,-5.6448464,20,False,1,1
2026-09-28T04:55:07Z,2068D22372C3,22372,C3,3,16403,16401,2026-09-28T00:03:00,15211,16403,E,43.56141,-5.922727,20,False,1,2
2026-09-28T04:55:07Z,2068D22373C3,22373,C3,7,16403,16403,2026-09-27T23:59:00,16403,15211,A,43.56141,-5.922727,20,False,1,1
2026-09-28T04:55:07Z,2068D70237C4,70237,C4,-1432,15410,15410,2026-09-28T00:03:00,15410,16403,A,43.537647,-5.67596,20,False,12,12
2026-09-28T04:55:07Z,2068D22358C3,22358,C3,-1441,15218,15218,2026-09-29T00:00:00,15218,16405,A,43.3588,-5.8573804,20,False,2,2
2026-09-28T04:55:07Z,2068D22132C1,22132,C1,0,15217,15211,2026-09-28T00:03:00,15218,17000,S,43.38812,-5.8272715,20,False,2,2
2026-09-28T04:55:07Z,4168D84931C2,84931,C2,87,61200,06002,2026-09-28T00:34:00,06006,61200,E,37.97462,-1.1315287,41,False,1,2
2026-09-28T04:55:07Z,4168D24722C1,24722,C1,13,62109,60911,2026-09-28T00:10:00,60911,61200,A,38.34553,-0.49576503,41,False,1,1
2026-09-28T04:55:07Z,4168D24723C1,24723,C1,-1425,61200,61200,2026-09-28T00:14:00,61200,60911,E,37.974686,-1.131078,41,False,1,1
2026-09-28T04:55:07Z,1068D27506C4b,27506,C4b,6,37002,37011,2026-09-28T00:02:00,37012,17005,A,40.288372,-3.7373493,10,True,2,2
2026-09-28T04:55:07Z,1068D75037C8a,75037,C8a,6,97100,10100,2026-09-28T00:10:00,10203,17000,E,40.49547,-3.7261994,10,False,1,3
2026-09-28T04:55:07Z,1068D19945C1,19945,C1,0,98305,98304,2026-09-29T00:12:00,18000,98305,E,40.4924,-3.593483,10,False,2,1
2026-09-28T04:55:07Z,1068D27316C4a,27316,C4a,-1440,18000,18000,2026-09-29T00:06:00,18000,19003,E,40.40654,-3.6895106,10,True,7,7
2026-09-28T04:55:07Z,1068D75872C7,75872,C7,3,18002,18002,2026-09-27T23:59:00,18002,10000,E,40.44655,-3.691473,10,False,4,4
2026-09-28T04:55:07Z,1068D27818C5,27818,C5,0,35009,35001,2026-09-27T23:49:00,35012,35607,S,40.34086,-3.7482634,10,False,2,2
2026-09-28T04:55:07Z,1068D27817C5,27817,C5,-1440,35607,35607,2026-09-28T00:41:00,35607,35012,A,40.330883,-3.8823783,10,False,2,2
2026-09-28T04:55:07Z,1068D27995C5,27995,C5,18,35606,35607,2026-09-27T23:59:00,35607,35002,S,40.32875,-3.8636916,10,False,1,2
2026-09-28T04:55:07Z,1068D27512C4b,27512,C4b,-1424,18000,18000,2026-09-28T00:55:00,18000,17005,E,40.40654,-3.6895106,10,True,7,7
2026-09-28T04:55:07Z,1068D75530C2,75530,C2,-1437,70200,70200,2026-09-28T00:28:00,70200,17000,E,40.644257,-3.1823237,10,False,2,2
2026-09-28T04:55:07Z,1068D75035C8a,75035,C8a,19,10203,10203,2026-09-27T23:59:00,10203,17000,E,40.58532,-4.1321955,10,False,5,5
2026-09-28T04:55:07Z,1068D27815C5,27815,C5,0,18000,35609,2026-09-27T23:59:00,35607,35012,A,40.405067,-3.7026901,10,False,9,2
2026-09-28T04:55:07Z,1068D75877C7,75877,C7,4,10007,10010,2026-09-28T00:03:00,10000,70103,24.0,40.472656,-3.836884,10,True,1,1
2026-09-28T04:55:07Z,1068D27090C3,27090,C3,-1418,60200,60200,2026-09-28T00:00:00,60200,17000,E,40.035027,-3.6189713,10,True,4,4
2026-09-28T04:55:07Z,1068D75875C7,75875,C7,15,10000,10000,2026-09-27T23:59:00,10000,70103,E,40.42163,-3.7193205,10,False,7,7
2026-09-28T04:55:07Z,1068D19940C1,19940,C1,-1440,98305,98305,2026-09-29T00:05:00,98305,17000,E,40.4924,-3.593483,10,False,1,1
2026-09-28T04:55:07Z,1068D27094C3,27094,C3,-1432,60200,60200,2026-09-28T00:45:00,60200,17000,S,40.035027,-3.6189713,10,True,3,3
2026-09-28T04:55:07Z,1068D27508C4b,27508,C4b,3,18000,60100,2026-09-28T00:06:00,37012,17005,13.0,40.40084,-3.682559,10,True,7,1
2026-09-28T04:55:07Z,1068D75644C2,75644,C2,-1435,70200,70200,2026-09-28T00:58:00,70200,17000,A,40.644257,-3.1823237,10,True,2,2
2026-09-28T04:55:07Z,1068D27095C3,27095,C3,-1,60103,60102,2026-09-29T00:04:00,17000,60200,E,40.242844,-3.7038615,10,True,1,1
2026-09-28T04:55:07Z,1068D27092C3,27092,C3,-1425,60200,60200,2026-09-28T00:12:00,60200,17000,S,40.035027,-3.6189713,10,False,3,3
2026-09-28T04:55:07Z,1068D75268C10,75268,C10,5,10101,10103,2026-09-28T00:06:00,10200,17000,13.0,40.560028,-3.9011943,10,True,1,1
2026-09-28T04:55:07Z,1068D27822C5,27822,C5,0,35601,35600,2026-09-27T23:59:00,35012,35607,A,40.386257,-3.7610443,10,False,1,1
2026-09-28T04:55:07Z,1068D27093C3,27093,C3,-1435,17000,17000,2026-09-28T00:13:00,17000,60200,E,40.471382,-3.6834786,10,True,5,5
2026-09-28T04:55:07Z,1068D27643C8b,27643,C8b,-1437,12006,12006,2026-09-28T00:26:00,12006,17000,A,40.737614,-4.0662985,10,False,2,2
2026-09-28T04:55:07Z,1068D27820C5,27820,C5,0,37001,35009,2026-09-28T00:01:00,35012,35607,A,40.34086,-3.7482634,10,False,6,2
2026-09-28T04:55:07Z,1068D27317C4,27317,C4,-1441,17000,17000,2026-09-29T00:34:00,17000,37012,A,40.471325,-3.6833096,10,True,3,3
2026-09-28T04:55:07Z,1068D75172C10,75172,C10,1,18004,18003,2026-09-28T00:01:00,17000,10200,A,40.395943,-3.677964,10,True,1,1
2026-09-28T04:55:07Z,1068D27510C4b,27510,C4b,3,17001,17000,2026-09-28T00:05:00,18000,17005,S,40.501648,-3.6821797,10,True,2,2
2026-09-28T04:59:56Z,3068D23578C1,23578,C1,2,50602,50700,2026-09-28T00:06:54,51003,50600,E,37.58157,-5.6699624,30,False,2,2
2026-09-28T04:59:56Z,3068D23743C5,23743,C5,-1442,51003,51003,2026-09-28T00:38:59,51003,43005,A,37.392567,-5.9749837,30,False,9,9
2026-09-28T04:59:56Z,3068D23841C5,23841,C5,-1,43004,43005,2026-09-28T00:03:07,43005,51113,E,37.381527,-6.193782,30,False,,3
2026-09-28T04:59:56Z,3068D23581C1,23581,C1,0,51103,51111,2026-09-28T00:03:16,51003,51200,34.0,37.294693,-5.9445186,30,False,,1
2026-09-28T04:59:56Z,3268D23176C2,23176,C2,54,54408,54410,2026-09-28T00:03:00,54517,54405,39.0,36.723545,-4.5838585,32,False,,
2026-09-28T04:59:56Z,3268D23402C1,23402,C1,-1438,54517,54517,2026-09-28T00:38:19,54517,54516,A,36.715366,-4.4266005,32,False,1,1
2026-09-28T04:59:56Z,3268D23400C1,23400,C1,3,54503,54501,2026-09-28T00:02:10,54517,54516,26.0,36.695095,-4.4762516,32,False,2,2
2026-09-28T04:59:56Z,5168D25472R2N,25472,R2N,-2,71801,71802,2026-09-28T00:02:47,79100,72400,E,41.37954,2.1411655,50,True,,
2026-09-28T04:59:56Z,5168D77468R4,77468,R4,-1432,78700,78700,2026-09-28T00:27:51,78700,71600,A,41.56993,2.0143688,50,False,,
2026-09-28T04:59:56Z,5168D35564R4,35564,R4,-1431,72209,72209,2026-09-28T00:00:49,72209,78600,A,41.47872,1.9255537,50,False,,
2026-09-28T04:59:56Z,5168D15023R15,15023,R15,52,71502,71500,2026-09-28T00:03:56,71400,79400,60.0,41.129208,1.2999328,50,False,,
2026-09-28T04:59:56Z,5168D25795R1,25795,R1,-1,79403,79404,2026-09-28T00:02:38,79500,72305,E,41.445705,2.2490852,50,False,,1
2026-09-28T04:59:56Z,5168D28393R2S,28393,R2S,-2,71802,71801,2026-09-28T00:01:35,71700,79400,A,41.379513,2.1412146,50,False,,
2026-09-28T04:59:56Z,5168D77464R4,77464,R4,11,78604,78600,2026-09-28T00:05:15,78600,71600,41.0,41.686344,1.8386431,50,False,,
2026-09-28T04:59:56Z,5168D25470R2N,25470,R2N,3,79006,79007,2026-09-28T00:03:54,79104,72400,E,41.533474,2.2177799,50,True,1,
2026-09-28T04:59:56Z,5168D25567R2S,25567,R2S,2,71604,71603,2026-09-28T00:01:57,71600,79400,E,41.20413,1.6760199,50,False,,
2026-09-28T04:59:56Z,5168D28490R2,28490,R2,0,71705,71704,2026-09-28T00:02:22,71700,79104,20.0,41.278507,1.9790424,50,True,,
2026-09-28T04:59:56Z,6068D26577C3,26577,C3,4,13119,13120,2026-09-28T00:00:52,13200,13100,E,43.240112,-2.924082,60,False,,1
2026-09-28T04:59:56Z,6068D35689C3,35689,C3,2,13121,13102,2026-09-28T00:02:16,13200,13100,E,43.05786,-2.996093,60,True,1,1
2026-09-28T04:59:56Z,6068D26576C3,26576,C3,6,13115,13109,2026-09-28T00:01:18,13100,13200,E,43.176933,-2.909058,60,True,2,2
2026-09-28T04:59:56Z,6168D35654C1,35654,C1,4,11409,11408,2026-09-28T00:00:03,11400,11508,95.0,43.094822,-2.1242988,61,False,,2
2026-09-28T04:59:56Z,6268D71185C2,71185,C2,1,05605,05604,2026-09-28T00:02:19,14223,05637,41.0,43.44704,-3.8820617,62,False,,2
2026-09-28T04:59:56Z,2068D22237C2,22237,C2,49,16011,16010,2026-09-28T00:01:00,15211,16011,E,43.28714,-5.6448464,20,False,1,1
2026-09-28T04:59:56Z,2068D22372C3,22372,C3,3,16403,16401,2026-09-28T00:03:00,15211,16403,E,43.56141,-5.922727,20,False,1,2
2026-09-28T04:59:56Z,2068D22373C3,22373,C3,7,16403,16403,2026-09-27T23:59:00,16403,15211,A,43.56141,-5.922727,20,False,1,1
2026-09-28T04:59:56Z,2068D70237C4,70237,C4,-1432,15410,15410,2026-09-28T00:03:00,15410,16403,A,43.537647,-5.67596,20,False,12,12
2026-09-28T04:59:56Z,2068D22358C3,22358,C3,-1441,15218,15218,2026-09-29T00:00:00,15218,16405,A,43.3588,-5.8573804,20,False,2,2
2026-09-28T04:59:56Z,2068D22132C1,22132,C1,0,15217,15211,2026-09-28T00:03:00,15218,17000,S,43.38812,-5.8272715,20,False,2,2
2026-09-28T04:59:56Z,4168D84931C2,84931,C2,87,61200,06002,2026-09-28T00:34:00,06006,61200,E,37.97462,-1.1315287,41,False,1,2
2026-09-28T04:59:56Z,4168D24722C1,24722,C1,13,62109,60911,2026-09-28T00:10:00,60911,61200,A,38.34553,-0.49576503,41,False,1,1
2026-09-28T04:59:56Z,4168D24723C1,24723,C1,-1425,61200,61200,2026-09-28T00:14:00,61200,60911,E,37.974686,-1.131078,41,False,1,1
2026-09-28T04:59:56Z,1068D27506C4b,27506,C4b,6,37002,37011,2026-09-28T00:02:00,37012,17005,A,40.288372,-3.7373493,10,True,2,2
2026-09-28T04:59:56Z,1068D75037C8a,75037,C8a,6,97100,10100,2026-09-28T00:10:00,10203,17000,E,40.49547,-3.7261994,10,False,1,3
2026-09-28T04:59:56Z,1068D19945C1,19945,C1,0,98305,98304,2026-09-29T00:12:00,18000,98305,E,40.4924,-3.593483,10,False,2,1
2026-09-28T04:59:56Z,1068D27316C4a,27316,C4a,-1440,18000,18000,2026-09-29T00:06:00,18000,19003,E,40.40654,-3.6895106,10,True,7,7
2026-09-28T04:59:56Z,1068D75872C7,75872,C7,3,18002,18002,2026-09-27T23:59:00,18002,10000,E,40.44655,-3.691473,10,False,4,4
2026-09-28T04:59:56Z,1068D27818C5,27818,C5,0,35009,35001,2026-09-27T23:49:00,35012,35607,S,40.34086,-3.7482634,10,False,2,2
2026-09-28T04:59:56Z,1068D27817C5,27817,C5,-1440,35607,35607,2026-09-28T00:41:00,35607,35012,A,40.330883,-3.8823783,10,False,2,2
2026-09-28T04:59:56Z,1068D27995C5,27995,C5,18,35606,35607,2026-09-27T23:59:00,35607,35002,S,40.32875,-3.8636916,10,False,1,2
2026-09-28T04:59:56Z,1068D27512C4b,27512,C4b,-1424,18000,18000,2026-09-28T00:55:00,18000,17005,E,40.40654,-3.6895106,10,True,7,7
2026-09-28T04:59:56Z,1068D75530C2,75530,C2,-1437,70200,70200,2026-09-28T00:28:00,70200,17000,E,40.644257,-3.1823237,10,False,2,2
2026-09-28T04:59:56Z,1068D75035C8a,75035,C8a,19,10203,10203,2026-09-27T23:59:00,10203,17000,E,40.58532,-4.1321955,10,False,5,5
2026-09-28T04:59:56Z,1068D27815C5,27815,C5,0,18000,35609,2026-09-27T23:59:00,35607,35012,A,40.405067,-3.7026901,10,False,9,2
2026-09-28T04:59:56Z,1068D75877C7,75877,C7,4,10007,10010,2026-09-28T00:03:00,10000,70103,24.0,40.472656,-3.836884,10,True,1,1
2026-09-28T04:59:56Z,1068D27090C3,27090,C3,-1418,60200,60200,2026-09-28T00:00:00,60200,17000,E,40.035027,-3.6189713,10,True,4,4
2026-09-28T04:59:56Z,1068D75875C7,75875,C7,15,10000,10000,2026-09-27T23:59:00,10000,70103,E,40.42163,-3.7193205,10,False,7,7
2026-09-28T04:59:56Z,1068D19940C1,19940,C1,-1440,98305,98305,2026-09-29T00:05:00,98305,17000,E,40.4924,-3.593483,10,False,1,1
2026-09-28T04:59:56Z,1068D27094C3,27094,C3,-1432,60200,60200,2026-09-28T00:45:00,60200,17000,S,40.035027,-3.6189713,10,True,3,3
2026-09-28T04:59:56Z,1068D27508C4b,27508,C4b,3,18000,60100,2026-09-28T00:06:00,37012,17005,13.0,40.40084,-3.682559,10,True,7,1
2026-09-28T04:59:56Z,1068D75644C2,75644,C2,-1435,70200,70200,2026-09-28T00:58:00,70200,17000,A,40.644257,-3.1823237,10,True,2,2
2026-09-28T04:59:56Z,1068D27095C3,27095,C3,-1,60103,60102,2026-09-29T00:04:00,17000,60200,E,40.242844,-3.7038615,10,True,1,1
2026-09-28T04:59:56Z,1068D27092C3,27092,C3,-1425,60200,60200,2026-09-28T00:12:00,60200,17000,S,40.035027,-3.6189713,10,False,3,3
2026-09-28T04:59:56Z,1068D75268C10,75268,C10,5,10101,10103,2026-09-28T00:06:00,10200,17000,13.0,40.560028,-3.9011943,10,True,1,1
2026-09-28T04:59:56Z,1068D27822C5,27822,C5,0,35601,35600,2026-09-27T23:59:00,35012,35607,A,40.386257,-3.7610443,10,False,1,1
2026-09-28T04:59:56Z,1068D27093C3,27093,C3,-1435,17000,17000,2026-09-28T00:13:00,17000,60200,E,40.471382,-3.6834786,10,True,5,5
2026-09-28T04:59:56Z,1068D27643C8b,27643,C8b,-1437,12006,12006,2026-09-28T00:26:00,12006,17000,A,40.737614,-4.0662985,10,False,2,2
2026-09-28T04:59:56Z,1068D27820C5,27820,C5,0,37001,35009,2026-09-28T00:01:00,35012,35607,A,40.34086,-3.7482634,10,False,6,2
2026-09-28T04:59:56Z,1068D27317C4,27317,C4,-1441,17000,17000,2026-09-29T00:34:00,17000,37012,A,40.471325,-3.6833096,10,True,3,3
2026-09-28T04:59:56Z,1068D75172C10,75172,C10,1,18004,18003,2026-09-28T00:01:00,17000,10200,A,40.395943,-3.677964,10,True,1,1
2026-09-28T04:59:56Z,1068D27510C4b,27510,C4b,3,17001,17000,2026-09-28T00:05:00,18000,17005,S,40.501648,-3.6821797,10,True,2,2
2026-09-28T05:04:59Z,3068D23578C1,23578,C1,2,50602,50700,2026-09-28T00:06:54,51003,50600,E,37.58157,-5.6699624,30,False,2,2
2026-09-28T05:04:59Z,3068D23743C5,23743,C5,-1442,51003,51003,2026-09-28T00:38:59,51003,43005,A,37.392567,-5.9749837,30,False,9,9
2026-09-28T05:04:59Z,3068D23841C5,23841,C5,-1,43004,43005,2026-09-28T00:03:07,43005,51113,E,37.381527,-6.193782,30,False,,3
2026-09-28T05:04:59Z,3068D23581C1,23581,C1,0,51103,51111,2026-09-28T00:03:16,51003,51200,34.0,37.294693,-5.9445186,30,False,,1
2026-09-28T05:04:59Z,3268D23176C2,23176,C2,54,54408,54410,2026-09-28T00:03:00,54517,54405,39.0,36.723545,-4.5838585,32,False,,
2026-09-28T05:04:59Z,3268D23402C1,23402,C1,-1438,54517,54517,2026-09-28T00:38:19,54517,54516,A,36.715366,-4.4266005,32,False,1,1
2026-09-28T05:04:59Z,3268D23400C1,23400,C1,3,54503,54501,2026-09-28T00:02:10,54517,54516,26.0,36.695095,-4.4762516,32,False,2,2
2026-09-28T05:04:59Z,5168D25472R2N,25472,R2N,-2,71801,71802,2026-09-28T00:02:47,79100,72400,E,41.37954,2.1411655,50,True,,
2026-09-28T05:04:59Z,5168D77468R4,77468,R4,-1432,78700,78700,2026-09-28T00:27:51,78700,71600,A,41.56993,2.0143688,50,False,,
2026-09-28T05:04:59Z,5168D35564R4,35564,R4,-1431,72209,72209,2026-09-28T00:00:49,72209,78600,A,41.47872,1.9255537,50,False,,
2026-09-28T05:04:59Z,5168D15023R15,15023,R15,52,71502,71500,2026-09-28T00:03:56,71400,79400,60.0,41.129208,1.2999328,50,False,,
2026-09-28T05:04:59Z,5168D25795R1,25795,R1,-1,79403,79404,2026-09-28T00:02:38,79500,72305,E,41.445705,2.2490852,50,False,,1
2026-09-28T05:04:59Z,5168D28393R2S,28393,R2S,-2,71802,71801,2026-09-28T00:01:35,71700,79400,A,41.379513,2.1412146,50,False,,
2026-09-28T05:04:59Z,5168D77464R4,77464,R4,11,78604,78600,2026-09-28T00:05:15,78600,71600,41.0,41.686344,1.8386431,50,False,,
2026-09-28T05:04:59Z,5168D25470R2N,25470,R2N,3,79006,79007,2026-09-28T00:03:54,79104,72400,E,41.533474,2.2177799,50,True,1,
2026-09-28T05:04:59Z,5168D25567R2S,25567,R2S,2,71604,71603,2026-09-28T00:01:57,71600,79400,E,41.20413,1.6760199,50,False,,
2026-09-28T05:04:59Z,5168D28490R2,28490,R2,0,71705,71704,2026-09-28T00:02:22,71700,79104,20.0,41.278507,1.9790424,50,True,,
2026-09-28T05:04:59Z,6068D26577C3,26577,C3,4,13119,13120,2026-09-28T00:00:52,13200,13100,E,43.240112,-2.924082,60,False,,1
2026-09-28T05:04:59Z,6068D35689C3,35689,C3,2,13121,13102,2026-09-28T00:02:16,13200,13100,E,43.05786,-2.996093,60,True,1,1
2026-09-28T05:04:59Z,6068D26576C3,26576,C3,6,13115,13109,2026-09-28T00:01:18,13100,13200,E,43.176933,-2.909058,60,True,2,2
2026-09-28T05:04:59Z,6168D35654C1,35654,C1,4,11409,11408,2026-09-28T00:00:03,11400,11508,95.0,43.094822,-2.1242988,61,False,,2
2026-09-28T05:04:59Z,6268D71185C2,71185,C2,1,05605,05604,2026-09-28T00:02:19,14223,05637,41.0,43.44704,-3.8820617,62,False,,2
2026-09-28T05:04:59Z,2068D22237C2,22237,C2,49,16011,16010,2026-09-28T00:01:00,15211,16011,E,43.28714,-5.6448464,20,False,1,1
2026-09-28T05:04:59Z,2068D22372C3,22372,C3,3,16403,16401,2026-09-28T00:03:00,15211,16403,E,43.56141,-5.922727,20,False,1,2
2026-09-28T05:04:59Z,2068D22373C3,22373,C3,7,16403,16403,2026-09-27T23:59:00,16403,15211,A,43.56141,-5.922727,20,False,1,1
2026-09-28T05:04:59Z,2068D70237C4,70237,C4,-1432,15410,15410,2026-09-28T00:03:00,15410,16403,A,43.537647,-5.67596,20,False,12,12
2026-09-28T05:04:59Z,2068D22358C3,22358,C3,-1441,15218,15218,2026-09-29T00:00:00,15218,16405,A,43.3588,-5.8573804,20,False,2,2
2026-09-28T05:04:59Z,2068D22132C1,22132,C1,0,15217,15211,2026-09-28T00:03:00,15218,17000,S,43.38812,-5.8272715,20,False,2,2
2026-09-28T05:04:59Z,4168D84931C2,84931,C2,87,61200,06002,2026-09-28T00:34:00,06006,61200,E,37.97462,-1.1315287,41,False,1,2
2026-09-28T05:04:59Z,4168D24722C1,24722,C1,13,62109,60911,2026-09-28T00:10:00,60911,61200,A,38.34553,-0.49576503,41,False,1,1
2026-09-28T05:04:59Z,4168D24723C1,24723,C1,-1425,61200,61200,2026-09-28T00:14:00,61200,60911,E,37.974686,-1.131078,41,False,1,1
2026-09-28T05:04:59Z,1068D27506C4b,27506,C4b,6,37002,37011,2026-09-28T00:02:00,37012,17005,A,40.288372,-3.7373493,10,True,2,2
2026-09-28T05:04:59Z,1068D75037C8a,75037,C8a,6,97100,10100,2026-09-28T00:10:00,10203,17000,E,40.49547,-3.7261994,10,False,1,3
2026-09-28T05:04:59Z,1068D19945C1,19945,C1,0,98305,98304,2026-09-29T00:12:00,18000,98305,E,40.4924,-3.593483,10,False,2,1
2026-09-28T05:04:59Z,1068D27316C4a,27316,C4a,-1440,18000,18000,2026-09-29T00:06:00,18000,19003,E,40.40654,-3.6895106,10,True,7,7
2026-09-28T05:04:59Z,1068D75872C7,75872,C7,3,18002,18002,2026-09-27T23:59:00,18002,10000,E,40.44655,-3.691473,10,False,4,4
2026-09-28T05:04:59Z,1068D27818C5,27818,C5,0,35009,35001,2026-09-27T23:49:00,35012,35607,S,40.34086,-3.7482634,10,False,2,2
2026-09-28T05:04:59Z,1068D27817C5,27817,C5,-1440,35607,35607,2026-09-28T00:41:00,35607,35012,A,40.330883,-3.8823783,10,False,2,2
2026-09-28T05:04:59Z,1068D27995C5,27995,C5,18,35606,35607,2026-09-27T23:59:00,35607,35002,S,40.32875,-3.8636916,10,False,1,2
2026-09-28T05:04:59Z,1068D27512C4b,27512,C4b,-1424,18000,18000,2026-09-28T00:55:00,18000,17005,E,40.40654,-3.6895106,10,True,7,7
2026-09-28T05:04:59Z,1068D75530C2,75530,C2,-1437,70200,70200,2026-09-28T00:28:00,70200,17000,E,40.644257,-3.1823237,10,False,2,2
2026-09-28T05:04:59Z,1068D75035C8a,75035,C8a,19,10203,10203,2026-09-27T23:59:00,10203,17000,E,40.58532,-4.1321955,10,False,5,5
2026-09-28T05:04:59Z,1068D27815C5,27815,C5,0,18000,35609,2026-09-27T23:59:00,35607,35012,A,40.405067,-3.7026901,10,False,9,2
2026-09-28T05:04:59Z,1068D75877C7,75877,C7,4,10007,10010,2026-09-28T00:03:00,10000,70103,24.0,40.472656,-3.836884,10,True,1,1
2026-09-28T05:04:59Z,1068D27090C3,27090,C3,-1418,60200,60200,2026-09-28T00:00:00,60200,17000,E,40.035027,-3.6189713,10,True,4,4
2026-09-28T05:04:59Z,1068D75875C7,75875,C7,15,10000,10000,2026-09-27T23:59:00,10000,70103,E,40.42163,-3.7193205,10,False,7,7
2026-09-28T05:04:59Z,1068D19940C1,19940,C1,-1440,98305,98305,2026-09-29T00:05:00,98305,17000,E,40.4924,-3.593483,10,False,1,1
2026-09-28T05:04:59Z,1068D27094C3,27094,C3,-1432,60200,60200,2026-09-28T00:45:00,60200,17000,S,40.035027,-3.6189713,10,True,3,3
2026-09-28T05:04:59Z,1068D27508C4b,27508,C4b,3,18000,60100,2026-09-28T00:06:00,37012,17005,13.0,40.40084,-3.682559,10,True,7,1
2026-09-28T05:04:59Z,1068D75644C2,75644,C2,-1435,70200,70200,2026-09-28T00:58:00,70200,17000,A,40.644257,-3.1823237,10,True,2,2
2026-09-28T05:04:59Z,1068D27095C3,27095,C3,-1,60103,60102,2026-09-29T00:04:00,17000,60200,E,40.242844,-3.7038615,10,True,1,1
2026-09-28T05:04:59Z,1068D27092C3,27092,C3,-1425,60200,60200,2026-09-28T00:12:00,60200,17000,S,40.035027,-3.6189713,10,False,3,3
2026-09-28T05:04:59Z,1068D75268C10,75268,C10,5,10101,10103,2026-09-28T00:06:00,10200,17000,13.0,40.560028,-3.9011943,10,True,1,1
2026-09-28T05:04:59Z,1068D27822C5,27822,C5,0,35601,35600,2026-09-27T23:59:00,35012,35607,A,40.386257,-3.7610443,10,False,1,1
2026-09-28T05:04:59Z,1068D27093C3,27093,C3,-1435,17000,17000,2026-09-28T00:13:00,17000,60200,E,40.471382,-3.6834786,10,True,5,5
2026-09-28T05:04:59Z,1068D27643C8b,27643,C8b,-1437,12006,12006,2026-09-28T00:26:00,12006,17000,A,40.737614,-4.0662985,10,False,2,2
2026-09-28T05:04:59Z,1068D27820C5,27820,C5,0,37001,35009,2026-09-28T00:01:00,35012,35607,A,40.34086,-3.7482634,10,False,6,2
2026-09-28T05:04:59Z,1068D27317C4,27317,C4,-1441,17000,17000,2026-09-29T00:34:00,17000,37012,A,40.471325,-3.6833096,10,True,3,3
2026-09-28T05:04:59Z,1068D75172C10,75172,C10,1,18004,18003,2026-09-28T00:01:00,17000,10200,A,40.395943,-3.677964,10,True,1,1
2026-09-28T05:04:59Z,1068D27510C4b,27510,C4b,3,17001,17000,2026-09-28T00:05:00,18000,17005,S,40.501648,-3.6821797,10,True,2,2
2026-09-28T05:10:07Z,3068D23578C1,23578,C1,2,50602,50700,2026-09-28T00:06:54,51003,50600,E,37.58157,-5.6699624,30,False,2,2
2026-09-28T05:10:07Z,3068D23743C5,23743,C5,-1442,51003,51003,2026-09-28T00:38:59,51003,43005,A,37.392567,-5.9749837,30,False,9,9
2026-09-28T05:10:07Z,3068D23841C5,23841,C5,-1,43004,43005,2026-09-28T00:03:07,43005,51113,E,37.381527,-6.193782,30,False,,3
2026-09-28T05:10:07Z,3068D23581C1,23581,C1,0,51103,51111,2026-09-28T00:03:16,51003,51200,34.0,37.294693,-5.9445186,30,False,,1
2026-09-28T05:10:07Z,3268D23176C2,23176,C2,54,54408,54410,2026-09-28T00:03:00,54517,54405,39.0,36.723545,-4.5838585,32,False,,
2026-09-28T05:10:07Z,3268D23402C1,23402,C1,-1438,54517,54517,2026-09-28T00:38:19,54517,54516,A,36.715366,-4.4266005,32,False,1,1
2026-09-28T05:10:07Z,3268D23400C1,23400,C1,3,54503,54501,2026-09-28T00:02:10,54517,54516,26.0,36.695095,-4.4762516,32,False,2,2
2026-09-28T05:10:07Z,5168D25472R2N,25472,R2N,-2,71801,71802,2026-09-28T00:02:47,79100,72400,E,41.37954,2.1411655,50,True,,
2026-09-28T05:10:07Z,5168D77468R4,77468,R4,-1432,78700,78700,2026-09-28T00:27:51,78700,71600,A,41.56993,2.0143688,50,False,,
2026-09-28T05:10:07Z,5168D35564R4,35564,R4,-1431,72209,72209,2026-09-28T00:00:49,72209,78600,A,41.47872,1.9255537,50,False,,
2026-09-28T05:10:07Z,5168D15023R15,15023,R15,52,71502,71500,2026-09-28T00:03:56,71400,79400,60.0,41.129208,1.2999328,50,False,,
2026-09-28T05:10:07Z,5168D25795R1,25795,R1,-1,79403,79404,2026-09-28T00:02:38,79500,72305,E,41.445705,2.2490852,50,False,,1
2026-09-28T05:10:07Z,5168D28393R2S,28393,R2S,-2,71802,71801,2026-09-28T00:01:35,71700,79400,A,41.379513,2.1412146,50,False,,
2026-09-28T05:10:07Z,5168D77464R4,77464,R4,11,78604,78600,2026-09-28T00:05:15,78600,71600,41.0,41.686344,1.8386431,50,False,,
2026-09-28T05:10:07Z,5168D25470R2N,25470,R2N,3,79006,79007,2026-09-28T00:03:54,79104,72400,E,41.533474,2.2177799,50,True,1,
2026-09-28T05:10:07Z,5168D25567R2S,25567,R2S,2,71604,71603,2026-09-28T00:01:57,71600,79400,E,41.20413,1.6760199,50,False,,
2026-09-28T05:10:07Z,5168D28490R2,28490,R2,0,71705,71704,2026-09-28T00:02:22,71700,79104,20.0,41.278507,1.9790424,50,True,,
2026-09-28T05:10:07Z,6068D26577C3,26577,C3,4,13119,13120,2026-09-28T00:00:52,13200,13100,E,43.240112,-2.924082,60,False,,1
2026-09-28T05:10:07Z,6068D35689C3,35689,C3,2,13121,13102,2026-09-28T00:02:16,13200,13100,E,43.05786,-2.996093,60,True,1,1
2026-09-28T05:10:07Z,6068D26576C3,26576,C3,6,13115,13109,2026-09-28T00:01:18,13100,13200,E,43.176933,-2.909058,60,True,2,2
2026-09-28T05:10:07Z,6168D35654C1,35654,C1,4,11409,11408,2026-09-28T00:00:03,11400,11508,95.0,43.094822,-2.1242988,61,False,,2
2026-09-28T05:10:07Z,6268D71185C2,71185,C2,1,05605,05604,2026-09-28T00:02:19,14223,05637,41.0,43.44704,-3.8820617,62,False,,2
2026-09-28T05:10:07Z,2068D22237C2,22237,C2,49,16011,16010,2026-09-28T00:01:00,15211,16011,E,43.28714,-5.6448464,20,False,1,1
2026-09-28T05:10:07Z,2068D22372C3,22372,C3,3,16403,16401,2026-09-28T00:03:00,15211,16403,E,43.56141,-5.922727,20,False,1,2
2026-09-28T05:10:07Z,2068D22373C3,22373,C3,7,16403,16403,2026-09-27T23:59:00,16403,15211,A,43.56141,-5.922727,20,False,1,1
2026-09-28T05:10:07Z,2068D70237C4,70237,C4,-1432,15410,15410,2026-09-28T00:03:00,15410,16403,A,43.537647,-5.67596,20,False,12,12
2026-09-28T05:10:07Z,2068D22358C3,22358,C3,-1441,15218,15218,2026-09-29T00:00:00,15218,16405,A,43.3588,-5.8573804,20,False,2,2
2026-09-28T05:10:07Z,2068D22132C1,22132,C1,0,15217,15211,2026-09-28T00:03:00,15218,17000,S,43.38812,-5.8272715,20,False,2,2
2026-09-28T05:10:07Z,4168D84931C2,84931,C2,87,61200,06002,2026-09-28T00:34:00,06006,61200,E,37.97462,-1.1315287,41,False,1,2
2026-09-28T05:10:07Z,4168D24722C1,24722,C1,13,62109,60911,2026-09-28T00:10:00,60911,61200,A,38.34553,-0.49576503,41,False,1,1
2026-09-28T05:10:07Z,4168D24723C1,24723,C1,-1425,61200,61200,2026-09-28T00:14:00,61200,60911,E,37.974686,-1.131078,41,False,1,1
2026-09-28T05:10:07Z,1068D27506C4b,27506,C4b,6,37002,37011,2026-09-28T00:02:00,37012,17005,A,40.288372,-3.7373493,10,True,2,2
2026-09-28T05:10:07Z,1068D75037C8a,75037,C8a,6,97100,10100,2026-09-28T00:10:00,10203,17000,E,40.49547,-3.7261994,10,False,1,3
2026-09-28T05:10:07Z,1068D19945C1,19945,C1,0,98305,98304,2026-09-29T00:12:00,18000,98305,E,40.4924,-3.593483,10,False,2,1
2026-09-28T05:10:07Z,1068D27316C4a,27316,C4a,-1440,18000,18000,2026-09-29T00:06:00,18000,19003,E,40.40654,-3.6895106,10,True,7,7
2026-09-28T05:10:07Z,1068D75872C7,75872,C7,3,18002,18002,2026-09-27T23:59:00,18002,10000,E,40.44655,-3.691473,10,False,4,4
2026-09-28T05:10:07Z,1068D27818C5,27818,C5,0,35009,35001,2026-09-27T23:49:00,35012,35607,S,40.34086,-3.7482634,10,False,2,2
2026-09-28T05:10:07Z,1068D27817C5,27817,C5,-1440,35607,35607,2026-09-28T00:41:00,35607,35012,A,40.330883,-3.8823783,10,False,2,2
2026-09-28T05:10:07Z,1068D27995C5,27995,C5,18,35606,35607,2026-09-27T23:59:00,35607,35002,S,40.32875,-3.8636916,10,False,1,2
2026-09-28T05:10:07Z,1068D27512C4b,27512,C4b,-1424,18000,18000,2026-09-28T00:55:00,18000,17005,E,40.40654,-3.6895106,10,True,7,7
2026-09-28T05:10:07Z,1068D75530C2,75530,C2,-1437,70200,70200,2026-09-28T00:28:00,70200,17000,E,40.644257,-3.1823237,10,False,2,2
2026-09-28T05:10:07Z,1068D75035C8a,75035,C8a,19,10203,10203,2026-09-27T23:59:00,10203,17000,E,40.58532,-4.1321955,10,False,5,5
2026-09-28T05:10:07Z,1068D27815C5,27815,C5,0,18000,35609,2026-09-27T23:59:00,35607,35012,A,40.405067,-3.7026901,10,False,9,2
2026-09-28T05:10:07Z,1068D75877C7,75877,C7,4,10007,10010,2026-09-28T00:03:00,10000,70103,24.0,40.472656,-3.836884,10,True,1,1
2026-09-28T05:10:07Z,1068D27090C3,27090,C3,-1418,60200,60200,2026-09-28T00:00:00,60200,17000,E,40.035027,-3.6189713,10,True,4,4
2026-09-28T05:10:07Z,1068D75875C7,75875,C7,15,10000,10000,2026-09-27T23:59:00,10000,70103,E,40.42163,-3.7193205,10,False,7,7
2026-09-28T05:10:07Z,1068D19940C1,19940,C1,-1440,98305,98305,2026-09-29T00:05:00,98305,17000,E,40.4924,-3.593483,10,False,1,1
2026-09-28T05:10:07Z,1068D27094C3,27094,C3,-1432,60200,60200,2026-09-28T00:45:00,60200,17000,S,40.035027,-3.6189713,10,True,3,3
2026-09-28T05:10:07Z,1068D27508C4b,27508,C4b,3,18000,60100,2026-09-28T00:06:00,37012,17005,13.0,40.40084,-3.682559,10,True,7,1
2026-09-28T05:10:07Z,1068D75644C2,75644,C2,-1435,70200,70200,2026-09-28T00:58:00,70200,17000,A,40.644257,-3.1823237,10,True,2,2
2026-09-28T05:10:07Z,1068D27095C3,27095,C3,-1,60103,60102,2026-09-29T00:04:00,17000,60200,E,40.242844,-3.7038615,10,True,1,1
2026-09-28T05:10:07Z,1068D27092C3,27092,C3,-1425,60200,60200,2026-09-28T00:12:00,60200,17000,S,40.035027,-3.6189713,10,False,3,3
2026-09-28T05:10:07Z,1068D75268C10,75268,C10,5,10101,10103,2026-09-28T00:06:00,10200,17000,13.0,40.560028,-3.9011943,10,True,1,1
2026-09-28T05:10:07Z,1068D27822C5,27822,C5,0,35601,35600,2026-09-27T23:59:00,35012,35607,A,40.386257,-3.7610443,10,False,1,1
2026-09-28T05:10:07Z,1068D27093C3,27093,C3,-1435,17000,17000,2026-09-28T00:13:00,17000,60200,E,40.471382,-3.6834786,10,True,5,5
2026-09-28T05:10:07Z,1068D27643C8b,27643,C8b,-1437,12006,12006,2026-09-28T00:26:00,12006,17000,A,40.737614,-4.0662985,10,False,2,2
2026-09-28T05:10:07Z,1068D27820C5,27820,C5,0,37001,35009,2026-09-28T00:01:00,35012,35607,A,40.34086,-3.7482634,10,False,6,2
2026-09-28T05:10:07Z,1068D27317C4,27317,C4,-1441,17000,17000,2026-09-29T00:34:00,17000,37012,A,40.471325,-3.6833096,10,True,3,3
2026-09-28T05:10:07Z,1068D75172C10,75172,C10,1,18004,18003,2026-09-28T00:01:00,17000,10200,A,40.395943,-3.677964,10,True,1,1
2026-09-28T05:10:07Z,1068D27510C4b,27510,C4b,3,17001,17000,2026-09-28T00:05:00,18000,17005,S,40.501648,-3.6821797,10,True,2,2
2026-09-28T05:14:50Z,3068D23578C1,23578,C1,2,50602,50700,2026-09-28T00:06:54,51003,50600,E,37.58157,-5.6699624,30,False,2,2
2026-09-28T05:14:50Z,3068D23743C5,23743,C5,-1442,51003,51003,2026-09-28T00:38:59,51003,43005,A,37.392567,-5.9749837,30,False,9,9
2026-09-28T05:14:50Z,3068D23841C5,23841,C5,-1,43004,43005,2026-09-28T00:03:07,43005,51113,E,37.381527,-6.193782,30,False,,3
2026-09-28T05:14:50Z,3068D23581C1,23581,C1,0,51103,51111,2026-09-28T00:03:16,51003,51200,34.0,37.294693,-5.9445186,30,False,,1
2026-09-28T05:14:50Z,3268D23176C2,23176,C2,54,54408,54410,2026-09-28T00:03:00,54517,54405,39.0,36.723545,-4.5838585,32,False,,
2026-09-28T05:14:50Z,3268D23402C1,23402,C1,-1438,54517,54517,2026-09-28T00:38:19,54517,54516,A,36.715366,-4.4266005,32,False,1,1
2026-09-28T05:14:50Z,3268D23400C1,23400,C1,3,54503,54501,2026-09-28T00:02:10,54517,54516,26.0,36.695095,-4.4762516,32,False,2,2
2026-09-28T05:14:50Z,5168D25472R2N,25472,R2N,-2,71801,71802,2026-09-28T00:02:47,79100,72400,E,41.37954,2.1411655,50,True,,
2026-09-28T05:14:50Z,5168D77468R4,77468,R4,-1432,78700,78700,2026-09-28T00:27:51,78700,71600,A,41.56993,2.0143688,50,False,,
2026-09-28T05:14:50Z,5168D35564R4,35564,R4,-1431,72209,72209,2026-09-28T00:00:49,72209,78600,A,41.47872,1.9255537,50,False,,
2026-09-28T05:14:50Z,5168D15023R15,15023,R15,52,71502,71500,2026-09-28T00:03:56,71400,79400,60.0,41.129208,1.2999328,50,False,,
2026-09-28T05:14:50Z,5168D25795R1,25795,R1,-1,79403,79404,2026-09-28T00:02:38,79500,72305,E,41.445705,2.2490852,50,False,,1
2026-09-28T05:14:50Z,5168D28393R2S,28393,R2S,-2,71802,71801,2026-09-28T00:01:35,71700,79400,A,41.379513,2.1412146,50,False,,
2026-09-28T05:14:50Z,5168D77464R4,77464,R4,11,78604,78600,2026-09-28T00:05:15,78600,71600,41.0,41.686344,1.8386431,50,False,,
2026-09-28T05:14:50Z,5168D25470R2N,25470,R2N,3,79006,79007,2026-09-28T00:03:54,79104,72400,E,41.533474,2.2177799,50,True,1,
2026-09-28T05:14:50Z,5168D25567R2S,25567,R2S,2,71604,71603,2026-09-28T00:01:57,71600,79400,E,41.20413,1.6760199,50,False,,
2026-09-28T05:14:50Z,5168D28490R2,28490,R2,0,71705,71704,2026-09-28T00:02:22,71700,79104,20.0,41.278507,1.9790424,50,True,,
2026-09-28T05:14:50Z,6068D26577C3,26577,C3,4,13119,13120,2026-09-28T00:00:52,13200,13100,E,43.240112,-2.924082,60,False,,1
2026-09-28T05:14:50Z,6068D35689C3,35689,C3,2,13121,13102,2026-09-28T00:02:16,13200,13100,E,43.05786,-2.996093,60,True,1,1
2026-09-28T05:14:50Z,6068D26576C3,26576,C3,6,13115,13109,2026-09-28T00:01:18,13100,13200,E,43.176933,-2.909058,60,True,2,2
2026-09-28T05:14:50Z,6168D35654C1,35654,C1,4,11409,11408,2026-09-28T00:00:03,11400,11508,95.0,43.094822,-2.1242988,61,False,,2
2026-09-28T05:14:50Z,6268D71185C2,71185,C2,1,05605,05604,2026-09-28T00:02:19,14223,05637,41.0,43.44704,-3.8820617,62,False,,2
2026-09-28T05:14:50Z,2068D22237C2,22237,C2,49,16011,16010,2026-09-28T00:01:00,15211,16011,E,43.28714,-5.6448464,20,False,1,1
2026-09-28T05:14:50Z,2068D22372C3,22372,C3,3,16403,16401,2026-09-28T00:03:00,15211,16403,E,43.56141,-5.922727,20,False,1,2
2026-09-28T05:14:50Z,2068D22373C3,22373,C3,7,16403,16403,2026-09-27T23:59:00,16403,15211,A,43.56141,-5.922727,20,False,1,1
2026-09-28T05:14:50Z,2068D70237C4,70237,C4,-1432,15410,15410,2026-09-28T00:03:00,15410,16403,A,43.537647,-5.67596,20,False,12,12
2026-09-28T05:14:50Z,2068D22358C3,22358,C3,-1441,15218,15218,2026-09-29T00:00:00,15218,16405,A,43.3588,-5.8573804,20,False,2,2
2026-09-28T05:14:50Z,2068D22132C1,22132,C1,0,15217,15211,2026-09-28T00:03:00,15218,17000,S,43.38812,-5.8272715,20,False,2,2
2026-09-28T05:14:50Z,4168D84931C2,84931,C2,87,61200,06002,2026-09-28T00:34:00,06006,61200,E,37.97462,-1.1315287,41,False,1,2
2026-09-28T05:14:50Z,4168D24722C1,24722,C1,13,62109,60911,2026-09-28T00:10:00,60911,61200,A,38.34553,-0.49576503,41,False,1,1
2026-09-28T05:14:50Z,4168D24723C1,24723,C1,-1425,61200,61200,2026-09-28T00:14:00,61200,60911,E,37.974686,-1.131078,41,False,1,1
2026-09-28T05:14:50Z,1068D27506C4b,27506,C4b,6,37002,37011,2026-09-28T00:02:00,37012,17005,A,40.288372,-3.7373493,10,True,2,2
2026-09-28T05:14:50Z,1068D75037C8a,75037,C8a,6,97100,10100,2026-09-28T00:10:00,10203,17000,E,40.49547,-3.7261994,10,False,1,3
2026-09-28T05:14:50Z,1068D19945C1,19945,C1,0,98305,98304,2026-09-29T00:12:00,18000,98305,E,40.4924,-3.593483,10,False,2,1
2026-09-28T05:14:50Z,1068D27316C4a,27316,C4a,-1440,18000,18000,2026-09-29T00:06:00,18000,19003,E,40.40654,-3.6895106,10,True,7,7
2026-09-28T05:14:50Z,1068D75872C7,75872,C7,3,18002,18002,2026-09-27T23:59:00,18002,10000,E,40.44655,-3.691473,10,False,4,4
2026-09-28T05:14:50Z,1068D27818C5,27818,C5,0,35009,35001,2026-09-27T23:49:00,35012,35607,S,40.34086,-3.7482634,10,False,2,2
2026-09-28T05:14:50Z,1068D27817C5,27817,C5,-1440,35607,35607,2026-09-28T00:41:00,35607,35012,A,40.330883,-3.8823783,10,False,2,2
2026-09-28T05:14:50Z,1068D27995C5,27995,C5,18,35606,35607,2026-09-27T23:59:00,35607,35002,S,40.32875,-3.8636916,10,False,1,2
2026-09-28T05:14:50Z,1068D27512C4b,27512,C4b,-1424,18000,18000,2026-09-28T00:55:00,18000,17005,E,40.40654,-3.6895106,10,True,7,7
2026-09-28T05:14:50Z,1068D75530C2,75530,C2,-1437,70200,70200,2026-09-28T00:28:00,70200,17000,E,40.644257,-3.1823237,10,False,2,2
2026-09-28T05:14:50Z,1068D75035C8a,75035,C8a,19,10203,10203,2026-09-27T23:59:00,10203,17000,E,40.58532,-4.1321955,10,False,5,5
2026-09-28T05:14:50Z,1068D27815C5,27815,C5,0,18000,35609,2026-09-27T23:59:00,35607,35012,A,40.405067,-3.7026901,10,False,9,2
2026-09-28T05:14:50Z,1068D75877C7,75877,C7,4,10007,10010,2026-09-28T00:03:00,10000,70103,24.0,40.472656,-3.836884,10,True,1,1
2026-09-28T05:14:50Z,1068D27090C3,27090,C3,-1418,60200,60200,2026-09-28T00:00:00,60200,17000,E,40.035027,-3.6189713,10,True,4,4
2026-09-28T05:14:50Z,1068D75875C7,75875,C7,15,10000,10000,2026-09-27T23:59:00,10000,70103,E,40.42163,-3.7193205,10,False,7,7
2026-09-28T05:14:50Z,1068D19940C1,19940,C1,-1440,98305,98305,2026-09-29T00:05:00,98305,17000,E,40.4924,-3.593483,10,False,1,1
2026-09-28T05:14:50Z,1068D27094C3,27094,C3,-1432,60200,60200,2026-09-28T00:45:00,60200,17000,S,40.035027,-3.6189713,10,True,3,3
2026-09-28T05:14:50Z,1068D27508C4b,27508,C4b,3,18000,60100,2026-09-28T00:06:00,37012,17005,13.0,40.40084,-3.682559,10,True,7,1
2026-09-28T05:14:50Z,1068D75644C2,75644,C2,-1435,70200,70200,2026-09-28T00:58:00,70200,17000,A,40.644257,-3.1823237,10,True,2,2
2026-09-28T05:14:50Z,1068D27095C3,27095,C3,-1,60103,60102,2026-09-29T00:04:00,17000,60200,E,40.242844,-3.7038615,10,True,1,1
2026-09-28T05:14:50Z,1068D27092C3,27092,C3,-1425,60200,60200,2026-09-28T00:12:00,60200,17000,S,40.035027,-3.6189713,10,False,3,3
2026-09-28T05:14:50Z,1068D75268C10,75268,C10,5,10101,10103,2026-09-28T00:06:00,10200,17000,13.0,40.560028,-3.9011943,10,True,1,1
2026-09-28T05:14:50Z,1068D27822C5,27822,C5,0,35601,35600,2026-09-27T23:59:00,35012,35607,A,40.386257,-3.7610443,10,False,1,1
2026-09-28T05:14:50Z,1068D27093C3,27093,C3,-1435,17000,17000,2026-09-28T00:13:00,17000,60200,E,40.471382,-3.6834786,10,True,5,5
2026-09-28T05:14:50Z,1068D27643C8b,27643,C8b,-1437,12006,12006,2026-09-28T00:26:00,12006,17000,A,40.737614,-4.0662985,10,False,2,2
2026-09-28T05:14:50Z,1068D27820C5,27820,C5,0,37001,35009,2026-09-28T00:01:00,35012,35607,A,40.34086,-3.7482634,10,False,6,2
2026-09-28T05:14:50Z,1068D27317C4,27317,C4,-1441,17000,17000,2026-09-29T00:34:00,17000,37012,A,40.471325,-3.6833096,10,True,3,3
2026-09-28T05:14:50Z,1068D75172C10,75172,C10,1,18004,18003,2026-09-28T00:01:00,17000,10200,A,40.395943,-3.677964,10,True,1,1
2026-09-28T05:14:50Z,1068D27510C4b,27510,C4b,3,17001,17000,2026-09-28T00:05:00,18000,17005,S,40.501648,-3.6821797,10,True,2,2
2026-09-28T05:19:45Z,3068D23578C1,23578,C1,2,50602,50700,2026-09-28T00:06:54,51003,50600,E,37.58157,-5.6699624,30,False,2,2
2026-09-28T05:19:45Z,3068D23743C5,23743,C5,-1442,51003,51003,2026-09-28T00:38:59,51003,43005,A,37.392567,-5.9749837,30,False,9,9
2026-09-28T05:19:45Z,3068D23841C5,23841,C5,-1,43004,43005,2026-09-28T00:03:07,43005,51113,E,37.381527,-6.193782,30,False,,3
2026-09-28T05:19:45Z,3068D23581C1,23581,C1,0,51103,51111,2026-09-28T00:03:16,51003,51200,34.0,37.294693,-5.9445186,30,False,,1
2026-09-28T05:19:45Z,3268D23176C2,23176,C2,54,54408,54410,2026-09-28T00:03:00,54517,54405,39.0,36.723545,-4.5838585,32,False,,
2026-09-28T05:19:45Z,3268D23402C1,23402,C1,-1438,54517,54517,2026-09-28T00:38:19,54517,54516,A,36.715366,-4.4266005,32,False,1,1
2026-09-28T05:19:45Z,3268D23400C1,23400,C1,3,54503,54501,2026-09-28T00:02:10,54517,54516,26.0,36.695095,-4.4762516,32,False,2,2
2026-09-28T05:19:45Z,5168D25472R2N,25472,R2N,-2,71801,71802,2026-09-28T00:02:47,79100,72400,E,41.37954,2.1411655,50,True,,
2026-09-28T05:19:45Z,5168D77468R4,77468,R4,-1432,78700,78700,2026-09-28T00:27:51,78700,71600,A,41.56993,2.0143688,50,False,,
2026-09-28T05:19:45Z,5168D35564R4,35564,R4,-1431,72209,72209,2026-09-28T00:00:49,72209,78600,A,41.47872,1.9255537,50,False,,
2026-09-28T05:19:45Z,5168D15023R15,15023,R15,52,71502,71500,2026-09-28T00:03:56,71400,79400,60.0,41.129208,1.2999328,50,False,,
2026-09-28T05:19:45Z,5168D25795R1,25795,R1,-1,79403,79404,2026-09-28T00:02:38,79500,72305,E,41.445705,2.2490852,50,False,,1
2026-09-28T05:19:45Z,5168D28393R2S,28393,R2S,-2,71802,71801,2026-09-28T00:01:35,71700,79400,A,41.379513,2.1412146,50,False,,
2026-09-28T05:19:45Z,5168D77464R4,77464,R4,11,78604,78600,2026-09-28T00:05:15,78600,71600,41.0,41.686344,1.8386431,50,False,,
2026-09-28T05:19:45Z,5168D25470R2N,25470,R2N,3,79006,79007,2026-09-28T00:03:54,79104,72400,E,41.533474,2.2177799,50,True,1,
2026-09-28T05:19:45Z,5168D25567R2S,25567,R2S,2,71604,71603,2026-09-28T00:01:57,71600,79400,E,41.20413,1.6760199,50,False,,
2026-09-28T05:19:45Z,5168D28490R2,28490,R2,0,71705,71704,2026-09-28T00:02:22,71700,79104,20.0,41.278507,1.9790424,50,True,,
2026-09-28T05:19:45Z,6068D26577C3,26577,C3,4,13119,13120,2026-09-28T00:00:52,13200,13100,E,43.240112,-2.924082,60,False,,1
2026-09-28T05:19:45Z,6068D35689C3,35689,C3,2,13121,13102,2026-09-28T00:02:16,13200,13100,E,43.05786,-2.996093,60,True,1,1
2026-09-28T05:19:45Z,6068D26576C3,26576,C3,6,13115,13109,2026-09-28T00:01:18,13100,13200,E,43.176933,-2.909058,60,True,2,2
2026-09-28T05:19:45Z,6168D35654C1,35654,C1,4,11409,11408,2026-09-28T00:00:03,11400,11508,95.0,43.094822,-2.1242988,61,False,,2
2026-09-28T05:19:45Z,6268D71185C2,71185,C2,1,05605,05604,2026-09-28T00:02:19,14223,05637,41.0,43.44704,-3.8820617,62,False,,2
2026-09-28T05:19:45Z,2068D22237C2,22237,C2,49,16011,16010,2026-09-28T00:01:00,15211,16011,E,43.28714,-5.6448464,20,False,1,1
2026-09-28T05:19:45Z,2068D22372C3,22372,C3,3,16403,16401,2026-09-28T00:03:00,15211,16403,E,43.56141,-5.922727,20,False,1,2
2026-09-28T05:19:45Z,2068D22373C3,22373,C3,7,16403,16403,2026-09-27T23:59:00,16403,15211,A,43.56141,-5.922727,20,False,1,1
2026-09-28T05:19:45Z,2068D70237C4,70237,C4,-1432,15410,15410,2026-09-28T00:03:00,15410,16403,A,43.537647,-5.67596,20,False,12,12
2026-09-28T05:19:45Z,2068D22358C3,22358,C3,-1441,15218,15218,2026-09-29T00:00:00,15218,16405,A,43.3588,-5.8573804,20,False,2,2
2026-09-28T05:19:45Z,2068D22132C1,22132,C1,0,15217,15211,2026-09-28T00:03:00,15218,17000,S,43.38812,-5.8272715,20,False,2,2
2026-09-28T05:19:45Z,4168D84931C2,84931,C2,87,61200,06002,2026-09-28T00:34:00,06006,61200,E,37.97462,-1.1315287,41,False,1,2
2026-09-28T05:19:45Z,4168D24722C1,24722,C1,13,62109,60911,2026-09-28T00:10:00,60911,61200,A,38.34553,-0.49576503,41,False,1,1
2026-09-28T05:19:45Z,4168D24723C1,24723,C1,-1425,61200,61200,2026-09-28T00:14:00,61200,60911,E,37.974686,-1.131078,41,False,1,1
2026-09-28T05:19:45Z,1068D27506C4b,27506,C4b,6,37002,37011,2026-09-28T00:02:00,37012,17005,A,40.288372,-3.7373493,10,True,2,2
2026-09-28T05:19:45Z,1068D75037C8a,75037,C8a,6,97100,10100,2026-09-28T00:10:00,10203,17000,E,40.49547,-3.7261994,10,False,1,3
2026-09-28T05:19:45Z,1068D19945C1,19945,C1,0,98305,98304,2026-09-29T00:12:00,18000,98305,E,40.4924,-3.593483,10,False,2,1
2026-09-28T05:19:45Z,1068D27316C4a,27316,C4a,-1440,18000,18000,2026-09-29T00:06:00,18000,19003,E,40.40654,-3.6895106,10,True,7,7
2026-09-28T05:19:45Z,1068D75872C7,75872,C7,3,18002,18002,2026-09-27T23:59:00,18002,10000,E,40.44655,-3.691473,10,False,4,4
2026-09-28T05:19:45Z,1068D27818C5,27818,C5,0,35009,35001,2026-09-27T23:49:00,35012,35607,S,40.34086,-3.7482634,10,False,2,2
2026-09-28T05:19:45Z,1068D27817C5,27817,C5,-1440,35607,35607,2026-09-28T00:41:00,35607,35012,A,40.330883,-3.8823783,10,False,2,2
2026-09-28T05:19:45Z,1068D27995C5,27995,C5,18,35606,35607,2026-09-27T23:59:00,35607,35002,S,40.32875,-3.8636916,10,False,1,2
2026-09-28T05:19:45Z,1068D27512C4b,27512,C4b,-1424,18000,18000,2026-09-28T00:55:00,18000,17005,E,40.40654,-3.6895106,10,True,7,7
2026-09-28T05:19:45Z,1068D75530C2,75530,C2,-1437,70200,70200,2026-09-28T00:28:00,70200,17000,E,40.644257,-3.1823237,10,False,2,2
2026-09-28T05:19:45Z,1068D75035C8a,75035,C8a,19,10203,10203,2026-09-27T23:59:00,10203,17000,E,40.58532,-4.1321955,10,False,5,5
2026-09-28T05:19:45Z,1068D27815C5,27815,C5,0,18000,35609,2026-09-27T23:59:00,35607,35012,A,40.405067,-3.7026901,10,False,9,2
2026-09-28T05:19:45Z,1068D75877C7,75877,C7,4,10007,10010,2026-09-28T00:03:00,10000,70103,24.0,40.472656,-3.836884,10,True,1,1
2026-09-28T05:19:45Z,1068D27090C3,27090,C3,-1418,60200,60200,2026-09-28T00:00:00,60200,17000,E,40.035027,-3.6189713,10,True,4,4
2026-09-28T05:19:45Z,1068D75875C7,75875,C7,15,10000,10000,2026-09-27T23:59:00,10000,70103,E,40.42163,-3.7193205,10,False,7,7
2026-09-28T05:19:45Z,1068D19940C1,19940,C1,-1440,98305,98305,2026-09-29T00:05:00,98305,17000,E,40.4924,-3.593483,10,False,1,1
2026-09-28T05:19:45Z,1068D27094C3,27094,C3,-1432,60200,60200,2026-09-28T00:45:00,60200,17000,S,40.035027,-3.6189713,10,True,3,3
2026-09-28T05:19:45Z,1068D27508C4b,27508,C4b,3,18000,60100,2026-09-28T00:06:00,37012,17005,13.0,40.40084,-3.682559,10,True,7,1
2026-09-28T05:19:45Z,1068D75644C2,75644,C2,-1435,70200,70200,2026-09-28T00:58:00,70200,17000,A,40.644257,-3.1823237,10,True,2,2
2026-09-28T05:19:45Z,1068D27095C3,27095,C3,-1,60103,60102,2026-09-29T00:04:00,17000,60200,E,40.242844,-3.7038615,10,True,1,1
2026-09-28T05:19:45Z,1068D27092C3,27092,C3,-1425,60200,60200,2026-09-28T00:12:00,60200,17000,S,40.035027,-3.6189713,10,False,3,3
2026-09-28T05:19:45Z,1068D75268C10,75268,C10,5,10101,10103,2026-09-28T00:06:00,10200,17000,13.0,40.560028,-3.9011943,10,True,1,1
2026-09-28T05:19:45Z,1068D27822C5,27822,C5,0,35601,35600,2026-09-27T23:59:00,35012,35607,A,40.386257,-3.7610443,10,False,1,1
2026-09-28T05:19:45Z,1068D27093C3,27093,C3,-1435,17000,17000,2026-09-28T00:13:00,17000,60200,E,40.471382,-3.6834786,10,True,5,5
2026-09-28T05:19:45Z,1068D27643C8b,27643,C8b,-1437,12006,12006,2026-09-28T00:26:00,12006,17000,A,40.737614,-4.0662985,10,False,2,2
2026-09-28T05:19:45Z,1068D27820C5,27820,C5,0,37001,35009,2026-09-28T00:01:00,35012,35607,A,40.34086,-3.7482634,10,False,6,2
2026-09-28T05:19:45Z,1068D27317C4,27317,C4,-1441,17000,17000,2026-09-29T00:34:00,17000,37012,A,40.471325,-3.6833096,10,True,3,3
2026-09-28T05:19:45Z,1068D75172C10,75172,C10,1,18004,18003,2026-09-28T00:01:00,17000,10200,A,40.395943,-3.677964,10,True,1,1
2026-09-28T05:19:45Z,1068D27510C4b,27510,C4b,3,17001,17000,2026-09-28T00:05:00,18000,17005,S,40.501648,-3.6821797,10,True,2,2
2026-09-28T05:25:13Z,3068D23578C1,23578,C1,2,50602,50700,2026-09-28T00:06:54,51003,50600,E,37.58157,-5.6699624,30,False,2,2
2026-09-28T05:25:13Z,3068D23743C5,23743,C5,-1442,51003,51003,2026-09-28T00:38:59,51003,43005,A,37.392567,-5.9749837,30,False,9,9
2026-09-28T05:25:13Z,3068D23841C5,23841,C5,-1,43004,43005,2026-09-28T00:03:07,43005,51113,E,37.381527,-6.193782,30,False,,3
2026-09-28T05:25:13Z,3068D23581C1,23581,C1,0,51103,51111,2026-09-28T00:03:16,51003,51200,34.0,37.294693,-5.9445186,30,False,,1
2026-09-28T05:25:13Z,3268D23176C2,23176,C2,54,54408,54410,2026-09-28T00:03:00,54517,54405,39.0,36.723545,-4.5838585,32,False,,
2026-09-28T05:25:13Z,3268D23402C1,23402,C1,-1438,54517,54517,2026-09-28T00:38:19,54517,54516,A,36.715366,-4.4266005,32,False,1,1
2026-09-28T05:25:13Z,3268D23400C1,23400,C1,3,54503,54501,2026-09-28T00:02:10,54517,54516,26.0,36.695095,-4.4762516,32,False,2,2
2026-09-28T05:25:13Z,5168D25472R2N,25472,R2N,-2,71801,71802,2026-09-28T00:02:47,79100,72400,E,41.37954,2.1411655,50,True,,
2026-09-28T05:25:13Z,5168D77468R4,77468,R4,-1432,78700,78700,2026-09-28T00:27:51,78700,71600,A,41.56993,2.0143688,50,False,,
2026-09-28T05:25:13Z,5168D35564R4,35564,R4,-1431,72209,72209,2026-09-28T00:00:49,72209,78600,A,41.47872,1.9255537,50,False,,
2026-09-28T05:25:13Z,5168D15023R15,15023,R15,52,71502,71500,2026-09-28T00:03:56,71400,79400,60.0,41.129208,1.2999328,50,False,,
2026-09-28T05:25:13Z,5168D25795R1,25795,R1,-1,79403,79404,2026-09-28T00:02:38,79500,72305,E,41.445705,2.2490852,50,False,,1
2026-09-28T05:25:13Z,5168D28393R2S,28393,R2S,-2,71802,71801,2026-09-28T00:01:35,71700,79400,A,41.379513,2.1412146,50,False,,
2026-09-28T05:25:13Z,5168D77464R4,77464,R4,11,78604,78600,2026-09-28T00:05:15,78600,71600,41.0,41.686344,1.8386431,50,False,,
2026-09-28T05:25:13Z,5168D25470R2N,25470,R2N,3,79006,79007,2026-09-28T00:03:54,79104,72400,E,41.533474,2.2177799,50,True,1,
2026-09-28T05:25:13Z,5168D25567R2S,25567,R2S,2,71604,71603,2026-09-28T00:01:57,71600,79400,E,41.20413,1.6760199,50,False,,
2026-09-28T05:25:13Z,5168D28490R2,28490,R2,0,71705,71704,2026-09-28T00:02:22,71700,79104,20.0,41.278507,1.9790424,50,True,,
2026-09-28T05:25:13Z,6068D26577C3,26577,C3,4,13119,13120,2026-09-28T00:00:52,13200,13100,E,43.240112,-2.924082,60,False,,1
2026-09-28T05:25:13Z,6068D35689C3,35689,C3,2,13121,13102,2026-09-28T00:02:16,13200,13100,E,43.05786,-2.996093,60,True,1,1
2026-09-28T05:25:13Z,6068D26576C3,26576,C3,6,13115,13109,2026-09-28T00:01:18,13100,13200,E,43.176933,-2.909058,60,True,2,2
2026-09-28T05:25:13Z,6168D35654C1,35654,C1,4,11409,11408,2026-09-28T00:00:03,11400,11508,95.0,43.094822,-2.1242988,61,False,,2
2026-09-28T05:25:13Z,6268D71185C2,71185,C2,1,05605,05604,2026-09-28T00:02:19,14223,05637,41.0,43.44704,-3.8820617,62,False,,2
2026-09-28T05:25:13Z,2068D22237C2,22237,C2,49,16011,16010,2026-09-28T00:01:00,15211,16011,E,43.28714,-5.6448464,20,False,1,1
2026-09-28T05:25:13Z,2068D22372C3,22372,C3,3,16403,16401,2026-09-28T00:03:00,15211,16403,E,43.56141,-5.922727,20,False,1,2
2026-09-28T05:25:13Z,2068D22373C3,22373,C3,7,16403,16403,2026-09-27T23:59:00,16403,15211,A,43.56141,-5.922727,20,False,1,1
2026-09-28T05:25:13Z,2068D70237C4,70237,C4,-1432,15410,15410,2026-09-28T00:03:00,15410,16403,A,43.537647,-5.67596,20,False,12,12
2026-09-28T05:25:13Z,2068D22358C3,22358,C3,-1441,15218,15218,2026-09-29T00:00:00,15218,16405,A,43.3588,-5.8573804,20,False,2,2
2026-09-28T05:25:13Z,2068D22132C1,22132,C1,0,15217,15211,2026-09-28T00:03:00,15218,17000,S,43.38812,-5.8272715,20,False,2,2
2026-09-28T05:25:13Z,4168D84931C2,84931,C2,87,61200,06002,2026-09-28T00:34:00,06006,61200,E,37.97462,-1.1315287,41,False,1,2
2026-09-28T05:25:13Z,4168D24722C1,24722,C1,13,62109,60911,2026-09-28T00:10:00,60911,61200,A,38.34553,-0.49576503,41,False,1,1
2026-09-28T05:25:13Z,4168D24723C1,24723,C1,-1425,61200,61200,2026-09-28T00:14:00,61200,60911,E,37.974686,-1.131078,41,False,1,1
2026-09-28T05:25:13Z,1068D27506C4b,27506,C4b,6,37002,37011,2026-09-28T00:02:00,37012,17005,A,40.288372,-3.7373493,10,True,2,2
2026-09-28T05:25:13Z,1068D75037C8a,75037,C8a,6,97100,10100,2026-09-28T00:10:00,10203,17000,E,40.49547,-3.7261994,10,False,1,3
2026-09-28T05:25:13Z,1068D19945C1,19945,C1,0,98305,98304,2026-09-29T00:12:00,18000,98305,E,40.4924,-3.593483,10,False,2,1
2026-09-28T05:25:13Z,1068D27316C4a,27316,C4a,-1440,18000,18000,2026-09-29T00:06:00,18000,19003,E,40.40654,-3.6895106,10,True,7,7
2026-09-28T05:25:13Z,1068D75872C7,75872,C7,3,18002,18002,2026-09-27T23:59:00,18002,10000,E,40.44655,-3.691473,10,False,4,4
2026-09-28T05:25:13Z,1068D27818C5,27818,C5,0,35009,35001,2026-09-27T23:49:00,35012,35607,S,40.34086,-3.7482634,10,False,2,2
2026-09-28T05:25:13Z,1068D27817C5,27817,C5,-1440,35607,35607,2026-09-28T00:41:00,35607,35012,A,40.330883,-3.8823783,10,False,2,2
2026-09-28T05:25:13Z,1068D27995C5,27995,C5,18,35606,35607,2026-09-27T23:59:00,35607,35002,S,40.32875,-3.8636916,10,False,1,2
2026-09-28T05:25:13Z,1068D27512C4b,27512,C4b,-1424,18000,18000,2026-09-28T00:55:00,18000,17005,E,40.40654,-3.6895106,10,True,7,7
2026-09-28T05:25:13Z,1068D75530C2,75530,C2,-1437,70200,70200,2026-09-28T00:28:00,70200,17000,E,40.644257,-3.1823237,10,False,2,2
2026-09-28T05:25:13Z,1068D75035C8a,75035,C8a,19,10203,10203,2026-09-27T23:59:00,10203,17000,E,40.58532,-4.1321955,10,False,5,5
2026-09-28T05:25:13Z,1068D27815C5,27815,C5,0,18000,35609,2026-09-27T23:59:00,35607,35012,A,40.405067,-3.7026901,10,False,9,2
2026-09-28T05:25:13Z,1068D75877C7,75877,C7,4,10007,10010,2026-09-28T00:03:00,10000,70103,24.0,40.472656,-3.836884,10,True,1,1
2026-09-28T05:25:13Z,1068D27090C3,27090,C3,-1418,60200,60200,2026-09-28T00:00:00,60200,17000,E,40.035027,-3.6189713,10,True,4,4
2026-09-28T05:25:13Z,1068D75875C7,75875,C7,15,10000,10000,2026-09-27T23:59:00,10000,70103,E,40.42163,-3.7193205,10,False,7,7
2026-09-28T05:25:13Z,1068D19940C1,19940,C1,-1440,98305,98305,2026-09-29T00:05:00,98305,17000,E,40.4924,-3.593483,10,False,1,1
2026-09-28T05:25:13Z,1068D27094C3,27094,C3,-1432,60200,60200,2026-09-28T00:45:00,60200,17000,S,40.035027,-3.6189713,10,True,3,3
2026-09-28T05:25:13Z,1068D27508C4b,27508,C4b,3,18000,60100,2026-09-28T00:06:00,37012,17005,13.0,40.40084,-3.682559,10,True,7,1
2026-09-28T05:25:13Z,1068D75644C2,75644,C2,-1435,70200,70200,2026-09-28T00:58:00,70200,17000,A,40.644257,-3.1823237,10,True,2,2
2026-09-28T05:25:13Z,1068D27095C3,27095,C3,-1,60103,60102,2026-09-29T00:04:00,17000,60200,E,40.242844,-3.7038615,10,True,1,1
2026-09-28T05:25:13Z,1068D27092C3,27092,C3,-1425,60200,60200,2026-09-28T00:12:00,60200,17000,S,40.035027,-3.6189713,10,False,3,3
2026-09-28T05:25:13Z,1068D75268C10,75268,C10,5,10101,10103,2026-09-28T00:06:00,10200,17000,13.0,40.560028,-3.9011943,10,True,1,1
2026-09-28T05:25:13Z,1068D27822C5,27822,C5,0,35601,35600,2026-09-27T23:59:00,35012,35607,A,40.386257,-3.7610443,10,False,1,1
2026-09-28T05:25:13Z,1068D27093C3,27093,C3,-1435,17000,17000,2026-09-28T00:13:00,17000,60200,E,40.471382,-3.6834786,10,True,5,5
2026-09-28T05:25:13Z,1068D27643C8b,27643,C8b,-1437,12006,12006,2026-09-28T00:26:00,12006,17000,A,40.737614,-4.0662985,10,False,2,2
2026-09-28T05:25:13Z,1068D27820C5,27820,C5,0,37001,35009,2026-09-28T00:01:00,35012,35607,A,40.34086,-3.7482634,10,False,6,2
2026-09-28T05:25:13Z,1068D27317C4,27317,C4,-1441,17000,17000,2026-09-29T00:34:00,17000,37012,A,40.471325,-3.6833096,10,True,3,3
2026-09-28T05:25:13Z,1068D75172C10,75172,C10,1,18004,18003,2026-09-28T00:01:00,17000,10200,A,40.395943,-3.677964,10,True,1,1
2026-09-28T05:25:13Z,1068D27510C4b,27510,C4b,3,17001,17000,2026-09-28T00:05:00,18000,17005,S,40.501648,-3.6821797,10,True,2,2
2026-09-28T05:29:31Z,3068D23578C1,23578,C1,2,50602,50700,2026-09-28T00:06:54,51003,50600,E,37.58157,-5.6699624,30,False,2,2
2026-09-28T05:29:31Z,3068D23743C5,23743,C5,-1442,51003,51003,2026-09-28T00:38:59,51003,43005,A,37.392567,-5.9749837,30,False,9,9
2026-09-28T05:29:31Z,3068D23841C5,23841,C5,-1,43004,43005,2026-09-28T00:03:07,43005,51113,E,37.381527,-6.193782,30,False,,3
2026-09-28T05:29:31Z,3068D23581C1,23581,C1,0,51103,51111,2026-09-28T00:03:16,51003,51200,34.0,37.294693,-5.9445186,30,False,,1
2026-09-28T05:29:31Z,3268D23176C2,23176,C2,54,54408,54410,2026-09-28T00:03:00,54517,54405,39.0,36.723545,-4.5838585,32,False,,
2026-09-28T05:29:31Z,3268D23402C1,23402,C1,-1438,54517,54517,2026-09-28T00:38:19,54517,54516,A,36.715366,-4.4266005,32,False,1,1
2026-09-28T05:29:31Z,3268D23400C1,23400,C1,3,54503,54501,2026-09-28T00:02:10,54517,54516,26.0,36.695095,-4.4762516,32,False,2,2
2026-09-28T05:29:31Z,5168D25472R2N,25472,R2N,-2,71801,71802,2026-09-28T00:02:47,79100,72400,E,41.37954,2.1411655,50,True,,
2026-09-28T05:29:31Z,5168D77468R4,77468,R4,-1432,78700,78700,2026-09-28T00:27:51,78700,71600,A,41.56993,2.0143688,50,False,,
2026-09-28T05:29:31Z,5168D35564R4,35564,R4,-1431,72209,72209,2026-09-28T00:00:49,72209,78600,A,41.47872,1.9255537,50,False,,
2026-09-28T05:29:31Z,5168D15023R15,15023,R15,52,71502,71500,2026-09-28T00:03:56,71400,79400,60.0,41.129208,1.2999328,50,False,,
2026-09-28T05:29:31Z,5168D25795R1,25795,R1,-1,79403,79404,2026-09-28T00:02:38,79500,72305,E,41.445705,2.2490852,50,False,,1
2026-09-28T05:29:31Z,5168D28393R2S,28393,R2S,-2,71802,71801,2026-09-28T00:01:35,71700,79400,A,41.379513,2.1412146,50,False,,
2026-09-28T05:29:31Z,5168D77464R4,77464,R4,11,78604,78600,2026-09-28T00:05:15,78600,71600,41.0,41.686344,1.8386431,50,False,,
2026-09-28T05:29:31Z,5168D25470R2N,25470,R2N,3,79006,79007,2026-09-28T00:03:54,79104,72400,E,41.533474,2.2177799,50,True,1,
2026-09-28T05:29:31Z,5168D25567R2S,25567,R2S,2,71604,71603,2026-09-28T00:01:57,71600,79400,E,41.20413,1.6760199,50,False,,
2026-09-28T05:29:31Z,5168D28490R2,28490,R2,0,71705,71704,2026-09-28T00:02:22,71700,79104,20.0,41.278507,1.9790424,50,True,,
2026-09-28T05:29:31Z,6068D26577C3,26577,C3,4,13119,13120,2026-09-28T00:00:52,13200,13100,E,43.240112,-2.924082,60,False,,1
2026-09-28T05:29:31Z,6068D35689C3,35689,C3,2,13121,13102,2026-09-28T00:02:16,13200,13100,E,43.05786,-2.996093,60,True,1,1
2026-09-28T05:29:31Z,6068D26576C3,26576,C3,6,13115,13109,2026-09-28T00:01:18,13100,13200,E,43.176933,-2.909058,60,True,2,2
2026-09-28T05:29:31Z,6168D35654C1,35654,C1,4,11409,11408,2026-09-28T00:00:03,11400,11508,95.0,43.094822,-2.1242988,61,False,,2
2026-09-28T05:29:31Z,6268D71185C2,71185,C2,1,05605,05604,2026-09-28T00:02:19,14223,05637,41.0,43.44704,-3.8820617,62,False,,2
2026-09-28T05:29:31Z,2068D22237C2,22237,C2,49,16011,16010,2026-09-28T00:01:00,15211,16011,E,43.28714,-5.6448464,20,False,1,1
2026-09-28T05:29:31Z,2068D22372C3,22372,C3,3,16403,16401,2026-09-28T00:03:00,15211,16403,E,43.56141,-5.922727,20,False,1,2
2026-09-28T05:29:31Z,2068D22373C3,22373,C3,7,16403,16403,2026-09-27T23:59:00,16403,15211,A,43.56141,-5.922727,20,False,1,1
2026-09-28T05:29:31Z,2068D70237C4,70237,C4,-1432,15410,15410,2026-09-28T00:03:00,15410,16403,A,43.537647,-5.67596,20,False,12,12
2026-09-28T05:29:31Z,2068D22358C3,22358,C3,-1441,15218,15218,2026-09-29T00:00:00,15218,16405,A,43.3588,-5.8573804,20,False,2,2
2026-09-28T05:29:31Z,2068D22132C1,22132,C1,0,15217,15211,2026-09-28T00:03:00,15218,17000,S,43.38812,-5.8272715,20,False,2,2
2026-09-28T05:29:31Z,4168D84931C2,84931,C2,87,61200,06002,2026-09-28T00:34:00,06006,61200,E,37.97462,-1.1315287,41,False,1,2
2026-09-28T05:29:31Z,4168D24722C1,24722,C1,13,62109,60911,2026-09-28T00:10:00,60911,61200,A,38.34553,-0.49576503,41,False,1,1
2026-09-28T05:29:31Z,4168D24723C1,24723,C1,-1425,61200,61200,2026-09-28T00:14:00,61200,60911,E,37.974686,-1.131078,41,False,1,1
2026-09-28T05:29:31Z,1068D27506C4b,27506,C4b,6,37002,37011,2026-09-28T00:02:00,37012,17005,A,40.288372,-3.7373493,10,True,2,2
2026-09-28T05:29:31Z,1068D75037C8a,75037,C8a,6,97100,10100,2026-09-28T00:10:00,10203,17000,E,40.49547,-3.7261994,10,False,1,3
2026-09-28T05:29:31Z,1068D19945C1,19945,C1,0,98305,98304,2026-09-29T00:12:00,18000,98305,E,40.4924,-3.593483,10,False,2,1
2026-09-28T05:29:31Z,1068D27316C4a,27316,C4a,-1440,18000,18000,2026-09-29T00:06:00,18000,19003,E,40.40654,-3.6895106,10,True,7,7
2026-09-28T05:29:31Z,1068D75872C7,75872,C7,3,18002,18002,2026-09-27T23:59:00,18002,10000,E,40.44655,-3.691473,10,False,4,4
2026-09-28T05:29:31Z,1068D27818C5,27818,C5,0,35009,35001,2026-09-27T23:49:00,35012,35607,S,40.34086,-3.7482634,10,False,2,2
2026-09-28T05:29:31Z,1068D27817C5,27817,C5,-1440,35607,35607,2026-09-28T00:41:00,35607,35012,A,40.330883,-3.8823783,10,False,2,2
2026-09-28T05:29:31Z,1068D27995C5,27995,C5,18,35606,35607,2026-09-27T23:59:00,35607,35002,S,40.32875,-3.8636916,10,False,1,2
2026-09-28T05:29:31Z,1068D27512C4b,27512,C4b,-1424,18000,18000,2026-09-28T00:55:00,18000,17005,E,40.40654,-3.6895106,10,True,7,7
2026-09-28T05:29:31Z,1068D75530C2,75530,C2,-1437,70200,70200,2026-09-28T00:28:00,70200,17000,E,40.644257,-3.1823237,10,False,2,2
2026-09-28T05:29:31Z,1068D75035C8a,75035,C8a,19,10203,10203,2026-09-27T23:59:00,10203,17000,E,40.58532,-4.1321955,10,False,5,5
2026-09-28T05:29:31Z,1068D27815C5,27815,C5,0,18000,35609,2026-09-27T23:59:00,35607,35012,A,40.405067,-3.7026901,10,False,9,2
2026-09-28T05:29:31Z,1068D75877C7,75877,C7,4,10007,10010,2026-09-28T00:03:00,10000,70103,24.0,40.472656,-3.836884,10,True,1,1
2026-09-28T05:29:31Z,1068D27090C3,27090,C3,-1418,60200,60200,2026-09-28T00:00:00,60200,17000,E,40.035027,-3.6189713,10,True,4,4
2026-09-28T05:29:31Z,1068D75875C7,75875,C7,15,10000,10000,2026-09-27T23:59:00,10000,70103,E,40.42163,-3.7193205,10,False,7,7
2026-09-28T05:29:31Z,1068D19940C1,19940,C1,-1440,98305,98305,2026-09-29T00:05:00,98305,17000,E,40.4924,-3.593483,10,False,1,1
2026-09-28T05:29:31Z,1068D27094C3,27094,C3,-1432,60200,60200,2026-09-28T00:45:00,60200,17000,S,40.035027,-3.6189713,10,True,3,3
2026-09-28T05:29:31Z,1068D27508C4b,27508,C4b,3,18000,60100,2026-09-28T00:06:00,37012,17005,13.0,40.40084,-3.682559,10,True,7,1
2026-09-28T05:29:31Z,1068D75644C2,75644,C2,-1435,70200,70200,2026-09-28T00:58:00,70200,17000,A,40.644257,-3.1823237,10,True,2,2
2026-09-28T05:29:31Z,1068D27095C3,27095,C3,-1,60103,60102,2026-09-29T00:04:00,17000,60200,E,40.242844,-3.7038615,10,True,1,1
2026-09-28T05:29:31Z,1068D27092C3,27092,C3,-1425,60200,60200,2026-09-28T00:12:00,60200,17000,S,40.035027,-3.6189713,10,False,3,3
2026-09-28T05:29:31Z,1068D75268C10,75268,C10,5,10101,10103,2026-09-28T00:06:00,10200,17000,13.0,40.560028,-3.9011943,10,True,1,1
2026-09-28T05:29:31Z,1068D27822C5,27822,C5,0,35601,35600,2026-09-27T23:59:00,35012,35607,A,40.386257,-3.7610443,10,False,1,1
2026-09-28T05:29:31Z,1068D27093C3,27093,C3,-1435,17000,17000,2026-09-28T00:13:00,17000,60200,E,40.471382,-3.6834786,10,True,5,5
2026-09-28T05:29:31Z,1068D27643C8b,27643,C8b,-1437,12006,12006,2026-09-28T00:26:00,12006,17000,A,40.737614,-4.0662985,10,False,2,2
2026-09-28T05:29:31Z,1068D27820C5,27820,C5,0,37001,35009,2026-09-28T00:01:00,35012,35607,A,40.34086,-3.7482634,10,False,6,2
2026-09-28T05:29:31Z,1068D27317C4,27317,C4,-1441,17000,17000,2026-09-29T00:34:00,17000,37012,A,40.471325,-3.6833096,10,True,3,3
2026-09-28T05:29:31Z,1068D75172C10,75172,C10,1,18004,18003,2026-09-28T00:01:00,17000,10200,A,40.395943,-3.677964,10,True,1,1
2026-09-28T05:29:31Z,1068D27510C4b,27510,C4b,3,17001,17000,2026-09-28T00:05:00,18000,17005,S,40.501648,-3.6821797,10,True,2,2
2026-09-28T05:36:11Z,3068D23578C1,23578,C1,2,50602,50700,2026-09-28T00:06:54,51003,50600,E,37.58157,-5.6699624,30,False,2,2
2026-09-28T05:36:11Z,3068D23743C5,23743,C5,-1442,51003,51003,2026-09-28T00:38:59,51003,43005,A,37.392567,-5.9749837,30,False,9,9
2026-09-28T05:36:11Z,3068D23841C5,23841,C5,-1,43004,43005,2026-09-28T00:03:07,43005,51113,E,37.381527,-6.193782,30,False,,3
2026-09-28T05:36:11Z,3068D23581C1,23581,C1,0,51103,51111,2026-09-28T00:03:16,51003,51200,34.0,37.294693,-5.9445186,30,False,,1
2026-09-28T05:36:11Z,3268D23176C2,23176,C2,54,54408,54410,2026-09-28T00:03:00,54517,54405,39.0,36.723545,-4.5838585,32,False,,
2026-09-28T05:36:11Z,3268D23402C1,23402,C1,-1438,54517,54517,2026-09-28T00:38:19,54517,54516,A,36.715366,-4.4266005,32,False,1,1
2026-09-28T05:36:11Z,3268D23400C1,23400,C1,3,54503,54501,2026-09-28T00:02:10,54517,54516,26.0,36.695095,-4.4762516,32,False,2,2
2026-09-28T05:36:11Z,5168D25472R2N,25472,R2N,-2,71801,71802,2026-09-28T00:02:47,79100,72400,E,41.37954,2.1411655,50,True,,
2026-09-28T05:36:11Z,5168D77468R4,77468,R4,-1432,78700,78700,2026-09-28T00:27:51,78700,71600,A,41.56993,2.0143688,50,False,,
2026-09-28T05:36:11Z,5168D35564R4,35564,R4,-1431,72209,72209,2026-09-28T00:00:49,72209,78600,A,41.47872,1.9255537,50,False,,
2026-09-28T05:36:11Z,5168D15023R15,15023,R15,52,71502,71500,2026-09-28T00:03:56,71400,79400,60.0,41.129208,1.2999328,50,False,,
2026-09-28T05:36:11Z,5168D25795R1,25795,R1,-1,79403,79404,2026-09-28T00:02:38,79500,72305,E,41.445705,2.2490852,50,False,,1
2026-09-28T05:36:11Z,5168D28393R2S,28393,R2S,-2,71802,71801,2026-09-28T00:01:35,71700,79400,A,41.379513,2.1412146,50,False,,
2026-09-28T05:36:11Z,5168D77464R4,77464,R4,11,78604,78600,2026-09-28T00:05:15,78600,71600,41.0,41.686344,1.8386431,50,False,,
2026-09-28T05:36:11Z,5168D25470R2N,25470,R2N,3,79006,79007,2026-09-28T00:03:54,79104,72400,E,41.533474,2.2177799,50,True,1,
2026-09-28T05:36:11Z,5168D25567R2S,25567,R2S,2,71604,71603,2026-09-28T00:01:57,71600,79400,E,41.20413,1.6760199,50,False,,
2026-09-28T05:36:11Z,5168D28490R2,28490,R2,0,71705,71704,2026-09-28T00:02:22,71700,79104,20.0,41.278507,1.9790424,50,True,,
2026-09-28T05:36:11Z,6068D26577C3,26577,C3,4,13119,13120,2026-09-28T00:00:52,13200,13100,E,43.240112,-2.924082,60,False,,1
2026-09-28T05:36:11Z,6068D35689C3,35689,C3,2,13121,13102,2026-09-28T00:02:16,13200,13100,E,43.05786,-2.996093,60,True,1,1
2026-09-28T05:36:11Z,6068D26576C3,26576,C3,6,13115,13109,2026-09-28T00:01:18,13100,13200,E,43.176933,-2.909058,60,True,2,2
2026-09-28T05:36:11Z,6168D35654C1,35654,C1,4,11409,11408,2026-09-28T00:00:03,11400,11508,95.0,43.094822,-2.1242988,61,False,,2
2026-09-28T05:36:11Z,6268D71185C2,71185,C2,1,05605,05604,2026-09-28T00:02:19,14223,05637,41.0,43.44704,-3.8820617,62,False,,2
2026-09-28T05:36:11Z,2068D22237C2,22237,C2,49,16011,16010,2026-09-28T00:01:00,15211,16011,E,43.28714,-5.6448464,20,False,1,1
2026-09-28T05:36:11Z,2068D22372C3,22372,C3,3,16403,16401,2026-09-28T00:03:00,15211,16403,E,43.56141,-5.922727,20,False,1,2
2026-09-28T05:36:11Z,2068D22373C3,22373,C3,7,16403,16403,2026-09-27T23:59:00,16403,15211,A,43.56141,-5.922727,20,False,1,1
2026-09-28T05:36:11Z,2068D70237C4,70237,C4,-1432,15410,15410,2026-09-28T00:03:00,15410,16403,A,43.537647,-5.67596,20,False,12,12
2026-09-28T05:36:11Z,2068D22358C3,22358,C3,-1441,15218,15218,2026-09-29T00:00:00,15218,16405,A,43.3588,-5.8573804,20,False,2,2
2026-09-28T05:36:11Z,2068D22132C1,22132,C1,0,15217,15211,2026-09-28T00:03:00,15218,17000,S,43.38812,-5.8272715,20,False,2,2
2026-09-28T05:36:11Z,4168D84931C2,84931,C2,87,61200,06002,2026-09-28T00:34:00,06006,61200,E,37.97462,-1.1315287,41,False,1,2
2026-09-28T05:36:11Z,4168D24722C1,24722,C1,13,62109,60911,2026-09-28T00:10:00,60911,61200,A,38.34553,-0.49576503,41,False,1,1
2026-09-28T05:36:11Z,4168D24723C1,24723,C1,-1425,61200,61200,2026-09-28T00:14:00,61200,60911,E,37.974686,-1.131078,41,False,1,1
2026-09-28T05:36:11Z,1068D27506C4b,27506,C4b,6,37002,37011,2026-09-28T00:02:00,37012,17005,A,40.288372,-3.7373493,10,True,2,2
2026-09-28T05:36:11Z,1068D75037C8a,75037,C8a,6,97100,10100,2026-09-28T00:10:00,10203,17000,E,40.49547,-3.7261994,10,False,1,3
2026-09-28T05:36:11Z,1068D19945C1,19945,C1,0,98305,98304,2026-09-29T00:12:00,18000,98305,E,40.4924,-3.593483,10,False,2,1
2026-09-28T05:36:11Z,1068D27316C4a,27316,C4a,-1440,18000,18000,2026-09-29T00:06:00,18000,19003,E,40.40654,-3.6895106,10,True,7,7
2026-09-28T05:36:11Z,1068D75872C7,75872,C7,3,18002,18002,2026-09-27T23:59:00,18002,10000,E,40.44655,-3.691473,10,False,4,4
2026-09-28T05:36:11Z,1068D27818C5,27818,C5,0,35009,35001,2026-09-27T23:49:00,35012,35607,S,40.34086,-3.7482634,10,False,2,2
2026-09-28T05:36:11Z,1068D27817C5,27817,C5,-1440,35607,35607,2026-09-28T00:41:00,35607,35012,A,40.330883,-3.8823783,10,False,2,2
2026-09-28T05:36:11Z,1068D27995C5,27995,C5,18,35606,35607,2026-09-27T23:59:00,35607,35002,S,40.32875,-3.8636916,10,False,1,2
2026-09-28T05:36:11Z,1068D27512C4b,27512,C4b,-1424,18000,18000,2026-09-28T00:55:00,18000,17005,E,40.40654,-3.6895106,10,True,7,7
2026-09-28T05:36:11Z,1068D75530C2,75530,C2,-1437,70200,70200,2026-09-28T00:28:00,70200,17000,E,40.644257,-3.1823237,10,False,2,2
2026-09-28T05:36:11Z,1068D75035C8a,75035,C8a,19,10203,10203,2026-09-27T23:59:00,10203,17000,E,40.58532,-4.1321955,10,False,5,5
2026-09-28T05:36:11Z,1068D27815C5,27815,C5,0,18000,35609,2026-09-27T23:59:00,35607,35012,A,40.405067,-3.7026901,10,False,9,2
2026-09-28T05:36:11Z,1068D75877C7,75877,C7,4,10007,10010,2026-09-28T00:03:00,10000,70103,24.0,40.472656,-3.836884,10,True,1,1
2026-09-28T05:36:11Z,1068D27090C3,27090,C3,-1418,60200,60200,2026-09-28T00:00:00,60200,17000,E,40.035027,-3.6189713,10,True,4,4
2026-09-28T05:36:11Z,1068D75875C7,75875,C7,15,10000,10000,2026-09-27T23:59:00,10000,70103,E,40.42163,-3.7193205,10,False,7,7
2026-09-28T05:36:11Z,1068D19940C1,19940,C1,-1440,98305,98305,2026-09-29T00:05:00,98305,17000,E,40.4924,-3.593483,10,False,1,1
2026-09-28T05:36:11Z,1068D27094C3,27094,C3,-1432,60200,60200,2026-09-28T00:45:00,60200,17000,S,40.035027,-3.6189713,10,True,3,3
2026-09-28T05:36:11Z,1068D27508C4b,27508,C4b,3,18000,60100,2026-09-28T00:06:00,37012,17005,13.0,40.40084,-3.682559,10,True,7,1
2026-09-28T05:36:11Z,1068D75644C2,75644,C2,-1435,70200,70200,2026-09-28T00:58:00,70200,17000,A,40.644257,-3.1823237,10,True,2,2
2026-09-28T05:36:11Z,1068D27095C3,27095,C3,-1,60103,60102,2026-09-29T00:04:00,17000,60200,E,40.242844,-3.7038615,10,True,1,1
2026-09-28T05:36:11Z,1068D27092C3,27092,C3,-1425,60200,60200,2026-09-28T00:12:00,60200,17000,S,40.035027,-3.6189713,10,False,3,3
2026-09-28T05:36:11Z,1068D75268C10,75268,C10,5,10101,10103,2026-09-28T00:06:00,10200,17000,13.0,40.560028,-3.9011943,10,True,1,1
2026-09-28T05:36:11Z,1068D27822C5,27822,C5,0,35601,35600,2026-09-27T23:59:00,35012,35607,A,40.386257,-3.7610443,10,False,1,1
2026-09-28T05:36:11Z,1068D27093C3,27093,C3,-1435,17000,17000,2026-09-28T00:13:00,17000,60200,E,40.471382,-3.6834786,10,True,5,5
2026-09-28T05:36:11Z,1068D27643C8b,27643,C8b,-1437,12006,12006,2026-09-28T00:26:00,12006,17000,A,40.737614,-4.0662985,10,False,2,2
2026-09-28T05:36:11Z,1068D27820C5,27820,C5,0,37001,35009,2026-09-28T00:01:00,35012,35607,A,40.34086,-3.7482634,10,False,6,2
2026-09-28T05:36:11Z,1068D27317C4,27317,C4,-1441,17000,17000,2026-09-29T00:34:00,17000,37012,A,40.471325,-3.6833096,10,True,3,3
2026-09-28T05:36:11Z,1068D75172C10,75172,C10,1,18004,18003,2026-09-28T00:01:00,17000,10200,A,40.395943,-3.677964,10,True,1,1
2026-09-28T05:36:11Z,1068D27510C4b,27510,C4b,3,17001,17000,2026-09-28T00:05:00,18000,17005,S,40.501648,-3.6821797,10,True,2,2
2026-09-28T05:44:39Z,3068D23578C1,23578,C1,2,50602,50700,2026-09-28T00:06:54,51003,50600,E,37.58157,-5.6699624,30,False,2,2
2026-09-28T05:44:39Z,3068D23743C5,23743,C5,-1442,51003,51003,2026-09-28T00:38:59,51003,43005,A,37.392567,-5.9749837,30,False,9,9
2026-09-28T05:44:39Z,3068D23841C5,23841,C5,-1,43004,43005,2026-09-28T00:03:07,43005,51113,E,37.381527,-6.193782,30,False,,3
2026-09-28T05:44:39Z,3068D23581C1,23581,C1,0,51103,51111,2026-09-28T00:03:16,51003,51200,34.0,37.294693,-5.9445186,30,False,,1
2026-09-28T05:44:39Z,3268D23176C2,23176,C2,54,54408,54410,2026-09-28T00:03:00,54517,54405,39.0,36.723545,-4.5838585,32,False,,
2026-09-28T05:44:39Z,3268D23402C1,23402,C1,-1438,54517,54517,2026-09-28T00:38:19,54517,54516,A,36.715366,-4.4266005,32,False,1,1
2026-09-28T05:44:39Z,3268D23400C1,23400,C1,3,54503,54501,2026-09-28T00:02:10,54517,54516,26.0,36.695095,-4.4762516,32,False,2,2
2026-09-28T05:44:39Z,5168D25472R2N,25472,R2N,-2,71801,71802,2026-09-28T00:02:47,79100,72400,E,41.37954,2.1411655,50,True,,
2026-09-28T05:44:39Z,5168D77468R4,77468,R4,-1432,78700,78700,2026-09-28T00:27:51,78700,71600,A,41.56993,2.0143688,50,False,,
2026-09-28T05:44:39Z,5168D35564R4,35564,R4,-1431,72209,72209,2026-09-28T00:00:49,72209,78600,A,41.47872,1.9255537,50,False,,
2026-09-28T05:44:39Z,5168D15023R15,15023,R15,52,71502,71500,2026-09-28T00:03:56,71400,79400,60.0,41.129208,1.2999328,50,False,,
2026-09-28T05:44:39Z,5168D25795R1,25795,R1,-1,79403,79404,2026-09-28T00:02:38,79500,72305,E,41.445705,2.2490852,50,False,,1
2026-09-28T05:44:39Z,5168D28393R2S,28393,R2S,-2,71802,71801,2026-09-28T00:01:35,71700,79400,A,41.379513,2.1412146,50,False,,
2026-09-28T05:44:39Z,5168D77464R4,77464,R4,11,78604,78600,2026-09-28T00:05:15,78600,71600,41.0,41.686344,1.8386431,50,False,,
2026-09-28T05:44:39Z,5168D25470R2N,25470,R2N,3,79006,79007,2026-09-28T00:03:54,79104,72400,E,41.533474,2.2177799,50,True,1,
2026-09-28T05:44:39Z,5168D25567R2S,25567,R2S,2,71604,71603,2026-09-28T00:01:57,71600,79400,E,41.20413,1.6760199,50,False,,
2026-09-28T05:44:39Z,5168D28490R2,28490,R2,0,71705,71704,2026-09-28T00:02:22,71700,79104,20.0,41.278507,1.9790424,50,True,,
2026-09-28T05:44:39Z,6068D26577C3,26577,C3,4,13119,13120,2026-09-28T00:00:52,13200,13100,E,43.240112,-2.924082,60,False,,1
2026-09-28T05:44:39Z,6068D35689C3,35689,C3,2,13121,13102,2026-09-28T00:02:16,13200,13100,E,43.05786,-2.996093,60,True,1,1
2026-09-28T05:44:39Z,6068D26576C3,26576,C3,6,13115,13109,2026-09-28T00:01:18,13100,13200,E,43.176933,-2.909058,60,True,2,2
2026-09-28T05:44:39Z,6168D35654C1,35654,C1,4,11409,11408,2026-09-28T00:00:03,11400,11508,95.0,43.094822,-2.1242988,61,False,,2
2026-09-28T05:44:39Z,6268D71185C2,71185,C2,1,05605,05604,2026-09-28T00:02:19,14223,05637,41.0,43.44704,-3.8820617,62,False,,2
2026-09-28T05:44:39Z,2068D22237C2,22237,C2,49,16011,16010,2026-09-28T00:01:00,15211,16011,E,43.28714,-5.6448464,20,False,1,1
2026-09-28T05:44:39Z,2068D22372C3,22372,C3,3,16403,16401,2026-09-28T00:03:00,15211,16403,E,43.56141,-5.922727,20,False,1,2
2026-09-28T05:44:39Z,2068D22373C3,22373,C3,7,16403,16403,2026-09-27T23:59:00,16403,15211,A,43.56141,-5.922727,20,False,1,1
2026-09-28T05:44:39Z,2068D70237C4,70237,C4,-1432,15410,15410,2026-09-28T00:03:00,15410,16403,A,43.537647,-5.67596,20,False,12,12
2026-09-28T05:44:39Z,2068D22358C3,22358,C3,-1441,15218,15218,2026-09-29T00:00:00,15218,16405,A,43.3588,-5.8573804,20,False,2,2
2026-09-28T05:44:39Z,2068D22132C1,22132,C1,0,15217,15211,2026-09-28T00:03:00,15218,17000,S,43.38812,-5.8272715,20,False,2,2
2026-09-28T05:44:39Z,4168D84931C2,84931,C2,87,61200,06002,2026-09-28T00:34:00,06006,61200,E,37.97462,-1.1315287,41,False,1,2
2026-09-28T05:44:39Z,4168D24722C1,24722,C1,13,62109,60911,2026-09-28T00:10:00,60911,61200,A,38.34553,-0.49576503,41,False,1,1
2026-09-28T05:44:39Z,4168D24723C1,24723,C1,-1425,61200,61200,2026-09-28T00:14:00,61200,60911,E,37.974686,-1.131078,41,False,1,1
2026-09-28T05:44:39Z,1068D27506C4b,27506,C4b,6,37002,37011,2026-09-28T00:02:00,37012,17005,A,40.288372,-3.7373493,10,True,2,2
2026-09-28T05:44:39Z,1068D75037C8a,75037,C8a,6,97100,10100,2026-09-28T00:10:00,10203,17000,E,40.49547,-3.7261994,10,False,1,3
2026-09-28T05:44:39Z,1068D19945C1,19945,C1,0,98305,98304,2026-09-29T00:12:00,18000,98305,E,40.4924,-3.593483,10,False,2,1
2026-09-28T05:44:39Z,1068D27316C4a,27316,C4a,-1440,18000,18000,2026-09-29T00:06:00,18000,19003,E,40.40654,-3.6895106,10,True,7,7
2026-09-28T05:44:39Z,1068D75872C7,75872,C7,3,18002,18002,2026-09-27T23:59:00,18002,10000,E,40.44655,-3.691473,10,False,4,4
2026-09-28T05:44:39Z,1068D27818C5,27818,C5,0,35009,35001,2026-09-27T23:49:00,35012,35607,S,40.34086,-3.7482634,10,False,2,2
2026-09-28T05:44:39Z,1068D27817C5,27817,C5,-1440,35607,35607,2026-09-28T00:41:00,35607,35012,A,40.330883,-3.8823783,10,False,2,2
2026-09-28T05:44:39Z,1068D27995C5,27995,C5,18,35606,35607,2026-09-27T23:59:00,35607,35002,S,40.32875,-3.8636916,10,False,1,2
2026-09-28T05:44:39Z,1068D27512C4b,27512,C4b,-1424,18000,18000,2026-09-28T00:55:00,18000,17005,E,40.40654,-3.6895106,10,True,7,7
2026-09-28T05:44:39Z,1068D75530C2,75530,C2,-1437,70200,70200,2026-09-28T00:28:00,70200,17000,E,40.644257,-3.1823237,10,False,2,2
2026-09-28T05:44:39Z,1068D75035C8a,75035,C8a,19,10203,10203,2026-09-27T23:59:00,10203,17000,E,40.58532,-4.1321955,10,False,5,5
2026-09-28T05:44:39Z,1068D27815C5,27815,C5,0,18000,35609,2026-09-27T23:59:00,35607,35012,A,40.405067,-3.7026901,10,False,9,2
2026-09-28T05:44:39Z,1068D75877C7,75877,C7,4,10007,10010,2026-09-28T00:03:00,10000,70103,24.0,40.472656,-3.836884,10,True,1,1
2026-09-28T05:44:39Z,1068D27090C3,27090,C3,-1418,60200,60200,2026-09-28T00:00:00,60200,17000,E,40.035027,-3.6189713,10,True,4,4
2026-09-28T05:44:39Z,1068D75875C7,75875,C7,15,10000,10000,2026-09-27T23:59:00,10000,70103,E,40.42163,-3.7193205,10,False,7,7
2026-09-28T05:44:39Z,1068D19940C1,19940,C1,-1440,98305,98305,2026-09-29T00:05:00,98305,17000,E,40.4924,-3.593483,10,False,1,1
2026-09-28T05:44:39Z,1068D27094C3,27094,C3,-1432,60200,60200,2026-09-28T00:45:00,60200,17000,S,40.035027,-3.6189713,10,True,3,3
2026-09-28T05:44:39Z,1068D27508C4b,27508,C4b,3,18000,60100,2026-09-28T00:06:00,37012,17005,13.0,40.40084,-3.682559,10,True,7,1
2026-09-28T05:44:39Z,1068D75644C2,75644,C2,-1435,70200,70200,2026-09-28T00:58:00,70200,17000,A,40.644257,-3.1823237,10,True,2,2
2026-09-28T05:44:39Z,1068D27095C3,27095,C3,-1,60103,60102,2026-09-29T00:04:00,17000,60200,E,40.242844,-3.7038615,10,True,1,1
2026-09-28T05:44:39Z,1068D27092C3,27092,C3,-1425,60200,60200,2026-09-28T00:12:00,60200,17000,S,40.035027,-3.6189713,10,False,3,3
2026-09-28T05:44:39Z,1068D75268C10,75268,C10,5,10101,10103,2026-09-28T00:06:00,10200,17000,13.0,40.560028,-3.9011943,10,True,1,1
2026-09-28T05:44:39Z,1068D27822C5,27822,C5,0,35601,35600,2026-09-27T23:59:00,35012,35607,A,40.386257,-3.7610443,10,False,1,1
2026-09-28T05:44:39Z,1068D27093C3,27093,C3,-1435,17000,17000,2026-09-28T00:13:00,17000,60200,E,40.471382,-3.6834786,10,True,5,5
2026-09-28T05:44:39Z,1068D27643C8b,27643,C8b,-1437,12006,12006,2026-09-28T00:26:00,12006,17000,A,40.737614,-4.0662985,10,False,2,2
2026-09-28T05:44:39Z,1068D27820C5,27820,C5,0,37001,35009,2026-09-28T00:01:00,35012,35607,A,40.34086,-3.7482634,10,False,6,2
2026-09-28T05:44:39Z,1068D27317C4,27317,C4,-1441,17000,17000,2026-09-29T00:34:00,17000,37012,A,40.471325,-3.6833096,10,True,3,3
2026-09-28T05:44:39Z,1068D75172C10,75172,C10,1,18004,18003,2026-09-28T00:01:00,17000,10200,A,40.395943,-3.677964,10,True,1,1
2026-09-28T05:44:39Z,1068D27510C4b,27510,C4b,3,17001,17000,2026-09-28T00:05:00,18000,17005,S,40.501648,-3.6821797,10,True,2,2
2026-09-28T05:49:42Z,3068D23578C1,23578,C1,2,50602,50700,2026-09-28T00:06:54,51003,50600,E,37.58157,-5.6699624,30,False,2,2
2026-09-28T05:49:42Z,3068D23743C5,23743,C5,-1442,51003,51003,2026-09-28T00:38:59,51003,43005,A,37.392567,-5.9749837,30,False,9,9
2026-09-28T05:49:42Z,3068D23841C5,23841,C5,-1,43004,43005,2026-09-28T00:03:07,43005,51113,E,37.381527,-6.193782,30,False,,3
2026-09-28T05:49:42Z,3068D23581C1,23581,C1,0,51103,51111,2026-09-28T00:03:16,51003,51200,34.0,37.294693,-5.9445186,30,False,,1
2026-09-28T05:49:42Z,3268D23176C2,23176,C2,54,54408,54410,2026-09-28T00:03:00,54517,54405,39.0,36.723545,-4.5838585,32,False,,
2026-09-28T05:49:42Z,3268D23402C1,23402,C1,-1438,54517,54517,2026-09-28T00:38:19,54517,54516,A,36.715366,-4.4266005,32,False,1,1
2026-09-28T05:49:42Z,3268D23400C1,23400,C1,3,54503,54501,2026-09-28T00:02:10,54517,54516,26.0,36.695095,-4.4762516,32,False,2,2
2026-09-28T05:49:42Z,5168D25472R2N,25472,R2N,-2,71801,71802,2026-09-28T00:02:47,79100,72400,E,41.37954,2.1411655,50,True,,
2026-09-28T05:49:42Z,5168D77468R4,77468,R4,-1432,78700,78700,2026-09-28T00:27:51,78700,71600,A,41.56993,2.0143688,50,False,,
2026-09-28T05:49:42Z,5168D35564R4,35564,R4,-1431,72209,72209,2026-09-28T00:00:49,72209,78600,A,41.47872,1.9255537,50,False,,
2026-09-28T05:49:42Z,5168D15023R15,15023,R15,52,71502,71500,2026-09-28T00:03:56,71400,79400,60.0,41.129208,1.2999328,50,False,,
2026-09-28T05:49:42Z,5168D25795R1,25795,R1,-1,79403,79404,2026-09-28T00:02:38,79500,72305,E,41.445705,2.2490852,50,False,,1
2026-09-28T05:49:42Z,5168D28393R2S,28393,R2S,-2,71802,71801,2026-09-28T00:01:35,71700,79400,A,41.379513,2.1412146,50,False,,
2026-09-28T05:49:42Z,5168D77464R4,77464,R4,11,78604,78600,2026-09-28T00:05:15,78600,71600,41.0,41.686344,1.8386431,50,False,,
2026-09-28T05:49:42Z,5168D25470R2N,25470,R2N,3,79006,79007,2026-09-28T00:03:54,79104,72400,E,41.533474,2.2177799,50,True,1,
2026-09-28T05:49:42Z,5168D25567R2S,25567,R2S,2,71604,71603,2026-09-28T00:01:57,71600,79400,E,41.20413,1.6760199,50,False,,
2026-09-28T05:49:42Z,5168D28490R2,28490,R2,0,71705,71704,2026-09-28T00:02:22,71700,79104,20.0,41.278507,1.9790424,50,True,,
2026-09-28T05:49:42Z,6068D26577C3,26577,C3,4,13119,13120,2026-09-28T00:00:52,13200,13100,E,43.240112,-2.924082,60,False,,1
2026-09-28T05:49:42Z,6068D35689C3,35689,C3,2,13121,13102,2026-09-28T00:02:16,13200,13100,E,43.05786,-2.996093,60,True,1,1
2026-09-28T05:49:42Z,6068D26576C3,26576,C3,6,13115,13109,2026-09-28T00:01:18,13100,13200,E,43.176933,-2.909058,60,True,2,2
2026-09-28T05:49:42Z,6168D35654C1,35654,C1,4,11409,11408,2026-09-28T00:00:03,11400,11508,95.0,43.094822,-2.1242988,61,False,,2
2026-09-28T05:49:42Z,6268D71185C2,71185,C2,1,05605,05604,2026-09-28T00:02:19,14223,05637,41.0,43.44704,-3.8820617,62,False,,2
2026-09-28T05:49:42Z,2068D22237C2,22237,C2,49,16011,16010,2026-09-28T00:01:00,15211,16011,E,43.28714,-5.6448464,20,False,1,1
2026-09-28T05:49:42Z,2068D22372C3,22372,C3,3,16403,16401,2026-09-28T00:03:00,15211,16403,E,43.56141,-5.922727,20,False,1,2
2026-09-28T05:49:42Z,2068D22373C3,22373,C3,7,16403,16403,2026-09-27T23:59:00,16403,15211,A,43.56141,-5.922727,20,False,1,1
2026-09-28T05:49:42Z,2068D70237C4,70237,C4,-1432,15410,15410,2026-09-28T00:03:00,15410,16403,A,43.537647,-5.67596,20,False,12,12
2026-09-28T05:49:42Z,2068D22358C3,22358,C3,-1441,15218,15218,2026-09-29T00:00:00,15218,16405,A,43.3588,-5.8573804,20,False,2,2
2026-09-28T05:49:42Z,2068D22132C1,22132,C1,0,15217,15211,2026-09-28T00:03:00,15218,17000,S,43.38812,-5.8272715,20,False,2,2
2026-09-28T05:49:42Z,4168D84931C2,84931,C2,87,61200,06002,2026-09-28T00:34:00,06006,61200,E,37.97462,-1.1315287,41,False,1,2
2026-09-28T05:49:42Z,4168D24722C1,24722,C1,13,62109,60911,2026-09-28T00:10:00,60911,61200,A,38.34553,-0.49576503,41,False,1,1
2026-09-28T05:49:42Z,4168D24723C1,24723,C1,-1425,61200,61200,2026-09-28T00:14:00,61200,60911,E,37.974686,-1.131078,41,False,1,1
2026-09-28T05:49:42Z,1068D27506C4b,27506,C4b,6,37002,37011,2026-09-28T00:02:00,37012,17005,A,40.288372,-3.7373493,10,True,2,2
2026-09-28T05:49:42Z,1068D75037C8a,75037,C8a,6,97100,10100,2026-09-28T00:10:00,10203,17000,E,40.49547,-3.7261994,10,False,1,3
2026-09-28T05:49:42Z,1068D19945C1,19945,C1,0,98305,98304,2026-09-29T00:12:00,18000,98305,E,40.4924,-3.593483,10,False,2,1
2026-09-28T05:49:42Z,1068D27316C4a,27316,C4a,-1440,18000,18000,2026-09-29T00:06:00,18000,19003,E,40.40654,-3.6895106,10,True,7,7
2026-09-28T05:49:42Z,1068D75872C7,75872,C7,3,18002,18002,2026-09-27T23:59:00,18002,10000,E,40.44655,-3.691473,10,False,4,4
2026-09-28T05:49:42Z,1068D27818C5,27818,C5,0,35009,35001,2026-09-27T23:49:00,35012,35607,S,40.34086,-3.7482634,10,False,2,2
2026-09-28T05:49:42Z,1068D27817C5,27817,C5,-1440,35607,35607,2026-09-28T00:41:00,35607,35012,A,40.330883,-3.8823783,10,False,2,2
2026-09-28T05:49:42Z,1068D27995C5,27995,C5,18,35606,35607,2026-09-27T23:59:00,35607,35002,S,40.32875,-3.8636916,10,False,1,2
2026-09-28T05:49:42Z,1068D27512C4b,27512,C4b,-1424,18000,18000,2026-09-28T00:55:00,18000,17005,E,40.40654,-3.6895106,10,True,7,7
2026-09-28T05:49:42Z,1068D75530C2,75530,C2,-1437,70200,70200,2026-09-28T00:28:00,70200,17000,E,40.644257,-3.1823237,10,False,2,2
2026-09-28T05:49:42Z,1068D75035C8a,75035,C8a,19,10203,10203,2026-09-27T23:59:00,10203,17000,E,40.58532,-4.1321955,10,False,5,5
2026-09-28T05:49:42Z,1068D27815C5,27815,C5,0,18000,35609,2026-09-27T23:59:00,35607,35012,A,40.405067,-3.7026901,10,False,9,2
2026-09-28T05:49:42Z,1068D75877C7,75877,C7,4,10007,10010,2026-09-28T00:03:00,10000,70103,24.0,40.472656,-3.836884,10,True,1,1
2026-09-28T05:49:42Z,1068D27090C3,27090,C3,-1418,60200,60200,2026-09-28T00:00:00,60200,17000,E,40.035027,-3.6189713,10,True,4,4
2026-09-28T05:49:42Z,1068D75875C7,75875,C7,15,10000,10000,2026-09-27T23:59:00,10000,70103,E,40.42163,-3.7193205,10,False,7,7
2026-09-28T05:49:42Z,1068D19940C1,19940,C1,-1440,98305,98305,2026-09-29T00:05:00,98305,17000,E,40.4924,-3.593483,10,False,1,1
2026-09-28T05:49:42Z,1068D27094C3,27094,C3,-1432,60200,60200,2026-09-28T00:45:00,60200,17000,S,40.035027,-3.6189713,10,True,3,3
2026-09-28T05:49:42Z,1068D27508C4b,27508,C4b,3,18000,60100,2026-09-28T00:06:00,37012,17005,13.0,40.40084,-3.682559,10,True,7,1
2026-09-28T05:49:42Z,1068D75644C2,75644,C2,-1435,70200,70200,2026-09-28T00:58:00,70200,17000,A,40.644257,-3.1823237,10,True,2,2
2026-09-28T05:49:42Z,1068D27095C3,27095,C3,-1,60103,60102,2026-09-29T00:04:00,17000,60200,E,40.242844,-3.7038615,10,True,1,1
2026-09-28T05:49:42Z,1068D27092C3,27092,C3,-1425,60200,60200,2026-09-28T00:12:00,60200,17000,S,40.035027,-3.6189713,10,False,3,3
2026-09-28T05:49:42Z,1068D75268C10,75268,C10,5,10101,10103,2026-09-28T00:06:00,10200,17000,13.0,40.560028,-3.9011943,10,True,1,1
2026-09-28T05:49:42Z,1068D27822C5,27822,C5,0,35601,35600,2026-09-27T23:59:00,35012,35607,A,40.386257,-3.7610443,10,False,1,1
2026-09-28T05:49:42Z,1068D27093C3,27093,C3,-1435,17000,17000,2026-09-28T00:13:00,17000,60200,E,40.471382,-3.6834786,10,True,5,5
2026-09-28T05:49:42Z,1068D27643C8b,27643,C8b,-1437,12006,12006,2026-09-28T00:26:00,12006,17000,A,40.737614,-4.0662985,10,False,2,2
2026-09-28T05:49:42Z,1068D27820C5,27820,C5,0,37001,35009,2026-09-28T00:01:00,35012,35607,A,40.34086,-3.7482634,10,False,6,2
2026-09-28T05:49:42Z,1068D27317C4,27317,C4,-1441,17000,17000,2026-09-29T00:34:00,17000,37012,A,40.471325,-3.6833096,10,True,3,3
2026-09-28T05:49:42Z,1068D75172C10,75172,C10,1,18004,18003,2026-09-28T00:01:00,17000,10200,A,40.395943,-3.677964,10,True,1,1
2026-09-28T05:49:42Z,1068D27510C4b,27510,C4b,3,17001,17000,2026-09-28T00:05:00,18000,17005,S,40.501648,-3.6821797,10,True,2,2
2026-09-28T05:54:41Z,3068D23578C1,23578,C1,2,50602,50700,2026-09-28T00:06:54,51003,50600,E,37.58157,-5.6699624,30,False,2,2
2026-09-28T05:54:41Z,3068D23743C5,23743,C5,-1442,51003,51003,2026-09-28T00:38:59,51003,43005,A,37.392567,-5.9749837,30,False,9,9
2026-09-28T05:54:41Z,3068D23841C5,23841,C5,-1,43004,43005,2026-09-28T00:03:07,43005,51113,E,37.381527,-6.193782,30,False,,3
2026-09-28T05:54:41Z,3068D23581C1,23581,C1,0,51103,51111,2026-09-28T00:03:16,51003,51200,34.0,37.294693,-5.9445186,30,False,,1
2026-09-28T05:54:41Z,3268D23176C2,23176,C2,54,54408,54410,2026-09-28T00:03:00,54517,54405,39.0,36.723545,-4.5838585,32,False,,
2026-09-28T05:54:41Z,3268D23402C1,23402,C1,-1438,54517,54517,2026-09-28T00:38:19,54517,54516,A,36.715366,-4.4266005,32,False,1,1
2026-09-28T05:54:41Z,3268D23400C1,23400,C1,3,54503,54501,2026-09-28T00:02:10,54517,54516,26.0,36.695095,-4.4762516,32,False,2,2
2026-09-28T05:54:41Z,5168D25472R2N,25472,R2N,-2,71801,71802,2026-09-28T00:02:47,79100,72400,E,41.37954,2.1411655,50,True,,
2026-09-28T05:54:41Z,5168D77468R4,77468,R4,-1432,78700,78700,2026-09-28T00:27:51,78700,71600,A,41.56993,2.0143688,50,False,,
2026-09-28T05:54:41Z,5168D35564R4,35564,R4,-1431,72209,72209,2026-09-28T00:00:49,72209,78600,A,41.47872,1.9255537,50,False,,
2026-09-28T05:54:41Z,5168D15023R15,15023,R15,52,71502,71500,2026-09-28T00:03:56,71400,79400,60.0,41.129208,1.2999328,50,False,,
2026-09-28T05:54:41Z,5168D25795R1,25795,R1,-1,79403,79404,2026-09-28T00:02:38,79500,72305,E,41.445705,2.2490852,50,False,,1
2026-09-28T05:54:41Z,5168D28393R2S,28393,R2S,-2,71802,71801,2026-09-28T00:01:35,71700,79400,A,41.379513,2.1412146,50,False,,
2026-09-28T05:54:41Z,5168D77464R4,77464,R4,11,78604,78600,2026-09-28T00:05:15,78600,71600,41.0,41.686344,1.8386431,50,False,,
2026-09-28T05:54:41Z,5168D25470R2N,25470,R2N,3,79006,79007,2026-09-28T00:03:54,79104,72400,E,41.533474,2.2177799,50,True,1,
2026-09-28T05:54:41Z,5168D25567R2S,25567,R2S,2,71604,71603,2026-09-28T00:01:57,71600,79400,E,41.20413,1.6760199,50,False,,
2026-09-28T05:54:41Z,5168D28490R2,28490,R2,0,71705,71704,2026-09-28T00:02:22,71700,79104,20.0,41.278507,1.9790424,50,True,,
2026-09-28T05:54:41Z,6068D26577C3,26577,C3,4,13119,13120,2026-09-28T00:00:52,13200,13100,E,43.240112,-2.924082,60,False,,1
2026-09-28T05:54:41Z,6068D35689C3,35689,C3,2,13121,13102,2026-09-28T00:02:16,13200,13100,E,43.05786,-2.996093,60,True,1,1
2026-09-28T05:54:41Z,6068D26576C3,26576,C3,6,13115,13109,2026-09-28T00:01:18,13100,13200,E,43.176933,-2.909058,60,True,2,2
2026-09-28T05:54:41Z,6168D35654C1,35654,C1,4,11409,11408,2026-09-28T00:00:03,11400,11508,95.0,43.094822,-2.1242988,61,False,,2
2026-09-28T05:54:41Z,6268D71185C2,71185,C2,1,05605,05604,2026-09-28T00:02:19,14223,05637,41.0,43.44704,-3.8820617,62,False,,2
2026-09-28T05:54:41Z,2068D22237C2,22237,C2,49,16011,16010,2026-09-28T00:01:00,15211,16011,E,43.28714,-5.6448464,20,False,1,1
2026-09-28T05:54:41Z,2068D22372C3,22372,C3,3,16403,16401,2026-09-28T00:03:00,15211,16403,E,43.56141,-5.922727,20,False,1,2
2026-09-28T05:54:41Z,2068D22373C3,22373,C3,7,16403,16403,2026-09-27T23:59:00,16403,15211,A,43.56141,-5.922727,20,False,1,1
2026-09-28T05:54:41Z,2068D70237C4,70237,C4,-1432,15410,15410,2026-09-28T00:03:00,15410,16403,A,43.537647,-5.67596,20,False,12,12
2026-09-28T05:54:41Z,2068D22358C3,22358,C3,-1441,15218,15218,2026-09-29T00:00:00,15218,16405,A,43.3588,-5.8573804,20,False,2,2
2026-09-28T05:54:41Z,2068D22132C1,22132,C1,0,15217,15211,2026-09-28T00:03:00,15218,17000,S,43.38812,-5.8272715,20,False,2,2
2026-09-28T05:54:41Z,4168D84931C2,84931,C2,87,61200,06002,2026-09-28T00:34:00,06006,61200,E,37.97462,-1.1315287,41,False,1,2
2026-09-28T05:54:41Z,4168D24722C1,24722,C1,13,62109,60911,2026-09-28T00:10:00,60911,61200,A,38.34553,-0.49576503,41,False,1,1
2026-09-28T05:54:41Z,4168D24723C1,24723,C1,-1425,61200,61200,2026-09-28T00:14:00,61200,60911,E,37.974686,-1.131078,41,False,1,1
2026-09-28T05:54:41Z,1068D27506C4b,27506,C4b,6,37002,37011,2026-09-28T00:02:00,37012,17005,A,40.288372,-3.7373493,10,True,2,2
2026-09-28T05:54:41Z,1068D75037C8a,75037,C8a,6,97100,10100,2026-09-28T00:10:00,10203,17000,E,40.49547,-3.7261994,10,False,1,3
2026-09-28T05:54:41Z,1068D19945C1,19945,C1,0,98305,98304,2026-09-29T00:12:00,18000,98305,E,40.4924,-3.593483,10,False,2,1
2026-09-28T05:54:41Z,1068D27316C4a,27316,C4a,-1440,18000,18000,2026-09-29T00:06:00,18000,19003,E,40.40654,-3.6895106,10,True,7,7
2026-09-28T05:54:41Z,1068D75872C7,75872,C7,3,18002,18002,2026-09-27T23:59:00,18002,10000,E,40.44655,-3.691473,10,False,4,4
2026-09-28T05:54:41Z,1068D27818C5,27818,C5,0,35009,35001,2026-09-27T23:49:00,35012,35607,S,40.34086,-3.7482634,10,False,2,2
2026-09-28T05:54:41Z,1068D27817C5,27817,C5,-1440,35607,35607,2026-09-28T00:41:00,35607,35012,A,40.330883,-3.8823783,10,False,2,2
2026-09-28T05:54:41Z,1068D27995C5,27995,C5,18,35606,35607,2026-09-27T23:59:00,35607,35002,S,40.32875,-3.8636916,10,False,1,2
2026-09-28T05:54:41Z,1068D27512C4b,27512,C4b,-1424,18000,18000,2026-09-28T00:55:00,18000,17005,E,40.40654,-3.6895106,10,True,7,7
2026-09-28T05:54:41Z,1068D75530C2,75530,C2,-1437,70200,70200,2026-09-28T00:28:00,70200,17000,E,40.644257,-3.1823237,10,False,2,2
2026-09-28T05:54:41Z,1068D75035C8a,75035,C8a,19,10203,10203,2026-09-27T23:59:00,10203,17000,E,40.58532,-4.1321955,10,False,5,5
2026-09-28T05:54:41Z,1068D27815C5,27815,C5,0,18000,35609,2026-09-27T23:59:00,35607,35012,A,40.405067,-3.7026901,10,False,9,2
2026-09-28T05:54:41Z,1068D75877C7,75877,C7,4,10007,10010,2026-09-28T00:03:00,10000,70103,24.0,40.472656,-3.836884,10,True,1,1
2026-09-28T05:54:41Z,1068D27090C3,27090,C3,-1418,60200,60200,2026-09-28T00:00:00,60200,17000,E,40.035027,-3.6189713,10,True,4,4
2026-09-28T05:54:41Z,1068D75875C7,75875,C7,15,10000,10000,2026-09-27T23:59:00,10000,70103,E,40.42163,-3.7193205,10,False,7,7
2026-09-28T05:54:41Z,1068D19940C1,19940,C1,-1440,98305,98305,2026-09-29T00:05:00,98305,17000,E,40.4924,-3.593483,10,False,1,1
2026-09-28T05:54:41Z,1068D27094C3,27094,C3,-1432,60200,60200,2026-09-28T00:45:00,60200,17000,S,40.035027,-3.6189713,10,True,3,3
2026-09-28T05:54:41Z,1068D27508C4b,27508,C4b,3,18000,60100,2026-09-28T00:06:00,37012,17005,13.0,40.40084,-3.682559,10,True,7,1
2026-09-28T05:54:41Z,1068D75644C2,75644,C2,-1435,70200,70200,2026-09-28T00:58:00,70200,17000,A,40.644257,-3.1823237,10,True,2,2
2026-09-28T05:54:41Z,1068D27095C3,27095,C3,-1,60103,60102,2026-09-29T00:04:00,17000,60200,E,40.242844,-3.7038615,10,True,1,1
2026-09-28T05:54:41Z,1068D27092C3,27092,C3,-1425,60200,60200,2026-09-28T00:12:00,60200,17000,S,40.035027,-3.6189713,10,False,3,3
2026-09-28T05:54:41Z,1068D75268C10,75268,C10,5,10101,10103,2026-09-28T00:06:00,10200,17000,13.0,40.560028,-3.9011943,10,True,1,1
2026-09-28T05:54:41Z,1068D27822C5,27822,C5,0,35601,35600,2026-09-27T23:59:00,35012,35607,A,40.386257,-3.7610443,10,False,1,1
2026-09-28T05:54:41Z,1068D27093C3,27093,C3,-1435,17000,17000,2026-09-28T00:13:00,17000,60200,E,40.471382,-3.6834786,10,True,5,5
2026-09-28T05:54:41Z,1068D27643C8b,27643,C8b,-1437,12006,12006,2026-09-28T00:26:00,12006,17000,A,40.737614,-4.0662985,10,False,2,2
2026-09-28T05:54:41Z,1068D27820C5,27820,C5,0,37001,35009,2026-09-28T00:01:00,35012,35607,A,40.34086,-3.7482634,10,False,6,2
2026-09-28T05:54:41Z,1068D27317C4,27317,C4,-1441,17000,17000,2026-09-29T00:34:00,17000,37012,A,40.471325,-3.6833096,10,True,3,3
2026-09-28T05:54:41Z,1068D75172C10,75172,C10,1,18004,18003,2026-09-28T00:01:00,17000,10200,A,40.395943,-3.677964,10,True,1,1
2026-09-28T05:54:41Z,1068D27510C4b,27510,C4b,3,17001,17000,2026-09-28T00:05:00,18000,17005,S,40.501648,-3.6821797,10,True,2,2
2026-09-28T06:00:09Z,3068D23578C1,23578,C1,2,50602,50700,2026-09-28T00:06:54,51003,50600,E,37.58157,-5.6699624,30,False,2,2
2026-09-28T06:00:09Z,3068D23743C5,23743,C5,-1442,51003,51003,2026-09-28T00:38:59,51003,43005,A,37.392567,-5.9749837,30,False,9,9
2026-09-28T06:00:09Z,3068D23841C5,23841,C5,-1,43004,43005,2026-09-28T00:03:07,43005,51113,E,37.381527,-6.193782,30,False,,3
2026-09-28T06:00:09Z,3068D23581C1,23581,C1,0,51103,51111,2026-09-28T00:03:16,51003,51200,34.0,37.294693,-5.9445186,30,False,,1
2026-09-28T06:00:09Z,3268D23176C2,23176,C2,54,54408,54410,2026-09-28T00:03:00,54517,54405,39.0,36.723545,-4.5838585,32,False,,
2026-09-28T06:00:09Z,3268D23402C1,23402,C1,-1438,54517,54517,2026-09-28T00:38:19,54517,54516,A,36.715366,-4.4266005,32,False,1,1
2026-09-28T06:00:09Z,3268D23400C1,23400,C1,3,54503,54501,2026-09-28T00:02:10,54517,54516,26.0,36.695095,-4.4762516,32,False,2,2
2026-09-28T06:00:09Z,5168D25472R2N,25472,R2N,-2,71801,71802,2026-09-28T00:02:47,79100,72400,E,41.37954,2.1411655,50,True,,
2026-09-28T06:00:09Z,5168D77468R4,77468,R4,-1432,78700,78700,2026-09-28T00:27:51,78700,71600,A,41.56993,2.0143688,50,False,,
2026-09-28T06:00:09Z,5168D35564R4,35564,R4,-1431,72209,72209,2026-09-28T00:00:49,72209,78600,A,41.47872,1.9255537,50,False,,
2026-09-28T06:00:09Z,5168D15023R15,15023,R15,52,71502,71500,2026-09-28T00:03:56,71400,79400,60.0,41.129208,1.2999328,50,False,,
2026-09-28T06:00:09Z,5168D25795R1,25795,R1,-1,79403,79404,2026-09-28T00:02:38,79500,72305,E,41.445705,2.2490852,50,False,,1
2026-09-28T06:00:09Z,5168D28393R2S,28393,R2S,-2,71802,71801,2026-09-28T00:01:35,71700,79400,A,41.379513,2.1412146,50,False,,
2026-09-28T06:00:09Z,5168D77464R4,77464,R4,11,78604,78600,2026-09-28T00:05:15,78600,71600,41.0,41.686344,1.8386431,50,False,,
2026-09-28T06:00:09Z,5168D25470R2N,25470,R2N,3,79006,79007,2026-09-28T00:03:54,79104,72400,E,41.533474,2.2177799,50,True,1,
2026-09-28T06:00:09Z,5168D25567R2S,25567,R2S,2,71604,71603,2026-09-28T00:01:57,71600,79400,E,41.20413,1.6760199,50,False,,
2026-09-28T06:00:09Z,5168D28490R2,28490,R2,0,71705,71704,2026-09-28T00:02:22,71700,79104,20.0,41.278507,1.9790424,50,True,,
2026-09-28T06:00:09Z,6068D26577C3,26577,C3,4,13119,13120,2026-09-28T00:00:52,13200,13100,E,43.240112,-2.924082,60,False,,1
2026-09-28T06:00:09Z,6068D35689C3,35689,C3,2,13121,13102,2026-09-28T00:02:16,13200,13100,E,43.05786,-2.996093,60,True,1,1
2026-09-28T06:00:09Z,6068D26576C3,26576,C3,6,13115,13109,2026-09-28T00:01:18,13100,13200,E,43.176933,-2.909058,60,True,2,2
2026-09-28T06:00:09Z,6168D35654C1,35654,C1,4,11409,11408,2026-09-28T00:00:03,11400,11508,95.0,43.094822,-2.1242988,61,False,,2
2026-09-28T06:00:09Z,6268D71185C2,71185,C2,1,05605,05604,2026-09-28T00:02:19,14223,05637,41.0,43.44704,-3.8820617,62,False,,2
2026-09-28T06:00:09Z,2068D22237C2,22237,C2,49,16011,16010,2026-09-28T00:01:00,15211,16011,E,43.28714,-5.6448464,20,False,1,1
2026-09-28T06:00:09Z,2068D22372C3,22372,C3,3,16403,16401,2026-09-28T00:03:00,15211,16403,E,43.56141,-5.922727,20,False,1,2
2026-09-28T06:00:09Z,2068D22373C3,22373,C3,7,16403,16403,2026-09-27T23:59:00,16403,15211,A,43.56141,-5.922727,20,False,1,1
2026-09-28T06:00:09Z,2068D70237C4,70237,C4,-1432,15410,15410,2026-09-28T00:03:00,15410,16403,A,43.537647,-5.67596,20,False,12,12
2026-09-28T06:00:09Z,2068D22358C3,22358,C3,-1441,15218,15218,2026-09-29T00:00:00,15218,16405,A,43.3588,-5.8573804,20,False,2,2
2026-09-28T06:00:09Z,2068D22132C1,22132,C1,0,15217,15211,2026-09-28T00:03:00,15218,17000,S,43.38812,-5.8272715,20,False,2,2
2026-09-28T06:00:09Z,4168D84931C2,84931,C2,87,61200,06002,2026-09-28T00:34:00,06006,61200,E,37.97462,-1.1315287,41,False,1,2
2026-09-28T06:00:09Z,4168D24722C1,24722,C1,13,62109,60911,2026-09-28T00:10:00,60911,61200,A,38.34553,-0.49576503,41,False,1,1
2026-09-28T06:00:09Z,4168D24723C1,24723,C1,-1425,61200,61200,2026-09-28T00:14:00,61200,60911,E,37.974686,-1.131078,41,False,1,1
2026-09-28T06:00:09Z,1068D27506C4b,27506,C4b,6,37002,37011,2026-09-28T00:02:00,37012,17005,A,40.288372,-3.7373493,10,True,2,2
2026-09-28T06:00:09Z,1068D75037C8a,75037,C8a,6,97100,10100,2026-09-28T00:10:00,10203,17000,E,40.49547,-3.7261994,10,False,1,3
2026-09-28T06:00:09Z,1068D19945C1,19945,C1,0,98305,98304,2026-09-29T00:12:00,18000,98305,E,40.4924,-3.593483,10,False,2,1
2026-09-28T06:00:09Z,1068D27316C4a,27316,C4a,-1440,18000,18000,2026-09-29T00:06:00,18000,19003,E,40.40654,-3.6895106,10,True,7,7
2026-09-28T06:00:09Z,1068D75872C7,75872,C7,3,18002,18002,2026-09-27T23:59:00,18002,10000,E,40.44655,-3.691473,10,False,4,4
2026-09-28T06:00:09Z,1068D27818C5,27818,C5,0,35009,35001,2026-09-27T23:49:00,35012,35607,S,40.34086,-3.7482634,10,False,2,2
2026-09-28T06:00:09Z,1068D27817C5,27817,C5,-1440,35607,35607,2026-09-28T00:41:00,35607,35012,A,40.330883,-3.8823783,10,False,2,2
2026-09-28T06:00:09Z,1068D27995C5,27995,C5,18,35606,35607,2026-09-27T23:59:00,35607,35002,S,40.32875,-3.8636916,10,False,1,2
2026-09-28T06:00:09Z,1068D27512C4b,27512,C4b,-1424,18000,18000,2026-09-28T00:55:00,18000,17005,E,40.40654,-3.6895106,10,True,7,7
2026-09-28T06:00:09Z,1068D75530C2,75530,C2,-1437,70200,70200,2026-09-28T00:28:00,70200,17000,E,40.644257,-3.1823237,10,False,2,2
2026-09-28T06:00:09Z,1068D75035C8a,75035,C8a,19,10203,10203,2026-09-27T23:59:00,10203,17000,E,40.58532,-4.1321955,10,False,5,5
2026-09-28T06:00:09Z,1068D27815C5,27815,C5,0,18000,35609,2026-09-27T23:59:00,35607,35012,A,40.405067,-3.7026901,10,False,9,2
2026-09-28T06:00:09Z,1068D75877C7,75877,C7,4,10007,10010,2026-09-28T00:03:00,10000,70103,24.0,40.472656,-3.836884,10,True,1,1
2026-09-28T06:00:09Z,1068D27090C3,27090,C3,-1418,60200,60200,2026-09-28T00:00:00,60200,17000,E,40.035027,-3.6189713,10,True,4,4
2026-09-28T06:00:09Z,1068D75875C7,75875,C7,15,10000,10000,2026-09-27T23:59:00,10000,70103,E,40.42163,-3.7193205,10,False,7,7
2026-09-28T06:00:09Z,1068D19940C1,19940,C1,-1440,98305,98305,2026-09-29T00:05:00,98305,17000,E,40.4924,-3.593483,10,False,1,1
2026-09-28T06:00:09Z,1068D27094C3,27094,C3,-1432,60200,60200,2026-09-28T00:45:00,60200,17000,S,40.035027,-3.6189713,10,True,3,3
2026-09-28T06:00:09Z,1068D27508C4b,27508,C4b,3,18000,60100,2026-09-28T00:06:00,37012,17005,13.0,40.40084,-3.682559,10,True,7,1
2026-09-28T06:00:09Z,1068D75644C2,75644,C2,-1435,70200,70200,2026-09-28T00:58:00,70200,17000,A,40.644257,-3.1823237,10,True,2,2
2026-09-28T06:00:09Z,1068D27095C3,27095,C3,-1,60103,60102,2026-09-29T00:04:00,17000,60200,E,40.242844,-3.7038615,10,True,1,1
2026-09-28T06:00:09Z,1068D27092C3,27092,C3,-1425,60200,60200,2026-09-28T00:12:00,60200,17000,S,40.035027,-3.6189713,10,False,3,3
2026-09-28T06:00:09Z,1068D75268C10,75268,C10,5,10101,10103,2026-09-28T00:06:00,10200,17000,13.0,40.560028,-3.9011943,10,True,1,1
2026-09-28T06:00:09Z,1068D27822C5,27822,C5,0,35601,35600,2026-09-27T23:59:00,35012,35607,A,40.386257,-3.7610443,10,False,1,1
2026-09-28T06:00:09Z,1068D27093C3,27093,C3,-1435,17000,17000,2026-09-28T00:13:00,17000,60200,E,40.471382,-3.6834786,10,True,5,5
2026-09-28T06:00:09Z,1068D27643C8b,27643,C8b,-1437,12006,12006,2026-09-28T00:26:00,12006,17000,A,40.737614,-4.0662985,10,False,2,2
2026-09-28T06:00:09Z,1068D27820C5,27820,C5,0,37001,35009,2026-09-28T00:01:00,35012,35607,A,40.34086,-3.7482634,10,False,6,2
2026-09-28T06:00:09Z,1068D27317C4,27317,C4,-1441,17000,17000,2026-09-29T00:34:00,17000,37012,A,40.471325,-3.6833096,10,True,3,3
2026-09-28T06:00:09Z,1068D75172C10,75172,C10,1,18004,18003,2026-09-28T00:01:00,17000,10200,A,40.395943,-3.677964,10,True,1,1
2026-09-28T06:00:09Z,1068D27510C4b,27510,C4b,3,17001,17000,2026-09-28T00:05:00,18000,17005,S,40.501648,-3.6821797,10,True,2,2
2026-09-28T06:05:06Z,3068D23578C1,23578,C1,2,50602,50700,2026-09-28T00:06:54,51003,50600,E,37.58157,-5.6699624,30,False,2,2
2026-09-28T06:05:06Z,3068D23743C5,23743,C5,-1442,51003,51003,2026-09-28T00:38:59,51003,43005,A,37.392567,-5.9749837,30,False,9,9
2026-09-28T06:05:06Z,3068D23841C5,23841,C5,-1,43004,43005,2026-09-28T00:03:07,43005,51113,E,37.381527,-6.193782,30,False,,3
2026-09-28T06:05:06Z,3068D23581C1,23581,C1,0,51103,51111,2026-09-28T00:03:16,51003,51200,34.0,37.294693,-5.9445186,30,False,,1
2026-09-28T06:05:06Z,3268D23176C2,23176,C2,54,54408,54410,2026-09-28T00:03:00,54517,54405,39.0,36.723545,-4.5838585,32,False,,
2026-09-28T06:05:06Z,3268D23402C1,23402,C1,-1438,54517,54517,2026-09-28T00:38:19,54517,54516,A,36.715366,-4.4266005,32,False,1,1
2026-09-28T06:05:06Z,3268D23400C1,23400,C1,3,54503,54501,2026-09-28T00:02:10,54517,54516,26.0,36.695095,-4.4762516,32,False,2,2
2026-09-28T06:05:06Z,5168D25472R2N,25472,R2N,-2,71801,71802,2026-09-28T00:02:47,79100,72400,E,41.37954,2.1411655,50,True,,
2026-09-28T06:05:06Z,5168D77468R4,77468,R4,-1432,78700,78700,2026-09-28T00:27:51,78700,71600,A,41.56993,2.0143688,50,False,,
2026-09-28T06:05:06Z,5168D35564R4,35564,R4,-1431,72209,72209,2026-09-28T00:00:49,72209,78600,A,41.47872,1.9255537,50,False,,
2026-09-28T06:05:06Z,5168D15023R15,15023,R15,52,71502,71500,2026-09-28T00:03:56,71400,79400,60.0,41.129208,1.2999328,50,False,,
2026-09-28T06:05:06Z,5168D25795R1,25795,R1,-1,79403,79404,2026-09-28T00:02:38,79500,72305,E,41.445705,2.2490852,50,False,,1
2026-09-28T06:05:06Z,5168D28393R2S,28393,R2S,-2,71802,71801,2026-09-28T00:01:35,71700,79400,A,41.379513,2.1412146,50,False,,
2026-09-28T06:05:06Z,5168D77464R4,77464,R4,11,78604,78600,2026-09-28T00:05:15,78600,71600,41.0,41.686344,1.8386431,50,False,,
2026-09-28T06:05:06Z,5168D25470R2N,25470,R2N,3,79006,79007,2026-09-28T00:03:54,79104,72400,E,41.533474,2.2177799,50,True,1,
2026-09-28T06:05:06Z,5168D25567R2S,25567,R2S,2,71604,71603,2026-09-28T00:01:57,71600,79400,E,41.20413,1.6760199,50,False,,
2026-09-28T06:05:06Z,5168D28490R2,28490,R2,0,71705,71704,2026-09-28T00:02:22,71700,79104,20.0,41.278507,1.9790424,50,True,,
2026-09-28T06:05:06Z,6068D26577C3,26577,C3,4,13119,13120,2026-09-28T00:00:52,13200,13100,E,43.240112,-2.924082,60,False,,1
2026-09-28T06:05:06Z,6068D35689C3,35689,C3,2,13121,13102,2026-09-28T00:02:16,13200,13100,E,43.05786,-2.996093,60,True,1,1
2026-09-28T06:05:06Z,6068D26576C3,26576,C3,6,13115,13109,2026-09-28T00:01:18,13100,13200,E,43.176933,-2.909058,60,True,2,2
2026-09-28T06:05:06Z,6168D35654C1,35654,C1,4,11409,11408,2026-09-28T00:00:03,11400,11508,95.0,43.094822,-2.1242988,61,False,,2
2026-09-28T06:05:06Z,6268D71185C2,71185,C2,1,05605,05604,2026-09-28T00:02:19,14223,05637,41.0,43.44704,-3.8820617,62,False,,2
2026-09-28T06:05:06Z,2068D22237C2,22237,C2,49,16011,16010,2026-09-28T00:01:00,15211,16011,E,43.28714,-5.6448464,20,False,1,1
2026-09-28T06:05:06Z,2068D22372C3,22372,C3,3,16403,16401,2026-09-28T00:03:00,15211,16403,E,43.56141,-5.922727,20,False,1,2
2026-09-28T06:05:06Z,2068D22373C3,22373,C3,7,16403,16403,2026-09-27T23:59:00,16403,15211,A,43.56141,-5.922727,20,False,1,1
2026-09-28T06:05:06Z,2068D70237C4,70237,C4,-1432,15410,15410,2026-09-28T00:03:00,15410,16403,A,43.537647,-5.67596,20,False,12,12
2026-09-28T06:05:06Z,2068D22358C3,22358,C3,-1441,15218,15218,2026-09-29T00:00:00,15218,16405,A,43.3588,-5.8573804,20,False,2,2
2026-09-28T06:05:06Z,2068D22132C1,22132,C1,0,15217,15211,2026-09-28T00:03:00,15218,17000,S,43.38812,-5.8272715,20,False,2,2
2026-09-28T06:05:06Z,4168D84931C2,84931,C2,87,61200,06002,2026-09-28T00:34:00,06006,61200,E,37.97462,-1.1315287,41,False,1,2
2026-09-28T06:05:06Z,4168D24722C1,24722,C1,13,62109,60911,2026-09-28T00:10:00,60911,61200,A,38.34553,-0.49576503,41,False,1,1
2026-09-28T06:05:06Z,4168D24723C1,24723,C1,-1425,61200,61200,2026-09-28T00:14:00,61200,60911,E,37.974686,-1.131078,41,False,1,1
2026-09-28T06:05:06Z,1068D27506C4b,27506,C4b,6,37002,37011,2026-09-28T00:02:00,37012,17005,A,40.288372,-3.7373493,10,True,2,2
2026-09-28T06:05:06Z,1068D75037C8a,75037,C8a,6,97100,10100,2026-09-28T00:10:00,10203,17000,E,40.49547,-3.7261994,10,False,1,3
2026-09-28T06:05:06Z,1068D19945C1,19945,C1,0,98305,98304,2026-09-29T00:12:00,18000,98305,E,40.4924,-3.593483,10,False,2,1
2026-09-28T06:05:06Z,1068D27316C4a,27316,C4a,-1440,18000,18000,2026-09-29T00:06:00,18000,19003,E,40.40654,-3.6895106,10,True,7,7
2026-09-28T06:05:06Z,1068D75872C7,75872,C7,3,18002,18002,2026-09-27T23:59:00,18002,10000,E,40.44655,-3.691473,10,False,4,4
2026-09-28T06:05:06Z,1068D27818C5,27818,C5,0,35009,35001,2026-09-27T23:49:00,35012,35607,S,40.34086,-3.7482634,10,False,2,2
2026-09-28T06:05:06Z,1068D27817C5,27817,C5,-1440,35607,35607,2026-09-28T00:41:00,35607,35012,A,40.330883,-3.8823783,10,False,2,2
2026-09-28T06:05:06Z,1068D27995C5,27995,C5,18,35606,35607,2026-09-27T23:59:00,35607,35002,S,40.32875,-3.8636916,10,False,1,2
2026-09-28T06:05:06Z,1068D27512C4b,27512,C4b,-1424,18000,18000,2026-09-28T00:55:00,18000,17005,E,40.40654,-3.6895106,10,True,7,7
2026-09-28T06:05:06Z,1068D75530C2,75530,C2,-1437,70200,70200,2026-09-28T00:28:00,70200,17000,E,40.644257,-3.1823237,10,False,2,2
2026-09-28T06:05:06Z,1068D75035C8a,75035,C8a,19,10203,10203,2026-09-27T23:59:00,10203,17000,E,40.58532,-4.1321955,10,False,5,5
2026-09-28T06:05:06Z,1068D27815C5,27815,C5,0,18000,35609,2026-09-27T23:59:00,35607,35012,A,40.405067,-3.7026901,10,False,9,2
2026-09-28T06:05:06Z,1068D75877C7,75877,C7,4,10007,10010,2026-09-28T00:03:00,10000,70103,24.0,40.472656,-3.836884,10,True,1,1
2026-09-28T06:05:06Z,1068D27090C3,27090,C3,-1418,60200,60200,2026-09-28T00:00:00,60200,17000,E,40.035027,-3.6189713,10,True,4,4
2026-09-28T06:05:06Z,1068D75875C7,75875,C7,15,10000,10000,2026-09-27T23:59:00,10000,70103,E,40.42163,-3.7193205,10,False,7,7
2026-09-28T06:05:06Z,1068D19940C1,19940,C1,-1440,98305,98305,2026-09-29T00:05:00,98305,17000,E,40.4924,-3.593483,10,False,1,1
2026-09-28T06:05:06Z,1068D27094C3,27094,C3,-1432,60200,60200,2026-09-28T00:45:00,60200,17000,S,40.035027,-3.6189713,10,True,3,3
2026-09-28T06:05:06Z,1068D27508C4b,27508,C4b,3,18000,60100,2026-09-28T00:06:00,37012,17005,13.0,40.40084,-3.682559,10,True,7,1
2026-09-28T06:05:06Z,1068D75644C2,75644,C2,-1435,70200,70200,2026-09-28T00:58:00,70200,17000,A,40.644257,-3.1823237,10,True,2,2
2026-09-28T06:05:06Z,1068D27095C3,27095,C3,-1,60103,60102,2026-09-29T00:04:00,17000,60200,E,40.242844,-3.7038615,10,True,1,1
2026-09-28T06:05:06Z,1068D27092C3,27092,C3,-1425,60200,60200,2026-09-28T00:12:00,60200,17000,S,40.035027,-3.6189713,10,False,3,3
2026-09-28T06:05:06Z,1068D75268C10,75268,C10,5,10101,10103,2026-09-28T00:06:00,10200,17000,13.0,40.560028,-3.9011943,10,True,1,1
2026-09-28T06:05:06Z,1068D27822C5,27822,C5,0,35601,35600,2026-09-27T23:59:00,35012,35607,A,40.386257,-3.7610443,10,False,1,1
2026-09-28T06:05:06Z,1068D27093C3,27093,C3,-1435,17000,17000,2026-09-28T00:13:00,17000,60200,E,40.471382,-3.6834786,10,True,5,5
2026-09-28T06:05:06Z,1068D27643C8b,27643,C8b,-1437,12006,12006,2026-09-28T00:26:00,12006,17000,A,40.737614,-4.0662985,10,False,2,2
2026-09-28T06:05:06Z,1068D27820C5,27820,C5,0,37001,35009,2026-09-28T00:01:00,35012,35607,A,40.34086,-3.7482634,10,False,6,2
2026-09-28T06:05:06Z,1068D27317C4,27317,C4,-1441,17000,17000,2026-09-29T00:34:00,17000,37012,A,40.471325,-3.6833096,10,True,3,3
2026-09-28T06:05:06Z,1068D75172C10,75172,C10,1,18004,18003,2026-09-28T00:01:00,17000,10200,A,40.395943,-3.677964,10,True,1,1
2026-09-28T06:05:06Z,1068D27510C4b,27510,C4b,3,17001,17000,2026-09-28T00:05:00,18000,17005,S,40.501648,-3.6821797,10,True,2,2
2026-09-28T06:10:12Z,3068D23578C1,23578,C1,2,50602,50700,2026-09-28T00:06:54,51003,50600,E,37.58157,-5.6699624,30,False,2,2
2026-09-28T06:10:12Z,3068D23743C5,23743,C5,-1442,51003,51003,2026-09-28T00:38:59,51003,43005,A,37.392567,-5.9749837,30,False,9,9
2026-09-28T06:10:12Z,3068D23841C5,23841,C5,-1,43004,43005,2026-09-28T00:03:07,43005,51113,E,37.381527,-6.193782,30,False,,3
2026-09-28T06:10:12Z,3068D23581C1,23581,C1,0,51103,51111,2026-09-28T00:03:16,51003,51200,34.0,37.294693,-5.9445186,30,False,,1
2026-09-28T06:10:12Z,3268D23176C2,23176,C2,54,54408,54410,2026-09-28T00:03:00,54517,54405,39.0,36.723545,-4.5838585,32,False,,
2026-09-28T06:10:12Z,3268D23402C1,23402,C1,-1438,54517,54517,2026-09-28T00:38:19,54517,54516,A,36.715366,-4.4266005,32,False,1,1
2026-09-28T06:10:12Z,3268D23400C1,23400,C1,3,54503,54501,2026-09-28T00:02:10,54517,54516,26.0,36.695095,-4.4762516,32,False,2,2
2026-09-28T06:10:12Z,5168D25472R2N,25472,R2N,-2,71801,71802,2026-09-28T00:02:47,79100,72400,E,41.37954,2.1411655,50,True,,
2026-09-28T06:10:12Z,5168D77468R4,77468,R4,-1432,78700,78700,2026-09-28T00:27:51,78700,71600,A,41.56993,2.0143688,50,False,,
2026-09-28T06:10:12Z,5168D35564R4,35564,R4,-1431,72209,72209,2026-09-28T00:00:49,72209,78600,A,41.47872,1.9255537,50,False,,
2026-09-28T06:10:12Z,5168D15023R15,15023,R15,52,71502,71500,2026-09-28T00:03:56,71400,79400,60.0,41.129208,1.2999328,50,False,,
2026-09-28T06:10:12Z,5168D25795R1,25795,R1,-1,79403,79404,2026-09-28T00:02:38,79500,72305,E,41.445705,2.2490852,50,False,,1
2026-09-28T06:10:12Z,5168D28393R2S,28393,R2S,-2,71802,71801,2026-09-28T00:01:35,71700,79400,A,41.379513,2.1412146,50,False,,
2026-09-28T06:10:12Z,5168D77464R4,77464,R4,11,78604,78600,2026-09-28T00:05:15,78600,71600,41.0,41.686344,1.8386431,50,False,,
2026-09-28T06:10:12Z,5168D25470R2N,25470,R2N,3,79006,79007,2026-09-28T00:03:54,79104,72400,E,41.533474,2.2177799,50,True,1,
2026-09-28T06:10:12Z,5168D25567R2S,25567,R2S,2,71604,71603,2026-09-28T00:01:57,71600,79400,E,41.20413,1.6760199,50,False,,
2026-09-28T06:10:12Z,5168D28490R2,28490,R2,0,71705,71704,2026-09-28T00:02:22,71700,79104,20.0,41.278507,1.9790424,50,True,,
2026-09-28T06:10:12Z,6068D26577C3,26577,C3,4,13119,13120,2026-09-28T00:00:52,13200,13100,E,43.240112,-2.924082,60,False,,1
2026-09-28T06:10:12Z,6068D35689C3,35689,C3,2,13121,13102,2026-09-28T00:02:16,13200,13100,E,43.05786,-2.996093,60,True,1,1
2026-09-28T06:10:12Z,6068D26576C3,26576,C3,6,13115,13109,2026-09-28T00:01:18,13100,13200,E,43.176933,-2.909058,60,True,2,2
2026-09-28T06:10:12Z,6168D35654C1,35654,C1,4,11409,11408,2026-09-28T00:00:03,11400,11508,95.0,43.094822,-2.1242988,61,False,,2
2026-09-28T06:10:12Z,6268D71185C2,71185,C2,1,05605,05604,2026-09-28T00:02:19,14223,05637,41.0,43.44704,-3.8820617,62,False,,2
2026-09-28T06:10:12Z,2068D22237C2,22237,C2,49,16011,16010,2026-09-28T00:01:00,15211,16011,E,43.28714,-5.6448464,20,False,1,1
2026-09-28T06:10:12Z,2068D22372C3,22372,C3,3,16403,16401,2026-09-28T00:03:00,15211,16403,E,43.56141,-5.922727,20,False,1,2
2026-09-28T06:10:12Z,2068D22373C3,22373,C3,7,16403,16403,2026-09-27T23:59:00,16403,15211,A,43.56141,-5.922727,20,False,1,1
2026-09-28T06:10:12Z,2068D70237C4,70237,C4,-1432,15410,15410,2026-09-28T00:03:00,15410,16403,A,43.537647,-5.67596,20,False,12,12
2026-09-28T06:10:12Z,2068D22358C3,22358,C3,-1441,15218,15218,2026-09-29T00:00:00,15218,16405,A,43.3588,-5.8573804,20,False,2,2
2026-09-28T06:10:12Z,2068D22132C1,22132,C1,0,15217,15211,2026-09-28T00:03:00,15218,17000,S,43.38812,-5.8272715,20,False,2,2
2026-09-28T06:10:12Z,4168D84931C2,84931,C2,87,61200,06002,2026-09-28T00:34:00,06006,61200,E,37.97462,-1.1315287,41,False,1,2
2026-09-28T06:10:12Z,4168D24722C1,24722,C1,13,62109,60911,2026-09-28T00:10:00,60911,61200,A,38.34553,-0.49576503,41,False,1,1
2026-09-28T06:10:12Z,4168D24723C1,24723,C1,-1425,61200,61200,2026-09-28T00:14:00,61200,60911,E,37.974686,-1.131078,41,False,1,1
2026-09-28T06:10:12Z,1068D27506C4b,27506,C4b,6,37002,37011,2026-09-28T00:02:00,37012,17005,A,40.288372,-3.7373493,10,True,2,2
2026-09-28T06:10:12Z,1068D75037C8a,75037,C8a,6,97100,10100,2026-09-28T00:10:00,10203,17000,E,40.49547,-3.7261994,10,False,1,3
2026-09-28T06:10:12Z,1068D19945C1,19945,C1,0,98305,98304,2026-09-29T00:12:00,18000,98305,E,40.4924,-3.593483,10,False,2,1
2026-09-28T06:10:12Z,1068D27316C4a,27316,C4a,-1440,18000,18000,2026-09-29T00:06:00,18000,19003,E,40.40654,-3.6895106,10,True,7,7
2026-09-28T06:10:12Z,1068D75872C7,75872,C7,3,18002,18002,2026-09-27T23:59:00,18002,10000,E,40.44655,-3.691473,10,False,4,4
2026-09-28T06:10:12Z,1068D27818C5,27818,C5,0,35009,35001,2026-09-27T23:49:00,35012,35607,S,40.34086,-3.7482634,10,False,2,2
2026-09-28T06:10:12Z,1068D27817C5,27817,C5,-1440,35607,35607,2026-09-28T00:41:00,35607,35012,A,40.330883,-3.8823783,10,False,2,2
2026-09-28T06:10:12Z,1068D27995C5,27995,C5,18,35606,35607,2026-09-27T23:59:00,35607,35002,S,40.32875,-3.8636916,10,False,1,2
2026-09-28T06:10:12Z,1068D27512C4b,27512,C4b,-1424,18000,18000,2026-09-28T00:55:00,18000,17005,E,40.40654,-3.6895106,10,True,7,7
2026-09-28T06:10:12Z,1068D75530C2,75530,C2,-1437,70200,70200,2026-09-28T00:28:00,70200,17000,E,40.644257,-3.1823237,10,False,2,2
2026-09-28T06:10:12Z,1068D75035C8a,75035,C8a,19,10203,10203,2026-09-27T23:59:00,10203,17000,E,40.58532,-4.1321955,10,False,5,5
2026-09-28T06:10:12Z,1068D27815C5,27815,C5,0,18000,35609,2026-09-27T23:59:00,35607,35012,A,40.405067,-3.7026901,10,False,9,2
2026-09-28T06:10:12Z,1068D75877C7,75877,C7,4,10007,10010,2026-09-28T00:03:00,10000,70103,24.0,40.472656,-3.836884,10,True,1,1
2026-09-28T06:10:12Z,1068D27090C3,27090,C3,-1418,60200,60200,2026-09-28T00:00:00,60200,17000,E,40.035027,-3.6189713,10,True,4,4
2026-09-28T06:10:12Z,1068D75875C7,75875,C7,15,10000,10000,2026-09-27T23:59:00,10000,70103,E,40.42163,-3.7193205,10,False,7,7
2026-09-28T06:10:12Z,1068D19940C1,19940,C1,-1440,98305,98305,2026-09-29T00:05:00,98305,17000,E,40.4924,-3.593483,10,False,1,1
2026-09-28T06:10:12Z,1068D27094C3,27094,C3,-1432,60200,60200,2026-09-28T00:45:00,60200,17000,S,40.035027,-3.6189713,10,True,3,3
2026-09-28T06:10:12Z,1068D27508C4b,27508,C4b,3,18000,60100,2026-09-28T00:06:00,37012,17005,13.0,40.40084,-3.682559,10,True,7,1
2026-09-28T06:10:12Z,1068D75644C2,75644,C2,-1435,70200,70200,2026-09-28T00:58:00,70200,17000,A,40.644257,-3.1823237,10,True,2,2
2026-09-28T06:10:12Z,1068D27095C3,27095,C3,-1,60103,60102,2026-09-29T00:04:00,17000,60200,E,40.242844,-3.7038615,10,True,1,1
2026-09-28T06:10:12Z,1068D27092C3,27092,C3,-1425,60200,60200,2026-09-28T00:12:00,60200,17000,S,40.035027,-3.6189713,10,False,3,3
2026-09-28T06:10:12Z,1068D75268C10,75268,C10,5,10101,10103,2026-09-28T00:06:00,10200,17000,13.0,40.560028,-3.9011943,10,True,1,1
2026-09-28T06:10:12Z,1068D27822C5,27822,C5,0,35601,35600,2026-09-27T23:59:00,35012,35607,A,40.386257,-3.7610443,10,False,1,1
2026-09-28T06:10:12Z,1068D27093C3,27093,C3,-1435,17000,17000,2026-09-28T00:13:00,17000,60200,E,40.471382,-3.6834786,10,True,5,5
2026-09-28T06:10:12Z,1068D27643C8b,27643,C8b,-1437,12006,12006,2026-09-28T00:26:00,12006,17000,A,40.737614,-4.0662985,10,False,2,2
2026-09-28T06:10:12Z,1068D27820C5,27820,C5,0,37001,35009,2026-09-28T00:01:00,35012,35607,A,40.34086,-3.7482634,10,False,6,2
2026-09-28T06:10:12Z,1068D27317C4,27317,C4,-1441,17000,17000,2026-09-29T00:34:00,17000,37012,A,40.471325,-3.6833096,10,True,3,3
2026-09-28T06:10:12Z,1068D75172C10,75172,C10,1,18004,18003,2026-09-28T00:01:00,17000,10200,A,40.395943,-3.677964,10,True,1,1
2026-09-28T06:10:12Z,1068D27510C4b,27510,C4b,3,17001,17000,2026-09-28T00:05:00,18000,17005,S,40.501648,-3.6821797,10,True,2,2
2026-09-28T06:14:42Z,3068D23578C1,23578,C1,2,50602,50700,2026-09-28T00:06:54,51003,50600,E,37.58157,-5.6699624,30,False,2,2
2026-09-28T06:14:42Z,3068D23743C5,23743,C5,-1442,51003,51003,2026-09-28T00:38:59,51003,43005,A,37.392567,-5.9749837,30,False,9,9
2026-09-28T06:14:42Z,3068D23841C5,23841,C5,-1,43004,43005,2026-09-28T00:03:07,43005,51113,E,37.381527,-6.193782,30,False,,3
2026-09-28T06:14:42Z,3068D23581C1,23581,C1,0,51103,51111,2026-09-28T00:03:16,51003,51200,34.0,37.294693,-5.9445186,30,False,,1
2026-09-28T06:14:42Z,3268D23176C2,23176,C2,54,54408,54410,2026-09-28T00:03:00,54517,54405,39.0,36.723545,-4.5838585,32,False,,
2026-09-28T06:14:42Z,3268D23402C1,23402,C1,-1438,54517,54517,2026-09-28T00:38:19,54517,54516,A,36.715366,-4.4266005,32,False,1,1
2026-09-28T06:14:42Z,3268D23400C1,23400,C1,3,54503,54501,2026-09-28T00:02:10,54517,54516,26.0,36.695095,-4.4762516,32,False,2,2
2026-09-28T06:14:42Z,5168D25472R2N,25472,R2N,-2,71801,71802,2026-09-28T00:02:47,79100,72400,E,41.37954,2.1411655,50,True,,
2026-09-28T06:14:42Z,5168D77468R4,77468,R4,-1432,78700,78700,2026-09-28T00:27:51,78700,71600,A,41.56993,2.0143688,50,False,,
2026-09-28T06:14:42Z,5168D35564R4,35564,R4,-1431,72209,72209,2026-09-28T00:00:49,72209,78600,A,41.47872,1.9255537,50,False,,
2026-09-28T06:14:42Z,5168D15023R15,15023,R15,52,71502,71500,2026-09-28T00:03:56,71400,79400,60.0,41.129208,1.2999328,50,False,,
2026-09-28T06:14:42Z,5168D25795R1,25795,R1,-1,79403,79404,2026-09-28T00:02:38,79500,72305,E,41.445705,2.2490852,50,False,,1
2026-09-28T06:14:42Z,5168D28393R2S,28393,R2S,-2,71802,71801,2026-09-28T00:01:35,71700,79400,A,41.379513,2.1412146,50,False,,
2026-09-28T06:14:42Z,5168D77464R4,77464,R4,11,78604,78600,2026-09-28T00:05:15,78600,71600,41.0,41.686344,1.8386431,50,False,,
2026-09-28T06:14:42Z,5168D25470R2N,25470,R2N,3,79006,79007,2026-09-28T00:03:54,79104,72400,E,41.533474,2.2177799,50,True,1,
2026-09-28T06:14:42Z,5168D25567R2S,25567,R2S,2,71604,71603,2026-09-28T00:01:57,71600,79400,E,41.20413,1.6760199,50,False,,
2026-09-28T06:14:42Z,5168D28490R2,28490,R2,0,71705,71704,2026-09-28T00:02:22,71700,79104,20.0,41.278507,1.9790424,50,True,,
2026-09-28T06:14:42Z,6068D26577C3,26577,C3,4,13119,13120,2026-09-28T00:00:52,13200,13100,E,43.240112,-2.924082,60,False,,1
2026-09-28T06:14:42Z,6068D35689C3,35689,C3,2,13121,13102,2026-09-28T00:02:16,13200,13100,E,43.05786,-2.996093,60,True,1,1
2026-09-28T06:14:42Z,6068D26576C3,26576,C3,6,13115,13109,2026-09-28T00:01:18,13100,13200,E,43.176933,-2.909058,60,True,2,2
2026-09-28T06:14:42Z,6168D35654C1,35654,C1,4,11409,11408,2026-09-28T00:00:03,11400,11508,95.0,43.094822,-2.1242988,61,False,,2
2026-09-28T06:14:42Z,6268D71185C2,71185,C2,1,05605,05604,2026-09-28T00:02:19,14223,05637,41.0,43.44704,-3.8820617,62,False,,2
2026-09-28T06:14:42Z,2068D22237C2,22237,C2,49,16011,16010,2026-09-28T00:01:00,15211,16011,E,43.28714,-5.6448464,20,False,1,1
2026-09-28T06:14:42Z,2068D22372C3,22372,C3,3,16403,16401,2026-09-28T00:03:00,15211,16403,E,43.56141,-5.922727,20,False,1,2
2026-09-28T06:14:42Z,2068D22373C3,22373,C3,7,16403,16403,2026-09-27T23:59:00,16403,15211,A,43.56141,-5.922727,20,False,1,1
2026-09-28T06:14:42Z,2068D70237C4,70237,C4,-1432,15410,15410,2026-09-28T00:03:00,15410,16403,A,43.537647,-5.67596,20,False,12,12
2026-09-28T06:14:42Z,2068D22358C3,22358,C3,-1441,15218,15218,2026-09-29T00:00:00,15218,16405,A,43.3588,-5.8573804,20,False,2,2
2026-09-28T06:14:42Z,2068D22132C1,22132,C1,0,15217,15211,2026-09-28T00:03:00,15218,17000,S,43.38812,-5.8272715,20,False,2,2
2026-09-28T06:14:42Z,4168D84931C2,84931,C2,87,61200,06002,2026-09-28T00:34:00,06006,61200,E,37.97462,-1.1315287,41,False,1,2
2026-09-28T06:14:42Z,4168D24722C1,24722,C1,13,62109,60911,2026-09-28T00:10:00,60911,61200,A,38.34553,-0.49576503,41,False,1,1
2026-09-28T06:14:42Z,4168D24723C1,24723,C1,-1425,61200,61200,2026-09-28T00:14:00,61200,60911,E,37.974686,-1.131078,41,False,1,1
2026-09-28T06:14:42Z,1068D27506C4b,27506,C4b,6,37002,37011,2026-09-28T00:02:00,37012,17005,A,40.288372,-3.7373493,10,True,2,2
2026-09-28T06:14:42Z,1068D75037C8a,75037,C8a,6,97100,10100,2026-09-28T00:10:00,10203,17000,E,40.49547,-3.7261994,10,False,1,3
2026-09-28T06:14:42Z,1068D19945C1,19945,C1,0,98305,98304,2026-09-29T00:12:00,18000,98305,E,40.4924,-3.593483,10,False,2,1
2026-09-28T06:14:42Z,1068D27316C4a,27316,C4a,-1440,18000,18000,2026-09-29T00:06:00,18000,19003,E,40.40654,-3.6895106,10,True,7,7
2026-09-28T06:14:42Z,1068D75872C7,75872,C7,3,18002,18002,2026-09-27T23:59:00,18002,10000,E,40.44655,-3.691473,10,False,4,4
2026-09-28T06:14:42Z,1068D27818C5,27818,C5,0,35009,35001,2026-09-27T23:49:00,35012,35607,S,40.34086,-3.7482634,10,False,2,2
2026-09-28T06:14:42Z,1068D27817C5,27817,C5,-1440,35607,35607,2026-09-28T00:41:00,35607,35012,A,40.330883,-3.8823783,10,False,2,2
2026-09-28T06:14:42Z,1068D27995C5,27995,C5,18,35606,35607,2026-09-27T23:59:00,35607,35002,S,40.32875,-3.8636916,10,False,1,2
2026-09-28T06:14:42Z,1068D27512C4b,27512,C4b,-1424,18000,18000,2026-09-28T00:55:00,18000,17005,E,40.40654,-3.6895106,10,True,7,7
2026-09-28T06:14:42Z,1068D75530C2,75530,C2,-1437,70200,70200,2026-09-28T00:28:00,70200,17000,E,40.644257,-3.1823237,10,False,2,2
2026-09-28T06:14:42Z,1068D75035C8a,75035,C8a,19,10203,10203,2026-09-27T23:59:00,10203,17000,E,40.58532,-4.1321955,10,False,5,5
2026-09-28T06:14:42Z,1068D27815C5,27815,C5,0,18000,35609,2026-09-27T23:59:00,35607,35012,A,40.405067,-3.7026901,10,False,9,2
2026-09-28T06:14:42Z,1068D75877C7,75877,C7,4,10007,10010,2026-09-28T00:03:00,10000,70103,24.0,40.472656,-3.836884,10,True,1,1
2026-09-28T06:14:42Z,1068D27090C3,27090,C3,-1418,60200,60200,2026-09-28T00:00:00,60200,17000,E,40.035027,-3.6189713,10,True,4,4
2026-09-28T06:14:42Z,1068D75875C7,75875,C7,15,10000,10000,2026-09-27T23:59:00,10000,70103,E,40.42163,-3.7193205,10,False,7,7
2026-09-28T06:14:42Z,1068D19940C1,19940,C1,-1440,98305,98305,2026-09-29T00:05:00,98305,17000,E,40.4924,-3.593483,10,False,1,1
2026-09-28T06:14:42Z,1068D27094C3,27094,C3,-1432,60200,60200,2026-09-28T00:45:00,60200,17000,S,40.035027,-3.6189713,10,True,3,3
2026-09-28T06:14:42Z,1068D27508C4b,27508,C4b,3,18000,60100,2026-09-28T00:06:00,37012,17005,13.0,40.40084,-3.682559,10,True,7,1
2026-09-28T06:14:42Z,1068D75644C2,75644,C2,-1435,70200,70200,2026-09-28T00:58:00,70200,17000,A,40.644257,-3.1823237,10,True,2,2
2026-09-28T06:14:42Z,1068D27095C3,27095,C3,-1,60103,60102,2026-09-29T00:04:00,17000,60200,E,40.242844,-3.7038615,10,True,1,1
2026-09-28T06:14:42Z,1068D27092C3,27092,C3,-1425,60200,60200,2026-09-28T00:12:00,60200,17000,S,40.035027,-3.6189713,10,False,3,3
2026-09-28T06:14:42Z,1068D75268C10,75268,C10,5,10101,10103,2026-09-28T00:06:00,10200,17000,13.0,40.560028,-3.9011943,10,True,1,1
2026-09-28T06:14:42Z,1068D27822C5,27822,C5,0,35601,35600,2026-09-27T23:59:00,35012,35607,A,40.386257,-3.7610443,10,False,1,1
2026-09-28T06:14:42Z,1068D27093C3,27093,C3,-1435,17000,17000,2026-09-28T00:13:00,17000,60200,E,40.471382,-3.6834786,10,True,5,5
2026-09-28T06:14:42Z,1068D27643C8b,27643,C8b,-1437,12006,12006,2026-09-28T00:26:00,12006,17000,A,40.737614,-4.0662985,10,False,2,2
2026-09-28T06:14:42Z,1068D27820C5,27820,C5,0,37001,35009,2026-09-28T00:01:00,35012,35607,A,40.34086,-3.7482634,10,False,6,2
2026-09-28T06:14:42Z,1068D27317C4,27317,C4,-1441,17000,17000,2026-09-29T00:34:00,17000,37012,A,40.471325,-3.6833096,10,True,3,3
2026-09-28T06:14:42Z,1068D75172C10,75172,C10,1,18004,18003,2026-09-28T00:01:00,17000,10200,A,40.395943,-3.677964,10,True,1,1
2026-09-28T06:14:42Z,1068D27510C4b,27510,C4b,3,17001,17000,2026-09-28T00:05:00,18000,17005,S,40.501648,-3.6821797,10,True,2,2
2026-09-28T06:20:23Z,3068D23578C1,23578,C1,2,50602,50700,2026-09-28T00:06:54,51003,50600,E,37.58157,-5.6699624,30,False,2,2
2026-09-28T06:20:23Z,3068D23743C5,23743,C5,-1442,51003,51003,2026-09-28T00:38:59,51003,43005,A,37.392567,-5.9749837,30,False,9,9
2026-09-28T06:20:23Z,3068D23841C5,23841,C5,-1,43004,43005,2026-09-28T00:03:07,43005,51113,E,37.381527,-6.193782,30,False,,3
2026-09-28T06:20:23Z,3068D23581C1,23581,C1,0,51103,51111,2026-09-28T00:03:16,51003,51200,34.0,37.294693,-5.9445186,30,False,,1
2026-09-28T06:20:23Z,3268D23176C2,23176,C2,54,54408,54410,2026-09-28T00:03:00,54517,54405,39.0,36.723545,-4.5838585,32,False,,
2026-09-28T06:20:23Z,3268D23402C1,23402,C1,-1438,54517,54517,2026-09-28T00:38:19,54517,54516,A,36.715366,-4.4266005,32,False,1,1
2026-09-28T06:20:23Z,3268D23400C1,23400,C1,3,54503,54501,2026-09-28T00:02:10,54517,54516,26.0,36.695095,-4.4762516,32,False,2,2
2026-09-28T06:20:23Z,5168D25472R2N,25472,R2N,-2,71801,71802,2026-09-28T00:02:47,79100,72400,E,41.37954,2.1411655,50,True,,
2026-09-28T06:20:23Z,5168D77468R4,77468,R4,-1432,78700,78700,2026-09-28T00:27:51,78700,71600,A,41.56993,2.0143688,50,False,,
2026-09-28T06:20:23Z,5168D35564R4,35564,R4,-1431,72209,72209,2026-09-28T00:00:49,72209,78600,A,41.47872,1.9255537,50,False,,
2026-09-28T06:20:23Z,5168D15023R15,15023,R15,52,71502,71500,2026-09-28T00:03:56,71400,79400,60.0,41.129208,1.2999328,50,False,,
2026-09-28T06:20:23Z,5168D25795R1,25795,R1,-1,79403,79404,2026-09-28T00:02:38,79500,72305,E,41.445705,2.2490852,50,False,,1
2026-09-28T06:20:23Z,5168D28393R2S,28393,R2S,-2,71802,71801,2026-09-28T00:01:35,71700,79400,A,41.379513,2.1412146,50,False,,
2026-09-28T06:20:23Z,5168D77464R4,77464,R4,11,78604,78600,2026-09-28T00:05:15,78600,71600,41.0,41.686344,1.8386431,50,False,,
2026-09-28T06:20:23Z,5168D25470R2N,25470,R2N,3,79006,79007,2026-09-28T00:03:54,79104,72400,E,41.533474,2.2177799,50,True,1,
2026-09-28T06:20:23Z,5168D25567R2S,25567,R2S,2,71604,71603,2026-09-28T00:01:57,71600,79400,E,41.20413,1.6760199,50,False,,
2026-09-28T06:20:23Z,5168D28490R2,28490,R2,0,71705,71704,2026-09-28T00:02:22,71700,79104,20.0,41.278507,1.9790424,50,True,,
2026-09-28T06:20:23Z,6068D26577C3,26577,C3,4,13119,13120,2026-09-28T00:00:52,13200,13100,E,43.240112,-2.924082,60,False,,1
2026-09-28T06:20:23Z,6068D35689C3,35689,C3,2,13121,13102,2026-09-28T00:02:16,13200,13100,E,43.05786,-2.996093,60,True,1,1
2026-09-28T06:20:23Z,6068D26576C3,26576,C3,6,13115,13109,2026-09-28T00:01:18,13100,13200,E,43.176933,-2.909058,60,True,2,2
2026-09-28T06:20:23Z,6168D35654C1,35654,C1,4,11409,11408,2026-09-28T00:00:03,11400,11508,95.0,43.094822,-2.1242988,61,False,,2
2026-09-28T06:20:23Z,6268D71185C2,71185,C2,1,05605,05604,2026-09-28T00:02:19,14223,05637,41.0,43.44704,-3.8820617,62,False,,2
2026-09-28T06:20:23Z,2068D22237C2,22237,C2,49,16011,16010,2026-09-28T00:01:00,15211,16011,E,43.28714,-5.6448464,20,False,1,1
2026-09-28T06:20:23Z,2068D22372C3,22372,C3,3,16403,16401,2026-09-28T00:03:00,15211,16403,E,43.56141,-5.922727,20,False,1,2
2026-09-28T06:20:23Z,2068D22373C3,22373,C3,7,16403,16403,2026-09-27T23:59:00,16403,15211,A,43.56141,-5.922727,20,False,1,1
2026-09-28T06:20:23Z,2068D70237C4,70237,C4,-1432,15410,15410,2026-09-28T00:03:00,15410,16403,A,43.537647,-5.67596,20,False,12,12
2026-09-28T06:20:23Z,2068D22358C3,22358,C3,-1441,15218,15218,2026-09-29T00:00:00,15218,16405,A,43.3588,-5.8573804,20,False,2,2
2026-09-28T06:20:23Z,2068D22132C1,22132,C1,0,15217,15211,2026-09-28T00:03:00,15218,17000,S,43.38812,-5.8272715,20,False,2,2
2026-09-28T06:20:23Z,4168D84931C2,84931,C2,87,61200,06002,2026-09-28T00:34:00,06006,61200,E,37.97462,-1.1315287,41,False,1,2
2026-09-28T06:20:23Z,4168D24722C1,24722,C1,13,62109,60911,2026-09-28T00:10:00,60911,61200,A,38.34553,-0.49576503,41,False,1,1
2026-09-28T06:20:23Z,4168D24723C1,24723,C1,-1425,61200,61200,2026-09-28T00:14:00,61200,60911,E,37.974686,-1.131078,41,False,1,1
2026-09-28T06:20:23Z,1068D27506C4b,27506,C4b,6,37002,37011,2026-09-28T00:02:00,37012,17005,A,40.288372,-3.7373493,10,True,2,2
2026-09-28T06:20:23Z,1068D75037C8a,75037,C8a,6,97100,10100,2026-09-28T00:10:00,10203,17000,E,40.49547,-3.7261994,10,False,1,3
2026-09-28T06:20:23Z,1068D19945C1,19945,C1,0,98305,98304,2026-09-29T00:12:00,18000,98305,E,40.4924,-3.593483,10,False,2,1
2026-09-28T06:20:23Z,1068D27316C4a,27316,C4a,-1440,18000,18000,2026-09-29T00:06:00,18000,19003,E,40.40654,-3.6895106,10,True,7,7
2026-09-28T06:20:23Z,1068D75872C7,75872,C7,3,18002,18002,2026-09-27T23:59:00,18002,10000,E,40.44655,-3.691473,10,False,4,4
2026-09-28T06:20:23Z,1068D27818C5,27818,C5,0,35009,35001,2026-09-27T23:49:00,35012,35607,S,40.34086,-3.7482634,10,False,2,2
2026-09-28T06:20:23Z,1068D27817C5,27817,C5,-1440,35607,35607,2026-09-28T00:41:00,35607,35012,A,40.330883,-3.8823783,10,False,2,2
2026-09-28T06:20:23Z,1068D27995C5,27995,C5,18,35606,35607,2026-09-27T23:59:00,35607,35002,S,40.32875,-3.8636916,10,False,1,2
2026-09-28T06:20:23Z,1068D27512C4b,27512,C4b,-1424,18000,18000,2026-09-28T00:55:00,18000,17005,E,40.40654,-3.6895106,10,True,7,7
2026-09-28T06:20:23Z,1068D75530C2,75530,C2,-1437,70200,70200,2026-09-28T00:28:00,70200,17000,E,40.644257,-3.1823237,10,False,2,2
2026-09-28T06:20:23Z,1068D75035C8a,75035,C8a,19,10203,10203,2026-09-27T23:59:00,10203,17000,E,40.58532,-4.1321955,10,False,5,5
2026-09-28T06:20:23Z,1068D27815C5,27815,C5,0,18000,35609,2026-09-27T23:59:00,35607,35012,A,40.405067,-3.7026901,10,False,9,2
2026-09-28T06:20:23Z,1068D75877C7,75877,C7,4,10007,10010,2026-09-28T00:03:00,10000,70103,24.0,40.472656,-3.836884,10,True,1,1
2026-09-28T06:20:23Z,1068D27090C3,27090,C3,-1418,60200,60200,2026-09-28T00:00:00,60200,17000,E,40.035027,-3.6189713,10,True,4,4
2026-09-28T06:20:23Z,1068D75875C7,75875,C7,15,10000,10000,2026-09-27T23:59:00,10000,70103,E,40.42163,-3.7193205,10,False,7,7
2026-09-28T06:20:23Z,1068D19940C1,19940,C1,-1440,98305,98305,2026-09-29T00:05:00,98305,17000,E,40.4924,-3.593483,10,False,1,1
2026-09-28T06:20:23Z,1068D27094C3,27094,C3,-1432,60200,60200,2026-09-28T00:45:00,60200,17000,S,40.035027,-3.6189713,10,True,3,3
2026-09-28T06:20:23Z,1068D27508C4b,27508,C4b,3,18000,60100,2026-09-28T00:06:00,37012,17005,13.0,40.40084,-3.682559,10,True,7,1
2026-09-28T06:20:23Z,1068D75644C2,75644,C2,-1435,70200,70200,2026-09-28T00:58:00,70200,17000,A,40.644257,-3.1823237,10,True,2,2
2026-09-28T06:20:23Z,1068D27095C3,27095,C3,-1,60103,60102,2026-09-29T00:04:00,17000,60200,E,40.242844,-3.7038615,10,True,1,1
2026-09-28T06:20:23Z,1068D27092C3,27092,C3,-1425,60200,60200,2026-09-28T00:12:00,60200,17000,S,40.035027,-3.6189713,10,False,3,3
2026-09-28T06:20:23Z,1068D75268C10,75268,C10,5,10101,10103,2026-09-28T00:06:00,10200,17000,13.0,40.560028,-3.9011943,10,True,1,1
2026-09-28T06:20:23Z,1068D27822C5,27822,C5,0,35601,35600,2026-09-27T23:59:00,35012,35607,A,40.386257,-3.7610443,10,False,1,1
2026-09-28T06:20:23Z,1068D27093C3,27093,C3,-1435,17000,17000,2026-09-28T00:13:00,17000,60200,E,40.471382,-3.6834786,10,True,5,5
2026-09-28T06:20:23Z,1068D27643C8b,27643,C8b,-1437,12006,12006,2026-09-28T00:26:00,12006,17000,A,40.737614,-4.0662985,10,False,2,2
2026-09-28T06:20:23Z,1068D27820C5,27820,C5,0,37001,35009,2026-09-28T00:01:00,35012,35607,A,40.34086,-3.7482634,10,False,6,2
2026-09-28T06:20:23Z,1068D27317C4,27317,C4,-1441,17000,17000,2026-09-29T00:34:00,17000,37012,A,40.471325,-3.6833096,10,True,3,3
2026-09-28T06:20:23Z,1068D75172C10,75172,C10,1,18004,18003,2026-09-28T00:01:00,17000,10200,A,40.395943,-3.677964,10,True,1,1
2026-09-28T06:20:23Z,1068D27510C4b,27510,C4b,3,17001,17000,2026-09-28T00:05:00,18000,17005,S,40.501648,-3.6821797,10,True,2,2
2026-09-28T06:24:43Z,3068D23578C1,23578,C1,2,50602,50700,2026-09-28T00:06:54,51003,50600,E,37.58157,-5.6699624,30,False,2,2
2026-09-28T06:24:43Z,3068D23743C5,23743,C5,-1442,51003,51003,2026-09-28T00:38:59,51003,43005,A,37.392567,-5.9749837,30,False,9,9
2026-09-28T06:24:43Z,3068D23841C5,23841,C5,-1,43004,43005,2026-09-28T00:03:07,43005,51113,E,37.381527,-6.193782,30,False,,3
2026-09-28T06:24:43Z,3068D23581C1,23581,C1,0,51103,51111,2026-09-28T00:03:16,51003,51200,34.0,37.294693,-5.9445186,30,False,,1
2026-09-28T06:24:43Z,3268D23176C2,23176,C2,54,54408,54410,2026-09-28T00:03:00,54517,54405,39.0,36.723545,-4.5838585,32,False,,
2026-09-28T06:24:43Z,3268D23402C1,23402,C1,-1438,54517,54517,2026-09-28T00:38:19,54517,54516,A,36.715366,-4.4266005,32,False,1,1
2026-09-28T06:24:43Z,3268D23400C1,23400,C1,3,54503,54501,2026-09-28T00:02:10,54517,54516,26.0,36.695095,-4.4762516,32,False,2,2
2026-09-28T06:24:43Z,5168D25472R2N,25472,R2N,-2,71801,71802,2026-09-28T00:02:47,79100,72400,E,41.37954,2.1411655,50,True,,
2026-09-28T06:24:43Z,5168D77468R4,77468,R4,-1432,78700,78700,2026-09-28T00:27:51,78700,71600,A,41.56993,2.0143688,50,False,,
2026-09-28T06:24:43Z,5168D35564R4,35564,R4,-1431,72209,72209,2026-09-28T00:00:49,72209,78600,A,41.47872,1.9255537,50,False,,
2026-09-28T06:24:43Z,5168D15023R15,15023,R15,52,71502,71500,2026-09-28T00:03:56,71400,79400,60.0,41.129208,1.2999328,50,False,,
2026-09-28T06:24:43Z,5168D25795R1,25795,R1,-1,79403,79404,2026-09-28T00:02:38,79500,72305,E,41.445705,2.2490852,50,False,,1
2026-09-28T06:24:43Z,5168D28393R2S,28393,R2S,-2,71802,71801,2026-09-28T00:01:35,71700,79400,A,41.379513,2.1412146,50,False,,
2026-09-28T06:24:43Z,5168D77464R4,77464,R4,11,78604,78600,2026-09-28T00:05:15,78600,71600,41.0,41.686344,1.8386431,50,False,,
2026-09-28T06:24:43Z,5168D25470R2N,25470,R2N,3,79006,79007,2026-09-28T00:03:54,79104,72400,E,41.533474,2.2177799,50,True,1,
2026-09-28T06:24:43Z,5168D25567R2S,25567,R2S,2,71604,71603,2026-09-28T00:01:57,71600,79400,E,41.20413,1.6760199,50,False,,
2026-09-28T06:24:43Z,5168D28490R2,28490,R2,0,71705,71704,2026-09-28T00:02:22,71700,79104,20.0,41.278507,1.9790424,50,True,,
2026-09-28T06:24:43Z,6068D26577C3,26577,C3,4,13119,13120,2026-09-28T00:00:52,13200,13100,E,43.240112,-2.924082,60,False,,1
2026-09-28T06:24:43Z,6068D35689C3,35689,C3,2,13121,13102,2026-09-28T00:02:16,13200,13100,E,43.05786,-2.996093,60,True,1,1
2026-09-28T06:24:43Z,6068D26576C3,26576,C3,6,13115,13109,2026-09-28T00:01:18,13100,13200,E,43.176933,-2.909058,60,True,2,2
2026-09-28T06:24:43Z,6168D35654C1,35654,C1,4,11409,11408,2026-09-28T00:00:03,11400,11508,95.0,43.094822,-2.1242988,61,False,,2
2026-09-28T06:24:43Z,6268D71185C2,71185,C2,1,05605,05604,2026-09-28T00:02:19,14223,05637,41.0,43.44704,-3.8820617,62,False,,2
2026-09-28T06:24:43Z,2068D22237C2,22237,C2,49,16011,16010,2026-09-28T00:01:00,15211,16011,E,43.28714,-5.6448464,20,False,1,1
2026-09-28T06:24:43Z,2068D22372C3,22372,C3,3,16403,16401,2026-09-28T00:03:00,15211,16403,E,43.56141,-5.922727,20,False,1,2
2026-09-28T06:24:43Z,2068D22373C3,22373,C3,7,16403,16403,2026-09-27T23:59:00,16403,15211,A,43.56141,-5.922727,20,False,1,1
2026-09-28T06:24:43Z,2068D70237C4,70237,C4,-1432,15410,15410,2026-09-28T00:03:00,15410,16403,A,43.537647,-5.67596,20,False,12,12
2026-09-28T06:24:43Z,2068D22358C3,22358,C3,-1441,15218,15218,2026-09-29T00:00:00,15218,16405,A,43.3588,-5.8573804,20,False,2,2
2026-09-28T06:24:43Z,2068D22132C1,22132,C1,0,15217,15211,2026-09-28T00:03:00,15218,17000,S,43.38812,-5.8272715,20,False,2,2
2026-09-28T06:24:43Z,4168D84931C2,84931,C2,87,61200,06002,2026-09-28T00:34:00,06006,61200,E,37.97462,-1.1315287,41,False,1,2
2026-09-28T06:24:43Z,4168D24722C1,24722,C1,13,62109,60911,2026-09-28T00:10:00,60911,61200,A,38.34553,-0.49576503,41,False,1,1
2026-09-28T06:24:43Z,4168D24723C1,24723,C1,-1425,61200,61200,2026-09-28T00:14:00,61200,60911,E,37.974686,-1.131078,41,False,1,1
2026-09-28T06:24:43Z,1068D27506C4b,27506,C4b,6,37002,37011,2026-09-28T00:02:00,37012,17005,A,40.288372,-3.7373493,10,True,2,2
2026-09-28T06:24:43Z,1068D75037C8a,75037,C8a,6,97100,10100,2026-09-28T00:10:00,10203,17000,E,40.49547,-3.7261994,10,False,1,3
2026-09-28T06:24:43Z,1068D19945C1,19945,C1,0,98305,98304,2026-09-29T00:12:00,18000,98305,E,40.4924,-3.593483,10,False,2,1
2026-09-28T06:24:43Z,1068D27316C4a,27316,C4a,-1440,18000,18000,2026-09-29T00:06:00,18000,19003,E,40.40654,-3.6895106,10,True,7,7
2026-09-28T06:24:43Z,1068D75872C7,75872,C7,3,18002,18002,2026-09-27T23:59:00,18002,10000,E,40.44655,-3.691473,10,False,4,4
2026-09-28T06:24:43Z,1068D27818C5,27818,C5,0,35009,35001,2026-09-27T23:49:00,35012,35607,S,40.34086,-3.7482634,10,False,2,2
2026-09-28T06:24:43Z,1068D27817C5,27817,C5,-1440,35607,35607,2026-09-28T00:41:00,35607,35012,A,40.330883,-3.8823783,10,False,2,2
2026-09-28T06:24:43Z,1068D27995C5,27995,C5,18,35606,35607,2026-09-27T23:59:00,35607,35002,S,40.32875,-3.8636916,10,False,1,2
2026-09-28T06:24:43Z,1068D27512C4b,27512,C4b,-1424,18000,18000,2026-09-28T00:55:00,18000,17005,E,40.40654,-3.6895106,10,True,7,7
2026-09-28T06:24:43Z,1068D75530C2,75530,C2,-1437,70200,70200,2026-09-28T00:28:00,70200,17000,E,40.644257,-3.1823237,10,False,2,2
2026-09-28T06:24:43Z,1068D75035C8a,75035,C8a,19,10203,10203,2026-09-27T23:59:00,10203,17000,E,40.58532,-4.1321955,10,False,5,5
2026-09-28T06:24:43Z,1068D27815C5,27815,C5,0,18000,35609,2026-09-27T23:59:00,35607,35012,A,40.405067,-3.7026901,10,False,9,2
2026-09-28T06:24:43Z,1068D75877C7,75877,C7,4,10007,10010,2026-09-28T00:03:00,10000,70103,24.0,40.472656,-3.836884,10,True,1,1
2026-09-28T06:24:43Z,1068D27090C3,27090,C3,-1418,60200,60200,2026-09-28T00:00:00,60200,17000,E,40.035027,-3.6189713,10,True,4,4
2026-09-28T06:24:43Z,1068D75875C7,75875,C7,15,10000,10000,2026-09-27T23:59:00,10000,70103,E,40.42163,-3.7193205,10,False,7,7
2026-09-28T06:24:43Z,1068D19940C1,19940,C1,-1440,98305,98305,2026-09-29T00:05:00,98305,17000,E,40.4924,-3.593483,10,False,1,1
2026-09-28T06:24:43Z,1068D27094C3,27094,C3,-1432,60200,60200,2026-09-28T00:45:00,60200,17000,S,40.035027,-3.6189713,10,True,3,3
2026-09-28T06:24:43Z,1068D27508C4b,27508,C4b,3,18000,60100,2026-09-28T00:06:00,37012,17005,13.0,40.40084,-3.682559,10,True,7,1
2026-09-28T06:24:43Z,1068D75644C2,75644,C2,-1435,70200,70200,2026-09-28T00:58:00,70200,17000,A,40.644257,-3.1823237,10,True,2,2
2026-09-28T06:24:43Z,1068D27095C3,27095,C3,-1,60103,60102,2026-09-29T00:04:00,17000,60200,E,40.242844,-3.7038615,10,True,1,1
2026-09-28T06:24:43Z,1068D27092C3,27092,C3,-1425,60200,60200,2026-09-28T00:12:00,60200,17000,S,40.035027,-3.6189713,10,False,3,3
2026-09-28T06:24:43Z,1068D75268C10,75268,C10,5,10101,10103,2026-09-28T00:06:00,10200,17000,13.0,40.560028,-3.9011943,10,True,1,1
2026-09-28T06:24:43Z,1068D27822C5,27822,C5,0,35601,35600,2026-09-27T23:59:00,35012,35607,A,40.386257,-3.7610443,10,False,1,1
2026-09-28T06:24:43Z,1068D27093C3,27093,C3,-1435,17000,17000,2026-09-28T00:13:00,17000,60200,E,40.471382,-3.6834786,10,True,5,5
2026-09-28T06:24:43Z,1068D27643C8b,27643,C8b,-1437,12006,12006,2026-09-28T00:26:00,12006,17000,A,40.737614,-4.0662985,10,False,2,2
2026-09-28T06:24:43Z,1068D27820C5,27820,C5,0,37001,35009,2026-09-28T00:01:00,35012,35607,A,40.34086,-3.7482634,10,False,6,2
2026-09-28T06:24:43Z,1068D27317C4,27317,C4,-1441,17000,17000,2026-09-29T00:34:00,17000,37012,A,40.471325,-3.6833096,10,True,3,3
2026-09-28T06:24:43Z,1068D75172C10,75172,C10,1,18004,18003,2026-09-28T00:01:00,17000,10200,A,40.395943,-3.677964,10,True,1,1
2026-09-28T06:24:43Z,1068D27510C4b,27510,C4b,3,17001,17000,2026-09-28T00:05:00,18000,17005,S,40.501648,-3.6821797,10,True,2,2
2026-09-28T06:29:36Z,3068D23578C1,23578,C1,2,50602,50700,2026-09-28T00:06:54,51003,50600,E,37.58157,-5.6699624,30,False,2,2
2026-09-28T06:29:36Z,3068D23743C5,23743,C5,-1442,51003,51003,2026-09-28T00:38:59,51003,43005,A,37.392567,-5.9749837,30,False,9,9
2026-09-28T06:29:36Z,3068D23841C5,23841,C5,-1,43004,43005,2026-09-28T00:03:07,43005,51113,E,37.381527,-6.193782,30,False,,3
2026-09-28T06:29:36Z,3068D23581C1,23581,C1,0,51103,51111,2026-09-28T00:03:16,51003,51200,34.0,37.294693,-5.9445186,30,False,,1
2026-09-28T06:29:36Z,3268D23176C2,23176,C2,54,54408,54410,2026-09-28T00:03:00,54517,54405,39.0,36.723545,-4.5838585,32,False,,
2026-09-28T06:29:36Z,3268D23402C1,23402,C1,-1438,54517,54517,2026-09-28T00:38:19,54517,54516,A,36.715366,-4.4266005,32,False,1,1
2026-09-28T06:29:36Z,3268D23400C1,23400,C1,3,54503,54501,2026-09-28T00:02:10,54517,54516,26.0,36.695095,-4.4762516,32,False,2,2
2026-09-28T06:29:36Z,5168D25472R2N,25472,R2N,-2,71801,71802,2026-09-28T00:02:47,79100,72400,E,41.37954,2.1411655,50,True,,
2026-09-28T06:29:36Z,5168D77468R4,77468,R4,-1432,78700,78700,2026-09-28T00:27:51,78700,71600,A,41.56993,2.0143688,50,False,,
2026-09-28T06:29:36Z,5168D35564R4,35564,R4,-1431,72209,72209,2026-09-28T00:00:49,72209,78600,A,41.47872,1.9255537,50,False,,
2026-09-28T06:29:36Z,5168D15023R15,15023,R15,52,71502,71500,2026-09-28T00:03:56,71400,79400,60.0,41.129208,1.2999328,50,False,,
2026-09-28T06:29:36Z,5168D25795R1,25795,R1,-1,79403,79404,2026-09-28T00:02:38,79500,72305,E,41.445705,2.2490852,50,False,,1
2026-09-28T06:29:36Z,5168D28393R2S,28393,R2S,-2,71802,71801,2026-09-28T00:01:35,71700,79400,A,41.379513,2.1412146,50,False,,
2026-09-28T06:29:36Z,5168D77464R4,77464,R4,11,78604,78600,2026-09-28T00:05:15,78600,71600,41.0,41.686344,1.8386431,50,False,,
2026-09-28T06:29:36Z,5168D25470R2N,25470,R2N,3,79006,79007,2026-09-28T00:03:54,79104,72400,E,41.533474,2.2177799,50,True,1,
2026-09-28T06:29:36Z,5168D25567R2S,25567,R2S,2,71604,71603,2026-09-28T00:01:57,71600,79400,E,41.20413,1.6760199,50,False,,
2026-09-28T06:29:36Z,5168D28490R2,28490,R2,0,71705,71704,2026-09-28T00:02:22,71700,79104,20.0,41.278507,1.9790424,50,True,,
2026-09-28T06:29:36Z,6068D26577C3,26577,C3,4,13119,13120,2026-09-28T00:00:52,13200,13100,E,43.240112,-2.924082,60,False,,1
2026-09-28T06:29:36Z,6068D35689C3,35689,C3,2,13121,13102,2026-09-28T00:02:16,13200,13100,E,43.05786,-2.996093,60,True,1,1
2026-09-28T06:29:36Z,6068D26576C3,26576,C3,6,13115,13109,2026-09-28T00:01:18,13100,13200,E,43.176933,-2.909058,60,True,2,2
2026-09-28T06:29:36Z,6168D35654C1,35654,C1,4,11409,11408,2026-09-28T00:00:03,11400,11508,95.0,43.094822,-2.1242988,61,False,,2
2026-09-28T06:29:36Z,6268D71185C2,71185,C2,1,05605,05604,2026-09-28T00:02:19,14223,05637,41.0,43.44704,-3.8820617,62,False,,2
2026-09-28T06:29:36Z,2068D22237C2,22237,C2,49,16011,16010,2026-09-28T00:01:00,15211,16011,E,43.28714,-5.6448464,20,False,1,1
2026-09-28T06:29:36Z,2068D22372C3,22372,C3,3,16403,16401,2026-09-28T00:03:00,15211,16403,E,43.56141,-5.922727,20,False,1,2
2026-09-28T06:29:36Z,2068D22373C3,22373,C3,7,16403,16403,2026-09-27T23:59:00,16403,15211,A,43.56141,-5.922727,20,False,1,1
2026-09-28T06:29:36Z,2068D70237C4,70237,C4,-1432,15410,15410,2026-09-28T00:03:00,15410,16403,A,43.537647,-5.67596,20,False,12,12
2026-09-28T06:29:36Z,2068D22358C3,22358,C3,-1441,15218,15218,2026-09-29T00:00:00,15218,16405,A,43.3588,-5.8573804,20,False,2,2
2026-09-28T06:29:36Z,2068D22132C1,22132,C1,0,15217,15211,2026-09-28T00:03:00,15218,17000,S,43.38812,-5.8272715,20,False,2,2
2026-09-28T06:29:36Z,4168D84931C2,84931,C2,87,61200,06002,2026-09-28T00:34:00,06006,61200,E,37.97462,-1.1315287,41,False,1,2
2026-09-28T06:29:36Z,4168D24722C1,24722,C1,13,62109,60911,2026-09-28T00:10:00,60911,61200,A,38.34553,-0.49576503,41,False,1,1
2026-09-28T06:29:36Z,4168D24723C1,24723,C1,-1425,61200,61200,2026-09-28T00:14:00,61200,60911,E,37.974686,-1.131078,41,False,1,1
2026-09-28T06:29:36Z,1068D27506C4b,27506,C4b,6,37002,37011,2026-09-28T00:02:00,37012,17005,A,40.288372,-3.7373493,10,True,2,2
2026-09-28T06:29:36Z,1068D75037C8a,75037,C8a,6,97100,10100,2026-09-28T00:10:00,10203,17000,E,40.49547,-3.7261994,10,False,1,3
2026-09-28T06:29:36Z,1068D19945C1,19945,C1,0,98305,98304,2026-09-29T00:12:00,18000,98305,E,40.4924,-3.593483,10,False,2,1
2026-09-28T06:29:36Z,1068D27316C4a,27316,C4a,-1440,18000,18000,2026-09-29T00:06:00,18000,19003,E,40.40654,-3.6895106,10,True,7,7
2026-09-28T06:29:36Z,1068D75872C7,75872,C7,3,18002,18002,2026-09-27T23:59:00,18002,10000,E,40.44655,-3.691473,10,False,4,4
2026-09-28T06:29:36Z,1068D27818C5,27818,C5,0,35009,35001,2026-09-27T23:49:00,35012,35607,S,40.34086,-3.7482634,10,False,2,2
2026-09-28T06:29:36Z,1068D27817C5,27817,C5,-1440,35607,35607,2026-09-28T00:41:00,35607,35012,A,40.330883,-3.8823783,10,False,2,2
2026-09-28T06:29:36Z,1068D27995C5,27995,C5,18,35606,35607,2026-09-27T23:59:00,35607,35002,S,40.32875,-3.8636916,10,False,1,2
2026-09-28T06:29:36Z,1068D27512C4b,27512,C4b,-1424,18000,18000,2026-09-28T00:55:00,18000,17005,E,40.40654,-3.6895106,10,True,7,7
2026-09-28T06:29:36Z,1068D75530C2,75530,C2,-1437,70200,70200,2026-09-28T00:28:00,70200,17000,E,40.644257,-3.1823237,10,False,2,2
2026-09-28T06:29:36Z,1068D75035C8a,75035,C8a,19,10203,10203,2026-09-27T23:59:00,10203,17000,E,40.58532,-4.1321955,10,False,5,5
2026-09-28T06:29:36Z,1068D27815C5,27815,C5,0,18000,35609,2026-09-27T23:59:00,35607,35012,A,40.405067,-3.7026901,10,False,9,2
2026-09-28T06:29:36Z,1068D75877C7,75877,C7,4,10007,10010,2026-09-28T00:03:00,10000,70103,24.0,40.472656,-3.836884,10,True,1,1
2026-09-28T06:29:36Z,1068D27090C3,27090,C3,-1418,60200,60200,2026-09-28T00:00:00,60200,17000,E,40.035027,-3.6189713,10,True,4,4
2026-09-28T06:29:36Z,1068D75875C7,75875,C7,15,10000,10000,2026-09-27T23:59:00,10000,70103,E,40.42163,-3.7193205,10,False,7,7
2026-09-28T06:29:36Z,1068D19940C1,19940,C1,-1440,98305,98305,2026-09-29T00:05:00,98305,17000,E,40.4924,-3.593483,10,False,1,1
2026-09-28T06:29:36Z,1068D27094C3,27094,C3,-1432,60200,60200,2026-09-28T00:45:00,60200,17000,S,40.035027,-3.6189713,10,True,3,3
2026-09-28T06:29:36Z,1068D27508C4b,27508,C4b,3,18000,60100,2026-09-28T00:06:00,37012,17005,13.0,40.40084,-3.682559,10,True,7,1
2026-09-28T06:29:36Z,1068D75644C2,75644,C2,-1435,70200,70200,2026-09-28T00:58:00,70200,17000,A,40.644257,-3.1823237,10,True,2,2
2026-09-28T06:29:36Z,1068D27095C3,27095,C3,-1,60103,60102,2026-09-29T00:04:00,17000,60200,E,40.242844,-3.7038615,10,True,1,1
2026-09-28T06:29:36Z,1068D27092C3,27092,C3,-1425,60200,60200,2026-09-28T00:12:00,60200,17000,S,40.035027,-3.6189713,10,False,3,3
2026-09-28T06:29:36Z,1068D75268C10,75268,C10,5,10101,10103,2026-09-28T00:06:00,10200,17000,13.0,40.560028,-3.9011943,10,True,1,1
2026-09-28T06:29:36Z,1068D27822C5,27822,C5,0,35601,35600,2026-09-27T23:59:00,35012,35607,A,40.386257,-3.7610443,10,False,1,1
2026-09-28T06:29:36Z,1068D27093C3,27093,C3,-1435,17000,17000,2026-09-28T00:13:00,17000,60200,E,40.471382,-3.6834786,10,True,5,5
2026-09-28T06:29:36Z,1068D27643C8b,27643,C8b,-1437,12006,12006,2026-09-28T00:26:00,12006,17000,A,40.737614,-4.0662985,10,False,2,2
2026-09-28T06:29:36Z,1068D27820C5,27820,C5,0,37001,35009,2026-09-28T00:01:00,35012,35607,A,40.34086,-3.7482634,10,False,6,2
2026-09-28T06:29:36Z,1068D27317C4,27317,C4,-1441,17000,17000,2026-09-29T00:34:00,17000,37012,A,40.471325,-3.6833096,10,True,3,3
2026-09-28T06:29:36Z,1068D75172C10,75172,C10,1,18004,18003,2026-09-28T00:01:00,17000,10200,A,40.395943,-3.677964,10,True,1,1
2026-09-28T06:29:36Z,1068D27510C4b,27510,C4b,3,17001,17000,2026-09-28T00:05:00,18000,17005,S,40.501648,-3.6821797,10,True,2,2
2026-09-28T06:34:53Z,3068D23578C1,23578,C1,2,50602,50700,2026-09-28T00:06:54,51003,50600,E,37.58157,-5.6699624,30,False,2,2
2026-09-28T06:34:53Z,3068D23743C5,23743,C5,-1442,51003,51003,2026-09-28T00:38:59,51003,43005,A,37.392567,-5.9749837,30,False,9,9
2026-09-28T06:34:53Z,3068D23841C5,23841,C5,-1,43004,43005,2026-09-28T00:03:07,43005,51113,E,37.381527,-6.193782,30,False,,3
2026-09-28T06:34:53Z,3068D23581C1,23581,C1,0,51103,51111,2026-09-28T00:03:16,51003,51200,34.0,37.294693,-5.9445186,30,False,,1
2026-09-28T06:34:53Z,3268D23176C2,23176,C2,54,54408,54410,2026-09-28T00:03:00,54517,54405,39.0,36.723545,-4.5838585,32,False,,
2026-09-28T06:34:53Z,3268D23402C1,23402,C1,-1438,54517,54517,2026-09-28T00:38:19,54517,54516,A,36.715366,-4.4266005,32,False,1,1
2026-09-28T06:34:53Z,3268D23400C1,23400,C1,3,54503,54501,2026-09-28T00:02:10,54517,54516,26.0,36.695095,-4.4762516,32,False,2,2
2026-09-28T06:34:53Z,5168D25472R2N,25472,R2N,-2,71801,71802,2026-09-28T00:02:47,79100,72400,E,41.37954,2.1411655,50,True,,
2026-09-28T06:34:53Z,5168D77468R4,77468,R4,-1432,78700,78700,2026-09-28T00:27:51,78700,71600,A,41.56993,2.0143688,50,False,,
2026-09-28T06:34:53Z,5168D35564R4,35564,R4,-1431,72209,72209,2026-09-28T00:00:49,72209,78600,A,41.47872,1.9255537,50,False,,
2026-09-28T06:34:53Z,5168D15023R15,15023,R15,52,71502,71500,2026-09-28T00:03:56,71400,79400,60.0,41.129208,1.2999328,50,False,,
2026-09-28T06:34:53Z,5168D25795R1,25795,R1,-1,79403,79404,2026-09-28T00:02:38,79500,72305,E,41.445705,2.2490852,50,False,,1
2026-09-28T06:34:53Z,5168D28393R2S,28393,R2S,-2,71802,71801,2026-09-28T00:01:35,71700,79400,A,41.379513,2.1412146,50,False,,
2026-09-28T06:34:53Z,5168D77464R4,77464,R4,11,78604,78600,2026-09-28T00:05:15,78600,71600,41.0,41.686344,1.8386431,50,False,,
2026-09-28T06:34:53Z,5168D25470R2N,25470,R2N,3,79006,79007,2026-09-28T00:03:54,79104,72400,E,41.533474,2.2177799,50,True,1,
2026-09-28T06:34:53Z,5168D25567R2S,25567,R2S,2,71604,71603,2026-09-28T00:01:57,71600,79400,E,41.20413,1.6760199,50,False,,
2026-09-28T06:34:53Z,5168D28490R2,28490,R2,0,71705,71704,2026-09-28T00:02:22,71700,79104,20.0,41.278507,1.9790424,50,True,,
2026-09-28T06:34:53Z,6068D26577C3,26577,C3,4,13119,13120,2026-09-28T00:00:52,13200,13100,E,43.240112,-2.924082,60,False,,1
2026-09-28T06:34:53Z,6068D35689C3,35689,C3,2,13121,13102,2026-09-28T00:02:16,13200,13100,E,43.05786,-2.996093,60,True,1,1
2026-09-28T06:34:53Z,6068D26576C3,26576,C3,6,13115,13109,2026-09-28T00:01:18,13100,13200,E,43.176933,-2.909058,60,True,2,2
2026-09-28T06:34:53Z,6168D35654C1,35654,C1,4,11409,11408,2026-09-28T00:00:03,11400,11508,95.0,43.094822,-2.1242988,61,False,,2
2026-09-28T06:34:53Z,6268D71185C2,71185,C2,1,05605,05604,2026-09-28T00:02:19,14223,05637,41.0,43.44704,-3.8820617,62,False,,2
2026-09-28T06:34:53Z,2068D22237C2,22237,C2,49,16011,16010,2026-09-28T00:01:00,15211,16011,E,43.28714,-5.6448464,20,False,1,1
2026-09-28T06:34:53Z,2068D22372C3,22372,C3,3,16403,16401,2026-09-28T00:03:00,15211,16403,E,43.56141,-5.922727,20,False,1,2
2026-09-28T06:34:53Z,2068D22373C3,22373,C3,7,16403,16403,2026-09-27T23:59:00,16403,15211,A,43.56141,-5.922727,20,False,1,1
2026-09-28T06:34:53Z,2068D70237C4,70237,C4,-1432,15410,15410,2026-09-28T00:03:00,15410,16403,A,43.537647,-5.67596,20,False,12,12
2026-09-28T06:34:53Z,2068D22358C3,22358,C3,-1441,15218,15218,2026-09-29T00:00:00,15218,16405,A,43.3588,-5.8573804,20,False,2,2
2026-09-28T06:34:53Z,2068D22132C1,22132,C1,0,15217,15211,2026-09-28T00:03:00,15218,17000,S,43.38812,-5.8272715,20,False,2,2
2026-09-28T06:34:53Z,4168D84931C2,84931,C2,87,61200,06002,2026-09-28T00:34:00,06006,61200,E,37.97462,-1.1315287,41,False,1,2
2026-09-28T06:34:53Z,4168D24722C1,24722,C1,13,62109,60911,2026-09-28T00:10:00,60911,61200,A,38.34553,-0.49576503,41,False,1,1
2026-09-28T06:34:53Z,4168D24723C1,24723,C1,-1425,61200,61200,2026-09-28T00:14:00,61200,60911,E,37.974686,-1.131078,41,False,1,1
2026-09-28T06:34:53Z,1068D27506C4b,27506,C4b,6,37002,37011,2026-09-28T00:02:00,37012,17005,A,40.288372,-3.7373493,10,True,2,2
2026-09-28T06:34:53Z,1068D75037C8a,75037,C8a,6,97100,10100,2026-09-28T00:10:00,10203,17000,E,40.49547,-3.7261994,10,False,1,3
2026-09-28T06:34:53Z,1068D19945C1,19945,C1,0,98305,98304,2026-09-29T00:12:00,18000,98305,E,40.4924,-3.593483,10,False,2,1
2026-09-28T06:34:53Z,1068D27316C4a,27316,C4a,-1440,18000,18000,2026-09-29T00:06:00,18000,19003,E,40.40654,-3.6895106,10,True,7,7
2026-09-28T06:34:53Z,1068D75872C7,75872,C7,3,18002,18002,2026-09-27T23:59:00,18002,10000,E,40.44655,-3.691473,10,False,4,4
2026-09-28T06:34:53Z,1068D27818C5,27818,C5,0,35009,35001,2026-09-27T23:49:00,35012,35607,S,40.34086,-3.7482634,10,False,2,2
2026-09-28T06:34:53Z,1068D27817C5,27817,C5,-1440,35607,35607,2026-09-28T00:41:00,35607,35012,A,40.330883,-3.8823783,10,False,2,2
2026-09-28T06:34:53Z,1068D27995C5,27995,C5,18,35606,35607,2026-09-27T23:59:00,35607,35002,S,40.32875,-3.8636916,10,False,1,2
2026-09-28T06:34:53Z,1068D27512C4b,27512,C4b,-1424,18000,18000,2026-09-28T00:55:00,18000,17005,E,40.40654,-3.6895106,10,True,7,7
2026-09-28T06:34:53Z,1068D75530C2,75530,C2,-1437,70200,70200,2026-09-28T00:28:00,70200,17000,E,40.644257,-3.1823237,10,False,2,2
2026-09-28T06:34:53Z,1068D75035C8a,75035,C8a,19,10203,10203,2026-09-27T23:59:00,10203,17000,E,40.58532,-4.1321955,10,False,5,5
2026-09-28T06:34:53Z,1068D27815C5,27815,C5,0,18000,35609,2026-09-27T23:59:00,35607,35012,A,40.405067,-3.7026901,10,False,9,2
2026-09-28T06:34:53Z,1068D75877C7,75877,C7,4,10007,10010,2026-09-28T00:03:00,10000,70103,24.0,40.472656,-3.836884,10,True,1,1
2026-09-28T06:34:53Z,1068D27090C3,27090,C3,-1418,60200,60200,2026-09-28T00:00:00,60200,17000,E,40.035027,-3.6189713,10,True,4,4
2026-09-28T06:34:53Z,1068D75875C7,75875,C7,15,10000,10000,2026-09-27T23:59:00,10000,70103,E,40.42163,-3.7193205,10,False,7,7
2026-09-28T06:34:53Z,1068D19940C1,19940,C1,-1440,98305,98305,2026-09-29T00:05:00,98305,17000,E,40.4924,-3.593483,10,False,1,1
2026-09-28T06:34:53Z,1068D27094C3,27094,C3,-1432,60200,60200,2026-09-28T00:45:00,60200,17000,S,40.035027,-3.6189713,10,True,3,3
2026-09-28T06:34:53Z,1068D27508C4b,27508,C4b,3,18000,60100,2026-09-28T00:06:00,37012,17005,13.0,40.40084,-3.682559,10,True,7,1
2026-09-28T06:34:53Z,1068D75644C2,75644,C2,-1435,70200,70200,2026-09-28T00:58:00,70200,17000,A,40.644257,-3.1823237,10,True,2,2
2026-09-28T06:34:53Z,1068D27095C3,27095,C3,-1,60103,60102,2026-09-29T00:04:00,17000,60200,E,40.242844,-3.7038615,10,True,1,1
2026-09-28T06:34:53Z,1068D27092C3,27092,C3,-1425,60200,60200,2026-09-28T00:12:00,60200,17000,S,40.035027,-3.6189713,10,False,3,3
2026-09-28T06:34:53Z,1068D75268C10,75268,C10,5,10101,10103,2026-09-28T00:06:00,10200,17000,13.0,40.560028,-3.9011943,10,True,1,1
2026-09-28T06:34:53Z,1068D27822C5,27822,C5,0,35601,35600,2026-09-27T23:59:00,35012,35607,A,40.386257,-3.7610443,10,False,1,1
2026-09-28T06:34:53Z,1068D27093C3,27093,C3,-1435,17000,17000,2026-09-28T00:13:00,17000,60200,E,40.471382,-3.6834786,10,True,5,5
2026-09-28T06:34:53Z,1068D27643C8b,27643,C8b,-1437,12006,12006,2026-09-28T00:26:00,12006,17000,A,40.737614,-4.0662985,10,False,2,2
2026-09-28T06:34:53Z,1068D27820C5,27820,C5,0,37001,35009,2026-09-28T00:01:00,35012,35607,A,40.34086,-3.7482634,10,False,6,2
2026-09-28T06:34:53Z,1068D27317C4,27317,C4,-1441,17000,17000,2026-09-29T00:34:00,17000,37012,A,40.471325,-3.6833096,10,True,3,3
2026-09-28T06:34:53Z,1068D75172C10,75172,C10,1,18004,18003,2026-09-28T00:01:00,17000,10200,A,40.395943,-3.677964,10,True,1,1
2026-09-28T06:34:53Z,1068D27510C4b,27510,C4b,3,17001,17000,2026-09-28T00:05:00,18000,17005,S,40.501648,-3.6821797,10,True,2,2
2026-09-28T06:40:16Z,3068D23578C1,23578,C1,2,50602,50700,2026-09-28T00:06:54,51003,50600,E,37.58157,-5.6699624,30,False,2,2
2026-09-28T06:40:16Z,3068D23743C5,23743,C5,-1442,51003,51003,2026-09-28T00:38:59,51003,43005,A,37.392567,-5.9749837,30,False,9,9
2026-09-28T06:40:16Z,3068D23841C5,23841,C5,-1,43004,43005,2026-09-28T00:03:07,43005,51113,E,37.381527,-6.193782,30,False,,3
2026-09-28T06:40:16Z,3068D23581C1,23581,C1,0,51103,51111,2026-09-28T00:03:16,51003,51200,34.0,37.294693,-5.9445186,30,False,,1
2026-09-28T06:40:16Z,3268D23176C2,23176,C2,54,54408,54410,2026-09-28T00:03:00,54517,54405,39.0,36.723545,-4.5838585,32,False,,
2026-09-28T06:40:16Z,3268D23402C1,23402,C1,-1438,54517,54517,2026-09-28T00:38:19,54517,54516,A,36.715366,-4.4266005,32,False,1,1
2026-09-28T06:40:16Z,3268D23400C1,23400,C1,3,54503,54501,2026-09-28T00:02:10,54517,54516,26.0,36.695095,-4.4762516,32,False,2,2
2026-09-28T06:40:16Z,5168D25472R2N,25472,R2N,-2,71801,71802,2026-09-28T00:02:47,79100,72400,E,41.37954,2.1411655,50,True,,
2026-09-28T06:40:16Z,5168D77468R4,77468,R4,-1432,78700,78700,2026-09-28T00:27:51,78700,71600,A,41.56993,2.0143688,50,False,,
2026-09-28T06:40:16Z,5168D35564R4,35564,R4,-1431,72209,72209,2026-09-28T00:00:49,72209,78600,A,41.47872,1.9255537,50,False,,
2026-09-28T06:40:16Z,5168D15023R15,15023,R15,52,71502,71500,2026-09-28T00:03:56,71400,79400,60.0,41.129208,1.2999328,50,False,,
2026-09-28T06:40:16Z,5168D25795R1,25795,R1,-1,79403,79404,2026-09-28T00:02:38,79500,72305,E,41.445705,2.2490852,50,False,,1
2026-09-28T06:40:16Z,5168D28393R2S,28393,R2S,-2,71802,71801,2026-09-28T00:01:35,71700,79400,A,41.379513,2.1412146,50,False,,
2026-09-28T06:40:16Z,5168D77464R4,77464,R4,11,78604,78600,2026-09-28T00:05:15,78600,71600,41.0,41.686344,1.8386431,50,False,,
2026-09-28T06:40:16Z,5168D25470R2N,25470,R2N,3,79006,79007,2026-09-28T00:03:54,79104,72400,E,41.533474,2.2177799,50,True,1,
2026-09-28T06:40:16Z,5168D25567R2S,25567,R2S,2,71604,71603,2026-09-28T00:01:57,71600,79400,E,41.20413,1.6760199,50,False,,
2026-09-28T06:40:16Z,5168D28490R2,28490,R2,0,71705,71704,2026-09-28T00:02:22,71700,79104,20.0,41.278507,1.9790424,50,True,,
2026-09-28T06:40:16Z,6068D26577C3,26577,C3,4,13119,13120,2026-09-28T00:00:52,13200,13100,E,43.240112,-2.924082,60,False,,1
2026-09-28T06:40:16Z,6068D35689C3,35689,C3,2,13121,13102,2026-09-28T00:02:16,13200,13100,E,43.05786,-2.996093,60,True,1,1
2026-09-28T06:40:16Z,6068D26576C3,26576,C3,6,13115,13109,2026-09-28T00:01:18,13100,13200,E,43.176933,-2.909058,60,True,2,2
2026-09-28T06:40:16Z,6168D35654C1,35654,C1,4,11409,11408,2026-09-28T00:00:03,11400,11508,95.0,43.094822,-2.1242988,61,False,,2
2026-09-28T06:40:16Z,6268D71185C2,71185,C2,1,05605,05604,2026-09-28T00:02:19,14223,05637,41.0,43.44704,-3.8820617,62,False,,2
2026-09-28T06:40:16Z,2068D22237C2,22237,C2,49,16011,16010,2026-09-28T00:01:00,15211,16011,E,43.28714,-5.6448464,20,False,1,1
2026-09-28T06:40:16Z,2068D22372C3,22372,C3,3,16403,16401,2026-09-28T00:03:00,15211,16403,E,43.56141,-5.922727,20,False,1,2
2026-09-28T06:40:16Z,2068D22373C3,22373,C3,7,16403,16403,2026-09-27T23:59:00,16403,15211,A,43.56141,-5.922727,20,False,1,1
2026-09-28T06:40:16Z,2068D70237C4,70237,C4,-1432,15410,15410,2026-09-28T00:03:00,15410,16403,A,43.537647,-5.67596,20,False,12,12
2026-09-28T06:40:16Z,2068D22358C3,22358,C3,-1441,15218,15218,2026-09-29T00:00:00,15218,16405,A,43.3588,-5.8573804,20,False,2,2
2026-09-28T06:40:16Z,2068D22132C1,22132,C1,0,15217,15211,2026-09-28T00:03:00,15218,17000,S,43.38812,-5.8272715,20,False,2,2
2026-09-28T06:40:16Z,4168D84931C2,84931,C2,87,61200,06002,2026-09-28T00:34:00,06006,61200,E,37.97462,-1.1315287,41,False,1,2
2026-09-28T06:40:16Z,4168D24722C1,24722,C1,13,62109,60911,2026-09-28T00:10:00,60911,61200,A,38.34553,-0.49576503,41,False,1,1
2026-09-28T06:40:16Z,4168D24723C1,24723,C1,-1425,61200,61200,2026-09-28T00:14:00,61200,60911,E,37.974686,-1.131078,41,False,1,1
2026-09-28T06:40:16Z,1068D27506C4b,27506,C4b,6,37002,37011,2026-09-28T00:02:00,37012,17005,A,40.288372,-3.7373493,10,True,2,2
2026-09-28T06:40:16Z,1068D75037C8a,75037,C8a,6,97100,10100,2026-09-28T00:10:00,10203,17000,E,40.49547,-3.7261994,10,False,1,3
2026-09-28T06:40:16Z,1068D19945C1,19945,C1,0,98305,98304,2026-09-29T00:12:00,18000,98305,E,40.4924,-3.593483,10,False,2,1
2026-09-28T06:40:16Z,1068D27316C4a,27316,C4a,-1440,18000,18000,2026-09-29T00:06:00,18000,19003,E,40.40654,-3.6895106,10,True,7,7
2026-09-28T06:40:16Z,1068D75872C7,75872,C7,3,18002,18002,2026-09-27T23:59:00,18002,10000,E,40.44655,-3.691473,10,False,4,4
2026-09-28T06:40:16Z,1068D27818C5,27818,C5,0,35009,35001,2026-09-27T23:49:00,35012,35607,S,40.34086,-3.7482634,10,False,2,2
2026-09-28T06:40:16Z,1068D27817C5,27817,C5,-1440,35607,35607,2026-09-28T00:41:00,35607,35012,A,40.330883,-3.8823783,10,False,2,2
2026-09-28T06:40:16Z,1068D27995C5,27995,C5,18,35606,35607,2026-09-27T23:59:00,35607,35002,S,40.32875,-3.8636916,10,False,1,2
2026-09-28T06:40:16Z,1068D27512C4b,27512,C4b,-1424,18000,18000,2026-09-28T00:55:00,18000,17005,E,40.40654,-3.6895106,10,True,7,7
2026-09-28T06:40:16Z,1068D75530C2,75530,C2,-1437,70200,70200,2026-09-28T00:28:00,70200,17000,E,40.644257,-3.1823237,10,False,2,2
2026-09-28T06:40:16Z,1068D75035C8a,75035,C8a,19,10203,10203,2026-09-27T23:59:00,10203,17000,E,40.58532,-4.1321955,10,False,5,5
2026-09-28T06:40:16Z,1068D27815C5,27815,C5,0,18000,35609,2026-09-27T23:59:00,35607,35012,A,40.405067,-3.7026901,10,False,9,2
2026-09-28T06:40:16Z,1068D75877C7,75877,C7,4,10007,10010,2026-09-28T00:03:00,10000,70103,24.0,40.472656,-3.836884,10,True,1,1
2026-09-28T06:40:16Z,1068D27090C3,27090,C3,-1418,60200,60200,2026-09-28T00:00:00,60200,17000,E,40.035027,-3.6189713,10,True,4,4
2026-09-28T06:40:16Z,1068D75875C7,75875,C7,15,10000,10000,2026-09-27T23:59:00,10000,70103,E,40.42163,-3.7193205,10,False,7,7
2026-09-28T06:40:16Z,1068D19940C1,19940,C1,-1440,98305,98305,2026-09-29T00:05:00,98305,17000,E,40.4924,-3.593483,10,False,1,1
2026-09-28T06:40:16Z,1068D27094C3,27094,C3,-1432,60200,60200,2026-09-28T00:45:00,60200,17000,S,40.035027,-3.6189713,10,True,3,3
2026-09-28T06:40:16Z,1068D27508C4b,27508,C4b,3,18000,60100,2026-09-28T00:06:00,37012,17005,13.0,40.40084,-3.682559,10,True,7,1
2026-09-28T06:40:16Z,1068D75644C2,75644,C2,-1435,70200,70200,2026-09-28T00:58:00,70200,17000,A,40.644257,-3.1823237,10,True,2,2
2026-09-28T06:40:16Z,1068D27095C3,27095,C3,-1,60103,60102,2026-09-29T00:04:00,17000,60200,E,40.242844,-3.7038615,10,True,1,1
2026-09-28T06:40:16Z,1068D27092C3,27092,C3,-1425,60200,60200,2026-09-28T00:12:00,60200,17000,S,40.035027,-3.6189713,10,False,3,3
2026-09-28T06:40:16Z,1068D75268C10,75268,C10,5,10101,10103,2026-09-28T00:06:00,10200,17000,13.0,40.560028,-3.9011943,10,True,1,1
2026-09-28T06:40:16Z,1068D27822C5,27822,C5,0,35601,35600,2026-09-27T23:59:00,35012,35607,A,40.386257,-3.7610443,10,False,1,1
2026-09-28T06:40:16Z,1068D27093C3,27093,C3,-1435,17000,17000,2026-09-28T00:13:00,17000,60200,E,40.471382,-3.6834786,10,True,5,5
2026-09-28T06:40:16Z,1068D27643C8b,27643,C8b,-1437,12006,12006,2026-09-28T00:26:00,12006,17000,A,40.737614,-4.0662985,10,False,2,2
2026-09-28T06:40:16Z,1068D27820C5,27820,C5,0,37001,35009,2026-09-28T00:01:00,35012,35607,A,40.34086,-3.7482634,10,False,6,2
2026-09-28T06:40:16Z,1068D27317C4,27317,C4,-1441,17000,17000,2026-09-29T00:34:00,17000,37012,A,40.471325,-3.6833096,10,True,3,3
2026-09-28T06:40:16Z,1068D75172C10,75172,C10,1,18004,18003,2026-09-28T00:01:00,17000,10200,A,40.395943,-3.677964,10,True,1,1
2026-09-28T06:40:16Z,1068D27510C4b,27510,C4b,3,17001,17000,2026-09-28T00:05:00,18000,17005,S,40.501648,-3.6821797,10,True,2,2
2026-09-28T06:44:52Z,3068D23578C1,23578,C1,2,50602,50700,2026-09-28T00:06:54,51003,50600,E,37.58157,-5.6699624,30,False,2,2
2026-09-28T06:44:52Z,3068D23743C5,23743,C5,-1442,51003,51003,2026-09-28T00:38:59,51003,43005,A,37.392567,-5.9749837,30,False,9,9
2026-09-28T06:44:52Z,3068D23841C5,23841,C5,-1,43004,43005,2026-09-28T00:03:07,43005,51113,E,37.381527,-6.193782,30,False,,3
2026-09-28T06:44:52Z,3068D23581C1,23581,C1,0,51103,51111,2026-09-28T00:03:16,51003,51200,34.0,37.294693,-5.9445186,30,False,,1
2026-09-28T06:44:52Z,3268D23176C2,23176,C2,54,54408,54410,2026-09-28T00:03:00,54517,54405,39.0,36.723545,-4.5838585,32,False,,
2026-09-28T06:44:52Z,3268D23402C1,23402,C1,-1438,54517,54517,2026-09-28T00:38:19,54517,54516,A,36.715366,-4.4266005,32,False,1,1
2026-09-28T06:44:52Z,3268D23400C1,23400,C1,3,54503,54501,2026-09-28T00:02:10,54517,54516,26.0,36.695095,-4.4762516,32,False,2,2
2026-09-28T06:44:52Z,5168D25472R2N,25472,R2N,-2,71801,71802,2026-09-28T00:02:47,79100,72400,E,41.37954,2.1411655,50,True,,
2026-09-28T06:44:52Z,5168D77468R4,77468,R4,-1432,78700,78700,2026-09-28T00:27:51,78700,71600,A,41.56993,2.0143688,50,False,,
2026-09-28T06:44:52Z,5168D35564R4,35564,R4,-1431,72209,72209,2026-09-28T00:00:49,72209,78600,A,41.47872,1.9255537,50,False,,
2026-09-28T06:44:52Z,5168D15023R15,15023,R15,52,71502,71500,2026-09-28T00:03:56,71400,79400,60.0,41.129208,1.2999328,50,False,,
2026-09-28T06:44:52Z,5168D25795R1,25795,R1,-1,79403,79404,2026-09-28T00:02:38,79500,72305,E,41.445705,2.2490852,50,False,,1
2026-09-28T06:44:52Z,5168D28393R2S,28393,R2S,-2,71802,71801,2026-09-28T00:01:35,71700,79400,A,41.379513,2.1412146,50,False,,
2026-09-28T06:44:52Z,5168D77464R4,77464,R4,11,78604,78600,2026-09-28T00:05:15,78600,71600,41.0,41.686344,1.8386431,50,False,,
2026-09-28T06:44:52Z,5168D25470R2N,25470,R2N,3,79006,79007,2026-09-28T00:03:54,79104,72400,E,41.533474,2.2177799,50,True,1,
2026-09-28T06:44:52Z,5168D25567R2S,25567,R2S,2,71604,71603,2026-09-28T00:01:57,71600,79400,E,41.20413,1.6760199,50,False,,
2026-09-28T06:44:52Z,5168D28490R2,28490,R2,0,71705,71704,2026-09-28T00:02:22,71700,79104,20.0,41.278507,1.9790424,50,True,,
2026-09-28T06:44:52Z,6068D26577C3,26577,C3,4,13119,13120,2026-09-28T00:00:52,13200,13100,E,43.240112,-2.924082,60,False,,1
2026-09-28T06:44:52Z,6068D35689C3,35689,C3,2,13121,13102,2026-09-28T00:02:16,13200,13100,E,43.05786,-2.996093,60,True,1,1
2026-09-28T06:44:52Z,6068D26576C3,26576,C3,6,13115,13109,2026-09-28T00:01:18,13100,13200,E,43.176933,-2.909058,60,True,2,2
2026-09-28T06:44:52Z,6168D35654C1,35654,C1,4,11409,11408,2026-09-28T00:00:03,11400,11508,95.0,43.094822,-2.1242988,61,False,,2
2026-09-28T06:44:52Z,6268D71185C2,71185,C2,1,05605,05604,2026-09-28T00:02:19,14223,05637,41.0,43.44704,-3.8820617,62,False,,2
2026-09-28T06:44:52Z,2068D22237C2,22237,C2,49,16011,16010,2026-09-28T00:01:00,15211,16011,E,43.28714,-5.6448464,20,False,1,1
2026-09-28T06:44:52Z,2068D22372C3,22372,C3,3,16403,16401,2026-09-28T00:03:00,15211,16403,E,43.56141,-5.922727,20,False,1,2
2026-09-28T06:44:52Z,2068D22373C3,22373,C3,7,16403,16403,2026-09-27T23:59:00,16403,15211,A,43.56141,-5.922727,20,False,1,1
2026-09-28T06:44:52Z,2068D70237C4,70237,C4,-1432,15410,15410,2026-09-28T00:03:00,15410,16403,A,43.537647,-5.67596,20,False,12,12
2026-09-28T06:44:52Z,2068D22358C3,22358,C3,-1441,15218,15218,2026-09-29T00:00:00,15218,16405,A,43.3588,-5.8573804,20,False,2,2
2026-09-28T06:44:52Z,2068D22132C1,22132,C1,0,15217,15211,2026-09-28T00:03:00,15218,17000,S,43.38812,-5.8272715,20,False,2,2
2026-09-28T06:44:52Z,4168D84931C2,84931,C2,87,61200,06002,2026-09-28T00:34:00,06006,61200,E,37.97462,-1.1315287,41,False,1,2
2026-09-28T06:44:52Z,4168D24722C1,24722,C1,13,62109,60911,2026-09-28T00:10:00,60911,61200,A,38.34553,-0.49576503,41,False,1,1
2026-09-28T06:44:52Z,4168D24723C1,24723,C1,-1425,61200,61200,2026-09-28T00:14:00,61200,60911,E,37.974686,-1.131078,41,False,1,1
2026-09-28T06:44:52Z,1068D27506C4b,27506,C4b,6,37002,37011,2026-09-28T00:02:00,37012,17005,A,40.288372,-3.7373493,10,True,2,2
2026-09-28T06:44:52Z,1068D75037C8a,75037,C8a,6,97100,10100,2026-09-28T00:10:00,10203,17000,E,40.49547,-3.7261994,10,False,1,3
2026-09-28T06:44:52Z,1068D19945C1,19945,C1,0,98305,98304,2026-09-29T00:12:00,18000,98305,E,40.4924,-3.593483,10,False,2,1
2026-09-28T06:44:52Z,1068D27316C4a,27316,C4a,-1440,18000,18000,2026-09-29T00:06:00,18000,19003,E,40.40654,-3.6895106,10,True,7,7
2026-09-28T06:44:52Z,1068D75872C7,75872,C7,3,18002,18002,2026-09-27T23:59:00,18002,10000,E,40.44655,-3.691473,10,False,4,4
2026-09-28T06:44:52Z,1068D27818C5,27818,C5,0,35009,35001,2026-09-27T23:49:00,35012,35607,S,40.34086,-3.7482634,10,False,2,2
2026-09-28T06:44:52Z,1068D27817C5,27817,C5,-1440,35607,35607,2026-09-28T00:41:00,35607,35012,A,40.330883,-3.8823783,10,False,2,2
2026-09-28T06:44:52Z,1068D27995C5,27995,C5,18,35606,35607,2026-09-27T23:59:00,35607,35002,S,40.32875,-3.8636916,10,False,1,2
2026-09-28T06:44:52Z,1068D27512C4b,27512,C4b,-1424,18000,18000,2026-09-28T00:55:00,18000,17005,E,40.40654,-3.6895106,10,True,7,7
2026-09-28T06:44:52Z,1068D75530C2,75530,C2,-1437,70200,70200,2026-09-28T00:28:00,70200,17000,E,40.644257,-3.1823237,10,False,2,2
2026-09-28T06:44:52Z,1068D75035C8a,75035,C8a,19,10203,10203,2026-09-27T23:59:00,10203,17000,E,40.58532,-4.1321955,10,False,5,5
2026-09-28T06:44:52Z,1068D27815C5,27815,C5,0,18000,35609,2026-09-27T23:59:00,35607,35012,A,40.405067,-3.7026901,10,False,9,2
2026-09-28T06:44:52Z,1068D75877C7,75877,C7,4,10007,10010,2026-09-28T00:03:00,10000,70103,24.0,40.472656,-3.836884,10,True,1,1
2026-09-28T06:44:52Z,1068D27090C3,27090,C3,-1418,60200,60200,2026-09-28T00:00:00,60200,17000,E,40.035027,-3.6189713,10,True,4,4
2026-09-28T06:44:52Z,1068D75875C7,75875,C7,15,10000,10000,2026-09-27T23:59:00,10000,70103,E,40.42163,-3.7193205,10,False,7,7
2026-09-28T06:44:52Z,1068D19940C1,19940,C1,-1440,98305,98305,2026-09-29T00:05:00,98305,17000,E,40.4924,-3.593483,10,False,1,1
2026-09-28T06:44:52Z,1068D27094C3,27094,C3,-1432,60200,60200,2026-09-28T00:45:00,60200,17000,S,40.035027,-3.6189713,10,True,3,3
2026-09-28T06:44:52Z,1068D27508C4b,27508,C4b,3,18000,60100,2026-09-28T00:06:00,37012,17005,13.0,40.40084,-3.682559,10,True,7,1
2026-09-28T06:44:52Z,1068D75644C2,75644,C2,-1435,70200,70200,2026-09-28T00:58:00,70200,17000,A,40.644257,-3.1823237,10,True,2,2
2026-09-28T06:44:52Z,1068D27095C3,27095,C3,-1,60103,60102,2026-09-29T00:04:00,17000,60200,E,40.242844,-3.7038615,10,True,1,1
2026-09-28T06:44:52Z,1068D27092C3,27092,C3,-1425,60200,60200,2026-09-28T00:12:00,60200,17000,S,40.035027,-3.6189713,10,False,3,3
2026-09-28T06:44:52Z,1068D75268C10,75268,C10,5,10101,10103,2026-09-28T00:06:00,10200,17000,13.0,40.560028,-3.9011943,10,True,1,1
2026-09-28T06:44:52Z,1068D27822C5,27822,C5,0,35601,35600,2026-09-27T23:59:00,35012,35607,A,40.386257,-3.7610443,10,False,1,1
2026-09-28T06:44:52Z,1068D27093C3,27093,C3,-1435,17000,17000,2026-09-28T00:13:00,17000,60200,E,40.471382,-3.6834786,10,True,5,5
2026-09-28T06:44:52Z,1068D27643C8b,27643,C8b,-1437,12006,12006,2026-09-28T00:26:00,12006,17000,A,40.737614,-4.0662985,10,False,2,2
2026-09-28T06:44:52Z,1068D27820C5,27820,C5,0,37001,35009,2026-09-28T00:01:00,35012,35607,A,40.34086,-3.7482634,10,False,6,2
2026-09-28T06:44:52Z,1068D27317C4,27317,C4,-1441,17000,17000,2026-09-29T00:34:00,17000,37012,A,40.471325,-3.6833096,10,True,3,3
2026-09-28T06:44:52Z,1068D75172C10,75172,C10,1,18004,18003,2026-09-28T00:01:00,17000,10200,A,40.395943,-3.677964,10,True,1,1
2026-09-28T06:44:52Z,1068D27510C4b,27510,C4b,3,17001,17000,2026-09-28T00:05:00,18000,17005,S,40.501648,-3.6821797,10,True,2,2
2026-09-28T06:49:43Z,3068D23578C1,23578,C1,2,50602,50700,2026-09-28T00:06:54,51003,50600,E,37.58157,-5.6699624,30,False,2,2
2026-09-28T06:49:43Z,3068D23743C5,23743,C5,-1442,51003,51003,2026-09-28T00:38:59,51003,43005,A,37.392567,-5.9749837,30,False,9,9
2026-09-28T06:49:43Z,3068D23841C5,23841,C5,-1,43004,43005,2026-09-28T00:03:07,43005,51113,E,37.381527,-6.193782,30,False,,3
2026-09-28T06:49:43Z,3068D23581C1,23581,C1,0,51103,51111,2026-09-28T00:03:16,51003,51200,34.0,37.294693,-5.9445186,30,False,,1
2026-09-28T06:49:43Z,3268D23176C2,23176,C2,54,54408,54410,2026-09-28T00:03:00,54517,54405,39.0,36.723545,-4.5838585,32,False,,
2026-09-28T06:49:43Z,3268D23402C1,23402,C1,-1438,54517,54517,2026-09-28T00:38:19,54517,54516,A,36.715366,-4.4266005,32,False,1,1
2026-09-28T06:49:43Z,3268D23400C1,23400,C1,3,54503,54501,2026-09-28T00:02:10,54517,54516,26.0,36.695095,-4.4762516,32,False,2,2
2026-09-28T06:49:43Z,5168D25472R2N,25472,R2N,-2,71801,71802,2026-09-28T00:02:47,79100,72400,E,41.37954,2.1411655,50,True,,
2026-09-28T06:49:43Z,5168D77468R4,77468,R4,-1432,78700,78700,2026-09-28T00:27:51,78700,71600,A,41.56993,2.0143688,50,False,,
2026-09-28T06:49:43Z,5168D35564R4,35564,R4,-1431,72209,72209,2026-09-28T00:00:49,72209,78600,A,41.47872,1.9255537,50,False,,
2026-09-28T06:49:43Z,5168D15023R15,15023,R15,52,71502,71500,2026-09-28T00:03:56,71400,79400,60.0,41.129208,1.2999328,50,False,,
2026-09-28T06:49:43Z,5168D25795R1,25795,R1,-1,79403,79404,2026-09-28T00:02:38,79500,72305,E,41.445705,2.2490852,50,False,,1
2026-09-28T06:49:43Z,5168D28393R2S,28393,R2S,-2,71802,71801,2026-09-28T00:01:35,71700,79400,A,41.379513,2.1412146,50,False,,
2026-09-28T06:49:43Z,5168D77464R4,77464,R4,11,78604,78600,2026-09-28T00:05:15,78600,71600,41.0,41.686344,1.8386431,50,False,,
2026-09-28T06:49:43Z,5168D25470R2N,25470,R2N,3,79006,79007,2026-09-28T00:03:54,79104,72400,E,41.533474,2.2177799,50,True,1,
2026-09-28T06:49:43Z,5168D25567R2S,25567,R2S,2,71604,71603,2026-09-28T00:01:57,71600,79400,E,41.20413,1.6760199,50,False,,
2026-09-28T06:49:43Z,5168D28490R2,28490,R2,0,71705,71704,2026-09-28T00:02:22,71700,79104,20.0,41.278507,1.9790424,50,True,,
2026-09-28T06:49:43Z,6068D26577C3,26577,C3,4,13119,13120,2026-09-28T00:00:52,13200,13100,E,43.240112,-2.924082,60,False,,1
2026-09-28T06:49:43Z,6068D35689C3,35689,C3,2,13121,13102,2026-09-28T00:02:16,13200,13100,E,43.05786,-2.996093,60,True,1,1
2026-09-28T06:49:43Z,6068D26576C3,26576,C3,6,13115,13109,2026-09-28T00:01:18,13100,13200,E,43.176933,-2.909058,60,True,2,2
2026-09-28T06:49:43Z,6168D35654C1,35654,C1,4,11409,11408,2026-09-28T00:00:03,11400,11508,95.0,43.094822,-2.1242988,61,False,,2
2026-09-28T06:49:43Z,6268D71185C2,71185,C2,1,05605,05604,2026-09-28T00:02:19,14223,05637,41.0,43.44704,-3.8820617,62,False,,2
2026-09-28T06:49:43Z,2068D22237C2,22237,C2,49,16011,16010,2026-09-28T00:01:00,15211,16011,E,43.28714,-5.6448464,20,False,1,1
2026-09-28T06:49:43Z,2068D22372C3,22372,C3,3,16403,16401,2026-09-28T00:03:00,15211,16403,E,43.56141,-5.922727,20,False,1,2
2026-09-28T06:49:43Z,2068D22373C3,22373,C3,7,16403,16403,2026-09-27T23:59:00,16403,15211,A,43.56141,-5.922727,20,False,1,1
2026-09-28T06:49:43Z,2068D70237C4,70237,C4,-1432,15410,15410,2026-09-28T00:03:00,15410,16403,A,43.537647,-5.67596,20,False,12,12
2026-09-28T06:49:43Z,2068D22358C3,22358,C3,-1441,15218,15218,2026-09-29T00:00:00,15218,16405,A,43.3588,-5.8573804,20,False,2,2
2026-09-28T06:49:43Z,2068D22132C1,22132,C1,0,15217,15211,2026-09-28T00:03:00,15218,17000,S,43.38812,-5.8272715,20,False,2,2
2026-09-28T06:49:43Z,4168D84931C2,84931,C2,87,61200,06002,2026-09-28T00:34:00,06006,61200,E,37.97462,-1.1315287,41,False,1,2
2026-09-28T06:49:43Z,4168D24722C1,24722,C1,13,62109,60911,2026-09-28T00:10:00,60911,61200,A,38.34553,-0.49576503,41,False,1,1
2026-09-28T06:49:43Z,4168D24723C1,24723,C1,-1425,61200,61200,2026-09-28T00:14:00,61200,60911,E,37.974686,-1.131078,41,False,1,1
2026-09-28T06:49:43Z,1068D27506C4b,27506,C4b,6,37002,37011,2026-09-28T00:02:00,37012,17005,A,40.288372,-3.7373493,10,True,2,2
2026-09-28T06:49:43Z,1068D75037C8a,75037,C8a,6,97100,10100,2026-09-28T00:10:00,10203,17000,E,40.49547,-3.7261994,10,False,1,3
2026-09-28T06:49:43Z,1068D19945C1,19945,C1,0,98305,98304,2026-09-29T00:12:00,18000,98305,E,40.4924,-3.593483,10,False,2,1
2026-09-28T06:49:43Z,1068D27316C4a,27316,C4a,-1440,18000,18000,2026-09-29T00:06:00,18000,19003,E,40.40654,-3.6895106,10,True,7,7
2026-09-28T06:49:43Z,1068D75872C7,75872,C7,3,18002,18002,2026-09-27T23:59:00,18002,10000,E,40.44655,-3.691473,10,False,4,4
2026-09-28T06:49:43Z,1068D27818C5,27818,C5,0,35009,35001,2026-09-27T23:49:00,35012,35607,S,40.34086,-3.7482634,10,False,2,2
2026-09-28T06:49:43Z,1068D27817C5,27817,C5,-1440,35607,35607,2026-09-28T00:41:00,35607,35012,A,40.330883,-3.8823783,10,False,2,2
2026-09-28T06:49:43Z,1068D27995C5,27995,C5,18,35606,35607,2026-09-27T23:59:00,35607,35002,S,40.32875,-3.8636916,10,False,1,2
2026-09-28T06:49:43Z,1068D27512C4b,27512,C4b,-1424,18000,18000,2026-09-28T00:55:00,18000,17005,E,40.40654,-3.6895106,10,True,7,7
2026-09-28T06:49:43Z,1068D75530C2,75530,C2,-1437,70200,70200,2026-09-28T00:28:00,70200,17000,E,40.644257,-3.1823237,10,False,2,2
2026-09-28T06:49:43Z,1068D75035C8a,75035,C8a,19,10203,10203,2026-09-27T23:59:00,10203,17000,E,40.58532,-4.1321955,10,False,5,5
2026-09-28T06:49:43Z,1068D27815C5,27815,C5,0,18000,35609,2026-09-27T23:59:00,35607,35012,A,40.405067,-3.7026901,10,False,9,2
2026-09-28T06:49:43Z,1068D75877C7,75877,C7,4,10007,10010,2026-09-28T00:03:00,10000,70103,24.0,40.472656,-3.836884,10,True,1,1
2026-09-28T06:49:43Z,1068D27090C3,27090,C3,-1418,60200,60200,2026-09-28T00:00:00,60200,17000,E,40.035027,-3.6189713,10,True,4,4
2026-09-28T06:49:43Z,1068D75875C7,75875,C7,15,10000,10000,2026-09-27T23:59:00,10000,70103,E,40.42163,-3.7193205,10,False,7,7
2026-09-28T06:49:43Z,1068D19940C1,19940,C1,-1440,98305,98305,2026-09-29T00:05:00,98305,17000,E,40.4924,-3.593483,10,False,1,1
2026-09-28T06:49:43Z,1068D27094C3,27094,C3,-1432,60200,60200,2026-09-28T00:45:00,60200,17000,S,40.035027,-3.6189713,10,True,3,3
2026-09-28T06:49:43Z,1068D27508C4b,27508,C4b,3,18000,60100,2026-09-28T00:06:00,37012,17005,13.0,40.40084,-3.682559,10,True,7,1
2026-09-28T06:49:43Z,1068D75644C2,75644,C2,-1435,70200,70200,2026-09-28T00:58:00,70200,17000,A,40.644257,-3.1823237,10,True,2,2
2026-09-28T06:49:43Z,1068D27095C3,27095,C3,-1,60103,60102,2026-09-29T00:04:00,17000,60200,E,40.242844,-3.7038615,10,True,1,1
2026-09-28T06:49:43Z,1068D27092C3,27092,C3,-1425,60200,60200,2026-09-28T00:12:00,60200,17000,S,40.035027,-3.6189713,10,False,3,3
2026-09-28T06:49:43Z,1068D75268C10,75268,C10,5,10101,10103,2026-09-28T00:06:00,10200,17000,13.0,40.560028,-3.9011943,10,True,1,1
2026-09-28T06:49:43Z,1068D27822C5,27822,C5,0,35601,35600,2026-09-27T23:59:00,35012,35607,A,40.386257,-3.7610443,10,False,1,1
2026-09-28T06:49:43Z,1068D27093C3,27093,C3,-1435,17000,17000,2026-09-28T00:13:00,17000,60200,E,40.471382,-3.6834786,10,True,5,5
2026-09-28T06:49:43Z,1068D27643C8b,27643,C8b,-1437,12006,12006,2026-09-28T00:26:00,12006,17000,A,40.737614,-4.0662985,10,False,2,2
2026-09-28T06:49:43Z,1068D27820C5,27820,C5,0,37001,35009,2026-09-28T00:01:00,35012,35607,A,40.34086,-3.7482634,10,False,6,2
2026-09-28T06:49:43Z,1068D27317C4,27317,C4,-1441,17000,17000,2026-09-29T00:34:00,17000,37012,A,40.471325,-3.6833096,10,True,3,3
2026-09-28T06:49:43Z,1068D75172C10,75172,C10,1,18004,18003,2026-09-28T00:01:00,17000,10200,A,40.395943,-3.677964,10,True,1,1
2026-09-28T06:49:43Z,1068D27510C4b,27510,C4b,3,17001,17000,2026-09-28T00:05:00,18000,17005,S,40.501648,-3.6821797,10,True,2,2
2026-09-28T06:55:21Z,3068D23578C1,23578,C1,2,50602,50700,2026-09-28T00:06:54,51003,50600,E,37.58157,-5.6699624,30,False,2,2
2026-09-28T06:55:21Z,3068D23743C5,23743,C5,-1442,51003,51003,2026-09-28T00:38:59,51003,43005,A,37.392567,-5.9749837,30,False,9,9
2026-09-28T06:55:21Z,3068D23841C5,23841,C5,-1,43004,43005,2026-09-28T00:03:07,43005,51113,E,37.381527,-6.193782,30,False,,3
2026-09-28T06:55:21Z,3068D23581C1,23581,C1,0,51103,51111,2026-09-28T00:03:16,51003,51200,34.0,37.294693,-5.9445186,30,False,,1
2026-09-28T06:55:21Z,3268D23176C2,23176,C2,54,54408,54410,2026-09-28T00:03:00,54517,54405,39.0,36.723545,-4.5838585,32,False,,
2026-09-28T06:55:21Z,3268D23402C1,23402,C1,-1438,54517,54517,2026-09-28T00:38:19,54517,54516,A,36.715366,-4.4266005,32,False,1,1
2026-09-28T06:55:21Z,3268D23400C1,23400,C1,3,54503,54501,2026-09-28T00:02:10,54517,54516,26.0,36.695095,-4.4762516,32,False,2,2
2026-09-28T06:55:21Z,5168D25472R2N,25472,R2N,-2,71801,71802,2026-09-28T00:02:47,79100,72400,E,41.37954,2.1411655,50,True,,
2026-09-28T06:55:21Z,5168D77468R4,77468,R4,-1432,78700,78700,2026-09-28T00:27:51,78700,71600,A,41.56993,2.0143688,50,False,,
2026-09-28T06:55:21Z,5168D35564R4,35564,R4,-1431,72209,72209,2026-09-28T00:00:49,72209,78600,A,41.47872,1.9255537,50,False,,
2026-09-28T06:55:21Z,5168D15023R15,15023,R15,52,71502,71500,2026-09-28T00:03:56,71400,79400,60.0,41.129208,1.2999328,50,False,,
2026-09-28T06:55:21Z,5168D25795R1,25795,R1,-1,79403,79404,2026-09-28T00:02:38,79500,72305,E,41.445705,2.2490852,50,False,,1
2026-09-28T06:55:21Z,5168D28393R2S,28393,R2S,-2,71802,71801,2026-09-28T00:01:35,71700,79400,A,41.379513,2.1412146,50,False,,
2026-09-28T06:55:21Z,5168D77464R4,77464,R4,11,78604,78600,2026-09-28T00:05:15,78600,71600,41.0,41.686344,1.8386431,50,False,,
2026-09-28T06:55:21Z,5168D25470R2N,25470,R2N,3,79006,79007,2026-09-28T00:03:54,79104,72400,E,41.533474,2.2177799,50,True,1,
2026-09-28T06:55:21Z,5168D25567R2S,25567,R2S,2,71604,71603,2026-09-28T00:01:57,71600,79400,E,41.20413,1.6760199,50,False,,
2026-09-28T06:55:21Z,5168D28490R2,28490,R2,0,71705,71704,2026-09-28T00:02:22,71700,79104,20.0,41.278507,1.9790424,50,True,,
2026-09-28T06:55:21Z,6068D26577C3,26577,C3,4,13119,13120,2026-09-28T00:00:52,13200,13100,E,43.240112,-2.924082,60,False,,1
2026-09-28T06:55:21Z,6068D35689C3,35689,C3,2,13121,13102,2026-09-28T00:02:16,13200,13100,E,43.05786,-2.996093,60,True,1,1
2026-09-28T06:55:21Z,6068D26576C3,26576,C3,6,13115,13109,2026-09-28T00:01:18,13100,13200,E,43.176933,-2.909058,60,True,2,2
2026-09-28T06:55:21Z,6168D35654C1,35654,C1,4,11409,11408,2026-09-28T00:00:03,11400,11508,95.0,43.094822,-2.1242988,61,False,,2
2026-09-28T06:55:21Z,6268D71185C2,71185,C2,1,05605,05604,2026-09-28T00:02:19,14223,05637,41.0,43.44704,-3.8820617,62,False,,2
2026-09-28T06:55:21Z,2068D22237C2,22237,C2,49,16011,16010,2026-09-28T00:01:00,15211,16011,E,43.28714,-5.6448464,20,False,1,1
2026-09-28T06:55:21Z,2068D22372C3,22372,C3,3,16403,16401,2026-09-28T00:03:00,15211,16403,E,43.56141,-5.922727,20,False,1,2
2026-09-28T06:55:21Z,2068D22373C3,22373,C3,7,16403,16403,2026-09-27T23:59:00,16403,15211,A,43.56141,-5.922727,20,False,1,1
2026-09-28T06:55:21Z,2068D70237C4,70237,C4,-1432,15410,15410,2026-09-28T00:03:00,15410,16403,A,43.537647,-5.67596,20,False,12,12
2026-09-28T06:55:21Z,2068D22358C3,22358,C3,-1441,15218,15218,2026-09-29T00:00:00,15218,16405,A,43.3588,-5.8573804,20,False,2,2
2026-09-28T06:55:21Z,2068D22132C1,22132,C1,0,15217,15211,2026-09-28T00:03:00,15218,17000,S,43.38812,-5.8272715,20,False,2,2
2026-09-28T06:55:21Z,4168D84931C2,84931,C2,87,61200,06002,2026-09-28T00:34:00,06006,61200,E,37.97462,-1.1315287,41,False,1,2
2026-09-28T06:55:21Z,4168D24722C1,24722,C1,13,62109,60911,2026-09-28T00:10:00,60911,61200,A,38.34553,-0.49576503,41,False,1,1
2026-09-28T06:55:21Z,4168D24723C1,24723,C1,-1425,61200,61200,2026-09-28T00:14:00,61200,60911,E,37.974686,-1.131078,41,False,1,1
2026-09-28T06:55:21Z,1068D27506C4b,27506,C4b,6,37002,37011,2026-09-28T00:02:00,37012,17005,A,40.288372,-3.7373493,10,True,2,2
2026-09-28T06:55:21Z,1068D75037C8a,75037,C8a,6,97100,10100,2026-09-28T00:10:00,10203,17000,E,40.49547,-3.7261994,10,False,1,3
2026-09-28T06:55:21Z,1068D19945C1,19945,C1,0,98305,98304,2026-09-29T00:12:00,18000,98305,E,40.4924,-3.593483,10,False,2,1
2026-09-28T06:55:21Z,1068D27316C4a,27316,C4a,-1440,18000,18000,2026-09-29T00:06:00,18000,19003,E,40.40654,-3.6895106,10,True,7,7
2026-09-28T06:55:21Z,1068D75872C7,75872,C7,3,18002,18002,2026-09-27T23:59:00,18002,10000,E,40.44655,-3.691473,10,False,4,4
2026-09-28T06:55:21Z,1068D27818C5,27818,C5,0,35009,35001,2026-09-27T23:49:00,35012,35607,S,40.34086,-3.7482634,10,False,2,2
2026-09-28T06:55:21Z,1068D27817C5,27817,C5,-1440,35607,35607,2026-09-28T00:41:00,35607,35012,A,40.330883,-3.8823783,10,False,2,2
2026-09-28T06:55:21Z,1068D27995C5,27995,C5,18,35606,35607,2026-09-27T23:59:00,35607,35002,S,40.32875,-3.8636916,10,False,1,2
2026-09-28T06:55:21Z,1068D27512C4b,27512,C4b,-1424,18000,18000,2026-09-28T00:55:00,18000,17005,E,40.40654,-3.6895106,10,True,7,7
2026-09-28T06:55:21Z,1068D75530C2,75530,C2,-1437,70200,70200,2026-09-28T00:28:00,70200,17000,E,40.644257,-3.1823237,10,False,2,2
2026-09-28T06:55:21Z,1068D75035C8a,75035,C8a,19,10203,10203,2026-09-27T23:59:00,10203,17000,E,40.58532,-4.1321955,10,False,5,5
2026-09-28T06:55:21Z,1068D27815C5,27815,C5,0,18000,35609,2026-09-27T23:59:00,35607,35012,A,40.405067,-3.7026901,10,False,9,2
2026-09-28T06:55:21Z,1068D75877C7,75877,C7,4,10007,10010,2026-09-28T00:03:00,10000,70103,24.0,40.472656,-3.836884,10,True,1,1
2026-09-28T06:55:21Z,1068D27090C3,27090,C3,-1418,60200,60200,2026-09-28T00:00:00,60200,17000,E,40.035027,-3.6189713,10,True,4,4
2026-09-28T06:55:21Z,1068D75875C7,75875,C7,15,10000,10000,2026-09-27T23:59:00,10000,70103,E,40.42163,-3.7193205,10,False,7,7
2026-09-28T06:55:21Z,1068D19940C1,19940,C1,-1440,98305,98305,2026-09-29T00:05:00,98305,17000,E,40.4924,-3.593483,10,False,1,1
2026-09-28T06:55:21Z,1068D27094C3,27094,C3,-1432,60200,60200,2026-09-28T00:45:00,60200,17000,S,40.035027,-3.6189713,10,True,3,3
2026-09-28T06:55:21Z,1068D27508C4b,27508,C4b,3,18000,60100,2026-09-28T00:06:00,37012,17005,13.0,40.40084,-3.682559,10,True,7,1
2026-09-28T06:55:21Z,1068D75644C2,75644,C2,-1435,70200,70200,2026-09-28T00:58:00,70200,17000,A,40.644257,-3.1823237,10,True,2,2
2026-09-28T06:55:21Z,1068D27095C3,27095,C3,-1,60103,60102,2026-09-29T00:04:00,17000,60200,E,40.242844,-3.7038615,10,True,1,1
2026-09-28T06:55:21Z,1068D27092C3,27092,C3,-1425,60200,60200,2026-09-28T00:12:00,60200,17000,S,40.035027,-3.6189713,10,False,3,3
2026-09-28T06:55:21Z,1068D75268C10,75268,C10,5,10101,10103,2026-09-28T00:06:00,10200,17000,13.0,40.560028,-3.9011943,10,True,1,1
2026-09-28T06:55:21Z,1068D27822C5,27822,C5,0,35601,35600,2026-09-27T23:59:00,35012,35607,A,40.386257,-3.7610443,10,False,1,1
2026-09-28T06:55:21Z,1068D27093C3,27093,C3,-1435,17000,17000,2026-09-28T00:13:00,17000,60200,E,40.471382,-3.6834786,10,True,5,5
2026-09-28T06:55:21Z,1068D27643C8b,27643,C8b,-1437,12006,12006,2026-09-28T00:26:00,12006,17000,A,40.737614,-4.0662985,10,False,2,2
2026-09-28T06:55:21Z,1068D27820C5,27820,C5,0,37001,35009,2026-09-28T00:01:00,35012,35607,A,40.34086,-3.7482634,10,False,6,2
2026-09-28T06:55:21Z,1068D27317C4,27317,C4,-1441,17000,17000,2026-09-29T00:34:00,17000,37012,A,40.471325,-3.6833096,10,True,3,3
2026-09-28T06:55:21Z,1068D75172C10,75172,C10,1,18004,18003,2026-09-28T00:01:00,17000,10200,A,40.395943,-3.677964,10,True,1,1
2026-09-28T06:55:21Z,1068D27510C4b,27510,C4b,3,17001,17000,2026-09-28T00:05:00,18000,17005,S,40.501648,-3.6821797,10,True,2,2
2026-09-28T07:05:35Z,SPECIAL_10_91869C2,91869,C2,0,70100,70109,2026-09-28T09:06:00,,70108,E,40.401035,-3.5957623,10,False,,0
2026-09-28T07:15:34Z,SPECIAL_10_91869C2,91869,C2,1,70003,70002,2026-09-28T09:13:00,,70108,E,40.37616,-3.6561291,10,False,,0
2026-09-28T07:25:29Z,SPECIAL_10_91869C2,91869,C2,6,18001,18002,2026-09-28T09:30:00,,70108,E,40.42352,-3.6912522,10,False,,0
2026-09-28T07:34:59Z,SPECIAL_10_91869C2,91869,C2,4,17000,17000,2026-09-28T09:34:00,,70108,A,40.47097,-3.68245,10,False,,10
2026-09-28T07:39:38Z,SPECIAL_10_91869C7,91869,C7,5,17000,17000,2026-09-28T09:35:00,,70108,A,40.47113,-3.6828332,10,False,,0
2026-09-28T07:45:27Z,SPECIAL_10_91072C2,91072,C2,48,70200,70200,2026-09-28T09:42:00,,97101,A,40.644257,-3.1823237,10,False,,1
2026-09-28T07:49:52Z,SPECIAL_10_91072C2,91072,C2,48,70200,70200,2026-09-28T09:42:00,,97101,A,40.644257,-3.1823237,10,False,,1
2026-09-28T07:55:24Z,SPECIAL_10_91072C2,91072,C2,48,70200,70200,2026-09-28T09:42:00,,97101,A,40.644257,-3.1823237,10,False,,1
2026-09-28T08:05:20Z,SPECIAL_10_91072C2,91072,C2,48,70200,70200,2026-09-28T09:42:00,,97101,A,40.644257,-3.1823237,10,False,,1
2026-09-28T08:09:39Z,SPECIAL_10_91072C2,91072,C2,48,70200,70200,2026-09-28T09:42:00,,97101,A,40.644257,-3.1823237,10,False,,1
2026-09-28T08:14:43Z,SPECIAL_10_91072C2,91072,C2,48,70200,70200,2026-09-28T09:42:00,,97101,A,40.644257,-3.1823237,10,False,,1
2026-09-28T08:19:41Z,SPECIAL_10_91072C2,91072,C2,48,70200,70200,2026-09-28T09:42:00,,97101,A,40.644257,-3.1823237,10,False,,1
2026-09-28T08:24:51Z,SPECIAL_10_91072C2,91072,C2,48,70200,70200,2026-09-28T09:42:00,,97101,A,40.644257,-3.1823237,10,False,,1
2026-09-28T08:29:34Z,SPECIAL_10_91072C2,91072,C2,48,70200,70200,2026-09-28T09:42:00,,97101,A,40.644257,-3.1823237,10,False,,1
2026-09-28T08:35:07Z,3069L80903C3,17907,C3,0,51003,40113,2026-09-28T12:10:00,40113,51003,E,37.392567,-5.9749827,30,False,,
2026-09-28T08:35:07Z,3069L23713C5,23713,C5,0,43005,43004,2026-09-28T10:47:00,51113,43005,A,37.381527,-6.193782,30,False,5,1
2026-09-28T08:35:07Z,3069L23617C4,23617,C4,20,51010,51110,2026-09-28T10:38:56,51003,00000,A,37.362885,-5.97583,30,False,,1
2026-09-28T08:35:07Z,3069L23522C1,23522,C1,0,51103,51112,2026-09-28T10:37:48,51200,50600,A,37.27829,-5.9103913,30,False,2,2
2026-09-28T08:35:07Z,3069L23524C1,23524,C1,3,51003,51100,2026-09-28T10:41:59,51200,50600,A,37.377792,-5.9795485,30,False,9,2
2026-09-28T08:35:07Z,3069L23528C1,23528,C1,-1,50602,50700,2026-09-28T10:44:38,51200,50600,A,37.58964,-5.7261076,30,False,2,2
2026-09-28T08:35:07Z,3069L23529C1,23529,C1,8,50703,50704,2026-09-28T10:34:53,50600,51200,E,37.479904,-5.9399505,30,False,,1
2026-09-28T08:35:07Z,3069L23811C5,23811,C5,3,51003,43000,2026-09-28T10:35:25,43005,51113,94.0,37.436028,-5.975792,30,False,,2
2026-09-28T08:35:07Z,3069L23709C5,23709,C5,0,51003,51100,2026-09-28T10:35:00,51113,43005,E,37.392567,-5.9749837,30,False,,2
2026-09-28T08:35:07Z,3069L23057C2,23057,C2,0,51050,51051,2026-09-28T10:44:00,51003,51050,,37.40743,-6.009991,30,False,1,1
2026-09-28T08:35:07Z,3069L23531C1,23531,C1,8,51111,51113,2026-09-28T10:40:16,51003,51200,A,37.332863,-5.963986,30,False,1,1
2026-09-28T08:35:07Z,3069L23711C5,23711,C5,1,43000,51003,2026-09-28T10:46:10,51113,43005,A,37.392567,-5.9749837,30,False,1,9
2026-09-28T08:35:07Z,3169L23432T1,23432,T1,0,51451,51452,2026-09-28T10:37:00,51405,51450,A,36.41442,-6.1431446,31,False,2,2
2026-09-28T08:35:07Z,3169L23215C1,23215,C1,1,51401,51415,2026-09-28T10:44:00,51300,51405,A,36.544746,-6.1988378,31,False,1,1
2026-09-28T08:35:07Z,3169L23214C1,23214,C1,0,51401,51402,2026-09-28T10:45:00,51405,51300,A,36.47592,-6.1940255,31,False,2,2
2026-09-28T08:35:07Z,3169L23273C1,23273,C1,59,51300,51300,2026-09-28T10:34:00,51300,51415,A,36.680237,-6.12622,31,False,4,4
2026-09-28T08:35:07Z,3169L23430T1,23430,T1,1,51404,51414,2026-09-28T10:37:00,51405,51450,A,36.521587,-6.2807107,31,False,2,2
2026-09-28T08:35:07Z,3169L23429T1,23429,T1,0,51456,51455,2026-09-28T10:41:00,51450,51405,A,36.428635,-6.1433587,31,False,1,1
2026-09-28T08:35:07Z,3269L23157C2,23157,C2,12,54406,54405,2026-09-28T10:37:26,54405,54517,56.0,36.794586,-4.714159,32,False,,
2026-09-28T08:35:07Z,3269L23324C1,23324,C1,5,54512,54511,2026-09-28T10:37:51,54517,54516,E,36.582317,-4.5670233,32,False,,1
2026-09-28T08:35:07Z,3269L23326C1,23326,C1,0,54516,54515,2026-09-28T10:42:00,54517,54516,A,36.55467,-4.6145897,32,False,1,1
2026-09-28T08:35:07Z,3269L23327C1,23327,C1,3,54516,54516,2026-09-28T10:38:42,54516,54517,A,36.541843,-4.6237864,32,False,1,1
2026-09-28T08:35:07Z,3269L23331C1,23331,C1,0,54501,54503,2026-09-28T10:38:39,54516,54517,E,36.70121,-4.454409,32,False,1,1
2026-09-28T08:35:07Z,3269L23322C1,23322,C1,3,54520,54505,2026-09-28T10:36:27,54517,54516,E,36.656197,-4.4803596,32,False,,2
2026-09-28T08:35:07Z,3269L23329C1,23329,C1,2,54509,54519,2026-09-28T10:37:07,54516,54517,E,36.622364,-4.49936,32,False,1,1
2026-09-28T08:35:07Z,4069L24222C1,24222,C1,3,69104,69103,2026-09-28T10:44:46,65000,69110,A,39.20591,-0.30820796,40,False,2,2
2026-09-28T08:35:07Z,4069L24224C1,24224,C1,0,69110,69107,2026-09-28T10:49:00,65000,69110,A,39.02619,-0.21494265,40,False,1,
2026-09-28T08:35:07Z,4069L31411C3,31411,C3,0,66212,66214,2026-09-28T10:47:00,66206,66212,A,39.462456,-0.43221256,40,False,2,1
2026-09-28T08:35:07Z,4069L24029C2,24029,C2,0,64105,64104,2026-09-28T10:36:19,64003,65000,63.0,39.168102,-0.44793388,40,False,,1
2026-09-28T08:35:07Z,4069L24030C2,24030,C2,3,64100,64007,2026-09-28T10:34:31,65000,64100,S,38.992313,-0.5246103,40,False,,2
2026-09-28T08:35:07Z,4069L24031C2,24031,C2,0,65000,64203,2026-09-28T10:43:00,64006,65000,A,39.42246,-0.39274746,40,False,7,1
2026-09-28T08:35:07Z,4069L82004C3,82004,C3,0,66206,66204,2026-09-28T11:01:00,66200,66206,,39.427246,-0.7875172,40,False,,1
2026-09-28T08:35:07Z,4069L24319C6,24319,C6,-1,65201,65200,2026-09-28T10:40:55,65000,65300,A,39.675564,-0.27121595,40,False,,3
2026-09-28T08:35:07Z,4069L24219C1,24219,C1,-1,69104,69105,2026-09-28T10:43:12,69110,65000,E,39.177853,-0.26344925,40,False,,1
2026-09-28T08:35:07Z,4069L31409C3,31409,C3,21,66211,66209,2026-09-28T10:44:09,66206,66212,15.0,39.460884,-0.4794668,40,False,,
2026-09-28T08:35:07Z,4069L35400C2,35400,C2,1,64104,64105,2026-09-28T10:39:03,65000,64100,E,39.153164,-0.4508683,40,False,,2
2026-09-28T08:35:07Z,4069L24220C1,24220,C1,0,64202,64203,2026-09-28T10:35:55,65000,69110,E,39.409153,-0.39521268,40,False,,2
2026-09-28T08:35:07Z,4069L24318C6,24318,C6,2,65002,65003,2026-09-28T10:35:26,65300,65000,90.0,39.46434,-0.33642617,40,False,,
2026-09-28T08:35:07Z,4069L24314C6,24314,C6,0,65207,65208,2026-09-28T10:37:25,65312,65000,35.0,39.909794,-0.1024765,40,False,,4
2026-09-28T08:35:07Z,4069L24316C6,24316,C6,-2,65202,65204,2026-09-28T10:39:17,65300,65000,A,39.782715,-0.19038023,40,False,,2
2026-09-28T08:35:07Z,4069L31412C3,31412,C3,7,66207,66208,2026-09-28T10:42:18,66212,66206,A,39.490677,-0.68618554,40,False,1,
2026-09-28T08:35:07Z,5169L35541R3,35541,R3,5,77104,77105,2026-09-28T10:37:10,77310,77102,E,41.760487,2.2491164,50,False,,
2026-09-28T08:35:07Z,5169L25726R1,25726,R1,4,79408,79407,2026-09-28T10:35:26,72305,79603,E,41.47896,2.3195477,50,False,,2
2026-09-28T08:35:07Z,5169L25729R1,25729,R1,0,79406,79407,2026-09-28T10:36:06,79500,72305,E,41.468693,2.2867389,50,True,,1
2026-09-28T08:35:07Z,5169L25733R1,25733,R1,1,72305,71801,2026-09-28T10:39:44,79500,72305,18.0,41.365623,2.1088433,50,False,,
2026-09-28T08:35:07Z,5169L25724R1,25724,R1,7,78804,78805,2026-09-28T10:35:04,72305,79603,89.0,41.388317,2.170923,50,False,,2
2026-09-28T08:35:07Z,5169L35526R3,35526,R3,1,77307,77306,2026-09-28T10:46:02,77102,77309,20.0,42.368423,1.9071654,50,False,,
2026-09-28T08:35:07Z,5169L28284R2S,28284,R2S,0,71700,71701,2026-09-28T10:44:00,79400,71700,A,41.23921,1.8097008,50,False,-,
2026-09-28T08:35:07Z,5169L77520R4,77520,R4,13,71801,72305,2026-09-28T10:43:22,72204,78600,A,41.36431,2.1008937,50,False,4,4
2026-09-28T08:35:07Z,5169L35522R3,35522,R3,12,77113,77112,2026-09-28T10:44:31,77102,77303,E,42.104755,2.2174911,50,False,1,
2026-09-28T08:35:07Z,5169L77412R4,77412,R4,7,78609,78607,2026-09-28T10:40:03,78600,71600,13.0,41.565502,1.9493572,50,False,1,1
2026-09-28T08:35:07Z,5169L77522R4,77522,R4,4,78800,78801,2026-09-28T10:36:27,71600,78600,20.0,41.468403,2.1786115,50,False,5,2
2026-09-28T08:35:07Z,5169L35520R3,35520,R3,11,77104,77103,2026-09-28T10:41:50,77102,77309,A,41.721344,2.2715614,50,False,1,
2026-09-28T08:35:07Z,5169L77526R4,77526,R4,1,78604,78605,2026-09-28T10:39:44,71600,78600,A,41.628757,1.8689924,50,False,,2
2026-09-28T08:35:07Z,5169L28282R2S,28282,R2S,7,71704,71705,2026-09-28T10:38:18,79400,71700,A,41.27877,1.9793742,50,False,2,2
2026-09-28T08:35:07Z,5169L28283R2S,28283,R2S,0,79400,71802,2026-09-28T10:38:00,71700,79400,E,41.3834,2.1864636,50,False,,
2026-09-28T08:35:07Z,5169L77414R4,77414,R4,18,78801,78800,2026-09-28T10:34:56,78600,72204,95.0,41.469814,2.1791947,50,False,,6
2026-09-28T08:35:07Z,5169L15006R15,15006,R15,4,71700,71801,2026-09-28T11:10:35,79400,71400,A,41.379536,2.1411645,50,False,3,
2026-09-28T08:35:07Z,5169L77416R4,77416,R4,6,71801,78805,2026-09-28T10:37:30,78600,71600,E,41.379536,2.1411612,50,False,,1
2026-09-28T08:35:07Z,5169L28281R2S,28281,R2S,18,71801,71708,2026-09-28T10:39:05,71700,79400,29.0,41.372005,2.1324186,50,True,,
2026-09-28T08:35:07Z,5169L15778R11,15778,R11,37,79009,71802,2026-09-28T10:40:41,71801,79309,A,41.392376,2.1651223,50,True,1,
2026-09-28T08:35:07Z,5169L15063R17,15063,R17,6,71802,71801,2026-09-28T10:37:17,65411,79400,A,41.379536,2.1411645,50,True,,
2026-09-28T08:35:07Z,5169L77418R4,77418,R4,1,72300,72301,2026-09-28T10:42:18,78600,72204,A,41.38308,2.0479817,50,False,2,2
2026-09-28T08:35:07Z,5169L28416R2N,28416,R2N,56,71801,71708,2026-09-28T10:40:47,72400,79104,E,41.37954,2.1411655,50,True,12,
2026-09-28T08:35:07Z,5169L28418R2N,28418,R2N,39,79009,71802,2026-09-28T10:39:32,72400,79104,6.0,41.409042,2.1873875,50,True,1,
2026-09-28T08:35:07Z,5169L78640R8,78640,R8,0,79100,79007,2026-09-28T10:37:00,72209,79100,A,41.54973,2.245419,50,True,,2
2026-09-28T08:35:07Z,5169L15004R15,15004,R15,23,71801,71802,2026-09-28T10:36:18,79400,71400,63.0,41.386414,2.1569567,50,False,,
2026-09-28T08:35:07Z,5169L15802R11,15802,R11,70,79202,79203,2026-09-28T10:34:50,79315,71801,S,41.8075,2.745056,50,True,,
2026-09-28T08:35:07Z,5169L15904R11,15904,R11,58,79309,79311,2026-09-28T10:41:06,79315,71801,21.0,42.278458,2.9924057,50,False,,
2026-09-28T08:35:07Z,5169L25420R2N,25420,R2N,0,72400,71707,2026-09-28T10:45:00,79104,72400,A,41.3306,2.0894625,50,True,1,4
2026-09-28T08:35:07Z,5169L25617R1,25617,R1,21,79608,79605,2026-09-28T10:37:45,79200,72305,E,41.62999,2.7159991,50,False,1,
2026-09-28T08:35:07Z,5169L15908R11,15908,R11,34,79104,79105,2026-09-28T10:42:16,79315,71801,A,41.717957,2.5389159,50,False,1,1
2026-09-28T08:35:07Z,5169L25619R1,25619,R1,7,79601,79602,2026-09-28T10:37:40,79606,72305,E,41.586533,2.5813315,50,False,,
2026-09-28T08:35:07Z,5169L33523RL4,15623,RL4,14,78501,78500,2026-09-28T10:42:33,78400,78600,48.0,41.664124,1.3519173,50,False,,
2026-09-28T08:35:07Z,5169L15255RG1,15255,RG1,7,79302,79303,2026-09-28T10:36:49,79315,79200,34.0,42.0404,2.9296603,50,False,,
2026-09-28T08:35:07Z,5169L33522RL4,15622,RL4,10,78505,78506,2026-09-28T10:42:03,78600,78400,10.0,41.738773,1.6316379,50,False,,
2026-09-28T08:35:07Z,5169L18122R16,18122,R16,5,71500,71502,2026-09-28T10:40:11,79400,65400,40.0,41.129208,1.2999328,50,False,,
2026-09-28T08:35:07Z,5169L25731R1,25731,R1,2,79009,79403,2026-09-28T10:38:11,79500,72305,58.0,41.42712,2.2084486,50,True,,1
2026-09-28T08:35:07Z,5169L30581R15,17501,R15,20,71500,71401,2026-09-28T10:42:25,71105,79400,5.0,41.109795,1.248661,50,False,1,
2026-09-28T08:35:07Z,5169L25628R1,25628,R1,9,72305,72305,2026-09-28T10:35:14,72305,79606,A,41.36431,2.1008937,50,False,,
2026-09-28T08:35:07Z,5169L25621R1,25621,R1,-1,79410,79412,2026-09-28T10:37:28,79200,72305,A,41.50672,2.4016483,50,False,,1
2026-09-28T08:35:07Z,5169L25623R1,25623,R1,4,78805,78804,2026-09-28T10:37:24,79606,72305,E,41.387875,2.1697214,50,False,1,1
2026-09-28T08:35:07Z,5169L25412R2N,25412,R2N,51,79101,79102,2026-09-28T10:38:58,79104,72400,A,41.637882,2.4045222,50,True,1,
2026-09-28T08:35:07Z,5169L18093R16,18093,R16,5,71503,71502,2026-09-28T10:36:58,65400,79400,29.0,41.140842,1.396428,50,False,,
2026-09-28T08:35:07Z,5169L25414R2N,25414,R2N,47,79004,79005,2026-09-28T10:38:21,79104,71708,41.0,41.45547,2.1923282,50,True,,
2026-09-28T08:35:07Z,5169L77514R4,77514,R4,42,72205,72204,2026-09-28T10:37:27,71600,78600,E,41.370678,1.7253983,50,False,,1
2026-09-28T08:35:07Z,5169L25416R2N,25416,R2N,39,71801,71802,2026-09-28T10:44:05,79104,72400,A,41.392376,2.1651223,50,True,,
2026-09-28T08:35:07Z,5169L77516R4,77516,R4,17,72207,72206,2026-09-28T10:37:18,72204,78600,18.0,41.416294,1.7891265,50,False,1,1
2026-09-28T08:35:07Z,5169L77518R4,77518,R4,6,72210,72209,2026-09-28T10:36:03,71600,78600,A,41.47872,1.9255537,50,False,,1
2026-09-28T08:35:07Z,5169L25518R2S,25518,R2S,-1,71601,71602,2026-09-28T10:38:45,79400,71600,A,41.19241,1.6064517,50,True,,
2026-09-28T08:35:07Z,5169L77720R4,77720,R4,16,78708,78800,2026-09-28T10:36:29,72209,78700,59.0,41.474567,2.1849053,50,False,,5
2026-09-28T08:35:07Z,5169L77722R4,77722,R4,0,78706,78707,2026-09-28T10:37:35,72209,78700,E,41.49266,2.1475983,50,True,,2
2026-09-28T08:35:07Z,5169L30512R15,15036,R15,0,71300,71302,2026-09-28T10:46:00,79400,71300,,41.106712,0.6533784,50,False,,
2026-09-28T08:35:07Z,5169L77724R4,77724,R4,0,78700,78710,2026-09-28T10:48:00,72209,78700,A,41.567463,2.03963,50,True,2,2
2026-09-28T08:35:07Z,5169L77718R4,77718,R4,27,71801,72305,2026-09-28T10:41:21,72209,78700,E,41.379536,2.1411612,50,False,7,4
2026-09-28T08:35:07Z,5169L28424R2N,28424,R2N,0,79104,79103,2026-09-28T10:41:00,72400,79104,A,41.671745,2.4542186,50,True,,
2026-09-28T08:35:07Z,5169L77420R4,77420,R4,-2,72207,72208,2026-09-28T10:41:28,78600,71600,E,41.41933,1.7952268,50,False,,2
2026-09-28T08:35:07Z,5169L28422R2N,28422,R2N,20,79102,79101,2026-09-28T10:38:54,72400,79104,A,41.636314,2.3562145,50,True,2,
2026-09-28T08:35:07Z,5169L28420R2N,28420,R2N,38,79100,79007,2026-09-28T10:41:36,72400,79104,A,41.54973,2.2454193,50,True,2,
2026-09-28T08:35:07Z,5169L77821R7,77821,R7,2,78708,78707,2026-09-28T10:38:30,72503,78800,A,41.481228,2.166976,50,False,1,1
2026-09-28T08:35:07Z,5169L25630R1,25630,R1,7,79403,79009,2026-09-28T10:42:57,72305,79200,10.0,41.420143,2.2262754,50,False,,3
2026-09-28T08:35:07Z,5169L25632R1,25632,R1,3,79500,79412,2026-09-28T10:38:15,72305,79606,E,41.53325,2.4456325,50,False,2,2
2026-09-28T08:35:07Z,5169L28478R2,28478,R2,91,71707,71709,2026-09-28T10:39:58,71705,79104,E,41.330997,2.0893226,50,True,1,
2026-09-28T08:35:07Z,5169L77614R4,77614,R4,17,78705,78703,2026-09-28T10:38:14,78700,72210,A,41.528614,2.1051986,50,True,1,1
2026-09-28T08:35:07Z,5169L25514R2S,25514,R2S,40,71700,71701,2026-09-28T10:38:01,79400,71600,47.0,41.22193,1.7696948,50,False,,
2026-09-28T08:35:07Z,5169L25516R2S,25516,R2S,21,71603,71604,2026-09-28T10:37:39,79400,71600,E,41.1948,1.6319689,50,False,,
2026-09-28T08:35:07Z,5169L25515R2S,25515,R2S,6,71602,71601,2026-09-28T10:36:04,71600,79400,E,41.19241,1.6064517,50,False,,
2026-09-28T08:35:07Z,6069L26026C2,26026,C2,0,13305,13304,2026-09-28T10:36:32,13200,13506,E,43.2878,-2.975288,60,False,,2
2026-09-28T08:35:07Z,6069L26521C3,26521,C3,-1,13115,13110,2026-09-28T10:37:37,13200,13100,E,43.176933,-2.909058,60,True,,1
2026-09-28T08:35:07Z,6069L26128C1,26128,C1,0,13405,13404,2026-09-28T10:42:00,13200,13405,A,43.3262,-3.023556,60,False,1,2
2026-09-28T08:35:07Z,6069L71582C5,71582,C5,0,05473,05484,2026-09-28T10:48:00,05497,05473,A,43.215824,-3.1312509,60,False,3,1
2026-09-28T08:35:07Z,6069L26520C3,26520,C3,1,13103,13102,2026-09-28T10:38:00,13100,13200,A,43.07418,-2.9994733,60,True,2,2
2026-09-28T08:35:07Z,6069L26028C2,26028,C2,0,13506,13505,2026-09-28T10:45:00,13200,13506,A,43.315636,-3.0911126,60,False,1,1
2026-09-28T08:35:07Z,6069L26127C1,26127,C1,0,13200,13205,2026-09-28T10:39:00,13405,13200,A,43.256733,-2.9322033,60,False,2,1
2026-09-28T08:35:07Z,6069L26027C2,26027,C2,2,13305,13400,2026-09-28T10:37:00,13506,13200,28.0,43.292664,-2.9742491,60,False,1,3
2026-09-28T08:35:07Z,6069L26522C3,26522,C3,-1,13111,13110,2026-09-28T10:40:43,13100,13200,E,43.210075,-2.888758,60,False,,2
2026-09-28T08:35:07Z,6069L26523C3,26523,C3,1,13100,13116,2026-09-28T10:37:22,13200,13100,49.0,43.015495,-3.0085323,60,True,,1
2026-09-28T08:35:07Z,6069L71515C4,71515,C4,0,05457,05455,2026-09-28T10:36:07,05451,05485,E,43.27407,-2.9740336,60,False,,1
2026-09-28T08:35:07Z,6069L26126C1,26126,C1,7,13206,13205,2026-09-28T10:36:29,13200,13405,18.0,43.25398,-2.9415514,60,False,2,2
2026-09-28T08:35:07Z,6069L71512C4,71512,C4,0,05477,05479,2026-09-28T10:35:38,05485,05451,E,43.21121,-3.138106,60,False,,
2026-09-28T08:35:07Z,6069L26610C3,26610,C3,0,13107,13106,2026-09-28T10:38:03,13106,13200,E,43.144993,-2.9434426,60,False,,4
2026-09-28T08:35:07Z,6169L30601C1,16001,C1,8,11504,11505,2026-09-28T10:35:27,11505,11200,E,43.21556,-2.0203028,61,False,,
2026-09-28T08:35:07Z,6169L35620C1,35620,C1,5,11501,11500,2026-09-28T10:35:24,11305,11600,E,43.139435,-2.074181,61,False,,2
2026-09-28T08:35:07Z,6169L35619C1,35619,C1,-1,11511,11513,2026-09-28T10:37:29,11600,11305,E,43.317684,-1.9766475,61,False,,1
2026-09-28T08:35:07Z,6169L35623C1,35623,C1,2,11402,11404,2026-09-28T10:39:34,11600,11305,E,43.040184,-2.256515,61,False,,1
2026-09-28T08:35:07Z,6169L35622C1,35622,C1,0,11600,11518,2026-09-28T10:42:00,11305,11600,A,43.330643,-1.8169186,61,False,,2
2026-09-28T08:35:07Z,6169L35664C1,35664,C1,13,11409,11408,2026-09-28T10:34:51,11400,11600,S,43.10187,-2.0972357,61,False,,2
2026-09-28T08:35:07Z,6269L71159C2,71159,C2,4,05622,05620,2026-09-28T10:36:12,14223,05637,E,43.35649,-4.0702353,62,False,,1
2026-09-28T08:35:07Z,6269L71112C2,71112,C2,-1,05613,05615,2026-09-28T10:36:35,05623,14223,E,43.409706,-3.988606,62,False,,1
2026-09-28T08:35:07Z,6269L71361C3,71361,C3,0,05657,05658,2026-09-28T10:35:56,05671,14223,45.0,43.39739,-3.8149183,62,False,,2
2026-09-28T08:35:07Z,6269L71113C2,71113,C2,3,05609,05607,2026-09-28T10:35:54,14223,05623,65.0,43.433594,-3.927947,62,False,,2
2026-09-28T08:35:07Z,6269L71206C3,71206,C3,-1,05655,05652,2026-09-28T10:38:40,14223,05658,A,43.427574,-3.8405013,62,False,,
2026-09-28T08:35:07Z,6269L71162C2,71162,C2,0,14223,05602,2026-09-28T10:43:00,05637,14223,A,43.452877,-3.8282192,62,False,8AM,2
2026-09-28T08:35:07Z,6269L26913C1,26913,C1,10,14230,14223,2026-09-28T10:36:22,14223,14202,E,43.45403,-3.8277466,62,False,,
2026-09-28T08:35:07Z,6269L71209C3,71209,C3,0,14223,05602,2026-09-28T10:48:00,05658,14223,A,43.452858,-3.828213,62,False,7AM,7
2026-09-28T08:35:07Z,6269L26912C1,26912,C1,13,14216,14236,2026-09-28T10:36:04,14202,14223,E,43.353184,-3.9495938,62,False,1,1
2026-09-28T08:35:07Z,6269L71160C2,71160,C2,4,05625,05627,2026-09-28T10:38:30,05637,14223,E,43.35905,-4.1118484,62,False,,1
2026-09-28T08:35:07Z,4669L71801C1,71801,C1,0,21010,05102,2026-09-28T10:48:00,05139,21010,A,43.494522,-8.214267,46,False,1,1
2026-09-28T08:35:07Z,4669L70002C1,70002,C1,67,21010,21010,2026-09-28T10:34:07,21010,05107,S,43.48843,-8.230954,46,False,1,1
2026-09-28T08:35:07Z,4669L70151C1,70151,C1,14,05125,05127,2026-09-28T10:37:49,05139,21010,25.0,43.576775,-7.948046,46,False,,1
2026-09-28T08:35:07Z,4769L71052C1,71052,C1,0,05775,05776,2026-09-28T10:35:00,05803,05770,97.0,42.68305,-5.5381646,47,False,,1
2026-09-28T08:35:07Z,4769L71082C1,71082,C1,0,05789,05768,2026-09-28T10:35:00,05803,05761,92.0,42.854538,-5.441695,47,False,,
2026-09-28T08:35:07Z,4769L71093C1,71093,C1,0,05795,05793,2026-09-28T10:39:00,05753,05803,E,42.859604,-5.389966,47,False,,
2026-09-28T08:35:07Z,2069L70411C5,70411,C5,0,15410,05403,2026-09-28T11:02:00,05443,15410,E,43.53758,-5.67587,20,False,14,2
2026-09-28T08:35:07Z,2069L22114C1,22114,C1,0,15410,15401,2026-09-28T11:03:00,15218,15410,E,43.537712,-5.676047,20,False,2,2
2026-09-28T08:35:07Z,2069L70410C5,70410,C5,6,05443,05441,2026-09-28T10:36:00,15410,05443,E,43.250706,-5.5648093,20,False,1,1
2026-09-28T08:35:07Z,2069L22012C1,22012,C1,3,15200,15123,2026-09-28T10:39:00,15118,15410,A,43.18394,-5.814632,20,False,2,2
2026-09-28T08:35:07Z,2069L22112C1,22112,C1,34,15410,15401,2026-09-28T10:37:00,15218,15410,E,43.3588,-5.8573804,20,False,2,2
2026-09-28T08:35:07Z,2069L22211C2,22211,C2,10,16011,16010,2026-09-28T10:52:00,16403,16011,E,43.28714,-5.6448464,20,False,1,1
2026-09-28T08:35:07Z,2069L22015C1,22015,C1,3,15207,15208,2026-09-28T10:38:00,15410,15122,21.0,43.297043,-5.8274317,20,False,2,1
2026-09-28T08:35:07Z,2069L22013C1,22013,C1,7,15302,15303,2026-09-28T10:38:00,15410,15122,A,43.52077,-5.746301,20,False,1,1
2026-09-28T08:35:07Z,2069L22017C1,22017,C1,0,15122,15123,2026-09-28T11:03:00,15410,15122,E,43.15869,-5.8311706,20,False,7,1
2026-09-28T08:35:07Z,2069L22212C2,22212,C2,1,15210,15209,2026-09-28T10:37:00,16011,15211,E,43.328896,-5.873251,20,False,2,2
2026-09-28T08:35:07Z,2069L70908C8,70908,C8,4,05379,05381,2026-09-28T10:38:00,05389,05361,E,43.17064,-5.7420583,20,False,3,2
2026-09-28T08:35:07Z,2069L22014C1,22014,C1,14,15410,15401,2026-09-28T10:51:00,15122,15410,E,43.537712,-5.676047,20,False,1,2
2026-09-28T08:35:07Z,2069L70409C5,70409,C5,1,05509,05410,2026-09-28T10:35:00,05443,15410,E,43.38279,-5.7023115,20,False,7,2
2026-09-28T08:35:07Z,2069L70907C8,70907,C8,3,05379,05377,2026-09-28T10:37:00,05361,05389,E,43.17064,-5.7420583,20,False,1,1
2026-09-28T08:35:07Z,2069L70307C4,70307,C4,4,05245,05244,2026-09-28T10:35:00,15410,05245,E,43.5509,-6.1521378,20,False,1,2
2026-09-28T08:35:07Z,2069L70512C7,70512,C7,11,05325,05327,2026-09-28T10:42:00,05329,15211,10.0,43.498737,-6.111129,20,False,2,2
2026-09-28T08:35:07Z,2069L70511C7,70511,C7,2,05321,05320,2026-09-28T10:37:00,15211,05329,E,43.448772,-6.077201,20,False,1,1
2026-09-28T08:35:07Z,2069L22318C3,22318,C3,0,16403,16402,2026-09-28T10:49:00,15218,16403,E,43.56141,-5.922727,20,False,1,1
2026-09-28T08:35:07Z,2069L70306C4,70306,C4,26,05244,05245,2026-09-28T10:39:00,05245,15410,S,43.546844,-6.143345,20,False,1,1
2026-09-28T08:35:07Z,2069L70514C7,70514,C7,1,05313,05315,2026-09-28T10:40:00,05329,15211,A,43.389263,-6.0057106,20,False,2,2
2026-09-28T08:35:07Z,2069L70513C7,70513,C7,0,05329,05327,2026-09-28T11:04:00,15211,05329,E,43.55206,-6.087154,20,False,1,1
2026-09-28T08:35:07Z,2069L70804C6,70804,C6,0,05504,15211,2026-09-28T10:42:00,15211,05523,A,43.36667,-5.8550873,20,False,2,3
2026-09-28T08:35:07Z,2069L70854C6,70854,C6,5,05525,05523,2026-09-28T10:42:00,15211,05534,E,43.355587,-5.478376,20,False,1,3
2026-09-28T08:35:07Z,2069L22363C3,22363,C3,0,15218,15211,2026-09-28T11:05:00,16403,15218,E,43.3588,-5.8573804,20,False,1,1
2026-09-28T08:35:07Z,2069L22360C3,22360,C3,5,16301,15301,2026-09-28T10:39:00,15218,16403,A,43.4616,-5.826324,20,False,2,6
2026-09-28T08:35:07Z,2069L70310C4,70310,C4,2,15400,05208,2026-09-28T10:40:00,05245,15410,E,43.541885,-5.722748,20,False,2,1
2026-09-28T08:35:07Z,2069L22361C3,22361,C3,2,16401,16402,2026-09-28T10:37:00,16403,15218,E,43.540096,-5.9020247,20,False,1,1
2026-09-28T08:35:07Z,2069L70857C6,70857,C6,3,05522,05523,2026-09-28T10:41:00,05534,15211,E,43.3688,-5.5252404,20,False,1,1
2026-09-28T08:35:07Z,2069L70408C5,70408,C5,1,05407,05405,2026-09-28T10:39:00,15410,05443,E,43.50719,-5.7264185,20,False,1,1
2026-09-28T08:35:07Z,2069L70308C4,70308,C4,48,05210,05211,2026-09-28T10:39:00,05245,15410,E,43.58643,-5.7679796,20,False,1,3
2026-09-28T08:35:07Z,2069L70303C4,70303,C4,38,05209,05208,2026-09-28T10:39:00,15410,05245,S,43.580456,-5.7502737,20,False,1,2
2026-09-28T08:35:07Z,2069L70569C5a,70569,C5a,4,05509,05413,2026-09-28T10:38:00,15410,15211,S,43.38475,-5.7025747,20,False,3,5
2026-09-28T08:35:07Z,2069L70305C4,70305,C4,20,05229,05227,2026-09-28T10:41:00,15410,05245,S,43.551136,-5.995509,20,False,1,2
2026-09-28T08:35:07Z,4169L24709C1,24709,C1,0,60911,62109,2026-09-28T10:59:00,61200,60911,E,38.34553,-0.49576503,41,False,1,1
2026-09-28T08:35:07Z,4169L84909C2,84909,C2,0,61200,06002,2026-09-28T11:25:00,06006,61200,E,37.97462,-1.1315287,41,False,1,2
2026-09-28T08:35:07Z,4169L32808C3,32808,C3,0,60913,60914,2026-09-28T10:49:00,60911,60913,E,38.39458,-0.5287673,41,False,1,1
2026-09-28T08:35:07Z,4169L84906C2,84906,C2,74,06006,06005,2026-09-28T10:43:00,61200,06006,E,37.672035,-1.6961039,41,False,1,1
2026-09-28T08:35:07Z,4169L84908C2,84908,C2,14,06006,06005,2026-09-28T10:43:00,61200,06006,E,37.672035,-1.6961039,41,False,1,1
2026-09-28T08:35:07Z,4169L84910C2,84910,C2,0,06006,06005,2026-09-28T11:12:00,61200,06006,E,37.672035,-1.6961039,41,False,1,1
2026-09-28T08:35:07Z,4169L32806C3,32806,C3,32,60913,60914,2026-09-28T10:35:00,60911,60913,E,38.39458,-0.5287673,41,False,3,1
2026-09-28T08:35:07Z,4169L24706C1,24706,C1,18,62104,62109,2026-09-28T10:50:00,60911,61200,S,38.289753,-0.58249927,41,False,1,1
2026-09-28T08:35:07Z,4169L24708C1,24708,C1,0,61200,62001,2026-09-28T11:04:00,60911,61200,E,37.974686,-1.131078,41,False,2,4
2026-09-28T08:35:07Z,4169L24707C1,24707,C1,30,62100,62003,2026-09-28T10:42:00,61200,60911,A,38.122574,-0.87431836,41,False,3,1
2026-09-28T08:35:07Z,4169L32807C3,32807,C3,8,60911,60914,2026-09-28T10:50:00,60913,60911,E,38.34453,-0.49558866,41,False,5,1
2026-09-28T08:35:07Z,4569L71612C1,71612,C1,0,05977,05975,2026-09-28T11:02:00,05951,05977,E,37.651886,-0.7968713,45,False,1,1
2026-09-28T08:35:07Z,4569L71610C1,71610,C1,3,05967,05965,2026-09-28T10:41:00,05951,05977,E,37.619843,-0.8648777,45,False,1,1
2026-09-28T08:35:07Z,4569L71613C1,71613,C1,2,05961,05963,2026-09-28T10:36:00,05977,05951,E,37.613777,-0.89144415,45,False,1,2
2026-09-28T08:35:07Z,4569L71615C1,71615,C1,0,05951,05952,2026-09-28T11:02:00,05977,05951,E,37.613777,-0.89144415,45,False,1,1
2026-09-28T08:35:07Z,7069L31510C1,31510,C1,24,70800,70801,2026-09-28T10:38:00,71100,70800,E,41.722748,-1.020138,70,False,31,2
2026-09-28T08:35:07Z,7069L31515C1,31515,C1,0,71100,70807,2026-09-28T10:50:00,70800,71100,E,41.633057,-0.86840355,70,False,3,1
2026-09-28T08:35:07Z,7069L31513C1,31513,C1,45,04040,70801,2026-09-28T10:43:00,70800,71100,S,41.66101,-0.91690177,70,False,7,1
2026-09-28T08:35:07Z,1069L20038C3,20038,C3,0,17000,18002,2026-09-28T10:51:00,60200,17000,E,40.471382,-3.6834786,10,True,2,8
2026-09-28T08:35:07Z,1069L19841C1,19841,C1,0,98305,98304,2026-09-28T10:44:00,17000,98305,E,40.4924,-3.593483,10,False,2,1
2026-09-28T08:35:07Z,1069L20444C4b,20444,C4b,11,17005,17004,2026-09-28T10:55:00,37012,17005,E,40.644844,-3.7762609,10,False,3,3
2026-09-28T08:35:07Z,1069L20797C5,20797,C5,6,35609,35608,2026-09-28T10:39:00,35607,35002,E,40.405067,-3.7026901,10,False,2,2
2026-09-28T08:35:07Z,1069L20796C5,20796,C5,6,35607,35606,2026-09-28T10:46:00,35002,35607,E,40.330883,-3.8823783,10,False,2,1
2026-09-28T08:35:07Z,1069L20442C4b,20442,C4b,6,17003,17009,2026-09-28T10:38:00,37012,17005,21.0,40.55425,-3.7126434,10,False,2,2
2026-09-28T08:35:07Z,1069L20037C3,20037,C3,5,60105,60104,2026-09-28T10:40:00,17000,60200,S,40.16521,-3.613247,10,False,1,1
2026-09-28T08:35:07Z,1069L19843C1,19843,C1,0,98305,98304,2026-09-28T10:59:00,17000,98305,E,40.4924,-3.593483,10,False,2,1
2026-09-28T08:35:07Z,1069L20036C3,20036,C3,1,18000,60100,2026-09-28T10:42:00,60200,17000,E,40.40654,-3.6895106,10,True,7,3
2026-09-28T08:35:07Z,1069L21530C2,21530,C2,8,70002,70003,2026-09-28T10:36:00,70200,17000,42.0,40.37844,-3.6635725,10,False,2,2
2026-09-28T08:35:07Z,1069L20794C5,20794,C5,2,35602,35601,2026-09-28T10:37:00,35002,35607,S,40.386257,-3.7610443,10,False,1,1
2026-09-28T08:35:07Z,1069L20035C3,20035,C3,8,60100,18000,2026-09-28T10:44:00,17000,60200,E,40.352676,-3.6839325,10,True,4,5
2026-09-28T08:35:07Z,1069L20034C3,20034,C3,2,60103,60104,2026-09-28T10:40:00,60200,17000,E,40.242844,-3.7038615,10,True,2,2
2026-09-28T08:35:07Z,1069L21122C10,21122,C10,1,10200,10104,2026-09-28T10:45:00,17000,10200,E,40.62599,-4.0081153,10,False,3,2
2026-09-28T08:35:07Z,1069L20792C5,20792,C5,0,35703,35704,2026-09-28T10:37:00,35002,35607,E,40.367134,-3.7043796,10,False,2,2
2026-09-28T08:35:07Z,1069L20440C4b,20440,C4b,2,18101,18000,2026-09-28T10:40:00,37012,17005,S,40.417023,-3.7031636,10,True,2,7
2026-09-28T08:35:07Z,1069L17151C8a,17151,C8a,23,10203,10204,2026-09-28T11:00:00,10206,10203,E,40.58532,-4.1321955,10,False,1,1
2026-09-28T08:35:07Z,1069L20449C4b,20449,C4b,0,17004,17005,2026-09-28T10:43:00,17005,37012,E,40.59852,-3.7158544,10,False,2,3
2026-09-28T08:35:07Z,1069L21019C8a,21019,C8a,5,17000,97201,2026-09-28T10:54:00,10203,17000,E,40.47113,-3.6828332,10,True,5,1
2026-09-28T08:35:07Z,1069L20446C4b,20446,C4b,0,17005,17004,2026-09-28T11:04:00,37012,17005,E,40.644844,-3.7762609,10,False,3,3
2026-09-28T08:35:07Z,1069L21120C10,21120,C10,6,10100,10005,2026-09-28T10:37:00,17000,10200,28.0,40.514614,-3.8778894,10,False,4,1
2026-09-28T08:35:07Z,1069L19618C5,19618,C5,1,35609,18000,2026-09-28T10:39:00,35012,35607,A,40.406326,-3.6896772,10,False,1,10
2026-09-28T08:35:07Z,1069L20790C5,20790,C5,3,35010,35002,2026-09-28T10:37:00,35002,35607,28.0,40.293,-3.7944367,10,False,2,2
2026-09-28T08:35:07Z,1069L21529C2,21529,C2,2,70105,70104,2026-09-28T10:40:00,10203,70200,A,40.53455,-3.2985828,10,False,1,1
2026-09-28T08:35:07Z,1069L19619C5,19619,C5,3,35606,35607,2026-09-28T10:39:00,35607,35012,E,40.34132,-3.7123663,10,False,2,2
2026-09-28T08:35:07Z,1069L20438C4b,20438,C4b,5,37001,37010,2026-09-28T10:37:00,37012,17005,E,40.34132,-3.7123663,10,True,2,2
2026-09-28T08:35:07Z,1069L21527C2,21527,C2,3,18000,18001,2026-09-28T10:36:00,10203,70200,E,40.40667,-3.689395,10,False,2,1
2026-09-28T08:35:07Z,1069L19616C5,19616,C5,1,35009,35001,2026-09-28T10:37:00,35012,35607,A,40.328766,-3.7714624,10,False,2,2
2026-09-28T08:35:07Z,1069L20799C5,20799,C5,3,37001,35704,2026-09-28T10:38:00,35607,35002,A,40.35043,-3.705141,10,False,0,1
2026-09-28T08:35:07Z,1069L20258C4a,20258,C4a,0,19003,19002,2026-09-28T10:55:00,37012,19003,E,40.546417,-3.6351175,10,True,2,2
2026-09-28T08:35:07Z,1069L20798C5,20798,C5,0,35607,35606,2026-09-28T11:00:00,35002,35607,E,40.330883,-3.8823783,10,False,2,1
2026-09-28T08:35:07Z,1069L20039C3,20039,C3,0,60200,60105,2026-09-28T11:00:00,17000,60200,E,40.035027,-3.6189713,10,False,1,1
2026-09-28T08:35:07Z,1069L20256C4a,20256,C4a,0,19003,19002,2026-09-28T10:35:00,37012,19003,85.0,40.54664,-3.6514726,10,True,2,2
2026-09-28T08:35:07Z,1069L20255C4a,20255,C4a,0,37012,37011,2026-09-28T11:09:00,19003,37012,E,40.24143,-3.769159,10,False,1,1
2026-09-28T08:35:07Z,1069L21017C8a,21017,C8a,11,10202,10203,2026-09-28T10:43:00,10206,17000,9.0,40.60797,-4.054909,10,False,1,1
2026-09-28T08:35:07Z,1069L21016C8a,21016,C8a,16,10201,10200,2026-09-28T10:40:00,70200,10203,E,40.61781,-4.031033,10,False,2,2
2026-09-28T08:35:07Z,1069L20254C4a,20254,C4a,1,17000,18002,2026-09-28T10:38:00,37012,19003,21.0,40.46557,-3.6838398,10,True,2,8
2026-09-28T08:35:07Z,1069L19621C5,19621,C5,21,18003,18000,2026-09-28T10:38:00,35607,35012,S,40.39592,-3.6779969,10,False,1,9
2026-09-28T08:35:07Z,1069L20253C4a,20253,C4a,0,37012,37011,2026-09-28T10:49:00,19003,37012,E,40.24143,-3.769159,10,False,1,1
2026-09-28T08:35:07Z,1069L21220C10,21220,C10,0,17000,18002,2026-09-28T11:04:00,10200,17000,E,40.470848,-3.682503,10,False,8,4
2026-09-28T08:35:07Z,1069L21820C7,21820,C7,3,10005,97100,2026-09-28T10:46:00,70103,10000,E,40.494404,-3.8680198,10,False,2,2
2026-09-28T08:35:07Z,1069L20252C4a,20252,C4a,0,60100,37001,2026-09-28T10:38:00,37012,19003,A,40.34132,-3.7123663,10,True,1,2
2026-09-28T08:35:07Z,1069L20251C4a,20251,C4a,12,37012,37011,2026-09-28T10:40:00,19003,37012,E,40.24143,-3.769159,10,False,1,1
2026-09-28T08:35:07Z,1069L20455C4b,20455,C4b,4,37012,37011,2026-09-28T10:41:00,17005,37012,S,40.247055,-3.766885,10,True,2,1
2026-09-28T08:35:07Z,1069L20250C4a,20250,C4a,10,37002,37011,2026-09-28T10:37:00,37012,19003,28.0,40.30407,-3.7356026,10,True,2,2
2026-09-28T08:35:07Z,1069L19620C5,19620,C5,0,35605,35604,2026-09-28T10:38:00,35012,35607,A,40.356674,-3.8156087,10,False,1,1
2026-09-28T08:35:07Z,1069L80681C9,80681,C9,59,12006,12020,2026-09-28T11:00:00,12023,12006,E,40.73769,-4.0657763,10,False,1,1
2026-09-28T08:35:07Z,1069L19623C5,19623,C5,18,35001,35009,2026-09-28T10:37:00,35607,35012,E,40.328766,-3.7714624,10,False,1,1
2026-09-28T08:35:07Z,1069L80680C9,80680,C9,0,12023,12020,2026-09-28T10:59:00,12006,12023,E,40.82242,-3.9645553,10,False,2,2
2026-09-28T08:35:07Z,1069L19622C5,19622,C5,0,35607,35606,2026-09-28T10:50:00,35012,35607,E,40.330883,-3.8823783,10,False,2,1
2026-09-28T08:35:07Z,1069L21118C10,21118,C10,4,18003,18000,2026-09-28T10:40:00,17000,10200,S,40.395943,-3.677964,10,False,1,1
2026-09-28T08:35:07Z,1069L20453C4b,20453,C4b,3,60100,18000,2026-09-28T10:45:00,17005,37012,S,40.352676,-3.684073,10,True,2,5
2026-09-28T08:35:07Z,1069L21610C2,21610,C2,10,70111,70103,2026-09-28T10:41:00,70200,17000,E,40.489193,-3.3662832,10,False,2,1
2026-09-28T08:35:07Z,1069L20803C5,20803,C5,0,35002,35010,2026-09-28T11:01:00,35607,35002,E,40.283237,-3.7991464,10,False,1,1
2026-09-28T08:35:07Z,1069L21737C2,21737,C2,0,70103,70111,2026-09-28T10:46:00,17000,70103,E,40.489193,-3.3662832,10,False,4,1
2026-09-28T08:35:07Z,1069L20801C5,20801,C5,0,35002,35010,2026-09-28T10:41:00,35607,35002,E,40.283237,-3.7991464,10,False,1,1
2026-09-28T08:35:07Z,1069L21615C2,21615,C2,5,70200,70105,2026-09-28T11:09:00,12006,70200,E,40.644257,-3.1823237,10,False,6,1
2026-09-28T08:35:07Z,1069L21218C10,21218,C10,1,17000,18002,2026-09-28T10:38:00,10200,17000,E,40.470848,-3.682503,10,False,8,4
2026-09-28T08:35:07Z,1069L21735C2,21735,C2,9,70108,70100,2026-09-28T10:39:00,17000,70103,E,40.423397,-3.561349,10,False,1,1
2026-09-28T08:35:07Z,1069L21613C2,21613,C2,0,70101,70108,2026-09-28T10:39:00,12006,70200,A,40.423397,-3.561349,10,False,1,1
2026-09-28T08:35:07Z,1069L20249C4a,20249,C4a,5,18000,18101,2026-09-28T10:37:00,19003,37012,E,40.417023,-3.7031636,10,True,5,1
2026-09-28T08:35:07Z,1069L21612C2,21612,C2,0,17000,18002,2026-09-28T10:41:00,70200,17000,E,40.47097,-3.68245,10,False,9,2
2026-09-28T08:35:07Z,1069L20451C4b,20451,C4b,7,18002,17000,2026-09-28T10:42:00,17005,37012,S,40.4466,-3.6920877,10,True,6,5
2026-09-28T08:35:07Z,1069L21216C10,21216,C10,23,18001,18000,2026-09-28T10:40:00,10200,17000,E,40.42352,-3.6912522,10,False,2,4
2026-09-28T08:35:07Z,1069L21733C2,21733,C2,9,18001,18002,2026-09-28T10:39:00,17000,70103,E,40.42352,-3.6912522,10,False,1,1
2026-09-28T08:35:07Z,1069L21827C7,21827,C7,1,70002,18000,2026-09-28T10:41:00,10000,70103,E,40.381805,-3.6681077,10,True,1,2
2026-09-28T08:35:07Z,1069L20248C4a,20248,C4a,18,37012,37012,2026-09-28T10:35:00,37012,19003,A,40.24143,-3.769159,10,True,2,2
2026-09-28T08:35:07Z,1069L19838C1,19838,C1,0,17000,98003,2026-09-28T10:54:00,98305,17000,E,40.47102,-3.6825693,10,False,12,2
2026-09-28T08:35:07Z,1069L21825C7,21825,C7,6,17000,97201,2026-09-28T10:37:00,10000,70108,14.0,40.47848,-3.6798072,10,False,11,1
2026-09-28T08:35:07Z,1069L19839C1,19839,C1,5,98304,98003,2026-09-28T10:40:00,17000,98305,14.0,40.48186,-3.6229646,10,False,1,1
2026-09-28T08:35:07Z,1069L19834C1,19834,C1,0,98305,98305,2026-09-28T10:35:00,98305,17000,A,40.4924,-3.593483,10,False,2,2
2026-09-28T08:35:07Z,1069L19836C1,19836,C1,0,17000,98003,2026-09-28T10:39:00,98305,17000,E,40.47102,-3.6825693,10,False,12,2
2026-09-28T08:35:07Z,1069L20614C8b,20614,C8b,3,12006,12005,2026-09-28T10:38:00,70200,12006,E,40.737614,-4.0662985,10,False,2,1
2026-09-28T08:35:07Z,1069L21323C10,21323,C10,0,10100,10005,2026-09-28T10:47:00,17000,10100,E,40.52248,-3.8818293,10,False,5,1
2026-09-28T08:35:07Z,1069L21823C7,21823,C7,6,10001,10000,2026-09-28T10:41:00,10000,70103,E,40.42163,-3.7193205,10,True,1,1
2026-09-28T08:35:07Z,1069L21322C10,21322,C10,0,17000,18002,2026-09-28T10:51:00,10100,17000,E,40.470848,-3.682503,10,False,8,4
2026-09-28T08:35:07Z,1069L21822C7,21822,C7,0,10000,10001,2026-09-28T10:45:00,70103,10000,E,40.42163,-3.7193205,10,False,4,2
2026-09-28T08:35:07Z,1069L20612C8b,20612,C8b,0,17000,17000,2026-09-28T10:36:00,70200,12006,A,40.47113,-3.6828332,10,False,8,8
2026-09-28T08:35:07Z,1069L20457C4b,20457,C4b,0,37012,37011,2026-09-28T11:00:00,17005,37012,E,40.24143,-3.769159,10,True,2,1
2026-09-28T08:35:07Z,1069L21321C10,21321,C10,2,10001,10000,2026-09-28T10:41:00,17000,10002,S,40.448578,-3.7855594,10,False,1,1
2026-09-28T08:35:07Z,1069L20611C8b,20611,C8b,9,97100,10100,2026-09-28T10:45:00,12006,17000,7.0,40.49308,-3.7371814,10,False,1,3
2026-09-28T08:35:07Z,1069L20609C8b,20609,C8b,21,12005,12006,2026-09-28T10:41:00,12006,17000,E,40.706673,-4.066966,10,False,1,2
2026-09-28T08:35:07Z,1069L21320C10,21320,C10,2,18000,18003,2026-09-28T10:36:00,10100,17000,42.0,40.401703,-3.683689,10,False,4,2
2026-09-28T08:35:07Z,1069L21724C2,21724,C2,11,18001,18000,2026-09-28T10:40:00,70103,17000,A,40.40667,-3.689395,10,False,2,3
2026-09-28T08:35:07Z,1069L21818C7,21818,C7,6,18002,18001,2026-09-28T10:38:00,70103,10000,E,40.44655,-3.691473,10,True,2,2
2026-09-28T08:35:07Z,1069L21722C2,21722,C2,8,70101,70102,2026-09-28T10:39:00,70103,17000,E,40.44277,-3.5339844,10,False,2,2
2026-09-28T08:35:07Z,1069L20247C4a,20247,C4a,1,17009,19001,2026-09-28T10:38:00,19003,37012,S,40.54373,-3.7003317,10,True,1,1
2026-09-28T08:35:07Z,1069L19625C5,19625,C5,4,35010,35011,2026-09-28T10:37:00,35607,35012,S,40.300663,-3.7901833,10,False,1,1
2026-09-28T08:35:07Z,1069L21214C10,21214,C10,3,10104,10200,2026-09-28T10:40:00,10200,17000,A,40.62599,-4.0081153,10,False,1,4
2026-09-28T08:35:07Z,1069L19627C5,19627,C5,0,35012,35002,2026-09-28T10:50:00,35607,35012,E,40.25559,-3.8284667,10,False,1,1
2026-09-28T08:35:07Z,1069L21831C7,21831,C7,0,70103,70111,2026-09-28T11:00:00,10000,70103,E,40.4889,-3.3666708,10,False,5,1
2026-09-28T08:35:07Z,1069L21318C10,21318,C10,14,10010,10007,2026-09-28T10:39:00,10100,17000,A,40.474438,-3.846226,10,True,2,2
2026-09-28T08:35:07Z,1069L21829C7,21829,C7,5,70103,70111,2026-09-28T10:42:00,10000,70103,E,40.4889,-3.3666708,10,False,2,1
